DATETIME,baseline
2019-01-01 00:00:00,7186.7179605948095
2019-01-01 00:30:00,7024.813634158569
2019-01-01 01:00:00,6807.040915445414
2019-01-01 01:30:00,6607.371432365472
2019-01-01 02:00:00,6368.823019110965
2019-01-01 02:30:00,6266.287461294499
2019-01-01 03:00:00,6161.58563852515
2019-01-01 03:30:00,6150.147498968746
2019-01-01 04:00:00,6110.643825932605
2019-01-01 04:30:00,6186.011201597278
2019-01-01 05:00:00,6300.97096226348
2019-01-01 05:30:00,6444.476203517875
2019-01-01 06:00:00,6798.541447792642
2019-01-01 06:30:00,6949.089103483842
2019-01-01 07:00:00,7386.3486839582465
2019-01-01 07:30:00,7562.790049918336
2019-01-01 08:00:00,7890.999300969037
2019-01-01 08:30:00,8138.046184540467
2019-01-01 09:00:00,8341.37377612902
2019-01-01 09:30:00,8407.391395866201
2019-01-01 10:00:00,8519.277935053338
2019-01-01 10:30:00,8585.619962411902
2019-01-01 11:00:00,8774.301876370322
2019-01-01 11:30:00,8932.590545396002
2019-01-01 12:00:00,9082.712843353476
2019-01-01 12:30:00,9264.224375315418
2019-01-01 13:00:00,9424.725290464166
2019-01-01 13:30:00,9519.306308335144
2019-01-01 14:00:00,9561.890363076796
2019-01-01 14:30:00,9747.888952058429
2019-01-01 15:00:00,9810.781738850117
2019-01-01 15:30:00,9834.791728425176
2019-01-01 16:00:00,9786.215428895775
2019-01-01 16:30:00,9656.467981801818
2019-01-01 17:00:00,9530.299728393455
2019-01-01 17:30:00,9268.344418180852
2019-01-01 18:00:00,9083.723432523842
2019-01-01 18:30:00,8770.73432149738
2019-01-01 19:00:00,8540.147032504776
2019-01-01 19:30:00,8377.866064767624
2019-01-01 20:00:00,8198.444613601845
2019-01-01 20:30:00,8032.754456135382
2019-01-01 21:00:00,7861.332905981163
2019-01-01 21:30:00,7910.64363375422
2019-01-01 22:00:00,7760.058083078529
2019-01-01 22:30:00,7758.88002021213
2019-01-01 23:00:00,7574.291359173619
2019-01-01 23:30:00,7435.833285373377
2019-01-02 00:00:00,7812.032554667477
2019-01-02 00:30:00,7695.734593785435
2019-01-02 01:00:00,7414.888098955197
2019-01-02 01:30:00,7168.987238959364
2019-01-02 02:00:00,6858.881262018648
2019-01-02 02:30:00,6737.629270328714
2019-01-02 03:00:00,6567.339862270346
2019-01-02 03:30:00,6506.590994940885
2019-01-02 04:00:00,6439.3828331995555
2019-01-02 04:30:00,6434.802816600781
2019-01-02 05:00:00,6505.388958283332
2019-01-02 05:30:00,6532.901274233961
2019-01-02 06:00:00,6761.92934106702
2019-01-02 06:30:00,6841.563993543986
2019-01-02 07:00:00,7097.353590301625
2019-01-02 07:30:00,7269.315957584584
2019-01-02 08:00:00,7522.585885605428
2019-01-02 08:30:00,7726.151258380339
2019-01-02 09:00:00,7964.717707260133
2019-01-02 09:30:00,8166.067070444448
2019-01-02 10:00:00,8386.04340632377
2019-01-02 10:30:00,8561.744625141007
2019-01-02 11:00:00,8700.156061043295
2019-01-02 11:30:00,8854.627036815127
2019-01-02 12:00:00,9018.662185280382
2019-01-02 12:30:00,9160.954874352958
2019-01-02 13:00:00,9271.278271024657
2019-01-02 13:30:00,9399.732342403882
2019-01-02 14:00:00,9534.38097875278
2019-01-02 14:30:00,9648.025014320681
2019-01-02 15:00:00,9783.33345188156
2019-01-02 15:30:00,9897.44463830484
2019-01-02 16:00:00,10052.362751106164
2019-01-02 16:30:00,10180.11379174975
2019-01-02 17:00:00,10361.923953042464
2019-01-02 17:30:00,10404.473143941572
2019-01-02 18:00:00,10402.646557594062
2019-01-02 18:30:00,10271.081096066871
2019-01-02 19:00:00,10033.247552048004
2019-01-02 19:30:00,9843.904497197114
2019-01-02 20:00:00,9684.943261523607
2019-01-02 20:30:00,9534.390996927268
2019-01-02 21:00:00,9248.902612753918
2019-01-02 21:30:00,9056.944730809448
2019-01-02 22:00:00,8686.175443135844
2019-01-02 22:30:00,8569.6266621684
2019-01-02 23:00:00,8256.020192811608
2019-01-02 23:30:00,8064.306072022779
2019-01-03 00:00:00,7797.398741601689
2019-01-03 00:30:00,7595.227762463157
2019-01-03 01:00:00,7317.66790851696
2019-01-03 01:30:00,7097.631523658184
2019-01-03 02:00:00,6818.2704651264385
2019-01-03 02:30:00,6713.309625879157
2019-01-03 03:00:00,6582.789662190244
2019-01-03 03:30:00,6585.185531422051
2019-01-03 04:00:00,6599.880265427813
2019-01-03 04:30:00,6711.7506389666305
2019-01-03 05:00:00,6845.990393378183
2019-01-03 05:30:00,7049.221495442985
2019-01-03 06:00:00,7444.143737399139
2019-01-03 06:30:00,7667.70462483556
2019-01-03 07:00:00,8078.925124715282
2019-01-03 07:30:00,8295.921256937454
2019-01-03 08:00:00,8606.55566585232
2019-01-03 08:30:00,8771.82482961372
2019-01-03 09:00:00,8981.483923628059
2019-01-03 09:30:00,9108.700639531595
2019-01-03 10:00:00,9277.085691254386
2019-01-03 10:30:00,9462.11448979704
2019-01-03 11:00:00,9599.820267871899
2019-01-03 11:30:00,9737.46903883127
2019-01-03 12:00:00,9865.138678472791
2019-01-03 12:30:00,9966.109846100393
2019-01-03 13:00:00,10118.62598675902
2019-01-03 13:30:00,10246.629829301351
2019-01-03 14:00:00,10371.345423673418
2019-01-03 14:30:00,10565.488275330481
2019-01-03 15:00:00,10556.77996837744
2019-01-03 15:30:00,10456.40439991252
2019-01-03 16:00:00,10458.35400742979
2019-01-03 16:30:00,10282.82213988659
2019-01-03 17:00:00,10296.20937667913
2019-01-03 17:30:00,10149.71511705486
2019-01-03 18:00:00,10158.391546207373
2019-01-03 18:30:00,9984.581929359349
2019-01-03 19:00:00,9763.959544567202
2019-01-03 19:30:00,9665.000545940737
2019-01-03 20:00:00,9497.415406555898
2019-01-03 20:30:00,9357.033868562816
2019-01-03 21:00:00,9029.404797014897
2019-01-03 21:30:00,8934.654427869882
2019-01-03 22:00:00,8567.926400217038
2019-01-03 22:30:00,8480.971082832206
2019-01-03 23:00:00,8191.497797174187
2019-01-03 23:30:00,8045.7959183723015
2019-01-04 00:00:00,7780.068075503958
2019-01-04 00:30:00,7598.657561463659
2019-01-04 01:00:00,7336.564616914105
2019-01-04 01:30:00,7133.36537707293
2019-01-04 02:00:00,6839.306968486402
2019-01-04 02:30:00,6757.6843050237185
2019-01-04 03:00:00,6636.253414088169
2019-01-04 03:30:00,6604.901228681618
2019-01-04 04:00:00,6589.249861781396
2019-01-04 04:30:00,6666.191490723661
2019-01-04 05:00:00,6818.872055629414
2019-01-04 05:30:00,7016.123493275474
2019-01-04 06:00:00,7362.064023985092
2019-01-04 06:30:00,7598.966966060478
2019-01-04 07:00:00,8080.197561456031
2019-01-04 07:30:00,8284.806135138724
2019-01-04 08:00:00,8558.413729806573
2019-01-04 08:30:00,8706.46975252791
2019-01-04 09:00:00,8791.649329510385
2019-01-04 09:30:00,8913.479353066072
2019-01-04 10:00:00,9008.484394831457
2019-01-04 10:30:00,9085.283280539725
2019-01-04 11:00:00,9215.654098780022
2019-01-04 11:30:00,9310.626052878604
2019-01-04 12:00:00,9447.984973341312
2019-01-04 12:30:00,9526.28452479119
2019-01-04 13:00:00,9539.41733068192
2019-01-04 13:30:00,9642.609762083706
2019-01-04 14:00:00,9736.236481315143
2019-01-04 14:30:00,9887.33999267002
2019-01-04 15:00:00,10014.122917349418
2019-01-04 15:30:00,10152.386836581754
2019-01-04 16:00:00,10263.006899748754
2019-01-04 16:30:00,10196.354582628326
2019-01-04 17:00:00,10178.787806238852
2019-01-04 17:30:00,10011.995800533765
2019-01-04 18:00:00,9977.360715442243
2019-01-04 18:30:00,9870.76172140294
2019-01-04 19:00:00,9679.759585300615
2019-01-04 19:30:00,9603.464966854943
2019-01-04 20:00:00,9480.091799387925
2019-01-04 20:30:00,9328.963484739179
2019-01-04 21:00:00,9008.664295909408
2019-01-04 21:30:00,8893.864373677181
2019-01-04 22:00:00,8652.501203457668
2019-01-04 22:30:00,8506.292430301397
2019-01-04 23:00:00,8242.730422209203
2019-01-04 23:30:00,8074.329673911104
2019-01-05 00:00:00,7275.432575446719
2019-01-05 00:30:00,7111.262632832148
2019-01-05 01:00:00,6815.640591506008
2019-01-05 01:30:00,6626.371301258275
2019-01-05 02:00:00,6304.188055539947
2019-01-05 02:30:00,6234.507798896261
2019-01-05 03:00:00,6086.749890873415
2019-01-05 03:30:00,6100.84195574396
2019-01-05 04:00:00,6092.178964854844
2019-01-05 04:30:00,6203.751538812318
2019-01-05 05:00:00,6352.344041268544
2019-01-05 05:30:00,6561.141695322409
2019-01-05 06:00:00,6959.11848484186
2019-01-05 06:30:00,7191.652486904861
2019-01-05 07:00:00,7611.534006903128
2019-01-05 07:30:00,7809.043500631522
2019-01-05 08:00:00,8055.854123197724
2019-01-05 08:30:00,8256.22220517534
2019-01-05 09:00:00,8448.31812488874
2019-01-05 09:30:00,8566.286102786427
2019-01-05 10:00:00,8738.95862571024
2019-01-05 10:30:00,8873.079621721723
2019-01-05 11:00:00,9009.449476423866
2019-01-05 11:30:00,9133.259806757063
2019-01-05 12:00:00,9251.194008427077
2019-01-05 12:30:00,9416.367408450424
2019-01-05 13:00:00,9531.851480678444
2019-01-05 13:30:00,9674.232697492142
2019-01-05 14:00:00,9826.61123232422
2019-01-05 14:30:00,10018.358037682297
2019-01-05 15:00:00,10221.25834825795
2019-01-05 15:30:00,10358.041150858957
2019-01-05 16:00:00,10562.865413528845
2019-01-05 16:30:00,10667.02944011578
2019-01-05 17:00:00,10755.793738594546
2019-01-05 17:30:00,10588.672071084491
2019-01-05 18:00:00,10586.134572725961
2019-01-05 18:30:00,10356.251868885307
2019-01-05 19:00:00,10055.841757082195
2019-01-05 19:30:00,9944.07240146502
2019-01-05 20:00:00,9806.794264765605
2019-01-05 20:30:00,9676.350200587318
2019-01-05 21:00:00,9323.479038172241
2019-01-05 21:30:00,9105.117924512699
2019-01-05 22:00:00,8713.743228088206
2019-01-05 22:30:00,8554.315594416687
2019-01-05 23:00:00,8226.076321797987
2019-01-05 23:30:00,7995.057280403289
2019-01-06 00:00:00,7878.810233952388
2019-01-06 00:30:00,7621.911777215491
2019-01-06 01:00:00,7249.2470890254435
2019-01-06 01:30:00,7013.997241947219
2019-01-06 02:00:00,6710.791113276487
2019-01-06 02:30:00,6619.169701576375
2019-01-06 03:00:00,6448.134892191565
2019-01-06 03:30:00,6402.811208946393
2019-01-06 04:00:00,6355.040079111105
2019-01-06 04:30:00,6384.3482332928925
2019-01-06 05:00:00,6474.039117984722
2019-01-06 05:30:00,6542.275374404293
2019-01-06 06:00:00,6810.9444372995
2019-01-06 06:30:00,7000.71029060162
2019-01-06 07:00:00,7461.418750803818
2019-01-06 07:30:00,7714.7769424123035
2019-01-06 08:00:00,8143.1303138856265
2019-01-06 08:30:00,8482.157683161146
2019-01-06 09:00:00,8812.770969284076
2019-01-06 09:30:00,9067.971978619664
2019-01-06 10:00:00,9324.775897061685
2019-01-06 10:30:00,9570.68644307907
2019-01-06 11:00:00,9648.717771677428
2019-01-06 11:30:00,9816.197530790916
2019-01-06 12:00:00,9936.8068515766
2019-01-06 12:30:00,10024.967662213498
2019-01-06 13:00:00,10066.01685574143
2019-01-06 13:30:00,9971.744145818973
2019-01-06 14:00:00,9907.715088661807
2019-01-06 14:30:00,9693.877326083546
2019-01-06 15:00:00,9623.160620123279
2019-01-06 15:30:00,9560.935890346076
2019-01-06 16:00:00,9423.35037911835
2019-01-06 16:30:00,9299.478951429695
2019-01-06 17:00:00,9239.98781843563
2019-01-06 17:30:00,9052.892812466136
2019-01-06 18:00:00,8986.325060077694
2019-01-06 18:30:00,8764.412013454843
2019-01-06 19:00:00,8494.65548816061
2019-01-06 19:30:00,8446.409492218962
2019-01-06 20:00:00,8262.24047792654
2019-01-06 20:30:00,8101.4131964350545
2019-01-06 21:00:00,7863.403230674838
2019-01-06 21:30:00,7781.4880218144
2019-01-06 22:00:00,7562.395668456283
2019-01-06 22:30:00,7476.719431859492
2019-01-06 23:00:00,7284.989965554325
2019-01-06 23:30:00,7150.194528660587
2019-01-07 00:00:00,7833.655263619777
2019-01-07 00:30:00,7695.635105543082
2019-01-07 01:00:00,7427.176169252322
2019-01-07 01:30:00,7263.945782532096
2019-01-07 02:00:00,7030.412674508116
2019-01-07 02:30:00,6931.510341399146
2019-01-07 03:00:00,6823.108765316078
2019-01-07 03:30:00,6831.437496537859
2019-01-07 04:00:00,6806.810387919265
2019-01-07 04:30:00,6812.3769399083285
2019-01-07 05:00:00,6916.2973785211125
2019-01-07 05:30:00,6964.981290186307
2019-01-07 06:00:00,7177.408091882024
2019-01-07 06:30:00,7309.232254769998
2019-01-07 07:00:00,7613.984190731071
2019-01-07 07:30:00,7709.280552451033
2019-01-07 08:00:00,7981.09756307131
2019-01-07 08:30:00,8081.335642485818
2019-01-07 09:00:00,8240.343008237973
2019-01-07 09:30:00,8290.369902205639
2019-01-07 10:00:00,8306.490301725642
2019-01-07 10:30:00,8313.869613964349
2019-01-07 11:00:00,8285.602375196542
2019-01-07 11:30:00,8204.373275053256
2019-01-07 12:00:00,8181.057343280029
2019-01-07 12:30:00,8154.307350674327
2019-01-07 13:00:00,8113.797605186831
2019-01-07 13:30:00,8088.41014399388
2019-01-07 14:00:00,8107.385653755253
2019-01-07 14:30:00,8160.024747724706
2019-01-07 15:00:00,8244.706260317269
2019-01-07 15:30:00,8313.818348183933
2019-01-07 16:00:00,8436.466718819258
2019-01-07 16:30:00,8531.733845407387
2019-01-07 17:00:00,8701.537698366674
2019-01-07 17:30:00,8758.077936214682
2019-01-07 18:00:00,8826.020134251981
2019-01-07 18:30:00,8794.808064987632
2019-01-07 19:00:00,8720.15792819305
2019-01-07 19:30:00,8692.214932515808
2019-01-07 20:00:00,8613.23557842117
2019-01-07 20:30:00,8541.228431176518
2019-01-07 21:00:00,8326.480426573124
2019-01-07 21:30:00,8248.062935183118
2019-01-07 22:00:00,8069.72393449295
2019-01-07 22:30:00,8018.265530481692
2019-01-07 23:00:00,7797.0188152216915
2019-01-07 23:30:00,7688.943958734648
2019-01-08 00:00:00,7067.460915567067
2019-01-08 00:30:00,7014.681705455411
2019-01-08 01:00:00,6813.4581952672415
2019-01-08 01:30:00,6654.360223400692
2019-01-08 02:00:00,6423.6237839248515
2019-01-08 02:30:00,6371.673425764345
2019-01-08 03:00:00,6267.18530667318
2019-01-08 03:30:00,6299.696005835851
2019-01-08 04:00:00,6303.954075880639
2019-01-08 04:30:00,6473.326419363885
2019-01-08 05:00:00,6697.413923446466
2019-01-08 05:30:00,6931.7020384282705
2019-01-08 06:00:00,7360.2640811042065
2019-01-08 06:30:00,7560.762416135298
2019-01-08 07:00:00,7976.499208166543
2019-01-08 07:30:00,8149.455346836724
2019-01-08 08:00:00,8418.517414221216
2019-01-08 08:30:00,8597.448608405
2019-01-08 09:00:00,8712.141002504346
2019-01-08 09:30:00,8696.344431302734
2019-01-08 10:00:00,8747.71092411091
2019-01-08 10:30:00,8713.746538702573
2019-01-08 11:00:00,8746.707808300127
2019-01-08 11:30:00,8767.839660515683
2019-01-08 12:00:00,8739.717518284973
2019-01-08 12:30:00,8797.241664431478
2019-01-08 13:00:00,8754.134659147336
2019-01-08 13:30:00,8758.87696809039
2019-01-08 14:00:00,8742.921106163416
2019-01-08 14:30:00,8762.818229995079
2019-01-08 15:00:00,8857.570096547706
2019-01-08 15:30:00,8867.155732355455
2019-01-08 16:00:00,8938.352934976456
2019-01-08 16:30:00,8959.046871468465
2019-01-08 17:00:00,9078.447189159173
2019-01-08 17:30:00,8967.7131531744
2019-01-08 18:00:00,9050.27385954691
2019-01-08 18:30:00,8947.401403928541
2019-01-08 19:00:00,8857.579530226865
2019-01-08 19:30:00,8838.78688172562
2019-01-08 20:00:00,8760.46177412451
2019-01-08 20:30:00,8654.903353901196
2019-01-08 21:00:00,8411.523617811614
2019-01-08 21:30:00,8381.155340703557
2019-01-08 22:00:00,8163.327127928342
2019-01-08 22:30:00,8146.305514364388
2019-01-08 23:00:00,7975.238122327604
2019-01-08 23:30:00,7832.824866223105
2019-01-09 00:00:00,7655.943017980576
2019-01-09 00:30:00,7504.1481437249595
2019-01-09 01:00:00,7207.920817214583
2019-01-09 01:30:00,7073.026989490995
2019-01-09 02:00:00,6765.208804930686
2019-01-09 02:30:00,6659.229568069489
2019-01-09 03:00:00,6570.127534842052
2019-01-09 03:30:00,6567.045556893094
2019-01-09 04:00:00,6608.655025873454
2019-01-09 04:30:00,6717.071857278813
2019-01-09 05:00:00,6924.752896070405
2019-01-09 05:30:00,7210.226418775995
2019-01-09 06:00:00,7605.377304615475
2019-01-09 06:30:00,7826.773593795208
2019-01-09 07:00:00,8254.562851310196
2019-01-09 07:30:00,8444.904754664722
2019-01-09 08:00:00,8759.595363805489
2019-01-09 08:30:00,8882.448393880228
2019-01-09 09:00:00,8949.211963662372
2019-01-09 09:30:00,9014.213812877433
2019-01-09 10:00:00,9092.025262713036
2019-01-09 10:30:00,9129.130918679622
2019-01-09 11:00:00,9183.598054701852
2019-01-09 11:30:00,9234.06992332282
2019-01-09 12:00:00,9286.362501278116
2019-01-09 12:30:00,9358.866679788427
2019-01-09 13:00:00,9512.430630259976
2019-01-09 13:30:00,9563.451118547688
2019-01-09 14:00:00,9720.968152734013
2019-01-09 14:30:00,9830.604772318124
2019-01-09 15:00:00,10057.261625291641
2019-01-09 15:30:00,10223.71936028662
2019-01-09 16:00:00,10288.28265199535
2019-01-09 16:30:00,10265.9160713959
2019-01-09 17:00:00,10322.728153467466
2019-01-09 17:30:00,10132.046725219245
2019-01-09 18:00:00,10130.33084281493
2019-01-09 18:30:00,9924.246406684495
2019-01-09 19:00:00,9806.360970273652
2019-01-09 19:30:00,9695.226312039726
2019-01-09 20:00:00,9506.556299935273
2019-01-09 20:30:00,9315.407720831674
2019-01-09 21:00:00,8945.264124767244
2019-01-09 21:30:00,8796.128430009356
2019-01-09 22:00:00,8509.055249222207
2019-01-09 22:30:00,8407.636479849505
2019-01-09 23:00:00,8172.585636211575
2019-01-09 23:30:00,7975.255356845945
2019-01-10 00:00:00,7859.867730816212
2019-01-10 00:30:00,7645.833186578252
2019-01-10 01:00:00,7416.897951687961
2019-01-10 01:30:00,7164.427082294289
2019-01-10 02:00:00,6900.631323989035
2019-01-10 02:30:00,6831.920035438703
2019-01-10 03:00:00,6689.312939883449
2019-01-10 03:30:00,6660.090863418164
2019-01-10 04:00:00,6701.090438309148
2019-01-10 04:30:00,6854.602309076355
2019-01-10 05:00:00,7042.801963557757
2019-01-10 05:30:00,7276.042268726638
2019-01-10 06:00:00,7707.915110302035
2019-01-10 06:30:00,7942.025992734421
2019-01-10 07:00:00,8346.774874046154
2019-01-10 07:30:00,8530.325183049274
2019-01-10 08:00:00,8753.398989395067
2019-01-10 08:30:00,8856.126074687643
2019-01-10 09:00:00,9093.405561504012
2019-01-10 09:30:00,9191.038499846492
2019-01-10 10:00:00,9349.77599606045
2019-01-10 10:30:00,9466.891141058746
2019-01-10 11:00:00,9546.275960326751
2019-01-10 11:30:00,9603.463208671352
2019-01-10 12:00:00,9645.26508423997
2019-01-10 12:30:00,9718.172689158408
2019-01-10 13:00:00,9835.880652252406
2019-01-10 13:30:00,9863.924665851291
2019-01-10 14:00:00,9918.95557174171
2019-01-10 14:30:00,9943.737747750423
2019-01-10 15:00:00,9949.40418797695
2019-01-10 15:30:00,9992.56590005723
2019-01-10 16:00:00,10046.379788018503
2019-01-10 16:30:00,9938.051484354266
2019-01-10 17:00:00,9940.753218913776
2019-01-10 17:30:00,9763.925348564047
2019-01-10 18:00:00,9685.661400536866
2019-01-10 18:30:00,9543.747334578547
2019-01-10 19:00:00,9371.432220150684
2019-01-10 19:30:00,9296.851971124805
2019-01-10 20:00:00,9197.210542761784
2019-01-10 20:30:00,9075.916825759494
2019-01-10 21:00:00,8749.1928207905
2019-01-10 21:30:00,8593.659095000605
2019-01-10 22:00:00,8343.558690034772
2019-01-10 22:30:00,8249.560958213133
2019-01-10 23:00:00,8051.9774716375605
2019-01-10 23:30:00,7956.265370396127
2019-01-11 00:00:00,7585.011475104272
2019-01-11 00:30:00,7463.5627017546385
2019-01-11 01:00:00,7219.4557299572525
2019-01-11 01:30:00,6973.936120167471
2019-01-11 02:00:00,6706.163003355885
2019-01-11 02:30:00,6606.042863881506
2019-01-11 03:00:00,6522.3496992039945
2019-01-11 03:30:00,6494.350038009257
2019-01-11 04:00:00,6511.398915934472
2019-01-11 04:30:00,6661.171935167399
2019-01-11 05:00:00,6834.480085026115
2019-01-11 05:30:00,7083.836937180025
2019-01-11 06:00:00,7524.869989020149
2019-01-11 06:30:00,7752.130629770289
2019-01-11 07:00:00,8170.974203044361
2019-01-11 07:30:00,8365.667479114336
2019-01-11 08:00:00,8583.03987151245
2019-01-11 08:30:00,8643.35345021016
2019-01-11 09:00:00,8733.3471189255
2019-01-11 09:30:00,8756.665745599817
2019-01-11 10:00:00,8752.202912571005
2019-01-11 10:30:00,8752.463595745134
2019-01-11 11:00:00,8716.388992103799
2019-01-11 11:30:00,8704.461525489942
2019-01-11 12:00:00,8679.844336726597
2019-01-11 12:30:00,8685.769962719638
2019-01-11 13:00:00,8679.812965806232
2019-01-11 13:30:00,8733.873883797725
2019-01-11 14:00:00,8809.485395145164
2019-01-11 14:30:00,8846.600914200479
2019-01-11 15:00:00,8897.035182008502
2019-01-11 15:30:00,8925.371741005141
2019-01-11 16:00:00,8995.156982692828
2019-01-11 16:30:00,9019.690788640759
2019-01-11 17:00:00,9108.636928574084
2019-01-11 17:30:00,9058.238647489094
2019-01-11 18:00:00,9111.073010133727
2019-01-11 18:30:00,9025.409086650281
2019-01-11 19:00:00,8892.09846615515
2019-01-11 19:30:00,8871.455940997048
2019-01-11 20:00:00,8740.012098390582
2019-01-11 20:30:00,8556.70998238107
2019-01-11 21:00:00,8293.23896789192
2019-01-11 21:30:00,8283.281944966846
2019-01-11 22:00:00,8038.0789052914115
2019-01-11 22:30:00,7997.60578490787
2019-01-11 23:00:00,7739.769994057224
2019-01-11 23:30:00,7671.543423659205
2019-01-12 00:00:00,6904.38531746066
2019-01-12 00:30:00,6802.452417736637
2019-01-12 01:00:00,6543.768662916393
2019-01-12 01:30:00,6347.183784877205
2019-01-12 02:00:00,6059.971009067784
2019-01-12 02:30:00,5982.896499980248
2019-01-12 03:00:00,5870.438723671279
2019-01-12 03:30:00,5868.997350538958
2019-01-12 04:00:00,5893.368875185386
2019-01-12 04:30:00,6047.39224921212
2019-01-12 05:00:00,6230.608460686621
2019-01-12 05:30:00,6512.180839513654
2019-01-12 06:00:00,6949.802074532673
2019-01-12 06:30:00,7195.385585836883
2019-01-12 07:00:00,7651.624910450679
2019-01-12 07:30:00,7784.056340336235
2019-01-12 08:00:00,7984.515196021797
2019-01-12 08:30:00,8063.136528001261
2019-01-12 09:00:00,8187.075033014658
2019-01-12 09:30:00,8224.264139605953
2019-01-12 10:00:00,8354.358236498827
2019-01-12 10:30:00,8332.291260226888
2019-01-12 11:00:00,8370.277521076523
2019-01-12 11:30:00,8421.221794736459
2019-01-12 12:00:00,8548.426910614395
2019-01-12 12:30:00,8646.148553765173
2019-01-12 13:00:00,8817.127681120073
2019-01-12 13:30:00,9018.234105494372
2019-01-12 14:00:00,9039.812129235981
2019-01-12 14:30:00,8927.093354635734
2019-01-12 15:00:00,8916.377487586691
2019-01-12 15:30:00,8877.70989145586
2019-01-12 16:00:00,8851.259038462062
2019-01-12 16:30:00,8857.949614891824
2019-01-12 17:00:00,8825.845621911325
2019-01-12 17:30:00,8771.730665494131
2019-01-12 18:00:00,8791.37282916408
2019-01-12 18:30:00,8652.762326108288
2019-01-12 19:00:00,8535.415823342635
2019-01-12 19:30:00,8487.162591404054
2019-01-12 20:00:00,8250.16756457121
2019-01-12 20:30:00,8148.726618996434
2019-01-12 21:00:00,7902.451823528863
2019-01-12 21:30:00,7834.955714252145
2019-01-12 22:00:00,7608.5257739676745
2019-01-12 22:30:00,7573.441973023777
2019-01-12 23:00:00,7382.394006530623
2019-01-12 23:30:00,7233.9861458022415
2019-01-13 00:00:00,7393.053952354702
2019-01-13 00:30:00,7229.373336797583
2019-01-13 01:00:00,6949.297046587655
2019-01-13 01:30:00,6683.708334600381
2019-01-13 02:00:00,6451.793832258141
2019-01-13 02:30:00,6286.280907341097
2019-01-13 03:00:00,6187.819432164617
2019-01-13 03:30:00,6211.89069616231
2019-01-13 04:00:00,6200.133237143713
2019-01-13 04:30:00,6210.825975373676
2019-01-13 05:00:00,6362.40206494901
2019-01-13 05:30:00,6412.832208257626
2019-01-13 06:00:00,6707.685722073308
2019-01-13 06:30:00,6884.033951387138
2019-01-13 07:00:00,7280.089950356699
2019-01-13 07:30:00,7424.699666941512
2019-01-13 08:00:00,7737.419832393495
2019-01-13 08:30:00,7906.2115169191975
2019-01-13 09:00:00,7980.949352824286
2019-01-13 09:30:00,8050.4646900318985
2019-01-13 10:00:00,8082.06431206189
2019-01-13 10:30:00,8236.434269912079
2019-01-13 11:00:00,8293.545468159718
2019-01-13 11:30:00,8419.010698236245
2019-01-13 12:00:00,8575.978628970825
2019-01-13 12:30:00,8697.860063860417
2019-01-13 13:00:00,8874.79405234019
2019-01-13 13:30:00,9033.555126404837
2019-01-13 14:00:00,9190.046526980312
2019-01-13 14:30:00,9348.141041438088
2019-01-13 15:00:00,9502.64818100013
2019-01-13 15:30:00,9671.81913391854
2019-01-13 16:00:00,9859.589920800849
2019-01-13 16:30:00,9942.968678995681
2019-01-13 17:00:00,10134.487670219862
2019-01-13 17:30:00,10081.391111416584
2019-01-13 18:00:00,10121.951423623905
2019-01-13 18:30:00,10023.169657546856
2019-01-13 19:00:00,9835.67049309855
2019-01-13 19:30:00,9670.516642185485
2019-01-13 20:00:00,9523.082073809503
2019-01-13 20:30:00,9339.563627030011
2019-01-13 21:00:00,9003.77535260152
2019-01-13 21:30:00,8785.102144433946
2019-01-13 22:00:00,8490.925274787356
2019-01-13 22:30:00,8298.736121867767
2019-01-13 23:00:00,7942.981906206644
2019-01-13 23:30:00,7690.5749383274015
2019-01-14 00:00:00,8339.326762140214
2019-01-14 00:30:00,8116.852782737276
2019-01-14 01:00:00,7856.378443869462
2019-01-14 01:30:00,7679.668513459862
2019-01-14 02:00:00,7432.45908008681
2019-01-14 02:30:00,7300.3397447092875
2019-01-14 03:00:00,7127.52403729846
2019-01-14 03:30:00,7102.71460797126
2019-01-14 04:00:00,7074.875091283055
2019-01-14 04:30:00,7081.546118602537
2019-01-14 05:00:00,7206.918385214292
2019-01-14 05:30:00,7204.620906812335
2019-01-14 06:00:00,7461.773810777195
2019-01-14 06:30:00,7561.084647410704
2019-01-14 07:00:00,7923.259711596636
2019-01-14 07:30:00,8053.824342806847
2019-01-14 08:00:00,8259.478363364151
2019-01-14 08:30:00,8389.427846301396
2019-01-14 09:00:00,8557.797281094388
2019-01-14 09:30:00,8638.418468961643
2019-01-14 10:00:00,8673.725080302287
2019-01-14 10:30:00,8725.887160327633
2019-01-14 11:00:00,8731.689933794947
2019-01-14 11:30:00,8783.795348302798
2019-01-14 12:00:00,8861.546347895228
2019-01-14 12:30:00,8888.60645319562
2019-01-14 13:00:00,8951.333491514059
2019-01-14 13:30:00,9001.66261690103
2019-01-14 14:00:00,9078.457445298456
2019-01-14 14:30:00,9223.859542705653
2019-01-14 15:00:00,9311.9944203645
2019-01-14 15:30:00,9440.045242402774
2019-01-14 16:00:00,9549.57839753629
2019-01-14 16:30:00,9608.066902871009
2019-01-14 17:00:00,9736.56615640381
2019-01-14 17:30:00,9724.879823853798
2019-01-14 18:00:00,9805.221893543921
2019-01-14 18:30:00,9738.731868767773
2019-01-14 19:00:00,9605.106526672813
2019-01-14 19:30:00,9556.031678780015
2019-01-14 20:00:00,9533.84600971058
2019-01-14 20:30:00,9469.006452839796
2019-01-14 21:00:00,9182.883371283202
2019-01-14 21:30:00,9018.290453150223
2019-01-14 22:00:00,8803.534532302416
2019-01-14 22:30:00,8687.716212456275
2019-01-14 23:00:00,8394.04661043015
2019-01-14 23:30:00,8214.42668043742
2019-01-15 00:00:00,7591.655632802047
2019-01-15 00:30:00,7463.275148958804
2019-01-15 01:00:00,7274.906348165491
2019-01-15 01:30:00,7135.107919154572
2019-01-15 02:00:00,6895.833653683905
2019-01-15 02:30:00,6873.737442280134
2019-01-15 03:00:00,6745.276450021126
2019-01-15 03:30:00,6774.6803679409695
2019-01-15 04:00:00,6814.041788039934
2019-01-15 04:30:00,7001.673100562823
2019-01-15 05:00:00,7242.455183496181
2019-01-15 05:30:00,7529.790895971977
2019-01-15 06:00:00,7970.617303063673
2019-01-15 06:30:00,8281.39681815085
2019-01-15 07:00:00,8742.44743033854
2019-01-15 07:30:00,8959.945202731511
2019-01-15 08:00:00,9225.875685579307
2019-01-15 08:30:00,9321.1472440054
2019-01-15 09:00:00,9420.116654439114
2019-01-15 09:30:00,9517.545752192138
2019-01-15 10:00:00,9585.86470286625
2019-01-15 10:30:00,9638.926595286934
2019-01-15 11:00:00,9710.51110861117
2019-01-15 11:30:00,9743.764582008487
2019-01-15 12:00:00,9838.247276858914
2019-01-15 12:30:00,9960.266846077364
2019-01-15 13:00:00,10113.279549790377
2019-01-15 13:30:00,10271.295222528583
2019-01-15 14:00:00,10390.267677640617
2019-01-15 14:30:00,10556.29998709257
2019-01-15 15:00:00,10704.672228821351
2019-01-15 15:30:00,10866.985235849308
2019-01-15 16:00:00,11051.54098757021
2019-01-15 16:30:00,11149.548117188984
2019-01-15 17:00:00,11240.117939920461
2019-01-15 17:30:00,11162.10387493858
2019-01-15 18:00:00,11185.22420696868
2019-01-15 18:30:00,11019.986905430906
2019-01-15 19:00:00,10725.185070929212
2019-01-15 19:30:00,10587.713532519258
2019-01-15 20:00:00,10425.552201889486
2019-01-15 20:30:00,10185.107189939521
2019-01-15 21:00:00,9802.735700588097
2019-01-15 21:30:00,9584.133452864708
2019-01-15 22:00:00,9227.834853175904
2019-01-15 22:30:00,9073.285035684503
2019-01-15 23:00:00,8745.67059736032
2019-01-15 23:30:00,8507.742021674087
2019-01-16 00:00:00,8165.588101927414
2019-01-16 00:30:00,7987.522876101996
2019-01-16 01:00:00,7769.84854821869
2019-01-16 01:30:00,7521.763540855888
2019-01-16 02:00:00,7266.5695100598905
2019-01-16 02:30:00,7180.807195746596
2019-01-16 03:00:00,7033.322284011225
2019-01-16 03:30:00,7023.921116749827
2019-01-16 04:00:00,6992.209868382073
2019-01-16 04:30:00,7162.622785681309
2019-01-16 05:00:00,7331.503348196799
2019-01-16 05:30:00,7656.170910497888
2019-01-16 06:00:00,8046.443980157251
2019-01-16 06:30:00,8355.676495285323
2019-01-16 07:00:00,8810.21837249781
2019-01-16 07:30:00,9049.416165883358
2019-01-16 08:00:00,9385.423095786033
2019-01-16 08:30:00,9600.045357911296
2019-01-16 09:00:00,9746.588950496198
2019-01-16 09:30:00,9866.32533623938
2019-01-16 10:00:00,9983.369923891043
2019-01-16 10:30:00,10192.507102838606
2019-01-16 11:00:00,10328.385180458677
2019-01-16 11:30:00,10471.042020651643
2019-01-16 12:00:00,10662.220725041996
2019-01-16 12:30:00,10827.578593611695
2019-01-16 13:00:00,11022.872569052757
2019-01-16 13:30:00,11159.579157025988
2019-01-16 14:00:00,11323.85837336471
2019-01-16 14:30:00,11455.173014806502
2019-01-16 15:00:00,11692.2742359492
2019-01-16 15:30:00,11826.28254620414
2019-01-16 16:00:00,11986.098024295861
2019-01-16 16:30:00,12071.459539292824
2019-01-16 17:00:00,12176.03027206193
2019-01-16 17:30:00,12019.549754380754
2019-01-16 18:00:00,12014.729717825408
2019-01-16 18:30:00,11770.371248883539
2019-01-16 19:00:00,11533.83896185479
2019-01-16 19:30:00,11303.66371261638
2019-01-16 20:00:00,11067.008210677235
2019-01-16 20:30:00,10824.947220137325
2019-01-16 21:00:00,10359.204208587998
2019-01-16 21:30:00,10072.508270611861
2019-01-16 22:00:00,9605.44377271466
2019-01-16 22:30:00,9392.408076980335
2019-01-16 23:00:00,9000.468212136691
2019-01-16 23:30:00,8761.00710848522
2019-01-17 00:00:00,8479.20449551256
2019-01-17 00:30:00,8319.791802046182
2019-01-17 01:00:00,8002.644345185089
2019-01-17 01:30:00,7759.463939109619
2019-01-17 02:00:00,7481.42368667827
2019-01-17 02:30:00,7375.1837666429465
2019-01-17 03:00:00,7212.076889163588
2019-01-17 03:30:00,7210.244579803663
2019-01-17 04:00:00,7225.901045905845
2019-01-17 04:30:00,7331.705677309417
2019-01-17 05:00:00,7523.7524372436765
2019-01-17 05:30:00,7779.5809079655755
2019-01-17 06:00:00,8235.618150184926
2019-01-17 06:30:00,8544.88976353356
2019-01-17 07:00:00,9040.75118037767
2019-01-17 07:30:00,9333.832659205294
2019-01-17 08:00:00,9671.534409417485
2019-01-17 08:30:00,9933.241526636482
2019-01-17 09:00:00,10170.228468055097
2019-01-17 09:30:00,10354.848763073212
2019-01-17 10:00:00,10530.41371828322
2019-01-17 10:30:00,10751.313444408566
2019-01-17 11:00:00,10921.466020131666
2019-01-17 11:30:00,11030.559274232623
2019-01-17 12:00:00,11206.034544067626
2019-01-17 12:30:00,11381.030105057433
2019-01-17 13:00:00,11507.312365275022
2019-01-17 13:30:00,11613.549658218553
2019-01-17 14:00:00,11770.611854662846
2019-01-17 14:30:00,11854.005553062818
2019-01-17 15:00:00,12003.905068573247
2019-01-17 15:30:00,12130.305422706155
2019-01-17 16:00:00,12229.207114032342
2019-01-17 16:30:00,12351.836754407344
2019-01-17 17:00:00,12378.287795367787
2019-01-17 17:30:00,12129.536228398114
2019-01-17 18:00:00,12154.956665921967
2019-01-17 18:30:00,11946.653593109142
2019-01-17 19:00:00,11660.766225903188
2019-01-17 19:30:00,11397.167506714977
2019-01-17 20:00:00,11152.795794735219
2019-01-17 20:30:00,10866.658339514552
2019-01-17 21:00:00,10390.466350890907
2019-01-17 21:30:00,10079.60799408416
2019-01-17 22:00:00,9582.925229310482
2019-01-17 22:30:00,9324.629751845412
2019-01-17 23:00:00,8980.089463695333
2019-01-17 23:30:00,8716.896620939864
2019-01-18 00:00:00,8379.907952817433
2019-01-18 00:30:00,8180.2729590529125
2019-01-18 01:00:00,7883.054488247108
2019-01-18 01:30:00,7665.9059267693865
2019-01-18 02:00:00,7441.311444056565
2019-01-18 02:30:00,7362.065100715409
2019-01-18 03:00:00,7211.136509935307
2019-01-18 03:30:00,7206.413750102533
2019-01-18 04:00:00,7259.756531128847
2019-01-18 04:30:00,7399.471509515057
2019-01-18 05:00:00,7661.8995750152935
2019-01-18 05:30:00,7897.995841341603
2019-01-18 06:00:00,8370.688564191172
2019-01-18 06:30:00,8448.52802371543
2019-01-18 07:00:00,9130.00350696488
2019-01-18 07:30:00,9401.431767228692
2019-01-18 08:00:00,9667.14591930651
2019-01-18 08:30:00,9869.57232743558
2019-01-18 09:00:00,10077.292839984762
2019-01-18 09:30:00,10249.449361835625
2019-01-18 10:00:00,10444.510641560963
2019-01-18 10:30:00,10608.837622336225
2019-01-18 11:00:00,10777.42300371149
2019-01-18 11:30:00,10878.47038596687
2019-01-18 12:00:00,11049.609223291562
2019-01-18 12:30:00,11214.979404974609
2019-01-18 13:00:00,11386.770462262173
2019-01-18 13:30:00,11550.79060271299
2019-01-18 14:00:00,11737.884178463435
2019-01-18 14:30:00,11804.26349929639
2019-01-18 15:00:00,11965.175728820197
2019-01-18 15:30:00,12133.874276699638
2019-01-18 16:00:00,12371.666703366025
2019-01-18 16:30:00,12449.080737347258
2019-01-18 17:00:00,12556.224571897588
2019-01-18 17:30:00,12430.274623668749
2019-01-18 18:00:00,12384.898016105151
2019-01-18 18:30:00,12071.252853838994
2019-01-18 19:00:00,11666.427895363548
2019-01-18 19:30:00,11522.996241645134
2019-01-18 20:00:00,11222.14556624
2019-01-18 20:30:00,10907.142481466231
2019-01-18 21:00:00,10374.429804104857
2019-01-18 21:30:00,10119.152580141494
2019-01-18 22:00:00,9668.556467236365
2019-01-18 22:30:00,9381.452025735689
2019-01-18 23:00:00,9058.813794421474
2019-01-18 23:30:00,8836.954963291502
2019-01-19 00:00:00,7970.867042492042
2019-01-19 00:30:00,7747.977323567631
2019-01-19 01:00:00,7446.823219567848
2019-01-19 01:30:00,7209.838808681099
2019-01-19 02:00:00,6951.806384024609
2019-01-19 02:30:00,6825.691516359697
2019-01-19 03:00:00,6712.030873890459
2019-01-19 03:30:00,6701.446389579074
2019-01-19 04:00:00,6700.3346892944965
2019-01-19 04:30:00,6819.584375072021
2019-01-19 05:00:00,7053.557941635489
2019-01-19 05:30:00,7357.9569929875925
2019-01-19 06:00:00,7765.013169238856
2019-01-19 06:30:00,8067.584520136174
2019-01-19 07:00:00,8596.37237566443
2019-01-19 07:30:00,8819.458876248538
2019-01-19 08:00:00,9154.36395791259
2019-01-19 08:30:00,9292.423214209844
2019-01-19 09:00:00,9463.958077576504
2019-01-19 09:30:00,9639.957095975085
2019-01-19 10:00:00,9821.209170206079
2019-01-19 10:30:00,9935.838918818645
2019-01-19 11:00:00,10059.939331988615
2019-01-19 11:30:00,10264.466436859944
2019-01-19 12:00:00,10402.64171909328
2019-01-19 12:30:00,10610.145352153962
2019-01-19 13:00:00,10756.984059813154
2019-01-19 13:30:00,10891.253053242224
2019-01-19 14:00:00,11089.962001098493
2019-01-19 14:30:00,11295.011117596527
2019-01-19 15:00:00,11449.864840982023
2019-01-19 15:30:00,11557.652406254902
2019-01-19 16:00:00,11699.72549568292
2019-01-19 16:30:00,11708.241145475673
2019-01-19 17:00:00,11778.709358507582
2019-01-19 17:30:00,11645.699896756276
2019-01-19 18:00:00,11605.062971043935
2019-01-19 18:30:00,11382.702322675988
2019-01-19 19:00:00,11118.71636702745
2019-01-19 19:30:00,10975.297026422382
2019-01-19 20:00:00,10760.973615767265
2019-01-19 20:30:00,10550.299299949325
2019-01-19 21:00:00,10144.190817310317
2019-01-19 21:30:00,9927.388839656049
2019-01-19 22:00:00,9636.798392288189
2019-01-19 22:30:00,9393.815590218044
2019-01-19 23:00:00,8912.231993360005
2019-01-19 23:30:00,8607.247851212393
2019-01-20 00:00:00,8338.308153184198
2019-01-20 00:30:00,8051.9934654141125
2019-01-20 01:00:00,7719.462549781085
2019-01-20 01:30:00,7419.983039921453
2019-01-20 02:00:00,7144.240265892063
2019-01-20 02:30:00,6966.927677390019
2019-01-20 03:00:00,6847.976106310986
2019-01-20 03:30:00,6812.457016735338
2019-01-20 04:00:00,6768.700361813597
2019-01-20 04:30:00,6767.659787997607
2019-01-20 05:00:00,6924.450591554963
2019-01-20 05:30:00,6979.451065440801
2019-01-20 06:00:00,7241.161809802361
2019-01-20 06:30:00,7433.262434980829
2019-01-20 07:00:00,7859.35244034834
2019-01-20 07:30:00,8092.04412585048
2019-01-20 08:00:00,8393.946554202612
2019-01-20 08:30:00,8544.383505950618
2019-01-20 09:00:00,8648.48155264985
2019-01-20 09:30:00,8790.351443271195
2019-01-20 10:00:00,8956.557601810608
2019-01-20 10:30:00,9045.375286032822
2019-01-20 11:00:00,8998.204694820575
2019-01-20 11:30:00,8900.743734843925
2019-01-20 12:00:00,8821.109150176257
2019-01-20 12:30:00,8869.657554604386
2019-01-20 13:00:00,8803.66721127768
2019-01-20 13:30:00,8743.683294384939
2019-01-20 14:00:00,8664.941769900675
2019-01-20 14:30:00,8690.501209459455
2019-01-20 15:00:00,8727.834556692364
2019-01-20 15:30:00,8766.622719855119
2019-01-20 16:00:00,8816.272330739088
2019-01-20 16:30:00,8781.89220580928
2019-01-20 17:00:00,8820.376163143184
2019-01-20 17:30:00,8766.753160875238
2019-01-20 18:00:00,8812.722341632483
2019-01-20 18:30:00,8768.995087866975
2019-01-20 19:00:00,8630.688711251598
2019-01-20 19:30:00,8567.093745853437
2019-01-20 20:00:00,8457.768290852815
2019-01-20 20:30:00,8349.833550507976
2019-01-20 21:00:00,8120.285196114811
2019-01-20 21:30:00,7978.8975736211605
2019-01-20 22:00:00,7823.6459286301915
2019-01-20 22:30:00,7735.423843570661
2019-01-20 23:00:00,7519.842071129575
2019-01-20 23:30:00,7401.6968606824685
2019-01-21 00:00:00,8131.258342025289
2019-01-21 00:30:00,8005.635428509624
2019-01-21 01:00:00,7740.106040912273
2019-01-21 01:30:00,7556.5236926183525
2019-01-21 02:00:00,7282.362407863487
2019-01-21 02:30:00,7208.766067136103
2019-01-21 03:00:00,7112.73955941199
2019-01-21 03:30:00,7056.100930734131
2019-01-21 04:00:00,7083.367514758548
2019-01-21 04:30:00,7059.556933934982
2019-01-21 05:00:00,7173.626568227399
2019-01-21 05:30:00,7215.344280083563
2019-01-21 06:00:00,7535.236044176947
2019-01-21 06:30:00,7658.55424329372
2019-01-21 07:00:00,7996.547339538764
2019-01-21 07:30:00,8162.881880410025
2019-01-21 08:00:00,8435.2892360094
2019-01-21 08:30:00,8594.3428554718
2019-01-21 09:00:00,8691.132727443686
2019-01-21 09:30:00,8774.723207503359
2019-01-21 10:00:00,8743.298660004004
2019-01-21 10:30:00,8772.793732756763
2019-01-21 11:00:00,8773.199950787499
2019-01-21 11:30:00,8831.587438200573
2019-01-21 12:00:00,8847.227039050791
2019-01-21 12:30:00,8887.808413352912
2019-01-21 13:00:00,8915.28673129138
2019-01-21 13:30:00,8959.778935493609
2019-01-21 14:00:00,9010.411489172635
2019-01-21 14:30:00,9150.497854676167
2019-01-21 15:00:00,9349.366768319785
2019-01-21 15:30:00,9471.098401045623
2019-01-21 16:00:00,9540.87377964458
2019-01-21 16:30:00,9621.579063414993
2019-01-21 17:00:00,9799.013048698387
2019-01-21 17:30:00,9731.659682655667
2019-01-21 18:00:00,9864.171068368069
2019-01-21 18:30:00,9796.73886060578
2019-01-21 19:00:00,9687.07915568173
2019-01-21 19:30:00,9652.804657578703
2019-01-21 20:00:00,9624.750028033723
2019-01-21 20:30:00,9422.303425515922
2019-01-21 21:00:00,9168.661630922988
2019-01-21 21:30:00,9050.339187926464
2019-01-21 22:00:00,8836.722231724494
2019-01-21 22:30:00,8736.62426845219
2019-01-21 23:00:00,8450.092844600926
2019-01-21 23:30:00,8294.04498845971
2019-01-22 00:00:00,7606.340250589408
2019-01-22 00:30:00,7489.023892093452
2019-01-22 01:00:00,7305.313949618483
2019-01-22 01:30:00,7114.654697572337
2019-01-22 02:00:00,6864.144328388552
2019-01-22 02:30:00,6799.285222407489
2019-01-22 03:00:00,6683.580548713488
2019-01-22 03:30:00,6731.814231541789
2019-01-22 04:00:00,6809.351293622338
2019-01-22 04:30:00,6938.8975272186335
2019-01-22 05:00:00,7241.756987790058
2019-01-22 05:30:00,7590.454088776486
2019-01-22 06:00:00,8052.028647853068
2019-01-22 06:30:00,8363.70862061403
2019-01-22 07:00:00,8825.863708132138
2019-01-22 07:30:00,8972.638022973639
2019-01-22 08:00:00,9267.561938403396
2019-01-22 08:30:00,9393.809686213577
2019-01-22 09:00:00,9486.422790927638
2019-01-22 09:30:00,9523.137510666622
2019-01-22 10:00:00,9599.918072707787
2019-01-22 10:30:00,9635.338771453586
2019-01-22 11:00:00,9658.645249545374
2019-01-22 11:30:00,9713.318688718038
2019-01-22 12:00:00,9712.660078195846
2019-01-22 12:30:00,9721.975344807915
2019-01-22 13:00:00,9735.521908406774
2019-01-22 13:30:00,9839.48389915042
2019-01-22 14:00:00,9873.114388375772
2019-01-22 14:30:00,9890.069473333502
2019-01-22 15:00:00,9943.044335420678
2019-01-22 15:30:00,10038.540105892132
2019-01-22 16:00:00,10102.380172476498
2019-01-22 16:30:00,10210.60745821909
2019-01-22 17:00:00,10260.659808162876
2019-01-22 17:30:00,10161.348971529367
2019-01-22 18:00:00,10195.59009442425
2019-01-22 18:30:00,10110.246146724221
2019-01-22 19:00:00,9974.126544567605
2019-01-22 19:30:00,9895.962500354794
2019-01-22 20:00:00,9821.334518975606
2019-01-22 20:30:00,9680.896315465028
2019-01-22 21:00:00,9291.834249683841
2019-01-22 21:30:00,9168.902377889532
2019-01-22 22:00:00,8871.148949052942
2019-01-22 22:30:00,8752.435569828813
2019-01-22 23:00:00,8463.98068178471
2019-01-22 23:30:00,8293.351433715494
2019-01-23 00:00:00,8056.667612264883
2019-01-23 00:30:00,7904.653780147493
2019-01-23 01:00:00,7627.964503464801
2019-01-23 01:30:00,7410.323987837832
2019-01-23 02:00:00,7160.325121913575
2019-01-23 02:30:00,7037.240820863715
2019-01-23 03:00:00,6919.711073806724
2019-01-23 03:30:00,6898.972784910566
2019-01-23 04:00:00,6906.128541425135
2019-01-23 04:30:00,7103.392469251718
2019-01-23 05:00:00,7312.561683604397
2019-01-23 05:30:00,7593.956829882011
2019-01-23 06:00:00,8062.189926097553
2019-01-23 06:30:00,8311.406016830811
2019-01-23 07:00:00,8786.228718105627
2019-01-23 07:30:00,8979.891106381165
2019-01-23 08:00:00,9265.797554780193
2019-01-23 08:30:00,9450.35394828388
2019-01-23 09:00:00,9518.578440308625
2019-01-23 09:30:00,9645.836881524516
2019-01-23 10:00:00,9777.204805021842
2019-01-23 10:30:00,9946.606383636921
2019-01-23 11:00:00,10014.464358540225
2019-01-23 11:30:00,10152.799238216749
2019-01-23 12:00:00,10310.141183160446
2019-01-23 12:30:00,10525.518709700878
2019-01-23 13:00:00,10701.318987718401
2019-01-23 13:30:00,10877.600865493183
2019-01-23 14:00:00,11039.097708210458
2019-01-23 14:30:00,11232.32037601628
2019-01-23 15:00:00,11428.599265860186
2019-01-23 15:30:00,11553.041489417657
2019-01-23 16:00:00,11800.107457383761
2019-01-23 16:30:00,11848.102633240009
2019-01-23 17:00:00,11965.171628491787
2019-01-23 17:30:00,11821.895031120717
2019-01-23 18:00:00,11780.166120258484
2019-01-23 18:30:00,11551.213286290622
2019-01-23 19:00:00,11277.263071720077
2019-01-23 19:30:00,11091.292090191282
2019-01-23 20:00:00,10809.763133843855
2019-01-23 20:30:00,10504.148903218138
2019-01-23 21:00:00,10063.04071553839
2019-01-23 21:30:00,9781.994780176025
2019-01-23 22:00:00,9407.10294073747
2019-01-23 22:30:00,9168.54953075672
2019-01-23 23:00:00,8833.05414002303
2019-01-23 23:30:00,8560.450266917436
2019-01-24 00:00:00,8295.650971465639
2019-01-24 00:30:00,8098.606001500831
2019-01-24 01:00:00,7765.504289998987
2019-01-24 01:30:00,7539.3604376926105
2019-01-24 02:00:00,7313.509050393822
2019-01-24 02:30:00,7179.973145177847
2019-01-24 03:00:00,7017.316496535381
2019-01-24 03:30:00,7047.871692214409
2019-01-24 04:00:00,7034.163338617309
2019-01-24 04:30:00,7198.736707640007
2019-01-24 05:00:00,7430.361207400434
2019-01-24 05:30:00,7776.446108385076
2019-01-24 06:00:00,8214.239321769925
2019-01-24 06:30:00,8464.675845960384
2019-01-24 07:00:00,8939.228178039522
2019-01-24 07:30:00,9198.335585437257
2019-01-24 08:00:00,9472.774659148048
2019-01-24 08:30:00,9587.089686160783
2019-01-24 09:00:00,9748.062241418134
2019-01-24 09:30:00,9861.540535204338
2019-01-24 10:00:00,10110.726634435596
2019-01-24 10:30:00,10302.118974694838
2019-01-24 11:00:00,10490.580126045317
2019-01-24 11:30:00,10596.170408492257
2019-01-24 12:00:00,10670.086792812353
2019-01-24 12:30:00,10732.29460057107
2019-01-24 13:00:00,10792.913706150317
2019-01-24 13:30:00,10782.900017707747
2019-01-24 14:00:00,10796.666067670689
2019-01-24 14:30:00,10685.62980026661
2019-01-24 15:00:00,10556.508039596334
2019-01-24 15:30:00,10439.720751656838
2019-01-24 16:00:00,10431.809099987091
2019-01-24 16:30:00,10337.98860071487
2019-01-24 17:00:00,10341.822063923286
2019-01-24 17:30:00,10085.774635339612
2019-01-24 18:00:00,10104.819218033532
2019-01-24 18:30:00,9936.43078284878
2019-01-24 19:00:00,9763.786006615946
2019-01-24 19:30:00,9729.806681002467
2019-01-24 20:00:00,9582.937654311714
2019-01-24 20:30:00,9411.934392033381
2019-01-24 21:00:00,9042.289809047954
2019-01-24 21:30:00,8899.426324106562
2019-01-24 22:00:00,8611.543840478544
2019-01-24 22:30:00,8557.689567235477
2019-01-24 23:00:00,8375.833673230676
2019-01-24 23:30:00,8149.099475945203
2019-01-25 00:00:00,7850.684327898364
2019-01-25 00:30:00,7656.756002265111
2019-01-25 01:00:00,7393.307762299739
2019-01-25 01:30:00,7174.3464405723735
2019-01-25 02:00:00,6965.649546982808
2019-01-25 02:30:00,6873.26055775418
2019-01-25 03:00:00,6717.257369134261
2019-01-25 03:30:00,6733.809204751043
2019-01-25 04:00:00,6759.066246866116
2019-01-25 04:30:00,6923.533989062031
2019-01-25 05:00:00,7166.4044556243025
2019-01-25 05:30:00,7481.092818798244
2019-01-25 06:00:00,7907.477950104146
2019-01-25 06:30:00,8187.638367997866
2019-01-25 07:00:00,8611.303091934562
2019-01-25 07:30:00,8762.062646557777
2019-01-25 08:00:00,9015.524924400357
2019-01-25 08:30:00,9125.520617988446
2019-01-25 09:00:00,9238.417173856633
2019-01-25 09:30:00,9238.19821599486
2019-01-25 10:00:00,9274.0951723146
2019-01-25 10:30:00,9248.51092946195
2019-01-25 11:00:00,9223.574038703884
2019-01-25 11:30:00,9214.927958790478
2019-01-25 12:00:00,9268.871004651139
2019-01-25 12:30:00,9366.014615936167
2019-01-25 13:00:00,9422.070626935123
2019-01-25 13:30:00,9581.340577167502
2019-01-25 14:00:00,9768.209940872588
2019-01-25 14:30:00,9988.76308317448
2019-01-25 15:00:00,10127.854724673785
2019-01-25 15:30:00,10244.47003424745
2019-01-25 16:00:00,10380.18944504761
2019-01-25 16:30:00,10419.450013249332
2019-01-25 17:00:00,10528.460646475009
2019-01-25 17:30:00,10423.935095859479
2019-01-25 18:00:00,10460.043017429707
2019-01-25 18:30:00,10339.396310924007
2019-01-25 19:00:00,10212.734541546284
2019-01-25 19:30:00,10161.003141247553
2019-01-25 20:00:00,10002.130433315166
2019-01-25 20:30:00,9762.393706284427
2019-01-25 21:00:00,9405.603832693858
2019-01-25 21:30:00,9252.212528958575
2019-01-25 22:00:00,8962.91084840031
2019-01-25 22:30:00,8807.495062550543
2019-01-25 23:00:00,8482.537176632297
2019-01-25 23:30:00,8261.86872148207
2019-01-26 00:00:00,7551.723609609934
2019-01-26 00:30:00,7396.8883056505365
2019-01-26 01:00:00,7121.534775273382
2019-01-26 01:30:00,6891.90044149351
2019-01-26 02:00:00,6639.6412135745095
2019-01-26 02:30:00,6561.029567616598
2019-01-26 03:00:00,6405.457058723292
2019-01-26 03:30:00,6445.9400421955625
2019-01-26 04:00:00,6461.215258091693
2019-01-26 04:30:00,6577.085166338917
2019-01-26 05:00:00,6812.92092267259
2019-01-26 05:30:00,7096.114534273157
2019-01-26 06:00:00,7588.086605589629
2019-01-26 06:30:00,7834.975805721921
2019-01-26 07:00:00,8355.508517564374
2019-01-26 07:30:00,8620.329652023132
2019-01-26 08:00:00,8939.295419251574
2019-01-26 08:30:00,9135.481479787775
2019-01-26 09:00:00,9329.198632274709
2019-01-26 09:30:00,9475.36042593504
2019-01-26 10:00:00,9648.687195352377
2019-01-26 10:30:00,9725.244946996796
2019-01-26 11:00:00,9914.13087861185
2019-01-26 11:30:00,10045.457833166989
2019-01-26 12:00:00,10109.077669668315
2019-01-26 12:30:00,10296.718668212756
2019-01-26 13:00:00,10477.90563857813
2019-01-26 13:30:00,10648.924018128779
2019-01-26 14:00:00,10824.21775322705
2019-01-26 14:30:00,10995.954103718479
2019-01-26 15:00:00,11203.936893409329
2019-01-26 15:30:00,11354.91015171073
2019-01-26 16:00:00,11531.877496419882
2019-01-26 16:30:00,11602.716266819687
2019-01-26 17:00:00,11712.174501790461
2019-01-26 17:30:00,11594.819045073942
2019-01-26 18:00:00,11601.237739323507
2019-01-26 18:30:00,11347.982370382833
2019-01-26 19:00:00,11160.350325789259
2019-01-26 19:30:00,10982.580272453388
2019-01-26 20:00:00,10770.928354409345
2019-01-26 20:30:00,10518.755284597017
2019-01-26 21:00:00,10090.282848450352
2019-01-26 21:30:00,9840.09714434529
2019-01-26 22:00:00,9423.858980167897
2019-01-26 22:30:00,9161.180267763752
2019-01-26 23:00:00,8760.191073665754
2019-01-26 23:30:00,8471.950294611033
2019-01-27 00:00:00,8410.428449951612
2019-01-27 00:30:00,8122.460667184365
2019-01-27 01:00:00,7774.615271410245
2019-01-27 01:30:00,7531.075791330798
2019-01-27 02:00:00,7189.576080738353
2019-01-27 02:30:00,7113.224796775185
2019-01-27 03:00:00,6917.944117935058
2019-01-27 03:30:00,6885.890883606214
2019-01-27 04:00:00,6846.679755967827
2019-01-27 04:30:00,6860.20365206135
2019-01-27 05:00:00,7006.225502760967
2019-01-27 05:30:00,7044.093659139657
2019-01-27 06:00:00,7282.854536852428
2019-01-27 06:30:00,7479.4438467295795
2019-01-27 07:00:00,7935.766444900907
2019-01-27 07:30:00,8239.468879168682
2019-01-27 08:00:00,8658.997133433011
2019-01-27 08:30:00,9024.449910625677
2019-01-27 09:00:00,9297.213997702274
2019-01-27 09:30:00,9618.684269206069
2019-01-27 10:00:00,9809.908306567277
2019-01-27 10:30:00,10006.136092415833
2019-01-27 11:00:00,10159.125133686606
2019-01-27 11:30:00,10268.48432514528
2019-01-27 12:00:00,10386.135844506269
2019-01-27 12:30:00,10406.1118100575
2019-01-27 13:00:00,10439.267560995406
2019-01-27 13:30:00,10476.16674928074
2019-01-27 14:00:00,10554.405400835105
2019-01-27 14:30:00,10586.308833000194
2019-01-27 15:00:00,10707.70967423688
2019-01-27 15:30:00,10788.024021779689
2019-01-27 16:00:00,10879.219366153993
2019-01-27 16:30:00,10820.775213223424
2019-01-27 17:00:00,10815.54177988055
2019-01-27 17:30:00,10749.46025862894
2019-01-27 18:00:00,10647.469180402903
2019-01-27 18:30:00,10547.523646386147
2019-01-27 19:00:00,10320.2497833848
2019-01-27 19:30:00,10260.364257321908
2019-01-27 20:00:00,10064.026819418958
2019-01-27 20:30:00,9848.75031080017
2019-01-27 21:00:00,9541.965154975192
2019-01-27 21:30:00,9316.025320325449
2019-01-27 22:00:00,9031.075012482634
2019-01-27 22:30:00,8813.49116237316
2019-01-27 23:00:00,8411.478316477658
2019-01-27 23:30:00,8199.150905662558
2019-01-28 00:00:00,8216.370756203114
2019-01-28 00:30:00,8048.319218820264
2019-01-28 01:00:00,7801.9343177312
2019-01-28 01:30:00,7558.534953793957
2019-01-28 02:00:00,7262.917232134979
2019-01-28 02:30:00,7249.678822509453
2019-01-28 03:00:00,7094.770246131225
2019-01-28 03:30:00,7006.675964100552
2019-01-28 04:00:00,6996.1239983340165
2019-01-28 04:30:00,6979.134246993689
2019-01-28 05:00:00,7058.707798229511
2019-01-28 05:30:00,7058.257569392618
2019-01-28 06:00:00,7278.314503412444
2019-01-28 06:30:00,7397.259153611692
2019-01-28 07:00:00,7798.123990130531
2019-01-28 07:30:00,8044.250866917895
2019-01-28 08:00:00,8422.06666350965
2019-01-28 08:30:00,8678.344717789993
2019-01-28 09:00:00,8960.785595507255
2019-01-28 09:30:00,9255.045137201278
2019-01-28 10:00:00,9466.677801653677
2019-01-28 10:30:00,9606.990183948741
2019-01-28 11:00:00,9799.309931519796
2019-01-28 11:30:00,9915.228624009133
2019-01-28 12:00:00,10038.431578086867
2019-01-28 12:30:00,10214.52012363937
2019-01-28 13:00:00,10271.071538224995
2019-01-28 13:30:00,10319.824605588205
2019-01-28 14:00:00,10337.461741952247
2019-01-28 14:30:00,10350.176335204898
2019-01-28 15:00:00,10402.870965007665
2019-01-28 15:30:00,10453.043229301125
2019-01-28 16:00:00,10412.512801617304
2019-01-28 16:30:00,10155.934320663824
2019-01-28 17:00:00,10162.148712898907
2019-01-28 17:30:00,10061.551559480422
2019-01-28 18:00:00,10019.679905384188
2019-01-28 18:30:00,9854.712973042093
2019-01-28 19:00:00,9698.223842014848
2019-01-28 19:30:00,9680.142105524625
2019-01-28 20:00:00,9539.921929951277
2019-01-28 20:30:00,9371.813727050932
2019-01-28 21:00:00,9136.787348409825
2019-01-28 21:30:00,8995.22512045855
2019-01-28 22:00:00,8711.319995336864
2019-01-28 22:30:00,8604.895606755188
2019-01-28 23:00:00,8311.464511701117
2019-01-28 23:30:00,8097.331576633307
2019-01-29 00:00:00,7980.460505303657
2019-01-29 00:30:00,7816.760340636257
2019-01-29 01:00:00,7590.8211830455975
2019-01-29 01:30:00,7378.845610237542
2019-01-29 02:00:00,7140.793760037422
2019-01-29 02:30:00,7081.422364325853
2019-01-29 03:00:00,6912.99975494283
2019-01-29 03:30:00,6912.507800793583
2019-01-29 04:00:00,6873.889645226088
2019-01-29 04:30:00,6922.187229568818
2019-01-29 05:00:00,7042.553876971599
2019-01-29 05:30:00,7128.013782798411
2019-01-29 06:00:00,7392.23588630729
2019-01-29 06:30:00,7539.266275417779
2019-01-29 07:00:00,7896.305467341261
2019-01-29 07:30:00,8090.211616772439
2019-01-29 08:00:00,8398.474959749365
2019-01-29 08:30:00,8550.193619377207
2019-01-29 09:00:00,8745.696747006572
2019-01-29 09:30:00,8825.809058706092
2019-01-29 10:00:00,8904.60441684019
2019-01-29 10:30:00,8958.77078459129
2019-01-29 11:00:00,8991.008651997303
2019-01-29 11:30:00,9072.355692080719
2019-01-29 12:00:00,9172.00612141722
2019-01-29 12:30:00,9236.144629365712
2019-01-29 13:00:00,9350.440775638604
2019-01-29 13:30:00,9449.835062896822
2019-01-29 14:00:00,9538.525318617303
2019-01-29 14:30:00,9621.928880106005
2019-01-29 15:00:00,9712.253159315407
2019-01-29 15:30:00,9811.206903758284
2019-01-29 16:00:00,9921.248935059533
2019-01-29 16:30:00,10029.087911666318
2019-01-29 17:00:00,10188.24337879979
2019-01-29 17:30:00,10078.854952209284
2019-01-29 18:00:00,10032.45994703177
2019-01-29 18:30:00,9926.156125482017
2019-01-29 19:00:00,9785.17102025863
2019-01-29 19:30:00,9782.219295363146
2019-01-29 20:00:00,9593.598067500807
2019-01-29 20:30:00,9449.096427767396
2019-01-29 21:00:00,9205.281403046061
2019-01-29 21:30:00,9075.821247166268
2019-01-29 22:00:00,8812.812094379879
2019-01-29 22:30:00,8694.511827585427
2019-01-29 23:00:00,8422.460777740518
2019-01-29 23:30:00,8224.282097313459
2019-01-30 00:00:00,7979.576696332699
2019-01-30 00:30:00,7825.499283880265
2019-01-30 01:00:00,7569.2557506959765
2019-01-30 01:30:00,7382.77063881586
2019-01-30 02:00:00,7127.276826625175
2019-01-30 02:30:00,7064.919216702702
2019-01-30 03:00:00,6957.5777635459035
2019-01-30 03:30:00,6947.268902613787
2019-01-30 04:00:00,6950.705356704358
2019-01-30 04:30:00,7098.488383138222
2019-01-30 05:00:00,7327.107119577465
2019-01-30 05:30:00,7685.15134939959
2019-01-30 06:00:00,8168.403753266676
2019-01-30 06:30:00,8499.92155725001
2019-01-30 07:00:00,9004.480465341436
2019-01-30 07:30:00,9272.551124277019
2019-01-30 08:00:00,9616.857373202469
2019-01-30 08:30:00,9741.395360497996
2019-01-30 09:00:00,9928.923576725967
2019-01-30 09:30:00,10048.618237156796
2019-01-30 10:00:00,10127.566024546444
2019-01-30 10:30:00,10264.23088720732
2019-01-30 11:00:00,10350.421595753423
2019-01-30 11:30:00,10531.406684250698
2019-01-30 12:00:00,10688.23712593487
2019-01-30 12:30:00,10883.604197608649
2019-01-30 13:00:00,11067.583227617022
2019-01-30 13:30:00,11312.84939022961
2019-01-30 14:00:00,11398.868153339015
2019-01-30 14:30:00,11587.601314100528
2019-01-30 15:00:00,11760.790221153442
2019-01-30 15:30:00,11925.479548302925
2019-01-30 16:00:00,12102.196072926676
2019-01-30 16:30:00,12063.331695136145
2019-01-30 17:00:00,12094.200460351083
2019-01-30 17:30:00,11989.930984004543
2019-01-30 18:00:00,11965.02427795477
2019-01-30 18:30:00,11711.412462101913
2019-01-30 19:00:00,11424.580284818023
2019-01-30 19:30:00,11153.912366085793
2019-01-30 20:00:00,10900.114683550768
2019-01-30 20:30:00,10574.822286955161
2019-01-30 21:00:00,10164.018474869043
2019-01-30 21:30:00,9844.403334205696
2019-01-30 22:00:00,9427.61655036156
2019-01-30 22:30:00,9224.813500931576
2019-01-30 23:00:00,8854.005488303488
2019-01-30 23:30:00,8600.614612125752
2019-01-31 00:00:00,8284.566333636181
2019-01-31 00:30:00,8125.131463967729
2019-01-31 01:00:00,7829.081370006771
2019-01-31 01:30:00,7639.97419503614
2019-01-31 02:00:00,7323.49761744908
2019-01-31 02:30:00,7216.962524924207
2019-01-31 03:00:00,7048.717148090604
2019-01-31 03:30:00,7093.548877186529
2019-01-31 04:00:00,7112.641786336508
2019-01-31 04:30:00,7309.585738379673
2019-01-31 05:00:00,7498.791477361644
2019-01-31 05:30:00,7854.683422040427
2019-01-31 06:00:00,8332.273510180396
2019-01-31 06:30:00,8649.222235349078
2019-01-31 07:00:00,9152.939978376005
2019-01-31 07:30:00,9312.16820329603
2019-01-31 08:00:00,9517.610501988494
2019-01-31 08:30:00,9671.958283636608
2019-01-31 09:00:00,9872.848103613824
2019-01-31 09:30:00,10047.238379419392
2019-01-31 10:00:00,10158.773080599485
2019-01-31 10:30:00,10285.5297045774
2019-01-31 11:00:00,10408.21354790892
2019-01-31 11:30:00,10585.063594460724
2019-01-31 12:00:00,10655.738335579379
2019-01-31 12:30:00,10748.328538305668
2019-01-31 13:00:00,11024.765713240686
2019-01-31 13:30:00,11069.120428392505
2019-01-31 14:00:00,11079.848030465011
2019-01-31 14:30:00,11144.033517909445
2019-01-31 15:00:00,11229.959444907454
2019-01-31 15:30:00,11468.264661894602
2019-01-31 16:00:00,11621.106704180358
2019-01-31 16:30:00,11521.938610780848
2019-01-31 17:00:00,11588.444405511564
2019-01-31 17:30:00,11404.672511554878
2019-01-31 18:00:00,11411.027304290013
2019-01-31 18:30:00,11218.031475621348
2019-01-31 19:00:00,11026.343230801871
2019-01-31 19:30:00,10923.702046158622
2019-01-31 20:00:00,10685.211607767757
2019-01-31 20:30:00,10454.78028426036
2019-01-31 21:00:00,10026.361886539395
2019-01-31 21:30:00,9760.202378683303
2019-01-31 22:00:00,9337.251461874073
2019-01-31 22:30:00,9090.248753639617
2019-01-31 23:00:00,8790.247649187708
2019-01-31 23:30:00,8487.324460283346
2019-02-01 00:00:00,8160.110647847063
2019-02-01 00:30:00,7976.001856088475
2019-02-01 01:00:00,7706.025332037619
2019-02-01 01:30:00,7448.59319583912
2019-02-01 02:00:00,7178.072371788684
2019-02-01 02:30:00,7105.799464253492
2019-02-01 03:00:00,6953.626282000768
2019-02-01 03:30:00,6992.532385103652
2019-02-01 04:00:00,6969.142631960745
2019-02-01 04:30:00,7147.468540960292
2019-02-01 05:00:00,7444.6435096025225
2019-02-01 05:30:00,7814.005311949128
2019-02-01 06:00:00,8301.783693989288
2019-02-01 06:30:00,8600.222630032931
2019-02-01 07:00:00,9082.64360140823
2019-02-01 07:30:00,9269.34241696653
2019-02-01 08:00:00,9536.133613989103
2019-02-01 08:30:00,9656.813987464597
2019-02-01 09:00:00,9868.467506115961
2019-02-01 09:30:00,10009.56701504982
2019-02-01 10:00:00,10191.30135740851
2019-02-01 10:30:00,10248.616231714794
2019-02-01 11:00:00,10318.584766449085
2019-02-01 11:30:00,10475.822998570047
2019-02-01 12:00:00,10702.070563699157
2019-02-01 12:30:00,10852.246832273035
2019-02-01 13:00:00,11150.912453478644
2019-02-01 13:30:00,11328.013320115848
2019-02-01 14:00:00,11496.102348433034
2019-02-01 14:30:00,11638.960579190838
2019-02-01 15:00:00,11940.101917452177
2019-02-01 15:30:00,12192.471768924206
2019-02-01 16:00:00,12406.411889454674
2019-02-01 16:30:00,12443.121355010067
2019-02-01 17:00:00,12588.193477906261
2019-02-01 17:30:00,12041.246736048586
2019-02-01 18:00:00,11554.901978210062
2019-02-01 18:30:00,11039.968727182226
2019-02-01 19:00:00,10606.197315620762
2019-02-01 19:30:00,10271.004561617578
2019-02-01 20:00:00,9977.358592993527
2019-02-01 20:30:00,9592.488155937925
2019-02-01 21:00:00,9125.93584154773
2019-02-01 21:30:00,8930.017523115415
2019-02-01 22:00:00,8612.303068932735
2019-02-01 22:30:00,8440.239683728132
2019-02-01 23:00:00,8142.4449028452655
2019-02-01 23:30:00,7954.105305403151
2019-02-02 00:00:00,7020.3426051044335
2019-02-02 00:30:00,6895.442916713135
2019-02-02 01:00:00,6606.378571671487
2019-02-02 01:30:00,6414.887840582396
2019-02-02 02:00:00,6150.172075493077
2019-02-02 02:30:00,6036.235494527421
2019-02-02 03:00:00,5940.6051772145
2019-02-02 03:30:00,5955.686404567128
2019-02-02 04:00:00,5995.648032733918
2019-02-02 04:30:00,6154.964962462242
2019-02-02 05:00:00,6398.066699999632
2019-02-02 05:30:00,6733.776211445933
2019-02-02 06:00:00,7178.420311791478
2019-02-02 06:30:00,7467.534295201497
2019-02-02 07:00:00,7891.316959078322
2019-02-02 07:30:00,7983.014585406208
2019-02-02 08:00:00,8129.186506308747
2019-02-02 08:30:00,8155.533072506324
2019-02-02 09:00:00,8216.715150094264
2019-02-02 09:30:00,8144.176305201354
2019-02-02 10:00:00,8207.526930140884
2019-02-02 10:30:00,8149.171304951436
2019-02-02 11:00:00,8158.356483040845
2019-02-02 11:30:00,8060.20678725525
2019-02-02 12:00:00,8085.520728721516
2019-02-02 12:30:00,8021.04024585471
2019-02-02 13:00:00,8000.521406123586
2019-02-02 13:30:00,8009.302993274055
2019-02-02 14:00:00,8039.216807167202
2019-02-02 14:30:00,8004.602784170478
2019-02-02 15:00:00,8090.708747876877
2019-02-02 15:30:00,8113.0975046784015
2019-02-02 16:00:00,8189.863886380259
2019-02-02 16:30:00,8174.928029353424
2019-02-02 17:00:00,8227.15746773442
2019-02-02 17:30:00,8130.48100730477
2019-02-02 18:00:00,8176.091114058039
2019-02-02 18:30:00,8122.721558967286
2019-02-02 19:00:00,8057.024987689003
2019-02-02 19:30:00,8032.665787198695
2019-02-02 20:00:00,7913.555287638831
2019-02-02 20:30:00,7719.582609601429
2019-02-02 21:00:00,7502.172798408512
2019-02-02 21:30:00,7497.636957146709
2019-02-02 22:00:00,7308.976782411079
2019-02-02 22:30:00,7292.961253347694
2019-02-02 23:00:00,7093.338344452497
2019-02-02 23:30:00,6985.831656742475
2019-02-03 00:00:00,7082.565845354744
2019-02-03 00:30:00,6977.560653703313
2019-02-03 01:00:00,6767.36140179677
2019-02-03 01:30:00,6547.6964040553175
2019-02-03 02:00:00,6290.492831349977
2019-02-03 02:30:00,6229.842354850365
2019-02-03 03:00:00,6104.20020734157
2019-02-03 03:30:00,6077.494567140016
2019-02-03 04:00:00,6064.5193017560105
2019-02-03 04:30:00,6149.332197086231
2019-02-03 05:00:00,6261.967694243261
2019-02-03 05:30:00,6421.656011088908
2019-02-03 06:00:00,6683.2782277093465
2019-02-03 06:30:00,6863.564717308947
2019-02-03 07:00:00,7282.786913697277
2019-02-03 07:30:00,7498.456985635463
2019-02-03 08:00:00,7779.741692123362
2019-02-03 08:30:00,7880.328982453118
2019-02-03 09:00:00,7970.440591108589
2019-02-03 09:30:00,8046.080963060736
2019-02-03 10:00:00,8057.094725450119
2019-02-03 10:30:00,8117.3099133179785
2019-02-03 11:00:00,8045.268618355897
2019-02-03 11:30:00,8081.774243321835
2019-02-03 12:00:00,7987.585051833382
2019-02-03 12:30:00,7921.859977493954
2019-02-03 13:00:00,7910.825755648936
2019-02-03 13:30:00,7920.910404535692
2019-02-03 14:00:00,7901.641116617464
2019-02-03 14:30:00,7965.976406225654
2019-02-03 15:00:00,8032.519339743323
2019-02-03 15:30:00,8151.378089293245
2019-02-03 16:00:00,8256.756008092561
2019-02-03 16:30:00,8326.473381143462
2019-02-03 17:00:00,8508.18252451453
2019-02-03 17:30:00,8578.315637086904
2019-02-03 18:00:00,8701.347013818338
2019-02-03 18:30:00,8663.186312041895
2019-02-03 19:00:00,8579.782018482507
2019-02-03 19:30:00,8570.33649881696
2019-02-03 20:00:00,8503.360825963953
2019-02-03 20:30:00,8380.53720808822
2019-02-03 21:00:00,8211.007259903217
2019-02-03 21:30:00,8080.6394103527045
2019-02-03 22:00:00,7861.512567679167
2019-02-03 22:30:00,7772.173694175872
2019-02-03 23:00:00,7486.712256339606
2019-02-03 23:30:00,7320.707377273315
2019-02-04 00:00:00,8185.0168084557845
2019-02-04 00:30:00,8104.535736730733
2019-02-04 01:00:00,7852.618772968027
2019-02-04 01:30:00,7655.81756415886
2019-02-04 02:00:00,7394.503752801917
2019-02-04 02:30:00,7348.798996417869
2019-02-04 03:00:00,7221.26524693986
2019-02-04 03:30:00,7188.107537280597
2019-02-04 04:00:00,7216.951001674399
2019-02-04 04:30:00,7221.083416528076
2019-02-04 05:00:00,7312.904410161173
2019-02-04 05:30:00,7388.075004166147
2019-02-04 06:00:00,7635.12551488014
2019-02-04 06:30:00,7754.957664361379
2019-02-04 07:00:00,8106.649085090394
2019-02-04 07:30:00,8300.943543657382
2019-02-04 08:00:00,8578.562986146982
2019-02-04 08:30:00,8695.141002246257
2019-02-04 09:00:00,8865.1237885374
2019-02-04 09:30:00,8992.972574732386
2019-02-04 10:00:00,9070.301756440294
2019-02-04 10:30:00,9106.836616538065
2019-02-04 11:00:00,9264.25965880337
2019-02-04 11:30:00,9402.754849010827
2019-02-04 12:00:00,9514.43376288283
2019-02-04 12:30:00,9646.297023991365
2019-02-04 13:00:00,9804.558931001819
2019-02-04 13:30:00,9947.983525790476
2019-02-04 14:00:00,10077.508602990269
2019-02-04 14:30:00,10254.393138857495
2019-02-04 15:00:00,10422.942736702344
2019-02-04 15:30:00,10586.99736646858
2019-02-04 16:00:00,10764.301608979635
2019-02-04 16:30:00,10891.304621204987
2019-02-04 17:00:00,11084.033537519192
2019-02-04 17:30:00,11147.05064811878
2019-02-04 18:00:00,11095.844178300196
2019-02-04 18:30:00,10888.616168618782
2019-02-04 19:00:00,10589.06939808224
2019-02-04 19:30:00,10513.288909987888
2019-02-04 20:00:00,10304.913301527886
2019-02-04 20:30:00,10113.720370020137
2019-02-04 21:00:00,9751.344395330223
2019-02-04 21:30:00,9523.845247608031
2019-02-04 22:00:00,9208.339744086186
2019-02-04 22:30:00,9060.429091690641
2019-02-04 23:00:00,8744.01889485595
2019-02-04 23:30:00,8509.95942375747
2019-02-05 00:00:00,7762.645831965062
2019-02-05 00:30:00,7650.7976346283185
2019-02-05 01:00:00,7373.638579998454
2019-02-05 01:30:00,7182.46782469278
2019-02-05 02:00:00,6924.302519891018
2019-02-05 02:30:00,6906.944008525162
2019-02-05 03:00:00,6789.569317815514
2019-02-05 03:30:00,6812.68853573834
2019-02-05 04:00:00,6846.603970880164
2019-02-05 04:30:00,7026.703541908793
2019-02-05 05:00:00,7312.880913809961
2019-02-05 05:30:00,7718.821928658485
2019-02-05 06:00:00,8246.39455836197
2019-02-05 06:30:00,8526.050531925921
2019-02-05 07:00:00,8959.568633774252
2019-02-05 07:30:00,9116.747573285924
2019-02-05 08:00:00,9345.956100397805
2019-02-05 08:30:00,9480.736420019226
2019-02-05 09:00:00,9641.566232042576
2019-02-05 09:30:00,9698.211919650194
2019-02-05 10:00:00,9846.899256292816
2019-02-05 10:30:00,9926.00022930818
2019-02-05 11:00:00,10023.301865630336
2019-02-05 11:30:00,10076.036723337844
2019-02-05 12:00:00,10255.130277675202
2019-02-05 12:30:00,10496.6088045114
2019-02-05 13:00:00,10644.675181624727
2019-02-05 13:30:00,10785.044406504461
2019-02-05 14:00:00,10884.872375108209
2019-02-05 14:30:00,10945.894238725145
2019-02-05 15:00:00,11238.689923746215
2019-02-05 15:30:00,11409.02925350947
2019-02-05 16:00:00,11592.515196282553
2019-02-05 16:30:00,11583.05736350366
2019-02-05 17:00:00,11621.128208407888
2019-02-05 17:30:00,11451.9377063792
2019-02-05 18:00:00,11415.293079378334
2019-02-05 18:30:00,11157.885746473705
2019-02-05 19:00:00,10912.606361609905
2019-02-05 19:30:00,10741.450670076023
2019-02-05 20:00:00,10470.993075072816
2019-02-05 20:30:00,10156.833782455338
2019-02-05 21:00:00,9828.67826744275
2019-02-05 21:30:00,9630.772583303165
2019-02-05 22:00:00,9228.975694911565
2019-02-05 22:30:00,9030.880465109214
2019-02-05 23:00:00,8658.21551689451
2019-02-05 23:30:00,8442.54281786453
2019-02-06 00:00:00,8035.376540553155
2019-02-06 00:30:00,7809.724642396027
2019-02-06 01:00:00,7520.876628124358
2019-02-06 01:30:00,7342.395662777468
2019-02-06 02:00:00,6980.054018275427
2019-02-06 02:30:00,6927.021360986576
2019-02-06 03:00:00,6756.724716931274
2019-02-06 03:30:00,6756.395055126306
2019-02-06 04:00:00,6819.116827211942
2019-02-06 04:30:00,6992.341353264458
2019-02-06 05:00:00,7266.423889091077
2019-02-06 05:30:00,7628.130755819706
2019-02-06 06:00:00,8106.57694922931
2019-02-06 06:30:00,8451.653138621588
2019-02-06 07:00:00,8951.555815486463
2019-02-06 07:30:00,9071.135163068957
2019-02-06 08:00:00,9258.609056306186
2019-02-06 08:30:00,9361.707705783263
2019-02-06 09:00:00,9449.342621674012
2019-02-06 09:30:00,9493.847138989586
2019-02-06 10:00:00,9551.311236156635
2019-02-06 10:30:00,9600.703432741055
2019-02-06 11:00:00,9622.812298856163
2019-02-06 11:30:00,9660.144148681456
2019-02-06 12:00:00,9639.265811452391
2019-02-06 12:30:00,9666.69467677831
2019-02-06 13:00:00,9771.513441162031
2019-02-06 13:30:00,9817.0018667761
2019-02-06 14:00:00,9852.831620640736
2019-02-06 14:30:00,9989.98843745086
2019-02-06 15:00:00,10067.99168672701
2019-02-06 15:30:00,10138.931475048457
2019-02-06 16:00:00,10226.28694996684
2019-02-06 16:30:00,10168.160145727892
2019-02-06 17:00:00,10213.83631966236
2019-02-06 17:30:00,10071.705922934063
2019-02-06 18:00:00,10043.2277348107
2019-02-06 18:30:00,9897.729873665448
2019-02-06 19:00:00,9814.817534255306
2019-02-06 19:30:00,9781.48521913842
2019-02-06 20:00:00,9532.34639492174
2019-02-06 20:30:00,9321.002892405135
2019-02-06 21:00:00,9020.787745977996
2019-02-06 21:30:00,8897.86311018062
2019-02-06 22:00:00,8593.015678506143
2019-02-06 22:30:00,8449.98021519892
2019-02-06 23:00:00,8174.303821921898
2019-02-06 23:30:00,8021.448824740011
2019-02-07 00:00:00,7935.5656738967855
2019-02-07 00:30:00,7779.869655762611
2019-02-07 01:00:00,7468.293359795722
2019-02-07 01:30:00,7283.889395547584
2019-02-07 02:00:00,7036.569258231337
2019-02-07 02:30:00,6905.0995604422
2019-02-07 03:00:00,6790.283031308638
2019-02-07 03:30:00,6798.156924788387
2019-02-07 04:00:00,6812.753267964301
2019-02-07 04:30:00,6986.076184846665
2019-02-07 05:00:00,7264.392153448605
2019-02-07 05:30:00,7583.156265958728
2019-02-07 06:00:00,8072.454862850779
2019-02-07 06:30:00,8382.488799544339
2019-02-07 07:00:00,8811.220240045468
2019-02-07 07:30:00,8961.098709038002
2019-02-07 08:00:00,9177.068826524355
2019-02-07 08:30:00,9318.203001840813
2019-02-07 09:00:00,9433.888990260204
2019-02-07 09:30:00,9457.431006634259
2019-02-07 10:00:00,9564.981290378262
2019-02-07 10:30:00,9587.367420087992
2019-02-07 11:00:00,9609.756518487507
2019-02-07 11:30:00,9664.459192792005
2019-02-07 12:00:00,9690.090482949894
2019-02-07 12:30:00,9771.634304693007
2019-02-07 13:00:00,9840.191205266432
2019-02-07 13:30:00,9902.74296975681
2019-02-07 14:00:00,9991.654810430857
2019-02-07 14:30:00,10110.063331143887
2019-02-07 15:00:00,10343.54101360064
2019-02-07 15:30:00,10533.120593610238
2019-02-07 16:00:00,10652.13836662986
2019-02-07 16:30:00,10655.855041962066
2019-02-07 17:00:00,10735.729676438961
2019-02-07 17:30:00,10590.409047843126
2019-02-07 18:00:00,10586.058789234952
2019-02-07 18:30:00,10464.711033806961
2019-02-07 19:00:00,10232.104516883463
2019-02-07 19:30:00,10132.358391618201
2019-02-07 20:00:00,9983.17233741521
2019-02-07 20:30:00,9769.369064152368
2019-02-07 21:00:00,9432.749310680934
2019-02-07 21:30:00,9219.066604450018
2019-02-07 22:00:00,8850.919379866928
2019-02-07 22:30:00,8716.630837327579
2019-02-07 23:00:00,8405.039164063715
2019-02-07 23:30:00,8207.984508077354
2019-02-08 00:00:00,7947.7405464433405
2019-02-08 00:30:00,7775.359812547115
2019-02-08 01:00:00,7544.508349460918
2019-02-08 01:30:00,7243.730209702963
2019-02-08 02:00:00,6989.57937981475
2019-02-08 02:30:00,6918.956940184924
2019-02-08 03:00:00,6809.005914118134
2019-02-08 03:30:00,6815.83199778496
2019-02-08 04:00:00,6864.572586010423
2019-02-08 04:30:00,7077.017936765652
2019-02-08 05:00:00,7300.640917084648
2019-02-08 05:30:00,7674.474659178626
2019-02-08 06:00:00,8181.353175322925
2019-02-08 06:30:00,8473.440237484878
2019-02-08 07:00:00,8928.311776502333
2019-02-08 07:30:00,9067.522310558772
2019-02-08 08:00:00,9324.125213681153
2019-02-08 08:30:00,9371.800413753983
2019-02-08 09:00:00,9492.327101946277
2019-02-08 09:30:00,9538.270365302378
2019-02-08 10:00:00,9605.02031688249
2019-02-08 10:30:00,9676.547823091241
2019-02-08 11:00:00,9718.595538350364
2019-02-08 11:30:00,9794.235910302512
2019-02-08 12:00:00,9833.63928954753
2019-02-08 12:30:00,9951.545993022584
2019-02-08 13:00:00,10045.212104317896
2019-02-08 13:30:00,10222.47065439424
2019-02-08 14:00:00,10281.510781014615
2019-02-08 14:30:00,10385.300793392433
2019-02-08 15:00:00,10568.090276458237
2019-02-08 15:30:00,10706.35156859878
2019-02-08 16:00:00,10782.251981942272
2019-02-08 16:30:00,10827.118200353618
2019-02-08 17:00:00,10911.848474808558
2019-02-08 17:30:00,10806.59509016352
2019-02-08 18:00:00,10780.542183470974
2019-02-08 18:30:00,10514.188521046979
2019-02-08 19:00:00,10302.792698058605
2019-02-08 19:30:00,10199.568404433192
2019-02-08 20:00:00,10019.344886423478
2019-02-08 20:30:00,9774.570677960135
2019-02-08 21:00:00,9370.905044048877
2019-02-08 21:30:00,9179.753837853483
2019-02-08 22:00:00,8845.430882536526
2019-02-08 22:30:00,8713.707737570196
2019-02-08 23:00:00,8406.054324592105
2019-02-08 23:30:00,8189.355991951275
2019-02-09 00:00:00,7377.822535102419
2019-02-09 00:30:00,7215.620409084836
2019-02-09 01:00:00,6934.407781320864
2019-02-09 01:30:00,6749.3027681504345
2019-02-09 02:00:00,6495.754596354664
2019-02-09 02:30:00,6404.6446879140785
2019-02-09 03:00:00,6247.517474853462
2019-02-09 03:30:00,6249.386900620601
2019-02-09 04:00:00,6271.273851226924
2019-02-09 04:30:00,6423.272743139174
2019-02-09 05:00:00,6689.727596666305
2019-02-09 05:30:00,7009.77078996447
2019-02-09 06:00:00,7518.683651311981
2019-02-09 06:30:00,7806.397986902033
2019-02-09 07:00:00,8247.834334634263
2019-02-09 07:30:00,8394.192909954292
2019-02-09 08:00:00,8591.788745552669
2019-02-09 08:30:00,8697.057070402845
2019-02-09 09:00:00,8832.012721267587
2019-02-09 09:30:00,8871.341622821701
2019-02-09 10:00:00,8912.95493329426
2019-02-09 10:30:00,9003.250284710388
2019-02-09 11:00:00,9037.421479397966
2019-02-09 11:30:00,9141.614741116733
2019-02-09 12:00:00,9238.938279852271
2019-02-09 12:30:00,9329.947170371212
2019-02-09 13:00:00,9548.109543649696
2019-02-09 13:30:00,9669.123205434755
2019-02-09 14:00:00,9759.035876425782
2019-02-09 14:30:00,9833.49293132794
2019-02-09 15:00:00,10058.152555505461
2019-02-09 15:30:00,10110.664023513233
2019-02-09 16:00:00,10238.583950715249
2019-02-09 16:30:00,10172.969757386192
2019-02-09 17:00:00,10033.295352248419
2019-02-09 17:30:00,9597.230643793104
2019-02-09 18:00:00,9306.917712489063
2019-02-09 18:30:00,9047.266939608176
2019-02-09 19:00:00,8825.822938861813
2019-02-09 19:30:00,8712.15935418363
2019-02-09 20:00:00,8523.156876115241
2019-02-09 20:30:00,8371.95234683872
2019-02-09 21:00:00,8053.217548197811
2019-02-09 21:30:00,8025.690292042041
2019-02-09 22:00:00,7788.260127924713
2019-02-09 22:30:00,7708.836552034137
2019-02-09 23:00:00,7439.66363954873
2019-02-09 23:30:00,7282.238311789621
2019-02-10 00:00:00,7319.010024762444
2019-02-10 00:30:00,7096.885256274755
2019-02-10 01:00:00,6862.94195215087
2019-02-10 01:30:00,6628.181432130098
2019-02-10 02:00:00,6346.500718994321
2019-02-10 02:30:00,6262.553792022465
2019-02-10 03:00:00,6080.882909925188
2019-02-10 03:30:00,6084.250374342143
2019-02-10 04:00:00,6085.77567735322
2019-02-10 04:30:00,6111.935324979826
2019-02-10 05:00:00,6255.074606481978
2019-02-10 05:30:00,6397.468313476196
2019-02-10 06:00:00,6665.006293000948
2019-02-10 06:30:00,6748.648184394528
2019-02-10 07:00:00,7116.310958849954
2019-02-10 07:30:00,7243.12162125357
2019-02-10 08:00:00,7465.440163184195
2019-02-10 08:30:00,7613.490931721944
2019-02-10 09:00:00,7669.27382678151
2019-02-10 09:30:00,7743.162712906648
2019-02-10 10:00:00,7782.576935807099
2019-02-10 10:30:00,7834.416412957234
2019-02-10 11:00:00,7913.726822343634
2019-02-10 11:30:00,8111.730897313068
2019-02-10 12:00:00,8159.802355606389
2019-02-10 12:30:00,8238.46803999
2019-02-10 13:00:00,8350.941739991697
2019-02-10 13:30:00,8400.051254267091
2019-02-10 14:00:00,8435.48283590719
2019-02-10 14:30:00,8403.7761854018
2019-02-10 15:00:00,8517.864065938827
2019-02-10 15:30:00,8667.53606725011
2019-02-10 16:00:00,8837.537212150231
2019-02-10 16:30:00,8892.476411613436
2019-02-10 17:00:00,8978.864389970673
2019-02-10 17:30:00,8960.804829682524
2019-02-10 18:00:00,9001.773645414383
2019-02-10 18:30:00,8865.613227083277
2019-02-10 19:00:00,8641.451399508343
2019-02-10 19:30:00,8570.622492197266
2019-02-10 20:00:00,8431.890669252183
2019-02-10 20:30:00,8229.756806520867
2019-02-10 21:00:00,8026.250159814178
2019-02-10 21:30:00,7871.934240389691
2019-02-10 22:00:00,7661.970235072673
2019-02-10 22:30:00,7624.291801423925
2019-02-10 23:00:00,7359.58114266434
2019-02-10 23:30:00,7211.601334570777
2019-02-11 00:00:00,8013.833729011888
2019-02-11 00:30:00,7850.057349716713
2019-02-11 01:00:00,7612.367958061615
2019-02-11 01:30:00,7422.47365645219
2019-02-11 02:00:00,7208.057781618011
2019-02-11 02:30:00,7124.97682300452
2019-02-11 03:00:00,6984.3447800431895
2019-02-11 03:30:00,7019.615676625233
2019-02-11 04:00:00,6978.95086274118
2019-02-11 04:30:00,7031.474643862297
2019-02-11 05:00:00,7171.062169468316
2019-02-11 05:30:00,7266.164376620373
2019-02-11 06:00:00,7447.678713379254
2019-02-11 06:30:00,7559.566008936557
2019-02-11 07:00:00,7877.182340314038
2019-02-11 07:30:00,7925.993877940914
2019-02-11 08:00:00,8121.892266137981
2019-02-11 08:30:00,8174.541046128986
2019-02-11 09:00:00,8229.47046301071
2019-02-11 09:30:00,8204.238058165103
2019-02-11 10:00:00,8142.60752590197
2019-02-11 10:30:00,8088.450844172422
2019-02-11 11:00:00,8044.603364972982
2019-02-11 11:30:00,7991.88542928396
2019-02-11 12:00:00,7989.8812093675015
2019-02-11 12:30:00,7996.5913349075445
2019-02-11 13:00:00,8011.446391493453
2019-02-11 13:30:00,8019.450538026678
2019-02-11 14:00:00,8084.455388860656
2019-02-11 14:30:00,8143.371946830192
2019-02-11 15:00:00,8273.288437859632
2019-02-11 15:30:00,8409.83010639679
2019-02-11 16:00:00,8599.765491535789
2019-02-11 16:30:00,8733.7099002763
2019-02-11 17:00:00,8996.15618964141
2019-02-11 17:30:00,9165.64910015658
2019-02-11 18:00:00,9279.522893715082
2019-02-11 18:30:00,9244.365505235204
2019-02-11 19:00:00,9155.813026300018
2019-02-11 19:30:00,9211.266356114544
2019-02-11 20:00:00,9119.375627107554
2019-02-11 20:30:00,9016.77616777666
2019-02-11 21:00:00,8755.49718192986
2019-02-11 21:30:00,8635.799894407237
2019-02-11 22:00:00,8381.331194707469
2019-02-11 22:30:00,8312.305184557308
2019-02-11 23:00:00,8065.162131936625
2019-02-11 23:30:00,7937.09176078807
2019-02-12 00:00:00,7294.1978414210425
2019-02-12 00:30:00,7195.553564394405
2019-02-12 01:00:00,6955.544518135275
2019-02-12 01:30:00,6794.107342554413
2019-02-12 02:00:00,6593.970451161749
2019-02-12 02:30:00,6533.831477921665
2019-02-12 03:00:00,6426.172676073244
2019-02-12 03:30:00,6477.9262525740505
2019-02-12 04:00:00,6544.45340480019
2019-02-12 04:30:00,6697.923550255042
2019-02-12 05:00:00,6977.712754212929
2019-02-12 05:30:00,7332.229854365614
2019-02-12 06:00:00,7818.335592298335
2019-02-12 06:30:00,8035.0064945535005
2019-02-12 07:00:00,8378.890550408989
2019-02-12 07:30:00,8413.784628622945
2019-02-12 08:00:00,8537.166348129178
2019-02-12 08:30:00,8569.22664138778
2019-02-12 09:00:00,8642.434576419426
2019-02-12 09:30:00,8601.31689556391
2019-02-12 10:00:00,8646.100888793726
2019-02-12 10:30:00,8633.838506191312
2019-02-12 11:00:00,8626.87509800489
2019-02-12 11:30:00,8616.763018732472
2019-02-12 12:00:00,8695.94815546029
2019-02-12 12:30:00,8757.366209488418
2019-02-12 13:00:00,8866.936968836744
2019-02-12 13:30:00,8965.194918540918
2019-02-12 14:00:00,9095.885745493762
2019-02-12 14:30:00,9198.541870342153
2019-02-12 15:00:00,9469.595163779843
2019-02-12 15:30:00,9713.070742344862
2019-02-12 16:00:00,9937.580406981573
2019-02-12 16:30:00,10092.03446073492
2019-02-12 17:00:00,10223.95784420217
2019-02-12 17:30:00,10206.798741587807
2019-02-12 18:00:00,10246.80780703659
2019-02-12 18:30:00,10103.118097235843
2019-02-12 19:00:00,9920.45963256044
2019-02-12 19:30:00,9847.259482244248
2019-02-12 20:00:00,9654.619170563223
2019-02-12 20:30:00,9426.866575663837
2019-02-12 21:00:00,9032.085528638036
2019-02-12 21:30:00,8931.715214356705
2019-02-12 22:00:00,8558.847857032637
2019-02-12 22:30:00,8448.620892469427
2019-02-12 23:00:00,8207.38128963971
2019-02-12 23:30:00,8007.4315742753615
2019-02-13 00:00:00,7693.784791999262
2019-02-13 00:30:00,7527.519229758843
2019-02-13 01:00:00,7258.866138900179
2019-02-13 01:30:00,7037.45228242351
2019-02-13 02:00:00,6748.448922566519
2019-02-13 02:30:00,6640.024855164227
2019-02-13 03:00:00,6530.147416633417
2019-02-13 03:30:00,6509.148444563131
2019-02-13 04:00:00,6541.292844767666
2019-02-13 04:30:00,6681.005196062081
2019-02-13 05:00:00,6889.202992296789
2019-02-13 05:30:00,7272.774799454068
2019-02-13 06:00:00,7724.544764861127
2019-02-13 06:30:00,7977.239023954536
2019-02-13 07:00:00,8343.393896671418
2019-02-13 07:30:00,8300.856373607206
2019-02-13 08:00:00,8461.296769584083
2019-02-13 08:30:00,8487.662062546315
2019-02-13 09:00:00,8609.484753545137
2019-02-13 09:30:00,8692.809296247095
2019-02-13 10:00:00,8768.101682727172
2019-02-13 10:30:00,8859.55817499121
2019-02-13 11:00:00,8994.912259171233
2019-02-13 11:30:00,9118.250007398288
2019-02-13 12:00:00,9265.386091144856
2019-02-13 12:30:00,9416.012588555626
2019-02-13 13:00:00,9610.83415895772
2019-02-13 13:30:00,9767.632025330517
2019-02-13 14:00:00,10008.847616427915
2019-02-13 14:30:00,10210.568366729553
2019-02-13 15:00:00,10561.72673586983
2019-02-13 15:30:00,10835.897626256081
2019-02-13 16:00:00,11057.731189376578
2019-02-13 16:30:00,11194.199270377756
2019-02-13 17:00:00,11384.512768349876
2019-02-13 17:30:00,11312.198135502327
2019-02-13 18:00:00,11327.646609895966
2019-02-13 18:30:00,11116.52469233293
2019-02-13 19:00:00,10811.077099097216
2019-02-13 19:30:00,10676.899437568238
2019-02-13 20:00:00,10385.206990614486
2019-02-13 20:30:00,10078.608851690275
2019-02-13 21:00:00,9552.788786601948
2019-02-13 21:30:00,9282.408159083883
2019-02-13 22:00:00,8832.773778275174
2019-02-13 22:30:00,8596.712001264284
2019-02-13 23:00:00,8289.475150153292
2019-02-13 23:30:00,8173.613300248627
2019-02-14 00:00:00,7945.750801568436
2019-02-14 00:30:00,7771.208096507317
2019-02-14 01:00:00,7507.002142102159
2019-02-14 01:30:00,7270.507703551311
2019-02-14 02:00:00,6975.290781208665
2019-02-14 02:30:00,6849.175913543753
2019-02-14 03:00:00,6745.23641411933
2019-02-14 03:30:00,6678.156044364085
2019-02-14 04:00:00,6610.138579781886
2019-02-14 04:30:00,6793.243914131699
2019-02-14 05:00:00,7063.462422486977
2019-02-14 05:30:00,7413.972283723049
2019-02-14 06:00:00,7871.547308091225
2019-02-14 06:30:00,8122.584040349509
2019-02-14 07:00:00,8524.327158340058
2019-02-14 07:30:00,8541.444535642067
2019-02-14 08:00:00,8639.599104486284
2019-02-14 08:30:00,8692.936620286235
2019-02-14 09:00:00,8726.099487569156
2019-02-14 09:30:00,8680.814902544544
2019-02-14 10:00:00,8668.87173935538
2019-02-14 10:30:00,8616.32117312705
2019-02-14 11:00:00,8601.375794609476
2019-02-14 11:30:00,8525.012197532962
2019-02-14 12:00:00,8490.113578223163
2019-02-14 12:30:00,8518.583017365074
2019-02-14 13:00:00,8557.578316579516
2019-02-14 13:30:00,8601.03257405755
2019-02-14 14:00:00,8660.468891089118
2019-02-14 14:30:00,8678.589725799902
2019-02-14 15:00:00,8821.685979124028
2019-02-14 15:30:00,8942.116354859745
2019-02-14 16:00:00,9104.17264583593
2019-02-14 16:30:00,9177.74681036124
2019-02-14 17:00:00,9319.214104323886
2019-02-14 17:30:00,9218.58246158998
2019-02-14 18:00:00,9278.341298731288
2019-02-14 18:30:00,9163.310105523942
2019-02-14 19:00:00,8978.1057923858
2019-02-14 19:30:00,8947.626811334547
2019-02-14 20:00:00,8783.202491618238
2019-02-14 20:30:00,8650.200265863865
2019-02-14 21:00:00,8329.42143599819
2019-02-14 21:30:00,8236.309221645197
2019-02-14 22:00:00,7970.958238052701
2019-02-14 22:30:00,7943.148122520729
2019-02-14 23:00:00,7715.245320146388
2019-02-14 23:30:00,7609.005400111063
2019-02-15 00:00:00,7349.751649566121
2019-02-15 00:30:00,7244.060349197539
2019-02-15 01:00:00,7030.070834422811
2019-02-15 01:30:00,6809.599160932282
2019-02-15 02:00:00,6594.824212094126
2019-02-15 02:30:00,6486.540260834037
2019-02-15 03:00:00,6390.043975162752
2019-02-15 03:30:00,6448.43408966762
2019-02-15 04:00:00,6493.172516092884
2019-02-15 04:30:00,6677.756339982234
2019-02-15 05:00:00,6911.351283431444
2019-02-15 05:30:00,7319.486308735664
2019-02-15 06:00:00,7752.28178418692
2019-02-15 06:30:00,8007.03519177741
2019-02-15 07:00:00,8362.846714246754
2019-02-15 07:30:00,8362.578149797244
2019-02-15 08:00:00,8420.913667684268
2019-02-15 08:30:00,8511.388878741607
2019-02-15 09:00:00,8545.363675957193
2019-02-15 09:30:00,8514.047961679407
2019-02-15 10:00:00,8558.409156457994
2019-02-15 10:30:00,8534.227188517105
2019-02-15 11:00:00,8524.375956949629
2019-02-15 11:30:00,8470.08639507481
2019-02-15 12:00:00,8384.196522609132
2019-02-15 12:30:00,8380.2191641028
2019-02-15 13:00:00,8327.026687586278
2019-02-15 13:30:00,8381.653147262998
2019-02-15 14:00:00,8354.300871091975
2019-02-15 14:30:00,8437.795587413593
2019-02-15 15:00:00,8541.028614443552
2019-02-15 15:30:00,8627.774837055342
2019-02-15 16:00:00,8757.745854411878
2019-02-15 16:30:00,8857.479666563793
2019-02-15 17:00:00,9077.541684465865
2019-02-15 17:30:00,9063.430070485041
2019-02-15 18:00:00,9121.326717856144
2019-02-15 18:30:00,9077.643816494785
2019-02-15 19:00:00,8962.102837981844
2019-02-15 19:30:00,8992.963069239147
2019-02-15 20:00:00,8762.188840888892
2019-02-15 20:30:00,8570.208782742347
2019-02-15 21:00:00,8293.46731933687
2019-02-15 21:30:00,8183.09498444787
2019-02-15 22:00:00,7958.541705927472
2019-02-15 22:30:00,7893.926361102051
2019-02-15 23:00:00,7739.155375691509
2019-02-15 23:30:00,7625.405890364001
2019-02-16 00:00:00,6908.974224933418
2019-02-16 00:30:00,6818.5361302832935
2019-02-16 01:00:00,6526.660176488366
2019-02-16 01:30:00,6350.486552632162
2019-02-16 02:00:00,6100.839524714947
2019-02-16 02:30:00,6021.1429525368985
2019-02-16 03:00:00,5946.686212751889
2019-02-16 03:30:00,5960.143580239188
2019-02-16 04:00:00,5982.886813182325
2019-02-16 04:30:00,6166.988368943979
2019-02-16 05:00:00,6400.39113963863
2019-02-16 05:30:00,6769.06420617629
2019-02-16 06:00:00,7202.708082688976
2019-02-16 06:30:00,7427.633951562768
2019-02-16 07:00:00,7774.235834246825
2019-02-16 07:30:00,7783.371064150507
2019-02-16 08:00:00,7910.722906166138
2019-02-16 08:30:00,7937.514447017019
2019-02-16 09:00:00,8011.8613466945035
2019-02-16 09:30:00,8014.18823729547
2019-02-16 10:00:00,8046.326792970651
2019-02-16 10:30:00,8014.401184603488
2019-02-16 11:00:00,7959.462149671099
2019-02-16 11:30:00,7890.600881889834
2019-02-16 12:00:00,7857.141008620562
2019-02-16 12:30:00,7853.852385923176
2019-02-16 13:00:00,7872.627958430746
2019-02-16 13:30:00,7909.273699538888
2019-02-16 14:00:00,7969.288048436207
2019-02-16 14:30:00,8053.291640925558
2019-02-16 15:00:00,8238.757225507577
2019-02-16 15:30:00,8349.789061073692
2019-02-16 16:00:00,8514.295259707385
2019-02-16 16:30:00,8535.45191521681
2019-02-16 17:00:00,8579.391720596583
2019-02-16 17:30:00,8495.762142316351
2019-02-16 18:00:00,8501.708431526948
2019-02-16 18:30:00,8421.094479656627
2019-02-16 19:00:00,8281.523962458346
2019-02-16 19:30:00,8313.719940021188
2019-02-16 20:00:00,8154.419179453984
2019-02-16 20:30:00,8014.052581666043
2019-02-16 21:00:00,7790.191346293866
2019-02-16 21:30:00,7783.788883423895
2019-02-16 22:00:00,7598.35868405481
2019-02-16 22:30:00,7551.689568482547
2019-02-16 23:00:00,7336.9933135101055
2019-02-16 23:30:00,7189.876846683113
2019-02-17 00:00:00,7232.646795211931
2019-02-17 00:30:00,7109.340909208504
2019-02-17 01:00:00,6841.1009307795175
2019-02-17 01:30:00,6608.288678245454
2019-02-17 02:00:00,6323.855648965686
2019-02-17 02:30:00,6215.524718209655
2019-02-17 03:00:00,6071.9284601723175
2019-02-17 03:30:00,6053.799744186152
2019-02-17 04:00:00,6053.202174252896
2019-02-17 04:30:00,6104.980554047572
2019-02-17 05:00:00,6253.393842141033
2019-02-17 05:30:00,6409.15638888143
2019-02-17 06:00:00,6656.504699176765
2019-02-17 06:30:00,6779.694449986232
2019-02-17 07:00:00,7123.2611571500975
2019-02-17 07:30:00,7303.42906153112
2019-02-17 08:00:00,7511.26722945539
2019-02-17 08:30:00,7617.462797086566
2019-02-17 09:00:00,7647.946935761479
2019-02-17 09:30:00,7690.855023597389
2019-02-17 10:00:00,7649.962780230414
2019-02-17 10:30:00,7650.985786749468
2019-02-17 11:00:00,7653.7755608986645
2019-02-17 11:30:00,7628.717761510683
2019-02-17 12:00:00,7653.101833104156
2019-02-17 12:30:00,7632.658716697546
2019-02-17 13:00:00,7626.826895721202
2019-02-17 13:30:00,7729.330591314043
2019-02-17 14:00:00,7760.18658819333
2019-02-17 14:30:00,7848.504436990916
2019-02-17 15:00:00,8050.996889320478
2019-02-17 15:30:00,8173.483786461483
2019-02-17 16:00:00,8323.430769369252
2019-02-17 16:30:00,8349.091226849676
2019-02-17 17:00:00,8468.85587272795
2019-02-17 17:30:00,8485.343806830302
2019-02-17 18:00:00,8543.274943516826
2019-02-17 18:30:00,8447.134789640573
2019-02-17 19:00:00,8346.371984715328
2019-02-17 19:30:00,8425.338095772076
2019-02-17 20:00:00,8288.886183932018
2019-02-17 20:30:00,8149.424652723002
2019-02-17 21:00:00,7912.081246569656
2019-02-17 21:30:00,7823.335345137252
2019-02-17 22:00:00,7610.820237173908
2019-02-17 22:30:00,7614.701831942184
2019-02-17 23:00:00,7327.1546375688
2019-02-17 23:30:00,7165.304349558261
2019-02-18 00:00:00,7969.9029372810965
2019-02-18 00:30:00,7825.140791440734
2019-02-18 01:00:00,7666.557626984588
2019-02-18 01:30:00,7489.4861725463925
2019-02-18 02:00:00,7260.830880702531
2019-02-18 02:30:00,7175.15464410574
2019-02-18 03:00:00,7079.861224594722
2019-02-18 03:30:00,7081.533868702163
2019-02-18 04:00:00,7049.298803961535
2019-02-18 04:30:00,7059.270767091749
2019-02-18 05:00:00,7176.215911651874
2019-02-18 05:30:00,7281.887662910176
2019-02-18 06:00:00,7502.655508941022
2019-02-18 06:30:00,7562.097865096777
2019-02-18 07:00:00,7880.606772872661
2019-02-18 07:30:00,7939.3531572225365
2019-02-18 08:00:00,8136.387882973649
2019-02-18 08:30:00,8230.618867583753
2019-02-18 09:00:00,8359.975927168627
2019-02-18 09:30:00,8401.351487039301
2019-02-18 10:00:00,8458.234925248804
2019-02-18 10:30:00,8457.661502288192
2019-02-18 11:00:00,8520.523721071251
2019-02-18 11:30:00,8580.244327698068
2019-02-18 12:00:00,8695.91291318975
2019-02-18 12:30:00,8838.874788960991
2019-02-18 13:00:00,8948.435862287766
2019-02-18 13:30:00,9085.002334118793
2019-02-18 14:00:00,9278.434648291957
2019-02-18 14:30:00,9421.002960743801
2019-02-18 15:00:00,9653.838886887552
2019-02-18 15:30:00,9822.34328019909
2019-02-18 16:00:00,10067.810191593733
2019-02-18 16:30:00,10191.765715185546
2019-02-18 17:00:00,10435.023165638217
2019-02-18 17:30:00,10483.773605909635
2019-02-18 18:00:00,10495.918517400747
2019-02-18 18:30:00,10414.357773639145
2019-02-18 19:00:00,10217.454814837649
2019-02-18 19:30:00,10178.211813932861
2019-02-18 20:00:00,10030.206449688063
2019-02-18 20:30:00,9768.97879643779
2019-02-18 21:00:00,9443.71834080319
2019-02-18 21:30:00,9208.707000697019
2019-02-18 22:00:00,8934.154258594619
2019-02-18 22:30:00,8788.6199263206
2019-02-18 23:00:00,8478.757562681672
2019-02-18 23:30:00,8323.410932529923
2019-02-19 00:00:00,7647.6948396686375
2019-02-19 00:30:00,7507.98954730398
2019-02-19 01:00:00,7277.903034654503
2019-02-19 01:30:00,7098.342397271063
2019-02-19 02:00:00,6856.347677880031
2019-02-19 02:30:00,6789.429600469064
2019-02-19 03:00:00,6704.732978382778
2019-02-19 03:30:00,6745.784130632071
2019-02-19 04:00:00,6767.6835714189165
2019-02-19 04:30:00,6948.014413422666
2019-02-19 05:00:00,7233.097173082144
2019-02-19 05:30:00,7585.542811624402
2019-02-19 06:00:00,8078.541161830171
2019-02-19 06:30:00,8337.101754307332
2019-02-19 07:00:00,8737.243188634628
2019-02-19 07:30:00,8799.588308376578
2019-02-19 08:00:00,8982.924532576542
2019-02-19 08:30:00,8977.977560698408
2019-02-19 09:00:00,9184.168172374146
2019-02-19 09:30:00,9198.328570597083
2019-02-19 10:00:00,9356.36040898361
2019-02-19 10:30:00,9367.42896616886
2019-02-19 11:00:00,9452.505336295817
2019-02-19 11:30:00,9579.7664046035
2019-02-19 12:00:00,9774.521668183856
2019-02-19 12:30:00,9938.462966915104
2019-02-19 13:00:00,10075.408553163648
2019-02-19 13:30:00,10260.253060227125
2019-02-19 14:00:00,10411.209771037164
2019-02-19 14:30:00,10576.813850787123
2019-02-19 15:00:00,10865.757353238925
2019-02-19 15:30:00,11097.816968449613
2019-02-19 16:00:00,11319.783588782557
2019-02-19 16:30:00,11368.58544038788
2019-02-19 17:00:00,11381.372469112595
2019-02-19 17:30:00,11186.428372957222
2019-02-19 18:00:00,11171.23557395533
2019-02-19 18:30:00,10916.701124226613
2019-02-19 19:00:00,10604.306880292148
2019-02-19 19:30:00,10494.187992580342
2019-02-19 20:00:00,10134.797400506584
2019-02-19 20:30:00,9844.074674503554
2019-02-19 21:00:00,9379.812779585558
2019-02-19 21:30:00,9242.683393161098
2019-02-19 22:00:00,8838.583595116776
2019-02-19 22:30:00,8717.924575497731
2019-02-19 23:00:00,8384.350021865088
2019-02-19 23:30:00,8213.784675310302
2019-02-20 00:00:00,7835.5317357941285
2019-02-20 00:30:00,7706.184910949325
2019-02-20 01:00:00,7416.965509560334
2019-02-20 01:30:00,7222.0115503162315
2019-02-20 02:00:00,6933.069464881875
2019-02-20 02:30:00,6835.094374553903
2019-02-20 03:00:00,6718.484634280977
2019-02-20 03:30:00,6758.079473192808
2019-02-20 04:00:00,6819.544340692476
2019-02-20 04:30:00,6921.120793504317
2019-02-20 05:00:00,7241.951286622769
2019-02-20 05:30:00,7608.225856836826
2019-02-20 06:00:00,8100.336062482156
2019-02-20 06:30:00,8412.466264080012
2019-02-20 07:00:00,8770.324444865915
2019-02-20 07:30:00,8833.77602175163
2019-02-20 08:00:00,9059.007190357177
2019-02-20 08:30:00,9167.342552951171
2019-02-20 09:00:00,9285.318315564315
2019-02-20 09:30:00,9401.375142382509
2019-02-20 10:00:00,9495.225119829196
2019-02-20 10:30:00,9553.354551159937
2019-02-20 11:00:00,9600.368787407477
2019-02-20 11:30:00,9552.592569413002
2019-02-20 12:00:00,9615.52892428897
2019-02-20 12:30:00,9562.788812397874
2019-02-20 13:00:00,9543.16272613233
2019-02-20 13:30:00,9682.33171194359
2019-02-20 14:00:00,9496.110930134968
2019-02-20 14:30:00,9623.84440348162
2019-02-20 15:00:00,9656.135015098338
2019-02-20 15:30:00,9765.056290833465
2019-02-20 16:00:00,9839.90626727224
2019-02-20 16:30:00,9839.062475115948
2019-02-20 17:00:00,9857.465017139017
2019-02-20 17:30:00,9704.624960162271
2019-02-20 18:00:00,9701.160219022742
2019-02-20 18:30:00,9532.464298235094
2019-02-20 19:00:00,9393.306893466492
2019-02-20 19:30:00,9304.307544856894
2019-02-20 20:00:00,9074.519851896928
2019-02-20 20:30:00,8891.598986093466
2019-02-20 21:00:00,8583.908763689564
2019-02-20 21:30:00,8504.837025806031
2019-02-20 22:00:00,8255.326965819295
2019-02-20 22:30:00,8124.432672804115
2019-02-20 23:00:00,7908.983780508299
2019-02-20 23:30:00,7801.344212653008
2019-02-21 00:00:00,7531.521040513191
2019-02-21 00:30:00,7391.215717147885
2019-02-21 01:00:00,7146.109896846864
2019-02-21 01:30:00,6918.86156921007
2019-02-21 02:00:00,6679.958690856726
2019-02-21 02:30:00,6554.355326451341
2019-02-21 03:00:00,6444.750884208006
2019-02-21 03:30:00,6445.658577878725
2019-02-21 04:00:00,6500.959312413299
2019-02-21 04:30:00,6682.667626034941
2019-02-21 05:00:00,6954.324880430746
2019-02-21 05:30:00,7392.621538094595
2019-02-21 06:00:00,7857.927712708522
2019-02-21 06:30:00,8131.889508321728
2019-02-21 07:00:00,8519.388132186183
2019-02-21 07:30:00,8593.060687541341
2019-02-21 08:00:00,8717.529960359507
2019-02-21 08:30:00,8781.496312874991
2019-02-21 09:00:00,8840.027092240583
2019-02-21 09:30:00,8837.783652264327
2019-02-21 10:00:00,8852.265896992309
2019-02-21 10:30:00,8781.584164753194
2019-02-21 11:00:00,8704.219901890514
2019-02-21 11:30:00,8666.16219984906
2019-02-21 12:00:00,8690.034768183004
2019-02-21 12:30:00,8686.864085425748
2019-02-21 13:00:00,8679.334817048097
2019-02-21 13:30:00,8714.08632909523
2019-02-21 14:00:00,8707.83206110279
2019-02-21 14:30:00,8720.667221387368
2019-02-21 15:00:00,8817.667136821392
2019-02-21 15:30:00,8928.191900965943
2019-02-21 16:00:00,9060.568650643016
2019-02-21 16:30:00,9114.784624981854
2019-02-21 17:00:00,9213.013992236445
2019-02-21 17:30:00,9137.963965263394
2019-02-21 18:00:00,9152.895682213917
2019-02-21 18:30:00,9060.52624209557
2019-02-21 19:00:00,8967.260689349163
2019-02-21 19:30:00,8929.301378137558
2019-02-21 20:00:00,8694.677417242652
2019-02-21 20:30:00,8548.27186242668
2019-02-21 21:00:00,8289.872818685553
2019-02-21 21:30:00,8210.86498231645
2019-02-21 22:00:00,7990.576998794999
2019-02-21 22:30:00,7945.612389553804
2019-02-21 23:00:00,7720.998209876849
2019-02-21 23:30:00,7575.338056387318
2019-02-22 00:00:00,7399.962773655469
2019-02-22 00:30:00,7228.959511377137
2019-02-22 01:00:00,6985.863232985459
2019-02-22 01:30:00,6810.193876391848
2019-02-22 02:00:00,6505.531434383654
2019-02-22 02:30:00,6430.220724236477
2019-02-22 03:00:00,6348.08949972321
2019-02-22 03:30:00,6335.635589644685
2019-02-22 04:00:00,6395.725612618255
2019-02-22 04:30:00,6578.912415779433
2019-02-22 05:00:00,6845.571286963196
2019-02-22 05:30:00,7217.926539517639
2019-02-22 06:00:00,7724.753644328031
2019-02-22 06:30:00,8040.588208144745
2019-02-22 07:00:00,8429.137268913917
2019-02-22 07:30:00,8500.997064019431
2019-02-22 08:00:00,8614.896792731352
2019-02-22 08:30:00,8740.310611473971
2019-02-22 09:00:00,8776.777041659421
2019-02-22 09:30:00,8779.681787058962
2019-02-22 10:00:00,8759.965748311692
2019-02-22 10:30:00,8755.242988478918
2019-02-22 11:00:00,8722.218500562916
2019-02-22 11:30:00,8673.90860310684
2019-02-22 12:00:00,8602.241048565182
2019-02-22 12:30:00,8575.018650920512
2019-02-22 13:00:00,8579.59670879793
2019-02-22 13:30:00,8589.340028044819
2019-02-22 14:00:00,8616.127511584858
2019-02-22 14:30:00,8555.791756685076
2019-02-22 15:00:00,8659.209252261388
2019-02-22 15:30:00,8745.461538910584
2019-02-22 16:00:00,8854.876108825521
2019-02-22 16:30:00,8887.743900178824
2019-02-22 17:00:00,9039.303724303609
2019-02-22 17:30:00,9010.475211157722
2019-02-22 18:00:00,9066.455453265742
2019-02-22 18:30:00,8961.120599809343
2019-02-22 19:00:00,8879.858728304567
2019-02-22 19:30:00,8915.631265057411
2019-02-22 20:00:00,8729.627491380446
2019-02-22 20:30:00,8518.350517470066
2019-02-22 21:00:00,8181.765253314052
2019-02-22 21:30:00,8125.212702352696
2019-02-22 22:00:00,7890.011038006484
2019-02-22 22:30:00,7849.584720051709
2019-02-22 23:00:00,7678.136077808875
2019-02-22 23:30:00,7539.820747242631
2019-02-23 00:00:00,6844.36996212738
2019-02-23 00:30:00,6721.381424815576
2019-02-23 01:00:00,6505.913420501312
2019-02-23 01:30:00,6282.9819762645475
2019-02-23 02:00:00,6009.740698293747
2019-02-23 02:30:00,5946.256436838782
2019-02-23 03:00:00,5825.280383645265
2019-02-23 03:30:00,5846.948542414217
2019-02-23 04:00:00,5880.790390020061
2019-02-23 04:30:00,6006.492145255295
2019-02-23 05:00:00,6318.924928521124
2019-02-23 05:30:00,6688.065145914161
2019-02-23 06:00:00,7201.462260122392
2019-02-23 06:30:00,7464.264166650255
2019-02-23 07:00:00,7861.916595099482
2019-02-23 07:30:00,7897.784895590381
2019-02-23 08:00:00,8021.326925627547
2019-02-23 08:30:00,8074.182350366978
2019-02-23 09:00:00,8071.686011932047
2019-02-23 09:30:00,8017.942442632177
2019-02-23 10:00:00,8018.73604889774
2019-02-23 10:30:00,7905.488203741031
2019-02-23 11:00:00,7912.241041469867
2019-02-23 11:30:00,7785.137011322872
2019-02-23 12:00:00,7707.145013285187
2019-02-23 12:30:00,7604.043736716316
2019-02-23 13:00:00,7616.571902701258
2019-02-23 13:30:00,7643.476951654306
2019-02-23 14:00:00,7621.804735574512
2019-02-23 14:30:00,7604.6554960488775
2019-02-23 15:00:00,7672.716017326643
2019-02-23 15:30:00,7712.573989437219
2019-02-23 16:00:00,7855.786220578253
2019-02-23 16:30:00,7883.4463568792935
2019-02-23 17:00:00,8003.848327232607
2019-02-23 17:30:00,7971.829582219183
2019-02-23 18:00:00,8060.497756039293
2019-02-23 18:30:00,7963.287616148043
2019-02-23 19:00:00,7963.788524248155
2019-02-23 19:30:00,7970.688195450963
2019-02-23 20:00:00,7786.725825906969
2019-02-23 20:30:00,7715.773724472173
2019-02-23 21:00:00,7465.324788838572
2019-02-23 21:30:00,7473.412385996507
2019-02-23 22:00:00,7274.529250978085
2019-02-23 22:30:00,7248.084293950659
2019-02-23 23:00:00,7144.569676708089
2019-02-23 23:30:00,6980.215265547164
2019-02-24 00:00:00,6978.430469996222
2019-02-24 00:30:00,6864.9291776623195
2019-02-24 01:00:00,6588.535073469176
2019-02-24 01:30:00,6364.752601079186
2019-02-24 02:00:00,6071.186146641907
2019-02-24 02:30:00,5986.0018641943625
2019-02-24 03:00:00,5844.9690219167
2019-02-24 03:30:00,5830.1908483290035
2019-02-24 04:00:00,5821.173392341049
2019-02-24 04:30:00,5887.609378691498
2019-02-24 05:00:00,6020.906950116911
2019-02-24 05:30:00,6196.534581398168
2019-02-24 06:00:00,6445.794042772997
2019-02-24 06:30:00,6644.597557494573
2019-02-24 07:00:00,7003.068259461648
2019-02-24 07:30:00,7132.213693741613
2019-02-24 08:00:00,7379.816874197375
2019-02-24 08:30:00,7482.384471304644
2019-02-24 09:00:00,7552.645935624395
2019-02-24 09:30:00,7565.27182406875
2019-02-24 10:00:00,7512.125079374744
2019-02-24 10:30:00,7461.682445885606
2019-02-24 11:00:00,7395.035724546758
2019-02-24 11:30:00,7268.185141576956
2019-02-24 12:00:00,7218.131707378549
2019-02-24 12:30:00,7165.2417933236975
2019-02-24 13:00:00,7156.298582199387
2019-02-24 13:30:00,7138.883405316035
2019-02-24 14:00:00,7169.724461990182
2019-02-24 14:30:00,7111.6365789046195
2019-02-24 15:00:00,7086.102617701696
2019-02-24 15:30:00,7156.538138760551
2019-02-24 16:00:00,7336.941926517498
2019-02-24 16:30:00,7397.0960170298995
2019-02-24 17:00:00,7664.171929581519
2019-02-24 17:30:00,7713.364717414447
2019-02-24 18:00:00,7832.189269410598
2019-02-24 18:30:00,7869.583038936976
2019-02-24 19:00:00,7867.1792016375475
2019-02-24 19:30:00,7936.109448049653
2019-02-24 20:00:00,7739.848224774479
2019-02-24 20:30:00,7613.971864081619
2019-02-24 21:00:00,7418.422384412213
2019-02-24 21:30:00,7389.374913404553
2019-02-24 22:00:00,7222.195801799728
2019-02-24 22:30:00,7209.481208547075
2019-02-24 23:00:00,6970.873354829424
2019-02-24 23:30:00,6776.917598810508
2019-02-25 00:00:00,7599.630309396163
2019-02-25 00:30:00,7545.820388557246
2019-02-25 01:00:00,7286.307781785852
2019-02-25 01:30:00,7113.457269942454
2019-02-25 02:00:00,6859.42437999437
2019-02-25 02:30:00,6755.774483758758
2019-02-25 03:00:00,6618.83956701935
2019-02-25 03:30:00,6593.083345800871
2019-02-25 04:00:00,6578.4503765145655
2019-02-25 04:30:00,6624.145446877061
2019-02-25 05:00:00,6708.323818005527
2019-02-25 05:30:00,6821.5494869601625
2019-02-25 06:00:00,7086.320210135784
2019-02-25 06:30:00,7242.894509741669
2019-02-25 07:00:00,7598.098765213431
2019-02-25 07:30:00,7723.468231551902
2019-02-25 08:00:00,7988.122260703451
2019-02-25 08:30:00,8090.898952583764
2019-02-25 09:00:00,8154.152491782131
2019-02-25 09:30:00,8202.145040546584
2019-02-25 10:00:00,8151.895982322361
2019-02-25 10:30:00,8086.647744859863
2019-02-25 11:00:00,8029.247134435069
2019-02-25 11:30:00,8027.242201430865
2019-02-25 12:00:00,7961.814994482076
2019-02-25 12:30:00,7879.08061969204
2019-02-25 13:00:00,7889.606479764573
2019-02-25 13:30:00,7883.585090033477
2019-02-25 14:00:00,7955.529532636448
2019-02-25 14:30:00,7931.9963799383195
2019-02-25 15:00:00,8003.963299278231
2019-02-25 15:30:00,8094.490744015102
2019-02-25 16:00:00,8267.83455003831
2019-02-25 16:30:00,8406.701127363089
2019-02-25 17:00:00,8555.488440955154
2019-02-25 17:30:00,8723.596643855499
2019-02-25 18:00:00,8863.05928917179
2019-02-25 18:30:00,8910.520785566438
2019-02-25 19:00:00,8882.901465439889
2019-02-25 19:30:00,8938.974552432519
2019-02-25 20:00:00,8773.521972013566
2019-02-25 20:30:00,8632.451698211538
2019-02-25 21:00:00,8412.784152115673
2019-02-25 21:30:00,8332.630115103797
2019-02-25 22:00:00,8143.731433396112
2019-02-25 22:30:00,8117.111870911062
2019-02-25 23:00:00,7896.435951519879
2019-02-25 23:30:00,7760.115045590663
2019-02-26 00:00:00,7186.977852907052
2019-02-26 00:30:00,7098.175285957153
2019-02-26 01:00:00,6887.6516264292295
2019-02-26 01:30:00,6702.834549751415
2019-02-26 02:00:00,6487.697899817487
2019-02-26 02:30:00,6418.0248791707345
2019-02-26 03:00:00,6317.256062503569
2019-02-26 03:30:00,6351.7372053550225
2019-02-26 04:00:00,6386.080693131666
2019-02-26 04:30:00,6597.094533843301
2019-02-26 05:00:00,6879.793737384318
2019-02-26 05:30:00,7272.289697858888
2019-02-26 06:00:00,7797.916687167458
2019-02-26 06:30:00,8056.519650235422
2019-02-26 07:00:00,8442.384728212995
2019-02-26 07:30:00,8449.279145232214
2019-02-26 08:00:00,8530.038086303359
2019-02-26 08:30:00,8594.259867809382
2019-02-26 09:00:00,8615.802754081342
2019-02-26 09:30:00,8626.584020052427
2019-02-26 10:00:00,8634.855329386548
2019-02-26 10:30:00,8580.860940001277
2019-02-26 11:00:00,8516.154604873755
2019-02-26 11:30:00,8477.880572062322
2019-02-26 12:00:00,8440.25624464857
2019-02-26 12:30:00,8410.539586942245
2019-02-26 13:00:00,8400.368706363797
2019-02-26 13:30:00,8448.418097712924
2019-02-26 14:00:00,8475.417303117802
2019-02-26 14:30:00,8493.956504441852
2019-02-26 15:00:00,8636.720468869213
2019-02-26 15:30:00,8749.587063819872
2019-02-26 16:00:00,8886.94988359564
2019-02-26 16:30:00,8993.649895556586
2019-02-26 17:00:00,9157.169048518854
2019-02-26 17:30:00,9169.80742714373
2019-02-26 18:00:00,9215.023970577602
2019-02-26 18:30:00,9178.075998050153
2019-02-26 19:00:00,9094.54145143729
2019-02-26 19:30:00,9055.699249848833
2019-02-26 20:00:00,8835.787756281026
2019-02-26 20:30:00,8717.731250642217
2019-02-26 21:00:00,8421.91445642647
2019-02-26 21:30:00,8352.234199782784
2019-02-26 22:00:00,8144.107580942104
2019-02-26 22:30:00,8107.309410578412
2019-02-26 23:00:00,7890.239462576237
2019-02-26 23:30:00,7818.04276966882
2019-02-27 00:00:00,7520.844337380542
2019-02-27 00:30:00,7369.617631901947
2019-02-27 01:00:00,7105.861906333681
2019-02-27 01:30:00,6937.852094263186
2019-02-27 02:00:00,6672.713353655461
2019-02-27 02:30:00,6601.601586968181
2019-02-27 03:00:00,6459.5920723889585
2019-02-27 03:30:00,6481.154604331127
2019-02-27 04:00:00,6524.1219958191
2019-02-27 04:30:00,6640.638914562916
2019-02-27 05:00:00,6910.938246451108
2019-02-27 05:30:00,7329.298682062736
2019-02-27 06:00:00,7788.369117988934
2019-02-27 06:30:00,7972.468046658794
2019-02-27 07:00:00,8319.911094407347
2019-02-27 07:30:00,8291.185403929274
2019-02-27 08:00:00,8388.365750496547
2019-02-27 08:30:00,8401.992469257882
2019-02-27 09:00:00,8424.60534154484
2019-02-27 09:30:00,8392.657556975602
2019-02-27 10:00:00,8405.919368246383
2019-02-27 10:30:00,8382.807209253315
2019-02-27 11:00:00,8379.963902807223
2019-02-27 11:30:00,8441.686815346451
2019-02-27 12:00:00,8478.477994589683
2019-02-27 12:30:00,8565.182491889116
2019-02-27 13:00:00,8552.35243181294
2019-02-27 13:30:00,8571.341861973882
2019-02-27 14:00:00,8704.964864711932
2019-02-27 14:30:00,8755.045797105298
2019-02-27 15:00:00,8886.770439479244
2019-02-27 15:30:00,9068.311383640194
2019-02-27 16:00:00,9256.819690573562
2019-02-27 16:30:00,9344.631290295209
2019-02-27 17:00:00,9445.345231589905
2019-02-27 17:30:00,9366.536803972296
2019-02-27 18:00:00,9400.263796515856
2019-02-27 18:30:00,9324.78834399978
2019-02-27 19:00:00,9230.280826872546
2019-02-27 19:30:00,9226.618189966042
2019-02-27 20:00:00,8949.206708267151
2019-02-27 20:30:00,8786.861839015568
2019-02-27 21:00:00,8492.200931464147
2019-02-27 21:30:00,8329.386284265393
2019-02-27 22:00:00,8095.970595061611
2019-02-27 22:30:00,7999.27983970527
2019-02-27 23:00:00,7823.438276501807
2019-02-27 23:30:00,7681.617992468199
2019-02-28 00:00:00,7524.2010845322875
2019-02-28 00:30:00,7354.8730934531895
2019-02-28 01:00:00,7105.777601532491
2019-02-28 01:30:00,6900.797640732473
2019-02-28 02:00:00,6636.040150330799
2019-02-28 02:30:00,6503.805502104942
2019-02-28 03:00:00,6425.019565806556
2019-02-28 03:30:00,6420.924267360095
2019-02-28 04:00:00,6452.379931755682
2019-02-28 04:30:00,6617.172258640154
2019-02-28 05:00:00,6887.070791212014
2019-02-28 05:30:00,7264.402250776425
2019-02-28 06:00:00,7756.605593068016
2019-02-28 06:30:00,7983.054303885492
2019-02-28 07:00:00,8328.19001014336
2019-02-28 07:30:00,8353.436532848482
2019-02-28 08:00:00,8443.78373681917
2019-02-28 08:30:00,8505.745156330451
2019-02-28 09:00:00,8614.445395830531
2019-02-28 09:30:00,8679.95874830512
2019-02-28 10:00:00,8735.209285906192
2019-02-28 10:30:00,8710.41216969234
2019-02-28 11:00:00,8697.065847746226
2019-02-28 11:30:00,8729.338039936843
2019-02-28 12:00:00,8732.533593797265
2019-02-28 12:30:00,8741.56862812493
2019-02-28 13:00:00,8809.09726799571
2019-02-28 13:30:00,8871.560504744966
2019-02-28 14:00:00,8920.545217610419
2019-02-28 14:30:00,8935.599014577385
2019-02-28 15:00:00,9057.799295566212
2019-02-28 15:30:00,9181.616684829167
2019-02-28 16:00:00,9297.436344705871
2019-02-28 16:30:00,9333.059079294957
2019-02-28 17:00:00,9374.145550609097
2019-02-28 17:30:00,9298.911055089693
2019-02-28 18:00:00,9347.000481699479
2019-02-28 18:30:00,9256.566995954494
2019-02-28 19:00:00,9205.294778443518
2019-02-28 19:30:00,9194.35384721995
2019-02-28 20:00:00,8960.70673569378
2019-02-28 20:30:00,8819.833243551453
2019-02-28 21:00:00,8555.27992993396
2019-02-28 21:30:00,8441.486092202304
2019-02-28 22:00:00,8204.988425049562
2019-02-28 22:30:00,8129.5031094447595
2019-02-28 23:00:00,7926.852261026304
2019-02-28 23:30:00,7809.236121135659
2019-03-01 00:00:00,7516.302746558352
2019-03-01 00:30:00,7373.045698297562
2019-03-01 01:00:00,7101.317688419696
2019-03-01 01:30:00,6913.765217616377
2019-03-01 02:00:00,6663.95787916823
2019-03-01 02:30:00,6551.78970604807
2019-03-01 03:00:00,6428.073649823909
2019-03-01 03:30:00,6454.794230230604
2019-03-01 04:00:00,6485.152655292707
2019-03-01 04:30:00,6641.793483504815
2019-03-01 05:00:00,6907.746696861147
2019-03-01 05:30:00,7293.387338537059
2019-03-01 06:00:00,7801.690305795193
2019-03-01 06:30:00,8079.127642676755
2019-03-01 07:00:00,8460.181256013258
2019-03-01 07:30:00,8506.394888565039
2019-03-01 08:00:00,8614.934532969148
2019-03-01 08:30:00,8698.837107536854
2019-03-01 09:00:00,8721.905462844294
2019-03-01 09:30:00,8763.297944733451
2019-03-01 10:00:00,8801.74319954055
2019-03-01 10:30:00,8816.683665472523
2019-03-01 11:00:00,8821.060006012656
2019-03-01 11:30:00,8805.137613595532
2019-03-01 12:00:00,8771.963049727081
2019-03-01 12:30:00,8803.92052031787
2019-03-01 13:00:00,8874.954113656016
2019-03-01 13:30:00,8931.017337559919
2019-03-01 14:00:00,9011.821386687303
2019-03-01 14:30:00,9077.05713396928
2019-03-01 15:00:00,9283.229145223831
2019-03-01 15:30:00,9424.260320805299
2019-03-01 16:00:00,9566.197902996253
2019-03-01 16:30:00,9638.407086084193
2019-03-01 17:00:00,9718.73194939798
2019-03-01 17:30:00,9605.014326294098
2019-03-01 18:00:00,9658.048097690224
2019-03-01 18:30:00,9504.201956212908
2019-03-01 19:00:00,9435.915361134914
2019-03-01 19:30:00,9380.619714759527
2019-03-01 20:00:00,9151.692735974337
2019-03-01 20:30:00,8954.047735008879
2019-03-01 21:00:00,8618.903843985187
2019-03-01 21:30:00,8521.258415462185
2019-03-01 22:00:00,8251.263513756485
2019-03-01 22:30:00,8188.438752978634
2019-03-01 23:00:00,7940.683179176779
2019-03-01 23:30:00,7831.732668309818
2019-03-02 00:00:00,7076.201595712383
2019-03-02 00:30:00,6922.88913369667
2019-03-02 01:00:00,6664.446512940274
2019-03-02 01:30:00,6455.626682684335
2019-03-02 02:00:00,6180.319197286696
2019-03-02 02:30:00,6095.978706995443
2019-03-02 03:00:00,5955.577935009231
2019-03-02 03:30:00,5935.747339783792
2019-03-02 04:00:00,5964.330121003466
2019-03-02 04:30:00,6143.477645957229
2019-03-02 05:00:00,6436.072598000685
2019-03-02 05:30:00,6783.0208402518965
2019-03-02 06:00:00,7260.7093192217135
2019-03-02 06:30:00,7515.2560820637755
2019-03-02 07:00:00,7874.250600403723
2019-03-02 07:30:00,7957.287206613065
2019-03-02 08:00:00,8050.37949073081
2019-03-02 08:30:00,8059.819756212769
2019-03-02 09:00:00,8162.8231906703095
2019-03-02 09:30:00,8164.566795221936
2019-03-02 10:00:00,8264.934548386931
2019-03-02 10:30:00,8257.742154719193
2019-03-02 11:00:00,8302.38450268317
2019-03-02 11:30:00,8299.486816213386
2019-03-02 12:00:00,8263.785952992475
2019-03-02 12:30:00,8262.986513240334
2019-03-02 13:00:00,8344.540689375437
2019-03-02 13:30:00,8366.240710368014
2019-03-02 14:00:00,8420.06612300637
2019-03-02 14:30:00,8491.497865477068
2019-03-02 15:00:00,8684.879068851193
2019-03-02 15:30:00,8782.111384944517
2019-03-02 16:00:00,8949.712051707691
2019-03-02 16:30:00,8956.176611345922
2019-03-02 17:00:00,9001.671120893006
2019-03-02 17:30:00,8807.828872976255
2019-03-02 18:00:00,8782.892754727474
2019-03-02 18:30:00,8650.011096005024
2019-03-02 19:00:00,8567.765316201754
2019-03-02 19:30:00,8539.310817264985
2019-03-02 20:00:00,8310.526581713793
2019-03-02 20:30:00,8177.721137619119
2019-03-02 21:00:00,7859.382529389402
2019-03-02 21:30:00,7853.183907108887
2019-03-02 22:00:00,7580.434062167403
2019-03-02 22:30:00,7576.205883575671
2019-03-02 23:00:00,7341.9520296652645
2019-03-02 23:30:00,7195.406358707089
2019-03-03 00:00:00,7210.572452943015
2019-03-03 00:30:00,7062.356764969193
2019-03-03 01:00:00,6815.937374564709
2019-03-03 01:30:00,6576.476270913238
2019-03-03 02:00:00,6253.077845921296
2019-03-03 02:30:00,6205.687955249285
2019-03-03 03:00:00,6091.601887237023
2019-03-03 03:30:00,6100.89497764702
2019-03-03 04:00:00,6104.902227606408
2019-03-03 04:30:00,6162.888915703151
2019-03-03 05:00:00,6289.112210468132
2019-03-03 05:30:00,6449.425361608295
2019-03-03 06:00:00,6700.541935636918
2019-03-03 06:30:00,6853.419109020879
2019-03-03 07:00:00,7251.969368052098
2019-03-03 07:30:00,7413.103489868029
2019-03-03 08:00:00,7636.68419056821
2019-03-03 08:30:00,7747.270229135396
2019-03-03 09:00:00,7811.200013962186
2019-03-03 09:30:00,7876.526270798628
2019-03-03 10:00:00,7840.698939249918
2019-03-03 10:30:00,7782.033201365781
2019-03-03 11:00:00,7795.655652819968
2019-03-03 11:30:00,7810.0553803605835
2019-03-03 12:00:00,7823.864653664223
2019-03-03 12:30:00,7800.69582915366
2019-03-03 13:00:00,7799.601708215231
2019-03-03 13:30:00,7891.348941130856
2019-03-03 14:00:00,7929.9433242528285
2019-03-03 14:30:00,8023.963232276542
2019-03-03 15:00:00,8141.551634442969
2019-03-03 15:30:00,8202.059367708582
2019-03-03 16:00:00,8326.69773114297
2019-03-03 16:30:00,8351.676688811382
2019-03-03 17:00:00,8496.19935268295
2019-03-03 17:30:00,8487.696016003543
2019-03-03 18:00:00,8539.883368151584
2019-03-03 18:30:00,8417.411588282896
2019-03-03 19:00:00,8390.419729542658
2019-03-03 19:30:00,8389.359606616388
2019-03-03 20:00:00,8191.96204578717
2019-03-03 20:30:00,8059.759259784938
2019-03-03 21:00:00,7887.0586288426775
2019-03-03 21:30:00,7755.163505510516
2019-03-03 22:00:00,7617.590347668821
2019-03-03 22:30:00,7571.565615501356
2019-03-03 23:00:00,7354.608998534171
2019-03-03 23:30:00,7162.759193441103
2019-03-04 00:00:00,7975.685093285394
2019-03-04 00:30:00,7835.564238466441
2019-03-04 01:00:00,7591.518541091689
2019-03-04 01:30:00,7400.003006708729
2019-03-04 02:00:00,7155.177129454138
2019-03-04 02:30:00,7083.787112295797
2019-03-04 03:00:00,6951.085628331711
2019-03-04 03:30:00,6946.289280962957
2019-03-04 04:00:00,6925.2830839385115
2019-03-04 04:30:00,7004.118941941784
2019-03-04 05:00:00,7094.43926983327
2019-03-04 05:30:00,7196.330444244939
2019-03-04 06:00:00,7440.835283563369
2019-03-04 06:30:00,7544.571080448309
2019-03-04 07:00:00,7865.429055027233
2019-03-04 07:30:00,7957.810162980477
2019-03-04 08:00:00,8228.770891263943
2019-03-04 08:30:00,8292.439444198084
2019-03-04 09:00:00,8439.049565389209
2019-03-04 09:30:00,8414.992596318207
2019-03-04 10:00:00,8447.812006526952
2019-03-04 10:30:00,8468.060968365657
2019-03-04 11:00:00,8499.657079458666
2019-03-04 11:30:00,8602.320440303989
2019-03-04 12:00:00,8647.049237474223
2019-03-04 12:30:00,8711.962381880987
2019-03-04 13:00:00,8771.934476963641
2019-03-04 13:30:00,8911.315184639741
2019-03-04 14:00:00,8959.278872799487
2019-03-04 14:30:00,9092.347627160083
2019-03-04 15:00:00,9282.122859145198
2019-03-04 15:30:00,9442.369658746316
2019-03-04 16:00:00,9662.151954645115
2019-03-04 16:30:00,9799.01359896569
2019-03-04 17:00:00,10001.623323577196
2019-03-04 17:30:00,10108.950796924453
2019-03-04 18:00:00,10132.486868476026
2019-03-04 18:30:00,10031.00682468069
2019-03-04 19:00:00,9856.337566333372
2019-03-04 19:30:00,9818.71054401853
2019-03-04 20:00:00,9578.751479176855
2019-03-04 20:30:00,9434.93857525239
2019-03-04 21:00:00,9109.424672440597
2019-03-04 21:30:00,8956.245090570153
2019-03-04 22:00:00,8658.882597961168
2019-03-04 22:30:00,8572.554741962645
2019-03-04 23:00:00,8300.026855240807
2019-03-04 23:30:00,8144.692538202404
2019-03-05 00:00:00,7509.2858013287905
2019-03-05 00:30:00,7405.2475959573685
2019-03-05 01:00:00,7196.809692966564
2019-03-05 01:30:00,6985.148841758337
2019-03-05 02:00:00,6747.0082867499195
2019-03-05 02:30:00,6667.393183383234
2019-03-05 03:00:00,6590.737356026115
2019-03-05 03:30:00,6636.84092991315
2019-03-05 04:00:00,6638.8360108714
2019-03-05 04:30:00,6820.2342117983535
2019-03-05 05:00:00,7101.359162061778
2019-03-05 05:30:00,7497.91132276225
2019-03-05 06:00:00,8006.059233673041
2019-03-05 06:30:00,8308.647506588844
2019-03-05 07:00:00,8689.932390900467
2019-03-05 07:30:00,8810.059712871256
2019-03-05 08:00:00,8929.323957728953
2019-03-05 08:30:00,8989.787338590417
2019-03-05 09:00:00,9059.507242173184
2019-03-05 09:30:00,9137.51868006327
2019-03-05 10:00:00,9158.216469090252
2019-03-05 10:30:00,9204.127870222728
2019-03-05 11:00:00,9260.038829401896
2019-03-05 11:30:00,9312.377496698211
2019-03-05 12:00:00,9431.403860585297
2019-03-05 12:30:00,9583.747354507655
2019-03-05 13:00:00,9747.715929649377
2019-03-05 13:30:00,9888.077918532179
2019-03-05 14:00:00,10012.033816651114
2019-03-05 14:30:00,10193.61187721928
2019-03-05 15:00:00,10470.711363681934
2019-03-05 15:30:00,10571.26941887986
2019-03-05 16:00:00,10743.745274731356
2019-03-05 16:30:00,10753.577298786544
2019-03-05 17:00:00,10720.23857742215
2019-03-05 17:30:00,10480.878491692321
2019-03-05 18:00:00,10351.571879175355
2019-03-05 18:30:00,10101.605132932067
2019-03-05 19:00:00,9979.567732557269
2019-03-05 19:30:00,9872.14712256375
2019-03-05 20:00:00,9516.984709081724
2019-03-05 20:30:00,9312.157177537258
2019-03-05 21:00:00,8975.26442777835
2019-03-05 21:30:00,8873.887383718004
2019-03-05 22:00:00,8565.55454768644
2019-03-05 22:30:00,8510.443369857407
2019-03-05 23:00:00,8217.209056463034
2019-03-05 23:30:00,8039.2988869849605
2019-03-06 00:00:00,7710.8462640684
2019-03-06 00:30:00,7565.7419662425455
2019-03-06 01:00:00,7269.571305249663
2019-03-06 01:30:00,7097.47343072964
2019-03-06 02:00:00,6844.087551278148
2019-03-06 02:30:00,6743.7855703492105
2019-03-06 03:00:00,6597.665817118385
2019-03-06 03:30:00,6632.511111090229
2019-03-06 04:00:00,6682.1789420966925
2019-03-06 04:30:00,6880.759067118532
2019-03-06 05:00:00,7119.1406719149445
2019-03-06 05:30:00,7538.091452505669
2019-03-06 06:00:00,8032.267865577838
2019-03-06 06:30:00,8324.136792223642
2019-03-06 07:00:00,8696.982241370286
2019-03-06 07:30:00,8748.445077219509
2019-03-06 08:00:00,8902.330581070864
2019-03-06 08:30:00,8964.958560189016
2019-03-06 09:00:00,9040.606716856619
2019-03-06 09:30:00,9014.407325731003
2019-03-06 10:00:00,9024.690626999085
2019-03-06 10:30:00,9022.479049246454
2019-03-06 11:00:00,9050.518150259742
2019-03-06 11:30:00,9110.197031574206
2019-03-06 12:00:00,9221.578145864867
2019-03-06 12:30:00,9379.768424060698
2019-03-06 13:00:00,9529.689286736024
2019-03-06 13:30:00,9647.967377328401
2019-03-06 14:00:00,9843.812482751859
2019-03-06 14:30:00,10012.35860137575
2019-03-06 15:00:00,10277.526012319408
2019-03-06 15:30:00,10413.079340720109
2019-03-06 16:00:00,10357.726387044444
2019-03-06 16:30:00,10244.911203427691
2019-03-06 17:00:00,10355.29930827126
2019-03-06 17:30:00,10330.962283983026
2019-03-06 18:00:00,10303.09924413263
2019-03-06 18:30:00,10143.7309030704
2019-03-06 19:00:00,10011.273937820288
2019-03-06 19:30:00,9866.915041320875
2019-03-06 20:00:00,9613.447020590818
2019-03-06 20:30:00,9301.297269882683
2019-03-06 21:00:00,8957.869000041359
2019-03-06 21:30:00,8832.147695695843
2019-03-06 22:00:00,8464.076685740529
2019-03-06 22:30:00,8366.278827961976
2019-03-06 23:00:00,8056.229545752078
2019-03-06 23:30:00,7905.792594004073
2019-03-07 00:00:00,7700.6696934145675
2019-03-07 00:30:00,7499.244115602477
2019-03-07 01:00:00,7226.473550095277
2019-03-07 01:30:00,6959.209566908768
2019-03-07 02:00:00,6680.534617094174
2019-03-07 02:30:00,6563.306786339338
2019-03-07 03:00:00,6438.626370926963
2019-03-07 03:30:00,6483.209907029283
2019-03-07 04:00:00,6500.52209522042
2019-03-07 04:30:00,6708.284429641884
2019-03-07 05:00:00,7002.711691045265
2019-03-07 05:30:00,7375.428467628303
2019-03-07 06:00:00,7872.131180052931
2019-03-07 06:30:00,8168.557947095435
2019-03-07 07:00:00,8509.598354906842
2019-03-07 07:30:00,8597.856734027962
2019-03-07 08:00:00,8796.288480507246
2019-03-07 08:30:00,8897.06467122132
2019-03-07 09:00:00,9023.563142556974
2019-03-07 09:30:00,9097.92886555904
2019-03-07 10:00:00,9250.362289732877
2019-03-07 10:30:00,9304.30526778424
2019-03-07 11:00:00,9310.767364861493
2019-03-07 11:30:00,9328.922688887696
2019-03-07 12:00:00,9477.229599503731
2019-03-07 12:30:00,9596.577676111105
2019-03-07 13:00:00,9816.720356167101
2019-03-07 13:30:00,9776.160175666513
2019-03-07 14:00:00,9590.894067024552
2019-03-07 14:30:00,9435.072227674866
2019-03-07 15:00:00,9408.060599278031
2019-03-07 15:30:00,9390.844831146173
2019-03-07 16:00:00,9368.14794695897
2019-03-07 16:30:00,9262.448765315006
2019-03-07 17:00:00,9347.405056561474
2019-03-07 17:30:00,9327.86700673379
2019-03-07 18:00:00,9381.725021175926
2019-03-07 18:30:00,9293.845265169064
2019-03-07 19:00:00,9226.655909424553
2019-03-07 19:30:00,9197.016288691628
2019-03-07 20:00:00,8921.873050262862
2019-03-07 20:30:00,8751.844010261471
2019-03-07 21:00:00,8428.290688049734
2019-03-07 21:30:00,8307.806273888315
2019-03-07 22:00:00,8035.976435730895
2019-03-07 22:30:00,7936.173644948139
2019-03-07 23:00:00,7750.699466440982
2019-03-07 23:30:00,7626.6852955183285
2019-03-08 00:00:00,7361.382641680433
2019-03-08 00:30:00,7222.912254766846
2019-03-08 01:00:00,6952.158290098747
2019-03-08 01:30:00,6727.782845637867
2019-03-08 02:00:00,6472.242231018414
2019-03-08 02:30:00,6369.362539403111
2019-03-08 03:00:00,6265.747624667245
2019-03-08 03:30:00,6273.992905264318
2019-03-08 04:00:00,6314.916265527528
2019-03-08 04:30:00,6468.3420585782305
2019-03-08 05:00:00,6733.350461856628
2019-03-08 05:30:00,7109.358488228846
2019-03-08 06:00:00,7621.801106337591
2019-03-08 06:30:00,7874.525422908457
2019-03-08 07:00:00,8247.954158104441
2019-03-08 07:30:00,8261.256469244396
2019-03-08 08:00:00,8318.067340441565
2019-03-08 08:30:00,8290.569319417627
2019-03-08 09:00:00,8294.31595566736
2019-03-08 09:30:00,8240.471368445846
2019-03-08 10:00:00,8280.655795966606
2019-03-08 10:30:00,8256.791176717341
2019-03-08 11:00:00,8260.205785161053
2019-03-08 11:30:00,8194.455907527758
2019-03-08 12:00:00,8130.393859083514
2019-03-08 12:30:00,8112.990995313509
2019-03-08 13:00:00,8113.136211664113
2019-03-08 13:30:00,8138.6565530023345
2019-03-08 14:00:00,8137.840565758829
2019-03-08 14:30:00,8189.672983979205
2019-03-08 15:00:00,8272.834281719879
2019-03-08 15:30:00,8338.918430063284
2019-03-08 16:00:00,8445.51415522801
2019-03-08 16:30:00,8494.020834343784
2019-03-08 17:00:00,8633.672740964992
2019-03-08 17:30:00,8610.31238897832
2019-03-08 18:00:00,8678.734228051519
2019-03-08 18:30:00,8651.438242870869
2019-03-08 19:00:00,8617.108797204277
2019-03-08 19:30:00,8535.488760833388
2019-03-08 20:00:00,8365.520065330089
2019-03-08 20:30:00,8214.549434120483
2019-03-08 21:00:00,7913.908862150319
2019-03-08 21:30:00,7872.705280645477
2019-03-08 22:00:00,7725.165236789979
2019-03-08 22:30:00,7711.311678891488
2019-03-08 23:00:00,7575.372440202749
2019-03-08 23:30:00,7512.756774197944
2019-03-09 00:00:00,6813.101245945309
2019-03-09 00:30:00,6691.976880217055
2019-03-09 01:00:00,6464.089455139687
2019-03-09 01:30:00,6283.047701124917
2019-03-09 02:00:00,5967.990320468103
2019-03-09 02:30:00,5905.216971024158
2019-03-09 03:00:00,5801.550467887209
2019-03-09 03:30:00,5838.56496902088
2019-03-09 04:00:00,5880.231103518736
2019-03-09 04:30:00,6029.315386942717
2019-03-09 05:00:00,6297.605176921566
2019-03-09 05:30:00,6619.343190529246
2019-03-09 06:00:00,7208.4028528917
2019-03-09 06:30:00,7432.537163288732
2019-03-09 07:00:00,7754.1848915982455
2019-03-09 07:30:00,7760.08046011383
2019-03-09 08:00:00,7939.363111179688
2019-03-09 08:30:00,7899.19747639904
2019-03-09 09:00:00,7971.862045947532
2019-03-09 09:30:00,7964.984373879623
2019-03-09 10:00:00,7875.3664935351
2019-03-09 10:30:00,7877.5284646999935
2019-03-09 11:00:00,7868.233088796193
2019-03-09 11:30:00,7866.757226348452
2019-03-09 12:00:00,7814.381333387042
2019-03-09 12:30:00,7903.120175889688
2019-03-09 13:00:00,7968.459414209913
2019-03-09 13:30:00,8049.019327654532
2019-03-09 14:00:00,8220.522799884619
2019-03-09 14:30:00,8360.650890700505
2019-03-09 15:00:00,8564.52081464796
2019-03-09 15:30:00,8740.977297880367
2019-03-09 16:00:00,8896.114191476287
2019-03-09 16:30:00,8990.439135078277
2019-03-09 17:00:00,9008.165254405745
2019-03-09 17:30:00,8862.042558965975
2019-03-09 18:00:00,8846.827583762008
2019-03-09 18:30:00,8745.684437768574
2019-03-09 19:00:00,8739.974410474824
2019-03-09 19:30:00,8680.054395096513
2019-03-09 20:00:00,8479.892027942782
2019-03-09 20:30:00,8306.000942283395
2019-03-09 21:00:00,8048.433377585213
2019-03-09 21:30:00,7986.265313325505
2019-03-09 22:00:00,7728.697068379843
2019-03-09 22:30:00,7682.785667247368
2019-03-09 23:00:00,7422.0080145899665
2019-03-09 23:30:00,7287.212577696228
2019-03-10 00:00:00,7175.775061130746
2019-03-10 00:30:00,7005.581101693282
2019-03-10 01:00:00,6757.171718489735
2019-03-10 01:30:00,6533.728770993443
2019-03-10 02:00:00,6201.684266088097
2019-03-10 02:30:00,6096.942384702588
2019-03-10 03:00:00,5979.901964703049
2019-03-10 03:30:00,5942.754583424108
2019-03-10 04:00:00,5920.897358246439
2019-03-10 04:30:00,5986.978879498049
2019-03-10 05:00:00,6126.2782915442785
2019-03-10 05:30:00,6304.003992475999
2019-03-10 06:00:00,6591.613701290038
2019-03-10 06:30:00,6770.685011616025
2019-03-10 07:00:00,7146.738436994317
2019-03-10 07:30:00,7362.551252166501
2019-03-10 08:00:00,7647.412517844401
2019-03-10 08:30:00,7747.72418479489
2019-03-10 09:00:00,7786.8374813647215
2019-03-10 09:30:00,7808.188291442051
2019-03-10 10:00:00,7763.124535000839
2019-03-10 10:30:00,7733.508895216157
2019-03-10 11:00:00,7639.17903902857
2019-03-10 11:30:00,7622.998590529112
2019-03-10 12:00:00,7591.378730827972
2019-03-10 12:30:00,7645.776546621368
2019-03-10 13:00:00,7685.340014612832
2019-03-10 13:30:00,7668.815609381715
2019-03-10 14:00:00,7712.811802123855
2019-03-10 14:30:00,7716.295224667595
2019-03-10 15:00:00,7740.58431684288
2019-03-10 15:30:00,7744.650203090334
2019-03-10 16:00:00,7757.100199015832
2019-03-10 16:30:00,7806.612962632177
2019-03-10 17:00:00,7960.683968837104
2019-03-10 17:30:00,8036.59996416852
2019-03-10 18:00:00,8121.081684709253
2019-03-10 18:30:00,8084.657528554679
2019-03-10 19:00:00,8073.964058254029
2019-03-10 19:30:00,8026.146114947199
2019-03-10 20:00:00,7877.956282156048
2019-03-10 20:30:00,7769.630605583605
2019-03-10 21:00:00,7547.680521290921
2019-03-10 21:30:00,7478.086342363738
2019-03-10 22:00:00,7328.1849185918545
2019-03-10 22:30:00,7293.443269633449
2019-03-10 23:00:00,7084.923460739447
2019-03-10 23:30:00,6961.6990435473845
2019-03-11 00:00:00,7845.272588861086
2019-03-11 00:30:00,7697.91761506204
2019-03-11 01:00:00,7481.507427761636
2019-03-11 01:30:00,7276.7561108449445
2019-03-11 02:00:00,7037.656450831901
2019-03-11 02:30:00,6981.322857732319
2019-03-11 03:00:00,6838.8708185244095
2019-03-11 03:30:00,6836.157600600979
2019-03-11 04:00:00,6813.697717330867
2019-03-11 04:30:00,6871.8122084564675
2019-03-11 05:00:00,6972.522866091434
2019-03-11 05:30:00,7053.355775823527
2019-03-11 06:00:00,7306.710535644819
2019-03-11 06:30:00,7443.857489366215
2019-03-11 07:00:00,7811.444049193867
2019-03-11 07:30:00,7955.856984118981
2019-03-11 08:00:00,8220.784009558003
2019-03-11 08:30:00,8276.75327447002
2019-03-11 09:00:00,8344.1117981364
2019-03-11 09:30:00,8327.256908754687
2019-03-11 10:00:00,8318.9665193833
2019-03-11 10:30:00,8319.556864362397
2019-03-11 11:00:00,8295.394610062604
2019-03-11 11:30:00,8304.783464210654
2019-03-11 12:00:00,8328.606425956863
2019-03-11 12:30:00,8415.841975626105
2019-03-11 13:00:00,8554.976963425206
2019-03-11 13:30:00,8738.987364353945
2019-03-11 14:00:00,8962.987187319484
2019-03-11 14:30:00,9141.462898482787
2019-03-11 15:00:00,9400.358099609948
2019-03-11 15:30:00,9640.12686593149
2019-03-11 16:00:00,9761.00157453773
2019-03-11 16:30:00,9870.608958990011
2019-03-11 17:00:00,10108.277681251544
2019-03-11 17:30:00,10204.233543648621
2019-03-11 18:00:00,10213.702353623516
2019-03-11 18:30:00,10114.942763748544
2019-03-11 19:00:00,10049.797439228798
2019-03-11 19:30:00,9955.898098237007
2019-03-11 20:00:00,9725.638000238074
2019-03-11 20:30:00,9628.09096254492
2019-03-11 21:00:00,9320.474327676999
2019-03-11 21:30:00,9091.464828191643
2019-03-11 22:00:00,8762.868090116235
2019-03-11 22:30:00,8656.325761594428
2019-03-11 23:00:00,8354.005002538488
2019-03-11 23:30:00,8138.804708547475
2019-03-12 00:00:00,7491.903454236355
2019-03-12 00:30:00,7350.892473043617
2019-03-12 01:00:00,7126.271494461561
2019-03-12 01:30:00,6934.286182131428
2019-03-12 02:00:00,6716.985756286437
2019-03-12 02:30:00,6638.3192495572
2019-03-12 03:00:00,6448.115795648685
2019-03-12 03:30:00,6444.445277466799
2019-03-12 04:00:00,6457.914969110218
2019-03-12 04:30:00,6668.451795877747
2019-03-12 05:00:00,6935.049392638875
2019-03-12 05:30:00,7308.553472927885
2019-03-12 06:00:00,7821.7441194548655
2019-03-12 06:30:00,8081.1368362534195
2019-03-12 07:00:00,8521.259613882185
2019-03-12 07:30:00,8632.736424101604
2019-03-12 08:00:00,8806.664245043237
2019-03-12 08:30:00,8865.108397973807
2019-03-12 09:00:00,8984.22312523279
2019-03-12 09:30:00,9000.010010412849
2019-03-12 10:00:00,9030.78078049169
2019-03-12 10:30:00,8997.696658368408
2019-03-12 11:00:00,9016.36908143572
2019-03-12 11:30:00,9075.765280441155
2019-03-12 12:00:00,9080.579262916142
2019-03-12 12:30:00,9154.436286817654
2019-03-12 13:00:00,9174.39517637521
2019-03-12 13:30:00,9260.24864552142
2019-03-12 14:00:00,9380.180382705257
2019-03-12 14:30:00,9416.400521203197
2019-03-12 15:00:00,9577.081479751887
2019-03-12 15:30:00,9717.564035666612
2019-03-12 16:00:00,9866.175272268843
2019-03-12 16:30:00,9950.692995109515
2019-03-12 17:00:00,10026.413038530658
2019-03-12 17:30:00,9926.431033385139
2019-03-12 18:00:00,9920.941810131124
2019-03-12 18:30:00,9774.187044399903
2019-03-12 19:00:00,9707.093452393448
2019-03-12 19:30:00,9578.144799773183
2019-03-12 20:00:00,9296.340220046488
2019-03-12 20:30:00,9116.088219762307
2019-03-12 21:00:00,8814.593992547125
2019-03-12 21:30:00,8704.84649195264
2019-03-12 22:00:00,8425.130447202126
2019-03-12 22:30:00,8355.666521328418
2019-03-12 23:00:00,8101.163705579307
2019-03-12 23:30:00,7947.401014726701
2019-03-13 00:00:00,7695.772234148658
2019-03-13 00:30:00,7532.113794793612
2019-03-13 01:00:00,7251.491512008737
2019-03-13 01:30:00,7012.522362506513
2019-03-13 02:00:00,6721.922573169856
2019-03-13 02:30:00,6634.866237863379
2019-03-13 03:00:00,6547.64349349181
2019-03-13 03:30:00,6557.957608607516
2019-03-13 04:00:00,6555.906352428592
2019-03-13 04:30:00,6746.022238991586
2019-03-13 05:00:00,7014.587652349703
2019-03-13 05:30:00,7398.528219532512
2019-03-13 06:00:00,7915.787379398739
2019-03-13 06:30:00,8173.394121054863
2019-03-13 07:00:00,8564.067859514536
2019-03-13 07:30:00,8599.141152091257
2019-03-13 08:00:00,8770.299089591965
2019-03-13 08:30:00,8832.51395628044
2019-03-13 09:00:00,8865.08385149247
2019-03-13 09:30:00,8880.496545396236
2019-03-13 10:00:00,8908.10124162296
2019-03-13 10:30:00,8916.670929841413
2019-03-13 11:00:00,8969.757967153955
2019-03-13 11:30:00,8991.947315203986
2019-03-13 12:00:00,9109.590953289591
2019-03-13 12:30:00,9189.983320206346
2019-03-13 13:00:00,9342.725477656502
2019-03-13 13:30:00,9456.145301179042
2019-03-13 14:00:00,9531.321523894727
2019-03-13 14:30:00,9676.74054332041
2019-03-13 15:00:00,9899.49625241537
2019-03-13 15:30:00,10133.184336396525
2019-03-13 16:00:00,10275.334462797946
2019-03-13 16:30:00,10371.204424545695
2019-03-13 17:00:00,10510.662176598997
2019-03-13 17:30:00,10434.380048333845
2019-03-13 18:00:00,10437.751253949871
2019-03-13 18:30:00,10197.584492470969
2019-03-13 19:00:00,10097.771106528799
2019-03-13 19:30:00,9925.23070738009
2019-03-13 20:00:00,9680.062182739983
2019-03-13 20:30:00,9374.361874397762
2019-03-13 21:00:00,8938.64300615766
2019-03-13 21:30:00,8715.809952750744
2019-03-13 22:00:00,8367.461461169467
2019-03-13 22:30:00,8248.725905743262
2019-03-13 23:00:00,7979.085842402477
2019-03-13 23:30:00,7854.326270153382
2019-03-14 00:00:00,7492.350672353171
2019-03-14 00:30:00,7373.04432105815
2019-03-14 01:00:00,7121.95177740863
2019-03-14 01:30:00,6920.142322298693
2019-03-14 02:00:00,6552.999076244309
2019-03-14 02:30:00,6454.389288533092
2019-03-14 03:00:00,6304.761954743108
2019-03-14 03:30:00,6355.1114515859845
2019-03-14 04:00:00,6413.73792522516
2019-03-14 04:30:00,6631.993589125094
2019-03-14 05:00:00,6897.845784559781
2019-03-14 05:30:00,7298.141405699672
2019-03-14 06:00:00,7839.599455525275
2019-03-14 06:30:00,8114.7986066141675
2019-03-14 07:00:00,8497.793428507623
2019-03-14 07:30:00,8546.100698871904
2019-03-14 08:00:00,8657.245484348041
2019-03-14 08:30:00,8697.903073277936
2019-03-14 09:00:00,8752.124205240432
2019-03-14 09:30:00,8738.228922029586
2019-03-14 10:00:00,8733.982419770755
2019-03-14 10:30:00,8709.089539818846
2019-03-14 11:00:00,8655.491505375581
2019-03-14 11:30:00,8656.908075214034
2019-03-14 12:00:00,8638.590526652848
2019-03-14 12:30:00,8623.16534256856
2019-03-14 13:00:00,8618.056746716584
2019-03-14 13:30:00,8608.39489628106
2019-03-14 14:00:00,8597.646689406349
2019-03-14 14:30:00,8607.616025444768
2019-03-14 15:00:00,8656.63307813589
2019-03-14 15:30:00,8694.961149373024
2019-03-14 16:00:00,8785.839145055706
2019-03-14 16:30:00,8774.816745020775
2019-03-14 17:00:00,8881.234727354944
2019-03-14 17:30:00,8800.261701480647
2019-03-14 18:00:00,8923.448134559425
2019-03-14 18:30:00,8930.497784993166
2019-03-14 19:00:00,8893.728117690618
2019-03-14 19:30:00,8765.362574052515
2019-03-14 20:00:00,8519.642625586697
2019-03-14 20:30:00,8394.727996990257
2019-03-14 21:00:00,8113.654709979612
2019-03-14 21:30:00,8055.877116655914
2019-03-14 22:00:00,7837.478108011882
2019-03-14 22:30:00,7827.029130937561
2019-03-14 23:00:00,7644.307268574395
2019-03-14 23:30:00,7518.3865554773865
2019-03-15 00:00:00,7376.00800463973
2019-03-15 00:30:00,7251.403488737979
2019-03-15 01:00:00,7001.850531983454
2019-03-15 01:30:00,6784.308407186334
2019-03-15 02:00:00,6526.908052821294
2019-03-15 02:30:00,6450.283772570652
2019-03-15 03:00:00,6334.163359355179
2019-03-15 03:30:00,6324.407726994943
2019-03-15 04:00:00,6364.229239019529
2019-03-15 04:30:00,6545.467774693998
2019-03-15 05:00:00,6809.0321777482795
2019-03-15 05:30:00,7205.3849296972585
2019-03-15 06:00:00,7775.1255000938
2019-03-15 06:30:00,8053.53443216051
2019-03-15 07:00:00,8491.815037340622
2019-03-15 07:30:00,8594.335654951949
2019-03-15 08:00:00,8694.379198673585
2019-03-15 08:30:00,8757.499131940984
2019-03-15 09:00:00,8852.805905468194
2019-03-15 09:30:00,8906.603513193766
2019-03-15 10:00:00,8917.290240869974
2019-03-15 10:30:00,8830.760349028164
2019-03-15 11:00:00,8817.529339930386
2019-03-15 11:30:00,8866.210624503787
2019-03-15 12:00:00,8839.574207809546
2019-03-15 12:30:00,8762.051919909738
2019-03-15 13:00:00,8778.058431322008
2019-03-15 13:30:00,8828.933549283927
2019-03-15 14:00:00,8902.466363024005
2019-03-15 14:30:00,8952.931172715218
2019-03-15 15:00:00,9093.850514669308
2019-03-15 15:30:00,9156.3313187155
2019-03-15 16:00:00,9255.242873130415
2019-03-15 16:30:00,9216.260555399755
2019-03-15 17:00:00,9364.440601994238
2019-03-15 17:30:00,9245.79620140095
2019-03-15 18:00:00,9315.617688294114
2019-03-15 18:30:00,9251.15214563245
2019-03-15 19:00:00,9134.314519034531
2019-03-15 19:30:00,9019.739631193292
2019-03-15 20:00:00,8789.022068360531
2019-03-15 20:30:00,8560.853733939672
2019-03-15 21:00:00,8221.085473913055
2019-03-15 21:30:00,8129.722118295278
2019-03-15 22:00:00,7897.2336718724955
2019-03-15 22:30:00,7869.116070737629
2019-03-15 23:00:00,7675.2369463809155
2019-03-15 23:30:00,7547.033695087091
2019-03-16 00:00:00,6783.220084691218
2019-03-16 00:30:00,6656.155798043233
2019-03-16 01:00:00,6405.626168987146
2019-03-16 01:30:00,6209.120132667527
2019-03-16 02:00:00,5933.025520631094
2019-03-16 02:30:00,5850.411712872981
2019-03-16 03:00:00,5720.145196361263
2019-03-16 03:30:00,5701.438625576522
2019-03-16 04:00:00,5735.277846090572
2019-03-16 04:30:00,5893.035462746444
2019-03-16 05:00:00,6160.833298576046
2019-03-16 05:30:00,6546.11947515312
2019-03-16 06:00:00,7059.103476931674
2019-03-16 06:30:00,7280.8959565226
2019-03-16 07:00:00,7667.9417244583665
2019-03-16 07:30:00,7718.010166671211
2019-03-16 08:00:00,7816.304851657631
2019-03-16 08:30:00,7823.73820232204
2019-03-16 09:00:00,7886.477611169084
2019-03-16 09:30:00,7903.525832773075
2019-03-16 10:00:00,7867.476916270798
2019-03-16 10:30:00,7821.297127755988
2019-03-16 11:00:00,7820.207934228702
2019-03-16 11:30:00,7839.413695159624
2019-03-16 12:00:00,7758.322797154493
2019-03-16 12:30:00,7704.480837024773
2019-03-16 13:00:00,7629.807297377445
2019-03-16 13:30:00,7556.4520907139095
2019-03-16 14:00:00,7531.08519843681
2019-03-16 14:30:00,7527.629206278733
2019-03-16 15:00:00,7610.276373668085
2019-03-16 15:30:00,7665.724449299023
2019-03-16 16:00:00,7728.516706070464
2019-03-16 16:30:00,7711.418877878736
2019-03-16 17:00:00,7819.652247554344
2019-03-16 17:30:00,7753.929800306711
2019-03-16 18:00:00,7827.918191368974
2019-03-16 18:30:00,7812.057718652933
2019-03-16 19:00:00,7827.435191170592
2019-03-16 19:30:00,7787.545179769212
2019-03-16 20:00:00,7617.645639963931
2019-03-16 20:30:00,7491.708004848438
2019-03-16 21:00:00,7235.650791913417
2019-03-16 21:30:00,7199.529044245326
2019-03-16 22:00:00,7049.177391636549
2019-03-16 22:30:00,6790.040749106984
2019-03-16 23:00:00,6697.959017237229
2019-03-16 23:30:00,6818.16780801938
2019-03-17 00:00:00,6887.000018711004
2019-03-17 00:30:00,6736.916886783388
2019-03-17 01:00:00,6458.195891989279
2019-03-17 01:30:00,6213.175295278501
2019-03-17 02:00:00,5902.843301546254
2019-03-17 02:30:00,5786.783847636266
2019-03-17 03:00:00,5662.039530709462
2019-03-17 03:30:00,5625.969194375276
2019-03-17 04:00:00,5633.296929255676
2019-03-17 04:30:00,5708.88063569033
2019-03-17 05:00:00,5869.545798019028
2019-03-17 05:30:00,5997.593992965508
2019-03-17 06:00:00,6315.355648117625
2019-03-17 06:30:00,6461.466030444049
2019-03-17 07:00:00,6896.135587118741
2019-03-17 07:30:00,7073.908267546405
2019-03-17 08:00:00,7350.696230993061
2019-03-17 08:30:00,7518.887884518114
2019-03-17 09:00:00,7597.623273318264
2019-03-17 09:30:00,7616.263492563958
2019-03-17 10:00:00,7566.9344411238
2019-03-17 10:30:00,7508.8493621972075
2019-03-17 11:00:00,7475.898461817187
2019-03-17 11:30:00,7418.338021609094
2019-03-17 12:00:00,7360.196167907126
2019-03-17 12:30:00,7283.092246620583
2019-03-17 13:00:00,7285.4809029474445
2019-03-17 13:30:00,7221.819408943061
2019-03-17 14:00:00,7251.85904405172
2019-03-17 14:30:00,7326.006631537641
2019-03-17 15:00:00,7397.1741111254105
2019-03-17 15:30:00,7438.926312296994
2019-03-17 16:00:00,7538.873186344311
2019-03-17 16:30:00,7545.522037461719
2019-03-17 17:00:00,7693.259736494692
2019-03-17 17:30:00,7762.75815168382
2019-03-17 18:00:00,7828.225638769741
2019-03-17 18:30:00,7853.6697654801865
2019-03-17 19:00:00,7854.09183186073
2019-03-17 19:30:00,7735.670998034354
2019-03-17 20:00:00,7522.791410536175
2019-03-17 20:30:00,7428.476330022913
2019-03-17 21:00:00,7266.832588431005
2019-03-17 21:30:00,7235.38218926178
2019-03-17 22:00:00,7104.883308080516
2019-03-17 22:30:00,7095.216203461402
2019-03-17 23:00:00,6861.429500406374
2019-03-17 23:30:00,6736.549361125356
2019-03-18 00:00:00,7508.574780287428
2019-03-18 00:30:00,7420.984765519349
2019-03-18 01:00:00,7216.295400084376
2019-03-18 01:30:00,7015.5214416740155
2019-03-18 02:00:00,6742.55315999069
2019-03-18 02:30:00,6675.428437831295
2019-03-18 03:00:00,6553.490652541357
2019-03-18 03:30:00,6523.242942465224
2019-03-18 04:00:00,6477.7003124010525
2019-03-18 04:30:00,6519.395848055142
2019-03-18 05:00:00,6680.343869760043
2019-03-18 05:30:00,6787.471934355806
2019-03-18 06:00:00,7085.599775942183
2019-03-18 06:30:00,7243.891072059658
2019-03-18 07:00:00,7609.689674931534
2019-03-18 07:30:00,7826.152127692104
2019-03-18 08:00:00,8152.108898023444
2019-03-18 08:30:00,8330.063419905666
2019-03-18 09:00:00,8506.434551207267
2019-03-18 09:30:00,8584.242148507896
2019-03-18 10:00:00,8584.622642343782
2019-03-18 10:30:00,8614.764725593132
2019-03-18 11:00:00,8581.880353819335
2019-03-18 11:30:00,8526.683098273797
2019-03-18 12:00:00,8491.639108638206
2019-03-18 12:30:00,8451.711980829612
2019-03-18 13:00:00,8383.547176157488
2019-03-18 13:30:00,8356.47475774375
2019-03-18 14:00:00,8357.63890021058
2019-03-18 14:30:00,8353.20868577556
2019-03-18 15:00:00,8346.494803459544
2019-03-18 15:30:00,8399.38734460619
2019-03-18 16:00:00,8516.65100470701
2019-03-18 16:30:00,8594.36021117779
2019-03-18 17:00:00,8777.859938596428
2019-03-18 17:30:00,8873.10226189069
2019-03-18 18:00:00,8974.632849313863
2019-03-18 18:30:00,8965.644794482143
2019-03-18 19:00:00,8915.13752740789
2019-03-18 19:30:00,8794.827718704093
2019-03-18 20:00:00,8586.331543212167
2019-03-18 20:30:00,8469.541628180878
2019-03-18 21:00:00,8193.432235066852
2019-03-18 21:30:00,8117.292672968523
2019-03-18 22:00:00,7950.1579137678455
2019-03-18 22:30:00,7959.974820550716
2019-03-18 23:00:00,7741.975002675747
2019-03-18 23:30:00,7639.333818032498
2019-03-19 00:00:00,7036.9194877182035
2019-03-19 00:30:00,6945.917833196197
2019-03-19 01:00:00,6702.322364658338
2019-03-19 01:30:00,6529.427500410791
2019-03-19 02:00:00,6242.706678750617
2019-03-19 02:30:00,6198.452981520442
2019-03-19 03:00:00,6083.437043635387
2019-03-19 03:30:00,6147.651766211653
2019-03-19 04:00:00,6158.4798456542785
2019-03-19 04:30:00,6346.251274319372
2019-03-19 05:00:00,6647.501992297784
2019-03-19 05:30:00,7052.316355613815
2019-03-19 06:00:00,7630.397970345484
2019-03-19 06:30:00,7923.270354400063
2019-03-19 07:00:00,8303.862071064776
2019-03-19 07:30:00,8348.169806720653
2019-03-19 08:00:00,8414.290690346304
2019-03-19 08:30:00,8410.704268067575
2019-03-19 09:00:00,8529.814563488593
2019-03-19 09:30:00,8517.665511921168
2019-03-19 10:00:00,8503.132324932292
2019-03-19 10:30:00,8421.64254161488
2019-03-19 11:00:00,8356.74911084921
2019-03-19 11:30:00,8281.693829692571
2019-03-19 12:00:00,8296.241445392894
2019-03-19 12:30:00,8352.575038492476
2019-03-19 13:00:00,8406.510803638894
2019-03-19 13:30:00,8395.997925050144
2019-03-19 14:00:00,8398.17801510627
2019-03-19 14:30:00,8418.471329349124
2019-03-19 15:00:00,8501.689292607292
2019-03-19 15:30:00,8595.509791879513
2019-03-19 16:00:00,8710.825184493624
2019-03-19 16:30:00,8795.084851251962
2019-03-19 17:00:00,8968.583203341377
2019-03-19 17:30:00,8928.678251734858
2019-03-19 18:00:00,9022.912977544032
2019-03-19 18:30:00,8972.955239274383
2019-03-19 19:00:00,8912.869572389312
2019-03-19 19:30:00,8715.573782339105
2019-03-19 20:00:00,8496.035657701967
2019-03-19 20:30:00,8333.922059425504
2019-03-19 21:00:00,8068.953006286539
2019-03-19 21:30:00,7983.5719421792965
2019-03-19 22:00:00,7789.970049749119
2019-03-19 22:30:00,7825.171790633145
2019-03-19 23:00:00,7658.623140772503
2019-03-19 23:30:00,7542.007831198837
2019-03-20 00:00:00,7322.447197761756
2019-03-20 00:30:00,7200.540959578296
2019-03-20 01:00:00,6977.201688876076
2019-03-20 01:30:00,6735.708867113188
2019-03-20 02:00:00,6434.118717032401
2019-03-20 02:30:00,6326.2184660029825
2019-03-20 03:00:00,6183.6530957600835
2019-03-20 03:30:00,6197.843551460477
2019-03-20 04:00:00,6226.64266345013
2019-03-20 04:30:00,6396.979366121592
2019-03-20 05:00:00,6687.451445220714
2019-03-20 05:30:00,7073.143498230533
2019-03-20 06:00:00,7607.266588221575
2019-03-20 06:30:00,7883.287355264685
2019-03-20 07:00:00,8259.335526459388
2019-03-20 07:30:00,8267.137637149326
2019-03-20 08:00:00,8335.061417935894
2019-03-20 08:30:00,8362.544321687516
2019-03-20 09:00:00,8423.234445126207
2019-03-20 09:30:00,8480.352537772791
2019-03-20 10:00:00,8476.98892589081
2019-03-20 10:30:00,8454.218918883234
2019-03-20 11:00:00,8471.814297005789
2019-03-20 11:30:00,8398.864966774998
2019-03-20 12:00:00,8378.911245235136
2019-03-20 12:30:00,8424.545041174999
2019-03-20 13:00:00,8455.15231655837
2019-03-20 13:30:00,8499.396327766994
2019-03-20 14:00:00,8499.827382020729
2019-03-20 14:30:00,8505.356817602576
2019-03-20 15:00:00,8539.873947177066
2019-03-20 15:30:00,8590.336129776484
2019-03-20 16:00:00,8701.261051454583
2019-03-20 16:30:00,8742.597513104696
2019-03-20 17:00:00,8905.895258180572
2019-03-20 17:30:00,8859.789702480193
2019-03-20 18:00:00,8940.985427415333
2019-03-20 18:30:00,8946.638057120901
2019-03-20 19:00:00,8912.721723883988
2019-03-20 19:30:00,8754.509269486083
2019-03-20 20:00:00,8548.291023285834
2019-03-20 20:30:00,8408.22420689258
2019-03-20 21:00:00,8158.911608813024
2019-03-20 21:30:00,8067.027063914166
2019-03-20 22:00:00,7855.8894275687135
2019-03-20 22:30:00,7808.76022007083
2019-03-20 23:00:00,7670.297309121427
2019-03-20 23:30:00,7548.920141494429
2019-03-21 00:00:00,7382.370843682936
2019-03-21 00:30:00,7248.5788641979725
2019-03-21 01:00:00,6989.796718547879
2019-03-21 01:30:00,6764.538383710149
2019-03-21 02:00:00,6470.46042601334
2019-03-21 02:30:00,6369.632001619735
2019-03-21 03:00:00,6255.895144522723
2019-03-21 03:30:00,6280.296070325385
2019-03-21 04:00:00,6340.231036951611
2019-03-21 04:30:00,6527.328670012898
2019-03-21 05:00:00,6800.756959345993
2019-03-21 05:30:00,7192.669810838401
2019-03-21 06:00:00,7743.334873357496
2019-03-21 06:30:00,7999.249421795898
2019-03-21 07:00:00,8385.082637549845
2019-03-21 07:30:00,8352.392078745963
2019-03-21 08:00:00,8436.530797347408
2019-03-21 08:30:00,8410.997965828665
2019-03-21 09:00:00,8467.68855455895
2019-03-21 09:30:00,8521.832746107977
2019-03-21 10:00:00,8590.769472146849
2019-03-21 10:30:00,8583.906917351258
2019-03-21 11:00:00,8543.652919360304
2019-03-21 11:30:00,8566.870528112977
2019-03-21 12:00:00,8503.851680576518
2019-03-21 12:30:00,8577.937348361354
2019-03-21 13:00:00,8614.647482287186
2019-03-21 13:30:00,8634.837151516602
2019-03-21 14:00:00,8641.415416716945
2019-03-21 14:30:00,8630.988615844699
2019-03-21 15:00:00,8741.22694090425
2019-03-21 15:30:00,8848.86650875954
2019-03-21 16:00:00,8954.185780228017
2019-03-21 16:30:00,9045.155572526397
2019-03-21 17:00:00,9200.594364327664
2019-03-21 17:30:00,9117.872479718151
2019-03-21 18:00:00,9213.430638719517
2019-03-21 18:30:00,9120.84486783119
2019-03-21 19:00:00,9083.858869758664
2019-03-21 19:30:00,8907.424562728333
2019-03-21 20:00:00,8680.649869086485
2019-03-21 20:30:00,8522.440041780374
2019-03-21 21:00:00,8290.936183903566
2019-03-21 21:30:00,8204.52685909368
2019-03-21 22:00:00,7969.785286673089
2019-03-21 22:30:00,7905.8461874760915
2019-03-21 23:00:00,7726.418201993899
2019-03-21 23:30:00,7611.738846793597
2019-03-22 00:00:00,7403.182955793865
2019-03-22 00:30:00,7251.451983052677
2019-03-22 01:00:00,7000.169716673216
2019-03-22 01:30:00,6775.996308055624
2019-03-22 02:00:00,6478.277889654386
2019-03-22 02:30:00,6359.478432713753
2019-03-22 03:00:00,6237.562823625891
2019-03-22 03:30:00,6228.961096116635
2019-03-22 04:00:00,6271.360318827586
2019-03-22 04:30:00,6466.631626763311
2019-03-22 05:00:00,6718.07440863583
2019-03-22 05:30:00,7099.742123643374
2019-03-22 06:00:00,7651.6713267453715
2019-03-22 06:30:00,7898.378862490281
2019-03-22 07:00:00,8318.107953232999
2019-03-22 07:30:00,8348.117156337079
2019-03-22 08:00:00,8416.166758339159
2019-03-22 08:30:00,8485.989758216843
2019-03-22 09:00:00,8537.173087567353
2019-03-22 09:30:00,8513.632875939467
2019-03-22 10:00:00,8498.120212490061
2019-03-22 10:30:00,8471.92344845624
2019-03-22 11:00:00,8503.157858453478
2019-03-22 11:30:00,8523.98222506614
2019-03-22 12:00:00,8517.34838196317
2019-03-22 12:30:00,8573.018042547674
2019-03-22 13:00:00,8617.355681705818
2019-03-22 13:30:00,8694.110392077113
2019-03-22 14:00:00,8679.357396310406
2019-03-22 14:30:00,8714.443824346097
2019-03-22 15:00:00,8809.428943687191
2019-03-22 15:30:00,8939.145173835972
2019-03-22 16:00:00,9054.837207750994
2019-03-22 16:30:00,9098.982828129767
2019-03-22 17:00:00,9223.954951993128
2019-03-22 17:30:00,9092.035025367099
2019-03-22 18:00:00,9138.004206124344
2019-03-22 18:30:00,9128.637528178368
2019-03-22 19:00:00,9077.56209232709
2019-03-22 19:30:00,8943.02733860748
2019-03-22 20:00:00,8720.557683463589
2019-03-22 20:30:00,8530.336347140988
2019-03-22 21:00:00,8234.875822770247
2019-03-22 21:30:00,8152.763832250112
2019-03-22 22:00:00,7904.89455414719
2019-03-22 22:30:00,7842.9871730616105
2019-03-22 23:00:00,7646.198049121767
2019-03-22 23:30:00,7522.72018475251
2019-03-23 00:00:00,6756.253032706369
2019-03-23 00:30:00,6609.136565879377
2019-03-23 01:00:00,6327.6287656258555
2019-03-23 01:30:00,6134.726073603451
2019-03-23 02:00:00,5840.114436445042
2019-03-23 02:30:00,5732.789590189579
2019-03-23 03:00:00,5621.468151434655
2019-03-23 03:30:00,5656.571501488832
2019-03-23 04:00:00,5678.581646218872
2019-03-23 04:30:00,5866.628698263234
2019-03-23 05:00:00,6178.276981982061
2019-03-23 05:30:00,6568.101449845556
2019-03-23 06:00:00,7075.201550943423
2019-03-23 06:30:00,7288.357813709672
2019-03-23 07:00:00,7652.633574637864
2019-03-23 07:30:00,7696.786253946395
2019-03-23 08:00:00,7754.524367924563
2019-03-23 08:30:00,7839.915118053358
2019-03-23 09:00:00,7912.389964871909
2019-03-23 09:30:00,7981.634932883842
2019-03-23 10:00:00,7960.75775328866
2019-03-23 10:30:00,7939.118829651539
2019-03-23 11:00:00,7913.7688264637945
2019-03-23 11:30:00,7872.324110895105
2019-03-23 12:00:00,7854.326538117336
2019-03-23 12:30:00,7938.58818668902
2019-03-23 13:00:00,7986.679794653761
2019-03-23 13:30:00,7960.606224743658
2019-03-23 14:00:00,7932.545663653409
2019-03-23 14:30:00,8045.49833632057
2019-03-23 15:00:00,8201.311809989142
2019-03-23 15:30:00,8211.455928552363
2019-03-23 16:00:00,8251.047498589616
2019-03-23 16:30:00,8211.649441337484
2019-03-23 17:00:00,8230.57842682522
2019-03-23 17:30:00,8136.440578861376
2019-03-23 18:00:00,8173.392292587893
2019-03-23 18:30:00,8148.956877469811
2019-03-23 19:00:00,8087.648795314192
2019-03-23 19:30:00,7971.100014346751
2019-03-23 20:00:00,7721.884975502296
2019-03-23 20:30:00,7639.1064253752875
2019-03-23 21:00:00,7379.548867878042
2019-03-23 21:30:00,7354.08781914911
2019-03-23 22:00:00,7189.053756690692
2019-03-23 22:30:00,7176.8532937893615
2019-03-23 23:00:00,7010.993379737664
2019-03-23 23:30:00,6868.764592179517
2019-03-24 00:00:00,6941.408651680836
2019-03-24 00:30:00,6772.3953822015665
2019-03-24 01:00:00,6526.568963867972
2019-03-24 01:30:00,6310.603719440239
2019-03-24 02:00:00,5995.349557123725
2019-03-24 02:30:00,5847.217319774612
2019-03-24 03:00:00,5701.045978142704
2019-03-24 03:30:00,5688.3561881839205
2019-03-24 04:00:00,5679.021383504344
2019-03-24 04:30:00,5768.9727781888105
2019-03-24 05:00:00,5963.7105798444245
2019-03-24 05:30:00,6144.552925107701
2019-03-24 06:00:00,6455.328831340507
2019-03-24 06:30:00,6594.923242694794
2019-03-24 07:00:00,7004.003947611696
2019-03-24 07:30:00,7122.778601258461
2019-03-24 08:00:00,7382.722183690582
2019-03-24 08:30:00,7422.070634354976
2019-03-24 09:00:00,7395.478228628484
2019-03-24 09:30:00,7389.928598657906
2019-03-24 10:00:00,7323.882792164895
2019-03-24 10:30:00,7308.801564812267
2019-03-24 11:00:00,7263.596163105215
2019-03-24 11:30:00,7167.891120793538
2019-03-24 12:00:00,7187.136693032766
2019-03-24 12:30:00,7266.631229367527
2019-03-24 13:00:00,7310.1250763693815
2019-03-24 13:30:00,7458.828109587312
2019-03-24 14:00:00,7556.208797625345
2019-03-24 14:30:00,7808.097203315303
2019-03-24 15:00:00,7917.420775774377
2019-03-24 15:30:00,8014.798462193494
2019-03-24 16:00:00,8074.299469175755
2019-03-24 16:30:00,8147.285915813762
2019-03-24 17:00:00,8300.931496475665
2019-03-24 17:30:00,8295.367571578396
2019-03-24 18:00:00,8310.068017553798
2019-03-24 18:30:00,8319.513537219345
2019-03-24 19:00:00,8267.90704899826
2019-03-24 19:30:00,8159.381963674326
2019-03-24 20:00:00,7928.966809328047
2019-03-24 20:30:00,7836.021964435744
2019-03-24 21:00:00,7634.416605719821
2019-03-24 21:30:00,7499.862302889931
2019-03-24 22:00:00,7339.72560572191
2019-03-24 22:30:00,7290.923754116587
2019-03-24 23:00:00,7119.814636767449
2019-03-24 23:30:00,6918.234002608014
2019-03-25 00:00:00,7732.949022787402
2019-03-25 00:30:00,7605.07806039034
2019-03-25 01:00:00,7366.586601891307
2019-03-25 01:30:00,7192.695516231919
2019-03-25 02:00:00,6947.276666906437
2019-03-25 02:30:00,6853.227346683716
2019-03-25 03:00:00,6699.824044952237
2019-03-25 03:30:00,6706.748519448913
2019-03-25 04:00:00,6656.679911211667
2019-03-25 04:30:00,6698.257506925627
2019-03-25 05:00:00,6803.577593358377
2019-03-25 05:30:00,6927.213141166773
2019-03-25 06:00:00,7232.948938875184
2019-03-25 06:30:00,7376.739666597575
2019-03-25 07:00:00,7760.752886104944
2019-03-25 07:30:00,7942.401907117297
2019-03-25 08:00:00,8177.100771590465
2019-03-25 08:30:00,8258.068543281175
2019-03-25 09:00:00,8358.855145802496
2019-03-25 09:30:00,8460.657615405868
2019-03-25 10:00:00,8430.430679883193
2019-03-25 10:30:00,8467.730490417685
2019-03-25 11:00:00,8502.174681392738
2019-03-25 11:30:00,8583.199118600944
2019-03-25 12:00:00,8687.364035342798
2019-03-25 12:30:00,8767.904399677138
2019-03-25 13:00:00,8943.96075196365
2019-03-25 13:30:00,9009.882607962778
2019-03-25 14:00:00,9111.646530939888
2019-03-25 14:30:00,9243.588633767991
2019-03-25 15:00:00,9484.123847933868
2019-03-25 15:30:00,9536.667178165266
2019-03-25 16:00:00,9597.213367868655
2019-03-25 16:30:00,9653.286454861285
2019-03-25 17:00:00,9747.11829225011
2019-03-25 17:30:00,9748.171356246621
2019-03-25 18:00:00,9735.775225792868
2019-03-25 18:30:00,9669.496922881557
2019-03-25 19:00:00,9547.326642361488
2019-03-25 19:30:00,9318.469572131682
2019-03-25 20:00:00,9111.658353860543
2019-03-25 20:30:00,8935.917391544297
2019-03-25 21:00:00,8678.381689069742
2019-03-25 21:30:00,8460.401648549076
2019-03-25 22:00:00,8213.744922627973
2019-03-25 22:30:00,8148.9470910695445
2019-03-25 23:00:00,7899.7723203374435
2019-03-25 23:30:00,7741.407436683989
2019-03-26 00:00:00,7040.806341252111
2019-03-26 00:30:00,6933.102871882391
2019-03-26 01:00:00,6701.149560557569
2019-03-26 01:30:00,6511.670998469615
2019-03-26 02:00:00,6325.572133521796
2019-03-26 02:30:00,6262.653413752058
2019-03-26 03:00:00,6149.027260598242
2019-03-26 03:30:00,6167.298719818406
2019-03-26 04:00:00,6225.656806075247
2019-03-26 04:30:00,6419.963577755581
2019-03-26 05:00:00,6710.115681071286
2019-03-26 05:30:00,7131.031651167205
2019-03-26 06:00:00,7689.8587207258415
2019-03-26 06:30:00,8008.121193065165
2019-03-26 07:00:00,8439.406363304415
2019-03-26 07:30:00,8490.557281712781
2019-03-26 08:00:00,8675.888752895396
2019-03-26 08:30:00,8775.733268990509
2019-03-26 09:00:00,8822.904750519267
2019-03-26 09:30:00,8780.88923908176
2019-03-26 10:00:00,8760.029626783511
2019-03-26 10:30:00,8755.009067369396
2019-03-26 11:00:00,8692.410664981066
2019-03-26 11:30:00,8676.075160134264
2019-03-26 12:00:00,8621.48325758226
2019-03-26 12:30:00,8624.803742503273
2019-03-26 13:00:00,8626.383095989264
2019-03-26 13:30:00,8617.778741388214
2019-03-26 14:00:00,8591.882778554653
2019-03-26 14:30:00,8619.122098217807
2019-03-26 15:00:00,8698.64293525405
2019-03-26 15:30:00,8737.780309332056
2019-03-26 16:00:00,8818.378679214453
2019-03-26 16:30:00,8858.271317707626
2019-03-26 17:00:00,8991.016317129091
2019-03-26 17:30:00,8923.761341916223
2019-03-26 18:00:00,8998.59615222657
2019-03-26 18:30:00,8940.523386413322
2019-03-26 19:00:00,8846.079770800518
2019-03-26 19:30:00,8721.723624959548
2019-03-26 20:00:00,8466.459765998334
2019-03-26 20:30:00,8368.56877157352
2019-03-26 21:00:00,8057.594535377371
2019-03-26 21:30:00,7969.9361872569
2019-03-26 22:00:00,7780.589903804117
2019-03-26 22:30:00,7776.914953784267
2019-03-26 23:00:00,7626.404009189084
2019-03-26 23:30:00,7524.252151603287
2019-03-27 00:00:00,7333.279887763505
2019-03-27 00:30:00,7132.73457323647
2019-03-27 01:00:00,6882.141042665955
2019-03-27 01:30:00,6656.474204303686
2019-03-27 02:00:00,6365.54475316206
2019-03-27 02:30:00,6280.254843887734
2019-03-27 03:00:00,6168.136592472461
2019-03-27 03:30:00,6216.493469424481
2019-03-27 04:00:00,6217.120941853567
2019-03-27 04:30:00,6403.456251569927
2019-03-27 05:00:00,6698.7077560193175
2019-03-27 05:30:00,7089.73509004308
2019-03-27 06:00:00,7636.157033765304
2019-03-27 06:30:00,7886.800202704191
2019-03-27 07:00:00,8253.262738091144
2019-03-27 07:30:00,8229.919308122957
2019-03-27 08:00:00,8243.866266821191
2019-03-27 08:30:00,8220.958125484756
2019-03-27 09:00:00,8212.656728088708
2019-03-27 09:30:00,8161.414654847427
2019-03-27 10:00:00,8114.631274802833
2019-03-27 10:30:00,8070.057601789241
2019-03-27 11:00:00,8040.870356237368
2019-03-27 11:30:00,7982.699199594273
2019-03-27 12:00:00,7922.407864907935
2019-03-27 12:30:00,7932.456042665924
2019-03-27 13:00:00,7947.908503160686
2019-03-27 13:30:00,7951.118284138503
2019-03-27 14:00:00,7983.5733375892505
2019-03-27 14:30:00,8024.971073661997
2019-03-27 15:00:00,8137.900440442903
2019-03-27 15:30:00,8258.82277032787
2019-03-27 16:00:00,8424.372346936521
2019-03-27 16:30:00,8551.422338657816
2019-03-27 17:00:00,8749.880099305365
2019-03-27 17:30:00,8738.764562624172
2019-03-27 18:00:00,8875.779750307573
2019-03-27 18:30:00,8935.153773110937
2019-03-27 19:00:00,8844.347991110766
2019-03-27 19:30:00,8665.65332208569
2019-03-27 20:00:00,8409.53335785484
2019-03-27 20:30:00,8330.210799885908
2019-03-27 21:00:00,8045.083939741154
2019-03-27 21:30:00,8001.423214581869
2019-03-27 22:00:00,7790.787395474392
2019-03-27 22:30:00,7822.772296450844
2019-03-27 23:00:00,7672.219803610482
2019-03-27 23:30:00,7544.936559100723
2019-03-28 00:00:00,7381.749803925661
2019-03-28 00:30:00,7270.92986729156
2019-03-28 01:00:00,6981.078395611117
2019-03-28 01:30:00,6788.355563229927
2019-03-28 02:00:00,6513.517855779461
2019-03-28 02:30:00,6416.844022441606
2019-03-28 03:00:00,6305.505661668196
2019-03-28 03:30:00,6309.2100238870535
2019-03-28 04:00:00,6357.962925225864
2019-03-28 04:30:00,6532.432042751002
2019-03-28 05:00:00,6841.426401155688
2019-03-28 05:30:00,7188.942812183923
2019-03-28 06:00:00,7741.10328626104
2019-03-28 06:30:00,7976.965654520436
2019-03-28 07:00:00,8358.457183580485
2019-03-28 07:30:00,8314.24503459549
2019-03-28 08:00:00,8313.536368551293
2019-03-28 08:30:00,8238.269188462638
2019-03-28 09:00:00,8236.16378625531
2019-03-28 09:30:00,8171.594598580208
2019-03-28 10:00:00,8174.321355060163
2019-03-28 10:30:00,8203.86078021707
2019-03-28 11:00:00,8205.641842773903
2019-03-28 11:30:00,8167.294222426489
2019-03-28 12:00:00,8152.95665946343
2019-03-28 12:30:00,8154.550461851301
2019-03-28 13:00:00,8090.346093667024
2019-03-28 13:30:00,8104.870820077527
2019-03-28 14:00:00,8095.113580431068
2019-03-28 14:30:00,8128.687029611803
2019-03-28 15:00:00,8204.250057251995
2019-03-28 15:30:00,8289.240185131634
2019-03-28 16:00:00,8375.173836027976
2019-03-28 16:30:00,8451.721901650842
2019-03-28 17:00:00,8590.335861547856
2019-03-28 17:30:00,8630.326890870878
2019-03-28 18:00:00,8787.39163164149
2019-03-28 18:30:00,8834.781522313502
2019-03-28 19:00:00,8761.841146033576
2019-03-28 19:30:00,8561.298458598336
2019-03-28 20:00:00,8368.75653774716
2019-03-28 20:30:00,8234.069354772
2019-03-28 21:00:00,7980.198916295742
2019-03-28 21:30:00,7959.854190718981
2019-03-28 22:00:00,7762.8404814677
2019-03-28 22:30:00,7810.661051866324
2019-03-28 23:00:00,7636.679051341272
2019-03-28 23:30:00,7520.444991973658
2019-03-29 00:00:00,7356.95598738904
2019-03-29 00:30:00,7233.770668417536
2019-03-29 01:00:00,6976.638990672809
2019-03-29 01:30:00,6773.26514537401
2019-03-29 02:00:00,6500.186159747487
2019-03-29 02:30:00,6395.456591475326
2019-03-29 03:00:00,6279.053495950826
2019-03-29 03:30:00,6270.518297047794
2019-03-29 04:00:00,6357.173844080713
2019-03-29 04:30:00,6529.23985637711
2019-03-29 05:00:00,6831.132330668525
2019-03-29 05:30:00,7190.10380327165
2019-03-29 06:00:00,7790.075161725839
2019-03-29 06:30:00,8005.91983912165
2019-03-29 07:00:00,8367.69410399125
2019-03-29 07:30:00,8340.478942343514
2019-03-29 08:00:00,8358.12763616881
2019-03-29 08:30:00,8286.112607648776
2019-03-29 09:00:00,8253.156837272873
2019-03-29 09:30:00,8258.479628106294
2019-03-29 10:00:00,8211.996029456388
2019-03-29 10:30:00,8261.14709197696
2019-03-29 11:00:00,8248.01972789262
2019-03-29 11:30:00,8195.392947036515
2019-03-29 12:00:00,8108.8312607803755
2019-03-29 12:30:00,8087.185278213498
2019-03-29 13:00:00,8136.563025896039
2019-03-29 13:30:00,8158.32957549484
2019-03-29 14:00:00,8171.595790033151
2019-03-29 14:30:00,8192.26049139333
2019-03-29 15:00:00,8358.406984009438
2019-03-29 15:30:00,8495.07447376211
2019-03-29 16:00:00,8651.205138745252
2019-03-29 16:30:00,8746.688596103362
2019-03-29 17:00:00,8886.22256278444
2019-03-29 17:30:00,8874.418290294301
2019-03-29 18:00:00,8994.259435158197
2019-03-29 18:30:00,9082.791632912416
2019-03-29 19:00:00,8999.507906384952
2019-03-29 19:30:00,8843.757849825077
2019-03-29 20:00:00,8618.240060769198
2019-03-29 20:30:00,8467.584151159419
2019-03-29 21:00:00,8147.855758198464
2019-03-29 21:30:00,8053.927005007666
2019-03-29 22:00:00,7841.453622356676
2019-03-29 22:30:00,7801.735589321126
2019-03-29 23:00:00,7619.55266060315
2019-03-29 23:30:00,7522.795376640587
2019-03-30 00:00:00,6734.053917440562
2019-03-30 00:30:00,6639.458781710068
2019-03-30 01:00:00,6395.868567355799
2019-03-30 01:30:00,6204.901829706758
2019-03-30 02:00:00,5890.865473755653
2019-03-30 02:30:00,5787.346007640692
2019-03-30 03:00:00,5656.545811667372
2019-03-30 03:30:00,5676.465111701107
2019-03-30 04:00:00,5754.634244073107
2019-03-30 04:30:00,5884.729097336145
2019-03-30 05:00:00,6154.868763971854
2019-03-30 05:30:00,6556.795303906831
2019-03-30 06:00:00,7120.50217145893
2019-03-30 06:30:00,7333.7469619663
2019-03-30 07:00:00,7745.771510503304
2019-03-30 07:30:00,7747.160649956093
2019-03-30 08:00:00,7840.798926648787
2019-03-30 08:30:00,7853.2645045622085
2019-03-30 09:00:00,7831.471073296264
2019-03-30 09:30:00,7838.987874585382
2019-03-30 10:00:00,7913.409683801956
2019-03-30 10:30:00,7886.659691196253
2019-03-30 11:00:00,7825.632914993721
2019-03-30 11:30:00,7735.560953277331
2019-03-30 12:00:00,7752.051582280774
2019-03-30 12:30:00,7723.557339844995
2019-03-30 13:00:00,7728.496921751009
2019-03-30 13:30:00,7725.078046000147
2019-03-30 14:00:00,7772.134040489172
2019-03-30 14:30:00,7804.310468941734
2019-03-30 15:00:00,7937.867420675602
2019-03-30 15:30:00,8080.578476361444
2019-03-30 16:00:00,8192.664538887457
2019-03-30 16:30:00,8193.028867075023
2019-03-30 17:00:00,8269.789484312156
2019-03-30 17:30:00,8233.035666352613
2019-03-30 18:00:00,8277.310026800344
2019-03-30 18:30:00,8320.820949795872
2019-03-30 19:00:00,8183.7075762520335
2019-03-30 19:30:00,8031.988916624192
2019-03-30 20:00:00,7865.899188797376
2019-03-30 20:30:00,7779.829388881188
2019-03-30 21:00:00,7464.068491337835
2019-03-30 21:30:00,7482.088953405424
2019-03-30 22:00:00,7287.81787427658
2019-03-30 22:30:00,7229.221292090461
2019-03-30 23:00:00,7076.764707100363
2019-03-30 23:30:00,6991.698364592949
2019-03-31 00:00:00,7001.42263047855
2019-03-31 00:30:00,6898.963287289858
2019-03-31 01:00:00,6646.97273599117
2019-03-31 01:30:00,6436.669807290555
2019-03-31 02:00:00,6137.913442165123
2019-03-31 02:30:00,6022.621565783649
2019-03-31 03:00:00,5894.537391892729
2019-03-31 03:30:00,5858.465073745198
2019-03-31 04:00:00,5832.1653210191635
2019-03-31 04:30:00,5872.013607108188
2019-03-31 05:00:00,5977.488749888283
2019-03-31 05:30:00,6140.192693143841
2019-03-31 06:00:00,6519.111719149958
2019-03-31 06:30:00,6739.389238072581
2019-03-31 07:00:00,7138.406825026354
2019-03-31 07:30:00,7347.620218601692
2019-03-31 08:00:00,7643.28953535789
2019-03-31 08:30:00,7767.611191883438
2019-03-31 09:00:00,7754.072904303294
2019-03-31 09:30:00,7775.106365689001
2019-03-31 10:00:00,7721.782388445576
2019-03-31 10:30:00,7626.333420402888
2019-03-31 11:00:00,7520.573305934279
2019-03-31 11:30:00,7394.084424060249
2019-03-31 12:00:00,7120.754766547792
2019-03-31 12:30:00,6975.283513442577
2019-03-31 13:00:00,7015.808713530462
2019-03-31 13:30:00,6958.0232389313815
2019-03-31 14:00:00,6935.743755854006
2019-03-31 14:30:00,6910.6593484259865
2019-03-31 15:00:00,6914.928944991518
2019-03-31 15:30:00,6991.037290144669
2019-03-31 16:00:00,7112.162995903484
2019-03-31 16:30:00,7215.257036475421
2019-03-31 17:00:00,7462.059183894467
2019-03-31 17:30:00,7584.504355723117
2019-03-31 18:00:00,7726.42939887744
2019-03-31 18:30:00,7835.375477906437
2019-03-31 19:00:00,7786.759812801396
2019-03-31 19:30:00,7662.7750540777515
2019-03-31 20:00:00,7518.1077420509
2019-03-31 20:30:00,7453.2336958646965
2019-03-31 21:00:00,7298.125474355205
2019-03-31 21:30:00,7215.715684253726
2019-03-31 22:00:00,7049.754379014308
2019-03-31 22:30:00,7019.828626534937
2019-03-31 23:00:00,6814.415598883764
2019-03-31 23:30:00,6683.105566347112
2019-04-01 00:00:00,7491.848854605161
2019-04-01 00:30:00,7361.537670572144
2019-04-01 01:00:00,7139.224033480773
2019-04-01 01:30:00,6930.340301710405
2019-04-01 02:00:00,6706.491220324025
2019-04-01 02:30:00,6578.97933193094
2019-04-01 03:00:00,6499.704068575102
2019-04-01 03:30:00,6478.041163989738
2019-04-01 04:00:00,6475.35521042757
2019-04-01 04:30:00,6503.384283821315
2019-04-01 05:00:00,6646.225765742123
2019-04-01 05:30:00,6766.385772282163
2019-04-01 06:00:00,7118.215457856056
2019-04-01 06:30:00,7270.581127980489
2019-04-01 07:00:00,7675.211424073644
2019-04-01 07:30:00,7822.388988256094
2019-04-01 08:00:00,8001.7159917261015
2019-04-01 08:30:00,8083.771316728743
2019-04-01 09:00:00,8013.188524037997
2019-04-01 09:30:00,7875.908513104155
2019-04-01 10:00:00,7715.210728295979
2019-04-01 10:30:00,7676.029001813826
2019-04-01 11:00:00,7544.392099094814
2019-04-01 11:30:00,7483.069808804742
2019-04-01 12:00:00,7408.260983704835
2019-04-01 12:30:00,7386.568021642014
2019-04-01 13:00:00,7340.919776800273
2019-04-01 13:30:00,7354.674943868915
2019-04-01 14:00:00,7384.3919761023635
2019-04-01 14:30:00,7421.24681198355
2019-04-01 15:00:00,7546.954673531538
2019-04-01 15:30:00,7702.82792421513
2019-04-01 16:00:00,7931.288162250961
2019-04-01 16:30:00,8095.153246354433
2019-04-01 17:00:00,8377.725303434527
2019-04-01 17:30:00,8586.107395034096
2019-04-01 18:00:00,8846.529486642568
2019-04-01 18:30:00,8935.59536385839
2019-04-01 19:00:00,8874.176577759576
2019-04-01 19:30:00,8745.877562727695
2019-04-01 20:00:00,8600.137814661228
2019-04-01 20:30:00,8529.574667640692
2019-04-01 21:00:00,8267.579515599286
2019-04-01 21:30:00,8176.25853057231
2019-04-01 22:00:00,8042.566967498891
2019-04-01 22:30:00,8031.704877994893
2019-04-01 23:00:00,7815.45391885514
2019-04-01 23:30:00,7735.112963272293
2019-04-02 00:00:00,7079.341218899356
2019-04-02 00:30:00,7009.73454979165
2019-04-02 01:00:00,6780.053913574919
2019-04-02 01:30:00,6661.397199868284
2019-04-02 02:00:00,6436.148470661938
2019-04-02 02:30:00,6377.942824703421
2019-04-02 03:00:00,6236.71320076606
2019-04-02 03:30:00,6277.1395187208345
2019-04-02 04:00:00,6326.283356287248
2019-04-02 04:30:00,6538.424493809826
2019-04-02 05:00:00,6856.617983632623
2019-04-02 05:30:00,7262.426118335877
2019-04-02 06:00:00,7849.121773690149
2019-04-02 06:30:00,8139.099098366739
2019-04-02 07:00:00,8572.223636895671
2019-04-02 07:30:00,8478.23296400379
2019-04-02 08:00:00,8443.909123466507
2019-04-02 08:30:00,8333.95695993694
2019-04-02 09:00:00,8295.262482138967
2019-04-02 09:30:00,8146.566507850795
2019-04-02 10:00:00,8067.405485855975
2019-04-02 10:30:00,8009.539364791156
2019-04-02 11:00:00,8017.620067550148
2019-04-02 11:30:00,8046.210073723982
2019-04-02 12:00:00,8009.308326156148
2019-04-02 12:30:00,8008.777273786341
2019-04-02 13:00:00,8028.089152847307
2019-04-02 13:30:00,8037.918549810699
2019-04-02 14:00:00,8033.671196635809
2019-04-02 14:30:00,8019.286586367511
2019-04-02 15:00:00,8086.25512249538
2019-04-02 15:30:00,8137.221572357392
2019-04-02 16:00:00,8270.51832881853
2019-04-02 16:30:00,8371.017091407166
2019-04-02 17:00:00,8585.82004292307
2019-04-02 17:30:00,8724.123060375965
2019-04-02 18:00:00,8843.841011116145
2019-04-02 18:30:00,8896.438379773243
2019-04-02 19:00:00,8764.013276746757
2019-04-02 19:30:00,8639.155313667814
2019-04-02 20:00:00,8375.255237881922
2019-04-02 20:30:00,8221.765543316791
2019-04-02 21:00:00,7944.123622237528
2019-04-02 21:30:00,7895.14716517458
2019-04-02 22:00:00,7778.695996459712
2019-04-02 22:30:00,7779.581513928357
2019-04-02 23:00:00,7627.087812531044
2019-04-02 23:30:00,7550.082282074351
2019-04-03 00:00:00,7248.551093283595
2019-04-03 00:30:00,7138.3533638522185
2019-04-03 01:00:00,6896.639811262022
2019-04-03 01:30:00,6667.610762666386
2019-04-03 02:00:00,6386.375846529538
2019-04-03 02:30:00,6255.4079659783765
2019-04-03 03:00:00,6243.114681547935
2019-04-03 03:30:00,6199.736638697676
2019-04-03 04:00:00,6274.036666481921
2019-04-03 04:30:00,6454.4314100001
2019-04-03 05:00:00,6731.522336239698
2019-04-03 05:30:00,7086.474725024135
2019-04-03 06:00:00,7629.396324184134
2019-04-03 06:30:00,7873.363856898399
2019-04-03 07:00:00,8283.64217379198
2019-04-03 07:30:00,8216.1726725553
2019-04-03 08:00:00,8236.244020719618
2019-04-03 08:30:00,8215.566829178919
2019-04-03 09:00:00,8182.443512275147
2019-04-03 09:30:00,8188.202414085947
2019-04-03 10:00:00,8148.63097681937
2019-04-03 10:30:00,8095.405969708784
2019-04-03 11:00:00,8079.052079695319
2019-04-03 11:30:00,8065.105385150567
2019-04-03 12:00:00,8012.183499614209
2019-04-03 12:30:00,8019.43436354561
2019-04-03 13:00:00,8009.932669665829
2019-04-03 13:30:00,8070.531734831535
2019-04-03 14:00:00,8111.721395936807
2019-04-03 14:30:00,8101.527847853025
2019-04-03 15:00:00,8202.104322477051
2019-04-03 15:30:00,8246.773759228698
2019-04-03 16:00:00,8353.03258659152
2019-04-03 16:30:00,8423.212678659836
2019-04-03 17:00:00,8638.768267499114
2019-04-03 17:30:00,8691.505752298415
2019-04-03 18:00:00,8814.647832973045
2019-04-03 18:30:00,8841.631723645662
2019-04-03 19:00:00,8683.649808152188
2019-04-03 19:30:00,8523.831238253066
2019-04-03 20:00:00,8343.408311491858
2019-04-03 20:30:00,8206.95977960096
2019-04-03 21:00:00,7922.1476410560335
2019-04-03 21:30:00,7889.99601589734
2019-04-03 22:00:00,7686.195966478241
2019-04-03 22:30:00,7692.340550333055
2019-04-03 23:00:00,7529.006935633817
2019-04-03 23:30:00,7444.393449055091
2019-04-04 00:00:00,7388.363173019568
2019-04-04 00:30:00,7269.450385043945
2019-04-04 01:00:00,7053.392035750585
2019-04-04 01:30:00,6815.092072947027
2019-04-04 02:00:00,6570.26882278423
2019-04-04 02:30:00,6478.829252538677
2019-04-04 03:00:00,6336.564308968915
2019-04-04 03:30:00,6352.621563344654
2019-04-04 04:00:00,6396.036556577725
2019-04-04 04:30:00,6537.992347848398
2019-04-04 05:00:00,6805.63250023886
2019-04-04 05:30:00,7217.671119446256
2019-04-04 06:00:00,7788.233305797014
2019-04-04 06:30:00,8051.866691367821
2019-04-04 07:00:00,8435.84542155977
2019-04-04 07:30:00,8405.931982193744
2019-04-04 08:00:00,8417.38468083032
2019-04-04 08:30:00,8330.82029967309
2019-04-04 09:00:00,8287.59015768049
2019-04-04 09:30:00,8223.862135069883
2019-04-04 10:00:00,8148.213125472186
2019-04-04 10:30:00,8035.188670015214
2019-04-04 11:00:00,7980.094578735479
2019-04-04 11:30:00,7906.473434714228
2019-04-04 12:00:00,7887.79418505727
2019-04-04 12:30:00,7891.58707501725
2019-04-04 13:00:00,7939.213336872781
2019-04-04 13:30:00,7973.84428188799
2019-04-04 14:00:00,7948.738072785019
2019-04-04 14:30:00,7982.1199944896425
2019-04-04 15:00:00,8108.04418680761
2019-04-04 15:30:00,8270.940302817728
2019-04-04 16:00:00,8438.759927442674
2019-04-04 16:30:00,8530.920272787977
2019-04-04 17:00:00,8670.847802788452
2019-04-04 17:30:00,8703.034094329743
2019-04-04 18:00:00,8856.797899289624
2019-04-04 18:30:00,8886.492380793876
2019-04-04 19:00:00,8730.062542375921
2019-04-04 19:30:00,8599.598929087353
2019-04-04 20:00:00,8361.423212296315
2019-04-04 20:30:00,8252.428349025206
2019-04-04 21:00:00,8020.1472275983315
2019-04-04 21:30:00,7927.785668755367
2019-04-04 22:00:00,7753.689963929248
2019-04-04 22:30:00,7733.069614973219
2019-04-04 23:00:00,7540.006852387132
2019-04-04 23:30:00,7449.829440911136
2019-04-05 00:00:00,7217.8489624990425
2019-04-05 00:30:00,7101.366533070648
2019-04-05 01:00:00,6865.312669115776
2019-04-05 01:30:00,6621.0747672058305
2019-04-05 02:00:00,6272.6655223218495
2019-04-05 02:30:00,6195.669854953884
2019-04-05 03:00:00,6091.914824075815
2019-04-05 03:30:00,6099.2524110021695
2019-04-05 04:00:00,6152.5163503089125
2019-04-05 04:30:00,6369.448581016655
2019-04-05 05:00:00,6626.20709479284
2019-04-05 05:30:00,7040.336724720941
2019-04-05 06:00:00,7620.506723081524
2019-04-05 06:30:00,7856.760027568524
2019-04-05 07:00:00,8270.482023506836
2019-04-05 07:30:00,8256.505271484626
2019-04-05 08:00:00,8281.03869630759
2019-04-05 08:30:00,8266.085094916643
2019-04-05 09:00:00,8318.210607253295
2019-04-05 09:30:00,8324.261232116223
2019-04-05 10:00:00,8302.983430271885
2019-04-05 10:30:00,8324.0025967309
2019-04-05 11:00:00,8277.149354210274
2019-04-05 11:30:00,8222.987418297138
2019-04-05 12:00:00,8214.137565603573
2019-04-05 12:30:00,8225.494236348613
2019-04-05 13:00:00,8217.040352281756
2019-04-05 13:30:00,8244.985975050793
2019-04-05 14:00:00,8202.602078114878
2019-04-05 14:30:00,8215.491276825156
2019-04-05 15:00:00,8269.115776500716
2019-04-05 15:30:00,8356.68361506672
2019-04-05 16:00:00,8468.651737652604
2019-04-05 16:30:00,8448.447128218048
2019-04-05 17:00:00,8611.439837715649
2019-04-05 17:30:00,8670.088653581299
2019-04-05 18:00:00,8870.831863875308
2019-04-05 18:30:00,8885.885660842274
2019-04-05 19:00:00,8734.608616705254
2019-04-05 19:30:00,8588.520410580904
2019-04-05 20:00:00,8389.735515045066
2019-04-05 20:30:00,8216.29465822257
2019-04-05 21:00:00,7935.85606859517
2019-04-05 21:30:00,7851.6113420419715
2019-04-05 22:00:00,7674.243936536952
2019-04-05 22:30:00,7663.583237597792
2019-04-05 23:00:00,7536.688719258269
2019-04-05 23:30:00,7476.618901716201
2019-04-06 00:00:00,6751.469397313197
2019-04-06 00:30:00,6610.728785316139
2019-04-06 01:00:00,6401.852966601788
2019-04-06 01:30:00,6190.804636574731
2019-04-06 02:00:00,5857.227603704148
2019-04-06 02:30:00,5737.921252409127
2019-04-06 03:00:00,5614.534212711487
2019-04-06 03:30:00,5586.920878839213
2019-04-06 04:00:00,5644.1771168574305
2019-04-06 04:30:00,5788.462425820864
2019-04-06 05:00:00,6060.350951191787
2019-04-06 05:30:00,6468.082550087881
2019-04-06 06:00:00,6986.209660125819
2019-04-06 06:30:00,7319.712848003078
2019-04-06 07:00:00,7740.115734349602
2019-04-06 07:30:00,7736.748269932646
2019-04-06 08:00:00,7814.472035483598
2019-04-06 08:30:00,7790.744905284741
2019-04-06 09:00:00,7806.977313836625
2019-04-06 09:30:00,7783.798803304511
2019-04-06 10:00:00,7765.782839050345
2019-04-06 10:30:00,7696.61671275798
2019-04-06 11:00:00,7669.9211001759695
2019-04-06 11:30:00,7605.548694160565
2019-04-06 12:00:00,7624.737600882298
2019-04-06 12:30:00,7540.359994183829
2019-04-06 13:00:00,7579.527271764103
2019-04-06 13:30:00,7572.78265690864
2019-04-06 14:00:00,7527.265193622685
2019-04-06 14:30:00,7537.7708362145
2019-04-06 15:00:00,7638.566268700299
2019-04-06 15:30:00,7696.44487994564
2019-04-06 16:00:00,7766.397491094017
2019-04-06 16:30:00,7769.238512046305
2019-04-06 17:00:00,7896.198001616935
2019-04-06 17:30:00,7842.7522318984065
2019-04-06 18:00:00,7968.868213670594
2019-04-06 18:30:00,7978.577043602063
2019-04-06 19:00:00,7859.196195633199
2019-04-06 19:30:00,7730.685458736479
2019-04-06 20:00:00,7550.870444251302
2019-04-06 20:30:00,7432.553255438364
2019-04-06 21:00:00,7198.916838595672
2019-04-06 21:30:00,7207.0611012711015
2019-04-06 22:00:00,7066.6124331616975
2019-04-06 22:30:00,7106.812557257766
2019-04-06 23:00:00,6981.553566618468
2019-04-06 23:30:00,6917.621703418404
2019-04-07 00:00:00,7025.451259425138
2019-04-07 00:30:00,6856.543439705476
2019-04-07 01:00:00,6551.089551391326
2019-04-07 01:30:00,6336.8066370925835
2019-04-07 02:00:00,6056.916508004377
2019-04-07 02:30:00,5919.680849474682
2019-04-07 03:00:00,5738.64466476065
2019-04-07 03:30:00,5720.0070726067515
2019-04-07 04:00:00,5715.397654851742
2019-04-07 04:30:00,5804.387317439789
2019-04-07 05:00:00,5950.687418610469
2019-04-07 05:30:00,6153.360214986975
2019-04-07 06:00:00,6536.059817839725
2019-04-07 06:30:00,6699.683767879349
2019-04-07 07:00:00,7050.615492355231
2019-04-07 07:30:00,7216.440511780309
2019-04-07 08:00:00,7381.459119609792
2019-04-07 08:30:00,7361.094022577126
2019-04-07 09:00:00,7351.488741099167
2019-04-07 09:30:00,7294.6135872626
2019-04-07 10:00:00,7166.187994645041
2019-04-07 10:30:00,7052.083867151519
2019-04-07 11:00:00,6959.198011188047
2019-04-07 11:30:00,6860.369265615057
2019-04-07 12:00:00,6821.792892126437
2019-04-07 12:30:00,6826.653141009621
2019-04-07 13:00:00,6869.9084810394215
2019-04-07 13:30:00,6868.555812715398
2019-04-07 14:00:00,6942.961830810774
2019-04-07 14:30:00,7043.3771427747015
2019-04-07 15:00:00,7141.508141579182
2019-04-07 15:30:00,7298.618747738463
2019-04-07 16:00:00,7539.983301756887
2019-04-07 16:30:00,7624.995605838601
2019-04-07 17:00:00,7815.4667872498585
2019-04-07 17:30:00,7903.4185031137085
2019-04-07 18:00:00,8008.009069350943
2019-04-07 18:30:00,8111.538398554631
2019-04-07 19:00:00,8007.5065200422805
2019-04-07 19:30:00,7902.919695004117
2019-04-07 20:00:00,7727.862106734309
2019-04-07 20:30:00,7598.579183403935
2019-04-07 21:00:00,7391.761737797786
2019-04-07 21:30:00,7327.286509114569
2019-04-07 22:00:00,7209.99154824341
2019-04-07 22:30:00,7195.333941687637
2019-04-07 23:00:00,6952.660201722533
2019-04-07 23:30:00,6861.5555474655375
2019-04-08 00:00:00,7690.138139036337
2019-04-08 00:30:00,7534.342907726688
2019-04-08 01:00:00,7318.756963472295
2019-04-08 01:30:00,7134.515291568436
2019-04-08 02:00:00,6909.3304638765185
2019-04-08 02:30:00,6785.554799925919
2019-04-08 03:00:00,6632.279769434571
2019-04-08 03:30:00,6605.207351020834
2019-04-08 04:00:00,6609.817259072664
2019-04-08 04:30:00,6625.153915415831
2019-04-08 05:00:00,6719.154447510756
2019-04-08 05:30:00,6798.885686071401
2019-04-08 06:00:00,7096.83168620322
2019-04-08 06:30:00,7223.482860421528
2019-04-08 07:00:00,7561.685051439617
2019-04-08 07:30:00,7696.585938092961
2019-04-08 08:00:00,7898.245032846998
2019-04-08 08:30:00,7974.984625945975
2019-04-08 09:00:00,8015.637509410801
2019-04-08 09:30:00,8002.504549544882
2019-04-08 10:00:00,7942.010354835794
2019-04-08 10:30:00,7871.0901156246255
2019-04-08 11:00:00,7770.785849201885
2019-04-08 11:30:00,7725.808749780166
2019-04-08 12:00:00,7734.403309101785
2019-04-08 12:30:00,7790.864705230226
2019-04-08 13:00:00,7833.970243096271
2019-04-08 13:30:00,7866.242435286888
2019-04-08 14:00:00,7935.670264558951
2019-04-08 14:30:00,8052.743038966443
2019-04-08 15:00:00,8226.753561973574
2019-04-08 15:30:00,8433.320266231703
2019-04-08 16:00:00,8629.432097449142
2019-04-08 16:30:00,8775.434402924164
2019-04-08 17:00:00,9018.160801007029
2019-04-08 17:30:00,9133.049428047552
2019-04-08 18:00:00,9345.082780480378
2019-04-08 18:30:00,9532.935677956833
2019-04-08 19:00:00,9415.928700084878
2019-04-08 19:30:00,9207.473020949328
2019-04-08 20:00:00,8928.70624383462
2019-04-08 20:30:00,8743.66052327348
2019-04-08 21:00:00,8503.574664064872
2019-04-08 21:30:00,8404.478176387996
2019-04-08 22:00:00,8190.900318406588
2019-04-08 22:30:00,8159.932010297882
2019-04-08 23:00:00,7965.639773511491
2019-04-08 23:30:00,7913.997078021055
2019-04-09 00:00:00,7236.128597940853
2019-04-09 00:30:00,7146.846389955053
2019-04-09 01:00:00,6942.378609473647
2019-04-09 01:30:00,6806.259739387718
2019-04-09 02:00:00,6620.82743404677
2019-04-09 02:30:00,6490.700718560105
2019-04-09 03:00:00,6302.009598228096
2019-04-09 03:30:00,6240.574622181484
2019-04-09 04:00:00,6241.964417955497
2019-04-09 04:30:00,6294.94566391044
2019-04-09 05:00:00,6460.74669850159
2019-04-09 05:30:00,6663.911449027344
2019-04-09 06:00:00,7084.799006975024
2019-04-09 06:30:00,7414.570579314938
2019-04-09 07:00:00,7964.9548108223335
2019-04-09 07:30:00,8018.604421130318
2019-04-09 08:00:00,8219.213078979636
2019-04-09 08:30:00,8228.923713657274
2019-04-09 09:00:00,8222.051199213025
2019-04-09 09:30:00,8184.293101499082
2019-04-09 10:00:00,8213.924906932083
2019-04-09 10:30:00,8222.078855629064
2019-04-09 11:00:00,8243.650769912329
2019-04-09 11:30:00,8237.7739281614
2019-04-09 12:00:00,8263.76411525609
2019-04-09 12:30:00,8353.462062763361
2019-04-09 13:00:00,8422.71475807549
2019-04-09 13:30:00,8535.010557157331
2019-04-09 14:00:00,8735.711302558831
2019-04-09 14:30:00,8798.127559812145
2019-04-09 15:00:00,8905.82266350075
2019-04-09 15:30:00,9001.854740525601
2019-04-09 16:00:00,9178.787595919332
2019-04-09 16:30:00,9285.58862580192
2019-04-09 17:00:00,9444.311431395436
2019-04-09 17:30:00,9411.987827870911
2019-04-09 18:00:00,9605.403959605743
2019-04-09 18:30:00,9731.66239285028
2019-04-09 19:00:00,9597.405157531044
2019-04-09 19:30:00,9337.265057592704
2019-04-09 20:00:00,9047.205511247384
2019-04-09 20:30:00,8837.812903309283
2019-04-09 21:00:00,8560.294176353738
2019-04-09 21:30:00,8363.7536507187
2019-04-09 22:00:00,8119.298639461499
2019-04-09 22:30:00,8043.820559853631
2019-04-09 23:00:00,7796.844876693637
2019-04-09 23:30:00,7653.489437602998
2019-04-10 00:00:00,7350.8409808316555
2019-04-10 00:30:00,7206.054031697424
2019-04-10 01:00:00,6975.173156412217
2019-04-10 01:30:00,6807.832531040389
2019-04-10 02:00:00,6533.2678198773965
2019-04-10 02:30:00,6315.605128048353
2019-04-10 03:00:00,6114.148003129787
2019-04-10 03:30:00,6043.053158460993
2019-04-10 04:00:00,6000.004788458478
2019-04-10 04:30:00,6076.501442747439
2019-04-10 05:00:00,6227.311759540427
2019-04-10 05:30:00,6459.179847275005
2019-04-10 06:00:00,6866.329982518154
2019-04-10 06:30:00,7193.129458506679
2019-04-10 07:00:00,7739.091356854438
2019-04-10 07:30:00,7842.221868555141
2019-04-10 08:00:00,8057.490760052026
2019-04-10 08:30:00,8053.060545617007
2019-04-10 09:00:00,8084.779412675814
2019-04-10 09:30:00,8143.319329344438
2019-04-10 10:00:00,8224.373067659933
2019-04-10 10:30:00,8241.443465466
2019-04-10 11:00:00,8225.634745681857
2019-04-10 11:30:00,8222.109597825762
2019-04-10 12:00:00,8243.239713104445
2019-04-10 12:30:00,8257.265249368767
2019-04-10 13:00:00,8303.991698828962
2019-04-10 13:30:00,8305.824008188887
2019-04-10 14:00:00,8342.290909461386
2019-04-10 14:30:00,8393.203320897697
2019-04-10 15:00:00,8441.995179142914
2019-04-10 15:30:00,8475.408963071164
2019-04-10 16:00:00,8557.016044545924
2019-04-10 16:30:00,8641.48235605269
2019-04-10 17:00:00,8755.67584103676
2019-04-10 17:30:00,8792.638930836525
2019-04-10 18:00:00,9048.237244690581
2019-04-10 18:30:00,9151.119563397677
2019-04-10 19:00:00,9015.253408418255
2019-04-10 19:30:00,8832.738419047539
2019-04-10 20:00:00,8572.44694174245
2019-04-10 20:30:00,8481.29530798951
2019-04-10 21:00:00,8214.097755079429
2019-04-10 21:30:00,8030.640582722572
2019-04-10 22:00:00,7808.724307497829
2019-04-10 22:30:00,7848.375811927155
2019-04-10 23:00:00,7618.935872682438
2019-04-10 23:30:00,7537.827339571075
2019-04-11 00:00:00,7469.473451277175
2019-04-11 00:30:00,7382.048355945169
2019-04-11 01:00:00,7169.731485277881
2019-04-11 01:30:00,7072.624990400069
2019-04-11 02:00:00,6786.733020691045
2019-04-11 02:30:00,6564.645368610571
2019-04-11 03:00:00,6377.413188707818
2019-04-11 03:30:00,6278.628795538977
2019-04-11 04:00:00,6225.729029438172
2019-04-11 04:30:00,6277.0154550836005
2019-04-11 05:00:00,6452.862217408121
2019-04-11 05:30:00,6668.889381536939
2019-04-11 06:00:00,7077.60851587409
2019-04-11 06:30:00,7487.012758877625
2019-04-11 07:00:00,8071.420668402648
2019-04-11 07:30:00,8112.082689170506
2019-04-11 08:00:00,8274.576979460873
2019-04-11 08:30:00,8186.393992621904
2019-04-11 09:00:00,8162.984759833191
2019-04-11 09:30:00,8078.184177616316
2019-04-11 10:00:00,8036.057205865448
2019-04-11 10:30:00,7961.813854641473
2019-04-11 11:00:00,7910.368105341551
2019-04-11 11:30:00,7862.451771204872
2019-04-11 12:00:00,7857.299044733231
2019-04-11 12:30:00,7839.861691647806
2019-04-11 13:00:00,7814.551113453067
2019-04-11 13:30:00,7799.297907734609
2019-04-11 14:00:00,7842.770107036699
2019-04-11 14:30:00,7894.504134427227
2019-04-11 15:00:00,7933.094386246103
2019-04-11 15:30:00,7968.087032357083
2019-04-11 16:00:00,8189.310701388204
2019-04-11 16:30:00,8329.574299441156
2019-04-11 17:00:00,8557.133569522066
2019-04-11 17:30:00,8757.361535357477
2019-04-11 18:00:00,9063.313777892374
2019-04-11 18:30:00,9211.490367645634
2019-04-11 19:00:00,9086.66353471963
2019-04-11 19:30:00,8877.94209529354
2019-04-11 20:00:00,8667.141205402722
2019-04-11 20:30:00,8554.245198253057
2019-04-11 21:00:00,8355.613740634692
2019-04-11 21:30:00,8251.920314340554
2019-04-11 22:00:00,8049.549324940431
2019-04-11 22:30:00,8103.2928942403005
2019-04-11 23:00:00,7844.079631771762
2019-04-11 23:30:00,7778.2932830097
2019-04-12 00:00:00,7536.473338103316
2019-04-12 00:30:00,7436.326413521723
2019-04-12 01:00:00,7179.696553014971
2019-04-12 01:30:00,7087.366856395633
2019-04-12 02:00:00,6788.115910029159
2019-04-12 02:30:00,6609.199656050516
2019-04-12 03:00:00,6367.830343528495
2019-04-12 03:30:00,6282.5893955634565
2019-04-12 04:00:00,6278.722752043094
2019-04-12 04:30:00,6292.148257306768
2019-04-12 05:00:00,6450.8677792405515
2019-04-12 05:30:00,6688.171520632269
2019-04-12 06:00:00,7092.138482937638
2019-04-12 06:30:00,7515.991237723901
2019-04-12 07:00:00,8074.699591547938
2019-04-12 07:30:00,8178.17931416389
2019-04-12 08:00:00,8354.532416536338
2019-04-12 08:30:00,8230.682342704133
2019-04-12 09:00:00,8135.378648427309
2019-04-12 09:30:00,8118.014882877864
2019-04-12 10:00:00,8059.685286425463
2019-04-12 10:30:00,8036.934828528168
2019-04-12 11:00:00,7971.702049935977
2019-04-12 11:30:00,7900.555616866101
2019-04-12 12:00:00,7830.668960350461
2019-04-12 12:30:00,7856.184047505093
2019-04-12 13:00:00,7891.285438837913
2019-04-12 13:30:00,7904.351870097609
2019-04-12 14:00:00,7908.138075654953
2019-04-12 14:30:00,7902.999576300707
2019-04-12 15:00:00,7944.179851919295
2019-04-12 15:30:00,7997.692150244046
2019-04-12 16:00:00,8161.686845618211
2019-04-12 16:30:00,8268.67940297691
2019-04-12 17:00:00,8466.721424102987
2019-04-12 17:30:00,8650.616512183391
2019-04-12 18:00:00,8993.67458775205
2019-04-12 18:30:00,9171.408169959153
2019-04-12 19:00:00,9073.196467680236
2019-04-12 19:30:00,8898.638822413977
2019-04-12 20:00:00,8707.715507244542
2019-04-12 20:30:00,8577.09683760863
2019-04-12 21:00:00,8339.41653365338
2019-04-12 21:30:00,8171.879126621853
2019-04-12 22:00:00,7961.405422791478
2019-04-12 22:30:00,7992.1352239281305
2019-04-12 23:00:00,7758.963669146068
2019-04-12 23:30:00,7707.429050507034
2019-04-13 00:00:00,6943.5909611133575
2019-04-13 00:30:00,6852.328623417223
2019-04-13 01:00:00,6645.083723497957
2019-04-13 01:30:00,6493.488257993833
2019-04-13 02:00:00,6240.616508893662
2019-04-13 02:30:00,6055.781864918913
2019-04-13 03:00:00,5811.598316551819
2019-04-13 03:30:00,5708.77989935915
2019-04-13 04:00:00,5681.902114767365
2019-04-13 04:30:00,5701.154855194229
2019-04-13 05:00:00,5885.475541999149
2019-04-13 05:30:00,6047.4685732436865
2019-04-13 06:00:00,6441.032892692229
2019-04-13 06:30:00,6830.810381059781
2019-04-13 07:00:00,7375.338142272153
2019-04-13 07:30:00,7447.662461141252
2019-04-13 08:00:00,7690.385021257926
2019-04-13 08:30:00,7645.96115040809
2019-04-13 09:00:00,7599.6782655983625
2019-04-13 09:30:00,7548.236783605589
2019-04-13 10:00:00,7514.46579639499
2019-04-13 10:30:00,7493.606940466908
2019-04-13 11:00:00,7446.1952151908135
2019-04-13 11:30:00,7423.311877148248
2019-04-13 12:00:00,7384.20906019496
2019-04-13 12:30:00,7356.836860386536
2019-04-13 13:00:00,7282.972623580078
2019-04-13 13:30:00,7225.630318888132
2019-04-13 14:00:00,7214.4982347155765
2019-04-13 14:30:00,7250.179616635503
2019-04-13 15:00:00,7224.869867477942
2019-04-13 15:30:00,7297.108285697713
2019-04-13 16:00:00,7445.183215746548
2019-04-13 16:30:00,7620.48381231463
2019-04-13 17:00:00,7825.253526277684
2019-04-13 17:30:00,7914.956727968543
2019-04-13 18:00:00,8170.535492712319
2019-04-13 18:30:00,8266.678450747542
2019-04-13 19:00:00,8165.391829449423
2019-04-13 19:30:00,7970.48222260947
2019-04-13 20:00:00,7785.757529720549
2019-04-13 20:30:00,7710.926460609271
2019-04-13 21:00:00,7508.152725048501
2019-04-13 21:30:00,7387.23302225533
2019-04-13 22:00:00,7208.037916295525
2019-04-13 22:30:00,7278.355497414251
2019-04-13 23:00:00,7079.947767792668
2019-04-13 23:30:00,7074.253412774747
2019-04-14 00:00:00,7171.393618613907
2019-04-14 00:30:00,7082.800146437054
2019-04-14 01:00:00,6839.763160654666
2019-04-14 01:30:00,6698.14689427769
2019-04-14 02:00:00,6415.993776102945
2019-04-14 02:30:00,6192.843374004407
2019-04-14 03:00:00,5969.796932036457
2019-04-14 03:30:00,5848.033437086995
2019-04-14 04:00:00,5818.2261038018005
2019-04-14 04:30:00,5811.287334378433
2019-04-14 05:00:00,5887.613988229225
2019-04-14 05:30:00,6012.198955020694
2019-04-14 06:00:00,6219.588275283809
2019-04-14 06:30:00,6402.398437144075
2019-04-14 07:00:00,6749.290883412541
2019-04-14 07:30:00,6856.521770676118
2019-04-14 08:00:00,7113.813409607444
2019-04-14 08:30:00,7222.660275460967
2019-04-14 09:00:00,7278.6276390668845
2019-04-14 09:30:00,7234.809053401285
2019-04-14 10:00:00,7120.337391325413
2019-04-14 10:30:00,7099.355341273613
2019-04-14 11:00:00,7048.081570339522
2019-04-14 11:30:00,6978.2019049443425
2019-04-14 12:00:00,6888.793943552328
2019-04-14 12:30:00,6842.921640640412
2019-04-14 13:00:00,6843.618103749553
2019-04-14 13:30:00,6866.857888704301
2019-04-14 14:00:00,6949.270680424697
2019-04-14 14:30:00,6957.555059242331
2019-04-14 15:00:00,7047.678124954071
2019-04-14 15:30:00,7201.8148300157945
2019-04-14 16:00:00,7331.800964644649
2019-04-14 16:30:00,7425.579915671691
2019-04-14 17:00:00,7574.778359880089
2019-04-14 17:30:00,7688.52078627784
2019-04-14 18:00:00,7981.25416829749
2019-04-14 18:30:00,8061.69614180198
2019-04-14 19:00:00,7897.8843640535215
2019-04-14 19:30:00,7709.136263086868
2019-04-14 20:00:00,7497.60491207475
2019-04-14 20:30:00,7436.068918106494
2019-04-14 21:00:00,7240.9476681390815
2019-04-14 21:30:00,7151.227544429736
2019-04-14 22:00:00,7004.139711224476
2019-04-14 22:30:00,6981.453154841609
2019-04-14 23:00:00,6843.516687356874
2019-04-14 23:30:00,6798.859740785749
2019-04-15 00:00:00,7643.5006156746085
2019-04-15 00:30:00,7510.517939030516
2019-04-15 01:00:00,7296.289917283734
2019-04-15 01:30:00,7179.569157950462
2019-04-15 02:00:00,6947.182250569255
2019-04-15 02:30:00,6761.614518381411
2019-04-15 03:00:00,6588.855476488078
2019-04-15 03:30:00,6532.9128196161
2019-04-15 04:00:00,6502.131441121139
2019-04-15 04:30:00,6492.489139795893
2019-04-15 05:00:00,6589.972449156108
2019-04-15 05:30:00,6684.363744297146
2019-04-15 06:00:00,6913.025032918021
2019-04-15 06:30:00,7059.366686219564
2019-04-15 07:00:00,7350.464473033639
2019-04-15 07:30:00,7485.911529329107
2019-04-15 08:00:00,7764.143492999879
2019-04-15 08:30:00,7921.9154045824425
2019-04-15 09:00:00,8034.9617626143845
2019-04-15 09:30:00,8019.629715176357
2019-04-15 10:00:00,8009.895325580854
2019-04-15 10:30:00,7984.606255217753
2019-04-15 11:00:00,7940.244645666991
2019-04-15 11:30:00,7887.689002322248
2019-04-15 12:00:00,7894.977872815786
2019-04-15 12:30:00,7915.175423320585
2019-04-15 13:00:00,7830.387177309045
2019-04-15 13:30:00,7744.135535938298
2019-04-15 14:00:00,7754.120363776157
2019-04-15 14:30:00,7824.132909316606
2019-04-15 15:00:00,7889.190294364982
2019-04-15 15:30:00,8013.8613388729555
2019-04-15 16:00:00,8124.0140741174
2019-04-15 16:30:00,8266.188823249846
2019-04-15 17:00:00,8472.397283253425
2019-04-15 17:30:00,8637.73822980464
2019-04-15 18:00:00,8942.531958583417
2019-04-15 18:30:00,9113.93141127294
2019-04-15 19:00:00,8933.77444265613
2019-04-15 19:30:00,8787.890899466862
2019-04-15 20:00:00,8581.124033599872
2019-04-15 20:30:00,8506.03490840626
2019-04-15 21:00:00,8331.94449273276
2019-04-15 21:30:00,8251.955375156958
2019-04-15 22:00:00,8106.0879754089
2019-04-15 22:30:00,8055.109212433543
2019-04-15 23:00:00,7870.259868220903
2019-04-15 23:30:00,7840.745246357865
2019-04-16 00:00:00,7178.873085127967
2019-04-16 00:30:00,7062.331363090283
2019-04-16 01:00:00,6817.894729487929
2019-04-16 01:30:00,6751.842620435325
2019-04-16 02:00:00,6538.6250028562745
2019-04-16 02:30:00,6358.1514176185265
2019-04-16 03:00:00,6206.9498305509505
2019-04-16 03:30:00,6138.329696833534
2019-04-16 04:00:00,6123.900745203861
2019-04-16 04:30:00,6143.820045237598
2019-04-16 05:00:00,6315.743487481486
2019-04-16 05:30:00,6519.786519478952
2019-04-16 06:00:00,6916.600363404321
2019-04-16 06:30:00,7251.7417060736
2019-04-16 07:00:00,7767.659912001858
2019-04-16 07:30:00,7830.066306166443
2019-04-16 08:00:00,8043.227264924136
2019-04-16 08:30:00,8029.368452842055
2019-04-16 09:00:00,8046.842825774767
2019-04-16 09:30:00,8038.385646245679
2019-04-16 10:00:00,7978.363856575558
2019-04-16 10:30:00,7987.454911142267
2019-04-16 11:00:00,7962.134143086354
2019-04-16 11:30:00,7935.812380182646
2019-04-16 12:00:00,7887.050339885628
2019-04-16 12:30:00,7902.266429196871
2019-04-16 13:00:00,7919.251417656871
2019-04-16 13:30:00,7963.52729108912
2019-04-16 14:00:00,8040.892915355363
2019-04-16 14:30:00,8060.295457945983
2019-04-16 15:00:00,8092.667538374063
2019-04-16 15:30:00,8178.562732832627
2019-04-16 16:00:00,8315.189837303507
2019-04-16 16:30:00,8422.480194243548
2019-04-16 17:00:00,8622.841869973658
2019-04-16 17:30:00,8748.137748776147
2019-04-16 18:00:00,9048.799062701248
2019-04-16 18:30:00,9114.504587930396
2019-04-16 19:00:00,8938.930263004153
2019-04-16 19:30:00,8731.616352673413
2019-04-16 20:00:00,8533.249823750839
2019-04-16 20:30:00,8399.996777911067
2019-04-16 21:00:00,8179.3088523879405
2019-04-16 21:30:00,7995.01494680455
2019-04-16 22:00:00,7783.956152178666
2019-04-16 22:30:00,7872.704680702865
2019-04-16 23:00:00,7740.088554026933
2019-04-16 23:30:00,7698.417821666712
2019-04-17 00:00:00,7439.414043624571
2019-04-17 00:30:00,7313.987911768604
2019-04-17 01:00:00,7087.804993022302
2019-04-17 01:30:00,6950.473570754554
2019-04-17 02:00:00,6670.91573056311
2019-04-17 02:30:00,6472.230155781663
2019-04-17 03:00:00,6246.298517524453
2019-04-17 03:30:00,6151.144721971313
2019-04-17 04:00:00,6100.586786676614
2019-04-17 04:30:00,6164.8164494580205
2019-04-17 05:00:00,6307.702283782977
2019-04-17 05:30:00,6513.513723625939
2019-04-17 06:00:00,6920.144474334178
2019-04-17 06:30:00,7265.771910484992
2019-04-17 07:00:00,7725.801497966972
2019-04-17 07:30:00,7762.426867619209
2019-04-17 08:00:00,7947.292992692616
2019-04-17 08:30:00,8001.085346234599
2019-04-17 09:00:00,8039.2191663439
2019-04-17 09:30:00,8043.948985106431
2019-04-17 10:00:00,8025.829375838826
2019-04-17 10:30:00,8018.285144164045
2019-04-17 11:00:00,7982.382518888541
2019-04-17 11:30:00,7981.201828930348
2019-04-17 12:00:00,7910.321401027485
2019-04-17 12:30:00,7893.890132442628
2019-04-17 13:00:00,7864.503804911708
2019-04-17 13:30:00,7890.282202332262
2019-04-17 14:00:00,7925.455082611579
2019-04-17 14:30:00,7995.452687946888
2019-04-17 15:00:00,8067.434547491939
2019-04-17 15:30:00,8113.503632063554
2019-04-17 16:00:00,8236.749583674908
2019-04-17 16:30:00,8314.03073751087
2019-04-17 17:00:00,8508.565178077786
2019-04-17 17:30:00,8644.020115648638
2019-04-17 18:00:00,8927.878773871558
2019-04-17 18:30:00,9057.243166013297
2019-04-17 19:00:00,8893.355173637063
2019-04-17 19:30:00,8723.857831283929
2019-04-17 20:00:00,8507.141178488799
2019-04-17 20:30:00,8387.325951026045
2019-04-17 21:00:00,8168.187475486641
2019-04-17 21:30:00,8032.410757386203
2019-04-17 22:00:00,7820.822892203858
2019-04-17 22:30:00,7853.23059163154
2019-04-17 23:00:00,7647.288493423905
2019-04-17 23:30:00,7595.318586153118
2019-04-18 00:00:00,7482.538325878481
2019-04-18 00:30:00,7381.176222023274
2019-04-18 01:00:00,7184.751686295654
2019-04-18 01:30:00,6997.614955013807
2019-04-18 02:00:00,6699.719304063151
2019-04-18 02:30:00,6492.86268149906
2019-04-18 03:00:00,6284.055479473616
2019-04-18 03:30:00,6220.6155704228
2019-04-18 04:00:00,6160.941777267523
2019-04-18 04:30:00,6182.981323153799
2019-04-18 05:00:00,6337.420609883496
2019-04-18 05:30:00,6546.304341653864
2019-04-18 06:00:00,6985.108893722871
2019-04-18 06:30:00,7336.8905997500515
2019-04-18 07:00:00,7780.469369536894
2019-04-18 07:30:00,7860.33529298898
2019-04-18 08:00:00,8071.437280316768
2019-04-18 08:30:00,8043.324111019865
2019-04-18 09:00:00,8072.893320027125
2019-04-18 09:30:00,8035.617490440877
2019-04-18 10:00:00,7984.445621273618
2019-04-18 10:30:00,8012.7033385506875
2019-04-18 11:00:00,8028.0649627185385
2019-04-18 11:30:00,8014.216659003635
2019-04-18 12:00:00,7991.269487255937
2019-04-18 12:30:00,7958.965255774518
2019-04-18 13:00:00,7963.9733481000985
2019-04-18 13:30:00,7942.681830632058
2019-04-18 14:00:00,8005.482984988789
2019-04-18 14:30:00,8086.950592104128
2019-04-18 15:00:00,8153.134628684997
2019-04-18 15:30:00,8244.596375132625
2019-04-18 16:00:00,8389.7861088922
2019-04-18 16:30:00,8460.728524305443
2019-04-18 17:00:00,8660.268584081336
2019-04-18 17:30:00,8780.625372281072
2019-04-18 18:00:00,9019.1258579434
2019-04-18 18:30:00,9122.699539551237
2019-04-18 19:00:00,8992.783813858725
2019-04-18 19:30:00,8802.031425166317
2019-04-18 20:00:00,8555.298333270171
2019-04-18 20:30:00,8452.642208421781
2019-04-18 21:00:00,8246.897198855248
2019-04-18 21:30:00,8130.6435903773545
2019-04-18 22:00:00,7921.813295522587
2019-04-18 22:30:00,7977.82248100079
2019-04-18 23:00:00,7743.50209848416
2019-04-18 23:30:00,7713.397131642025
2019-04-19 00:00:00,6975.668302501395
2019-04-19 00:30:00,6848.690093569913
2019-04-19 01:00:00,6558.270453112447
2019-04-19 01:30:00,6420.818463812775
2019-04-19 02:00:00,6154.838558140554
2019-04-19 02:30:00,5907.543304508343
2019-04-19 03:00:00,5680.403545907277
2019-04-19 03:30:00,5614.973644057396
2019-04-19 04:00:00,5582.49744525292
2019-04-19 04:30:00,5599.105946387196
2019-04-19 05:00:00,5741.748019556511
2019-04-19 05:30:00,5942.9598936904185
2019-04-19 06:00:00,6330.150985400821
2019-04-19 06:30:00,6666.475645120087
2019-04-19 07:00:00,7102.39224329202
2019-04-19 07:30:00,7211.398774398027
2019-04-19 08:00:00,7415.965241643396
2019-04-19 08:30:00,7411.018269765262
2019-04-19 09:00:00,7456.034839058884
2019-04-19 09:30:00,7407.776352936714
2019-04-19 10:00:00,7390.475732531531
2019-04-19 10:30:00,7343.39530927576
2019-04-19 11:00:00,7317.567646865459
2019-04-19 11:30:00,7272.305238042921
2019-04-19 12:00:00,7214.446888995605
2019-04-19 12:30:00,7216.488293128575
2019-04-19 13:00:00,7245.125124823164
2019-04-19 13:30:00,7311.285487794344
2019-04-19 14:00:00,7378.9840074414715
2019-04-19 14:30:00,7425.176286136804
2019-04-19 15:00:00,7534.630111649353
2019-04-19 15:30:00,7615.040222930217
2019-04-19 16:00:00,7728.189035474294
2019-04-19 16:30:00,7866.767676306459
2019-04-19 17:00:00,7977.146095128475
2019-04-19 17:30:00,8044.19722975189
2019-04-19 18:00:00,8255.204948573866
2019-04-19 18:30:00,8283.017691197632
2019-04-19 19:00:00,8138.239696014266
2019-04-19 19:30:00,7976.221861475859
2019-04-19 20:00:00,7754.258455407906
2019-04-19 20:30:00,7586.600481344453
2019-04-19 21:00:00,7402.3119086820325
2019-04-19 21:30:00,7255.633357578587
2019-04-19 22:00:00,7037.357543058273
2019-04-19 22:30:00,7102.406194702102
2019-04-19 23:00:00,6924.746617065405
2019-04-19 23:30:00,6874.392688384564
2019-04-20 00:00:00,6197.55428958363
2019-04-20 00:30:00,6035.780216200865
2019-04-20 01:00:00,5808.4539009707605
2019-04-20 01:30:00,5689.981655810479
2019-04-20 02:00:00,5412.413808418098
2019-04-20 02:30:00,5182.019601317916
2019-04-20 03:00:00,4945.119601451475
2019-04-20 03:30:00,4837.644953032255
2019-04-20 04:00:00,4789.485514061158
2019-04-20 04:30:00,4749.622287766993
2019-04-20 05:00:00,4832.1501909900935
2019-04-20 05:30:00,4897.592405953319
2019-04-20 06:00:00,5140.618755732214
2019-04-20 06:30:00,5267.129813808318
2019-04-20 07:00:00,5552.181407597427
2019-04-20 07:30:00,5610.873753521602
2019-04-20 08:00:00,5794.549502615264
2019-04-20 08:30:00,5849.011042855913
2019-04-20 09:00:00,5976.562578188077
2019-04-20 09:30:00,6043.42399008155
2019-04-20 10:00:00,6037.371963570007
2019-04-20 10:30:00,6016.795789950951
2019-04-20 11:00:00,5915.876375255245
2019-04-20 11:30:00,5864.3000313038565
2019-04-20 12:00:00,5865.451553939514
2019-04-20 12:30:00,5846.830883804101
2019-04-20 13:00:00,5875.770769263621
2019-04-20 13:30:00,5834.773655440029
2019-04-20 14:00:00,5810.25516422436
2019-04-20 14:30:00,5858.946311886488
2019-04-20 15:00:00,5908.851509138049
2019-04-20 15:30:00,6035.677288813982
2019-04-20 16:00:00,6198.269709276386
2019-04-20 16:30:00,6282.536612031658
2019-04-20 17:00:00,6574.601168273242
2019-04-20 17:30:00,6763.524051764696
2019-04-20 18:00:00,7008.245335909613
2019-04-20 18:30:00,7124.474963439262
2019-04-20 19:00:00,6990.697192088753
2019-04-20 19:30:00,6797.142880664617
2019-04-20 20:00:00,6579.540710400842
2019-04-20 20:30:00,6515.862294377972
2019-04-20 21:00:00,6341.784191817818
2019-04-20 21:30:00,6278.838864008043
2019-04-20 22:00:00,6150.644697225671
2019-04-20 22:30:00,6211.764951672456
2019-04-20 23:00:00,6124.817110251806
2019-04-20 23:30:00,6140.385037570093
2019-04-21 00:00:00,6289.535520712643
2019-04-21 00:30:00,6179.379516593621
2019-04-21 01:00:00,5961.254959873422
2019-04-21 01:30:00,5789.759743445842
2019-04-21 02:00:00,5521.241225307815
2019-04-21 02:30:00,5308.129314945715
2019-04-21 03:00:00,5088.678981278046
2019-04-21 03:30:00,4998.321710160837
2019-04-21 04:00:00,4921.067820686136
2019-04-21 04:30:00,4912.593896205737
2019-04-21 05:00:00,5031.72318813283
2019-04-21 05:30:00,5062.928021400245
2019-04-21 06:00:00,5339.0580424127
2019-04-21 06:30:00,5429.929443881231
2019-04-21 07:00:00,5736.8459780989915
2019-04-21 07:30:00,5877.23918392697
2019-04-21 08:00:00,6081.119542455189
2019-04-21 08:30:00,6172.192157421382
2019-04-21 09:00:00,6259.641959487329
2019-04-21 09:30:00,6311.149147740699
2019-04-21 10:00:00,6258.49435719594
2019-04-21 10:30:00,6238.363158230188
2019-04-21 11:00:00,6167.226929847032
2019-04-21 11:30:00,6167.2073807367515
2019-04-21 12:00:00,6106.453327032999
2019-04-21 12:30:00,6134.861668819451
2019-04-21 13:00:00,6103.605915521391
2019-04-21 13:30:00,6136.9108002526145
2019-04-21 14:00:00,6180.363450444425
2019-04-21 14:30:00,6202.1690982637865
2019-04-21 15:00:00,6299.808788197469
2019-04-21 15:30:00,6449.134205685297
2019-04-21 16:00:00,6545.2047391479255
2019-04-21 16:30:00,6744.512698199272
2019-04-21 17:00:00,6926.792637439157
2019-04-21 17:30:00,7005.8597664175495
2019-04-21 18:00:00,7281.177971553848
2019-04-21 18:30:00,7378.058449640129
2019-04-21 19:00:00,7181.266194781827
2019-04-21 19:30:00,7011.170626174214
2019-04-21 20:00:00,6864.582477046317
2019-04-21 20:30:00,6805.496567802744
2019-04-21 21:00:00,6594.740861910823
2019-04-21 21:30:00,6531.323129062081
2019-04-21 22:00:00,6377.766304380626
2019-04-21 22:30:00,6384.282275352764
2019-04-21 23:00:00,6210.69383814711
2019-04-21 23:30:00,6200.692462817888
2019-04-22 00:00:00,7035.965292075774
2019-04-22 00:30:00,6868.720430442
2019-04-22 01:00:00,6644.237586188803
2019-04-22 01:30:00,6499.723633342044
2019-04-22 02:00:00,6276.902812658308
2019-04-22 02:30:00,6105.232990773104
2019-04-22 03:00:00,5911.167491206592
2019-04-22 03:30:00,5877.190792684907
2019-04-22 04:00:00,5830.16506417606
2019-04-22 04:30:00,5837.138499982024
2019-04-22 05:00:00,5915.079150609416
2019-04-22 05:30:00,5975.279398272134
2019-04-22 06:00:00,6200.2611279680195
2019-04-22 06:30:00,6304.314273544582
2019-04-22 07:00:00,6605.073910794181
2019-04-22 07:30:00,6728.298150919069
2019-04-22 08:00:00,6966.108405540205
2019-04-22 08:30:00,7046.22514907769
2019-04-22 09:00:00,7169.723111275747
2019-04-22 09:30:00,7174.944884187525
2019-04-22 10:00:00,7193.874265369012
2019-04-22 10:30:00,7092.405889408573
2019-04-22 11:00:00,7057.760168719037
2019-04-22 11:30:00,6972.629924697195
2019-04-22 12:00:00,6944.711800123118
2019-04-22 12:30:00,6968.760887918736
2019-04-22 13:00:00,6988.766756972237
2019-04-22 13:30:00,7052.133078487072
2019-04-22 14:00:00,7061.387445203631
2019-04-22 14:30:00,7106.211938302623
2019-04-22 15:00:00,7210.438736719806
2019-04-22 15:30:00,7341.716907032832
2019-04-22 16:00:00,7482.06331392771
2019-04-22 16:30:00,7561.937118655178
2019-04-22 17:00:00,7720.9941949588
2019-04-22 17:30:00,7778.555457512519
2019-04-22 18:00:00,8121.347595723461
2019-04-22 18:30:00,8181.781741453094
2019-04-22 19:00:00,8054.748584958047
2019-04-22 19:30:00,7921.197739536932
2019-04-22 20:00:00,7703.010301410472
2019-04-22 20:30:00,7637.526361134891
2019-04-22 21:00:00,7431.0040880182905
2019-04-22 21:30:00,7351.422828688576
2019-04-22 22:00:00,7229.525675016568
2019-04-22 22:30:00,7283.493456361801
2019-04-22 23:00:00,7138.285930556935
2019-04-22 23:30:00,7097.65314492091
2019-04-23 00:00:00,7083.720110145347
2019-04-23 00:30:00,6951.352581774219
2019-04-23 01:00:00,6752.232395420104
2019-04-23 01:30:00,6636.09672688234
2019-04-23 02:00:00,6418.620873234099
2019-04-23 02:30:00,6251.083466202572
2019-04-23 03:00:00,6064.790842194165
2019-04-23 03:30:00,6027.938633404772
2019-04-23 04:00:00,5976.999447904022
2019-04-23 04:30:00,5984.223703795386
2019-04-23 05:00:00,6092.945743960512
2019-04-23 05:30:00,6181.630370970282
2019-04-23 06:00:00,6439.932102669708
2019-04-23 06:30:00,6569.766272758619
2019-04-23 07:00:00,6846.835896216577
2019-04-23 07:30:00,6912.964219896955
2019-04-23 08:00:00,7157.3223077138555
2019-04-23 08:30:00,7281.594357651666
2019-04-23 09:00:00,7364.749452519657
2019-04-23 09:30:00,7449.385115300459
2019-04-23 10:00:00,7431.253015852331
2019-04-23 10:30:00,7446.7739636746755
2019-04-23 11:00:00,7421.224551735437
2019-04-23 11:30:00,7386.194789217241
2019-04-23 12:00:00,7369.417004618226
2019-04-23 12:30:00,7350.7741582807375
2019-04-23 13:00:00,7400.589821686825
2019-04-23 13:30:00,7413.206024109629
2019-04-23 14:00:00,7469.9831616434685
2019-04-23 14:30:00,7508.884655841213
2019-04-23 15:00:00,7664.191235155397
2019-04-23 15:30:00,7747.353662580252
2019-04-23 16:00:00,7793.308774334092
2019-04-23 16:30:00,7913.446604672057
2019-04-23 17:00:00,8097.202406359685
2019-04-23 17:30:00,8235.56471642187
2019-04-23 18:00:00,8520.953275518232
2019-04-23 18:30:00,8575.38558062705
2019-04-23 19:00:00,8412.678278209009
2019-04-23 19:30:00,8225.497194523014
2019-04-23 20:00:00,7991.5621465042295
2019-04-23 20:30:00,7923.153911718829
2019-04-23 21:00:00,7717.43107835437
2019-04-23 21:30:00,7654.35024330753
2019-04-23 22:00:00,7472.668581494276
2019-04-23 22:30:00,7561.2646807629235
2019-04-23 23:00:00,7423.192706041124
2019-04-23 23:30:00,7378.0952166546585
2019-04-24 00:00:00,7167.51791452635
2019-04-24 00:30:00,7059.639839699005
2019-04-24 01:00:00,6875.932524315832
2019-04-24 01:30:00,6739.346503374524
2019-04-24 02:00:00,6473.6246537846355
2019-04-24 02:30:00,6261.53574994159
2019-04-24 03:00:00,6053.184030936629
2019-04-24 03:30:00,5980.891574291156
2019-04-24 04:00:00,5952.719768706187
2019-04-24 04:30:00,5950.301723272306
2019-04-24 05:00:00,6093.19461652702
2019-04-24 05:30:00,6226.609954711072
2019-04-24 06:00:00,6564.160479776273
2019-04-24 06:30:00,6876.022293991793
2019-04-24 07:00:00,7347.054732398426
2019-04-24 07:30:00,7521.412968913191
2019-04-24 08:00:00,7807.836174755335
2019-04-24 08:30:00,7921.848970348766
2019-04-24 09:00:00,8016.090366766118
2019-04-24 09:30:00,8063.169967676265
2019-04-24 10:00:00,8112.187393681401
2019-04-24 10:30:00,8150.087412283717
2019-04-24 11:00:00,8070.51880766534
2019-04-24 11:30:00,8060.151299402382
2019-04-24 12:00:00,8036.286747962413
2019-04-24 12:30:00,8007.71168199372
2019-04-24 13:00:00,8058.073337974755
2019-04-24 13:30:00,8091.929646531692
2019-04-24 14:00:00,8095.7334193859715
2019-04-24 14:30:00,8139.2983808072
2019-04-24 15:00:00,8148.05403497962
2019-04-24 15:30:00,8205.873353615672
2019-04-24 16:00:00,8344.982405034862
2019-04-24 16:30:00,8417.435172211266
2019-04-24 17:00:00,8534.346484023907
2019-04-24 17:30:00,8622.856505576052
2019-04-24 18:00:00,8955.056923478674
2019-04-24 18:30:00,8923.96542124625
2019-04-24 19:00:00,8726.154768774033
2019-04-24 19:30:00,8533.867225024595
2019-04-24 20:00:00,8327.816525352213
2019-04-24 20:30:00,8222.299830441256
2019-04-24 21:00:00,7990.485859869758
2019-04-24 21:30:00,7845.893065303431
2019-04-24 22:00:00,7663.935780110909
2019-04-24 22:30:00,7705.929115346341
2019-04-24 23:00:00,7482.121611418462
2019-04-24 23:30:00,7444.069163560595
2019-04-25 00:00:00,6773.430279935099
2019-04-25 00:30:00,6671.760690476998
2019-04-25 01:00:00,6429.060602496513
2019-04-25 01:30:00,6273.288369734563
2019-04-25 02:00:00,5988.776498735226
2019-04-25 02:30:00,5816.966560707818
2019-04-25 03:00:00,5590.597006727061
2019-04-25 03:30:00,5557.931251217045
2019-04-25 04:00:00,5486.317678334566
2019-04-25 04:30:00,5512.374326226183
2019-04-25 05:00:00,5620.557432746119
2019-04-25 05:30:00,5766.842420530167
2019-04-25 06:00:00,6126.171985374692
2019-04-25 06:30:00,6439.608052867804
2019-04-25 07:00:00,6852.6243909786845
2019-04-25 07:30:00,6951.004712460951
2019-04-25 08:00:00,7237.609582690477
2019-04-25 08:30:00,7322.626318610154
2019-04-25 09:00:00,7397.634523710922
2019-04-25 09:30:00,7435.14097899384
2019-04-25 10:00:00,7426.828413420377
2019-04-25 10:30:00,7396.127847415556
2019-04-25 11:00:00,7363.590059465214
2019-04-25 11:30:00,7324.140590879176
2019-04-25 12:00:00,7245.973987383865
2019-04-25 12:30:00,7216.476287539313
2019-04-25 13:00:00,7190.921948188932
2019-04-25 13:30:00,7222.876791687926
2019-04-25 14:00:00,7274.572095385016
2019-04-25 14:30:00,7375.1152103778
2019-04-25 15:00:00,7464.750753778258
2019-04-25 15:30:00,7542.405921823337
2019-04-25 16:00:00,7651.035992191273
2019-04-25 16:30:00,7749.66072010763
2019-04-25 17:00:00,7906.774783108132
2019-04-25 17:30:00,7995.056160776952
2019-04-25 18:00:00,8298.654259392395
2019-04-25 18:30:00,8237.162617828288
2019-04-25 19:00:00,8063.787380474153
2019-04-25 19:30:00,7865.825030817073
2019-04-25 20:00:00,7635.250211218311
2019-04-25 20:30:00,7506.5354566649585
2019-04-25 21:00:00,7307.193087035574
2019-04-25 21:30:00,7265.369925419802
2019-04-25 22:00:00,7090.718364930007
2019-04-25 22:30:00,7127.189500580524
2019-04-25 23:00:00,6930.247947385131
2019-04-25 23:30:00,6931.834513776069
2019-04-26 00:00:00,7322.266274819789
2019-04-26 00:30:00,7223.890385175486
2019-04-26 01:00:00,6977.74661815027
2019-04-26 01:30:00,6880.3644998931895
2019-04-26 02:00:00,6569.70021726418
2019-04-26 02:30:00,6338.481767117988
2019-04-26 03:00:00,6117.044067743051
2019-04-26 03:30:00,6033.894130498718
2019-04-26 04:00:00,5973.354368985078
2019-04-26 04:30:00,5951.486801464632
2019-04-26 05:00:00,6064.201140341231
2019-04-26 05:30:00,6142.517613809594
2019-04-26 06:00:00,6349.139356544194
2019-04-26 06:30:00,6445.55250670792
2019-04-26 07:00:00,6774.3190411491905
2019-04-26 07:30:00,6784.834369762559
2019-04-26 08:00:00,6963.022408586726
2019-04-26 08:30:00,7001.404518249561
2019-04-26 09:00:00,7055.576043624321
2019-04-26 09:30:00,7052.596888343174
2019-04-26 10:00:00,7028.088934065114
2019-04-26 10:30:00,7056.511393711081
2019-04-26 11:00:00,6993.022219670518
2019-04-26 11:30:00,7010.722705954689
2019-04-26 12:00:00,7010.0562141571145
2019-04-26 12:30:00,7056.90979827573
2019-04-26 13:00:00,7046.862111821001
2019-04-26 13:30:00,7158.43731287027
2019-04-26 14:00:00,7182.6178505921125
2019-04-26 14:30:00,7215.187842364072
2019-04-26 15:00:00,7287.081174168003
2019-04-26 15:30:00,7437.206031407974
2019-04-26 16:00:00,7579.736585669819
2019-04-26 16:30:00,7710.466136316103
2019-04-26 17:00:00,7922.339539138597
2019-04-26 17:30:00,8084.5469193397685
2019-04-26 18:00:00,8434.115711696975
2019-04-26 18:30:00,8530.172592015695
2019-04-26 19:00:00,8374.178042229492
2019-04-26 19:30:00,8158.016016142059
2019-04-26 20:00:00,7970.393636783356
2019-04-26 20:30:00,7916.062349596183
2019-04-26 21:00:00,7750.58860163708
2019-04-26 21:30:00,7602.237406426193
2019-04-26 22:00:00,7425.145624300442
2019-04-26 22:30:00,7416.861245482809
2019-04-26 23:00:00,7231.013052766535
2019-04-26 23:30:00,7218.44120274788
2019-04-27 00:00:00,6533.4135623337725
2019-04-27 00:30:00,6405.845008423194
2019-04-27 01:00:00,6190.0499693957545
2019-04-27 01:30:00,6041.981456493894
2019-04-27 02:00:00,5784.330282043455
2019-04-27 02:30:00,5554.324384079082
2019-04-27 03:00:00,5358.475536461934
2019-04-27 03:30:00,5264.78529024319
2019-04-27 04:00:00,5205.7187640854945
2019-04-27 04:30:00,5214.519900346244
2019-04-27 05:00:00,5339.038511712982
2019-04-27 05:30:00,5483.793598623588
2019-04-27 06:00:00,5834.024227626021
2019-04-27 06:30:00,6130.783283565288
2019-04-27 07:00:00,6620.815015221591
2019-04-27 07:30:00,6735.240923244699
2019-04-27 08:00:00,7014.1198974120625
2019-04-27 08:30:00,7073.161454251486
2019-04-27 09:00:00,7084.815650950764
2019-04-27 09:30:00,7076.4985875638795
2019-04-27 10:00:00,7060.813945748642
2019-04-27 10:30:00,7041.440638289854
2019-04-27 11:00:00,7036.275050147937
2019-04-27 11:30:00,6999.412978269816
2019-04-27 12:00:00,6970.6067091353
2019-04-27 12:30:00,6979.459256729956
2019-04-27 13:00:00,7023.765033664475
2019-04-27 13:30:00,7077.914479397089
2019-04-27 14:00:00,7081.513589316286
2019-04-27 14:30:00,7110.1108314870535
2019-04-27 15:00:00,7228.0829338841495
2019-04-27 15:30:00,7327.698806095936
2019-04-27 16:00:00,7494.9059095397115
2019-04-27 16:30:00,7579.721431961726
2019-04-27 17:00:00,7724.418701290918
2019-04-27 17:30:00,7877.190424915271
2019-04-27 18:00:00,8101.643198111202
2019-04-27 18:30:00,8057.096955483273
2019-04-27 19:00:00,7903.171240215702
2019-04-27 19:30:00,7716.9226534942945
2019-04-27 20:00:00,7445.6557556502175
2019-04-27 20:30:00,7321.565370099789
2019-04-27 21:00:00,7126.7144893280565
2019-04-27 21:30:00,7043.576865197071
2019-04-27 22:00:00,6917.080145816009
2019-04-27 22:30:00,7008.0154487989685
2019-04-27 23:00:00,6843.948745886636
2019-04-27 23:30:00,6834.077800678066
2019-04-28 00:00:00,7016.290472611545
2019-04-28 00:30:00,6915.34410827781
2019-04-28 01:00:00,6673.974512419274
2019-04-28 01:30:00,6532.840337102818
2019-04-28 02:00:00,6246.599156478545
2019-04-28 02:30:00,6023.274148922383
2019-04-28 03:00:00,5830.861744353031
2019-04-28 03:30:00,5732.065038070843
2019-04-28 04:00:00,5660.778499901538
2019-04-28 04:30:00,5641.297115591348
2019-04-28 05:00:00,5752.675708162409
2019-04-28 05:30:00,5809.96134733686
2019-04-28 06:00:00,6107.63172408941
2019-04-28 06:30:00,6260.159686558121
2019-04-28 07:00:00,6612.39266802412
2019-04-28 07:30:00,6738.605926518882
2019-04-28 08:00:00,6982.794663061747
2019-04-28 08:30:00,7075.279416028429
2019-04-28 09:00:00,7179.241955490596
2019-04-28 09:30:00,7168.04494999804
2019-04-28 10:00:00,7127.723502499882
2019-04-28 10:30:00,7032.107164996503
2019-04-28 11:00:00,6934.735074358965
2019-04-28 11:30:00,6799.838619543584
2019-04-28 12:00:00,6766.666682766927
2019-04-28 12:30:00,6730.677815244105
2019-04-28 13:00:00,6685.8166970411585
2019-04-28 13:30:00,6659.152782151959
2019-04-28 14:00:00,6659.687481419132
2019-04-28 14:30:00,6683.416593431334
2019-04-28 15:00:00,6759.122364305525
2019-04-28 15:30:00,6897.265716505937
2019-04-28 16:00:00,7079.23144442713
2019-04-28 16:30:00,7240.966419589335
2019-04-28 17:00:00,7486.67395476669
2019-04-28 17:30:00,7705.935703167193
2019-04-28 18:00:00,8063.199174641387
2019-04-28 18:30:00,8144.123416273573
2019-04-28 19:00:00,7963.959211659827
2019-04-28 19:30:00,7844.995012350298
2019-04-28 20:00:00,7633.7757558462135
2019-04-28 20:30:00,7597.81169161726
2019-04-28 21:00:00,7420.600022707065
2019-04-28 21:30:00,7385.560574167317
2019-04-28 22:00:00,7202.880063850427
2019-04-28 22:30:00,7236.116615229259
2019-04-28 23:00:00,7082.299480639755
2019-04-28 23:30:00,7060.488578636805
2019-04-29 00:00:00,7917.206012206846
2019-04-29 00:30:00,7761.745873952931
2019-04-29 01:00:00,7556.864981041847
2019-04-29 01:30:00,7434.862979120331
2019-04-29 02:00:00,7141.195506761407
2019-04-29 02:30:00,6994.874047848593
2019-04-29 03:00:00,6774.301671553571
2019-04-29 03:30:00,6743.50796890249
2019-04-29 04:00:00,6669.035807770787
2019-04-29 04:30:00,6667.599688822055
2019-04-29 05:00:00,6722.305163399837
2019-04-29 05:30:00,6795.704722467522
2019-04-29 06:00:00,7040.996688424747
2019-04-29 06:30:00,7194.737203075279
2019-04-29 07:00:00,7498.883853852114
2019-04-29 07:30:00,7649.128455778383
2019-04-29 08:00:00,7852.644486119036
2019-04-29 08:30:00,7896.671344212055
2019-04-29 09:00:00,7970.09100110854
2019-04-29 09:30:00,7937.552871560207
2019-04-29 10:00:00,7932.713397230483
2019-04-29 10:30:00,7853.690443589063
2019-04-29 11:00:00,7739.884457274874
2019-04-29 11:30:00,7633.267895938638
2019-04-29 12:00:00,7557.544141171077
2019-04-29 12:30:00,7558.2497989985095
2019-04-29 13:00:00,7494.2174091800625
2019-04-29 13:30:00,7506.70335854939
2019-04-29 14:00:00,7548.436385137817
2019-04-29 14:30:00,7606.07847122445
2019-04-29 15:00:00,7703.029425349187
2019-04-29 15:30:00,7848.3996605327575
2019-04-29 16:00:00,8054.81066666076
2019-04-29 16:30:00,8292.195876863841
2019-04-29 17:00:00,8536.5826059408
2019-04-29 17:30:00,8772.944809624825
2019-04-29 18:00:00,9226.97081924517
2019-04-29 18:30:00,9371.045051622214
2019-04-29 19:00:00,9194.43015287998
2019-04-29 19:30:00,9050.172274302211
2019-04-29 20:00:00,8869.72011240917
2019-04-29 20:30:00,8770.995011849618
2019-04-29 21:00:00,8540.802274051657
2019-04-29 21:30:00,8456.284551210985
2019-04-29 22:00:00,8286.217616225103
2019-04-29 22:30:00,8294.443347711896
2019-04-29 23:00:00,8119.341931651286
2019-04-29 23:30:00,8043.603168869289
2019-04-30 00:00:00,7419.256238365238
2019-04-30 00:30:00,7294.499293207938
2019-04-30 01:00:00,7062.327024021342
2019-04-30 01:30:00,6904.2129604532865
2019-04-30 02:00:00,6715.762401610632
2019-04-30 02:30:00,6577.323876920671
2019-04-30 03:00:00,6391.250210774037
2019-04-30 03:30:00,6313.363771753839
2019-04-30 04:00:00,6293.1890537723375
2019-04-30 04:30:00,6344.669633985671
2019-04-30 05:00:00,6525.800088923053
2019-04-30 05:30:00,6753.968423343913
2019-04-30 06:00:00,7151.586315926563
2019-04-30 06:30:00,7619.66860992758
2019-04-30 07:00:00,8156.265812142708
2019-04-30 07:30:00,8336.591399962868
2019-04-30 08:00:00,8522.58417656877
2019-04-30 08:30:00,8498.561696813187
2019-04-30 09:00:00,8490.324200931569
2019-04-30 09:30:00,8437.628264377445
2019-04-30 10:00:00,8332.449692711569
2019-04-30 10:30:00,8284.026287153327
2019-04-30 11:00:00,8197.52597204134
2019-04-30 11:30:00,8116.252519493905
2019-04-30 12:00:00,8048.520598146225
2019-04-30 12:30:00,8017.133923424252
2019-04-30 13:00:00,8043.549491344658
2019-04-30 13:30:00,8097.504782509368
2019-04-30 14:00:00,8091.747077571316
2019-04-30 14:30:00,8123.212594012858
2019-04-30 15:00:00,8162.732715704527
2019-04-30 15:30:00,8249.459389206035
2019-04-30 16:00:00,8384.546729714744
2019-04-30 16:30:00,8500.200307191988
2019-04-30 17:00:00,8751.52843278411
2019-04-30 17:30:00,8977.852144731698
2019-04-30 18:00:00,9372.147039358048
2019-04-30 18:30:00,9371.485733934764
2019-04-30 19:00:00,9247.797865654598
2019-04-30 19:30:00,9007.13389584286
2019-04-30 20:00:00,8761.65508144089
2019-04-30 20:30:00,8599.13297963989
2019-04-30 21:00:00,8377.751064124228
2019-04-30 21:30:00,8265.270796496034
2019-04-30 22:00:00,8028.992087205067
2019-04-30 22:30:00,8110.132659607231
2019-04-30 23:00:00,7918.735482198828
2019-04-30 23:30:00,7880.714896564588
2019-05-01 00:00:00,7697.979890262957
2019-05-01 00:30:00,7549.867202024125
2019-05-01 01:00:00,7333.081018701258
2019-05-01 01:30:00,7181.251655130221
2019-05-01 02:00:00,6935.166246197867
2019-05-01 02:30:00,6731.731126476432
2019-05-01 03:00:00,6510.275859804559
2019-05-01 03:30:00,6412.7509983134805
2019-05-01 04:00:00,6356.149497085611
2019-05-01 04:30:00,6344.184914064539
2019-05-01 05:00:00,6495.170658660777
2019-05-01 05:30:00,6732.336911002085
2019-05-01 06:00:00,7113.265478917545
2019-05-01 06:30:00,7567.344412856314
2019-05-01 07:00:00,8127.336456373535
2019-05-01 07:30:00,8269.14425022662
2019-05-01 08:00:00,8448.877130129371
2019-05-01 08:30:00,8351.300034958762
2019-05-01 09:00:00,8217.842874902426
2019-05-01 09:30:00,8124.04635657845
2019-05-01 10:00:00,8112.550795134384
2019-05-01 10:30:00,8133.616118743717
2019-05-01 11:00:00,8025.5558987813565
2019-05-01 11:30:00,7979.267856347969
2019-05-01 12:00:00,7924.034197482963
2019-05-01 12:30:00,7846.750416555206
2019-05-01 13:00:00,7850.088491865142
2019-05-01 13:30:00,7937.4940380868675
2019-05-01 14:00:00,8062.163475308618
2019-05-01 14:30:00,8084.424606148461
2019-05-01 15:00:00,8202.130948255017
2019-05-01 15:30:00,8220.586698954357
2019-05-01 16:00:00,8391.596555446842
2019-05-01 16:30:00,8442.796903375767
2019-05-01 17:00:00,8603.098571152012
2019-05-01 17:30:00,8859.879087948779
2019-05-01 18:00:00,9250.292387806852
2019-05-01 18:30:00,9189.585245789745
2019-05-01 19:00:00,9088.133705055554
2019-05-01 19:30:00,8861.933187231683
2019-05-01 20:00:00,8655.306437506897
2019-05-01 20:30:00,8517.362494057978
2019-05-01 21:00:00,8276.927246866944
2019-05-01 21:30:00,8140.953747106808
2019-05-01 22:00:00,7920.491158127732
2019-05-01 22:30:00,7940.607239821167
2019-05-01 23:00:00,7725.618439450972
2019-05-01 23:30:00,7653.852426270168
2019-05-02 00:00:00,7593.849196345314
2019-05-02 00:30:00,7446.98880378731
2019-05-02 01:00:00,7232.057106026442
2019-05-02 01:30:00,7066.467966481623
2019-05-02 02:00:00,6866.530483840453
2019-05-02 02:30:00,6649.997070635696
2019-05-02 03:00:00,6410.443145455114
2019-05-02 03:30:00,6312.878540465026
2019-05-02 04:00:00,6212.766116241629
2019-05-02 04:30:00,6270.322124611759
2019-05-02 05:00:00,6398.087633363529
2019-05-02 05:30:00,6617.759867101915
2019-05-02 06:00:00,6985.799236307097
2019-05-02 06:30:00,7419.324172828886
2019-05-02 07:00:00,7917.706634841868
2019-05-02 07:30:00,8082.289689886119
2019-05-02 08:00:00,8392.159148364262
2019-05-02 08:30:00,8401.127008807254
2019-05-02 09:00:00,8449.32412394686
2019-05-02 09:30:00,8426.48758833306
2019-05-02 10:00:00,8417.178801347758
2019-05-02 10:30:00,8411.70801309675
2019-05-02 11:00:00,8424.479613464888
2019-05-02 11:30:00,8391.988463412497
2019-05-02 12:00:00,8306.292745514724
2019-05-02 12:30:00,8215.347579443034
2019-05-02 13:00:00,8142.048884321805
2019-05-02 13:30:00,8121.620062841887
2019-05-02 14:00:00,8181.2406713526325
2019-05-02 14:30:00,8306.971838786874
2019-05-02 15:00:00,8328.64149496344
2019-05-02 15:30:00,8340.286102201095
2019-05-02 16:00:00,8524.032728148306
2019-05-02 16:30:00,8602.487335945527
2019-05-02 17:00:00,8748.347727935978
2019-05-02 17:30:00,8948.588006884736
2019-05-02 18:00:00,9276.761636760466
2019-05-02 18:30:00,9224.198757418788
2019-05-02 19:00:00,9053.991575730117
2019-05-02 19:30:00,8868.133925236312
2019-05-02 20:00:00,8589.485088061732
2019-05-02 20:30:00,8477.735281554838
2019-05-02 21:00:00,8269.752086195636
2019-05-02 21:30:00,8156.005227959923
2019-05-02 22:00:00,7932.121136138191
2019-05-02 22:30:00,7958.987086870678
2019-05-02 23:00:00,7761.455188696188
2019-05-02 23:30:00,7702.1573805206
2019-05-03 00:00:00,7533.811515115189
2019-05-03 00:30:00,7420.541493756405
2019-05-03 01:00:00,7196.117296834047
2019-05-03 01:30:00,7028.205875593401
2019-05-03 02:00:00,6738.558132331613
2019-05-03 02:30:00,6572.550626173527
2019-05-03 03:00:00,6325.597839643957
2019-05-03 03:30:00,6220.358749925613
2019-05-03 04:00:00,6186.802879084587
2019-05-03 04:30:00,6182.1686469929355
2019-05-03 05:00:00,6336.90310621218
2019-05-03 05:30:00,6554.457544122646
2019-05-03 06:00:00,6937.732551749352
2019-05-03 06:30:00,7345.675872510285
2019-05-03 07:00:00,7926.399145993906
2019-05-03 07:30:00,8049.385056213916
2019-05-03 08:00:00,8291.443683815512
2019-05-03 08:30:00,8349.208786958689
2019-05-03 09:00:00,8357.95117932867
2019-05-03 09:30:00,8352.950169024833
2019-05-03 10:00:00,8246.704238435754
2019-05-03 10:30:00,8137.548887566535
2019-05-03 11:00:00,8211.691562466858
2019-05-03 11:30:00,8225.444102443706
2019-05-03 12:00:00,8182.9393317580425
2019-05-03 12:30:00,8209.876242934715
2019-05-03 13:00:00,8284.09545923526
2019-05-03 13:30:00,8381.470518562583
2019-05-03 14:00:00,8393.38406477687
2019-05-03 14:30:00,8428.55394343727
2019-05-03 15:00:00,8450.845806816558
2019-05-03 15:30:00,8434.512929061551
2019-05-03 16:00:00,8526.623026036332
2019-05-03 16:30:00,8628.447848908954
2019-05-03 17:00:00,8739.490200246048
2019-05-03 17:30:00,8905.042868662102
2019-05-03 18:00:00,9252.916840709795
2019-05-03 18:30:00,9233.789921498443
2019-05-03 19:00:00,9051.579058568139
2019-05-03 19:30:00,8842.933833769823
2019-05-03 20:00:00,8627.213402386533
2019-05-03 20:30:00,8485.530607403334
2019-05-03 21:00:00,8288.365149143983
2019-05-03 21:30:00,8116.9142851205515
2019-05-03 22:00:00,7921.969410387902
2019-05-03 22:30:00,7926.025610613804
2019-05-03 23:00:00,7730.441979926023
2019-05-03 23:30:00,7614.9728709951305
2019-05-04 00:00:00,6861.034341533293
2019-05-04 00:30:00,6748.20486298985
2019-05-04 01:00:00,6513.828897326007
2019-05-04 01:30:00,6361.300934857295
2019-05-04 02:00:00,6057.277622070311
2019-05-04 02:30:00,5853.468488139759
2019-05-04 03:00:00,5616.790073226886
2019-05-04 03:30:00,5505.7015721432745
2019-05-04 04:00:00,5448.0913593230425
2019-05-04 04:30:00,5482.759420745468
2019-05-04 05:00:00,5677.2437752238875
2019-05-04 05:30:00,5857.574617227638
2019-05-04 06:00:00,6220.418821561079
2019-05-04 06:30:00,6592.291805987827
2019-05-04 07:00:00,7148.791386218204
2019-05-04 07:30:00,7368.23479900609
2019-05-04 08:00:00,7734.647122424037
2019-05-04 08:30:00,7810.26531817411
2019-05-04 09:00:00,7832.049338509917
2019-05-04 09:30:00,7799.142448936054
2019-05-04 10:00:00,7819.741847133188
2019-05-04 10:30:00,7815.533217651736
2019-05-04 11:00:00,7867.734737495633
2019-05-04 11:30:00,7883.597837303468
2019-05-04 12:00:00,7933.295782553911
2019-05-04 12:30:00,7958.538695766694
2019-05-04 13:00:00,7912.467652473722
2019-05-04 13:30:00,7877.383851529826
2019-05-04 14:00:00,7831.081888696869
2019-05-04 14:30:00,7838.699707907631
2019-05-04 15:00:00,7872.862372383282
2019-05-04 15:30:00,7834.686730401698
2019-05-04 16:00:00,7932.328890050123
2019-05-04 16:30:00,7965.346483567181
2019-05-04 17:00:00,8090.303667225401
2019-05-04 17:30:00,8214.726341672593
2019-05-04 18:00:00,8439.03374454273
2019-05-04 18:30:00,8352.570381307145
2019-05-04 19:00:00,8164.687339560993
2019-05-04 19:30:00,7988.688321162413
2019-05-04 20:00:00,7775.666167497412
2019-05-04 20:30:00,7690.656490507493
2019-05-04 21:00:00,7518.821827923597
2019-05-04 21:30:00,7423.385350061431
2019-05-04 22:00:00,7259.081748724313
2019-05-04 22:30:00,7327.561766299526
2019-05-04 23:00:00,7137.876331219123
2019-05-04 23:30:00,7113.827243423505
2019-05-05 00:00:00,7246.493934374252
2019-05-05 00:30:00,7152.191166974336
2019-05-05 01:00:00,6889.812913023961
2019-05-05 01:30:00,6764.989439260438
2019-05-05 02:00:00,6447.964242006636
2019-05-05 02:30:00,6207.86844097192
2019-05-05 03:00:00,5970.638779300509
2019-05-05 03:30:00,5856.800589164703
2019-05-05 04:00:00,5770.6765847984125
2019-05-05 04:30:00,5764.512451833318
2019-05-05 05:00:00,5861.3513777887365
2019-05-05 05:30:00,5921.391960198971
2019-05-05 06:00:00,6190.9030105043
2019-05-05 06:30:00,6370.3900603517595
2019-05-05 07:00:00,6737.979247271205
2019-05-05 07:30:00,6935.626875328457
2019-05-05 08:00:00,7250.516893220717
2019-05-05 08:30:00,7363.1177278808345
2019-05-05 09:00:00,7508.921173322884
2019-05-05 09:30:00,7648.867422684213
2019-05-05 10:00:00,7614.296995721472
2019-05-05 10:30:00,7558.177106300074
2019-05-05 11:00:00,7376.299605935211
2019-05-05 11:30:00,7226.560430739255
2019-05-05 12:00:00,7123.442299961195
2019-05-05 12:30:00,7064.742072761637
2019-05-05 13:00:00,7042.056007682031
2019-05-05 13:30:00,6994.301965889631
2019-05-05 14:00:00,6985.3096766798935
2019-05-05 14:30:00,7024.494030253841
2019-05-05 15:00:00,7061.770711969253
2019-05-05 15:30:00,7202.034310022205
2019-05-05 16:00:00,7351.651631125004
2019-05-05 16:30:00,7525.55257987312
2019-05-05 17:00:00,7718.611157992295
2019-05-05 17:30:00,7934.033036936876
2019-05-05 18:00:00,8280.128738050345
2019-05-05 18:30:00,8310.1060789308
2019-05-05 19:00:00,8141.453601409437
2019-05-05 19:30:00,7982.495745685092
2019-05-05 20:00:00,7771.928753861187
2019-05-05 20:30:00,7666.2596296946795
2019-05-05 21:00:00,7478.077149150635
2019-05-05 21:30:00,7410.822173937764
2019-05-05 22:00:00,7268.81419275591
2019-05-05 22:30:00,7301.38418452787
2019-05-05 23:00:00,7110.006556229747
2019-05-05 23:30:00,7064.12456729628
2019-05-06 00:00:00,7857.168469074869
2019-05-06 00:30:00,7711.660921908065
2019-05-06 01:00:00,7507.522803231627
2019-05-06 01:30:00,7402.121421169005
2019-05-06 02:00:00,7153.674632320264
2019-05-06 02:30:00,6974.809966742704
2019-05-06 03:00:00,6749.89147191582
2019-05-06 03:30:00,6675.311222889943
2019-05-06 04:00:00,6615.539038904816
2019-05-06 04:30:00,6590.604433640553
2019-05-06 05:00:00,6706.727962246461
2019-05-06 05:30:00,6768.419012562063
2019-05-06 06:00:00,7026.809272002611
2019-05-06 06:30:00,7176.680682065387
2019-05-06 07:00:00,7501.666639660025
2019-05-06 07:30:00,7636.513487887669
2019-05-06 08:00:00,7886.52683250193
2019-05-06 08:30:00,7946.672864671772
2019-05-06 09:00:00,8045.725548663018
2019-05-06 09:30:00,8045.066047985904
2019-05-06 10:00:00,8036.785521703245
2019-05-06 10:30:00,8051.201994195169
2019-05-06 11:00:00,7949.060164228916
2019-05-06 11:30:00,7857.2492068660395
2019-05-06 12:00:00,7852.061991078978
2019-05-06 12:30:00,7802.342582714206
2019-05-06 13:00:00,7806.920640591625
2019-05-06 13:30:00,8025.199303039259
2019-05-06 14:00:00,8141.446227114516
2019-05-06 14:30:00,8124.077207381482
2019-05-06 15:00:00,8140.640226427429
2019-05-06 15:30:00,8250.041143198458
2019-05-06 16:00:00,8374.521823193707
2019-05-06 16:30:00,8506.102224926039
2019-05-06 17:00:00,8779.94691034854
2019-05-06 17:30:00,8989.344772470231
2019-05-06 18:00:00,9460.374651290418
2019-05-06 18:30:00,9530.571665377222
2019-05-06 19:00:00,9389.3285040715
2019-05-06 19:30:00,9246.59544925076
2019-05-06 20:00:00,9033.743292138244
2019-05-06 20:30:00,8935.942807267898
2019-05-06 21:00:00,8734.772737183726
2019-05-06 21:30:00,8626.542824349339
2019-05-06 22:00:00,8411.99862536637
2019-05-06 22:30:00,8348.18732919823
2019-05-06 23:00:00,8178.401645041285
2019-05-06 23:30:00,8100.6950656622985
2019-05-07 00:00:00,7450.254542940651
2019-05-07 00:30:00,7313.89471585805
2019-05-07 01:00:00,7091.950484070658
2019-05-07 01:30:00,6962.6056410392
2019-05-07 02:00:00,6775.653120846362
2019-05-07 02:30:00,6602.224577137214
2019-05-07 03:00:00,6409.467570557752
2019-05-07 03:30:00,6343.878003455388
2019-05-07 04:00:00,6319.708359670621
2019-05-07 04:30:00,6363.15538115172
2019-05-07 05:00:00,6581.647098113404
2019-05-07 05:30:00,6815.340259210972
2019-05-07 06:00:00,7254.221025907755
2019-05-07 06:30:00,7764.692200276947
2019-05-07 07:00:00,8360.306978383254
2019-05-07 07:30:00,8586.386929175202
2019-05-07 08:00:00,8784.799126544205
2019-05-07 08:30:00,8662.823732662728
2019-05-07 09:00:00,8530.822885943855
2019-05-07 09:30:00,8366.133558794372
2019-05-07 10:00:00,8284.56155029543
2019-05-07 10:30:00,8171.5840743344
2019-05-07 11:00:00,8102.700971949052
2019-05-07 11:30:00,7974.650149910777
2019-05-07 12:00:00,7908.873732046739
2019-05-07 12:30:00,7871.514451835783
2019-05-07 13:00:00,7900.360555370592
2019-05-07 13:30:00,7891.0700920523905
2019-05-07 14:00:00,7921.5573289061485
2019-05-07 14:30:00,7937.004689192511
2019-05-07 15:00:00,8075.855196627969
2019-05-07 15:30:00,8135.327610261182
2019-05-07 16:00:00,8338.29231025266
2019-05-07 16:30:00,8490.955779958436
2019-05-07 17:00:00,8794.672179434609
2019-05-07 17:30:00,9087.55769894816
2019-05-07 18:00:00,9570.6037491905
2019-05-07 18:30:00,9594.918774343836
2019-05-07 19:00:00,9470.884322240216
2019-05-07 19:30:00,9304.463703652453
2019-05-07 20:00:00,9100.51830962747
2019-05-07 20:30:00,8959.167803541033
2019-05-07 21:00:00,8738.769796323868
2019-05-07 21:30:00,8622.516187845975
2019-05-07 22:00:00,8382.867387046257
2019-05-07 22:30:00,8397.25462440635
2019-05-07 23:00:00,8196.923430591927
2019-05-07 23:30:00,8112.366609530695
2019-05-08 00:00:00,7845.908806898592
2019-05-08 00:30:00,7717.016819795821
2019-05-08 01:00:00,7507.31214913032
2019-05-08 01:30:00,7393.4420967708875
2019-05-08 02:00:00,7129.680827781054
2019-05-08 02:30:00,6911.565280023324
2019-05-08 03:00:00,6681.174015132086
2019-05-08 03:30:00,6567.525547726222
2019-05-08 04:00:00,6484.584539230534
2019-05-08 04:30:00,6560.783393938152
2019-05-08 05:00:00,6739.166141636683
2019-05-08 05:30:00,6956.787108153372
2019-05-08 06:00:00,7435.220988449631
2019-05-08 06:30:00,7967.518005026914
2019-05-08 07:00:00,8571.264732695305
2019-05-08 07:30:00,8764.725085127553
2019-05-08 08:00:00,8913.021683720595
2019-05-08 08:30:00,8740.02317445961
2019-05-08 09:00:00,8543.475316267708
2019-05-08 09:30:00,8371.416362901069
2019-05-08 10:00:00,8209.7346697944
2019-05-08 10:30:00,8111.675483563269
2019-05-08 11:00:00,7936.648224880652
2019-05-08 11:30:00,7815.147863129936
2019-05-08 12:00:00,7761.8741395865345
2019-05-08 12:30:00,7682.8096376999365
2019-05-08 13:00:00,7665.434050340406
2019-05-08 13:30:00,7696.072696644143
2019-05-08 14:00:00,7727.747682385852
2019-05-08 14:30:00,7804.632645810622
2019-05-08 15:00:00,7868.607731730654
2019-05-08 15:30:00,7916.32465711584
2019-05-08 16:00:00,8149.593732700947
2019-05-08 16:30:00,8370.309167347117
2019-05-08 17:00:00,8650.73174344284
2019-05-08 17:30:00,8943.417854204898
2019-05-08 18:00:00,9432.527664769139
2019-05-08 18:30:00,9502.11215767477
2019-05-08 19:00:00,9421.44588533268
2019-05-08 19:30:00,9236.982628475254
2019-05-08 20:00:00,9028.176163221462
2019-05-08 20:30:00,8942.459023657942
2019-05-08 21:00:00,8731.042012342738
2019-05-08 21:30:00,8605.170905833467
2019-05-08 22:00:00,8364.363591277632
2019-05-08 22:30:00,8352.778276649266
2019-05-08 23:00:00,8125.938224292989
2019-05-08 23:30:00,8024.007951660759
2019-05-09 00:00:00,7902.745367529469
2019-05-09 00:30:00,7770.092352690345
2019-05-09 01:00:00,7471.998227504623
2019-05-09 01:30:00,7351.196464651581
2019-05-09 02:00:00,7060.104721165677
2019-05-09 02:30:00,6869.0740820022065
2019-05-09 03:00:00,6595.312010257645
2019-05-09 03:30:00,6498.679902232145
2019-05-09 04:00:00,6431.112666486839
2019-05-09 04:30:00,6413.564609458217
2019-05-09 05:00:00,6611.7805794739825
2019-05-09 05:30:00,6857.268327040138
2019-05-09 06:00:00,7263.982351305909
2019-05-09 06:30:00,7758.088785696468
2019-05-09 07:00:00,8436.804716804994
2019-05-09 07:30:00,8551.2412932502
2019-05-09 08:00:00,8740.945491004715
2019-05-09 08:30:00,8681.219630194308
2019-05-09 09:00:00,8542.892535233239
2019-05-09 09:30:00,8357.041943669192
2019-05-09 10:00:00,8221.672327444678
2019-05-09 10:30:00,8149.098993236349
2019-05-09 11:00:00,8046.95979036189
2019-05-09 11:30:00,7918.970242746249
2019-05-09 12:00:00,7842.89727706344
2019-05-09 12:30:00,7845.115913745829
2019-05-09 13:00:00,7862.465230393394
2019-05-09 13:30:00,7882.121220161209
2019-05-09 14:00:00,7862.859168239915
2019-05-09 14:30:00,7934.743766639297
2019-05-09 15:00:00,8007.104249298606
2019-05-09 15:30:00,8120.24139051212
2019-05-09 16:00:00,8313.347458408374
2019-05-09 16:30:00,8480.439890786598
2019-05-09 17:00:00,8765.673754456215
2019-05-09 17:30:00,9080.765544038282
2019-05-09 18:00:00,9530.685746844989
2019-05-09 18:30:00,9585.413224443353
2019-05-09 19:00:00,9499.084636374144
2019-05-09 19:30:00,9364.906974845166
2019-05-09 20:00:00,9106.80227199884
2019-05-09 20:30:00,8989.756282698563
2019-05-09 21:00:00,8747.547373478446
2019-05-09 21:30:00,8604.467557767075
2019-05-09 22:00:00,8369.83668928968
2019-05-09 22:30:00,8348.948598229767
2019-05-09 23:00:00,8147.93654988178
2019-05-09 23:30:00,8083.839767245643
2019-05-10 00:00:00,7874.960970901053
2019-05-10 00:30:00,7812.704378900225
2019-05-10 01:00:00,7577.536032413997
2019-05-10 01:30:00,7461.0173089240125
2019-05-10 02:00:00,7173.363990299251
2019-05-10 02:30:00,6966.854128625791
2019-05-10 03:00:00,6734.610359985901
2019-05-10 03:30:00,6627.398844765427
2019-05-10 04:00:00,6554.702972754603
2019-05-10 04:30:00,6604.869982864474
2019-05-10 05:00:00,6773.369295173913
2019-05-10 05:30:00,7080.356565579559
2019-05-10 06:00:00,7552.7345668293
2019-05-10 06:30:00,8082.689752600477
2019-05-10 07:00:00,8730.31418147658
2019-05-10 07:30:00,8959.18997847104
2019-05-10 08:00:00,9113.377713741702
2019-05-10 08:30:00,8989.33348534159
2019-05-10 09:00:00,8723.533423140821
2019-05-10 09:30:00,8519.83697496681
2019-05-10 10:00:00,8338.496665000532
2019-05-10 10:30:00,8210.507117384892
2019-05-10 11:00:00,8122.710799466377
2019-05-10 11:30:00,7947.9289421547555
2019-05-10 12:00:00,7864.759346542264
2019-05-10 12:30:00,7800.574036165007
2019-05-10 13:00:00,7778.73637214683
2019-05-10 13:30:00,7791.955232662076
2019-05-10 14:00:00,7808.271562925721
2019-05-10 14:30:00,7907.437206300613
2019-05-10 15:00:00,7952.77732715854
2019-05-10 15:30:00,8122.919875262097
2019-05-10 16:00:00,8331.121465437669
2019-05-10 16:30:00,8531.403469698782
2019-05-10 17:00:00,8766.18962276285
2019-05-10 17:30:00,9160.173935865685
2019-05-10 18:00:00,9628.15189421437
2019-05-10 18:30:00,9713.68556464434
2019-05-10 19:00:00,9544.727229199076
2019-05-10 19:30:00,9406.682267828513
2019-05-10 20:00:00,9190.489431406255
2019-05-10 20:30:00,9090.187450477319
2019-05-10 21:00:00,8861.566338865152
2019-05-10 21:30:00,8666.6567320252
2019-05-10 22:00:00,8423.43662621907
2019-05-10 22:30:00,8390.532363737002
2019-05-10 23:00:00,8133.481894778982
2019-05-10 23:30:00,8057.431037488951
2019-05-11 00:00:00,7286.225066792245
2019-05-11 00:30:00,7156.560893255819
2019-05-11 01:00:00,6947.335863626219
2019-05-11 01:30:00,6784.282709455411
2019-05-11 02:00:00,6513.0092480816
2019-05-11 02:30:00,6269.602825214599
2019-05-11 03:00:00,5984.306850175579
2019-05-11 03:30:00,5904.870961171657
2019-05-11 04:00:00,5856.863951456109
2019-05-11 04:30:00,5914.171766832635
2019-05-11 05:00:00,6084.210843104243
2019-05-11 05:30:00,6325.585724927003
2019-05-11 06:00:00,6788.353287075125
2019-05-11 06:30:00,7262.02891817242
2019-05-11 07:00:00,7937.596342725765
2019-05-11 07:30:00,8125.689551920444
2019-05-11 08:00:00,8417.255688954796
2019-05-11 08:30:00,8375.272039740916
2019-05-11 09:00:00,8232.48006396223
2019-05-11 09:30:00,8237.987323342006
2019-05-11 10:00:00,8231.733906265623
2019-05-11 10:30:00,8196.352305740384
2019-05-11 11:00:00,8175.557515857546
2019-05-11 11:30:00,8159.463145074591
2019-05-11 12:00:00,8206.226287448037
2019-05-11 12:30:00,8161.861709207489
2019-05-11 13:00:00,8108.507117413865
2019-05-11 13:30:00,8112.541141437692
2019-05-11 14:00:00,8062.222076599394
2019-05-11 14:30:00,7977.239007649513
2019-05-11 15:00:00,7871.010271043354
2019-05-11 15:30:00,7872.0359046542035
2019-05-11 16:00:00,8071.067598543498
2019-05-11 16:30:00,8215.057735017383
2019-05-11 17:00:00,8475.263211498026
2019-05-11 17:30:00,8778.585217905376
2019-05-11 18:00:00,9178.345646599146
2019-05-11 18:30:00,9110.623520530897
2019-05-11 19:00:00,8964.409406398798
2019-05-11 19:30:00,8852.211998146806
2019-05-11 20:00:00,8657.864553042918
2019-05-11 20:30:00,8561.87945551401
2019-05-11 21:00:00,8351.298355079714
2019-05-11 21:30:00,8205.834983249882
2019-05-11 22:00:00,7989.974587071656
2019-05-11 22:30:00,7954.3375575558775
2019-05-11 23:00:00,7772.722797614923
2019-05-11 23:30:00,7658.164009446545
2019-05-12 00:00:00,7775.060941541391
2019-05-12 00:30:00,7657.255255987981
2019-05-12 01:00:00,7384.206440009719
2019-05-12 01:30:00,7202.67798602929
2019-05-12 02:00:00,6836.806584766015
2019-05-12 02:30:00,6598.481818668588
2019-05-12 03:00:00,6299.398814337299
2019-05-12 03:30:00,6196.779805896123
2019-05-12 04:00:00,6088.269671820102
2019-05-12 04:30:00,6075.57462767773
2019-05-12 05:00:00,6174.368880049614
2019-05-12 05:30:00,6276.0261563943695
2019-05-12 06:00:00,6587.446446031973
2019-05-12 06:30:00,6786.434429299902
2019-05-12 07:00:00,7233.417779910915
2019-05-12 07:30:00,7534.468915956343
2019-05-12 08:00:00,7929.310935017192
2019-05-12 08:30:00,8018.460085790545
2019-05-12 09:00:00,8056.215282785588
2019-05-12 09:30:00,7964.455736756618
2019-05-12 10:00:00,7773.25416760332
2019-05-12 10:30:00,7610.018526699505
2019-05-12 11:00:00,7465.2760945002365
2019-05-12 11:30:00,7328.66527026506
2019-05-12 12:00:00,7210.586656233472
2019-05-12 12:30:00,7146.76286988481
2019-05-12 13:00:00,7107.554381387431
2019-05-12 13:30:00,7057.771248575407
2019-05-12 14:00:00,7064.524119233375
2019-05-12 14:30:00,7081.444714875684
2019-05-12 15:00:00,7138.6308335361055
2019-05-12 15:30:00,7263.095233295651
2019-05-12 16:00:00,7470.21452434288
2019-05-12 16:30:00,7717.999750310994
2019-05-12 17:00:00,8024.296487565327
2019-05-12 17:30:00,8357.73332390354
2019-05-12 18:00:00,8742.442582722138
2019-05-12 18:30:00,8775.780152022613
2019-05-12 19:00:00,8674.690312384195
2019-05-12 19:30:00,8517.528294891006
2019-05-12 20:00:00,8350.132701168934
2019-05-12 20:30:00,8262.574725691657
2019-05-12 21:00:00,8108.529254200231
2019-05-12 21:30:00,7997.608299644487
2019-05-12 22:00:00,7855.1527167175345
2019-05-12 22:30:00,7809.99132581664
2019-05-12 23:00:00,7616.075085052711
2019-05-12 23:30:00,7530.632746522834
2019-05-13 00:00:00,8336.096944807454
2019-05-13 00:30:00,8217.383565583325
2019-05-13 01:00:00,7980.776473056571
2019-05-13 01:30:00,7787.143319912867
2019-05-13 02:00:00,7560.8983692946795
2019-05-13 02:30:00,7327.143933774477
2019-05-13 03:00:00,7123.182685705525
2019-05-13 03:30:00,7042.266325348722
2019-05-13 04:00:00,6950.753001542786
2019-05-13 04:30:00,6959.293454629407
2019-05-13 05:00:00,7107.251259702387
2019-05-13 05:30:00,7163.496325060848
2019-05-13 06:00:00,7438.987039784919
2019-05-13 06:30:00,7618.3978750046035
2019-05-13 07:00:00,8031.618230772117
2019-05-13 07:30:00,8287.997302974103
2019-05-13 08:00:00,8610.490022804808
2019-05-13 08:30:00,8722.704353075285
2019-05-13 09:00:00,8789.691489624342
2019-05-13 09:30:00,8752.489892852524
2019-05-13 10:00:00,8673.913961653212
2019-05-13 10:30:00,8516.579143448569
2019-05-13 11:00:00,8351.74280575794
2019-05-13 11:30:00,8198.660969438899
2019-05-13 12:00:00,8089.265374660754
2019-05-13 12:30:00,8028.021926090251
2019-05-13 13:00:00,7943.632497581699
2019-05-13 13:30:00,7903.727545975178
2019-05-13 14:00:00,7841.333839451062
2019-05-13 14:30:00,7885.533498255537
2019-05-13 15:00:00,7978.2387064916065
2019-05-13 15:30:00,8133.403672255972
2019-05-13 16:00:00,8340.163889299225
2019-05-13 16:30:00,8615.604174451966
2019-05-13 17:00:00,8954.960230535711
2019-05-13 17:30:00,9233.283907231544
2019-05-13 18:00:00,9697.520386954156
2019-05-13 18:30:00,9739.504036168037
2019-05-13 19:00:00,9682.033196376547
2019-05-13 19:30:00,9565.747725675026
2019-05-13 20:00:00,9400.600180834352
2019-05-13 20:30:00,9345.678548668082
2019-05-13 21:00:00,9156.888801126455
2019-05-13 21:30:00,9043.859913831518
2019-05-13 22:00:00,8863.06376948691
2019-05-13 22:30:00,8756.494187646616
2019-05-13 23:00:00,8530.638043588833
2019-05-13 23:30:00,8383.423185931992
2019-05-14 00:00:00,7771.030564457914
2019-05-14 00:30:00,7636.018796794197
2019-05-14 01:00:00,7389.732286534983
2019-05-14 01:30:00,7229.279019252615
2019-05-14 02:00:00,7039.200168706669
2019-05-14 02:30:00,6848.299782596674
2019-05-14 03:00:00,6636.828969235538
2019-05-14 03:30:00,6605.673565488685
2019-05-14 04:00:00,6518.804159795954
2019-05-14 04:30:00,6610.9794453463965
2019-05-14 05:00:00,6803.850448326664
2019-05-14 05:30:00,7058.795383393264
2019-05-14 06:00:00,7521.117970888083
2019-05-14 06:30:00,8108.056387347227
2019-05-14 07:00:00,8796.20289791616
2019-05-14 07:30:00,9060.167750038107
2019-05-14 08:00:00,9285.118041080797
2019-05-14 08:30:00,9179.923126699425
2019-05-14 09:00:00,8999.390797570908
2019-05-14 09:30:00,8902.350008953694
2019-05-14 10:00:00,8709.561873409459
2019-05-14 10:30:00,8596.089816207388
2019-05-14 11:00:00,8394.354290231424
2019-05-14 11:30:00,8240.554305904427
2019-05-14 12:00:00,8128.344475281208
2019-05-14 12:30:00,8082.122961454044
2019-05-14 13:00:00,8028.755879479898
2019-05-14 13:30:00,8082.991402929016
2019-05-14 14:00:00,8124.385081690922
2019-05-14 14:30:00,8201.208770693056
2019-05-14 15:00:00,8264.792920385486
2019-05-14 15:30:00,8382.360276034018
2019-05-14 16:00:00,8562.850141507468
2019-05-14 16:30:00,8716.22189613247
2019-05-14 17:00:00,9020.821185985495
2019-05-14 17:30:00,9393.52827654698
2019-05-14 18:00:00,9789.594206110622
2019-05-14 18:30:00,9782.347774017182
2019-05-14 19:00:00,9626.606671408173
2019-05-14 19:30:00,9444.26628749508
2019-05-14 20:00:00,9189.189524172012
2019-05-14 20:30:00,9071.167507848622
2019-05-14 21:00:00,8840.288661333509
2019-05-14 21:30:00,8696.881810908964
2019-05-14 22:00:00,8451.23116948843
2019-05-14 22:30:00,8430.864267709596
2019-05-14 23:00:00,8229.650183518323
2019-05-14 23:30:00,8126.224499328071
2019-05-15 00:00:00,7882.47115927297
2019-05-15 00:30:00,7760.574784178238
2019-05-15 01:00:00,7524.336451677013
2019-05-15 01:30:00,7378.619632669987
2019-05-15 02:00:00,7110.615244883282
2019-05-15 02:30:00,6898.484615727882
2019-05-15 03:00:00,6650.491255382322
2019-05-15 03:30:00,6536.040544065345
2019-05-15 04:00:00,6482.550432985443
2019-05-15 04:30:00,6526.2164123283155
2019-05-15 05:00:00,6711.562732744084
2019-05-15 05:30:00,6999.808765982393
2019-05-15 06:00:00,7447.436630514223
2019-05-15 06:30:00,7946.359606662265
2019-05-15 07:00:00,8568.407028682652
2019-05-15 07:30:00,8773.48012612893
2019-05-15 08:00:00,8911.074300470456
2019-05-15 08:30:00,8772.170429671285
2019-05-15 09:00:00,8593.177864504938
2019-05-15 09:30:00,8434.165793287715
2019-05-15 10:00:00,8310.000418552692
2019-05-15 10:30:00,8184.000686668938
2019-05-15 11:00:00,8080.0755086520485
2019-05-15 11:30:00,7975.517918745716
2019-05-15 12:00:00,7908.081169887584
2019-05-15 12:30:00,7846.448766902823
2019-05-15 13:00:00,7882.081855883899
2019-05-15 13:30:00,7890.152531023348
2019-05-15 14:00:00,7912.7313850819355
2019-05-15 14:30:00,7988.002997008554
2019-05-15 15:00:00,8051.552657385562
2019-05-15 15:30:00,8172.103600153205
2019-05-15 16:00:00,8346.372667144065
2019-05-15 16:30:00,8553.269033207165
2019-05-15 17:00:00,8798.265656373502
2019-05-15 17:30:00,9144.429399077711
2019-05-15 18:00:00,9583.017734433246
2019-05-15 18:30:00,9608.614467466417
2019-05-15 19:00:00,9521.774376137682
2019-05-15 19:30:00,9368.528442728191
2019-05-15 20:00:00,9133.230863296658
2019-05-15 20:30:00,9058.146347008185
2019-05-15 21:00:00,8821.939278408885
2019-05-15 21:30:00,8670.004288011063
2019-05-15 22:00:00,8428.682843103907
2019-05-15 22:30:00,8462.52666148032
2019-05-15 23:00:00,8209.121085064693
2019-05-15 23:30:00,8139.012775786189
2019-05-16 00:00:00,7995.3148963302065
2019-05-16 00:30:00,7861.5769552709435
2019-05-16 01:00:00,7673.74953814744
2019-05-16 01:30:00,7517.768210612446
2019-05-16 02:00:00,7250.312442492483
2019-05-16 02:30:00,7024.296393214964
2019-05-16 03:00:00,6762.604531318258
2019-05-16 03:30:00,6629.675893099866
2019-05-16 04:00:00,6576.2450746292525
2019-05-16 04:30:00,6596.663387741994
2019-05-16 05:00:00,6790.19832323734
2019-05-16 05:30:00,7056.030796380256
2019-05-16 06:00:00,7503.921794110833
2019-05-16 06:30:00,8034.784673552728
2019-05-16 07:00:00,8668.831167909608
2019-05-16 07:30:00,8878.62702518866
2019-05-16 08:00:00,9064.299826011142
2019-05-16 08:30:00,8882.938096212954
2019-05-16 09:00:00,8711.620015774864
2019-05-16 09:30:00,8531.726912427486
2019-05-16 10:00:00,8400.683865624553
2019-05-16 10:30:00,8314.0529558611
2019-05-16 11:00:00,8169.229054850467
2019-05-16 11:30:00,8039.252141527558
2019-05-16 12:00:00,7985.587481756554
2019-05-16 12:30:00,8022.804018733512
2019-05-16 13:00:00,7945.14426487528
2019-05-16 13:30:00,7913.024501940213
2019-05-16 14:00:00,7978.315484520636
2019-05-16 14:30:00,7998.600917488107
2019-05-16 15:00:00,8078.183674225435
2019-05-16 15:30:00,8167.960463452277
2019-05-16 16:00:00,8338.539463150972
2019-05-16 16:30:00,8529.147303863212
2019-05-16 17:00:00,8855.658513640828
2019-05-16 17:30:00,9187.681407232383
2019-05-16 18:00:00,9635.30938582072
2019-05-16 18:30:00,9647.042697866673
2019-05-16 19:00:00,9526.427121513914
2019-05-16 19:30:00,9368.969931531177
2019-05-16 20:00:00,9134.786513451614
2019-05-16 20:30:00,8996.56957371522
2019-05-16 21:00:00,8792.570972859285
2019-05-16 21:30:00,8661.101275070147
2019-05-16 22:00:00,8436.649014471393
2019-05-16 22:30:00,8398.999815954478
2019-05-16 23:00:00,8197.529657494215
2019-05-16 23:30:00,8145.299067049302
2019-05-17 00:00:00,7925.513426387837
2019-05-17 00:30:00,7789.320968765927
2019-05-17 01:00:00,7583.517441978984
2019-05-17 01:30:00,7441.691903761786
2019-05-17 02:00:00,7172.147752012911
2019-05-17 02:30:00,6957.424471966005
2019-05-17 03:00:00,6709.75814633362
2019-05-17 03:30:00,6638.446970894847
2019-05-17 04:00:00,6552.131439052446
2019-05-17 04:30:00,6577.833621845225
2019-05-17 05:00:00,6798.917989698416
2019-05-17 05:30:00,7041.077371068176
2019-05-17 06:00:00,7482.651806578107
2019-05-17 06:30:00,7983.854693831173
2019-05-17 07:00:00,8577.194169737597
2019-05-17 07:30:00,8845.83037035841
2019-05-17 08:00:00,9014.363617676809
2019-05-17 08:30:00,8852.480645097017
2019-05-17 09:00:00,8657.802212672255
2019-05-17 09:30:00,8458.980953586568
2019-05-17 10:00:00,8370.08629836641
2019-05-17 10:30:00,8287.486785534991
2019-05-17 11:00:00,8132.455041513885
2019-05-17 11:30:00,8029.456764680003
2019-05-17 12:00:00,7975.966710366623
2019-05-17 12:30:00,7936.315205937298
2019-05-17 13:00:00,7929.790040246869
2019-05-17 13:30:00,7975.335308445609
2019-05-17 14:00:00,7966.950286233455
2019-05-17 14:30:00,8024.112731284186
2019-05-17 15:00:00,8071.9765244027785
2019-05-17 15:30:00,8165.0125241279975
2019-05-17 16:00:00,8353.767219308802
2019-05-17 16:30:00,8516.53045517365
2019-05-17 17:00:00,8720.894292703959
2019-05-17 17:30:00,9051.90847470315
2019-05-17 18:00:00,9494.912084288562
2019-05-17 18:30:00,9532.473400342808
2019-05-17 19:00:00,9436.696665516258
2019-05-17 19:30:00,9313.120410317151
2019-05-17 20:00:00,9088.335709474366
2019-05-17 20:30:00,8985.246923086017
2019-05-17 21:00:00,8810.339968574714
2019-05-17 21:30:00,8690.918304431358
2019-05-17 22:00:00,8439.951931107162
2019-05-17 22:30:00,8427.357904886432
2019-05-17 23:00:00,8172.10507890574
2019-05-17 23:30:00,8118.5486052440165
2019-05-18 00:00:00,7416.742569218723
2019-05-18 00:30:00,7253.905745817894
2019-05-18 01:00:00,7038.865794138448
2019-05-18 01:30:00,6875.045062439125
2019-05-18 02:00:00,6629.080220538694
2019-05-18 02:30:00,6361.29487100393
2019-05-18 03:00:00,6085.237947949205
2019-05-18 03:30:00,5952.8456162842085
2019-05-18 04:00:00,5884.906993421579
2019-05-18 04:30:00,5980.235394432343
2019-05-18 05:00:00,6209.914253797856
2019-05-18 05:30:00,6433.280986666373
2019-05-18 06:00:00,6893.39199640856
2019-05-18 06:30:00,7340.556141872205
2019-05-18 07:00:00,7960.552296670895
2019-05-18 07:30:00,8188.277461184619
2019-05-18 08:00:00,8430.844964953949
2019-05-18 08:30:00,8282.911314010704
2019-05-18 09:00:00,8058.693456429034
2019-05-18 09:30:00,7864.8484043533135
2019-05-18 10:00:00,7737.490170658959
2019-05-18 10:30:00,7661.583861349095
2019-05-18 11:00:00,7483.503859849351
2019-05-18 11:30:00,7389.417423219415
2019-05-18 12:00:00,7309.384021048759
2019-05-18 12:30:00,7233.24906785557
2019-05-18 13:00:00,7172.7809241137775
2019-05-18 13:30:00,7168.569667540532
2019-05-18 14:00:00,7209.033476429643
2019-05-18 14:30:00,7258.698669301538
2019-05-18 15:00:00,7338.930418348802
2019-05-18 15:30:00,7432.286393857438
2019-05-18 16:00:00,7630.671077250142
2019-05-18 16:30:00,7791.151774918173
2019-05-18 17:00:00,8077.585877656264
2019-05-18 17:30:00,8314.79648240172
2019-05-18 18:00:00,8646.37469310162
2019-05-18 18:30:00,8624.190599235179
2019-05-18 19:00:00,8492.973616552548
2019-05-18 19:30:00,8328.390561508299
2019-05-18 20:00:00,8139.061048726733
2019-05-18 20:30:00,8066.3528525597885
2019-05-18 21:00:00,7845.723574367503
2019-05-18 21:30:00,7752.289402417746
2019-05-18 22:00:00,7574.550609795403
2019-05-18 22:30:00,7603.851527980258
2019-05-18 23:00:00,7441.125180278602
2019-05-18 23:30:00,7399.09274682261
2019-05-19 00:00:00,7493.869194880459
2019-05-19 00:30:00,7390.721115882821
2019-05-19 01:00:00,7129.995956929608
2019-05-19 01:30:00,6975.283847093929
2019-05-19 02:00:00,6694.860038544119
2019-05-19 02:30:00,6485.211356337029
2019-05-19 03:00:00,6231.683306226032
2019-05-19 03:30:00,6107.460040530334
2019-05-19 04:00:00,6037.49693555322
2019-05-19 04:30:00,6017.774417179183
2019-05-19 05:00:00,6188.605874273177
2019-05-19 05:30:00,6250.350963014478
2019-05-19 06:00:00,6550.55732514104
2019-05-19 06:30:00,6766.867348646059
2019-05-19 07:00:00,7194.666469249776
2019-05-19 07:30:00,7429.41712618182
2019-05-19 08:00:00,7734.425690498332
2019-05-19 08:30:00,7737.241731089574
2019-05-19 09:00:00,7723.764717932067
2019-05-19 09:30:00,7647.833605328334
2019-05-19 10:00:00,7459.760993619938
2019-05-19 10:30:00,7347.6246827234045
2019-05-19 11:00:00,7197.015271861936
2019-05-19 11:30:00,7060.32560590719
2019-05-19 12:00:00,6977.51771139047
2019-05-19 12:30:00,6971.363441514104
2019-05-19 13:00:00,6925.518415012663
2019-05-19 13:30:00,6889.453332862066
2019-05-19 14:00:00,6933.400564294918
2019-05-19 14:30:00,6978.266782706265
2019-05-19 15:00:00,7089.764639443578
2019-05-19 15:30:00,7268.137527939067
2019-05-19 16:00:00,7412.854856659675
2019-05-19 16:30:00,7605.147654592702
2019-05-19 17:00:00,7889.852447705858
2019-05-19 17:30:00,8182.799241642042
2019-05-19 18:00:00,8529.468365716122
2019-05-19 18:30:00,8500.696695154906
2019-05-19 19:00:00,8336.036516345017
2019-05-19 19:30:00,8194.474288393743
2019-05-19 20:00:00,7967.987531244509
2019-05-19 20:30:00,7892.172553834737
2019-05-19 21:00:00,7750.388819667275
2019-05-19 21:30:00,7706.728094507991
2019-05-19 22:00:00,7581.603592561232
2019-05-19 22:30:00,7563.944654522239
2019-05-19 23:00:00,7360.954281210087
2019-05-19 23:30:00,7321.438284017825
2019-05-20 00:00:00,8115.580921203798
2019-05-20 00:30:00,8003.570431522778
2019-05-20 01:00:00,7744.743933468535
2019-05-20 01:30:00,7593.165389982897
2019-05-20 02:00:00,7367.906974754999
2019-05-20 02:30:00,7149.777132070577
2019-05-20 03:00:00,6940.318310643403
2019-05-20 03:30:00,6862.926452864245
2019-05-20 04:00:00,6796.235048566032
2019-05-20 04:30:00,6794.136978915567
2019-05-20 05:00:00,6917.512016731326
2019-05-20 05:30:00,7012.604537861832
2019-05-20 06:00:00,7285.797774183945
2019-05-20 06:30:00,7408.786311495749
2019-05-20 07:00:00,7775.054692314799
2019-05-20 07:30:00,7926.391456458139
2019-05-20 08:00:00,8191.15356246109
2019-05-20 08:30:00,8282.978814750659
2019-05-20 09:00:00,8369.358630801606
2019-05-20 09:30:00,8374.698343653514
2019-05-20 10:00:00,8292.457148455906
2019-05-20 10:30:00,8194.727624029745
2019-05-20 11:00:00,8111.568165294676
2019-05-20 11:30:00,8042.237119566239
2019-05-20 12:00:00,8009.0625556977875
2019-05-20 12:30:00,7958.978996212626
2019-05-20 13:00:00,7988.452561133748
2019-05-20 13:30:00,7965.4069307469035
2019-05-20 14:00:00,7968.189678895473
2019-05-20 14:30:00,8021.657624816075
2019-05-20 15:00:00,8171.651099318389
2019-05-20 15:30:00,8288.202507377626
2019-05-20 16:00:00,8488.882042080491
2019-05-20 16:30:00,8647.27896502475
2019-05-20 17:00:00,8947.802505541591
2019-05-20 17:30:00,9249.515769355929
2019-05-20 18:00:00,9632.52577602705
2019-05-20 18:30:00,9597.068606152485
2019-05-20 19:00:00,9439.071750453872
2019-05-20 19:30:00,9276.5698430416
2019-05-20 20:00:00,9067.638378917922
2019-05-20 20:30:00,8973.761214128206
2019-05-20 21:00:00,8784.31459300126
2019-05-20 21:30:00,8692.929061181407
2019-05-20 22:00:00,8490.750244535842
2019-05-20 22:30:00,8438.971864741166
2019-05-20 23:00:00,8214.394801471426
2019-05-20 23:30:00,8186.045929361439
2019-05-21 00:00:00,7521.420192580754
2019-05-21 00:30:00,7443.890845751186
2019-05-21 01:00:00,7186.978125868232
2019-05-21 01:30:00,7087.588447515154
2019-05-21 02:00:00,6846.5359111102625
2019-05-21 02:30:00,6688.783548637978
2019-05-21 03:00:00,6501.393685296087
2019-05-21 03:30:00,6479.467470444802
2019-05-21 04:00:00,6423.8349373102865
2019-05-21 04:30:00,6492.140349427875
2019-05-21 05:00:00,6699.560705045338
2019-05-21 05:30:00,6912.874651250726
2019-05-21 06:00:00,7376.591632381922
2019-05-21 06:30:00,7822.333953823527
2019-05-21 07:00:00,8455.327561251072
2019-05-21 07:30:00,8702.273426900858
2019-05-21 08:00:00,8981.444946465976
2019-05-21 08:30:00,8973.644640522205
2019-05-21 09:00:00,8833.331984600038
2019-05-21 09:30:00,8704.948873664998
2019-05-21 10:00:00,8631.740085703259
2019-05-21 10:30:00,8622.564935233391
2019-05-21 11:00:00,8496.679053049795
2019-05-21 11:30:00,8361.986438823871
2019-05-21 12:00:00,8265.308064390174
2019-05-21 12:30:00,8184.934424238076
2019-05-21 13:00:00,8160.578342142823
2019-05-21 13:30:00,8182.885630132984
2019-05-21 14:00:00,8223.472633145813
2019-05-21 14:30:00,8267.35757035046
2019-05-21 15:00:00,8354.55814629855
2019-05-21 15:30:00,8392.502517305014
2019-05-21 16:00:00,8549.400759816672
2019-05-21 16:30:00,8728.836398330226
2019-05-21 17:00:00,9025.496088442902
2019-05-21 17:30:00,9321.29341228575
2019-05-21 18:00:00,9678.64213913082
2019-05-21 18:30:00,9605.432302793077
2019-05-21 19:00:00,9485.237720145378
2019-05-21 19:30:00,9286.591888862942
2019-05-21 20:00:00,9065.209141752532
2019-05-21 20:30:00,8923.364054425056
2019-05-21 21:00:00,8741.360647051246
2019-05-21 21:30:00,8596.849321296282
2019-05-21 22:00:00,8388.393040650633
2019-05-21 22:30:00,8379.31890810241
2019-05-21 23:00:00,8158.471010345396
2019-05-21 23:30:00,8050.555819110838
2019-05-22 00:00:00,7807.013855820753
2019-05-22 00:30:00,7705.782182086198
2019-05-22 01:00:00,7521.122820628156
2019-05-22 01:30:00,7315.365419210895
2019-05-22 02:00:00,7082.410343052667
2019-05-22 02:30:00,6829.545910339597
2019-05-22 03:00:00,6603.291669207176
2019-05-22 03:30:00,6457.670613938205
2019-05-22 04:00:00,6430.566812554888
2019-05-22 04:30:00,6451.499256018951
2019-05-22 05:00:00,6650.248905496318
2019-05-22 05:30:00,6890.128375761055
2019-05-22 06:00:00,7298.650728438508
2019-05-22 06:30:00,7773.519362607342
2019-05-22 07:00:00,8417.8597776912
2019-05-22 07:30:00,8605.99996638182
2019-05-22 08:00:00,8766.465165652566
2019-05-22 08:30:00,8579.86391857849
2019-05-22 09:00:00,8403.444455193368
2019-05-22 09:30:00,8258.620212584747
2019-05-22 10:00:00,8098.441167033031
2019-05-22 10:30:00,8047.833614107821
2019-05-22 11:00:00,7952.446262085758
2019-05-22 11:30:00,7842.747545733386
2019-05-22 12:00:00,7751.635078010304
2019-05-22 12:30:00,7769.104293319356
2019-05-22 13:00:00,7740.160313349946
2019-05-22 13:30:00,7760.261277771064
2019-05-22 14:00:00,7819.067506324527
2019-05-22 14:30:00,7901.496845536286
2019-05-22 15:00:00,8028.368475023981
2019-05-22 15:30:00,8101.554330413482
2019-05-22 16:00:00,8277.759351777706
2019-05-22 16:30:00,8443.813837431733
2019-05-22 17:00:00,8718.217650888155
2019-05-22 17:30:00,9017.712278020104
2019-05-22 18:00:00,9342.872908577716
2019-05-22 18:30:00,9243.369722122472
2019-05-22 19:00:00,9143.544668345403
2019-05-22 19:30:00,8987.01734823546
2019-05-22 20:00:00,8761.438284756947
2019-05-22 20:30:00,8674.957999502874
2019-05-22 21:00:00,8456.53043597449
2019-05-22 21:30:00,8285.768307760005
2019-05-22 22:00:00,8104.271114493104
2019-05-22 22:30:00,8123.240995543766
2019-05-22 23:00:00,7910.502871146761
2019-05-22 23:30:00,7811.816868807769
2019-05-23 00:00:00,7717.190148849044
2019-05-23 00:30:00,7613.191041698182
2019-05-23 01:00:00,7409.866834767754
2019-05-23 01:30:00,7293.057370626185
2019-05-23 02:00:00,7029.10918306538
2019-05-23 02:30:00,6835.0602904002035
2019-05-23 03:00:00,6588.6163800383665
2019-05-23 03:30:00,6486.3883078247945
2019-05-23 04:00:00,6437.416938921034
2019-05-23 04:30:00,6484.590498823065
2019-05-23 05:00:00,6669.540628827642
2019-05-23 05:30:00,6944.79644543403
2019-05-23 06:00:00,7364.49100031017
2019-05-23 06:30:00,7849.090640612548
2019-05-23 07:00:00,8460.809652590538
2019-05-23 07:30:00,8630.858241702208
2019-05-23 08:00:00,8838.969405913953
2019-05-23 08:30:00,8713.982994527702
2019-05-23 09:00:00,8524.624725844567
2019-05-23 09:30:00,8364.033147166165
2019-05-23 10:00:00,8285.62656724089
2019-05-23 10:30:00,8197.49761882762
2019-05-23 11:00:00,8125.783358578713
2019-05-23 11:30:00,8042.71406780012
2019-05-23 12:00:00,8002.839241480354
2019-05-23 12:30:00,7983.475797110294
2019-05-23 13:00:00,7988.056482079505
2019-05-23 13:30:00,8039.3525937464865
2019-05-23 14:00:00,8079.48213192549
2019-05-23 14:30:00,8148.638572196302
2019-05-23 15:00:00,8235.26572518378
2019-05-23 15:30:00,8293.471371142297
2019-05-23 16:00:00,8479.153774395694
2019-05-23 16:30:00,8606.712642284721
2019-05-23 17:00:00,8811.797077847603
2019-05-23 17:30:00,9107.365757807125
2019-05-23 18:00:00,9417.885703827451
2019-05-23 18:30:00,9377.786597653027
2019-05-23 19:00:00,9157.520659773061
2019-05-23 19:30:00,9049.849229694144
2019-05-23 20:00:00,8777.44844432064
2019-05-23 20:30:00,8641.809215270612
2019-05-23 21:00:00,8436.268223360712
2019-05-23 21:30:00,8329.460134548366
2019-05-23 22:00:00,8123.126726847049
2019-05-23 22:30:00,8137.63715833086
2019-05-23 23:00:00,7936.969066714535
2019-05-23 23:30:00,7917.094119084947
2019-05-24 00:00:00,7698.96536389176
2019-05-24 00:30:00,7609.429708728766
2019-05-24 01:00:00,7386.124927341967
2019-05-24 01:30:00,7254.54189851784
2019-05-24 02:00:00,6967.899918577235
2019-05-24 02:30:00,6744.105133073901
2019-05-24 03:00:00,6511.045002663383
2019-05-24 03:30:00,6407.092875008463
2019-05-24 04:00:00,6364.5931246726905
2019-05-24 04:30:00,6391.748993711137
2019-05-24 05:00:00,6567.2810344358295
2019-05-24 05:30:00,6802.8508572974715
2019-05-24 06:00:00,7208.792872196765
2019-05-24 06:30:00,7620.145382687007
2019-05-24 07:00:00,8228.573144875816
2019-05-24 07:30:00,8432.118968540446
2019-05-24 08:00:00,8622.6572724297
2019-05-24 08:30:00,8516.478449749835
2019-05-24 09:00:00,8393.003115912443
2019-05-24 09:30:00,8302.198065982959
2019-05-24 10:00:00,8156.374218500535
2019-05-24 10:30:00,8090.42230502395
2019-05-24 11:00:00,8023.108201732605
2019-05-24 11:30:00,7968.501291166164
2019-05-24 12:00:00,7906.596604981675
2019-05-24 12:30:00,7877.155570654617
2019-05-24 13:00:00,7925.911111134435
2019-05-24 13:30:00,7904.437106933387
2019-05-24 14:00:00,7943.557933520028
2019-05-24 14:30:00,7992.750721352955
2019-05-24 15:00:00,8087.419314348051
2019-05-24 15:30:00,8190.144594894458
2019-05-24 16:00:00,8288.123652344786
2019-05-24 16:30:00,8451.47723318873
2019-05-24 17:00:00,8704.95040792726
2019-05-24 17:30:00,8963.130572543992
2019-05-24 18:00:00,9340.330266070408
2019-05-24 18:30:00,9271.60205550159
2019-05-24 19:00:00,9188.476012413264
2019-05-24 19:30:00,9017.986880486253
2019-05-24 20:00:00,8793.357235990812
2019-05-24 20:30:00,8712.97455509561
2019-05-24 21:00:00,8530.752189860028
2019-05-24 21:30:00,8363.4656029139
2019-05-24 22:00:00,8136.902782484159
2019-05-24 22:30:00,8166.10268274737
2019-05-24 23:00:00,7962.701824097334
2019-05-24 23:30:00,7916.556524897945
2019-05-25 00:00:00,7160.325962963643
2019-05-25 00:30:00,7075.217895143875
2019-05-25 01:00:00,6817.577341231414
2019-05-25 01:30:00,6685.6574146053845
2019-05-25 02:00:00,6411.5332462577335
2019-05-25 02:30:00,6226.209275225531
2019-05-25 03:00:00,5960.65011348724
2019-05-25 03:30:00,5868.9968395635005
2019-05-25 04:00:00,5780.157635460435
2019-05-25 04:30:00,5865.979242383018
2019-05-25 05:00:00,6018.450712515725
2019-05-25 05:30:00,6283.045830182953
2019-05-25 06:00:00,6668.27879131792
2019-05-25 06:30:00,7137.7855364327725
2019-05-25 07:00:00,7753.339163683096
2019-05-25 07:30:00,7928.786758255963
2019-05-25 08:00:00,8143.281013294576
2019-05-25 08:30:00,7993.328134420435
2019-05-25 09:00:00,7847.190870426869
2019-05-25 09:30:00,7788.874343457981
2019-05-25 10:00:00,7676.154167209119
2019-05-25 10:30:00,7562.662560896767
2019-05-25 11:00:00,7459.696487884503
2019-05-25 11:30:00,7372.649838599577
2019-05-25 12:00:00,7327.523004823401
2019-05-25 12:30:00,7296.426248407388
2019-05-25 13:00:00,7312.097666763923
2019-05-25 13:30:00,7370.049865545246
2019-05-25 14:00:00,7434.164590005439
2019-05-25 14:30:00,7455.065171245876
2019-05-25 15:00:00,7496.508757130386
2019-05-25 15:30:00,7548.680700244459
2019-05-25 16:00:00,7709.637770073814
2019-05-25 16:30:00,7833.446118593665
2019-05-25 17:00:00,8112.570064791065
2019-05-25 17:30:00,8401.952612650595
2019-05-25 18:00:00,8642.738263601534
2019-05-25 18:30:00,8535.221889869961
2019-05-25 19:00:00,8353.781231559966
2019-05-25 19:30:00,8178.623378225882
2019-05-25 20:00:00,8033.468720954923
2019-05-25 20:30:00,7941.343041992218
2019-05-25 21:00:00,7786.783440149469
2019-05-25 21:30:00,7672.3034937006605
2019-05-25 22:00:00,7510.504015513927
2019-05-25 22:30:00,7553.992762307382
2019-05-25 23:00:00,7399.0790336628415
2019-05-25 23:30:00,7383.400402401359
2019-05-26 00:00:00,7485.654112400466
2019-05-26 00:30:00,7321.166821094272
2019-05-26 01:00:00,7093.175751003465
2019-05-26 01:30:00,6892.4780072208805
2019-05-26 02:00:00,6646.670848759589
2019-05-26 02:30:00,6411.211906908319
2019-05-26 03:00:00,6167.7027994234795
2019-05-26 03:30:00,6042.670230886912
2019-05-26 04:00:00,5969.339661492842
2019-05-26 04:30:00,5960.855873923716
2019-05-26 05:00:00,6101.195859785934
2019-05-26 05:30:00,6230.198727899076
2019-05-26 06:00:00,6503.271397189266
2019-05-26 06:30:00,6740.555589470703
2019-05-26 07:00:00,7156.270205299873
2019-05-26 07:30:00,7413.298915090246
2019-05-26 08:00:00,7677.7331640343955
2019-05-26 08:30:00,7717.430825614039
2019-05-26 09:00:00,7716.877500482228
2019-05-26 09:30:00,7641.932923268785
2019-05-26 10:00:00,7484.260450892073
2019-05-26 10:30:00,7359.4956244593905
2019-05-26 11:00:00,7123.089409969206
2019-05-26 11:30:00,7010.975275274747
2019-05-26 12:00:00,6898.5491138815505
2019-05-26 12:30:00,6835.290869218115
2019-05-26 13:00:00,6755.368126273347
2019-05-26 13:30:00,6771.612299220057
2019-05-26 14:00:00,6819.315304205674
2019-05-26 14:30:00,6888.700388359812
2019-05-26 15:00:00,6996.665861244097
2019-05-26 15:30:00,7115.984702719639
2019-05-26 16:00:00,7266.6224032497
2019-05-26 16:30:00,7495.1407709314335
2019-05-26 17:00:00,7787.6662414442635
2019-05-26 17:30:00,8065.537062211409
2019-05-26 18:00:00,8357.601902810842
2019-05-26 18:30:00,8336.12346677183
2019-05-26 19:00:00,8169.387394513553
2019-05-26 19:30:00,8025.212966560492
2019-05-26 20:00:00,7859.826914747762
2019-05-26 20:30:00,7773.014340596927
2019-05-26 21:00:00,7602.643227347426
2019-05-26 21:30:00,7542.364137965137
2019-05-26 22:00:00,7398.985921162325
2019-05-26 22:30:00,7400.740034081129
2019-05-26 23:00:00,7242.244492063
2019-05-26 23:30:00,7206.924811238844
2019-05-27 00:00:00,7996.543036194315
2019-05-27 00:30:00,7925.932909677836
2019-05-27 01:00:00,7686.423053564887
2019-05-27 01:30:00,7542.492209700291
2019-05-27 02:00:00,7245.856090427398
2019-05-27 02:30:00,7066.236160434669
2019-05-27 03:00:00,6859.652849275202
2019-05-27 03:30:00,6746.171106051579
2019-05-27 04:00:00,6676.737071630928
2019-05-27 04:30:00,6655.408437755673
2019-05-27 05:00:00,6770.405314829089
2019-05-27 05:30:00,6857.953604284813
2019-05-27 06:00:00,7134.6517940742915
2019-05-27 06:30:00,7271.370695160869
2019-05-27 07:00:00,7630.596661543113
2019-05-27 07:30:00,7770.148525239419
2019-05-27 08:00:00,8099.639484169957
2019-05-27 08:30:00,8311.922542580907
2019-05-27 09:00:00,8452.528196059422
2019-05-27 09:30:00,8500.15641663631
2019-05-27 10:00:00,8369.462580748625
2019-05-27 10:30:00,8182.246185401584
2019-05-27 11:00:00,8022.627188784769
2019-05-27 11:30:00,7948.774773788397
2019-05-27 12:00:00,7771.2927247544385
2019-05-27 12:30:00,7676.485690091929
2019-05-27 13:00:00,7651.55881212786
2019-05-27 13:30:00,7633.100434336725
2019-05-27 14:00:00,7669.840331896699
2019-05-27 14:30:00,7738.600581756319
2019-05-27 15:00:00,7826.496952443113
2019-05-27 15:30:00,7955.256059400614
2019-05-27 16:00:00,8187.305346806967
2019-05-27 16:30:00,8466.014705546813
2019-05-27 17:00:00,8789.020961857066
2019-05-27 17:30:00,9141.108525808148
2019-05-27 18:00:00,9570.97474368968
2019-05-27 18:30:00,9607.047707115658
2019-05-27 19:00:00,9483.099332728541
2019-05-27 19:30:00,9347.16755828076
2019-05-27 20:00:00,9131.823768198381
2019-05-27 20:30:00,9056.119494731805
2019-05-27 21:00:00,8885.03484237949
2019-05-27 21:30:00,8745.716054404473
2019-05-27 22:00:00,8552.608743215336
2019-05-27 22:30:00,8547.089170722216
2019-05-27 23:00:00,8284.235447549247
2019-05-27 23:30:00,8178.668323704927
2019-05-28 00:00:00,7506.052498650606
2019-05-28 00:30:00,7383.945046969484
2019-05-28 01:00:00,7156.02575966849
2019-05-28 01:30:00,7030.72807611983
2019-05-28 02:00:00,6821.072077525639
2019-05-28 02:30:00,6629.549484212921
2019-05-28 03:00:00,6460.6179986621655
2019-05-28 03:30:00,6424.368447965216
2019-05-28 04:00:00,6392.580984969686
2019-05-28 04:30:00,6468.462490985681
2019-05-28 05:00:00,6641.433743042494
2019-05-28 05:30:00,6902.093227515744
2019-05-28 06:00:00,7362.521585949554
2019-05-28 06:30:00,7918.289658456705
2019-05-28 07:00:00,8586.654358042311
2019-05-28 07:30:00,8847.711837672923
2019-05-28 08:00:00,9083.563961718623
2019-05-28 08:30:00,9023.27879580712
2019-05-28 09:00:00,8886.70499141923
2019-05-28 09:30:00,8802.765123377132
2019-05-28 10:00:00,8669.776436179285
2019-05-28 10:30:00,8622.600249185458
2019-05-28 11:00:00,8482.641851241597
2019-05-28 11:30:00,8403.61183867042
2019-05-28 12:00:00,8411.906793664528
2019-05-28 12:30:00,8531.351456355582
2019-05-28 13:00:00,8681.103790102497
2019-05-28 13:30:00,8717.918882484675
2019-05-28 14:00:00,8724.351777359227
2019-05-28 14:30:00,8793.599372462953
2019-05-28 15:00:00,8787.790556725862
2019-05-28 15:30:00,8829.058039745134
2019-05-28 16:00:00,9057.683197217037
2019-05-28 16:30:00,9345.774174108
2019-05-28 17:00:00,9758.856823972606
2019-05-28 17:30:00,10268.501773482443
2019-05-28 18:00:00,10739.868550104535
2019-05-28 18:30:00,10774.994076360785
2019-05-28 19:00:00,10591.799305131986
2019-05-28 19:30:00,10388.01695630865
2019-05-28 20:00:00,10065.303967566659
2019-05-28 20:30:00,9868.775755044966
2019-05-28 21:00:00,9617.067287733602
2019-05-28 21:30:00,9409.920101585103
2019-05-28 22:00:00,9032.622529826014
2019-05-28 22:30:00,8939.424237756517
2019-05-28 23:00:00,8580.073913795113
2019-05-28 23:30:00,8453.838479098278
2019-05-29 00:00:00,8183.663956212774
2019-05-29 00:30:00,8000.878597646377
2019-05-29 01:00:00,7789.641399015639
2019-05-29 01:30:00,7624.814582815747
2019-05-29 02:00:00,7385.004010791683
2019-05-29 02:30:00,7113.720943786487
2019-05-29 03:00:00,6880.832791741799
2019-05-29 03:30:00,6739.349405510094
2019-05-29 04:00:00,6704.162615873982
2019-05-29 04:30:00,6745.356511357272
2019-05-29 05:00:00,6937.418211496672
2019-05-29 05:30:00,7279.260638962889
2019-05-29 06:00:00,7776.246033696543
2019-05-29 06:30:00,8410.311207628954
2019-05-29 07:00:00,9116.457808809571
2019-05-29 07:30:00,9421.00666232543
2019-05-29 08:00:00,9661.997285725374
2019-05-29 08:30:00,9514.326945048051
2019-05-29 09:00:00,9198.982257007312
2019-05-29 09:30:00,9010.856363243382
2019-05-29 10:00:00,8797.93259689543
2019-05-29 10:30:00,8639.476381341883
2019-05-29 11:00:00,8506.506359409128
2019-05-29 11:30:00,8404.253483901688
2019-05-29 12:00:00,8265.128918303872
2019-05-29 12:30:00,8225.944564729924
2019-05-29 13:00:00,8178.058134095514
2019-05-29 13:30:00,8187.65608301661
2019-05-29 14:00:00,8233.629778377292
2019-05-29 14:30:00,8305.346830248807
2019-05-29 15:00:00,8404.019389790272
2019-05-29 15:30:00,8517.289411149057
2019-05-29 16:00:00,8768.898924585168
2019-05-29 16:30:00,9065.30171067943
2019-05-29 17:00:00,9512.494116278165
2019-05-29 17:30:00,9999.297453057792
2019-05-29 18:00:00,10527.736165176148
2019-05-29 18:30:00,10547.76616915308
2019-05-29 19:00:00,10467.75151621272
2019-05-29 19:30:00,10284.99801986995
2019-05-29 20:00:00,9995.582856929426
2019-05-29 20:30:00,9851.504192714421
2019-05-29 21:00:00,9554.494218359958
2019-05-29 21:30:00,9307.653802469778
2019-05-29 22:00:00,8916.994626961447
2019-05-29 22:30:00,8817.632201926855
2019-05-29 23:00:00,8451.35477637698
2019-05-29 23:30:00,8361.996353763407
2019-05-30 00:00:00,8196.292733894072
2019-05-30 00:30:00,8091.029486160307
2019-05-30 01:00:00,7838.17033941146
2019-05-30 01:30:00,7675.412357730201
2019-05-30 02:00:00,7414.6640880584855
2019-05-30 02:30:00,7166.738745948168
2019-05-30 03:00:00,6895.8717335815945
2019-05-30 03:30:00,6752.516294490955
2019-05-30 04:00:00,6654.425725290247
2019-05-30 04:30:00,6688.294346960531
2019-05-30 05:00:00,6862.148489394193
2019-05-30 05:30:00,7082.248775767399
2019-05-30 06:00:00,7561.570800624096
2019-05-30 06:30:00,8140.740950430274
2019-05-30 07:00:00,8868.694021775878
2019-05-30 07:30:00,9150.26640060291
2019-05-30 08:00:00,9379.531593232285
2019-05-30 08:30:00,9256.417234704968
2019-05-30 09:00:00,9075.735103412695
2019-05-30 09:30:00,8907.833368193602
2019-05-30 10:00:00,8803.99316992506
2019-05-30 10:30:00,8711.131775657464
2019-05-30 11:00:00,8581.19232033976
2019-05-30 11:30:00,8440.550099172551
2019-05-30 12:00:00,8320.67366509646
2019-05-30 12:30:00,8274.316644032231
2019-05-30 13:00:00,8244.66700623539
2019-05-30 13:30:00,8248.11068528012
2019-05-30 14:00:00,8234.976295195154
2019-05-30 14:30:00,8241.686420735195
2019-05-30 15:00:00,8336.216702334257
2019-05-30 15:30:00,8454.735926990481
2019-05-30 16:00:00,8746.134433906329
2019-05-30 16:30:00,8998.138152444622
2019-05-30 17:00:00,9373.283667299696
2019-05-30 17:30:00,9816.286162777835
2019-05-30 18:00:00,10240.939471423513
2019-05-30 18:30:00,10236.90807449148
2019-05-30 19:00:00,10174.212834696418
2019-05-30 19:30:00,10013.83840913362
2019-05-30 20:00:00,9766.054880332758
2019-05-30 20:30:00,9691.541159913102
2019-05-30 21:00:00,9459.688091121046
2019-05-30 21:30:00,9269.980885149767
2019-05-30 22:00:00,8930.032730512907
2019-05-30 22:30:00,8822.285085806214
2019-05-30 23:00:00,8581.601161572997
2019-05-30 23:30:00,8442.397686446315
2019-05-31 00:00:00,8172.963397470193
2019-05-31 00:30:00,8032.525193959616
2019-05-31 01:00:00,7781.6709802149735
2019-05-31 01:30:00,7661.440013230748
2019-05-31 02:00:00,7362.051577813864
2019-05-31 02:30:00,7168.16760458476
2019-05-31 03:00:00,6918.132840106231
2019-05-31 03:30:00,6835.194624726739
2019-05-31 04:00:00,6752.703199789494
2019-05-31 04:30:00,6791.080877614366
2019-05-31 05:00:00,6977.061895413379
2019-05-31 05:30:00,7277.436608763208
2019-05-31 06:00:00,7780.7262526041595
2019-05-31 06:30:00,8354.207301576005
2019-05-31 07:00:00,9235.09438889024
2019-05-31 07:30:00,9606.792767859364
2019-05-31 08:00:00,9885.917307928537
2019-05-31 08:30:00,9682.255349069948
2019-05-31 09:00:00,9436.654819187323
2019-05-31 09:30:00,9260.862268469993
2019-05-31 10:00:00,9045.44686915218
2019-05-31 10:30:00,8890.040769323967
2019-05-31 11:00:00,8701.216618260352
2019-05-31 11:30:00,8539.931871935041
2019-05-31 12:00:00,8397.189021834869
2019-05-31 12:30:00,8337.192791828782
2019-05-31 13:00:00,8285.783840430073
2019-05-31 13:30:00,8276.252243048024
2019-05-31 14:00:00,8261.518796391598
2019-05-31 14:30:00,8282.99017350085
2019-05-31 15:00:00,8385.121352292186
2019-05-31 15:30:00,8494.750912946542
2019-05-31 16:00:00,8788.628739718904
2019-05-31 16:30:00,9118.29731232383
2019-05-31 17:00:00,9646.17019839911
2019-05-31 17:30:00,10203.249390985105
2019-05-31 18:00:00,10775.900075021284
2019-05-31 18:30:00,10826.089261333229
2019-05-31 19:00:00,10815.509122067568
2019-05-31 19:30:00,10734.42276515828
2019-05-31 20:00:00,10499.629452989338
2019-05-31 20:30:00,10461.539888724257
2019-05-31 21:00:00,10188.832449342608
2019-05-31 21:30:00,9906.529609394274
2019-05-31 22:00:00,9529.35260466711
2019-05-31 22:30:00,9378.16762450087
2019-05-31 23:00:00,8999.552246999256
2019-05-31 23:30:00,8820.121862669292
2019-06-01 00:00:00,8149.002527206957
2019-06-01 00:30:00,7999.6478745872955
2019-06-01 01:00:00,7792.590070306178
2019-06-01 01:30:00,7615.958981616146
2019-06-01 02:00:00,7327.68870997225
2019-06-01 02:30:00,7083.440944973577
2019-06-01 03:00:00,6807.873348976304
2019-06-01 03:30:00,6663.698921023243
2019-06-01 04:00:00,6574.232255533865
2019-06-01 04:30:00,6612.405270423655
2019-06-01 05:00:00,6840.945165143329
2019-06-01 05:30:00,7128.795007970446
2019-06-01 06:00:00,7668.69129469898
2019-06-01 06:30:00,8291.241937380035
2019-06-01 07:00:00,9081.441914704916
2019-06-01 07:30:00,9468.403185414048
2019-06-01 08:00:00,9793.635908275397
2019-06-01 08:30:00,9643.953398596936
2019-06-01 09:00:00,9413.574035141966
2019-06-01 09:30:00,9173.396765295885
2019-06-01 10:00:00,8947.428743890314
2019-06-01 10:30:00,8781.809546868037
2019-06-01 11:00:00,8559.44643593911
2019-06-01 11:30:00,8323.519520886837
2019-06-01 12:00:00,8149.075274464864
2019-06-01 12:30:00,8028.044690661321
2019-06-01 13:00:00,7940.009547264749
2019-06-01 13:30:00,7911.47620660841
2019-06-01 14:00:00,7900.833449493307
2019-06-01 14:30:00,7942.354379689772
2019-06-01 15:00:00,8041.752791447398
2019-06-01 15:30:00,8096.83934304974
2019-06-01 16:00:00,8333.333139817803
2019-06-01 16:30:00,8614.39401538531
2019-06-01 17:00:00,9083.894531319831
2019-06-01 17:30:00,9539.44489586838
2019-06-01 18:00:00,9954.091575001248
2019-06-01 18:30:00,9962.481403578488
2019-06-01 19:00:00,9840.567197327407
2019-06-01 19:30:00,9777.939218209254
2019-06-01 20:00:00,9526.896478910014
2019-06-01 20:30:00,9448.107600402685
2019-06-01 21:00:00,9212.992694020455
2019-06-01 21:30:00,9107.18082661995
2019-06-01 22:00:00,8805.285119840955
2019-06-01 22:30:00,8750.284645955117
2019-06-01 23:00:00,8426.25400281787
2019-06-01 23:30:00,8316.808910709868
2019-06-02 00:00:00,8337.007436500482
2019-06-02 00:30:00,8147.189349518831
2019-06-02 01:00:00,7846.219714065401
2019-06-02 01:30:00,7659.911834734703
2019-06-02 02:00:00,7358.511230316682
2019-06-02 02:30:00,7134.871501160691
2019-06-02 03:00:00,6843.049869127981
2019-06-02 03:30:00,6743.033374667039
2019-06-02 04:00:00,6607.0304737506685
2019-06-02 04:30:00,6609.379540553709
2019-06-02 05:00:00,6712.572145136986
2019-06-02 05:30:00,6827.037796659104
2019-06-02 06:00:00,7164.566322589408
2019-06-02 06:30:00,7395.287564402764
2019-06-02 07:00:00,7879.452962675315
2019-06-02 07:30:00,8232.727453168724
2019-06-02 08:00:00,8620.71660345553
2019-06-02 08:30:00,8721.222424973925
2019-06-02 09:00:00,8746.481986578088
2019-06-02 09:30:00,8686.613382533684
2019-06-02 10:00:00,8513.021144831642
2019-06-02 10:30:00,8300.587461911311
2019-06-02 11:00:00,8120.960637519639
2019-06-02 11:30:00,8028.546844997143
2019-06-02 12:00:00,7909.912375301879
2019-06-02 12:30:00,7872.282725895243
2019-06-02 13:00:00,7812.141793933802
2019-06-02 13:30:00,7838.7099450849455
2019-06-02 14:00:00,7796.5377700138715
2019-06-02 14:30:00,7794.077999267635
2019-06-02 15:00:00,7830.719983599802
2019-06-02 15:30:00,7997.123680169079
2019-06-02 16:00:00,8188.807924043293
2019-06-02 16:30:00,8468.929243716453
2019-06-02 17:00:00,8854.560852053062
2019-06-02 17:30:00,9212.221381644518
2019-06-02 18:00:00,9503.338785074222
2019-06-02 18:30:00,9480.829461240774
2019-06-02 19:00:00,9323.745376329292
2019-06-02 19:30:00,9189.76186936822
2019-06-02 20:00:00,8940.883728325667
2019-06-02 20:30:00,8871.565172777753
2019-06-02 21:00:00,8674.094856007301
2019-06-02 21:30:00,8540.91539770351
2019-06-02 22:00:00,8367.518114707887
2019-06-02 22:30:00,8350.292660554478
2019-06-02 23:00:00,8169.7158473377185
2019-06-02 23:30:00,8055.956498921481
2019-06-03 00:00:00,8854.389675373044
2019-06-03 00:30:00,8618.211940235371
2019-06-03 01:00:00,8343.306011603316
2019-06-03 01:30:00,8162.2350224567135
2019-06-03 02:00:00,7907.07810806793
2019-06-03 02:30:00,7717.602173071771
2019-06-03 03:00:00,7482.451031940545
2019-06-03 03:30:00,7391.604433765883
2019-06-03 04:00:00,7312.68776327247
2019-06-03 04:30:00,7328.801683165704
2019-06-03 05:00:00,7423.431658460286
2019-06-03 05:30:00,7515.208126507741
2019-06-03 06:00:00,7785.110113040675
2019-06-03 06:30:00,7991.71854261116
2019-06-03 07:00:00,8378.646370606797
2019-06-03 07:30:00,8613.495418368691
2019-06-03 08:00:00,9000.389956413808
2019-06-03 08:30:00,9161.836818016223
2019-06-03 09:00:00,9245.572571841758
2019-06-03 09:30:00,9196.698937446623
2019-06-03 10:00:00,9134.389355396095
2019-06-03 10:30:00,9044.892798453662
2019-06-03 11:00:00,8905.396942460042
2019-06-03 11:30:00,8793.029360588389
2019-06-03 12:00:00,8648.990507681689
2019-06-03 12:30:00,8574.306613642371
2019-06-03 13:00:00,8564.118811045439
2019-06-03 13:30:00,8602.484175756965
2019-06-03 14:00:00,8680.16189453124
2019-06-03 14:30:00,8719.454324956589
2019-06-03 15:00:00,8831.530213559654
2019-06-03 15:30:00,8904.767480283059
2019-06-03 16:00:00,9154.467824453024
2019-06-03 16:30:00,9342.635443529309
2019-06-03 17:00:00,9744.799338372419
2019-06-03 17:30:00,10123.01368831368
2019-06-03 18:00:00,10500.953528982947
2019-06-03 18:30:00,10517.761438868718
2019-06-03 19:00:00,10350.90217248672
2019-06-03 19:30:00,10208.383466622614
2019-06-03 20:00:00,9964.636766004549
2019-06-03 20:30:00,9883.034296930595
2019-06-03 21:00:00,9700.098392592197
2019-06-03 21:30:00,9497.039268893226
2019-06-03 22:00:00,9230.465870030182
2019-06-03 22:30:00,9092.53178966999
2019-06-03 23:00:00,8821.570920228809
2019-06-03 23:30:00,8735.252927319014
2019-06-04 00:00:00,8041.381570185974
2019-06-04 00:30:00,7824.75945217292
2019-06-04 01:00:00,7587.46823274236
2019-06-04 01:30:00,7457.884882738848
2019-06-04 02:00:00,7202.391070548163
2019-06-04 02:30:00,7069.858622740962
2019-06-04 03:00:00,6839.808864556768
2019-06-04 03:30:00,6769.412441718472
2019-06-04 04:00:00,6711.585898128261
2019-06-04 04:30:00,6776.565571141247
2019-06-04 05:00:00,6948.311780835718
2019-06-04 05:30:00,7240.195647686663
2019-06-04 06:00:00,7760.664588530707
2019-06-04 06:30:00,8273.654826255426
2019-06-04 07:00:00,9019.753535605681
2019-06-04 07:30:00,9361.290282215174
2019-06-04 08:00:00,9723.978694303984
2019-06-04 08:30:00,9702.320398623759
2019-06-04 09:00:00,9492.627090385415
2019-06-04 09:30:00,9367.018471796442
2019-06-04 10:00:00,9211.481362544586
2019-06-04 10:30:00,9112.593324362306
2019-06-04 11:00:00,8990.261825166637
2019-06-04 11:30:00,8929.928697358648
2019-06-04 12:00:00,8898.293897452366
2019-06-04 12:30:00,8933.269621544861
2019-06-04 13:00:00,8943.03759011043
2019-06-04 13:30:00,8922.631590111037
2019-06-04 14:00:00,8899.800860275125
2019-06-04 14:30:00,8946.984106198708
2019-06-04 15:00:00,8948.195528696348
2019-06-04 15:30:00,9041.29805702779
2019-06-04 16:00:00,9310.108398390621
2019-06-04 16:30:00,9602.100519160142
2019-06-04 17:00:00,10128.030391932301
2019-06-04 17:30:00,10668.014206351188
2019-06-04 18:00:00,11110.006477252444
2019-06-04 18:30:00,11116.994853263548
2019-06-04 19:00:00,11053.53203593997
2019-06-04 19:30:00,10847.28005328167
2019-06-04 20:00:00,10549.600060633791
2019-06-04 20:30:00,10443.835172729228
2019-06-04 21:00:00,10162.491516522901
2019-06-04 21:30:00,9964.253543486553
2019-06-04 22:00:00,9612.200689686417
2019-06-04 22:30:00,9478.500042101547
2019-06-04 23:00:00,9117.1942146565
2019-06-04 23:30:00,9006.009949834835
2019-06-05 00:00:00,8610.993113939841
2019-06-05 00:30:00,8432.981926540124
2019-06-05 01:00:00,8202.43794905682
2019-06-05 01:30:00,8060.361590754224
2019-06-05 02:00:00,7743.695467504399
2019-06-05 02:30:00,7528.711504283365
2019-06-05 03:00:00,7249.043355656042
2019-06-05 03:30:00,7132.6125146287295
2019-06-05 04:00:00,7060.937667323616
2019-06-05 04:30:00,7074.223056445085
2019-06-05 05:00:00,7248.304038015904
2019-06-05 05:30:00,7551.21491380692
2019-06-05 06:00:00,8073.115364694558
2019-06-05 06:30:00,8722.767837988358
2019-06-05 07:00:00,9535.94691709386
2019-06-05 07:30:00,9950.007391323943
2019-06-05 08:00:00,10335.738806707803
2019-06-05 08:30:00,10322.158245096785
2019-06-05 09:00:00,10282.730856152892
2019-06-05 09:30:00,10206.43098352363
2019-06-05 10:00:00,10138.904060399289
2019-06-05 10:30:00,10059.871420736317
2019-06-05 11:00:00,9977.794261129593
2019-06-05 11:30:00,9878.727008584548
2019-06-05 12:00:00,9753.795525778922
2019-06-05 12:30:00,9741.137598043764
2019-06-05 13:00:00,9669.844012993914
2019-06-05 13:30:00,9679.65829268499
2019-06-05 14:00:00,9574.614377340122
2019-06-05 14:30:00,9568.974237815077
2019-06-05 15:00:00,9627.838254766526
2019-06-05 15:30:00,9762.970589462167
2019-06-05 16:00:00,10001.129794340737
2019-06-05 16:30:00,10234.512842743618
2019-06-05 17:00:00,10701.771723448051
2019-06-05 17:30:00,11195.947136469451
2019-06-05 18:00:00,11664.308149770357
2019-06-05 18:30:00,11668.760540407451
2019-06-05 19:00:00,11602.225431156467
2019-06-05 19:30:00,11338.181560247775
2019-06-05 20:00:00,11072.259629439195
2019-06-05 20:30:00,10861.01451775244
2019-06-05 21:00:00,10511.800738060276
2019-06-05 21:30:00,10204.54835264254
2019-06-05 22:00:00,9827.292506195805
2019-06-05 22:30:00,9636.217514628186
2019-06-05 23:00:00,9248.255008290875
2019-06-05 23:30:00,9063.28024817392
2019-06-06 00:00:00,8863.273599948101
2019-06-06 00:30:00,8690.696084392177
2019-06-06 01:00:00,8382.91530547706
2019-06-06 01:30:00,8199.283527662577
2019-06-06 02:00:00,7914.628913429242
2019-06-06 02:30:00,7645.4316029611655
2019-06-06 03:00:00,7354.254354333252
2019-06-06 03:30:00,7215.314189472491
2019-06-06 04:00:00,7116.023381203309
2019-06-06 04:30:00,7177.81282234876
2019-06-06 05:00:00,7335.2356961975665
2019-06-06 05:30:00,7639.228871116926
2019-06-06 06:00:00,8151.24588661547
2019-06-06 06:30:00,8754.379046500764
2019-06-06 07:00:00,9595.875135492626
2019-06-06 07:30:00,10001.247981564127
2019-06-06 08:00:00,10418.62938193588
2019-06-06 08:30:00,10397.214670344121
2019-06-06 09:00:00,10231.574022905468
2019-06-06 09:30:00,10136.068389345284
2019-06-06 10:00:00,10112.028408268228
2019-06-06 10:30:00,10049.988147037378
2019-06-06 11:00:00,9952.222493080442
2019-06-06 11:30:00,9714.519934185739
2019-06-06 12:00:00,9436.088248447802
2019-06-06 12:30:00,9245.175372157286
2019-06-06 13:00:00,9082.79848670689
2019-06-06 13:30:00,9085.85385661581
2019-06-06 14:00:00,9088.83338642408
2019-06-06 14:30:00,9116.928811356871
2019-06-06 15:00:00,9158.95748803689
2019-06-06 15:30:00,9217.578873516877
2019-06-06 16:00:00,9473.73128714455
2019-06-06 16:30:00,9759.03283148431
2019-06-06 17:00:00,10274.46412059441
2019-06-06 17:30:00,10877.28518597167
2019-06-06 18:00:00,11335.31253504659
2019-06-06 18:30:00,11329.682081543098
2019-06-06 19:00:00,11178.115119100119
2019-06-06 19:30:00,10963.552149584146
2019-06-06 20:00:00,10719.126399178687
2019-06-06 20:30:00,10597.40002063644
2019-06-06 21:00:00,10289.247079215122
2019-06-06 21:30:00,10048.816362191848
2019-06-06 22:00:00,9748.583613498742
2019-06-06 22:30:00,9612.905286228153
2019-06-06 23:00:00,9253.675529298675
2019-06-06 23:30:00,9047.689483998089
2019-06-07 00:00:00,8783.406263056038
2019-06-07 00:30:00,8640.862753898064
2019-06-07 01:00:00,8350.989106015546
2019-06-07 01:30:00,8201.853411257658
2019-06-07 02:00:00,7928.875443552781
2019-06-07 02:30:00,7728.281344783634
2019-06-07 03:00:00,7476.898343819044
2019-06-07 03:30:00,7371.293121166966
2019-06-07 04:00:00,7287.6758670428535
2019-06-07 04:30:00,7264.160458708837
2019-06-07 05:00:00,7485.717231600995
2019-06-07 05:30:00,7792.4385646489245
2019-06-07 06:00:00,8326.980021253234
2019-06-07 06:30:00,8960.909510881404
2019-06-07 07:00:00,9809.728246594477
2019-06-07 07:30:00,10284.692644501367
2019-06-07 08:00:00,10552.880862252114
2019-06-07 08:30:00,10347.639395932343
2019-06-07 09:00:00,10067.097631272643
2019-06-07 09:30:00,9813.866243280214
2019-06-07 10:00:00,9539.905673110188
2019-06-07 10:30:00,9336.541513832939
2019-06-07 11:00:00,9092.933219653467
2019-06-07 11:30:00,8878.391603993943
2019-06-07 12:00:00,8662.032864056107
2019-06-07 12:30:00,8566.372174148579
2019-06-07 13:00:00,8484.73768887581
2019-06-07 13:30:00,8483.689879062887
2019-06-07 14:00:00,8464.433081325182
2019-06-07 14:30:00,8481.813768893113
2019-06-07 15:00:00,8536.97079653391
2019-06-07 15:30:00,8683.145080374761
2019-06-07 16:00:00,8922.52670052388
2019-06-07 16:30:00,9232.6227339857
2019-06-07 17:00:00,9731.701596230512
2019-06-07 17:30:00,10341.481802487046
2019-06-07 18:00:00,10919.470571696136
2019-06-07 18:30:00,11005.806308970043
2019-06-07 19:00:00,10973.34628907059
2019-06-07 19:30:00,10785.798250105236
2019-06-07 20:00:00,10572.731744036086
2019-06-07 20:30:00,10415.63345099015
2019-06-07 21:00:00,10155.067181900542
2019-06-07 21:30:00,9895.671838010196
2019-06-07 22:00:00,9559.10083381184
2019-06-07 22:30:00,9434.680786456445
2019-06-07 23:00:00,9072.614617479818
2019-06-07 23:30:00,8922.015373387534
2019-06-08 00:00:00,8062.898107965862
2019-06-08 00:30:00,7950.754738139572
2019-06-08 01:00:00,7678.296267140406
2019-06-08 01:30:00,7516.33527518667
2019-06-08 02:00:00,7220.813317265746
2019-06-08 02:30:00,6990.578775418049
2019-06-08 03:00:00,6710.027736413876
2019-06-08 03:30:00,6585.826646920252
2019-06-08 04:00:00,6490.5744715800365
2019-06-08 04:30:00,6511.467816823539
2019-06-08 05:00:00,6702.840781153992
2019-06-08 05:30:00,6987.1610442870515
2019-06-08 06:00:00,7476.789302984072
2019-06-08 06:30:00,8049.906200835528
2019-06-08 07:00:00,8803.644728531443
2019-06-08 07:30:00,9190.864055322909
2019-06-08 08:00:00,9532.698220388775
2019-06-08 08:30:00,9449.668673109192
2019-06-08 09:00:00,9359.72506314018
2019-06-08 09:30:00,9187.408230758385
2019-06-08 10:00:00,9034.13148350127
2019-06-08 10:30:00,8886.154302499503
2019-06-08 11:00:00,8709.653808460938
2019-06-08 11:30:00,8554.545508214065
2019-06-08 12:00:00,8449.862987247143
2019-06-08 12:30:00,8345.762862174637
2019-06-08 13:00:00,8308.35989792997
2019-06-08 13:30:00,8263.690461178323
2019-06-08 14:00:00,8233.465301831386
2019-06-08 14:30:00,8185.425773570988
2019-06-08 15:00:00,8238.378459456088
2019-06-08 15:30:00,8303.481326592793
2019-06-08 16:00:00,8500.891787708555
2019-06-08 16:30:00,8787.13288794266
2019-06-08 17:00:00,9192.44266224916
2019-06-08 17:30:00,9581.108616356534
2019-06-08 18:00:00,9888.416154307248
2019-06-08 18:30:00,9793.808528396232
2019-06-08 19:00:00,9672.014889177075
2019-06-08 19:30:00,9485.488051984605
2019-06-08 20:00:00,9249.410404844031
2019-06-08 20:30:00,9138.469901178009
2019-06-08 21:00:00,8866.328003481587
2019-06-08 21:30:00,8733.640499327043
2019-06-08 22:00:00,8451.956637979538
2019-06-08 22:30:00,8491.896255968655
2019-06-08 23:00:00,8219.230880196405
2019-06-08 23:30:00,8109.581770431771
2019-06-09 00:00:00,8177.590637396582
2019-06-09 00:30:00,8039.3319723478335
2019-06-09 01:00:00,7782.047865347557
2019-06-09 01:30:00,7542.326078521957
2019-06-09 02:00:00,7255.278222148609
2019-06-09 02:30:00,6987.810221305467
2019-06-09 03:00:00,6682.2334222041145
2019-06-09 03:30:00,6580.913043661262
2019-06-09 04:00:00,6469.352793859908
2019-06-09 04:30:00,6429.115376289449
2019-06-09 05:00:00,6504.416396529391
2019-06-09 05:30:00,6568.9829571127
2019-06-09 06:00:00,6847.626787297093
2019-06-09 06:30:00,7148.737215951811
2019-06-09 07:00:00,7567.686416052667
2019-06-09 07:30:00,7896.073280777754
2019-06-09 08:00:00,8344.762514151911
2019-06-09 08:30:00,8624.367076381954
2019-06-09 09:00:00,8855.017906469644
2019-06-09 09:30:00,8990.347022824983
2019-06-09 10:00:00,9010.304664709114
2019-06-09 10:30:00,8973.265360281574
2019-06-09 11:00:00,8857.142346455148
2019-06-09 11:30:00,8817.404764309318
2019-06-09 12:00:00,8770.125822456976
2019-06-09 12:30:00,8771.55733250057
2019-06-09 13:00:00,8721.363560375474
2019-06-09 13:30:00,8672.089303731182
2019-06-09 14:00:00,8620.579862913139
2019-06-09 14:30:00,8571.930440563365
2019-06-09 15:00:00,8502.912986750576
2019-06-09 15:30:00,8626.514045243552
2019-06-09 16:00:00,8805.296777294141
2019-06-09 16:30:00,8980.390729113795
2019-06-09 17:00:00,9296.187024459376
2019-06-09 17:30:00,9525.732830498127
2019-06-09 18:00:00,9766.557579669625
2019-06-09 18:30:00,9711.08009183968
2019-06-09 19:00:00,9556.876126101048
2019-06-09 19:30:00,9355.627780838375
2019-06-09 20:00:00,9148.629643996264
2019-06-09 20:30:00,8996.202699449197
2019-06-09 21:00:00,8783.75217324776
2019-06-09 21:30:00,8642.047202062487
2019-06-09 22:00:00,8451.495425357643
2019-06-09 22:30:00,8370.278638327703
2019-06-09 23:00:00,8146.9878918429395
2019-06-09 23:30:00,8008.170744038721
2019-06-10 00:00:00,8206.62539088891
2019-06-10 00:30:00,7969.087751430279
2019-06-10 01:00:00,7723.455487664591
2019-06-10 01:30:00,7482.454620050949
2019-06-10 02:00:00,7185.250332001034
2019-06-10 02:30:00,7005.667518415519
2019-06-10 03:00:00,6753.145552805091
2019-06-10 03:30:00,6673.473783920911
2019-06-10 04:00:00,6607.308823087365
2019-06-10 04:30:00,6587.665323500073
2019-06-10 05:00:00,6709.5104604423905
2019-06-10 05:30:00,6789.229208822514
2019-06-10 06:00:00,7040.776462577749
2019-06-10 06:30:00,7259.575491960837
2019-06-10 07:00:00,7673.376506685896
2019-06-10 07:30:00,7920.450820642988
2019-06-10 08:00:00,8310.742058236894
2019-06-10 08:30:00,8436.499656643997
2019-06-10 09:00:00,8521.991328134507
2019-06-10 09:30:00,8474.013074296745
2019-06-10 10:00:00,8346.175199566489
2019-06-10 10:30:00,8222.571513981718
2019-06-10 11:00:00,7980.953212601309
2019-06-10 11:30:00,7848.887915649487
2019-06-10 12:00:00,7671.506884537172
2019-06-10 12:30:00,7553.314694594122
2019-06-10 13:00:00,7517.788392113526
2019-06-10 13:30:00,7513.370490791854
2019-06-10 14:00:00,7509.4404863085865
2019-06-10 14:30:00,7557.255802523621
2019-06-10 15:00:00,7662.945973208023
2019-06-10 15:30:00,7804.98323329006
2019-06-10 16:00:00,8082.55035850949
2019-06-10 16:30:00,8304.439424184096
2019-06-10 17:00:00,8652.874866999653
2019-06-10 17:30:00,8994.298927852606
2019-06-10 18:00:00,9347.798744498652
2019-06-10 18:30:00,9389.782393712532
2019-06-10 19:00:00,9289.051628078088
2019-06-10 19:30:00,9149.533431351578
2019-06-10 20:00:00,8965.728745246723
2019-06-10 20:30:00,8915.88631982541
2019-06-10 21:00:00,8716.848808707124
2019-06-10 21:30:00,8612.773486928487
2019-06-10 22:00:00,8428.181825532103
2019-06-10 22:30:00,8348.012848315087
2019-06-10 23:00:00,8116.904873868069
2019-06-10 23:30:00,8066.172322072971
2019-06-11 00:00:00,8007.157121779955
2019-06-11 00:30:00,7830.348800540505
2019-06-11 01:00:00,7524.599739736806
2019-06-11 01:30:00,7379.724085794277
2019-06-11 02:00:00,7100.262009340888
2019-06-11 02:30:00,6918.4897942048165
2019-06-11 03:00:00,6682.1605902071915
2019-06-11 03:30:00,6605.450409307223
2019-06-11 04:00:00,6516.281543399187
2019-06-11 04:30:00,6517.604976591379
2019-06-11 05:00:00,6606.73031959798
2019-06-11 05:30:00,6707.285747704112
2019-06-11 06:00:00,7023.812674472334
2019-06-11 06:30:00,7221.384087901811
2019-06-11 07:00:00,7628.836501115422
2019-06-11 07:30:00,7742.133130514244
2019-06-11 08:00:00,8026.767557054987
2019-06-11 08:30:00,8115.188228520385
2019-06-11 09:00:00,8217.650102240941
2019-06-11 09:30:00,8240.842907699747
2019-06-11 10:00:00,8181.307817995285
2019-06-11 10:30:00,8236.320604994471
2019-06-11 11:00:00,8090.9037319129475
2019-06-11 11:30:00,7994.3353483347
2019-06-11 12:00:00,7880.30569853208
2019-06-11 12:30:00,7898.2075753810905
2019-06-11 13:00:00,7892.019307492565
2019-06-11 13:30:00,7855.929422048099
2019-06-11 14:00:00,7823.011239166461
2019-06-11 14:30:00,7816.283546329484
2019-06-11 15:00:00,7838.37600095728
2019-06-11 15:30:00,7977.303852704694
2019-06-11 16:00:00,8172.987631287313
2019-06-11 16:30:00,8361.093975940963
2019-06-11 17:00:00,8780.365562064531
2019-06-11 17:30:00,9225.803024995035
2019-06-11 18:00:00,9597.96704183502
2019-06-11 18:30:00,9567.953406892975
2019-06-11 19:00:00,9449.305647137206
2019-06-11 19:30:00,9312.378296556031
2019-06-11 20:00:00,9103.353695786092
2019-06-11 20:30:00,8993.58419605671
2019-06-11 21:00:00,8797.764347191625
2019-06-11 21:30:00,8642.582459408772
2019-06-11 22:00:00,8473.359316579183
2019-06-11 22:30:00,8431.961580506435
2019-06-11 23:00:00,8247.94371533674
2019-06-11 23:30:00,8178.743099728955
2019-06-12 00:00:00,7928.985630703919
2019-06-12 00:30:00,7851.694790846405
2019-06-12 01:00:00,7630.323336741175
2019-06-12 01:30:00,7476.659036718418
2019-06-12 02:00:00,7220.990619070108
2019-06-12 02:30:00,7019.269868768469
2019-06-12 03:00:00,6803.422879398015
2019-06-12 03:30:00,6720.164688235105
2019-06-12 04:00:00,6664.805151388064
2019-06-12 04:30:00,6670.711228270824
2019-06-12 05:00:00,6843.463522465864
2019-06-12 05:30:00,7109.28105540364
2019-06-12 06:00:00,7639.724586469692
2019-06-12 06:30:00,8209.601645865876
2019-06-12 07:00:00,8944.031589963055
2019-06-12 07:30:00,9279.780199629917
2019-06-12 08:00:00,9520.979917802906
2019-06-12 08:30:00,9358.8310078654
2019-06-12 09:00:00,9137.1882338783
2019-06-12 09:30:00,8957.21628881135
2019-06-12 10:00:00,8796.227940418767
2019-06-12 10:30:00,8638.854023993563
2019-06-12 11:00:00,8485.288279331471
2019-06-12 11:30:00,8305.008848661628
2019-06-12 12:00:00,8152.854968211331
2019-06-12 12:30:00,8065.169189705196
2019-06-12 13:00:00,8072.686659364751
2019-06-12 13:30:00,8048.462966111508
2019-06-12 14:00:00,8081.604128279407
2019-06-12 14:30:00,8102.900899931035
2019-06-12 15:00:00,8166.777595021218
2019-06-12 15:30:00,8272.154173789972
2019-06-12 16:00:00,8543.185778926985
2019-06-12 16:30:00,8716.13993578382
2019-06-12 17:00:00,9100.637833658182
2019-06-12 17:30:00,9528.70004027152
2019-06-12 18:00:00,10001.919320642264
2019-06-12 18:30:00,9983.41478570081
2019-06-12 19:00:00,9883.756456105984
2019-06-12 19:30:00,9757.840997192565
2019-06-12 20:00:00,9521.795389342795
2019-06-12 20:30:00,9403.446161239055
2019-06-12 21:00:00,9189.389519536402
2019-06-12 21:30:00,9044.85339048757
2019-06-12 22:00:00,8756.929181547195
2019-06-12 22:30:00,8699.828010919098
2019-06-12 23:00:00,8416.870696233216
2019-06-12 23:30:00,8353.433414274195
2019-06-13 00:00:00,8220.987160503391
2019-06-13 00:30:00,8089.256779540128
2019-06-13 01:00:00,7832.363608767454
2019-06-13 01:30:00,7688.265395442168
2019-06-13 02:00:00,7393.729972911534
2019-06-13 02:30:00,7181.894516245682
2019-06-13 03:00:00,6899.287132903399
2019-06-13 03:30:00,6772.889405862285
2019-06-13 04:00:00,6691.684942988465
2019-06-13 04:30:00,6713.616412023339
2019-06-13 05:00:00,6900.340204057
2019-06-13 05:30:00,7146.516687432101
2019-06-13 06:00:00,7698.689651689741
2019-06-13 06:30:00,8269.94680979561
2019-06-13 07:00:00,9042.419515729105
2019-06-13 07:30:00,9325.06170350396
2019-06-13 08:00:00,9567.845538043268
2019-06-13 08:30:00,9495.827882431438
2019-06-13 09:00:00,9294.601616810913
2019-06-13 09:30:00,9124.999807098715
2019-06-13 10:00:00,9006.752822359798
2019-06-13 10:30:00,8800.904089042446
2019-06-13 11:00:00,8708.52512743336
2019-06-13 11:30:00,8502.051559821492
2019-06-13 12:00:00,8394.41468686729
2019-06-13 12:30:00,8354.052270426944
2019-06-13 13:00:00,8292.144735366177
2019-06-13 13:30:00,8362.592569538378
2019-06-13 14:00:00,8292.164659003578
2019-06-13 14:30:00,8246.169161967946
2019-06-13 15:00:00,8343.186644698904
2019-06-13 15:30:00,8389.074064883136
2019-06-13 16:00:00,8559.683122059289
2019-06-13 16:30:00,8800.755772462742
2019-06-13 17:00:00,9119.954021540698
2019-06-13 17:30:00,9560.442707846898
2019-06-13 18:00:00,9927.857356814071
2019-06-13 18:30:00,9860.095310179637
2019-06-13 19:00:00,9713.995686550246
2019-06-13 19:30:00,9549.139635218522
2019-06-13 20:00:00,9347.954438612913
2019-06-13 20:30:00,9228.729556129256
2019-06-13 21:00:00,8970.72670279932
2019-06-13 21:30:00,8775.799351595257
2019-06-13 22:00:00,8477.383794989759
2019-06-13 22:30:00,8492.804547236085
2019-06-13 23:00:00,8206.132361964168
2019-06-13 23:30:00,8163.02288356342
2019-06-14 00:00:00,7923.29765651814
2019-06-14 00:30:00,7805.076231443257
2019-06-14 01:00:00,7527.510300967847
2019-06-14 01:30:00,7392.535004432896
2019-06-14 02:00:00,7109.8038543924
2019-06-14 02:30:00,6882.403097500057
2019-06-14 03:00:00,6567.422504045511
2019-06-14 03:30:00,6451.692711940492
2019-06-14 04:00:00,6380.546289913391
2019-06-14 04:30:00,6380.8981279204345
2019-06-14 05:00:00,6566.396877591752
2019-06-14 05:30:00,6816.297272295992
2019-06-14 06:00:00,7287.792383168883
2019-06-14 06:30:00,7832.093080987798
2019-06-14 07:00:00,8531.40998900925
2019-06-14 07:30:00,8703.23141780438
2019-06-14 08:00:00,8939.228912175871
2019-06-14 08:30:00,8931.55705453941
2019-06-14 09:00:00,8845.35492319647
2019-06-14 09:30:00,8722.243191760948
2019-06-14 10:00:00,8648.449313003699
2019-06-14 10:30:00,8599.831929944728
2019-06-14 11:00:00,8409.590386697037
2019-06-14 11:30:00,8352.110592954681
2019-06-14 12:00:00,8389.788112012182
2019-06-14 12:30:00,8356.512462412791
2019-06-14 13:00:00,8306.023517798147
2019-06-14 13:30:00,8304.631105975113
2019-06-14 14:00:00,8298.327231394938
2019-06-14 14:30:00,8196.088650814188
2019-06-14 15:00:00,8247.919939350384
2019-06-14 15:30:00,8398.037737660597
2019-06-14 16:00:00,8517.522661535599
2019-06-14 16:30:00,8683.269484519556
2019-06-14 17:00:00,8984.405546217571
2019-06-14 17:30:00,9363.908840035601
2019-06-14 18:00:00,9664.274981471153
2019-06-14 18:30:00,9668.84793914017
2019-06-14 19:00:00,9587.025780133758
2019-06-14 19:30:00,9443.298953925794
2019-06-14 20:00:00,9238.150693740543
2019-06-14 20:30:00,9163.978948239204
2019-06-14 21:00:00,8979.068168374059
2019-06-14 21:30:00,8838.994115983873
2019-06-14 22:00:00,8562.935453956274
2019-06-14 22:30:00,8549.158110685556
2019-06-14 23:00:00,8330.157462493607
2019-06-14 23:30:00,8274.810404784315
2019-06-15 00:00:00,7588.206559349676
2019-06-15 00:30:00,7462.618135149432
2019-06-15 01:00:00,7219.797480137023
2019-06-15 01:30:00,7072.23866574852
2019-06-15 02:00:00,6781.950970919898
2019-06-15 02:30:00,6565.555046765551
2019-06-15 03:00:00,6312.892965012919
2019-06-15 03:30:00,6206.075013111844
2019-06-15 04:00:00,6142.113748755546
2019-06-15 04:30:00,6178.816155381183
2019-06-15 05:00:00,6324.510971367626
2019-06-15 05:30:00,6617.442648031493
2019-06-15 06:00:00,7110.932952386511
2019-06-15 06:30:00,7644.112859340645
2019-06-15 07:00:00,8401.68157047093
2019-06-15 07:30:00,8725.743847587783
2019-06-15 08:00:00,8996.04064335617
2019-06-15 08:30:00,8958.430543059812
2019-06-15 09:00:00,8750.415310179675
2019-06-15 09:30:00,8564.07276446638
2019-06-15 10:00:00,8367.74518613936
2019-06-15 10:30:00,8220.47103587323
2019-06-15 11:00:00,8105.5605742286225
2019-06-15 11:30:00,7919.729531774856
2019-06-15 12:00:00,7809.9625498793885
2019-06-15 12:30:00,7706.014854062432
2019-06-15 13:00:00,7659.210722556367
2019-06-15 13:30:00,7658.782669921548
2019-06-15 14:00:00,7690.743142131254
2019-06-15 14:30:00,7685.953853692257
2019-06-15 15:00:00,7727.778689782818
2019-06-15 15:30:00,7791.784140518863
2019-06-15 16:00:00,8046.802843684285
2019-06-15 16:30:00,8244.221827858211
2019-06-15 17:00:00,8647.301297647426
2019-06-15 17:30:00,9085.964910590636
2019-06-15 18:00:00,9508.503227567364
2019-06-15 18:30:00,9517.540888986821
2019-06-15 19:00:00,9451.45600857273
2019-06-15 19:30:00,9314.638716656302
2019-06-15 20:00:00,9126.096330513534
2019-06-15 20:30:00,9027.739167633885
2019-06-15 21:00:00,8837.129600912856
2019-06-15 21:30:00,8707.054296760098
2019-06-15 22:00:00,8417.946770769737
2019-06-15 22:30:00,8440.008492858087
2019-06-15 23:00:00,8184.086480178728
2019-06-15 23:30:00,8137.737340389883
2019-06-16 00:00:00,8211.97169944435
2019-06-16 00:30:00,8036.341441071299
2019-06-16 01:00:00,7762.968217471656
2019-06-16 01:30:00,7595.839313964666
2019-06-16 02:00:00,7303.276316936161
2019-06-16 02:30:00,7025.79462765045
2019-06-16 03:00:00,6785.15577624973
2019-06-16 03:30:00,6635.264817076673
2019-06-16 04:00:00,6555.224122142561
2019-06-16 04:30:00,6544.563423203401
2019-06-16 05:00:00,6647.576168145465
2019-06-16 05:30:00,6742.462044527543
2019-06-16 06:00:00,7072.493318279008
2019-06-16 06:30:00,7347.810409308031
2019-06-16 07:00:00,7835.670306710713
2019-06-16 07:30:00,8131.900292093518
2019-06-16 08:00:00,8565.810529534352
2019-06-16 08:30:00,8690.606395845036
2019-06-16 09:00:00,8737.300218151238
2019-06-16 09:30:00,8681.78035973049
2019-06-16 10:00:00,8449.0259981571
2019-06-16 10:30:00,8291.531514699975
2019-06-16 11:00:00,8060.30091597125
2019-06-16 11:30:00,7870.1406770041085
2019-06-16 12:00:00,7691.049885377138
2019-06-16 12:30:00,7540.947204339242
2019-06-16 13:00:00,7443.427443056563
2019-06-16 13:30:00,7367.130197519095
2019-06-16 14:00:00,7369.022174015432
2019-06-16 14:30:00,7458.258224850913
2019-06-16 15:00:00,7563.518361087152
2019-06-16 15:30:00,7688.7477112834185
2019-06-16 16:00:00,7927.50449713802
2019-06-16 16:30:00,8196.554632534137
2019-06-16 17:00:00,8652.329216531847
2019-06-16 17:30:00,9076.878588402438
2019-06-16 18:00:00,9479.573819973206
2019-06-16 18:30:00,9461.378575380817
2019-06-16 19:00:00,9333.600017559329
2019-06-16 19:30:00,9211.068945081352
2019-06-16 20:00:00,8984.014019155095
2019-06-16 20:30:00,8896.468356791165
2019-06-16 21:00:00,8658.696720935824
2019-06-16 21:30:00,8555.155078618789
2019-06-16 22:00:00,8325.246969974167
2019-06-16 22:30:00,8285.691229282897
2019-06-16 23:00:00,8076.244177607897
2019-06-16 23:30:00,7972.682986180582
2019-06-17 00:00:00,8654.89484480842
2019-06-17 00:30:00,8475.845710684507
2019-06-17 01:00:00,8217.02183972206
2019-06-17 01:30:00,8071.664094719011
2019-06-17 02:00:00,7757.612798562765
2019-06-17 02:30:00,7543.453078387742
2019-06-17 03:00:00,7291.105718234938
2019-06-17 03:30:00,7168.8280929341545
2019-06-17 04:00:00,7129.442359838144
2019-06-17 04:30:00,7104.689596028438
2019-06-17 05:00:00,7225.056243431219
2019-06-17 05:30:00,7277.869942858296
2019-06-17 06:00:00,7583.923089258329
2019-06-17 06:30:00,7776.965897422937
2019-06-17 07:00:00,8179.877392258333
2019-06-17 07:30:00,8402.471938693196
2019-06-17 08:00:00,8814.207945356315
2019-06-17 08:30:00,9029.639510322448
2019-06-17 09:00:00,9257.608984710334
2019-06-17 09:30:00,9426.213750665065
2019-06-17 10:00:00,9515.057286557152
2019-06-17 10:30:00,9571.359017433108
2019-06-17 11:00:00,9533.633945886408
2019-06-17 11:30:00,9470.762205612613
2019-06-17 12:00:00,9394.689239929805
2019-06-17 12:30:00,9315.091058581605
2019-06-17 13:00:00,9265.2934768677
2019-06-17 13:30:00,9263.424051100561
2019-06-17 14:00:00,9251.093709672878
2019-06-17 14:30:00,9260.278546164296
2019-06-17 15:00:00,9293.358911511603
2019-06-17 15:30:00,9460.524931425807
2019-06-17 16:00:00,9618.839743775918
2019-06-17 16:30:00,9840.846572323477
2019-06-17 17:00:00,10196.510702868361
2019-06-17 17:30:00,10557.922397107443
2019-06-17 18:00:00,10819.881625586291
2019-06-17 18:30:00,10813.486221646077
2019-06-17 19:00:00,10693.889042907234
2019-06-17 19:30:00,10503.797959638108
2019-06-17 20:00:00,10290.928235228657
2019-06-17 20:30:00,10168.967958619498
2019-06-17 21:00:00,9891.464171869093
2019-06-17 21:30:00,9680.48237044826
2019-06-17 22:00:00,9410.160434029385
2019-06-17 22:30:00,9264.465791224433
2019-06-17 23:00:00,8987.874468279759
2019-06-17 23:30:00,8845.468448172194
2019-06-18 00:00:00,8172.705058179418
2019-06-18 00:30:00,8001.8737742669155
2019-06-18 01:00:00,7744.437060943912
2019-06-18 01:30:00,7598.803692561595
2019-06-18 02:00:00,7340.7146023876085
2019-06-18 02:30:00,7178.0302082423295
2019-06-18 03:00:00,6992.391830727449
2019-06-18 03:30:00,6891.991458968662
2019-06-18 04:00:00,6814.080872975818
2019-06-18 04:30:00,6871.597783125388
2019-06-18 05:00:00,7053.66008974891
2019-06-18 05:30:00,7282.276025914867
2019-06-18 06:00:00,7830.446828372306
2019-06-18 06:30:00,8416.716058132786
2019-06-18 07:00:00,9188.789946563295
2019-06-18 07:30:00,9551.753717877891
2019-06-18 08:00:00,9941.802016661779
2019-06-18 08:30:00,9932.356496996232
2019-06-18 09:00:00,9787.88481818035
2019-06-18 09:30:00,9673.923433920825
2019-06-18 10:00:00,9505.03703403307
2019-06-18 10:30:00,9403.590834274706
2019-06-18 11:00:00,9264.377837657286
2019-06-18 11:30:00,9160.880370677223
2019-06-18 12:00:00,9092.371185779475
2019-06-18 12:30:00,9144.354228509234
2019-06-18 13:00:00,9135.489213826044
2019-06-18 13:30:00,9116.086671235424
2019-06-18 14:00:00,9140.591616578646
2019-06-18 14:30:00,9155.055068566513
2019-06-18 15:00:00,9161.646124482246
2019-06-18 15:30:00,9314.523297866206
2019-06-18 16:00:00,9537.6776670871
2019-06-18 16:30:00,9837.2360186663
2019-06-18 17:00:00,10198.070510789057
2019-06-18 17:30:00,10582.584500932477
2019-06-18 18:00:00,11020.400004575908
2019-06-18 18:30:00,10969.062167596572
2019-06-18 19:00:00,10822.611528305764
2019-06-18 19:30:00,10597.822971415208
2019-06-18 20:00:00,10365.083553559758
2019-06-18 20:30:00,10211.323489798946
2019-06-18 21:00:00,9878.21131688667
2019-06-18 21:30:00,9641.283571517417
2019-06-18 22:00:00,9293.306467053462
2019-06-18 22:30:00,9201.879209921255
2019-06-18 23:00:00,8855.044070461012
2019-06-18 23:30:00,8708.304244934932
2019-06-19 00:00:00,8386.49122188438
2019-06-19 00:30:00,8214.777047595027
2019-06-19 01:00:00,7997.966060978291
2019-06-19 01:30:00,7834.091290853267
2019-06-19 02:00:00,7541.720466579321
2019-06-19 02:30:00,7292.769490858154
2019-06-19 03:00:00,7019.757429345173
2019-06-19 03:30:00,6889.551872138938
2019-06-19 04:00:00,6824.916812178835
2019-06-19 04:30:00,6831.791857154951
2019-06-19 05:00:00,7039.586226981532
2019-06-19 05:30:00,7296.091120399031
2019-06-19 06:00:00,7818.899264957388
2019-06-19 06:30:00,8440.421824002977
2019-06-19 07:00:00,9157.551904065142
2019-06-19 07:30:00,9503.725332790904
2019-06-19 08:00:00,9804.311563947778
2019-06-19 08:30:00,9690.470746720179
2019-06-19 09:00:00,9606.563466687403
2019-06-19 09:30:00,9498.33092676122
2019-06-19 10:00:00,9342.79119041757
2019-06-19 10:30:00,9179.314415449908
2019-06-19 11:00:00,8987.732694058715
2019-06-19 11:30:00,8855.591182479118
2019-06-19 12:00:00,8776.662255638881
2019-06-19 12:30:00,8683.987779942257
2019-06-19 13:00:00,8645.229520281771
2019-06-19 13:30:00,8724.281709055023
2019-06-19 14:00:00,8695.589077673323
2019-06-19 14:30:00,8732.729400022507
2019-06-19 15:00:00,8797.260341606214
2019-06-19 15:30:00,8838.368159373002
2019-06-19 16:00:00,9051.762287328522
2019-06-19 16:30:00,9341.110168805455
2019-06-19 17:00:00,9695.025440615123
2019-06-19 17:30:00,10117.442076452653
2019-06-19 18:00:00,10499.182688357283
2019-06-19 18:30:00,10559.562795661215
2019-06-19 19:00:00,10443.82240839678
2019-06-19 19:30:00,10286.023066428554
2019-06-19 20:00:00,10022.651415920674
2019-06-19 20:30:00,9851.508037500138
2019-06-19 21:00:00,9553.797014223384
2019-06-19 21:30:00,9363.905339705752
2019-06-19 22:00:00,9025.474772828988
2019-06-19 22:30:00,8956.606446117967
2019-06-19 23:00:00,8618.321622833071
2019-06-19 23:30:00,8521.88694174572
2019-06-20 00:00:00,8409.556283774382
2019-06-20 00:30:00,8277.459124598934
2019-06-20 01:00:00,8078.225607209828
2019-06-20 01:30:00,7892.018745800775
2019-06-20 02:00:00,7638.632866349282
2019-06-20 02:30:00,7420.7760199523345
2019-06-20 03:00:00,7187.983631645701
2019-06-20 03:30:00,7005.129117381286
2019-06-20 04:00:00,6956.1206320703095
2019-06-20 04:30:00,7005.830177346354
2019-06-20 05:00:00,7186.399699503647
2019-06-20 05:30:00,7502.664943046973
2019-06-20 06:00:00,8060.1191498928565
2019-06-20 06:30:00,8723.989509272715
2019-06-20 07:00:00,9519.69213707223
2019-06-20 07:30:00,9862.133950260648
2019-06-20 08:00:00,10160.068060849551
2019-06-20 08:30:00,10010.55292063178
2019-06-20 09:00:00,9795.869287523956
2019-06-20 09:30:00,9556.319479064186
2019-06-20 10:00:00,9360.23040770922
2019-06-20 10:30:00,9148.4241861752
2019-06-20 11:00:00,8895.84540446094
2019-06-20 11:30:00,8711.773083831118
2019-06-20 12:00:00,8572.761849268292
2019-06-20 12:30:00,8491.417436276672
2019-06-20 13:00:00,8433.27355604405
2019-06-20 13:30:00,8440.697220686907
2019-06-20 14:00:00,8440.385500705996
2019-06-20 14:30:00,8471.836076942396
2019-06-20 15:00:00,8530.793230540106
2019-06-20 15:30:00,8642.580153454215
2019-06-20 16:00:00,8931.363833276482
2019-06-20 16:30:00,9290.689770978444
2019-06-20 17:00:00,9813.684840873606
2019-06-20 17:30:00,10447.202040417724
2019-06-20 18:00:00,11007.893395616418
2019-06-20 18:30:00,11123.101998440357
2019-06-20 19:00:00,11066.034585056994
2019-06-20 19:30:00,10919.336484843268
2019-06-20 20:00:00,10737.246168158206
2019-06-20 20:30:00,10664.640794659075
2019-06-20 21:00:00,10388.99329821684
2019-06-20 21:30:00,10151.180857724567
2019-06-20 22:00:00,9782.074528136849
2019-06-20 22:30:00,9613.21368791313
2019-06-20 23:00:00,9206.4363568725
2019-06-20 23:30:00,9097.694940778585
2019-06-21 00:00:00,8779.379217171645
2019-06-21 00:30:00,8623.978371527019
2019-06-21 01:00:00,8367.242884193483
2019-06-21 01:30:00,8194.43935184603
2019-06-21 02:00:00,7942.000264285815
2019-06-21 02:30:00,7679.045928502402
2019-06-21 03:00:00,7448.556272781315
2019-06-21 03:30:00,7307.788230398593
2019-06-21 04:00:00,7249.28018699637
2019-06-21 04:30:00,7291.5908709234245
2019-06-21 05:00:00,7498.782582657564
2019-06-21 05:30:00,7790.255318892175
2019-06-21 06:00:00,8349.544285122602
2019-06-21 06:30:00,9029.995715251072
2019-06-21 07:00:00,9835.14123562434
2019-06-21 07:30:00,10270.289386733008
2019-06-21 08:00:00,10650.527837663783
2019-06-21 08:30:00,10525.952556893866
2019-06-21 09:00:00,10229.700298749056
2019-06-21 09:30:00,9997.657428489678
2019-06-21 10:00:00,9753.92239219371
2019-06-21 10:30:00,9511.081333944761
2019-06-21 11:00:00,9316.220852944913
2019-06-21 11:30:00,9089.144503673948
2019-06-21 12:00:00,8966.625812118613
2019-06-21 12:30:00,8846.655528308516
2019-06-21 13:00:00,8825.172329389177
2019-06-21 13:30:00,8899.895321649054
2019-06-21 14:00:00,8993.155907946757
2019-06-21 14:30:00,9035.070401462619
2019-06-21 15:00:00,9170.344349708077
2019-06-21 15:30:00,9311.296683569975
2019-06-21 16:00:00,9610.662220611834
2019-06-21 16:30:00,9911.68412152543
2019-06-21 17:00:00,10348.28743390764
2019-06-21 17:30:00,10893.882329786917
2019-06-21 18:00:00,11334.49712907028
2019-06-21 18:30:00,11373.76475620176
2019-06-21 19:00:00,11304.103316597666
2019-06-21 19:30:00,11228.782920428936
2019-06-21 20:00:00,10997.570776355135
2019-06-21 20:30:00,10895.745953482512
2019-06-21 21:00:00,10641.865828984703
2019-06-21 21:30:00,10419.943096340301
2019-06-21 22:00:00,10054.45505125494
2019-06-21 22:30:00,9891.052686168883
2019-06-21 23:00:00,9477.91444050346
2019-06-21 23:30:00,9304.743952876646
2019-06-22 00:00:00,8465.748095628682
2019-06-22 00:30:00,8283.272204478524
2019-06-22 01:00:00,7937.389371117804
2019-06-22 01:30:00,7754.121744423712
2019-06-22 02:00:00,7502.233903622035
2019-06-22 02:30:00,7275.157731418248
2019-06-22 03:00:00,6985.1833489506025
2019-06-22 03:30:00,6879.949513415846
2019-06-22 04:00:00,6801.438719355177
2019-06-22 04:30:00,6841.569864820404
2019-06-22 05:00:00,7018.343692858748
2019-06-22 05:30:00,7322.6320402676565
2019-06-22 06:00:00,7891.369153255423
2019-06-22 06:30:00,8511.573533292409
2019-06-22 07:00:00,9339.885251084444
2019-06-22 07:30:00,9724.822039679093
2019-06-22 08:00:00,10146.707242021846
2019-06-22 08:30:00,10081.845508948989
2019-06-22 09:00:00,9840.281630181984
2019-06-22 09:30:00,9641.866424596217
2019-06-22 10:00:00,9409.048161508399
2019-06-22 10:30:00,9192.420789311756
2019-06-22 11:00:00,8958.162251059775
2019-06-22 11:30:00,8719.067280342038
2019-06-22 12:00:00,8563.469720847012
2019-06-22 12:30:00,8392.264422725391
2019-06-22 13:00:00,8285.692705096564
2019-06-22 13:30:00,8249.147981910066
2019-06-22 14:00:00,8213.732911874977
2019-06-22 14:30:00,8241.4986750028
2019-06-22 15:00:00,8311.77340112499
2019-06-22 15:30:00,8444.36975044662
2019-06-22 16:00:00,8807.21231294651
2019-06-22 16:30:00,9237.2467679948
2019-06-22 17:00:00,9818.36864212891
2019-06-22 17:30:00,10340.627166969756
2019-06-22 18:00:00,10790.486095353826
2019-06-22 18:30:00,10756.703551400047
2019-06-22 19:00:00,10710.808340215372
2019-06-22 19:30:00,10586.990950952417
2019-06-22 20:00:00,10349.720300740304
2019-06-22 20:30:00,10275.691298472962
2019-06-22 21:00:00,10062.36511789161
2019-06-22 21:30:00,9886.295139048843
2019-06-22 22:00:00,9578.127222453353
2019-06-22 22:30:00,9463.765215944673
2019-06-22 23:00:00,9093.07777034851
2019-06-22 23:30:00,8911.86403796791
2019-06-23 00:00:00,8912.66312779652
2019-06-23 00:30:00,8695.276059346745
2019-06-23 01:00:00,8390.815765352641
2019-06-23 01:30:00,8201.260988636912
2019-06-23 02:00:00,7892.9163606119355
2019-06-23 02:30:00,7624.051339040621
2019-06-23 03:00:00,7343.884177334294
2019-06-23 03:30:00,7168.967458064058
2019-06-23 04:00:00,7048.482877878237
2019-06-23 04:30:00,7061.768266999706
2019-06-23 05:00:00,7089.925139536623
2019-06-23 05:30:00,7231.738187573297
2019-06-23 06:00:00,7545.151097101759
2019-06-23 06:30:00,7865.7918713759545
2019-06-23 07:00:00,8406.881207727185
2019-06-23 07:30:00,8838.35685884062
2019-06-23 08:00:00,9386.74786507589
2019-06-23 08:30:00,9595.62634266267
2019-06-23 09:00:00,9620.755651213358
2019-06-23 09:30:00,9584.55488475852
2019-06-23 10:00:00,9311.40099033757
2019-06-23 10:30:00,9116.028664480202
2019-06-23 11:00:00,8892.438061164314
2019-06-23 11:30:00,8684.983212345744
2019-06-23 12:00:00,8523.23138297435
2019-06-23 12:30:00,8472.663750615324
2019-06-23 13:00:00,8493.842428351636
2019-06-23 13:30:00,8420.479985691165
2019-06-23 14:00:00,8484.951157063542
2019-06-23 14:30:00,8467.833779761533
2019-06-23 15:00:00,8589.901180605091
2019-06-23 15:30:00,8787.765139432322
2019-06-23 16:00:00,8997.277672619564
2019-06-23 16:30:00,9334.204990431273
2019-06-23 17:00:00,9845.42502296813
2019-06-23 17:30:00,10172.323712132129
2019-06-23 18:00:00,10461.21985178765
2019-06-23 18:30:00,10453.471779523414
2019-06-23 19:00:00,10316.481600103292
2019-06-23 19:30:00,10233.112704997187
2019-06-23 20:00:00,9986.576394760741
2019-06-23 20:30:00,9932.705199499189
2019-06-23 21:00:00,9675.391081978201
2019-06-23 21:30:00,9563.720117190878
2019-06-23 22:00:00,9284.77888596581
2019-06-23 22:30:00,9164.510625507195
2019-06-23 23:00:00,8840.981799607922
2019-06-23 23:30:00,8645.97380193812
2019-06-24 00:00:00,9374.961438246935
2019-06-24 00:30:00,9130.97435642239
2019-06-24 01:00:00,8837.32013169324
2019-06-24 01:30:00,8645.74349995482
2019-06-24 02:00:00,8365.573138582204
2019-06-24 02:30:00,8151.715826893663
2019-06-24 03:00:00,7893.0271012263465
2019-06-24 03:30:00,7772.574549288553
2019-06-24 04:00:00,7720.83592403566
2019-06-24 04:30:00,7732.8422323690875
2019-06-24 05:00:00,7849.511753549944
2019-06-24 05:30:00,7951.307164223557
2019-06-24 06:00:00,8262.597200807686
2019-06-24 06:30:00,8449.527464408282
2019-06-24 07:00:00,8928.824732522267
2019-06-24 07:30:00,9281.590346847943
2019-06-24 08:00:00,9760.851697919614
2019-06-24 08:30:00,10049.788271713038
2019-06-24 09:00:00,10226.80296407381
2019-06-24 09:30:00,10227.3188991713
2019-06-24 10:00:00,10147.247556413968
2019-06-24 10:30:00,9996.138790875502
2019-06-24 11:00:00,9726.653708445625
2019-06-24 11:30:00,9549.410098574423
2019-06-24 12:00:00,9447.93998567711
2019-06-24 12:30:00,9430.947607244989
2019-06-24 13:00:00,9360.475638149357
2019-06-24 13:30:00,9346.996094459982
2019-06-24 14:00:00,9338.06047076774
2019-06-24 14:30:00,9441.909775754846
2019-06-24 15:00:00,9628.263504897306
2019-06-24 15:30:00,9822.115615902783
2019-06-24 16:00:00,10087.99378148041
2019-06-24 16:30:00,10440.196481212652
2019-06-24 17:00:00,10904.998218262645
2019-06-24 17:30:00,11277.626467104561
2019-06-24 18:00:00,11652.11276564037
2019-06-24 18:30:00,11665.046316754797
2019-06-24 19:00:00,11535.91246351749
2019-06-24 19:30:00,11384.90471590067
2019-06-24 20:00:00,11180.019588914165
2019-06-24 20:30:00,11032.140798742244
2019-06-24 21:00:00,10753.04256432552
2019-06-24 21:30:00,10565.566308149977
2019-06-24 22:00:00,10224.496110885764
2019-06-24 22:30:00,9953.549941682471
2019-06-24 23:00:00,9596.167434318057
2019-06-24 23:30:00,9372.384961928066
2019-06-25 00:00:00,8628.99596821342
2019-06-25 00:30:00,8426.076960656652
2019-06-25 01:00:00,8126.868497051783
2019-06-25 01:30:00,7980.3744144946895
2019-06-25 02:00:00,7703.864062936784
2019-06-25 02:30:00,7526.839410927355
2019-06-25 03:00:00,7291.732622200278
2019-06-25 03:30:00,7200.794692125523
2019-06-25 04:00:00,7147.80622121642
2019-06-25 04:30:00,7203.793230492548
2019-06-25 05:00:00,7384.067580160294
2019-06-25 05:30:00,7717.592944239627
2019-06-25 06:00:00,8214.051895508614
2019-06-25 06:30:00,8880.94494022814
2019-06-25 07:00:00,9743.23861072545
2019-06-25 07:30:00,10202.92056778205
2019-06-25 08:00:00,10650.251878648594
2019-06-25 08:30:00,10661.446257049356
2019-06-25 09:00:00,10546.329534844028
2019-06-25 09:30:00,10496.300013784567
2019-06-25 10:00:00,10348.638779825806
2019-06-25 10:30:00,10172.179669501606
2019-06-25 11:00:00,9960.706078462339
2019-06-25 11:30:00,9789.948382085819
2019-06-25 12:00:00,9674.263010194243
2019-06-25 12:30:00,9605.246686065635
2019-06-25 13:00:00,9538.405314585703
2019-06-25 13:30:00,9476.581384124831
2019-06-25 14:00:00,9463.818381157189
2019-06-25 14:30:00,9517.44401051693
2019-06-25 15:00:00,9590.66783444281
2019-06-25 15:30:00,9674.563350080758
2019-06-25 16:00:00,9936.550057801382
2019-06-25 16:30:00,10207.068174369855
2019-06-25 17:00:00,10642.738989787478
2019-06-25 17:30:00,11108.314710613493
2019-06-25 18:00:00,11573.262102347126
2019-06-25 18:30:00,11565.002526823362
2019-06-25 19:00:00,11463.870961872588
2019-06-25 19:30:00,11230.82481127161
2019-06-25 20:00:00,10948.921840715066
2019-06-25 20:30:00,10763.553517278713
2019-06-25 21:00:00,10463.780718413083
2019-06-25 21:30:00,10199.382382405554
2019-06-25 22:00:00,9805.333566278192
2019-06-25 22:30:00,9710.824331197025
2019-06-25 23:00:00,9274.679553365318
2019-06-25 23:30:00,9157.149491191178
2019-06-26 00:00:00,8761.631234418837
2019-06-26 00:30:00,8612.448560165007
2019-06-26 01:00:00,8362.70868483951
2019-06-26 01:30:00,8213.5064614754
2019-06-26 02:00:00,7885.9951707400605
2019-06-26 02:30:00,7662.057642002727
2019-06-26 03:00:00,7394.043963701788
2019-06-26 03:30:00,7231.480136588433
2019-06-26 04:00:00,7181.741190156155
2019-06-26 04:30:00,7174.199585573169
2019-06-26 05:00:00,7340.873824519617
2019-06-26 05:30:00,7605.729625360973
2019-06-26 06:00:00,8147.192929370164
2019-06-26 06:30:00,8797.035125393906
2019-06-26 07:00:00,9598.07566129916
2019-06-26 07:30:00,9978.892525220655
2019-06-26 08:00:00,10233.977840582938
2019-06-26 08:30:00,10123.607310440108
2019-06-26 09:00:00,9899.160808975112
2019-06-26 09:30:00,9717.361163453377
2019-06-26 10:00:00,9590.217278715656
2019-06-26 10:30:00,9434.383126252624
2019-06-26 11:00:00,9245.603327593159
2019-06-26 11:30:00,9144.334360384213
2019-06-26 12:00:00,8989.979410548462
2019-06-26 12:30:00,8957.692278152705
2019-06-26 13:00:00,8928.952961118375
2019-06-26 13:30:00,8851.26593084967
2019-06-26 14:00:00,8933.287786342462
2019-06-26 14:30:00,8980.515384670194
2019-06-26 15:00:00,9054.329553575171
2019-06-26 15:30:00,9148.848651745066
2019-06-26 16:00:00,9403.81774832275
2019-06-26 16:30:00,9694.12293005814
2019-06-26 17:00:00,10170.29365096652
2019-06-26 17:30:00,10570.547546794056
2019-06-26 18:00:00,10949.820506677066
2019-06-26 18:30:00,10950.07395385426
2019-06-26 19:00:00,10852.838278598454
2019-06-26 19:30:00,10676.433206699954
2019-06-26 20:00:00,10391.912781958035
2019-06-26 20:30:00,10237.439179094408
2019-06-26 21:00:00,10003.519902875514
2019-06-26 21:30:00,9807.306411953648
2019-06-26 22:00:00,9449.121464479222
2019-06-26 22:30:00,9361.34453114017
2019-06-26 23:00:00,9001.305471369822
2019-06-26 23:30:00,8872.273368124846
2019-06-27 00:00:00,8704.26960419771
2019-06-27 00:30:00,8550.132899135988
2019-06-27 01:00:00,8280.6287801241
2019-06-27 01:30:00,8123.456899542183
2019-06-27 02:00:00,7863.463894285637
2019-06-27 02:30:00,7665.895107947955
2019-06-27 03:00:00,7355.5316474994
2019-06-27 03:30:00,7251.10448771372
2019-06-27 04:00:00,7121.17964204594
2019-06-27 04:30:00,7094.953642880288
2019-06-27 05:00:00,7242.555001041084
2019-06-27 05:30:00,7538.772673310544
2019-06-27 06:00:00,8037.553906275357
2019-06-27 06:30:00,8615.130253693664
2019-06-27 07:00:00,9401.330696310139
2019-06-27 07:30:00,9728.147739595599
2019-06-27 08:00:00,10045.190042631199
2019-06-27 08:30:00,9918.307597437772
2019-06-27 09:00:00,9753.180903283263
2019-06-27 09:30:00,9625.469606138686
2019-06-27 10:00:00,9503.191224467735
2019-06-27 10:30:00,9335.350763671277
2019-06-27 11:00:00,9181.480160498084
2019-06-27 11:30:00,8954.093698532432
2019-06-27 12:00:00,8799.089111108295
2019-06-27 12:30:00,8706.38014609625
2019-06-27 13:00:00,8673.23541792077
2019-06-27 13:30:00,8667.430358959653
2019-06-27 14:00:00,8689.817685542132
2019-06-27 14:30:00,8717.92297356365
2019-06-27 15:00:00,8741.00459067353
2019-06-27 15:30:00,8841.522902372446
2019-06-27 16:00:00,9091.828531726647
2019-06-27 16:30:00,9382.04961755888
2019-06-27 17:00:00,9834.862613572379
2019-06-27 17:30:00,10345.774330756913
2019-06-27 18:00:00,10797.317571083322
2019-06-27 18:30:00,10793.95273375816
2019-06-27 19:00:00,10730.347173200586
2019-06-27 19:30:00,10578.043422777235
2019-06-27 20:00:00,10380.08475210075
2019-06-27 20:30:00,10247.168604062881
2019-06-27 21:00:00,10001.791639177301
2019-06-27 21:30:00,9786.34052510089
2019-06-27 22:00:00,9466.058223320571
2019-06-27 22:30:00,9356.037726438613
2019-06-27 23:00:00,9034.038801412784
2019-06-27 23:30:00,8906.116427681816
2019-06-28 00:00:00,8671.41973313286
2019-06-28 00:30:00,8546.542220943636
2019-06-28 01:00:00,8265.511434634223
2019-06-28 01:30:00,8107.889325215414
2019-06-28 02:00:00,7794.673939940078
2019-06-28 02:30:00,7514.761715039962
2019-06-28 03:00:00,7265.7374668999655
2019-06-28 03:30:00,7094.911437171051
2019-06-28 04:00:00,7028.665007526142
2019-06-28 04:30:00,7054.113743141727
2019-06-28 05:00:00,7225.818227523843
2019-06-28 05:30:00,7503.912437990725
2019-06-28 06:00:00,8033.017595659447
2019-06-28 06:30:00,8645.64325470623
2019-06-28 07:00:00,9409.076317406922
2019-06-28 07:30:00,9753.09238387293
2019-06-28 08:00:00,10057.62656133713
2019-06-28 08:30:00,9899.367127443282
2019-06-28 09:00:00,9628.160178505932
2019-06-28 09:30:00,9437.094872959866
2019-06-28 10:00:00,9283.168488114366
2019-06-28 10:30:00,9132.367208178795
2019-06-28 11:00:00,8935.735692241657
2019-06-28 11:30:00,8748.136241942393
2019-06-28 12:00:00,8591.542461035526
2019-06-28 12:30:00,8494.125676395848
2019-06-28 13:00:00,8444.947851860048
2019-06-28 13:30:00,8418.56924637167
2019-06-28 14:00:00,8427.845789290302
2019-06-28 14:30:00,8487.495435472934
2019-06-28 15:00:00,8547.719356745341
2019-06-28 15:30:00,8611.695572349554
2019-06-28 16:00:00,8879.099029895484
2019-06-28 16:30:00,9150.527467226471
2019-06-28 17:00:00,9547.324218832013
2019-06-28 17:30:00,10061.347971442963
2019-06-28 18:00:00,10519.653570988945
2019-06-28 18:30:00,10559.514347258493
2019-06-28 19:00:00,10497.834877985551
2019-06-28 19:30:00,10418.197598416791
2019-06-28 20:00:00,10259.226499654556
2019-06-28 20:30:00,10163.799884881118
2019-06-28 21:00:00,9959.068195812088
2019-06-28 21:30:00,9786.687461915863
2019-06-28 22:00:00,9445.895515122711
2019-06-28 22:30:00,9349.376738132201
2019-06-28 23:00:00,9011.409086471755
2019-06-28 23:30:00,8868.144156935581
2019-06-29 00:00:00,8087.390900377848
2019-06-29 00:30:00,7921.2255337134475
2019-06-29 01:00:00,7647.510158128313
2019-06-29 01:30:00,7496.182434728074
2019-06-29 02:00:00,7182.546878093302
2019-06-29 02:30:00,6936.08047641224
2019-06-29 03:00:00,6657.952091747088
2019-06-29 03:30:00,6511.2513644415685
2019-06-29 04:00:00,6412.764604829668
2019-06-29 04:30:00,6431.832876710179
2019-06-29 05:00:00,6629.106663739805
2019-06-29 05:30:00,6902.795463065536
2019-06-29 06:00:00,7406.176261739403
2019-06-29 06:30:00,7996.718022495764
2019-06-29 07:00:00,8796.931688263212
2019-06-29 07:30:00,9112.724526767572
2019-06-29 08:00:00,9451.129952993848
2019-06-29 08:30:00,9351.718098438696
2019-06-29 09:00:00,9113.760013993524
2019-06-29 09:30:00,8884.154915345483
2019-06-29 10:00:00,8643.32264263571
2019-06-29 10:30:00,8415.56216646094
2019-06-29 11:00:00,8205.050307518095
2019-06-29 11:30:00,7996.301437706343
2019-06-29 12:00:00,7832.304186545346
2019-06-29 12:30:00,7751.913624374763
2019-06-29 13:00:00,7653.353289276095
2019-06-29 13:30:00,7637.728696440314
2019-06-29 14:00:00,7614.3296207602025
2019-06-29 14:30:00,7647.4111157916905
2019-06-29 15:00:00,7738.249525352415
2019-06-29 15:30:00,7828.461603211008
2019-06-29 16:00:00,8087.447801794035
2019-06-29 16:30:00,8380.972450528792
2019-06-29 17:00:00,8733.532426922644
2019-06-29 17:30:00,9174.896767608761
2019-06-29 18:00:00,9559.950805504646
2019-06-29 18:30:00,9586.017316484991
2019-06-29 19:00:00,9501.850699580677
2019-06-29 19:30:00,9345.938350676523
2019-06-29 20:00:00,9197.815046491596
2019-06-29 20:30:00,9115.722605081739
2019-06-29 21:00:00,8898.911020143301
2019-06-29 21:30:00,8794.555466080255
2019-06-29 22:00:00,8569.729191272385
2019-06-29 22:30:00,8545.033092980175
2019-06-29 23:00:00,8269.883143167819
2019-06-29 23:30:00,8213.647940898087
2019-06-30 00:00:00,8248.509666170738
2019-06-30 00:30:00,8082.64490324665
2019-06-30 01:00:00,7759.492978672946
2019-06-30 01:30:00,7609.10037932909
2019-06-30 02:00:00,7289.157946495225
2019-06-30 02:30:00,7046.612237803001
2019-06-30 03:00:00,6763.207864733194
2019-06-30 03:30:00,6661.243102785544
2019-06-30 04:00:00,6518.93793457522
2019-06-30 04:30:00,6503.692610132145
2019-06-30 05:00:00,6600.53859501732
2019-06-30 05:30:00,6688.469939425266
2019-06-30 06:00:00,7006.526767066931
2019-06-30 06:30:00,7251.992338431012
2019-06-30 07:00:00,7739.183049135027
2019-06-30 07:30:00,8056.788647889031
2019-06-30 08:00:00,8522.337202482862
2019-06-30 08:30:00,8773.154976879374
2019-06-30 09:00:00,8874.933368974573
2019-06-30 09:30:00,8841.386527833876
2019-06-30 10:00:00,8599.043903360942
2019-06-30 10:30:00,8413.12170607426
2019-06-30 11:00:00,8151.266755968491
2019-06-30 11:30:00,7936.678160813024
2019-06-30 12:00:00,7734.027608447888
2019-06-30 12:30:00,7589.006584179566
2019-06-30 13:00:00,7537.540967263361
2019-06-30 13:30:00,7411.635194371494
2019-06-30 14:00:00,7406.184975036337
2019-06-30 14:30:00,7484.23107930902
2019-06-30 15:00:00,7561.980881407973
2019-06-30 15:30:00,7705.50386702648
2019-06-30 16:00:00,7976.513295961418
2019-06-30 16:30:00,8227.456891573442
2019-06-30 17:00:00,8568.952742620007
2019-06-30 17:30:00,8983.74893215498
2019-06-30 18:00:00,9360.727040727828
2019-06-30 18:30:00,9323.102645504781
2019-06-30 19:00:00,9171.380626714457
2019-06-30 19:30:00,9017.716326691701
2019-06-30 20:00:00,8790.442442903672
2019-06-30 20:30:00,8662.962416734214
2019-06-30 21:00:00,8475.424319594968
2019-06-30 21:30:00,8378.998679250719
2019-06-30 22:00:00,8153.825643552216
2019-06-30 22:30:00,8166.714842262493
2019-06-30 23:00:00,7917.9531839600695
2019-06-30 23:30:00,7847.175687982899
2019-07-01 00:00:00,8561.165730135066
2019-07-01 00:30:00,8399.074308060679
2019-07-01 01:00:00,8127.762037704286
2019-07-01 01:30:00,7958.33040161175
2019-07-01 02:00:00,7675.874874950522
2019-07-01 02:30:00,7436.642415182377
2019-07-01 03:00:00,7217.499744184778
2019-07-01 03:30:00,7139.7984189893805
2019-07-01 04:00:00,7059.767587143998
2019-07-01 04:30:00,7042.45342818229
2019-07-01 05:00:00,7162.71199873367
2019-07-01 05:30:00,7215.693244688613
2019-07-01 06:00:00,7545.603951408155
2019-07-01 06:30:00,7733.735099355674
2019-07-01 07:00:00,8154.012986832309
2019-07-01 07:30:00,8417.602019998969
2019-07-01 08:00:00,8799.980265892564
2019-07-01 08:30:00,8942.99535774388
2019-07-01 09:00:00,9036.72262380991
2019-07-01 09:30:00,9061.99920399249
2019-07-01 10:00:00,8945.340767457856
2019-07-01 10:30:00,8779.790726133597
2019-07-01 11:00:00,8603.902753276203
2019-07-01 11:30:00,8464.025482545714
2019-07-01 12:00:00,8299.617100768386
2019-07-01 12:30:00,8248.945823395921
2019-07-01 13:00:00,8170.8534079977335
2019-07-01 13:30:00,8134.229843091665
2019-07-01 14:00:00,8126.132934439302
2019-07-01 14:30:00,8192.679624732946
2019-07-01 15:00:00,8323.995763582352
2019-07-01 15:30:00,8514.876600582067
2019-07-01 16:00:00,8795.306745888684
2019-07-01 16:30:00,9183.048084306854
2019-07-01 17:00:00,9643.031297786018
2019-07-01 17:30:00,10177.27938600898
2019-07-01 18:00:00,10726.865067615208
2019-07-01 18:30:00,10820.387767306087
2019-07-01 19:00:00,10791.358936270843
2019-07-01 19:30:00,10701.309150756528
2019-07-01 20:00:00,10474.984685951573
2019-07-01 20:30:00,10349.317420031759
2019-07-01 21:00:00,10085.08145510589
2019-07-01 21:30:00,9919.298160993165
2019-07-01 22:00:00,9638.940359929647
2019-07-01 22:30:00,9515.351791617195
2019-07-01 23:00:00,9227.590893565626
2019-07-01 23:30:00,9149.75668822496
2019-07-02 00:00:00,8413.05506223588
2019-07-02 00:30:00,8266.19204258608
2019-07-02 01:00:00,7937.111864927542
2019-07-02 01:30:00,7819.825563909042
2019-07-02 02:00:00,7532.664199433528
2019-07-02 02:30:00,7374.983619751055
2019-07-02 03:00:00,7148.176150046752
2019-07-02 03:30:00,7073.713840961003
2019-07-02 04:00:00,7047.962707901711
2019-07-02 04:30:00,7151.435371587904
2019-07-02 05:00:00,7304.487323610981
2019-07-02 05:30:00,7652.453963476108
2019-07-02 06:00:00,8203.81237070929
2019-07-02 06:30:00,8859.48886082598
2019-07-02 07:00:00,9729.51829047418
2019-07-02 07:30:00,10173.765200357764
2019-07-02 08:00:00,10601.228622524479
2019-07-02 08:30:00,10528.337939624525
2019-07-02 09:00:00,10336.448939750968
2019-07-02 09:30:00,10205.151220327662
2019-07-02 10:00:00,9994.401915325128
2019-07-02 10:30:00,9798.554557336998
2019-07-02 11:00:00,9494.07682879614
2019-07-02 11:30:00,9240.914596501727
2019-07-02 12:00:00,9007.54392902149
2019-07-02 12:30:00,8880.855638395968
2019-07-02 13:00:00,8763.787964196876
2019-07-02 13:30:00,8707.070493799449
2019-07-02 14:00:00,8716.014747821318
2019-07-02 14:30:00,8770.164193553932
2019-07-02 15:00:00,8892.46286537261
2019-07-02 15:30:00,9131.10498016166
2019-07-02 16:00:00,9370.041625657474
2019-07-02 16:30:00,9608.019807931445
2019-07-02 17:00:00,10143.589354937056
2019-07-02 17:30:00,10757.150138040222
2019-07-02 18:00:00,11249.400573884262
2019-07-02 18:30:00,11255.771174530608
2019-07-02 19:00:00,11167.408241258187
2019-07-02 19:30:00,10996.176335096528
2019-07-02 20:00:00,10727.752908229359
2019-07-02 20:30:00,10564.763655572979
2019-07-02 21:00:00,10267.97263908029
2019-07-02 21:30:00,10016.291523417207
2019-07-02 22:00:00,9728.421529969712
2019-07-02 22:30:00,9575.286300503416
2019-07-02 23:00:00,9156.839558931264
2019-07-02 23:30:00,9043.948805965187
2019-07-03 00:00:00,8744.162037714537
2019-07-03 00:30:00,8574.364268688267
2019-07-03 01:00:00,8292.14292933193
2019-07-03 01:30:00,8125.94126860594
2019-07-03 02:00:00,7878.249744172369
2019-07-03 02:30:00,7581.456021850505
2019-07-03 03:00:00,7358.488421602125
2019-07-03 03:30:00,7209.70917375642
2019-07-03 04:00:00,7138.336557870612
2019-07-03 04:30:00,7165.514603111133
2019-07-03 05:00:00,7327.392494688826
2019-07-03 05:30:00,7652.352602387669
2019-07-03 06:00:00,8202.884784761494
2019-07-03 06:30:00,8903.132320799985
2019-07-03 07:00:00,9730.907732038624
2019-07-03 07:30:00,10118.884950337053
2019-07-03 08:00:00,10501.647073528495
2019-07-03 08:30:00,10406.95780173894
2019-07-03 09:00:00,10239.066478327093
2019-07-03 09:30:00,10022.63588779015
2019-07-03 10:00:00,9770.003951495379
2019-07-03 10:30:00,9548.206217720865
2019-07-03 11:00:00,9319.265216118716
2019-07-03 11:30:00,9038.991467190006
2019-07-03 12:00:00,8820.430835521092
2019-07-03 12:30:00,8632.892659644463
2019-07-03 13:00:00,8497.273471007977
2019-07-03 13:30:00,8442.902440321795
2019-07-03 14:00:00,8337.211514480334
2019-07-03 14:30:00,8323.237389549919
2019-07-03 15:00:00,8448.642842611425
2019-07-03 15:30:00,8526.686319792314
2019-07-03 16:00:00,8765.204598674862
2019-07-03 16:30:00,8918.077340220858
2019-07-03 17:00:00,9638.996483898165
2019-07-03 17:30:00,10248.491380753878
2019-07-03 18:00:00,10819.710554746462
2019-07-03 18:30:00,10975.163634070619
2019-07-03 19:00:00,10939.751889275685
2019-07-03 19:30:00,10832.314357263682
2019-07-03 20:00:00,10648.024953006512
2019-07-03 20:30:00,10551.91928844568
2019-07-03 21:00:00,10288.918051903705
2019-07-03 21:30:00,10073.489114029368
2019-07-03 22:00:00,9721.984879895974
2019-07-03 22:30:00,9620.987104228332
2019-07-03 23:00:00,9281.447181103638
2019-07-03 23:30:00,9104.095494381036
2019-07-04 00:00:00,8908.098891521819
2019-07-04 00:30:00,8743.257135116786
2019-07-04 01:00:00,8494.820966806024
2019-07-04 01:30:00,8295.015799421843
2019-07-04 02:00:00,8023.707848732611
2019-07-04 02:30:00,7811.166734239327
2019-07-04 03:00:00,7524.803577344279
2019-07-04 03:30:00,7358.638387747054
2019-07-04 04:00:00,7265.511712442967
2019-07-04 04:30:00,7322.089066698191
2019-07-04 05:00:00,7498.304589048242
2019-07-04 05:30:00,7831.869051348135
2019-07-04 06:00:00,8367.858940014523
2019-07-04 06:30:00,8987.831872009212
2019-07-04 07:00:00,9811.900471004376
2019-07-04 07:30:00,10209.694596085676
2019-07-04 08:00:00,10569.263736751134
2019-07-04 08:30:00,10462.944152650616
2019-07-04 09:00:00,10216.130893518994
2019-07-04 09:30:00,9959.694333453886
2019-07-04 10:00:00,9710.208276622503
2019-07-04 10:30:00,9481.70484914591
2019-07-04 11:00:00,9262.221857389832
2019-07-04 11:30:00,9029.734012477149
2019-07-04 12:00:00,8934.819614050983
2019-07-04 12:30:00,8802.577084549743
2019-07-04 13:00:00,8779.80511882081
2019-07-04 13:30:00,8715.201441830286
2019-07-04 14:00:00,8717.79003541095
2019-07-04 14:30:00,8763.150835063338
2019-07-04 15:00:00,8788.41397244839
2019-07-04 15:30:00,8881.19915208821
2019-07-04 16:00:00,9150.260313536439
2019-07-04 16:30:00,9423.12026091102
2019-07-04 17:00:00,9880.301551658456
2019-07-04 17:30:00,10344.172589086229
2019-07-04 18:00:00,10720.102887846153
2019-07-04 18:30:00,10701.452982578907
2019-07-04 19:00:00,10563.616383910703
2019-07-04 19:30:00,10373.075071804684
2019-07-04 20:00:00,10172.713295899459
2019-07-04 20:30:00,10013.716341954554
2019-07-04 21:00:00,9730.665552325365
2019-07-04 21:30:00,9508.474255231453
2019-07-04 22:00:00,9209.946012869415
2019-07-04 22:30:00,9114.408517085605
2019-07-04 23:00:00,8767.199363416243
2019-07-04 23:30:00,8656.433465207845
2019-07-05 00:00:00,8392.294477079557
2019-07-05 00:30:00,8321.0434165957
2019-07-05 01:00:00,8042.630084471661
2019-07-05 01:30:00,7884.0613602287485
2019-07-05 02:00:00,7572.939612765913
2019-07-05 02:30:00,7371.65677818782
2019-07-05 03:00:00,7112.500901665125
2019-07-05 03:30:00,6980.219273943324
2019-07-05 04:00:00,6878.825141840089
2019-07-05 04:30:00,6918.144357372651
2019-07-05 05:00:00,7050.211632252133
2019-07-05 05:30:00,7323.061716537986
2019-07-05 06:00:00,7818.111333965454
2019-07-05 06:30:00,8391.326445579583
2019-07-05 07:00:00,9094.538243883202
2019-07-05 07:30:00,9409.177177536581
2019-07-05 08:00:00,9770.453628692077
2019-07-05 08:30:00,9787.062129826354
2019-07-05 09:00:00,9629.974248587667
2019-07-05 09:30:00,9561.710561782435
2019-07-05 10:00:00,9468.892763548822
2019-07-05 10:30:00,9398.47941869204
2019-07-05 11:00:00,9242.013537535548
2019-07-05 11:30:00,9124.709492152937
2019-07-05 12:00:00,9029.000085812593
2019-07-05 12:30:00,8902.67594630746
2019-07-05 13:00:00,8777.651105071087
2019-07-05 13:30:00,8793.219032389374
2019-07-05 14:00:00,8775.851209529086
2019-07-05 14:30:00,8827.506395200046
2019-07-05 15:00:00,8852.690690865527
2019-07-05 15:30:00,8895.080216512151
2019-07-05 16:00:00,9130.912707856933
2019-07-05 16:30:00,9352.35597653261
2019-07-05 17:00:00,9774.052667019816
2019-07-05 17:30:00,10144.297359743272
2019-07-05 18:00:00,10549.252953308784
2019-07-05 18:30:00,10567.922407686308
2019-07-05 19:00:00,10436.95099090549
2019-07-05 19:30:00,10307.8817712533
2019-07-05 20:00:00,10079.03363418768
2019-07-05 20:30:00,10003.631769207586
2019-07-05 21:00:00,9758.181216786026
2019-07-05 21:30:00,9530.15299850737
2019-07-05 22:00:00,9163.81129817699
2019-07-05 22:30:00,9091.297256577951
2019-07-05 23:00:00,8764.772353379047
2019-07-05 23:30:00,8634.601285488232
2019-07-06 00:00:00,7817.315822023932
2019-07-06 00:30:00,7689.570035563934
2019-07-06 01:00:00,7442.216166381517
2019-07-06 01:30:00,7240.7534721622105
2019-07-06 02:00:00,6919.932757856634
2019-07-06 02:30:00,6672.8733841046815
2019-07-06 03:00:00,6403.5955652208395
2019-07-06 03:30:00,6228.44494788369
2019-07-06 04:00:00,6183.51023009555
2019-07-06 04:30:00,6220.56908363337
2019-07-06 05:00:00,6361.541139787038
2019-07-06 05:30:00,6629.91222539576
2019-07-06 06:00:00,7054.548497966447
2019-07-06 06:30:00,7611.634749482201
2019-07-06 07:00:00,8352.632075885425
2019-07-06 07:30:00,8601.240899621102
2019-07-06 08:00:00,8985.880329855065
2019-07-06 08:30:00,8957.912530883954
2019-07-06 09:00:00,8776.929972918544
2019-07-06 09:30:00,8670.198098733972
2019-07-06 10:00:00,8591.678833052156
2019-07-06 10:30:00,8531.911246929394
2019-07-06 11:00:00,8426.00133029703
2019-07-06 11:30:00,8339.073443297859
2019-07-06 12:00:00,8253.102102020817
2019-07-06 12:30:00,8247.334159466915
2019-07-06 13:00:00,8161.923706252652
2019-07-06 13:30:00,8119.025304438294
2019-07-06 14:00:00,8137.442331444197
2019-07-06 14:30:00,8093.065440090304
2019-07-06 15:00:00,8121.890196460216
2019-07-06 15:30:00,8210.997798988392
2019-07-06 16:00:00,8409.908925845762
2019-07-06 16:30:00,8606.452078572596
2019-07-06 17:00:00,8944.68148312385
2019-07-06 17:30:00,9344.365405428194
2019-07-06 18:00:00,9694.19027205439
2019-07-06 18:30:00,9685.416566179303
2019-07-06 19:00:00,9573.53559748107
2019-07-06 19:30:00,9401.580466195046
2019-07-06 20:00:00,9166.346611210764
2019-07-06 20:30:00,9117.554622694168
2019-07-06 21:00:00,8844.377405365345
2019-07-06 21:30:00,8777.98314432725
2019-07-06 22:00:00,8530.357450312795
2019-07-06 22:30:00,8465.439051722442
2019-07-06 23:00:00,8196.485097098808
2019-07-06 23:30:00,8056.059206701579
2019-07-07 00:00:00,8086.454821974745
2019-07-07 00:30:00,7907.617409715672
2019-07-07 01:00:00,7647.829179565009
2019-07-07 01:30:00,7529.068820844937
2019-07-07 02:00:00,7192.727158717017
2019-07-07 02:30:00,6936.77088496626
2019-07-07 03:00:00,6643.414097876519
2019-07-07 03:30:00,6491.695438248677
2019-07-07 04:00:00,6402.228772759299
2019-07-07 04:30:00,6364.545084926962
2019-07-07 05:00:00,6474.447815050282
2019-07-07 05:30:00,6560.421851228415
2019-07-07 06:00:00,6808.030844697879
2019-07-07 06:30:00,7069.598022841848
2019-07-07 07:00:00,7507.694336542785
2019-07-07 07:30:00,7778.114062281411
2019-07-07 08:00:00,8219.259063980786
2019-07-07 08:30:00,8474.691344291494
2019-07-07 09:00:00,8623.935841686478
2019-07-07 09:30:00,8618.927595385709
2019-07-07 10:00:00,8436.322499558079
2019-07-07 10:30:00,8272.646315838923
2019-07-07 11:00:00,8060.112601873388
2019-07-07 11:30:00,7911.756152478913
2019-07-07 12:00:00,7755.110783170961
2019-07-07 12:30:00,7659.05915703583
2019-07-07 13:00:00,7551.722488970282
2019-07-07 13:30:00,7460.206704096953
2019-07-07 14:00:00,7462.310402458129
2019-07-07 14:30:00,7440.632557667625
2019-07-07 15:00:00,7523.717640780524
2019-07-07 15:30:00,7596.5073057588315
2019-07-07 16:00:00,7821.764998813779
2019-07-07 16:30:00,8106.631254521786
2019-07-07 17:00:00,8540.597563608342
2019-07-07 17:30:00,8932.852567086242
2019-07-07 18:00:00,9345.079396039058
2019-07-07 18:30:00,9339.379786837548
2019-07-07 19:00:00,9178.908043120384
2019-07-07 19:30:00,9067.360272456777
2019-07-07 20:00:00,8846.10515130805
2019-07-07 20:30:00,8776.05350754704
2019-07-07 21:00:00,8585.959875923501
2019-07-07 21:30:00,8490.599612689111
2019-07-07 22:00:00,8301.304740570235
2019-07-07 22:30:00,8243.330365586839
2019-07-07 23:00:00,7993.43236973037
2019-07-07 23:30:00,7936.247748477564
2019-07-08 00:00:00,8686.573101880385
2019-07-08 00:30:00,8468.24385044447
2019-07-08 01:00:00,8177.113297975985
2019-07-08 01:30:00,7984.619109478119
2019-07-08 02:00:00,7707.169202025867
2019-07-08 02:30:00,7526.412934479094
2019-07-08 03:00:00,7300.2524752713825
2019-07-08 03:30:00,7221.539811391827
2019-07-08 04:00:00,7159.489698115023
2019-07-08 04:30:00,7114.874299789077
2019-07-08 05:00:00,7215.6611720518185
2019-07-08 05:30:00,7326.2746410046675
2019-07-08 06:00:00,7602.832714651942
2019-07-08 06:30:00,7784.821260557992
2019-07-08 07:00:00,8191.051258501056
2019-07-08 07:30:00,8426.697295990472
2019-07-08 08:00:00,8891.382509317733
2019-07-08 08:30:00,9094.896470758737
2019-07-08 09:00:00,9319.58981262976
2019-07-08 09:30:00,9366.859136269848
2019-07-08 10:00:00,9344.607112148566
2019-07-08 10:30:00,9288.873550049633
2019-07-08 11:00:00,9064.921245637974
2019-07-08 11:30:00,8926.657326405637
2019-07-08 12:00:00,8733.036554184575
2019-07-08 12:30:00,8562.040350836
2019-07-08 13:00:00,8459.935318770958
2019-07-08 13:30:00,8354.74764038652
2019-07-08 14:00:00,8371.494650376777
2019-07-08 14:30:00,8419.617629261882
2019-07-08 15:00:00,8503.971930074096
2019-07-08 15:30:00,8669.649774427213
2019-07-08 16:00:00,8897.564019888096
2019-07-08 16:30:00,9180.583026031038
2019-07-08 17:00:00,9601.93313269479
2019-07-08 17:30:00,10017.858600854051
2019-07-08 18:00:00,10441.518315179683
2019-07-08 18:30:00,10491.756931012189
2019-07-08 19:00:00,10356.93858584569
2019-07-08 19:30:00,10221.390511628577
2019-07-08 20:00:00,9963.67937210165
2019-07-08 20:30:00,9868.011623264365
2019-07-08 21:00:00,9649.301200359778
2019-07-08 21:30:00,9514.810799044317
2019-07-08 22:00:00,9303.796356822582
2019-07-08 22:30:00,9152.547475141913
2019-07-08 23:00:00,8874.103648448585
2019-07-08 23:30:00,8701.307175030888
2019-07-09 00:00:00,7983.735676957354
2019-07-09 00:30:00,7832.725302248738
2019-07-09 01:00:00,7614.438453184262
2019-07-09 01:30:00,7466.109434175449
2019-07-09 02:00:00,7210.578505577549
2019-07-09 02:30:00,7040.679718629634
2019-07-09 03:00:00,6836.927565333727
2019-07-09 03:30:00,6773.310423733492
2019-07-09 04:00:00,6749.308149409415
2019-07-09 04:30:00,6764.994016667831
2019-07-09 05:00:00,6941.723669369202
2019-07-09 05:30:00,7187.700743992811
2019-07-09 06:00:00,7677.941523871003
2019-07-09 06:30:00,8164.321885132222
2019-07-09 07:00:00,8793.827461110886
2019-07-09 07:30:00,9079.119142361918
2019-07-09 08:00:00,9501.023893814952
2019-07-09 08:30:00,9620.074170840984
2019-07-09 09:00:00,9706.348537132326
2019-07-09 09:30:00,9657.064417399306
2019-07-09 10:00:00,9508.926169496439
2019-07-09 10:30:00,9343.459401729711
2019-07-09 11:00:00,9214.39758260527
2019-07-09 11:30:00,8997.750661298349
2019-07-09 12:00:00,8902.193684213555
2019-07-09 12:30:00,8837.179521885148
2019-07-09 13:00:00,8802.16011375894
2019-07-09 13:30:00,8777.296468938863
2019-07-09 14:00:00,8836.87552920443
2019-07-09 14:30:00,8798.286774793169
2019-07-09 15:00:00,8813.96888527561
2019-07-09 15:30:00,8791.415209038012
2019-07-09 16:00:00,8962.42769262229
2019-07-09 16:30:00,9147.93875929264
2019-07-09 17:00:00,9503.881140308587
2019-07-09 17:30:00,9905.581663452034
2019-07-09 18:00:00,10338.901246399846
2019-07-09 18:30:00,10428.191335661028
2019-07-09 19:00:00,10286.320712968996
2019-07-09 19:30:00,10139.251225637947
2019-07-09 20:00:00,9916.350890767442
2019-07-09 20:30:00,9821.229134505105
2019-07-09 21:00:00,9530.088120626187
2019-07-09 21:30:00,9406.416101689027
2019-07-09 22:00:00,9080.754166490615
2019-07-09 22:30:00,9019.55507032426
2019-07-09 23:00:00,8744.434532710915
2019-07-09 23:30:00,8693.746333319967
2019-07-10 00:00:00,8404.595959150813
2019-07-10 00:30:00,8282.835091293144
2019-07-10 01:00:00,8000.077445383413
2019-07-10 01:30:00,7859.391048879231
2019-07-10 02:00:00,7608.915169010867
2019-07-10 02:30:00,7387.710407307244
2019-07-10 03:00:00,7151.47433995588
2019-07-10 03:30:00,7040.981438034955
2019-07-10 04:00:00,6960.906253785423
2019-07-10 04:30:00,6908.365550645821
2019-07-10 05:00:00,7082.323338092922
2019-07-10 05:30:00,7329.999664864009
2019-07-10 06:00:00,7815.296099955859
2019-07-10 06:30:00,8369.745348175958
2019-07-10 07:00:00,9077.371261241737
2019-07-10 07:30:00,9412.970068744842
2019-07-10 08:00:00,9713.861158412818
2019-07-10 08:30:00,9671.712589762865
2019-07-10 09:00:00,9560.94922208633
2019-07-10 09:30:00,9367.881610627854
2019-07-10 10:00:00,9123.123567812832
2019-07-10 10:30:00,8958.786078670393
2019-07-10 11:00:00,8709.291901996889
2019-07-10 11:30:00,8530.478647753234
2019-07-10 12:00:00,8418.153504281681
2019-07-10 12:30:00,8336.23566832945
2019-07-10 13:00:00,8235.862572981137
2019-07-10 13:30:00,8231.139813148364
2019-07-10 14:00:00,8225.743632238908
2019-07-10 14:30:00,8271.873991233157
2019-07-10 15:00:00,8353.180803411831
2019-07-10 15:30:00,8515.196010858444
2019-07-10 16:00:00,8731.554176822792
2019-07-10 16:30:00,8985.688004302354
2019-07-10 17:00:00,9447.835816038205
2019-07-10 17:30:00,10010.65616607089
2019-07-10 18:00:00,10519.515103049207
2019-07-10 18:30:00,10625.504202999131
2019-07-10 19:00:00,10538.816540925945
2019-07-10 19:30:00,10473.429186734045
2019-07-10 20:00:00,10249.129204043573
2019-07-10 20:30:00,10168.298921403275
2019-07-10 21:00:00,9931.056533171573
2019-07-10 21:30:00,9745.30450950455
2019-07-10 22:00:00,9444.100165626298
2019-07-10 22:30:00,9344.449804099091
2019-07-10 23:00:00,9012.89004655938
2019-07-10 23:30:00,8880.18562038635
2019-07-11 00:00:00,8676.099713787004
2019-07-11 00:30:00,8563.476879991988
2019-07-11 01:00:00,8292.167059660213
2019-07-11 01:30:00,8092.322971122646
2019-07-11 02:00:00,7803.292180879992
2019-07-11 02:30:00,7497.724752683041
2019-07-11 03:00:00,7244.393484231743
2019-07-11 03:30:00,7114.581490344906
2019-07-11 04:00:00,7051.680348914878
2019-07-11 04:30:00,7082.8285166647975
2019-07-11 05:00:00,7283.897820746196
2019-07-11 05:30:00,7508.098659749451
2019-07-11 06:00:00,7993.7691090504195
2019-07-11 06:30:00,8559.624634603297
2019-07-11 07:00:00,9294.401162523933
2019-07-11 07:30:00,9608.233420428236
2019-07-11 08:00:00,10007.547202169282
2019-07-11 08:30:00,9987.15024291299
2019-07-11 09:00:00,9825.039175168393
2019-07-11 09:30:00,9587.784218018787
2019-07-11 10:00:00,9332.156204424386
2019-07-11 10:30:00,9150.873316345767
2019-07-11 11:00:00,8917.072242927612
2019-07-11 11:30:00,8730.872440448316
2019-07-11 12:00:00,8602.061989966205
2019-07-11 12:30:00,8487.869334731562
2019-07-11 13:00:00,8468.275110689643
2019-07-11 13:30:00,8446.978339038014
2019-07-11 14:00:00,8455.388913598283
2019-07-11 14:30:00,8468.036978244712
2019-07-11 15:00:00,8562.021267268823
2019-07-11 15:30:00,8647.52289840799
2019-07-11 16:00:00,8845.076102757748
2019-07-11 16:30:00,9109.555907576641
2019-07-11 17:00:00,9631.033389711707
2019-07-11 17:30:00,10134.90071064609
2019-07-11 18:00:00,10716.50694201191
2019-07-11 18:30:00,10829.481790881147
2019-07-11 19:00:00,10755.053239040131
2019-07-11 19:30:00,10610.554226398515
2019-07-11 20:00:00,10434.35241929928
2019-07-11 20:30:00,10266.573878203904
2019-07-11 21:00:00,9989.797925483008
2019-07-11 21:30:00,9884.497561342028
2019-07-11 22:00:00,9568.337811326659
2019-07-11 22:30:00,9477.992853322796
2019-07-11 23:00:00,9152.37564379461
2019-07-11 23:30:00,8925.286981410301
2019-07-12 00:00:00,8651.468434755405
2019-07-12 00:30:00,8474.894011582868
2019-07-12 01:00:00,8211.239303936247
2019-07-12 01:30:00,8010.165741198374
2019-07-12 02:00:00,7696.273933227438
2019-07-12 02:30:00,7441.630584301695
2019-07-12 03:00:00,7153.990151364773
2019-07-12 03:30:00,7010.632085182339
2019-07-12 04:00:00,6894.142430799786
2019-07-12 04:30:00,6938.910258381282
2019-07-12 05:00:00,7076.514850117996
2019-07-12 05:30:00,7349.416522804931
2019-07-12 06:00:00,7795.9522251196895
2019-07-12 06:30:00,8301.361114762412
2019-07-12 07:00:00,8986.14016091439
2019-07-12 07:30:00,9240.861529214077
2019-07-12 08:00:00,9602.036962447928
2019-07-12 08:30:00,9575.104483109219
2019-07-12 09:00:00,9419.753147492402
2019-07-12 09:30:00,9273.246574754787
2019-07-12 10:00:00,9013.2379533131
2019-07-12 10:30:00,8819.090669818075
2019-07-12 11:00:00,8688.243520829652
2019-07-12 11:30:00,8501.945327520507
2019-07-12 12:00:00,8429.205336939232
2019-07-12 12:30:00,8346.261867376152
2019-07-12 13:00:00,8296.264876910755
2019-07-12 13:30:00,8293.903496994368
2019-07-12 14:00:00,8311.695689705753
2019-07-12 14:30:00,8337.245443242984
2019-07-12 15:00:00,8392.990188771082
2019-07-12 15:30:00,8529.448583750709
2019-07-12 16:00:00,8722.770982416941
2019-07-12 16:30:00,8981.991720849664
2019-07-12 17:00:00,9369.438716527715
2019-07-12 17:30:00,9832.766388472332
2019-07-12 18:00:00,10376.374210405987
2019-07-12 18:30:00,10453.023293950499
2019-07-12 19:00:00,10396.187151542254
2019-07-12 19:30:00,10285.421253333854
2019-07-12 20:00:00,10078.238647945393
2019-07-12 20:30:00,9973.563295166106
2019-07-12 21:00:00,9743.916549943093
2019-07-12 21:30:00,9547.309495701831
2019-07-12 22:00:00,9281.919413888774
2019-07-12 22:30:00,9171.982367631525
2019-07-12 23:00:00,8859.768310097763
2019-07-12 23:30:00,8699.216651985545
2019-07-13 00:00:00,7918.438732773567
2019-07-13 00:30:00,7774.549614221326
2019-07-13 01:00:00,7497.90025810482
2019-07-13 01:30:00,7319.463645162078
2019-07-13 02:00:00,7013.618531382346
2019-07-13 02:30:00,6722.513909894814
2019-07-13 03:00:00,6458.398571313461
2019-07-13 03:30:00,6310.989559088715
2019-07-13 04:00:00,6278.329068805063
2019-07-13 04:30:00,6285.986631514834
2019-07-13 05:00:00,6460.433746019388
2019-07-13 05:30:00,6658.889854571885
2019-07-13 06:00:00,7129.570408420316
2019-07-13 06:30:00,7633.328830157672
2019-07-13 07:00:00,8279.083833266635
2019-07-13 07:30:00,8537.711599628468
2019-07-13 08:00:00,8877.435204863348
2019-07-13 08:30:00,8901.985932829766
2019-07-13 09:00:00,8806.586474814885
2019-07-13 09:30:00,8644.848872560886
2019-07-13 10:00:00,8484.719256529734
2019-07-13 10:30:00,8344.256249725287
2019-07-13 11:00:00,8145.649681194225
2019-07-13 11:30:00,8065.286549409304
2019-07-13 12:00:00,7909.8121840379945
2019-07-13 12:30:00,7813.917596063553
2019-07-13 13:00:00,7718.660823867412
2019-07-13 13:30:00,7749.831167819405
2019-07-13 14:00:00,7731.786922263519
2019-07-13 14:30:00,7773.96209895351
2019-07-13 15:00:00,7830.887534439803
2019-07-13 15:30:00,7935.619729803759
2019-07-13 16:00:00,8109.581311191726
2019-07-13 16:30:00,8343.04582840597
2019-07-13 17:00:00,8680.684887978126
2019-07-13 17:30:00,8996.310357021794
2019-07-13 18:00:00,9401.366968508948
2019-07-13 18:30:00,9403.410999733713
2019-07-13 19:00:00,9293.126460515146
2019-07-13 19:30:00,9184.98262539726
2019-07-13 20:00:00,8969.156567187189
2019-07-13 20:30:00,8862.980548666292
2019-07-13 21:00:00,8690.317034131245
2019-07-13 21:30:00,8540.681503948728
2019-07-13 22:00:00,8337.589739448855
2019-07-13 22:30:00,8299.824582805155
2019-07-13 23:00:00,8035.967402223412
2019-07-13 23:30:00,7921.398750966306
2019-07-14 00:00:00,7989.499009431133
2019-07-14 00:30:00,7832.447695881141
2019-07-14 01:00:00,7558.9512781577805
2019-07-14 01:30:00,7346.865001406529
2019-07-14 02:00:00,7069.963713621019
2019-07-14 02:30:00,6784.453074508215
2019-07-14 03:00:00,6509.748819777513
2019-07-14 03:30:00,6363.456595996531
2019-07-14 04:00:00,6225.448762075956
2019-07-14 04:30:00,6218.2910347908155
2019-07-14 05:00:00,6365.584907348718
2019-07-14 05:30:00,6449.271151146446
2019-07-14 06:00:00,6763.1733877323595
2019-07-14 06:30:00,7068.847088034543
2019-07-14 07:00:00,7559.430066449382
2019-07-14 07:30:00,7784.919672262232
2019-07-14 08:00:00,8245.044418100999
2019-07-14 08:30:00,8476.336455783172
2019-07-14 09:00:00,8528.72265129395
2019-07-14 09:30:00,8509.730594041213
2019-07-14 10:00:00,8398.919587058499
2019-07-14 10:30:00,8260.820587262235
2019-07-14 11:00:00,8071.07905650635
2019-07-14 11:30:00,7936.514890587732
2019-07-14 12:00:00,7824.824444499425
2019-07-14 12:30:00,7779.648113393389
2019-07-14 13:00:00,7701.447444076623
2019-07-14 13:30:00,7647.986734152954
2019-07-14 14:00:00,7632.32604471553
2019-07-14 14:30:00,7687.01179700154
2019-07-14 15:00:00,7769.582749763116
2019-07-14 15:30:00,7892.672304996565
2019-07-14 16:00:00,8192.888870191648
2019-07-14 16:30:00,8467.795475882787
2019-07-14 17:00:00,8961.130553589117
2019-07-14 17:30:00,9402.24144709804
2019-07-14 18:00:00,9902.987983624555
2019-07-14 18:30:00,9908.379930155994
2019-07-14 19:00:00,9818.74252500067
2019-07-14 19:30:00,9705.944908680853
2019-07-14 20:00:00,9488.551833190122
2019-07-14 20:30:00,9436.525260401842
2019-07-14 21:00:00,9207.94126519689
2019-07-14 21:30:00,9079.172472217839
2019-07-14 22:00:00,8886.824857281836
2019-07-14 22:30:00,8857.742896958754
2019-07-14 23:00:00,8601.655964843323
2019-07-14 23:30:00,8445.849242765953
2019-07-15 00:00:00,9157.007567022041
2019-07-15 00:30:00,8926.126014677751
2019-07-15 01:00:00,8591.20430692933
2019-07-15 01:30:00,8406.709187848277
2019-07-15 02:00:00,8087.280885365733
2019-07-15 02:30:00,7900.166330285961
2019-07-15 03:00:00,7656.3223068125635
2019-07-15 03:30:00,7572.965724819805
2019-07-15 04:00:00,7513.392949586172
2019-07-15 04:30:00,7487.924841927483
2019-07-15 05:00:00,7580.004536921361
2019-07-15 05:30:00,7694.715931412466
2019-07-15 06:00:00,7956.785749778003
2019-07-15 06:30:00,8165.755382197699
2019-07-15 07:00:00,8619.099647433506
2019-07-15 07:30:00,8933.502701206626
2019-07-15 08:00:00,9358.344060282827
2019-07-15 08:30:00,9549.684166862537
2019-07-15 09:00:00,9635.203268738709
2019-07-15 09:30:00,9642.872499283376
2019-07-15 10:00:00,9518.722064753492
2019-07-15 10:30:00,9333.068254849146
2019-07-15 11:00:00,9105.224669647658
2019-07-15 11:30:00,8928.883499263586
2019-07-15 12:00:00,8828.562037033666
2019-07-15 12:30:00,8704.609140533646
2019-07-15 13:00:00,8645.250081027412
2019-07-15 13:30:00,8583.076762584114
2019-07-15 14:00:00,8597.958955712373
2019-07-15 14:30:00,8630.287813420484
2019-07-15 15:00:00,8804.212435778289
2019-07-15 15:30:00,8973.818677328449
2019-07-15 16:00:00,9316.675588255555
2019-07-15 16:30:00,9648.656111256305
2019-07-15 17:00:00,10125.105082635746
2019-07-15 17:30:00,10614.188975798843
2019-07-15 18:00:00,11178.525400607106
2019-07-15 18:30:00,11350.682744803595
2019-07-15 19:00:00,11248.955580690135
2019-07-15 19:30:00,11131.302324392276
2019-07-15 20:00:00,10892.078797788316
2019-07-15 20:30:00,10785.91771947256
2019-07-15 21:00:00,10483.759559742299
2019-07-15 21:30:00,10287.971671430636
2019-07-15 22:00:00,9985.475933650992
2019-07-15 22:30:00,9774.922184864978
2019-07-15 23:00:00,9399.410961514397
2019-07-15 23:30:00,9274.014887135889
2019-07-16 00:00:00,8470.933358701459
2019-07-16 00:30:00,8274.593224218455
2019-07-16 01:00:00,7944.391649211013
2019-07-16 01:30:00,7816.6829791582295
2019-07-16 02:00:00,7483.7797418914515
2019-07-16 02:30:00,7296.281309513833
2019-07-16 03:00:00,7072.090648716456
2019-07-16 03:30:00,6982.333408599895
2019-07-16 04:00:00,6876.572786508894
2019-07-16 04:30:00,6945.389701886009
2019-07-16 05:00:00,7123.0074991478195
2019-07-16 05:30:00,7410.365387825689
2019-07-16 06:00:00,7901.865699381643
2019-07-16 06:30:00,8477.73491337709
2019-07-16 07:00:00,9177.189133381775
2019-07-16 07:30:00,9532.183247478566
2019-07-16 08:00:00,9948.359154598258
2019-07-16 08:30:00,9973.227231256298
2019-07-16 09:00:00,9886.058113633351
2019-07-16 09:30:00,9697.2213078584
2019-07-16 10:00:00,9493.056952458845
2019-07-16 10:30:00,9341.655641522626
2019-07-16 11:00:00,9207.323088177118
2019-07-16 11:30:00,8986.585477328874
2019-07-16 12:00:00,8853.354675500472
2019-07-16 12:30:00,8715.442594275179
2019-07-16 13:00:00,8631.783626887925
2019-07-16 13:30:00,8582.08639472523
2019-07-16 14:00:00,8579.89293586383
2019-07-16 14:30:00,8557.732822945633
2019-07-16 15:00:00,8598.6277891634
2019-07-16 15:30:00,8739.110345078125
2019-07-16 16:00:00,8978.142754311993
2019-07-16 16:30:00,9249.310508468854
2019-07-16 17:00:00,9709.293721948017
2019-07-16 17:30:00,10248.480723706556
2019-07-16 18:00:00,10952.259130613555
2019-07-16 18:30:00,11026.202055164395
2019-07-16 19:00:00,10982.899494871222
2019-07-16 19:30:00,10856.688863468256
2019-07-16 20:00:00,10591.43611935834
2019-07-16 20:30:00,10481.752520278285
2019-07-16 21:00:00,10235.918267626057
2019-07-16 21:30:00,10100.338331185318
2019-07-16 22:00:00,9720.942689775766
2019-07-16 22:30:00,9560.19425000385
2019-07-16 23:00:00,9195.978422975673
2019-07-16 23:30:00,9029.459413558061
2019-07-17 00:00:00,8717.230766908462
2019-07-17 00:30:00,8569.489465786952
2019-07-17 01:00:00,8355.851789019267
2019-07-17 01:30:00,8163.881593961451
2019-07-17 02:00:00,7854.25788514843
2019-07-17 02:30:00,7602.805413368674
2019-07-17 03:00:00,7361.942349922592
2019-07-17 03:30:00,7232.637250390143
2019-07-17 04:00:00,7173.585841504766
2019-07-17 04:30:00,7148.604256744559
2019-07-17 05:00:00,7374.382149298691
2019-07-17 05:30:00,7668.1993434312035
2019-07-17 06:00:00,8177.980800228874
2019-07-17 06:30:00,8760.9146048632
2019-07-17 07:00:00,9485.694366359752
2019-07-17 07:30:00,9807.356165339657
2019-07-17 08:00:00,10121.283628789872
2019-07-17 08:30:00,10096.769194885044
2019-07-17 09:00:00,9925.07972732963
2019-07-17 09:30:00,9702.743059909926
2019-07-17 10:00:00,9448.495145025208
2019-07-17 10:30:00,9206.229491550217
2019-07-17 11:00:00,8951.321192143198
2019-07-17 11:30:00,8684.600574439843
2019-07-17 12:00:00,8558.365207552302
2019-07-17 12:30:00,8440.077253871197
2019-07-17 13:00:00,8355.87211684182
2019-07-17 13:30:00,8293.21408024621
2019-07-17 14:00:00,8253.72326087494
2019-07-17 14:30:00,8346.090073901492
2019-07-17 15:00:00,8407.22168884462
2019-07-17 15:30:00,8546.164480797173
2019-07-17 16:00:00,8766.623199391574
2019-07-17 16:30:00,9000.1933434326
2019-07-17 17:00:00,9387.662515312724
2019-07-17 17:30:00,9935.90147341741
2019-07-17 18:00:00,10527.133084089992
2019-07-17 18:30:00,10671.081495251523
2019-07-17 19:00:00,10609.36753666316
2019-07-17 19:30:00,10468.122657403508
2019-07-17 20:00:00,10222.30957229143
2019-07-17 20:30:00,10132.466431525541
2019-07-17 21:00:00,9837.763798661765
2019-07-17 21:30:00,9696.20157071049
2019-07-17 22:00:00,9387.539072873959
2019-07-17 22:30:00,9225.137538104882
2019-07-17 23:00:00,8926.20181076283
2019-07-17 23:30:00,8795.740824566057
2019-07-18 00:00:00,8621.923479035573
2019-07-18 00:30:00,8484.49629302977
2019-07-18 01:00:00,8210.02828012126
2019-07-18 01:30:00,8037.010221749995
2019-07-18 02:00:00,7750.060756206496
2019-07-18 02:30:00,7505.571857143976
2019-07-18 03:00:00,7234.599395017794
2019-07-18 03:30:00,7086.327041526478
2019-07-18 04:00:00,6970.1690307622375
2019-07-18 04:30:00,7047.865924119672
2019-07-18 05:00:00,7218.926025096991
2019-07-18 05:30:00,7501.408724686537
2019-07-18 06:00:00,8008.636628813261
2019-07-18 06:30:00,8597.013791312933
2019-07-18 07:00:00,9307.236964175356
2019-07-18 07:30:00,9614.289940841601
2019-07-18 08:00:00,9941.24934623609
2019-07-18 08:30:00,9835.781435567245
2019-07-18 09:00:00,9692.541858043462
2019-07-18 09:30:00,9466.960920330519
2019-07-18 10:00:00,9239.954952200753
2019-07-18 10:30:00,9016.322281974519
2019-07-18 11:00:00,8790.490865774169
2019-07-18 11:30:00,8581.420038365653
2019-07-18 12:00:00,8391.452217029544
2019-07-18 12:30:00,8231.520139028255
2019-07-18 13:00:00,8150.965325792035
2019-07-18 13:30:00,8160.135222078314
2019-07-18 14:00:00,8146.575229383147
2019-07-18 14:30:00,8177.0542104344
2019-07-18 15:00:00,8273.758953378876
2019-07-18 15:30:00,8402.038419300476
2019-07-18 16:00:00,8615.051297049944
2019-07-18 16:30:00,8861.88202691857
2019-07-18 17:00:00,9336.70270659472
2019-07-18 17:30:00,9777.105315184419
2019-07-18 18:00:00,10377.258629149672
2019-07-18 18:30:00,10446.001956990807
2019-07-18 19:00:00,10430.89321246028
2019-07-18 19:30:00,10348.978003599841
2019-07-18 20:00:00,10121.526887262393
2019-07-18 20:30:00,10020.873068326413
2019-07-18 21:00:00,9769.602516738594
2019-07-18 21:30:00,9587.144192885373
2019-07-18 22:00:00,9246.371795202502
2019-07-18 22:30:00,9169.353951632462
2019-07-18 23:00:00,8820.902833582271
2019-07-18 23:30:00,8740.662895921068
2019-07-19 00:00:00,8471.130695651922
2019-07-19 00:30:00,8334.094445873721
2019-07-19 01:00:00,8066.472065742319
2019-07-19 01:30:00,7891.971085993554
2019-07-19 02:00:00,7650.867315321932
2019-07-19 02:30:00,7409.956957262758
2019-07-19 03:00:00,7141.063015676762
2019-07-19 03:30:00,7031.194948050354
2019-07-19 04:00:00,6947.752299383867
2019-07-19 04:30:00,6974.293020149347
2019-07-19 05:00:00,7152.987862355913
2019-07-19 05:30:00,7402.5707313013545
2019-07-19 06:00:00,7904.630900942002
2019-07-19 06:30:00,8455.701016910249
2019-07-19 07:00:00,9099.10187609976
2019-07-19 07:30:00,9404.470540823666
2019-07-19 08:00:00,9722.65098615948
2019-07-19 08:30:00,9681.223192609275
2019-07-19 09:00:00,9526.346066777594
2019-07-19 09:30:00,9319.363622997993
2019-07-19 10:00:00,9048.53201027287
2019-07-19 10:30:00,8834.101275623716
2019-07-19 11:00:00,8624.652166698936
2019-07-19 11:30:00,8371.312701855104
2019-07-19 12:00:00,8270.838810369632
2019-07-19 12:30:00,8158.889595111246
2019-07-19 13:00:00,8098.7557220795625
2019-07-19 13:30:00,8045.30732526924
2019-07-19 14:00:00,8027.066298053655
2019-07-19 14:30:00,8061.030683461993
2019-07-19 15:00:00,8137.853242779948
2019-07-19 15:30:00,8332.566890305827
2019-07-19 16:00:00,8510.168932398223
2019-07-19 16:30:00,8797.888522171865
2019-07-19 17:00:00,9246.121501586591
2019-07-19 17:30:00,9691.237183987509
2019-07-19 18:00:00,10356.527854404889
2019-07-19 18:30:00,10505.607705990908
2019-07-19 19:00:00,10493.074867400575
2019-07-19 19:30:00,10441.023491318425
2019-07-19 20:00:00,10278.827671373232
2019-07-19 20:30:00,10215.13676516984
2019-07-19 21:00:00,9985.501687781723
2019-07-19 21:30:00,9749.16691448336
2019-07-19 22:00:00,9449.970307768279
2019-07-19 22:30:00,9378.388763133828
2019-07-19 23:00:00,9032.200634170176
2019-07-19 23:30:00,8894.1068885575
2019-07-20 00:00:00,8121.9307989303525
2019-07-20 00:30:00,7976.595230129378
2019-07-20 01:00:00,7743.495718161784
2019-07-20 01:30:00,7500.6058756707225
2019-07-20 02:00:00,7189.899867729359
2019-07-20 02:30:00,6989.960015453738
2019-07-20 03:00:00,6740.615791530324
2019-07-20 03:30:00,6633.52221624998
2019-07-20 04:00:00,6547.971634844301
2019-07-20 04:30:00,6594.830473146504
2019-07-20 05:00:00,6806.333814097084
2019-07-20 05:30:00,7041.42136883103
2019-07-20 06:00:00,7536.017953262635
2019-07-20 06:30:00,8056.455836578453
2019-07-20 07:00:00,8782.224760557088
2019-07-20 07:30:00,9120.654725923754
2019-07-20 08:00:00,9502.543644759895
2019-07-20 08:30:00,9479.896009530412
2019-07-20 09:00:00,9299.757243721293
2019-07-20 09:30:00,9039.36550135193
2019-07-20 10:00:00,8763.097589691217
2019-07-20 10:30:00,8510.830560887001
2019-07-20 11:00:00,8206.512497598627
2019-07-20 11:30:00,8015.2921357052155
2019-07-20 12:00:00,7836.98847071704
2019-07-20 12:30:00,7708.721317908787
2019-07-20 13:00:00,7600.26523430768
2019-07-20 13:30:00,7552.282371564778
2019-07-20 14:00:00,7501.56005738553
2019-07-20 14:30:00,7539.868579512385
2019-07-20 15:00:00,7608.310350996202
2019-07-20 15:30:00,7737.531999903941
2019-07-20 16:00:00,7947.780248396073
2019-07-20 16:30:00,8261.918187157102
2019-07-20 17:00:00,8698.823908025795
2019-07-20 17:30:00,9169.253464083684
2019-07-20 18:00:00,9735.892621477493
2019-07-20 18:30:00,9758.338220863689
2019-07-20 19:00:00,9759.961171591154
2019-07-20 19:30:00,9626.749851063736
2019-07-20 20:00:00,9486.183091666935
2019-07-20 20:30:00,9428.582730892656
2019-07-20 21:00:00,9242.510810179598
2019-07-20 21:30:00,9155.767214659605
2019-07-20 22:00:00,8909.742559029954
2019-07-20 22:30:00,8842.487583817083
2019-07-20 23:00:00,8538.90268417824
2019-07-20 23:30:00,8446.713103701106
2019-07-21 00:00:00,8480.906665014789
2019-07-21 00:30:00,8302.701323047166
2019-07-21 01:00:00,8036.857213849987
2019-07-21 01:30:00,7844.800941075668
2019-07-21 02:00:00,7500.6837762978475
2019-07-21 02:30:00,7254.842208911303
2019-07-21 03:00:00,6964.754495408667
2019-07-21 03:30:00,6824.198351957962
2019-07-21 04:00:00,6700.449952368623
2019-07-21 04:30:00,6646.334995951429
2019-07-21 05:00:00,6741.3611616572025
2019-07-21 05:30:00,6826.781323985005
2019-07-21 06:00:00,7172.269644044385
2019-07-21 06:30:00,7491.9662535190955
2019-07-21 07:00:00,8036.931930455014
2019-07-21 07:30:00,8353.649384648577
2019-07-21 08:00:00,8834.091248611265
2019-07-21 08:30:00,8995.495739622876
2019-07-21 09:00:00,8976.740110968918
2019-07-21 09:30:00,8905.576110602107
2019-07-21 10:00:00,8644.812224745254
2019-07-21 10:30:00,8370.550002458911
2019-07-21 11:00:00,8049.07020946438
2019-07-21 11:30:00,7770.028561827769
2019-07-21 12:00:00,7560.392260543323
2019-07-21 12:30:00,7354.464685506401
2019-07-21 13:00:00,7230.617907136427
2019-07-21 13:30:00,7198.936059924906
2019-07-21 14:00:00,7147.874220851962
2019-07-21 14:30:00,7153.910550788198
2019-07-21 15:00:00,7204.2927619838665
2019-07-21 15:30:00,7327.633137302713
2019-07-21 16:00:00,7539.64979364034
2019-07-21 16:30:00,7890.615137896894
2019-07-21 17:00:00,8356.723386120591
2019-07-21 17:30:00,8808.800014146953
2019-07-21 18:00:00,9388.918715230135
2019-07-21 18:30:00,9482.955545272334
2019-07-21 19:00:00,9415.960344095729
2019-07-21 19:30:00,9333.651571915892
2019-07-21 20:00:00,9149.41883317622
2019-07-21 20:30:00,9104.137697589025
2019-07-21 21:00:00,8981.262747116769
2019-07-21 21:30:00,8889.567747880676
2019-07-21 22:00:00,8716.529538889032
2019-07-21 22:30:00,8684.205935364509
2019-07-21 23:00:00,8427.004841897107
2019-07-21 23:30:00,8271.13421830531
2019-07-22 00:00:00,9029.548224951755
2019-07-22 00:30:00,8823.203105647193
2019-07-22 01:00:00,8518.73575272333
2019-07-22 01:30:00,8349.10996206289
2019-07-22 02:00:00,8089.033506181636
2019-07-22 02:30:00,7887.2391683440155
2019-07-22 03:00:00,7601.630453518512
2019-07-22 03:30:00,7528.998471979342
2019-07-22 04:00:00,7428.413642716977
2019-07-22 04:30:00,7410.585353403948
2019-07-22 05:00:00,7500.543980199663
2019-07-22 05:30:00,7619.252927585829
2019-07-22 06:00:00,7918.482617410829
2019-07-22 06:30:00,8160.110946410782
2019-07-22 07:00:00,8602.204167728332
2019-07-22 07:30:00,8904.022881302275
2019-07-22 08:00:00,9307.5551556135
2019-07-22 08:30:00,9441.698150759881
2019-07-22 09:00:00,9481.686279364005
2019-07-22 09:30:00,9345.734133460319
2019-07-22 10:00:00,9123.26826136314
2019-07-22 10:30:00,8845.97990429971
2019-07-22 11:00:00,8566.043217703716
2019-07-22 11:30:00,8343.530140080218
2019-07-22 12:00:00,8127.343378508214
2019-07-22 12:30:00,8009.6014174020565
2019-07-22 13:00:00,7914.602701288249
2019-07-22 13:30:00,7862.398895950549
2019-07-22 14:00:00,7846.652128796621
2019-07-22 14:30:00,7865.070763088746
2019-07-22 15:00:00,7961.337590309676
2019-07-22 15:30:00,8098.4526818074455
2019-07-22 16:00:00,8338.946013283916
2019-07-22 16:30:00,8608.202616361283
2019-07-22 17:00:00,9092.906731426525
2019-07-22 17:30:00,9522.94726300403
2019-07-22 18:00:00,10104.392024371198
2019-07-22 18:30:00,10295.088569891737
2019-07-22 19:00:00,10272.42853475667
2019-07-22 19:30:00,10170.431910585394
2019-07-22 20:00:00,9980.332838461969
2019-07-22 20:30:00,9931.400733803168
2019-07-22 21:00:00,9729.96998054487
2019-07-22 21:30:00,9570.427034025015
2019-07-22 22:00:00,9288.172376808696
2019-07-22 22:30:00,9136.478520474722
2019-07-22 23:00:00,8861.309021552088
2019-07-22 23:30:00,8759.769685147463
2019-07-23 00:00:00,8039.938509076208
2019-07-23 00:30:00,7902.237504437306
2019-07-23 01:00:00,7683.065137904183
2019-07-23 01:30:00,7528.32559768284
2019-07-23 02:00:00,7266.8690430919
2019-07-23 02:30:00,7097.019040386097
2019-07-23 03:00:00,6884.345360864693
2019-07-23 03:30:00,6828.6587782617025
2019-07-23 04:00:00,6806.176718789516
2019-07-23 04:30:00,6884.857520445445
2019-07-23 05:00:00,7072.095442830426
2019-07-23 05:30:00,7380.019642038624
2019-07-23 06:00:00,7903.405818462731
2019-07-23 06:30:00,8466.1570127974
2019-07-23 07:00:00,9223.278122182586
2019-07-23 07:30:00,9536.357742763515
2019-07-23 08:00:00,9866.867099307969
2019-07-23 08:30:00,9829.505192005217
2019-07-23 09:00:00,9840.75876645534
2019-07-23 09:30:00,9706.450029527261
2019-07-23 10:00:00,9546.01998682297
2019-07-23 10:30:00,9345.002267256968
2019-07-23 11:00:00,9105.14513772512
2019-07-23 11:30:00,8837.423689704785
2019-07-23 12:00:00,8641.610888841373
2019-07-23 12:30:00,8432.328339568017
2019-07-23 13:00:00,8280.393195195009
2019-07-23 13:30:00,8222.339978492042
2019-07-23 14:00:00,8234.782595262792
2019-07-23 14:30:00,8244.286762259178
2019-07-23 15:00:00,8329.084232978526
2019-07-23 15:30:00,8382.554805990923
2019-07-23 16:00:00,8560.744565970623
2019-07-23 16:30:00,8773.645399746332
2019-07-23 17:00:00,9192.929298983247
2019-07-23 17:30:00,9600.720367555805
2019-07-23 18:00:00,10215.457523473677
2019-07-23 18:30:00,10300.959154612843
2019-07-23 19:00:00,10246.58015585904
2019-07-23 19:30:00,10076.5067634535
2019-07-23 20:00:00,9912.515927622775
2019-07-23 20:30:00,9795.797795381297
2019-07-23 21:00:00,9576.039739730964
2019-07-23 21:30:00,9401.462545354425
2019-07-23 22:00:00,9078.247890721728
2019-07-23 22:30:00,9071.114966730456
2019-07-23 23:00:00,8744.176951101874
2019-07-23 23:30:00,8659.364055771654
2019-07-24 00:00:00,8362.14079915363
2019-07-24 00:30:00,8303.032713707984
2019-07-24 01:00:00,8045.468374423298
2019-07-24 01:30:00,7902.887748858108
2019-07-24 02:00:00,7591.952919966243
2019-07-24 02:30:00,7377.803062879948
2019-07-24 03:00:00,7110.185574990201
2019-07-24 03:30:00,6965.376449653894
2019-07-24 04:00:00,6885.006092914814
2019-07-24 04:30:00,6911.295993594895
2019-07-24 05:00:00,7097.729867322596
2019-07-24 05:30:00,7354.212584538021
2019-07-24 06:00:00,7898.098542886232
2019-07-24 06:30:00,8448.120203763106
2019-07-24 07:00:00,9297.3129536853
2019-07-24 07:30:00,9657.829267367006
2019-07-24 08:00:00,9860.720463413141
2019-07-24 08:30:00,9592.338692370067
2019-07-24 09:00:00,9303.83713358129
2019-07-24 09:30:00,9024.509999476682
2019-07-24 10:00:00,8755.552244356662
2019-07-24 10:30:00,8507.16418322893
2019-07-24 11:00:00,8276.368873131958
2019-07-24 11:30:00,8123.063470046003
2019-07-24 12:00:00,7978.7711699621095
2019-07-24 12:30:00,7885.823697978011
2019-07-24 13:00:00,7774.317498651571
2019-07-24 13:30:00,7817.247762689555
2019-07-24 14:00:00,7838.252363470552
2019-07-24 14:30:00,7871.346171615386
2019-07-24 15:00:00,7969.482424603455
2019-07-24 15:30:00,8027.075549380799
2019-07-24 16:00:00,8268.530612953691
2019-07-24 16:30:00,8507.546741951857
2019-07-24 17:00:00,8896.427874765293
2019-07-24 17:30:00,9264.732181277424
2019-07-24 18:00:00,9871.598247874514
2019-07-24 18:30:00,10005.095877215554
2019-07-24 19:00:00,9946.87700900583
2019-07-24 19:30:00,9867.331061337161
2019-07-24 20:00:00,9677.46343725603
2019-07-24 20:30:00,9620.097151615842
2019-07-24 21:00:00,9412.531677591458
2019-07-24 21:30:00,9229.269305080954
2019-07-24 22:00:00,8954.866365142308
2019-07-24 22:30:00,8910.954819897624
2019-07-24 23:00:00,8632.073254547926
2019-07-24 23:30:00,8519.964374037056
2019-07-25 00:00:00,8349.66927012812
2019-07-25 00:30:00,8235.973823226312
2019-07-25 01:00:00,8021.25122023849
2019-07-25 01:30:00,7829.135654854881
2019-07-25 02:00:00,7570.591726938863
2019-07-25 02:30:00,7357.6394818292465
2019-07-25 03:00:00,7077.152344339502
2019-07-25 03:30:00,6972.838515588812
2019-07-25 04:00:00,6917.122531829587
2019-07-25 04:30:00,6949.734248913902
2019-07-25 05:00:00,7082.618707909636
2019-07-25 05:30:00,7318.478449077238
2019-07-25 06:00:00,7800.356008418226
2019-07-25 06:30:00,8429.523639993064
2019-07-25 07:00:00,9141.607535001618
2019-07-25 07:30:00,9457.056416774316
2019-07-25 08:00:00,9713.093778211469
2019-07-25 08:30:00,9505.702653840151
2019-07-25 09:00:00,9219.249558114101
2019-07-25 09:30:00,8915.89025823236
2019-07-25 10:00:00,8783.18705750251
2019-07-25 10:30:00,8577.559909138725
2019-07-25 11:00:00,8407.496544352729
2019-07-25 11:30:00,8291.71271382201
2019-07-25 12:00:00,8174.217208772584
2019-07-25 12:30:00,8094.49846039246
2019-07-25 13:00:00,8023.839395658681
2019-07-25 13:30:00,7990.015126392546
2019-07-25 14:00:00,8019.414809934372
2019-07-25 14:30:00,8049.347798410677
2019-07-25 15:00:00,8145.243238514283
2019-07-25 15:30:00,8256.031312924757
2019-07-25 16:00:00,8519.320099981122
2019-07-25 16:30:00,8770.143128561222
2019-07-25 17:00:00,9159.142201314788
2019-07-25 17:30:00,9593.356050712697
2019-07-25 18:00:00,10214.252907757698
2019-07-25 18:30:00,10347.24083858538
2019-07-25 19:00:00,10293.102973895424
2019-07-25 19:30:00,10220.338112210986
2019-07-25 20:00:00,10029.61157870125
2019-07-25 20:30:00,9934.68660409861
2019-07-25 21:00:00,9677.005531298262
2019-07-25 21:30:00,9484.087722003542
2019-07-25 22:00:00,9201.18144538549
2019-07-25 22:30:00,9146.717278053047
2019-07-25 23:00:00,8846.34215939202
2019-07-25 23:30:00,8770.832040493347
2019-07-26 00:00:00,8510.29348813671
2019-07-26 00:30:00,8449.362956419865
2019-07-26 01:00:00,8188.620875448167
2019-07-26 01:30:00,8093.934407817581
2019-07-26 02:00:00,7807.162174823501
2019-07-26 02:30:00,7573.6168340763425
2019-07-26 03:00:00,7302.867761649899
2019-07-26 03:30:00,7157.957618391949
2019-07-26 04:00:00,7133.589211134136
2019-07-26 04:30:00,7190.277446399732
2019-07-26 05:00:00,7359.325378375914
2019-07-26 05:30:00,7631.47178664768
2019-07-26 06:00:00,8188.262060978486
2019-07-26 06:30:00,8832.633291684044
2019-07-26 07:00:00,9632.465707245441
2019-07-26 07:30:00,9999.241917630297
2019-07-26 08:00:00,10277.623683464824
2019-07-26 08:30:00,10052.025178454947
2019-07-26 09:00:00,9745.49131269651
2019-07-26 09:30:00,9523.02439222333
2019-07-26 10:00:00,9288.968773659823
2019-07-26 10:30:00,9118.880263981966
2019-07-26 11:00:00,8864.566918459184
2019-07-26 11:30:00,8658.720812233625
2019-07-26 12:00:00,8504.904150764616
2019-07-26 12:30:00,8334.641035629136
2019-07-26 13:00:00,8241.19702368264
2019-07-26 13:30:00,8164.855425741023
2019-07-26 14:00:00,8159.32899177809
2019-07-26 14:30:00,8182.197389615516
2019-07-26 15:00:00,8278.400315322016
2019-07-26 15:30:00,8358.98240496871
2019-07-26 16:00:00,8539.091197303287
2019-07-26 16:30:00,8830.488364188572
2019-07-26 17:00:00,9243.342370169852
2019-07-26 17:30:00,9706.514985767126
2019-07-26 18:00:00,10328.343517431089
2019-07-26 18:30:00,10482.47053647126
2019-07-26 19:00:00,10483.5599848043
2019-07-26 19:30:00,10400.019111332365
2019-07-26 20:00:00,10237.053732045311
2019-07-26 20:30:00,10149.158858766132
2019-07-26 21:00:00,9969.351911872638
2019-07-26 21:30:00,9761.912180326384
2019-07-26 22:00:00,9447.46679973081
2019-07-26 22:30:00,9316.432390573425
2019-07-26 23:00:00,8992.461040045468
2019-07-26 23:30:00,8835.375237180055
2019-07-27 00:00:00,8063.003229093903
2019-07-27 00:30:00,7852.973296680762
2019-07-27 01:00:00,7640.282411804357
2019-07-27 01:30:00,7453.04728969266
2019-07-27 02:00:00,7203.203480115748
2019-07-27 02:30:00,6956.382613335848
2019-07-27 03:00:00,6699.937327644789
2019-07-27 03:30:00,6582.896592528099
2019-07-27 04:00:00,6459.548992255092
2019-07-27 04:30:00,6523.480855455156
2019-07-27 05:00:00,6677.106230438843
2019-07-27 05:30:00,6967.543647041054
2019-07-27 06:00:00,7492.573055373594
2019-07-27 06:30:00,8069.556430721011
2019-07-27 07:00:00,8870.50300763438
2019-07-27 07:30:00,9264.533477887531
2019-07-27 08:00:00,9598.525611697274
2019-07-27 08:30:00,9525.526674878744
2019-07-27 09:00:00,9298.785322103586
2019-07-27 09:30:00,9099.976376131244
2019-07-27 10:00:00,8926.298237779876
2019-07-27 10:30:00,8787.672617451768
2019-07-27 11:00:00,8562.047668932668
2019-07-27 11:30:00,8443.858106081412
2019-07-27 12:00:00,8315.286162571354
2019-07-27 12:30:00,8225.58558797229
2019-07-27 13:00:00,8201.745618041703
2019-07-27 13:30:00,8136.487694557653
2019-07-27 14:00:00,8062.729436013114
2019-07-27 14:30:00,7995.880337232988
2019-07-27 15:00:00,8037.8380534688185
2019-07-27 15:30:00,8156.443355841547
2019-07-27 16:00:00,8364.635082928391
2019-07-27 16:30:00,8606.120845761523
2019-07-27 17:00:00,8966.941042957587
2019-07-27 17:30:00,9389.033271173737
2019-07-27 18:00:00,9831.463457798538
2019-07-27 18:30:00,9814.652743753799
2019-07-27 19:00:00,9714.797632499274
2019-07-27 19:30:00,9584.245491469585
2019-07-27 20:00:00,9356.054227989283
2019-07-27 20:30:00,9252.918462104992
2019-07-27 21:00:00,9059.998104455859
2019-07-27 21:30:00,8875.58445418617
2019-07-27 22:00:00,8605.929077374167
2019-07-27 22:30:00,8599.120561004274
2019-07-27 23:00:00,8292.800267239927
2019-07-27 23:30:00,8219.619666034016
2019-07-28 00:00:00,8234.7280334487
2019-07-28 00:30:00,8103.978933692136
2019-07-28 01:00:00,7809.662758261253
2019-07-28 01:30:00,7630.788229594965
2019-07-28 02:00:00,7306.583128853947
2019-07-28 02:30:00,7111.038824630748
2019-07-28 03:00:00,6792.690766759248
2019-07-28 03:30:00,6634.830150368387
2019-07-28 04:00:00,6571.319114848981
2019-07-28 04:30:00,6572.9032312153
2019-07-28 05:00:00,6648.283093174812
2019-07-28 05:30:00,6777.492428969205
2019-07-28 06:00:00,7108.660040274715
2019-07-28 06:30:00,7366.60893391633
2019-07-28 07:00:00,7838.214795283572
2019-07-28 07:30:00,8149.542930037492
2019-07-28 08:00:00,8511.551647060458
2019-07-28 08:30:00,8574.79920628954
2019-07-28 09:00:00,8589.63920301839
2019-07-28 09:30:00,8444.957703643764
2019-07-28 10:00:00,8227.136572005416
2019-07-28 10:30:00,8011.746555284462
2019-07-28 11:00:00,7781.211928361619
2019-07-28 11:30:00,7604.809483554913
2019-07-28 12:00:00,7491.246984607672
2019-07-28 12:30:00,7385.759701895722
2019-07-28 13:00:00,7389.35647856644
2019-07-28 13:30:00,7447.508086099256
2019-07-28 14:00:00,7481.2395932462505
2019-07-28 14:30:00,7497.924309008302
2019-07-28 15:00:00,7580.1682270567035
2019-07-28 15:30:00,7674.008275439204
2019-07-28 16:00:00,7806.9531938933
2019-07-28 16:30:00,8054.332543428669
2019-07-28 17:00:00,8425.227703489938
2019-07-28 17:30:00,8824.744079266415
2019-07-28 18:00:00,9313.988751789273
2019-07-28 18:30:00,9418.43102884727
2019-07-28 19:00:00,9333.91257393591
2019-07-28 19:30:00,9198.723573722775
2019-07-28 20:00:00,8994.33302797731
2019-07-28 20:30:00,8906.098629804435
2019-07-28 21:00:00,8733.397998862174
2019-07-28 21:30:00,8646.880597200887
2019-07-28 22:00:00,8445.03605126543
2019-07-28 22:30:00,8398.585716487765
2019-07-28 23:00:00,8235.4170212246
2019-07-28 23:30:00,8155.425276557003
2019-07-29 00:00:00,8930.059294859155
2019-07-29 00:30:00,8776.429484151819
2019-07-29 01:00:00,8497.105831265266
2019-07-29 01:30:00,8361.9956727717
2019-07-29 02:00:00,8036.041713295466
2019-07-29 02:30:00,7874.897083112358
2019-07-29 03:00:00,7668.55490601674
2019-07-29 03:30:00,7575.575571809015
2019-07-29 04:00:00,7504.451325983989
2019-07-29 04:30:00,7485.461895823046
2019-07-29 05:00:00,7618.196552655025
2019-07-29 05:30:00,7670.5945125606295
2019-07-29 06:00:00,8029.365594649684
2019-07-29 06:30:00,8184.254937034782
2019-07-29 07:00:00,8665.173437922302
2019-07-29 07:30:00,8865.248152156539
2019-07-29 08:00:00,9244.239384522898
2019-07-29 08:30:00,9367.17568815517
2019-07-29 09:00:00,9401.00248795317
2019-07-29 09:30:00,9301.853766596763
2019-07-29 10:00:00,9138.280471520879
2019-07-29 10:30:00,8943.503099547746
2019-07-29 11:00:00,8713.465503890562
2019-07-29 11:30:00,8523.565948097548
2019-07-29 12:00:00,8325.42906079214
2019-07-29 12:30:00,8270.485252423796
2019-07-29 13:00:00,8191.627886588885
2019-07-29 13:30:00,8156.224109861571
2019-07-29 14:00:00,8167.016258726955
2019-07-29 14:30:00,8215.00880749141
2019-07-29 15:00:00,8292.23479321749
2019-07-29 15:30:00,8452.49127884016
2019-07-29 16:00:00,8713.956797279701
2019-07-29 16:30:00,9044.911686669602
2019-07-29 17:00:00,9436.49109720133
2019-07-29 17:30:00,9910.767581644897
2019-07-29 18:00:00,10540.910549603952
2019-07-29 18:30:00,10719.067107329462
2019-07-29 19:00:00,10716.434626146709
2019-07-29 19:30:00,10584.273565456831
2019-07-29 20:00:00,10396.597147672428
2019-07-29 20:30:00,10266.372041355913
2019-07-29 21:00:00,10079.419680290624
2019-07-29 21:30:00,9917.313318011096
2019-07-29 22:00:00,9606.277127144831
2019-07-29 22:30:00,9478.993882635072
2019-07-29 23:00:00,9156.975408498962
2019-07-29 23:30:00,8996.576179642296
2019-07-30 00:00:00,8285.533067884344
2019-07-30 00:30:00,8162.49049214684
2019-07-30 01:00:00,7893.925929029297
2019-07-30 01:30:00,7809.627164050398
2019-07-30 02:00:00,7534.738045266026
2019-07-30 02:30:00,7362.477878401725
2019-07-30 03:00:00,7146.84721980125
2019-07-30 03:30:00,7073.250879073866
2019-07-30 04:00:00,7018.531116726482
2019-07-30 04:30:00,7099.113206373177
2019-07-30 05:00:00,7325.117115718838
2019-07-30 05:30:00,7629.405463127747
2019-07-30 06:00:00,8184.468877858235
2019-07-30 06:30:00,8783.98112614938
2019-07-30 07:00:00,9651.432845111214
2019-07-30 07:30:00,10028.126980200585
2019-07-30 08:00:00,10345.326144329698
2019-07-30 08:30:00,10226.046401074716
2019-07-30 09:00:00,10008.991524961775
2019-07-30 09:30:00,9776.095176524554
2019-07-30 10:00:00,9546.324402070275
2019-07-30 10:30:00,9352.565427711057
2019-07-30 11:00:00,9099.664043121587
2019-07-30 11:30:00,8954.86197671504
2019-07-30 12:00:00,8796.177185087463
2019-07-30 12:30:00,8636.193695752268
2019-07-30 13:00:00,8535.053022875441
2019-07-30 13:30:00,8591.403537993509
2019-07-30 14:00:00,8624.15113684201
2019-07-30 14:30:00,8710.400796399412
2019-07-30 15:00:00,8838.219217778387
2019-07-30 15:30:00,8941.726370780001
2019-07-30 16:00:00,9178.88935424673
2019-07-30 16:30:00,9460.019385512254
2019-07-30 17:00:00,9860.311227496431
2019-07-30 17:30:00,10277.756910507582
2019-07-30 18:00:00,10805.506886816993
2019-07-30 18:30:00,10839.023670480232
2019-07-30 19:00:00,10715.141647632161
2019-07-30 19:30:00,10525.761476374058
2019-07-30 20:00:00,10298.101265263565
2019-07-30 20:30:00,10142.461912646886
2019-07-30 21:00:00,9837.174795471723
2019-07-30 21:30:00,9626.028074614818
2019-07-30 22:00:00,9309.752366472665
2019-07-30 22:30:00,9218.861415893853
2019-07-30 23:00:00,8866.058925128214
2019-07-30 23:30:00,8732.697625369863
2019-07-31 00:00:00,8396.005839240514
2019-07-31 00:30:00,8318.200869031678
2019-07-31 01:00:00,8080.039072337613
2019-07-31 01:30:00,7906.322592135851
2019-07-31 02:00:00,7621.058083813138
2019-07-31 02:30:00,7392.956277998502
2019-07-31 03:00:00,7168.8398500155545
2019-07-31 03:30:00,7016.51853229527
2019-07-31 04:00:00,6931.25786919555
2019-07-31 04:30:00,6956.814681662536
2019-07-31 05:00:00,7090.036038460174
2019-07-31 05:30:00,7357.464941082755
2019-07-31 06:00:00,7878.305269044124
2019-07-31 06:30:00,8432.772084561158
2019-07-31 07:00:00,9182.19390592422
2019-07-31 07:30:00,9502.020768452407
2019-07-31 08:00:00,9809.792157280084
2019-07-31 08:30:00,9744.775367859882
2019-07-31 09:00:00,9592.572538798247
2019-07-31 09:30:00,9492.068522026024
2019-07-31 10:00:00,9350.03050557382
2019-07-31 10:30:00,9231.304636169169
2019-07-31 11:00:00,9102.54587080966
2019-07-31 11:30:00,8971.39089462035
2019-07-31 12:00:00,8870.58734132991
2019-07-31 12:30:00,8843.825035610862
2019-07-31 13:00:00,8819.114488416772
2019-07-31 13:30:00,8811.319436656591
2019-07-31 14:00:00,8767.696202431645
2019-07-31 14:30:00,8753.47125741583
2019-07-31 15:00:00,8783.951735874696
2019-07-31 15:30:00,8846.944043180414
2019-07-31 16:00:00,9092.981750443874
2019-07-31 16:30:00,9322.59408508885
2019-07-31 17:00:00,9724.29788800634
2019-07-31 17:30:00,10162.889718159739
2019-07-31 18:00:00,10763.719277753416
2019-07-31 18:30:00,10890.31378645423
2019-07-31 19:00:00,10804.801560155647
2019-07-31 19:30:00,10690.94382090956
2019-07-31 20:00:00,10467.745686457714
2019-07-31 20:30:00,10324.530363509279
2019-07-31 21:00:00,10046.785442695027
2019-07-31 21:30:00,9791.306182888376
2019-07-31 22:00:00,9471.075292441967
2019-07-31 22:30:00,9330.531462104605
2019-07-31 23:00:00,9060.431483905377
2019-07-31 23:30:00,8854.580945841855
2019-08-01 00:00:00,8579.034141717011
2019-08-01 00:30:00,8406.555016990937
2019-08-01 01:00:00,8173.804715938591
2019-08-01 01:30:00,8048.796950695892
2019-08-01 02:00:00,7755.7595668150725
2019-08-01 02:30:00,7513.988494581122
2019-08-01 03:00:00,7242.198848338689
2019-08-01 03:30:00,7105.197087875908
2019-08-01 04:00:00,7027.4070689149885
2019-08-01 04:30:00,7023.769235302353
2019-08-01 05:00:00,7179.9501447703315
2019-08-01 05:30:00,7475.757331701907
2019-08-01 06:00:00,8018.50432540428
2019-08-01 06:30:00,8664.868176000695
2019-08-01 07:00:00,9462.971281937158
2019-08-01 07:30:00,9832.660118996937
2019-08-01 08:00:00,10146.967027907034
2019-08-01 08:30:00,9968.318516032276
2019-08-01 09:00:00,9701.030278270418
2019-08-01 09:30:00,9434.420364510259
2019-08-01 10:00:00,9239.917859546229
2019-08-01 10:30:00,9083.864749221424
2019-08-01 11:00:00,8977.314881022225
2019-08-01 11:30:00,8751.429084798183
2019-08-01 12:00:00,8638.548085662953
2019-08-01 12:30:00,8574.00370128172
2019-08-01 13:00:00,8495.264275386939
2019-08-01 13:30:00,8482.984970766038
2019-08-01 14:00:00,8454.558276742053
2019-08-01 14:30:00,8436.784025854726
2019-08-01 15:00:00,8510.76048710398
2019-08-01 15:30:00,8580.662328701233
2019-08-01 16:00:00,8827.229106521156
2019-08-01 16:30:00,9058.98123612895
2019-08-01 17:00:00,9468.071587282082
2019-08-01 17:30:00,10002.412635084129
2019-08-01 18:00:00,10597.599428060968
2019-08-01 18:30:00,10795.303721635715
2019-08-01 19:00:00,10713.353114321993
2019-08-01 19:30:00,10578.112702774952
2019-08-01 20:00:00,10361.703535582716
2019-08-01 20:30:00,10249.04160356714
2019-08-01 21:00:00,9914.642291524264
2019-08-01 21:30:00,9704.054053422828
2019-08-01 22:00:00,9414.622119811087
2019-08-01 22:30:00,9304.090119669601
2019-08-01 23:00:00,8955.668413818421
2019-08-01 23:30:00,8803.986870597793
2019-08-02 00:00:00,8544.908658716833
2019-08-02 00:30:00,8429.137141299458
2019-08-02 01:00:00,8159.335222706227
2019-08-02 01:30:00,8004.020454778105
2019-08-02 02:00:00,7710.336060400695
2019-08-02 02:30:00,7503.321754397465
2019-08-02 03:00:00,7237.907962984966
2019-08-02 03:30:00,7095.297925220768
2019-08-02 04:00:00,7004.748960603047
2019-08-02 04:30:00,7002.0506828847565
2019-08-02 05:00:00,7186.905049151277
2019-08-02 05:30:00,7490.40626992139
2019-08-02 06:00:00,7976.362205690354
2019-08-02 06:30:00,8594.881451439376
2019-08-02 07:00:00,9351.88199379264
2019-08-02 07:30:00,9681.8626609056
2019-08-02 08:00:00,9945.614250570017
2019-08-02 08:30:00,9767.413517507533
2019-08-02 09:00:00,9502.043489754928
2019-08-02 09:30:00,9217.186920068472
2019-08-02 10:00:00,8975.063253457312
2019-08-02 10:30:00,8745.138179025855
2019-08-02 11:00:00,8562.251967068627
2019-08-02 11:30:00,8336.914790511328
2019-08-02 12:00:00,8165.124469403496
2019-08-02 12:30:00,8079.851482147655
2019-08-02 13:00:00,7990.603786569264
2019-08-02 13:30:00,7998.846440074542
2019-08-02 14:00:00,8002.32761005361
2019-08-02 14:30:00,7994.53255829343
2019-08-02 15:00:00,8038.873830647722
2019-08-02 15:30:00,8125.105922908189
2019-08-02 16:00:00,8397.940425206118
2019-08-02 16:30:00,8677.717788147618
2019-08-02 17:00:00,9009.615690273085
2019-08-02 17:30:00,9495.221415076032
2019-08-02 18:00:00,10130.554293723239
2019-08-02 18:30:00,10337.131506348547
2019-08-02 19:00:00,10356.405513839622
2019-08-02 19:30:00,10233.527857538189
2019-08-02 20:00:00,10100.458350320227
2019-08-02 20:30:00,9957.422887013005
2019-08-02 21:00:00,9810.776276870565
2019-08-02 21:30:00,9592.668610388218
2019-08-02 22:00:00,9298.410271930266
2019-08-02 22:30:00,9203.20506504322
2019-08-02 23:00:00,8864.24119197093
2019-08-02 23:30:00,8722.130344352914
2019-08-03 00:00:00,7973.700052089353
2019-08-03 00:30:00,7807.321158813944
2019-08-03 01:00:00,7570.775340709825
2019-08-03 01:30:00,7368.50334364965
2019-08-03 02:00:00,7076.0589318397215
2019-08-03 02:30:00,6863.674855507128
2019-08-03 03:00:00,6602.373929838024
2019-08-03 03:30:00,6472.473231142891
2019-08-03 04:00:00,6405.811061976509
2019-08-03 04:30:00,6423.521411349409
2019-08-03 05:00:00,6613.809449459724
2019-08-03 05:30:00,6877.398482626382
2019-08-03 06:00:00,7373.771356178866
2019-08-03 06:30:00,7951.979773888625
2019-08-03 07:00:00,8733.63206212995
2019-08-03 07:30:00,9103.635620789557
2019-08-03 08:00:00,9457.56462192997
2019-08-03 08:30:00,9307.678271662055
2019-08-03 09:00:00,9028.243609424566
2019-08-03 09:30:00,8808.175185274988
2019-08-03 10:00:00,8614.597296000164
2019-08-03 10:30:00,8444.328926681093
2019-08-03 11:00:00,8266.108809039146
2019-08-03 11:30:00,8043.127758214644
2019-08-03 12:00:00,7947.814542285493
2019-08-03 12:30:00,7841.110098486584
2019-08-03 13:00:00,7784.5013733109945
2019-08-03 13:30:00,7698.168263128884
2019-08-03 14:00:00,7707.388140530022
2019-08-03 14:30:00,7607.103081619571
2019-08-03 15:00:00,7554.165058384595
2019-08-03 15:30:00,7605.6234623958535
2019-08-03 16:00:00,7850.320814448636
2019-08-03 16:30:00,8103.350166597779
2019-08-03 17:00:00,8440.258765048635
2019-08-03 17:30:00,8854.629529040583
2019-08-03 18:00:00,9416.464457790256
2019-08-03 18:30:00,9571.307643025037
2019-08-03 19:00:00,9505.66067833449
2019-08-03 19:30:00,9394.097967465745
2019-08-03 20:00:00,9217.869375259295
2019-08-03 20:30:00,9192.976495307386
2019-08-03 21:00:00,8970.217108173834
2019-08-03 21:30:00,8812.59762584682
2019-08-03 22:00:00,8539.146731983043
2019-08-03 22:30:00,8555.009831790878
2019-08-03 23:00:00,8283.357599448955
2019-08-03 23:30:00,8150.183395328751
2019-08-04 00:00:00,8223.300863709354
2019-08-04 00:30:00,8083.32782924081
2019-08-04 01:00:00,7807.6224608566135
2019-08-04 01:30:00,7659.544261933201
2019-08-04 02:00:00,7329.162715113743
2019-08-04 02:30:00,7095.351614076044
2019-08-04 03:00:00,6771.56988436075
2019-08-04 03:30:00,6640.9857040402585
2019-08-04 04:00:00,6548.316493569998
2019-08-04 04:30:00,6492.48191354942
2019-08-04 05:00:00,6618.89738106896
2019-08-04 05:30:00,6723.8999456285965
2019-08-04 06:00:00,7094.915843023131
2019-08-04 06:30:00,7366.705804382715
2019-08-04 07:00:00,7881.96270488769
2019-08-04 07:30:00,8218.471010807683
2019-08-04 08:00:00,8582.529013239002
2019-08-04 08:30:00,8767.117268966316
2019-08-04 09:00:00,8752.395664336185
2019-08-04 09:30:00,8645.417401904177
2019-08-04 10:00:00,8372.967183497314
2019-08-04 10:30:00,8154.765558023079
2019-08-04 11:00:00,7871.267252442228
2019-08-04 11:30:00,7669.122881343734
2019-08-04 12:00:00,7412.266217728487
2019-08-04 12:30:00,7296.568287847094
2019-08-04 13:00:00,7148.888752451479
2019-08-04 13:30:00,7048.898866030577
2019-08-04 14:00:00,6995.964974098698
2019-08-04 14:30:00,7025.856237262648
2019-08-04 15:00:00,7133.08962134664
2019-08-04 15:30:00,7256.277567409938
2019-08-04 16:00:00,7502.254000250764
2019-08-04 16:30:00,7773.736476007452
2019-08-04 17:00:00,8184.150260352777
2019-08-04 17:30:00,8582.660551628685
2019-08-04 18:00:00,9162.86533042837
2019-08-04 18:30:00,9359.12119194104
2019-08-04 19:00:00,9257.111345518555
2019-08-04 19:30:00,9159.881656517024
2019-08-04 20:00:00,8998.082026983024
2019-08-04 20:30:00,8971.814302505016
2019-08-04 21:00:00,8841.269299142466
2019-08-04 21:30:00,8729.659608777776
2019-08-04 22:00:00,8524.951865687957
2019-08-04 22:30:00,8469.361046823022
2019-08-04 23:00:00,8252.443528076397
2019-08-04 23:30:00,8108.5243520467
2019-08-05 00:00:00,8801.477847918946
2019-08-05 00:30:00,8664.41942193867
2019-08-05 01:00:00,8341.407613507172
2019-08-05 01:30:00,8193.99597419063
2019-08-05 02:00:00,7877.046991564603
2019-08-05 02:30:00,7708.8652011282775
2019-08-05 03:00:00,7479.772566135363
2019-08-05 03:30:00,7380.35610267507
2019-08-05 04:00:00,7297.132411870356
2019-08-05 04:30:00,7290.3656208128195
2019-08-05 05:00:00,7430.08077238052
2019-08-05 05:30:00,7512.16090067703
2019-08-05 06:00:00,7790.096445942197
2019-08-05 06:30:00,7998.665456112737
2019-08-05 07:00:00,8452.79684798734
2019-08-05 07:30:00,8717.642785739967
2019-08-05 08:00:00,9160.14308285516
2019-08-05 08:30:00,9306.959123009015
2019-08-05 09:00:00,9421.328914233149
2019-08-05 09:30:00,9370.359837279342
2019-08-05 10:00:00,9218.29564220405
2019-08-05 10:30:00,9042.544816799074
2019-08-05 11:00:00,8785.488841153854
2019-08-05 11:30:00,8604.225502185516
2019-08-05 12:00:00,8420.490792445342
2019-08-05 12:30:00,8315.08941038272
2019-08-05 13:00:00,8224.107796274253
2019-08-05 13:30:00,8165.063612343035
2019-08-05 14:00:00,8131.810513472839
2019-08-05 14:30:00,8169.002247155929
2019-08-05 15:00:00,8304.170568574604
2019-08-05 15:30:00,8476.33497170085
2019-08-05 16:00:00,8688.034279346854
2019-08-05 16:30:00,8984.80319837485
2019-08-05 17:00:00,9420.12217578543
2019-08-05 17:30:00,9849.647754665988
2019-08-05 18:00:00,10465.194390491904
2019-08-05 18:30:00,10647.670281642062
2019-08-05 19:00:00,10544.639233446691
2019-08-05 19:30:00,10393.060689961052
2019-08-05 20:00:00,10215.813700140689
2019-08-05 20:30:00,10121.065958087469
2019-08-05 21:00:00,9888.197118773292
2019-08-05 21:30:00,9761.098342809884
2019-08-05 22:00:00,9383.852182384704
2019-08-05 22:30:00,9248.739396799343
2019-08-05 23:00:00,8940.648068097706
2019-08-05 23:30:00,8808.681161975734
2019-08-06 00:00:00,8117.405259738644
2019-08-06 00:30:00,7964.730122197971
2019-08-06 01:00:00,7729.977515233216
2019-08-06 01:30:00,7613.704357645042
2019-08-06 02:00:00,7379.485140903911
2019-08-06 02:30:00,7208.875441944976
2019-08-06 03:00:00,7009.90026397472
2019-08-06 03:30:00,6935.976888534161
2019-08-06 04:00:00,6898.460581205289
2019-08-06 04:30:00,6963.2610398555125
2019-08-06 05:00:00,7176.474141320748
2019-08-06 05:30:00,7474.049736097819
2019-08-06 06:00:00,7985.970987858308
2019-08-06 06:30:00,8622.9558473954
2019-08-06 07:00:00,9399.555713998981
2019-08-06 07:30:00,9769.718937911075
2019-08-06 08:00:00,9992.364514554873
2019-08-06 08:30:00,9838.446590287747
2019-08-06 09:00:00,9567.296306867893
2019-08-06 09:30:00,9351.022754491638
2019-08-06 10:00:00,9119.840019104045
2019-08-06 10:30:00,8895.068384231974
2019-08-06 11:00:00,8683.572616990636
2019-08-06 11:30:00,8494.02227211287
2019-08-06 12:00:00,8302.111437473639
2019-08-06 12:30:00,8186.925010851773
2019-08-06 13:00:00,8145.09445926388
2019-08-06 13:30:00,8095.876868137084
2019-08-06 14:00:00,8062.32859677734
2019-08-06 14:30:00,8088.269286542172
2019-08-06 15:00:00,8165.539447605225
2019-08-06 15:30:00,8277.508211973893
2019-08-06 16:00:00,8516.238389788456
2019-08-06 16:30:00,8747.129805221473
2019-08-06 17:00:00,9128.609449594127
2019-08-06 17:30:00,9578.63941930393
2019-08-06 18:00:00,10157.277003755782
2019-08-06 18:30:00,10399.279346964853
2019-08-06 19:00:00,10317.055743363657
2019-08-06 19:30:00,10208.247975730696
2019-08-06 20:00:00,9981.734610541424
2019-08-06 20:30:00,9919.438920320035
2019-08-06 21:00:00,9696.079502185832
2019-08-06 21:30:00,9488.804513008476
2019-08-06 22:00:00,9236.234651274855
2019-08-06 22:30:00,9171.225743130037
2019-08-06 23:00:00,8857.99328798236
2019-08-06 23:30:00,8725.06727685576
2019-08-07 00:00:00,8479.827506231291
2019-08-07 00:30:00,8346.218013479336
2019-08-07 01:00:00,8068.069796367387
2019-08-07 01:30:00,7947.492245559707
2019-08-07 02:00:00,7635.561195256001
2019-08-07 02:30:00,7426.315762389861
2019-08-07 03:00:00,7144.035413760752
2019-08-07 03:30:00,7063.918670223267
2019-08-07 04:00:00,6998.545444933658
2019-08-07 04:30:00,7025.32992685478
2019-08-07 05:00:00,7210.2240366203105
2019-08-07 05:30:00,7520.391030526316
2019-08-07 06:00:00,8100.0202904955395
2019-08-07 06:30:00,8750.833904637253
2019-08-07 07:00:00,9624.395718138481
2019-08-07 07:30:00,9965.206435464635
2019-08-07 08:00:00,10216.068004073151
2019-08-07 08:30:00,9968.756987890174
2019-08-07 09:00:00,9607.47545014464
2019-08-07 09:30:00,9399.213925576996
2019-08-07 10:00:00,9124.739225055648
2019-08-07 10:30:00,8886.03781765731
2019-08-07 11:00:00,8633.335841819333
2019-08-07 11:30:00,8365.54523810098
2019-08-07 12:00:00,8188.463988383352
2019-08-07 12:30:00,8062.92434842522
2019-08-07 13:00:00,7964.081153950351
2019-08-07 13:30:00,7898.63631189533
2019-08-07 14:00:00,7841.978508634314
2019-08-07 14:30:00,7856.633488098292
2019-08-07 15:00:00,7949.889943092898
2019-08-07 15:30:00,8043.846126669359
2019-08-07 16:00:00,8294.291872165764
2019-08-07 16:30:00,8533.723740685404
2019-08-07 17:00:00,8905.824393998733
2019-08-07 17:30:00,9419.686031332581
2019-08-07 18:00:00,10095.322679089293
2019-08-07 18:30:00,10370.420812256543
2019-08-07 19:00:00,10418.122710644351
2019-08-07 19:30:00,10304.331500004488
2019-08-07 20:00:00,10125.537687292195
2019-08-07 20:30:00,10019.767545204044
2019-08-07 21:00:00,9832.787930820268
2019-08-07 21:30:00,9606.078536828663
2019-08-07 22:00:00,9284.83893478989
2019-08-07 22:30:00,9171.815301678542
2019-08-07 23:00:00,8872.421464224215
2019-08-07 23:30:00,8736.152791974531
2019-08-08 00:00:00,8549.753733336664
2019-08-08 00:30:00,8409.568977003282
2019-08-08 01:00:00,8143.956138781223
2019-08-08 01:30:00,7986.968726745659
2019-08-08 02:00:00,7712.6770118701415
2019-08-08 02:30:00,7495.3441589132435
2019-08-08 03:00:00,7232.461743969616
2019-08-08 03:30:00,7139.450547538265
2019-08-08 04:00:00,7056.086740591347
2019-08-08 04:30:00,7091.987080373048
2019-08-08 05:00:00,7279.161101243601
2019-08-08 05:30:00,7585.1983073877245
2019-08-08 06:00:00,8160.375176719854
2019-08-08 06:30:00,8782.992348007132
2019-08-08 07:00:00,9606.473052047817
2019-08-08 07:30:00,9948.250110375531
2019-08-08 08:00:00,10175.022847689419
2019-08-08 08:30:00,9953.079743589113
2019-08-08 09:00:00,9611.370744986685
2019-08-08 09:30:00,9313.152571550985
2019-08-08 10:00:00,9011.246378611922
2019-08-08 10:30:00,8789.652485426865
2019-08-08 11:00:00,8530.343383783835
2019-08-08 11:30:00,8273.966116328018
2019-08-08 12:00:00,8139.207863650791
2019-08-08 12:30:00,8001.620367114055
2019-08-08 13:00:00,7920.16048729891
2019-08-08 13:30:00,7856.631873439796
2019-08-08 14:00:00,7831.053259297857
2019-08-08 14:30:00,7874.379713747033
2019-08-08 15:00:00,7923.930445899757
2019-08-08 15:30:00,8032.772879915316
2019-08-08 16:00:00,8196.199406512458
2019-08-08 16:30:00,8445.761098668627
2019-08-08 17:00:00,8802.751289497497
2019-08-08 17:30:00,9275.777928284855
2019-08-08 18:00:00,9890.860040347186
2019-08-08 18:30:00,10139.59731239017
2019-08-08 19:00:00,10160.876429952625
2019-08-08 19:30:00,10086.694998429733
2019-08-08 20:00:00,9932.655931340492
2019-08-08 20:30:00,9833.775774433596
2019-08-08 21:00:00,9647.861537159677
2019-08-08 21:30:00,9454.929432938265
2019-08-08 22:00:00,9111.227486561986
2019-08-08 22:30:00,8991.78101912476
2019-08-08 23:00:00,8670.38737928317
2019-08-08 23:30:00,8513.517907187736
2019-08-09 00:00:00,8262.30100273305
2019-08-09 00:30:00,8140.7147403330055
2019-08-09 01:00:00,7893.326381835167
2019-08-09 01:30:00,7778.701065060566
2019-08-09 02:00:00,7512.883451732622
2019-08-09 02:30:00,7302.710953152659
2019-08-09 03:00:00,7021.198182052066
2019-08-09 03:30:00,6862.710104274893
2019-08-09 04:00:00,6825.034131693537
2019-08-09 04:30:00,6837.726548744115
2019-08-09 05:00:00,7023.4319431638605
2019-08-09 05:30:00,7297.037291864883
2019-08-09 06:00:00,7831.1258925405045
2019-08-09 06:30:00,8517.195285991946
2019-08-09 07:00:00,9280.93075717912
2019-08-09 07:30:00,9589.761827712413
2019-08-09 08:00:00,9766.131852103346
2019-08-09 08:30:00,9511.325388487701
2019-08-09 09:00:00,9317.29396655953
2019-08-09 09:30:00,9158.38752216909
2019-08-09 10:00:00,8863.84732894259
2019-08-09 10:30:00,8743.229857568724
2019-08-09 11:00:00,8693.980745816292
2019-08-09 11:30:00,8488.403204040244
2019-08-09 12:00:00,8328.223000854647
2019-08-09 12:30:00,8172.425964798829
2019-08-09 13:00:00,8171.0588475729255
2019-08-09 13:30:00,8154.084213504915
2019-08-09 14:00:00,8147.19985703437
2019-08-09 14:30:00,8095.0775205080345
2019-08-09 15:00:00,8126.33281249235
2019-08-09 15:30:00,8153.567523250365
2019-08-09 16:00:00,8386.538799254131
2019-08-09 16:30:00,8592.889172742282
2019-08-09 17:00:00,9019.72698967553
2019-08-09 17:30:00,9442.77569580451
2019-08-09 18:00:00,10105.264443490163
2019-08-09 18:30:00,10310.684947105521
2019-08-09 19:00:00,10285.016521557474
2019-08-09 19:30:00,10190.167761582612
2019-08-09 20:00:00,9969.21306710702
2019-08-09 20:30:00,9883.851552110058
2019-08-09 21:00:00,9676.672405408137
2019-08-09 21:30:00,9453.814548707354
2019-08-09 22:00:00,9106.590081566774
2019-08-09 22:30:00,8953.902453845578
2019-08-09 23:00:00,8574.4211079856
2019-08-09 23:30:00,8440.095449039034
2019-08-10 00:00:00,7686.358904296667
2019-08-10 00:30:00,7553.017153648596
2019-08-10 01:00:00,7301.383049262092
2019-08-10 01:30:00,7146.00437981954
2019-08-10 02:00:00,6844.131370362552
2019-08-10 02:30:00,6626.709812597356
2019-08-10 03:00:00,6343.654650442798
2019-08-10 03:30:00,6176.21563424112
2019-08-10 04:00:00,6135.1201406304535
2019-08-10 04:30:00,6179.396014062702
2019-08-10 05:00:00,6383.572099386929
2019-08-10 05:30:00,6618.396520922131
2019-08-10 06:00:00,7123.452590795233
2019-08-10 06:30:00,7679.186173986964
2019-08-10 07:00:00,8401.747298801129
2019-08-10 07:30:00,8720.053946477423
2019-08-10 08:00:00,8912.943944261513
2019-08-10 08:30:00,8765.074840111145
2019-08-10 09:00:00,8558.616938490113
2019-08-10 09:30:00,8469.856096852569
2019-08-10 10:00:00,8294.958170322447
2019-08-10 10:30:00,8153.722977084346
2019-08-10 11:00:00,7983.497319954072
2019-08-10 11:30:00,7853.977871464989
2019-08-10 12:00:00,7724.535350691428
2019-08-10 12:30:00,7615.614074956299
2019-08-10 13:00:00,7586.795916202402
2019-08-10 13:30:00,7611.555916009041
2019-08-10 14:00:00,7607.606362415494
2019-08-10 14:30:00,7566.377977616783
2019-08-10 15:00:00,7652.451902032379
2019-08-10 15:30:00,7764.420666401046
2019-08-10 16:00:00,8043.7392774474865
2019-08-10 16:30:00,8323.530935315677
2019-08-10 17:00:00,8752.27990332842
2019-08-10 17:30:00,9174.182408814626
2019-08-10 18:00:00,9749.747701339073
2019-08-10 18:30:00,9935.160377179573
2019-08-10 19:00:00,9805.43617896317
2019-08-10 19:30:00,9711.352369425027
2019-08-10 20:00:00,9474.531948049807
2019-08-10 20:30:00,9377.343984360632
2019-08-10 21:00:00,9140.33747600919
2019-08-10 21:30:00,8968.901552190899
2019-08-10 22:00:00,8754.758152524262
2019-08-10 22:30:00,8692.609637374835
2019-08-10 23:00:00,8352.310017997008
2019-08-10 23:30:00,8204.409051623015
2019-08-11 00:00:00,8250.471330144139
2019-08-11 00:30:00,8089.941848233996
2019-08-11 01:00:00,7784.623467156911
2019-08-11 01:30:00,7586.953662897584
2019-08-11 02:00:00,7293.776162874562
2019-08-11 02:30:00,7032.117829897677
2019-08-11 03:00:00,6759.593113628804
2019-08-11 03:30:00,6610.715474953249
2019-08-11 04:00:00,6497.536619470155
2019-08-11 04:30:00,6460.600960056054
2019-08-11 05:00:00,6532.541751875974
2019-08-11 05:30:00,6653.8576450803375
2019-08-11 06:00:00,6990.938392198366
2019-08-11 06:30:00,7307.230420848906
2019-08-11 07:00:00,7828.981116123945
2019-08-11 07:30:00,8145.2066161682615
2019-08-11 08:00:00,8549.829070883214
2019-08-11 08:30:00,8703.392352984327
2019-08-11 09:00:00,8727.791200413714
2019-08-11 09:30:00,8650.964884319785
2019-08-11 10:00:00,8475.673394470265
2019-08-11 10:30:00,8346.363040754228
2019-08-11 11:00:00,8163.073579456051
2019-08-11 11:30:00,8048.480124905076
2019-08-11 12:00:00,7937.202791246446
2019-08-11 12:30:00,7912.750454109878
2019-08-11 13:00:00,7843.038181267377
2019-08-11 13:30:00,7803.792553270796
2019-08-11 14:00:00,7827.628311915352
2019-08-11 14:30:00,7857.224402589754
2019-08-11 15:00:00,7898.138917917801
2019-08-11 15:30:00,8088.409860828139
2019-08-11 16:00:00,8338.91688074718
2019-08-11 16:30:00,8634.488187798495
2019-08-11 17:00:00,9044.717503597467
2019-08-11 17:30:00,9431.317250278005
2019-08-11 18:00:00,10005.187722492936
2019-08-11 18:30:00,10162.600737138699
2019-08-11 19:00:00,10057.368619557874
2019-08-11 19:30:00,9908.331315629835
2019-08-11 20:00:00,9686.869726799858
2019-08-11 20:30:00,9561.79280585914
2019-08-11 21:00:00,9335.624228996277
2019-08-11 21:30:00,9143.506036520874
2019-08-11 22:00:00,8899.090123484235
2019-08-11 22:30:00,8769.82674926414
2019-08-11 23:00:00,8477.807615143383
2019-08-11 23:30:00,8307.099525354599
2019-08-12 00:00:00,8979.293278535159
2019-08-12 00:30:00,8751.543310727566
2019-08-12 01:00:00,8461.317824838005
2019-08-12 01:30:00,8282.379394657288
2019-08-12 02:00:00,7984.156708993457
2019-08-12 02:30:00,7781.96355365285
2019-08-12 03:00:00,7546.637807064
2019-08-12 03:30:00,7416.919595101874
2019-08-12 04:00:00,7347.625676823426
2019-08-12 04:30:00,7318.270720212871
2019-08-12 05:00:00,7412.430917560279
2019-08-12 05:30:00,7556.9704960465315
2019-08-12 06:00:00,7871.777799211371
2019-08-12 06:30:00,8057.005184159893
2019-08-12 07:00:00,8501.019242578488
2019-08-12 07:30:00,8835.995665811695
2019-08-12 08:00:00,9301.994449242418
2019-08-12 08:30:00,9517.50946483326
2019-08-12 09:00:00,9685.575845861322
2019-08-12 09:30:00,9653.574022866384
2019-08-12 10:00:00,9579.568422244296
2019-08-12 10:30:00,9462.02586988963
2019-08-12 11:00:00,9371.027006990233
2019-08-12 11:30:00,9208.263771125385
2019-08-12 12:00:00,9033.794721409544
2019-08-12 12:30:00,8989.617238807145
2019-08-12 13:00:00,8906.770201352556
2019-08-12 13:30:00,8793.128792876449
2019-08-12 14:00:00,8872.218472584038
2019-08-12 14:30:00,9010.504568018448
2019-08-12 15:00:00,9024.287840534742
2019-08-12 15:30:00,9161.767260220076
2019-08-12 16:00:00,9372.543933990222
2019-08-12 16:30:00,9665.433885341736
2019-08-12 17:00:00,10043.492026871732
2019-08-12 17:30:00,10507.31888896253
2019-08-12 18:00:00,11176.825247791121
2019-08-12 18:30:00,11441.540932490272
2019-08-12 19:00:00,11370.984112328806
2019-08-12 19:30:00,11250.772694454861
2019-08-12 20:00:00,11026.514437076745
2019-08-12 20:30:00,10929.417628220483
2019-08-12 21:00:00,10669.587074435763
2019-08-12 21:30:00,10437.485733912721
2019-08-12 22:00:00,10022.06655859775
2019-08-12 22:30:00,9769.514220392713
2019-08-12 23:00:00,9382.434604432254
2019-08-12 23:30:00,9184.31258952269
2019-08-13 00:00:00,8468.474587905836
2019-08-13 00:30:00,8293.437301603675
2019-08-13 01:00:00,8058.9895531500215
2019-08-13 01:30:00,7896.644683898439
2019-08-13 02:00:00,7641.177656814968
2019-08-13 02:30:00,7442.2880643768885
2019-08-13 03:00:00,7187.534971903549
2019-08-13 03:30:00,7105.575410638963
2019-08-13 04:00:00,7067.926223164821
2019-08-13 04:30:00,7164.031887725652
2019-08-13 05:00:00,7324.323035845234
2019-08-13 05:30:00,7655.056340281568
2019-08-13 06:00:00,8193.038848838813
2019-08-13 06:30:00,8871.151075252972
2019-08-13 07:00:00,9751.764989212557
2019-08-13 07:30:00,10130.29668784544
2019-08-13 08:00:00,10471.457057307502
2019-08-13 08:30:00,10322.980040881102
2019-08-13 09:00:00,10075.544574546759
2019-08-13 09:30:00,9856.445118490534
2019-08-13 10:00:00,9550.36478538544
2019-08-13 10:30:00,9284.148434944678
2019-08-13 11:00:00,9074.22692098093
2019-08-13 11:30:00,8849.979279548907
2019-08-13 12:00:00,8701.623543242178
2019-08-13 12:30:00,8577.176065501117
2019-08-13 13:00:00,8497.295693147153
2019-08-13 13:30:00,8409.665934880064
2019-08-13 14:00:00,8345.336273982586
2019-08-13 14:30:00,8372.63488625503
2019-08-13 15:00:00,8420.666225901488
2019-08-13 15:30:00,8474.025917903513
2019-08-13 16:00:00,8726.360638277338
2019-08-13 16:30:00,8963.057112671473
2019-08-13 17:00:00,9397.4931997052
2019-08-13 17:30:00,9896.327648112123
2019-08-13 18:00:00,10632.575674147885
2019-08-13 18:30:00,10947.835010257819
2019-08-13 19:00:00,10964.639560981108
2019-08-13 19:30:00,10861.014468039364
2019-08-13 20:00:00,10629.131332520727
2019-08-13 20:30:00,10547.57502059709
2019-08-13 21:00:00,10281.917231649179
2019-08-13 21:30:00,10063.632332617413
2019-08-13 22:00:00,9710.462690373513
2019-08-13 22:30:00,9568.957127939733
2019-08-13 23:00:00,9238.127831521322
2019-08-13 23:30:00,9097.443885041757
2019-08-14 00:00:00,8752.375356961342
2019-08-14 00:30:00,8630.96107292713
2019-08-14 01:00:00,8416.457427801079
2019-08-14 01:30:00,8258.006466431121
2019-08-14 02:00:00,7985.038184747795
2019-08-14 02:30:00,7765.100190718867
2019-08-14 03:00:00,7536.248689789801
2019-08-14 03:30:00,7403.303129552923
2019-08-14 04:00:00,7253.266811096848
2019-08-14 04:30:00,7327.0573063921365
2019-08-14 05:00:00,7509.060965684817
2019-08-14 05:30:00,7820.226808094459
2019-08-14 06:00:00,8402.58095382201
2019-08-14 06:30:00,9085.391136775072
2019-08-14 07:00:00,9904.670447331238
2019-08-14 07:30:00,10193.33402483719
2019-08-14 08:00:00,10398.741657147057
2019-08-14 08:30:00,10194.08084978483
2019-08-14 09:00:00,9840.621794185141
2019-08-14 09:30:00,9573.281419303681
2019-08-14 10:00:00,9275.532444512164
2019-08-14 10:30:00,9040.169089331772
2019-08-14 11:00:00,8778.675840321775
2019-08-14 11:30:00,8556.900282749335
2019-08-14 12:00:00,8439.028136398998
2019-08-14 12:30:00,8315.427077906023
2019-08-14 13:00:00,8256.358581984197
2019-08-14 13:30:00,8228.57525155944
2019-08-14 14:00:00,8196.591370388558
2019-08-14 14:30:00,8224.660187281313
2019-08-14 15:00:00,8299.150778881889
2019-08-14 15:30:00,8381.855741472917
2019-08-14 16:00:00,8632.146430621977
2019-08-14 16:30:00,8914.080510544782
2019-08-14 17:00:00,9344.14567575278
2019-08-14 17:30:00,9873.33853817903
2019-08-14 18:00:00,10573.746853577279
2019-08-14 18:30:00,10910.082021663722
2019-08-14 19:00:00,10905.338980649982
2019-08-14 19:30:00,10834.992164399424
2019-08-14 20:00:00,10631.607880221705
2019-08-14 20:30:00,10546.750632487336
2019-08-14 21:00:00,10264.912395039968
2019-08-14 21:30:00,10023.985114962308
2019-08-14 22:00:00,9634.747763476016
2019-08-14 22:30:00,9533.86069175157
2019-08-14 23:00:00,9189.800044637392
2019-08-14 23:30:00,8991.05319543331
2019-08-15 00:00:00,8775.785400613724
2019-08-15 00:30:00,8638.235020484202
2019-08-15 01:00:00,8401.790220301726
2019-08-15 01:30:00,8248.942282049597
2019-08-15 02:00:00,7972.729730073033
2019-08-15 02:30:00,7772.194278634727
2019-08-15 03:00:00,7509.058416513905
2019-08-15 03:30:00,7406.896872906556
2019-08-15 04:00:00,7299.085160661034
2019-08-15 04:30:00,7360.338295253088
2019-08-15 05:00:00,7559.80148383327
2019-08-15 05:30:00,7851.0923786133235
2019-08-15 06:00:00,8376.697191719819
2019-08-15 06:30:00,9057.815181455162
2019-08-15 07:00:00,9900.787132894764
2019-08-15 07:30:00,10208.427827448311
2019-08-15 08:00:00,10419.158427658776
2019-08-15 08:30:00,10218.861306125347
2019-08-15 09:00:00,9902.554885988186
2019-08-15 09:30:00,9619.51370364317
2019-08-15 10:00:00,9319.631992818591
2019-08-15 10:30:00,9101.00231470954
2019-08-15 11:00:00,8852.356539097464
2019-08-15 11:30:00,8657.04548766273
2019-08-15 12:00:00,8519.672407891923
2019-08-15 12:30:00,8421.58643655358
2019-08-15 13:00:00,8380.193800689234
2019-08-15 13:30:00,8320.369549048977
2019-08-15 14:00:00,8277.82598686058
2019-08-15 14:30:00,8257.513123507446
2019-08-15 15:00:00,8292.526816136322
2019-08-15 15:30:00,8387.676002784321
2019-08-15 16:00:00,8598.140582046432
2019-08-15 16:30:00,8843.586604300233
2019-08-15 17:00:00,9257.85980721176
2019-08-15 17:30:00,9718.651493782367
2019-08-15 18:00:00,10423.421690263243
2019-08-15 18:30:00,10745.932535583026
2019-08-15 19:00:00,10744.731564443866
2019-08-15 19:30:00,10652.037716704139
2019-08-15 20:00:00,10450.271861140984
2019-08-15 20:30:00,10410.979430715635
2019-08-15 21:00:00,10188.257159989296
2019-08-15 21:30:00,9916.504315036927
2019-08-15 22:00:00,9586.608947063198
2019-08-15 22:30:00,9381.943707863009
2019-08-15 23:00:00,9090.02821875569
2019-08-15 23:30:00,8904.111275652594
2019-08-16 00:00:00,8666.265154038858
2019-08-16 00:30:00,8515.692695053789
2019-08-16 01:00:00,8235.441799386237
2019-08-16 01:30:00,8097.367602883842
2019-08-16 02:00:00,7808.637239314325
2019-08-16 02:30:00,7601.187644679343
2019-08-16 03:00:00,7287.604071952971
2019-08-16 03:30:00,7181.373837939198
2019-08-16 04:00:00,7082.404987266778
2019-08-16 04:30:00,7130.299145201383
2019-08-16 05:00:00,7311.3755617130655
2019-08-16 05:30:00,7666.39710619552
2019-08-16 06:00:00,8234.056528960084
2019-08-16 06:30:00,8914.682564546178
2019-08-16 07:00:00,9770.388658348713
2019-08-16 07:30:00,10068.910867949888
2019-08-16 08:00:00,10215.249513034669
2019-08-16 08:30:00,10005.167346941995
2019-08-16 09:00:00,9613.90140938625
2019-08-16 09:30:00,9348.624614839835
2019-08-16 10:00:00,8991.69577181286
2019-08-16 10:30:00,8758.792187378704
2019-08-16 11:00:00,8515.717572660833
2019-08-16 11:30:00,8254.521781634186
2019-08-16 12:00:00,8018.406034006893
2019-08-16 12:30:00,7935.300272099534
2019-08-16 13:00:00,7845.671326315091
2019-08-16 13:30:00,7826.032258565762
2019-08-16 14:00:00,7804.195123049897
2019-08-16 14:30:00,7875.284713535102
2019-08-16 15:00:00,7933.019451862264
2019-08-16 15:30:00,8049.53637060608
2019-08-16 16:00:00,8319.394344714658
2019-08-16 16:30:00,8540.053113843333
2019-08-16 17:00:00,8910.331320885467
2019-08-16 17:30:00,9336.19426285952
2019-08-16 18:00:00,10081.678713787785
2019-08-16 18:30:00,10380.95438305796
2019-08-16 19:00:00,10419.188585578147
2019-08-16 19:30:00,10341.706218244522
2019-08-16 20:00:00,10184.648897653577
2019-08-16 20:30:00,10109.052878105576
2019-08-16 21:00:00,9901.65034170392
2019-08-16 21:30:00,9726.736249525478
2019-08-16 22:00:00,9371.138698758967
2019-08-16 22:30:00,9283.868659774305
2019-08-16 23:00:00,8920.900051310547
2019-08-16 23:30:00,8814.170804217769
2019-08-17 00:00:00,8014.459577159469
2019-08-17 00:30:00,7900.569975689757
2019-08-17 01:00:00,7639.569193357274
2019-08-17 01:30:00,7475.3548983385535
2019-08-17 02:00:00,7198.529825180819
2019-08-17 02:30:00,6995.222508488242
2019-08-17 03:00:00,6721.55882757353
2019-08-17 03:30:00,6630.687426104999
2019-08-17 04:00:00,6546.184654512242
2019-08-17 04:30:00,6574.555702824302
2019-08-17 05:00:00,6726.058204863656
2019-08-17 05:30:00,7008.560453563483
2019-08-17 06:00:00,7561.124354048726
2019-08-17 06:30:00,8207.793240223416
2019-08-17 07:00:00,9007.724046614663
2019-08-17 07:30:00,9277.592348527576
2019-08-17 08:00:00,9477.523938402846
2019-08-17 08:30:00,9220.223860003993
2019-08-17 09:00:00,8908.15728629346
2019-08-17 09:30:00,8545.124359280846
2019-08-17 10:00:00,8236.78366418101
2019-08-17 10:30:00,8045.322168223751
2019-08-17 11:00:00,7806.6086122428815
2019-08-17 11:30:00,7618.509326518989
2019-08-17 12:00:00,7427.653360622439
2019-08-17 12:30:00,7314.732550178905
2019-08-17 13:00:00,7260.920493551454
2019-08-17 13:30:00,7234.079346112836
2019-08-17 14:00:00,7175.635567709389
2019-08-17 14:30:00,7206.193390480211
2019-08-17 15:00:00,7234.801816080144
2019-08-17 15:30:00,7359.28576494997
2019-08-17 16:00:00,7569.248526974105
2019-08-17 16:30:00,7778.766956127719
2019-08-17 17:00:00,8089.766904104545
2019-08-17 17:30:00,8374.655336014626
2019-08-17 18:00:00,8888.795515581187
2019-08-17 18:30:00,9075.04492464822
2019-08-17 19:00:00,9017.146032221912
2019-08-17 19:30:00,8923.611664696138
2019-08-17 20:00:00,8739.07144035357
2019-08-17 20:30:00,8693.455211710641
2019-08-17 21:00:00,8513.791008051145
2019-08-17 21:30:00,8371.3654388333
2019-08-17 22:00:00,8119.105689794368
2019-08-17 22:30:00,8155.574198353091
2019-08-17 23:00:00,7928.603892943338
2019-08-17 23:30:00,7838.6232631270395
2019-08-18 00:00:00,7944.508431651522
2019-08-18 00:30:00,7737.96653068726
2019-08-18 01:00:00,7491.0233239099025
2019-08-18 01:30:00,7361.565795121904
2019-08-18 02:00:00,7097.255906465329
2019-08-18 02:30:00,6896.075894555049
2019-08-18 03:00:00,6621.489579764476
2019-08-18 03:30:00,6484.55434790792
2019-08-18 04:00:00,6369.043347640271
2019-08-18 04:30:00,6350.081347864992
2019-08-18 05:00:00,6377.998068738605
2019-08-18 05:30:00,6512.011633177136
2019-08-18 06:00:00,6857.372327274835
2019-08-18 06:30:00,7108.148376358991
2019-08-18 07:00:00,7597.540978794085
2019-08-18 07:30:00,7854.44649446074
2019-08-18 08:00:00,8166.630353359327
2019-08-18 08:30:00,8192.08614790467
2019-08-18 09:00:00,8173.672671236203
2019-08-18 09:30:00,8040.773268149644
2019-08-18 10:00:00,7818.482823855716
2019-08-18 10:30:00,7625.341624861258
2019-08-18 11:00:00,7445.4639803841865
2019-08-18 11:30:00,7280.218797571028
2019-08-18 12:00:00,7159.914310860118
2019-08-18 12:30:00,7073.349929702888
2019-08-18 13:00:00,7002.858411496974
2019-08-18 13:30:00,6934.966111809064
2019-08-18 14:00:00,6904.5076996736625
2019-08-18 14:30:00,6925.605062573798
2019-08-18 15:00:00,6970.844165510081
2019-08-18 15:30:00,7111.980967918332
2019-08-18 16:00:00,7336.035794813012
2019-08-18 16:30:00,7603.681028205572
2019-08-18 17:00:00,7943.287904374718
2019-08-18 17:30:00,8286.617862123574
2019-08-18 18:00:00,8788.535402586731
2019-08-18 18:30:00,9008.060461253155
2019-08-18 19:00:00,8956.082585914748
2019-08-18 19:30:00,8862.036069850998
2019-08-18 20:00:00,8626.059440632067
2019-08-18 20:30:00,8626.598374277259
2019-08-18 21:00:00,8467.773477435563
2019-08-18 21:30:00,8339.24056433677
2019-08-18 22:00:00,8110.490969448266
2019-08-18 22:30:00,8111.629934094105
2019-08-18 23:00:00,7873.831383217324
2019-08-18 23:30:00,7806.972598415646
2019-08-19 00:00:00,8596.054235383948
2019-08-19 00:30:00,8407.065000353448
2019-08-19 01:00:00,8160.156282891511
2019-08-19 01:30:00,8025.023948195871
2019-08-19 02:00:00,7734.630803607641
2019-08-19 02:30:00,7551.675271421583
2019-08-19 03:00:00,7293.18070032217
2019-08-19 03:30:00,7195.995363724789
2019-08-19 04:00:00,7118.704357842873
2019-08-19 04:30:00,7111.17524344041
2019-08-19 05:00:00,7216.7610901637
2019-08-19 05:30:00,7317.779237287245
2019-08-19 06:00:00,7608.338043904973
2019-08-19 06:30:00,7841.784993822282
2019-08-19 07:00:00,8267.712706845514
2019-08-19 07:30:00,8431.481204865306
2019-08-19 08:00:00,8732.133787561228
2019-08-19 08:30:00,8868.17824776555
2019-08-19 09:00:00,8870.379865869525
2019-08-19 09:30:00,8761.485198174434
2019-08-19 10:00:00,8596.789860471197
2019-08-19 10:30:00,8470.605837108267
2019-08-19 11:00:00,8246.51078946261
2019-08-19 11:30:00,8053.610724532001
2019-08-19 12:00:00,7862.0978850501315
2019-08-19 12:30:00,7783.090048681029
2019-08-19 13:00:00,7665.247738023664
2019-08-19 13:30:00,7588.013563683646
2019-08-19 14:00:00,7587.505062043035
2019-08-19 14:30:00,7656.511523082915
2019-08-19 15:00:00,7716.519113585343
2019-08-19 15:30:00,7901.909613223769
2019-08-19 16:00:00,8139.443983807822
2019-08-19 16:30:00,8418.229557175444
2019-08-19 17:00:00,8792.939783398768
2019-08-19 17:30:00,9078.275817053947
2019-08-19 18:00:00,9613.977883284228
2019-08-19 18:30:00,9854.445071436267
2019-08-19 19:00:00,9774.420555407181
2019-08-19 19:30:00,9651.488683612872
2019-08-19 20:00:00,9431.810442833528
2019-08-19 20:30:00,9288.651785402588
2019-08-19 21:00:00,9079.371941958409
2019-08-19 21:30:00,8919.941681195096
2019-08-19 22:00:00,8685.008404231217
2019-08-19 22:30:00,8531.73766752786
2019-08-19 23:00:00,8321.65609553679
2019-08-19 23:30:00,8268.476263175979
2019-08-20 00:00:00,7610.794043072402
2019-08-20 00:30:00,7433.714530291647
2019-08-20 01:00:00,7183.8982632711995
2019-08-20 01:30:00,7127.437044209935
2019-08-20 02:00:00,6873.441270669066
2019-08-20 02:30:00,6738.830302321681
2019-08-20 03:00:00,6533.240762549438
2019-08-20 03:30:00,6478.15683803889
2019-08-20 04:00:00,6434.7814333232
2019-08-20 04:30:00,6491.35616048663
2019-08-20 05:00:00,6673.261428949462
2019-08-20 05:30:00,6982.004794087257
2019-08-20 06:00:00,7492.51145782264
2019-08-20 06:30:00,8116.248044645477
2019-08-20 07:00:00,8878.854237208365
2019-08-20 07:30:00,9089.132362615112
2019-08-20 08:00:00,9292.980858919704
2019-08-20 08:30:00,9107.602672394623
2019-08-20 09:00:00,8927.060657244554
2019-08-20 09:30:00,8741.232241882582
2019-08-20 10:00:00,8602.822373021463
2019-08-20 10:30:00,8487.20328485964
2019-08-20 11:00:00,8386.842352919404
2019-08-20 11:30:00,8260.54301670814
2019-08-20 12:00:00,8192.22075038136
2019-08-20 12:30:00,8136.77004765863
2019-08-20 13:00:00,8135.577535890351
2019-08-20 13:30:00,8134.7363708258545
2019-08-20 14:00:00,8159.206826853656
2019-08-20 14:30:00,8177.605912035502
2019-08-20 15:00:00,8197.974311221951
2019-08-20 15:30:00,8326.320305749774
2019-08-20 16:00:00,8584.755257574263
2019-08-20 16:30:00,8861.728070692241
2019-08-20 17:00:00,9359.350619599592
2019-08-20 17:30:00,9892.71038619494
2019-08-20 18:00:00,10579.442376244117
2019-08-20 18:30:00,10917.648774843869
2019-08-20 19:00:00,10912.88093053626
2019-08-20 19:30:00,10759.174905201147
2019-08-20 20:00:00,10493.351365222417
2019-08-20 20:30:00,10420.938341545021
2019-08-20 21:00:00,10089.105249420789
2019-08-20 21:30:00,9826.087012122947
2019-08-20 22:00:00,9433.4821962197
2019-08-20 22:30:00,9281.35042416218
2019-08-20 23:00:00,8920.248614373766
2019-08-20 23:30:00,8705.048320382753
2019-08-21 00:00:00,8429.238096167317
2019-08-21 00:30:00,8292.93493460221
2019-08-21 01:00:00,8084.8045172143
2019-08-21 01:30:00,7906.517706435315
2019-08-21 02:00:00,7578.913279053715
2019-08-21 02:30:00,7372.733079185225
2019-08-21 03:00:00,7107.055977506803
2019-08-21 03:30:00,6937.954003219236
2019-08-21 04:00:00,6911.069159697693
2019-08-21 04:30:00,6945.17628834003
2019-08-21 05:00:00,7136.99685441558
2019-08-21 05:30:00,7452.9201230405915
2019-08-21 06:00:00,8060.221187145752
2019-08-21 06:30:00,8738.936071652353
2019-08-21 07:00:00,9561.7574520831
2019-08-21 07:30:00,9820.335611857196
2019-08-21 08:00:00,9906.65847782561
2019-08-21 08:30:00,9668.382495970294
2019-08-21 09:00:00,9321.395058938593
2019-08-21 09:30:00,9078.617902204074
2019-08-21 10:00:00,8780.605617146635
2019-08-21 10:30:00,8596.161909399489
2019-08-21 11:00:00,8399.587058979843
2019-08-21 11:30:00,8188.35163331464
2019-08-21 12:00:00,8035.376136910127
2019-08-21 12:30:00,7939.890052460223
2019-08-21 13:00:00,7878.772271130045
2019-08-21 13:30:00,7833.077200767549
2019-08-21 14:00:00,7831.210776619326
2019-08-21 14:30:00,7847.213992569365
2019-08-21 15:00:00,7892.081708388324
2019-08-21 15:30:00,8001.571152900475
2019-08-21 16:00:00,8234.488390478538
2019-08-21 16:30:00,8522.163627848031
2019-08-21 17:00:00,8916.456256303187
2019-08-21 17:30:00,9375.867844164108
2019-08-21 18:00:00,10024.112097723664
2019-08-21 18:30:00,10350.403519890082
2019-08-21 19:00:00,10394.02441475812
2019-08-21 19:30:00,10271.102406052538
2019-08-21 20:00:00,10081.849107898748
2019-08-21 20:30:00,9911.82975391891
2019-08-21 21:00:00,9629.543914726444
2019-08-21 21:30:00,9409.382353930603
2019-08-21 22:00:00,9089.646044725234
2019-08-21 22:30:00,8940.65046610955
2019-08-21 23:00:00,8559.927155868743
2019-08-21 23:30:00,8414.46839294405
2019-08-22 00:00:00,8263.054744420233
2019-08-22 00:30:00,8113.820658832495
2019-08-22 01:00:00,7885.65580562969
2019-08-22 01:30:00,7741.912057403241
2019-08-22 02:00:00,7468.326822700781
2019-08-22 02:30:00,7258.872295061596
2019-08-22 03:00:00,7033.978603528581
2019-08-22 03:30:00,6892.5270795205015
2019-08-22 04:00:00,6823.043615579289
2019-08-22 04:30:00,6815.942553811643
2019-08-22 05:00:00,7008.122193891171
2019-08-22 05:30:00,7278.377000193725
2019-08-22 06:00:00,7817.158126157487
2019-08-22 06:30:00,8374.838332144676
2019-08-22 07:00:00,9134.807521411909
2019-08-22 07:30:00,9331.751296387898
2019-08-22 08:00:00,9436.596441661875
2019-08-22 08:30:00,9183.158585988194
2019-08-22 09:00:00,8932.695180130591
2019-08-22 09:30:00,8693.33246730897
2019-08-22 10:00:00,8485.960312744943
2019-08-22 10:30:00,8302.746724476552
2019-08-22 11:00:00,8109.733493041766
2019-08-22 11:30:00,7937.743695373145
2019-08-22 12:00:00,7840.393507148988
2019-08-22 12:30:00,7763.407525802574
2019-08-22 13:00:00,7698.934770235963
2019-08-22 13:30:00,7634.326484340299
2019-08-22 14:00:00,7633.751631160641
2019-08-22 14:30:00,7725.4297083782485
2019-08-22 15:00:00,7823.2095144541345
2019-08-22 15:30:00,7892.085722440539
2019-08-22 16:00:00,8162.775175592061
2019-08-22 16:30:00,8375.267505843232
2019-08-22 17:00:00,8735.101167649009
2019-08-22 17:30:00,9052.71662949174
2019-08-22 18:00:00,9652.815727964116
2019-08-22 18:30:00,9880.895534643856
2019-08-22 19:00:00,9844.162983748523
2019-08-22 19:30:00,9732.4920189612
2019-08-22 20:00:00,9515.394115960018
2019-08-22 20:30:00,9387.409822527967
2019-08-22 21:00:00,9123.107328995873
2019-08-22 21:30:00,8961.374980925462
2019-08-22 22:00:00,8623.446054219497
2019-08-22 22:30:00,8494.7730249785
2019-08-22 23:00:00,8229.36376732124
2019-08-22 23:30:00,8129.757758198183
2019-08-23 00:00:00,7897.575844454581
2019-08-23 00:30:00,7761.181350989384
2019-08-23 01:00:00,7574.633191721098
2019-08-23 01:30:00,7418.6863535015245
2019-08-23 02:00:00,7134.66380955964
2019-08-23 02:30:00,6976.609038600874
2019-08-23 03:00:00,6703.152002434588
2019-08-23 03:30:00,6635.821634939568
2019-08-23 04:00:00,6583.824953604342
2019-08-23 04:30:00,6603.854957581274
2019-08-23 05:00:00,6769.053334079981
2019-08-23 05:30:00,7026.957875317446
2019-08-23 06:00:00,7532.884522454054
2019-08-23 06:30:00,8035.399335119331
2019-08-23 07:00:00,8735.677152891578
2019-08-23 07:30:00,8903.73837629598
2019-08-23 08:00:00,9008.86638094616
2019-08-23 08:30:00,8791.37829457474
2019-08-23 09:00:00,8538.69625203475
2019-08-23 09:30:00,8392.738298963875
2019-08-23 10:00:00,8246.491653030222
2019-08-23 10:30:00,8200.026378047416
2019-08-23 11:00:00,8124.989005785702
2019-08-23 11:30:00,8128.256274626639
2019-08-23 12:00:00,8054.112027320259
2019-08-23 12:30:00,8047.025260479305
2019-08-23 13:00:00,8068.8243406721695
2019-08-23 13:30:00,8128.471359763006
2019-08-23 14:00:00,8115.120638908062
2019-08-23 14:30:00,8156.816174562151
2019-08-23 15:00:00,8172.840437030084
2019-08-23 15:30:00,8266.587348766323
2019-08-23 16:00:00,8489.734481990283
2019-08-23 16:30:00,8719.954083632842
2019-08-23 17:00:00,9115.852827589215
2019-08-23 17:30:00,9539.720522580617
2019-08-23 18:00:00,10173.692851628417
2019-08-23 18:30:00,10391.685205262429
2019-08-23 19:00:00,10322.252409541661
2019-08-23 19:30:00,10211.641567680606
2019-08-23 20:00:00,10012.076781502905
2019-08-23 20:30:00,9896.413518004108
2019-08-23 21:00:00,9642.597117953552
2019-08-23 21:30:00,9476.712805919184
2019-08-23 22:00:00,9128.38649053998
2019-08-23 22:30:00,9074.47619705787
2019-08-23 23:00:00,8751.81333951696
2019-08-23 23:30:00,8680.657220425534
2019-08-24 00:00:00,7970.980032939142
2019-08-24 00:30:00,7855.230691723842
2019-08-24 01:00:00,7597.238299804339
2019-08-24 01:30:00,7415.965274814449
2019-08-24 02:00:00,7168.161064624337
2019-08-24 02:30:00,6926.021232364856
2019-08-24 03:00:00,6677.612132497825
2019-08-24 03:30:00,6556.39463012331
2019-08-24 04:00:00,6543.729477433993
2019-08-24 04:30:00,6552.803609982217
2019-08-24 05:00:00,6740.752444378219
2019-08-24 05:30:00,7057.748149042845
2019-08-24 06:00:00,7567.152964539604
2019-08-24 06:30:00,8140.84509009784
2019-08-24 07:00:00,8943.867737526774
2019-08-24 07:30:00,9204.578633333931
2019-08-24 08:00:00,9434.225076169358
2019-08-24 08:30:00,9243.651724772537
2019-08-24 09:00:00,9007.159816753556
2019-08-24 09:30:00,8713.23635051581
2019-08-24 10:00:00,8452.435348251742
2019-08-24 10:30:00,8176.141407853982
2019-08-24 11:00:00,7901.190791356685
2019-08-24 11:30:00,7640.427661869997
2019-08-24 12:00:00,7429.638101013019
2019-08-24 12:30:00,7337.192446266898
2019-08-24 13:00:00,7222.01637403702
2019-08-24 13:30:00,7145.938086361326
2019-08-24 14:00:00,7130.065675059061
2019-08-24 14:30:00,7136.987522463943
2019-08-24 15:00:00,7150.901225100888
2019-08-24 15:30:00,7274.359540359866
2019-08-24 16:00:00,7545.568378046297
2019-08-24 16:30:00,7770.829339975822
2019-08-24 17:00:00,8192.376228299274
2019-08-24 17:30:00,8519.024097377875
2019-08-24 18:00:00,9104.704096266532
2019-08-24 18:30:00,9391.614383199303
2019-08-24 19:00:00,9410.482514257636
2019-08-24 19:30:00,9345.82018993627
2019-08-24 20:00:00,9164.971837632038
2019-08-24 20:30:00,9099.906263969724
2019-08-24 21:00:00,8901.44217581205
2019-08-24 21:30:00,8779.33915596889
2019-08-24 22:00:00,8569.375150651873
2019-08-24 22:30:00,8583.145434992832
2019-08-24 23:00:00,8318.053526027195
2019-08-24 23:30:00,8185.4130013685935
2019-08-25 00:00:00,8214.13573586722
2019-08-25 00:30:00,8061.0644079153535
2019-08-25 01:00:00,7790.579007696764
2019-08-25 01:30:00,7564.619623936742
2019-08-25 02:00:00,7219.771998037621
2019-08-25 02:30:00,6994.240666912417
2019-08-25 03:00:00,6733.611555033774
2019-08-25 03:30:00,6628.259779558888
2019-08-25 04:00:00,6476.334486225394
2019-08-25 04:30:00,6464.768720707309
2019-08-25 05:00:00,6566.091899523446
2019-08-25 05:30:00,6710.85404536381
2019-08-25 06:00:00,7088.408089932556
2019-08-25 06:30:00,7393.476327983326
2019-08-25 07:00:00,7881.3186580890715
2019-08-25 07:30:00,8114.563395095917
2019-08-25 08:00:00,8367.955694894856
2019-08-25 08:30:00,8375.686022794982
2019-08-25 09:00:00,8294.277611729003
2019-08-25 09:30:00,8115.252458553333
2019-08-25 10:00:00,7781.730769941797
2019-08-25 10:30:00,7522.615481268681
2019-08-25 11:00:00,7221.089477623306
2019-08-25 11:30:00,7033.02485828201
2019-08-25 12:00:00,6818.18615612889
2019-08-25 12:30:00,6688.47961200166
2019-08-25 13:00:00,6613.257452687591
2019-08-25 13:30:00,6583.639185811114
2019-08-25 14:00:00,6526.765051780118
2019-08-25 14:30:00,6579.544261891774
2019-08-25 15:00:00,6649.08589980087
2019-08-25 15:30:00,6756.885132908646
2019-08-25 16:00:00,6977.867667875918
2019-08-25 16:30:00,7188.328280015672
2019-08-25 17:00:00,7554.466190928746
2019-08-25 17:30:00,7815.076891159884
2019-08-25 18:00:00,8308.183609340738
2019-08-25 18:30:00,8655.858526153737
2019-08-25 19:00:00,8604.133452714075
2019-08-25 19:30:00,8514.984301940722
2019-08-25 20:00:00,8372.327354168838
2019-08-25 20:30:00,8284.360698099847
2019-08-25 21:00:00,8139.8573323576475
2019-08-25 21:30:00,8058.970384199853
2019-08-25 22:00:00,7878.511137657146
2019-08-25 22:30:00,7874.720874788961
2019-08-25 23:00:00,7681.825658730741
2019-08-25 23:30:00,7637.9558387984125
2019-08-26 00:00:00,8458.208439895156
2019-08-26 00:30:00,8298.786060407225
2019-08-26 01:00:00,8090.535075987392
2019-08-26 01:30:00,7928.507555427433
2019-08-26 02:00:00,7672.932274425383
2019-08-26 02:30:00,7464.899570808239
2019-08-26 03:00:00,7253.802771656221
2019-08-26 03:30:00,7197.30688621236
2019-08-26 04:00:00,7127.070784947773
2019-08-26 04:30:00,7128.130907874042
2019-08-26 05:00:00,7226.5981255327515
2019-08-26 05:30:00,7339.103196454815
2019-08-26 06:00:00,7677.783000144303
2019-08-26 06:30:00,7862.624880115986
2019-08-26 07:00:00,8290.835131336036
2019-08-26 07:30:00,8423.659302195365
2019-08-26 08:00:00,8616.137815228769
2019-08-26 08:30:00,8639.204799472063
2019-08-26 09:00:00,8594.78871333768
2019-08-26 09:30:00,8465.288636891702
2019-08-26 10:00:00,8302.989168420272
2019-08-26 10:30:00,8136.43041550365
2019-08-26 11:00:00,7983.420526505233
2019-08-26 11:30:00,7875.815447965363
2019-08-26 12:00:00,7734.155719339161
2019-08-26 12:30:00,7629.239232496027
2019-08-26 13:00:00,7571.831067568296
2019-08-26 13:30:00,7549.263096404007
2019-08-26 14:00:00,7608.681846138642
2019-08-26 14:30:00,7643.571492514634
2019-08-26 15:00:00,7770.5584348506645
2019-08-26 15:30:00,7966.848140400304
2019-08-26 16:00:00,8232.04988328233
2019-08-26 16:30:00,8497.961198144816
2019-08-26 17:00:00,8891.702579841436
2019-08-26 17:30:00,9244.70932823096
2019-08-26 18:00:00,9736.97931318528
2019-08-26 18:30:00,10010.99777431598
2019-08-26 19:00:00,9968.305108112187
2019-08-26 19:30:00,9870.231626954366
2019-08-26 20:00:00,9634.852578711467
2019-08-26 20:30:00,9523.749782701167
2019-08-26 21:00:00,9328.495475521308
2019-08-26 21:30:00,9171.48588728367
2019-08-26 22:00:00,8859.148439427288
2019-08-26 22:30:00,8765.790482105307
2019-08-26 23:00:00,8511.268117245916
2019-08-26 23:30:00,8448.002813652723
2019-08-27 00:00:00,7723.029277595922
2019-08-27 00:30:00,7623.260976128587
2019-08-27 01:00:00,7395.986072232389
2019-08-27 01:30:00,7287.601103050657
2019-08-27 02:00:00,7043.953288662466
2019-08-27 02:30:00,6867.046576593166
2019-08-27 03:00:00,6640.391536144413
2019-08-27 03:30:00,6595.690237169139
2019-08-27 04:00:00,6560.220588156826
2019-08-27 04:30:00,6593.476688645938
2019-08-27 05:00:00,6777.150364954266
2019-08-27 05:30:00,7081.7338848527215
2019-08-27 06:00:00,7562.5513212674405
2019-08-27 06:30:00,8106.610885022508
2019-08-27 07:00:00,8754.909109502418
2019-08-27 07:30:00,8983.33089110047
2019-08-27 08:00:00,9242.499837074318
2019-08-27 08:30:00,9240.982249314222
2019-08-27 09:00:00,9130.354388874754
2019-08-27 09:30:00,8996.44446944966
2019-08-27 10:00:00,8927.065864922291
2019-08-27 10:30:00,8929.230463178978
2019-08-27 11:00:00,8882.50747371183
2019-08-27 11:30:00,8767.879529845433
2019-08-27 12:00:00,8759.147617092
2019-08-27 12:30:00,8709.949575075483
2019-08-27 13:00:00,8686.815908250777
2019-08-27 13:30:00,8702.304993849495
2019-08-27 14:00:00,8671.56833124303
2019-08-27 14:30:00,8590.272702493523
2019-08-27 15:00:00,8599.567290311132
2019-08-27 15:30:00,8684.10718935388
2019-08-27 16:00:00,8911.802476952987
2019-08-27 16:30:00,9162.524487611445
2019-08-27 17:00:00,9487.525168558723
2019-08-27 17:30:00,9835.575259048559
2019-08-27 18:00:00,10334.668700577913
2019-08-27 18:30:00,10539.813580814001
2019-08-27 19:00:00,10435.680684380008
2019-08-27 19:30:00,10213.533739690243
2019-08-27 20:00:00,9949.719741620856
2019-08-27 20:30:00,9788.949125646865
2019-08-27 21:00:00,9500.245706312111
2019-08-27 21:30:00,9265.681967951037
2019-08-27 22:00:00,8957.218878865999
2019-08-27 22:30:00,8821.57964981597
2019-08-27 23:00:00,8558.27108890097
2019-08-27 23:30:00,8419.407138667986
2019-08-28 00:00:00,8213.86738797794
2019-08-28 00:30:00,8114.635393064001
2019-08-28 01:00:00,7866.221400955314
2019-08-28 01:30:00,7714.623308359395
2019-08-28 02:00:00,7453.5258277724315
2019-08-28 02:30:00,7265.938867653691
2019-08-28 03:00:00,6999.949671467235
2019-08-28 03:30:00,6842.543892818406
2019-08-28 04:00:00,6751.360230817439
2019-08-28 04:30:00,6779.379441122456
2019-08-28 05:00:00,6953.966671769214
2019-08-28 05:30:00,7210.3509981547895
2019-08-28 06:00:00,7690.863398991232
2019-08-28 06:30:00,8241.087095711395
2019-08-28 07:00:00,8915.995196654801
2019-08-28 07:30:00,9087.468236880306
2019-08-28 08:00:00,9282.968452852838
2019-08-28 08:30:00,9130.317296260408
2019-08-28 09:00:00,8887.274927953868
2019-08-28 09:30:00,8767.139724707697
2019-08-28 10:00:00,8651.057338225468
2019-08-28 10:30:00,8616.991934895485
2019-08-28 11:00:00,8475.442361655547
2019-08-28 11:30:00,8411.66030061924
2019-08-28 12:00:00,8308.933283135959
2019-08-28 12:30:00,8290.416258013984
2019-08-28 13:00:00,8217.142366186623
2019-08-28 13:30:00,8257.75560271237
2019-08-28 14:00:00,8248.210261997927
2019-08-28 14:30:00,8173.172548138222
2019-08-28 15:00:00,8199.899234857668
2019-08-28 15:30:00,8275.662800933535
2019-08-28 16:00:00,8452.096466181083
2019-08-28 16:30:00,8662.849623718592
2019-08-28 17:00:00,8947.714082084232
2019-08-28 17:30:00,9321.405080944212
2019-08-28 18:00:00,9870.14416623518
2019-08-28 18:30:00,10195.215154944395
2019-08-28 19:00:00,10189.18054296209
2019-08-28 19:30:00,10044.01957961874
2019-08-28 20:00:00,9824.788940584496
2019-08-28 20:30:00,9702.631882315636
2019-08-28 21:00:00,9459.365477261044
2019-08-28 21:30:00,9210.535068571802
2019-08-28 22:00:00,8910.890037766
2019-08-28 22:30:00,8808.684141754502
2019-08-28 23:00:00,8540.849602666427
2019-08-28 23:30:00,8437.942657732638
2019-08-29 00:00:00,8309.041337440784
2019-08-29 00:30:00,8187.258293381042
2019-08-29 01:00:00,7972.752021163198
2019-08-29 01:30:00,7878.606937202421
2019-08-29 02:00:00,7578.5493150868715
2019-08-29 02:30:00,7333.600501165906
2019-08-29 03:00:00,7087.572330325542
2019-08-29 03:30:00,6933.964695820279
2019-08-29 04:00:00,6853.527810474977
2019-08-29 04:30:00,6873.466659618993
2019-08-29 05:00:00,7056.552618040018
2019-08-29 05:30:00,7419.696248995828
2019-08-29 06:00:00,7881.074026412712
2019-08-29 06:30:00,8447.052569022131
2019-08-29 07:00:00,9101.241753112485
2019-08-29 07:30:00,9226.89851066512
2019-08-29 08:00:00,9323.215515965823
2019-08-29 08:30:00,9098.342863172107
2019-08-29 09:00:00,8862.829609268032
2019-08-29 09:30:00,8662.554663936677
2019-08-29 10:00:00,8436.547544310544
2019-08-29 10:30:00,8292.227746031691
2019-08-29 11:00:00,8184.337522621815
2019-08-29 11:30:00,8033.600144200674
2019-08-29 12:00:00,7992.104085107374
2019-08-29 12:30:00,7936.215466661095
2019-08-29 13:00:00,7901.395467286381
2019-08-29 13:30:00,7846.985338379639
2019-08-29 14:00:00,7669.882219177764
2019-08-29 14:30:00,7734.360074952775
2019-08-29 15:00:00,7887.105865599079
2019-08-29 15:30:00,7963.074094610027
2019-08-29 16:00:00,8160.846256821559
2019-08-29 16:30:00,8352.21904797052
2019-08-29 17:00:00,8668.92303698682
2019-08-29 17:30:00,8983.896886628758
2019-08-29 18:00:00,9500.157312047857
2019-08-29 18:30:00,9780.195358163484
2019-08-29 19:00:00,9789.344973268795
2019-08-29 19:30:00,9689.264577293427
2019-08-29 20:00:00,9502.985180237194
2019-08-29 20:30:00,9410.062511546965
2019-08-29 21:00:00,9228.376452864777
2019-08-29 21:30:00,9136.802020660609
2019-08-29 22:00:00,8787.754107836032
2019-08-29 22:30:00,8770.388537540417
2019-08-29 23:00:00,8487.846962376008
2019-08-29 23:30:00,8405.073666432589
2019-08-30 00:00:00,8141.406930161413
2019-08-30 00:30:00,8051.927940515914
2019-08-30 01:00:00,7844.001540784637
2019-08-30 01:30:00,7702.793777932199
2019-08-30 02:00:00,7428.022599087957
2019-08-30 02:30:00,7270.420038779429
2019-08-30 03:00:00,6979.459120921494
2019-08-30 03:30:00,6881.740104862511
2019-08-30 04:00:00,6820.157142441086
2019-08-30 04:30:00,6809.594657264599
2019-08-30 05:00:00,6993.489096180869
2019-08-30 05:30:00,7287.691972357396
2019-08-30 06:00:00,7744.219186912649
2019-08-30 06:30:00,8341.001295261878
2019-08-30 07:00:00,9056.09703012083
2019-08-30 07:30:00,9287.678986108962
2019-08-30 08:00:00,9509.808627655271
2019-08-30 08:30:00,9455.910002008057
2019-08-30 09:00:00,9257.065310692646
2019-08-30 09:30:00,9164.085976484921
2019-08-30 10:00:00,9111.030563691007
2019-08-30 10:30:00,9025.60777427141
2019-08-30 11:00:00,8920.012579238874
2019-08-30 11:30:00,8789.310458978252
2019-08-30 12:00:00,8812.75497467738
2019-08-30 12:30:00,8841.0570443586
2019-08-30 13:00:00,8867.017774536973
2019-08-30 13:30:00,8915.261143386826
2019-08-30 14:00:00,8918.589884110344
2019-08-30 14:30:00,8982.020107139608
2019-08-30 15:00:00,9041.053475365094
2019-08-30 15:30:00,9051.266572559156
2019-08-30 16:00:00,9323.946018509741
2019-08-30 16:30:00,9573.947431135624
2019-08-30 17:00:00,9919.334562972019
2019-08-30 17:30:00,10234.613271125056
2019-08-30 18:00:00,10707.455910194889
2019-08-30 18:30:00,10826.727772174489
2019-08-30 19:00:00,10777.93487452003
2019-08-30 19:30:00,10586.62861197729
2019-08-30 20:00:00,10387.154980632506
2019-08-30 20:30:00,10239.413679510995
2019-08-30 21:00:00,9961.565113683306
2019-08-30 21:30:00,9709.687216360524
2019-08-30 22:00:00,9373.260937209516
2019-08-30 22:30:00,9396.53258438789
2019-08-30 23:00:00,8810.880724680972
2019-08-30 23:30:00,8646.725722271542
2019-08-31 00:00:00,7872.080553183329
2019-08-31 00:30:00,7708.001765401672
2019-08-31 01:00:00,7453.52664006288
2019-08-31 01:30:00,7307.8737225702835
2019-08-31 02:00:00,7046.262111631997
2019-08-31 02:30:00,6808.294437725202
2019-08-31 03:00:00,6499.372350408969
2019-08-31 03:30:00,6381.396491235898
2019-08-31 04:00:00,6277.815584673901
2019-08-31 04:30:00,6318.143511798826
2019-08-31 05:00:00,6471.623516456721
2019-08-31 05:30:00,6743.25842146896
2019-08-31 06:00:00,7222.4005866844445
2019-08-31 06:30:00,7786.047161576485
2019-08-31 07:00:00,8537.99510522483
2019-08-31 07:30:00,8756.858036122347
2019-08-31 08:00:00,9094.577353631472
2019-08-31 08:30:00,9006.298603054447
2019-08-31 09:00:00,8894.701951588799
2019-08-31 09:30:00,8804.67434227656
2019-08-31 10:00:00,8685.074689213618
2019-08-31 10:30:00,8582.742971986609
2019-08-31 11:00:00,8539.58160150432
2019-08-31 11:30:00,8530.198001539857
2019-08-31 12:00:00,8500.60723285834
2019-08-31 12:30:00,8422.170192358053
2019-08-31 13:00:00,8357.427067595761
2019-08-31 13:30:00,8386.97617877422
2019-08-31 14:00:00,8352.365157396414
2019-08-31 14:30:00,8367.859497178719
2019-08-31 15:00:00,8403.844607925566
2019-08-31 15:30:00,8464.546495759085
2019-08-31 16:00:00,8671.830529175211
2019-08-31 16:30:00,8868.710579703948
2019-08-31 17:00:00,9142.174014920398
2019-08-31 17:30:00,9391.757060933014
2019-08-31 18:00:00,9840.887510009132
2019-08-31 18:30:00,9961.964896241441
2019-08-31 19:00:00,9869.149572331928
2019-08-31 19:30:00,9641.438702744894
2019-08-31 20:00:00,9387.008949918418
2019-08-31 20:30:00,9249.010968043798
2019-08-31 21:00:00,9012.432512327174
2019-08-31 21:30:00,8804.094773131754
2019-08-31 22:00:00,8561.361367291283
2019-08-31 22:30:00,8510.299153691216
2019-08-31 23:00:00,8230.500031582069
2019-08-31 23:30:00,8098.144816324288
2019-09-01 00:00:00,7976.678730509105
2019-09-01 00:30:00,7829.1368381390885
2019-09-01 01:00:00,7500.103639976493
2019-09-01 01:30:00,7338.349115704007
2019-09-01 02:00:00,7004.147248538907
2019-09-01 02:30:00,6735.690085213681
2019-09-01 03:00:00,6460.998143596326
2019-09-01 03:30:00,6290.727969531088
2019-09-01 04:00:00,6182.731965806389
2019-09-01 04:30:00,6147.431834092513
2019-09-01 05:00:00,6240.290774449804
2019-09-01 05:30:00,6353.769890581633
2019-09-01 06:00:00,6682.4184385316175
2019-09-01 06:30:00,6935.809314709355
2019-09-01 07:00:00,7392.166579263279
2019-09-01 07:30:00,7609.467569996551
2019-09-01 08:00:00,7892.815856819494
2019-09-01 08:30:00,8076.206500570129
2019-09-01 09:00:00,8117.4940814182
2019-09-01 09:30:00,8035.652460093743
2019-09-01 10:00:00,7848.335112800517
2019-09-01 10:30:00,7812.44200901575
2019-09-01 11:00:00,7660.485184013845
2019-09-01 11:30:00,7522.167226355808
2019-09-01 12:00:00,7449.911953926848
2019-09-01 12:30:00,7383.564672384697
2019-09-01 13:00:00,7346.304451374026
2019-09-01 13:30:00,7246.3686033788235
2019-09-01 14:00:00,7227.143667864744
2019-09-01 14:30:00,7273.212752436359
2019-09-01 15:00:00,7337.943102771559
2019-09-01 15:30:00,7404.543831490904
2019-09-01 16:00:00,7605.518538683319
2019-09-01 16:30:00,7761.214556817494
2019-09-01 17:00:00,8098.809263985501
2019-09-01 17:30:00,8382.05691401177
2019-09-01 18:00:00,8826.82367725909
2019-09-01 18:30:00,9058.689137901873
2019-09-01 19:00:00,8965.585877499743
2019-09-01 19:30:00,8846.097684750166
2019-09-01 20:00:00,8579.391254394583
2019-09-01 20:30:00,8495.289271075384
2019-09-01 21:00:00,8293.861144908878
2019-09-01 21:30:00,8196.815924453702
2019-09-01 22:00:00,8013.328738387737
2019-09-01 22:30:00,8003.388637481148
2019-09-01 23:00:00,7796.007793232987
2019-09-01 23:30:00,7675.872589986816
2019-09-02 00:00:00,8487.416262465831
2019-09-02 00:30:00,8304.768392949843
2019-09-02 01:00:00,7992.311833697896
2019-09-02 01:30:00,7881.332231811312
2019-09-02 02:00:00,7625.749891879505
2019-09-02 02:30:00,7435.7154741278755
2019-09-02 03:00:00,7222.232491765602
2019-09-02 03:30:00,7150.946119620699
2019-09-02 04:00:00,7093.798625817882
2019-09-02 04:30:00,7029.333083156216
2019-09-02 05:00:00,7105.342388315384
2019-09-02 05:30:00,7182.741482091475
2019-09-02 06:00:00,7462.600491549481
2019-09-02 06:30:00,7672.667540369838
2019-09-02 07:00:00,8048.978844763288
2019-09-02 07:30:00,8206.944910913757
2019-09-02 08:00:00,8408.38504780602
2019-09-02 08:30:00,8479.713145263277
2019-09-02 09:00:00,8476.877281934649
2019-09-02 09:30:00,8345.028315752807
2019-09-02 10:00:00,8188.339751674589
2019-09-02 10:30:00,8046.454920848103
2019-09-02 11:00:00,7832.245935683333
2019-09-02 11:30:00,7665.665006564637
2019-09-02 12:00:00,7515.122495799145
2019-09-02 12:30:00,7373.687893809552
2019-09-02 13:00:00,7278.101459808442
2019-09-02 13:30:00,7246.7688235121705
2019-09-02 14:00:00,7231.639186444553
2019-09-02 14:30:00,7274.677704401114
2019-09-02 15:00:00,7365.843148675013
2019-09-02 15:30:00,7575.21702984846
2019-09-02 16:00:00,7809.012548898234
2019-09-02 16:30:00,8082.957422492954
2019-09-02 17:00:00,8401.607051904168
2019-09-02 17:30:00,8652.179260398869
2019-09-02 18:00:00,9113.119236148712
2019-09-02 18:30:00,9420.974456726068
2019-09-02 19:00:00,9456.286169482604
2019-09-02 19:30:00,9387.380726364367
2019-09-02 20:00:00,9225.015555145139
2019-09-02 20:30:00,9188.85733634828
2019-09-02 21:00:00,8992.796353419346
2019-09-02 21:30:00,8894.688382946106
2019-09-02 22:00:00,8675.659931102417
2019-09-02 22:30:00,8587.469885333689
2019-09-02 23:00:00,8382.925453132675
2019-09-02 23:30:00,8278.45656803464
2019-09-03 00:00:00,7542.033812693072
2019-09-03 00:30:00,7464.647209097503
2019-09-03 01:00:00,7283.003474049373
2019-09-03 01:30:00,7165.01331994961
2019-09-03 02:00:00,6944.192178086489
2019-09-03 02:30:00,6815.398581813567
2019-09-03 03:00:00,6610.421563222495
2019-09-03 03:30:00,6528.442452847628
2019-09-03 04:00:00,6457.711770341999
2019-09-03 04:30:00,6515.054075033944
2019-09-03 05:00:00,6693.075121636705
2019-09-03 05:30:00,6990.874928459139
2019-09-03 06:00:00,7493.023625840907
2019-09-03 06:30:00,8070.201155756227
2019-09-03 07:00:00,8695.24447800907
2019-09-03 07:30:00,8818.04066549914
2019-09-03 08:00:00,8912.298699369938
2019-09-03 08:30:00,8700.20699136792
2019-09-03 09:00:00,8492.690771566788
2019-09-03 09:30:00,8278.626169851372
2019-09-03 10:00:00,8125.406088111753
2019-09-03 10:30:00,8016.8588265857425
2019-09-03 11:00:00,7900.812027387091
2019-09-03 11:30:00,7822.768550206201
2019-09-03 12:00:00,7735.031428175458
2019-09-03 12:30:00,7673.086930682663
2019-09-03 13:00:00,7653.367707770856
2019-09-03 13:30:00,7627.598996371855
2019-09-03 14:00:00,7621.548746036048
2019-09-03 14:30:00,7622.776415490185
2019-09-03 15:00:00,7750.368643010453
2019-09-03 15:30:00,7826.564870626276
2019-09-03 16:00:00,8091.845455227873
2019-09-03 16:30:00,8301.954229360583
2019-09-03 17:00:00,8632.014567942539
2019-09-03 17:30:00,8962.686597956237
2019-09-03 18:00:00,9458.850490792182
2019-09-03 18:30:00,9746.43457332876
2019-09-03 19:00:00,9751.250383015555
2019-09-03 19:30:00,9609.602254414953
2019-09-03 20:00:00,9397.943277441154
2019-09-03 20:30:00,9316.598864449532
2019-09-03 21:00:00,9038.81945431986
2019-09-03 21:30:00,8869.97816320642
2019-09-03 22:00:00,8555.840268213742
2019-09-03 22:30:00,8470.102111915867
2019-09-03 23:00:00,8230.47650586275
2019-09-03 23:30:00,8140.896498295609
2019-09-04 00:00:00,7869.21916847067
2019-09-04 00:30:00,7780.667421606171
2019-09-04 01:00:00,7546.726744574081
2019-09-04 01:30:00,7348.5258879449475
2019-09-04 02:00:00,6612.353128440722
2019-09-04 02:30:00,6457.196043951737
2019-09-04 03:00:00,6221.641653479563
2019-09-04 03:30:00,6139.682092214976
2019-09-04 04:00:00,6085.471206035325
2019-09-04 04:30:00,6467.291527365594
2019-09-04 05:00:00,6729.933941822465
2019-09-04 05:30:00,7003.780424587335
2019-09-04 06:00:00,7510.440159937037
2019-09-04 06:30:00,8019.866151585101
2019-09-04 07:00:00,8666.676023436745
2019-09-04 07:30:00,8737.344620216889
2019-09-04 08:00:00,8764.94508278367
2019-09-04 08:30:00,8340.941703488028
2019-09-04 09:00:00,8220.548347599595
2019-09-04 09:30:00,8050.555601659795
2019-09-04 10:00:00,7868.742886654548
2019-09-04 10:30:00,7760.586561356141
2019-09-04 11:00:00,7602.108511198511
2019-09-04 11:30:00,7492.946101399535
2019-09-04 12:00:00,7420.4692440170065
2019-09-04 12:30:00,7333.412908710529
2019-09-04 13:00:00,7353.8097139916335
2019-09-04 13:30:00,7347.357644533924
2019-09-04 14:00:00,7384.240285327896
2019-09-04 14:30:00,7445.852493923928
2019-09-04 15:00:00,7537.195170747246
2019-09-04 15:30:00,7600.878840953705
2019-09-04 16:00:00,7860.888046055786
2019-09-04 16:30:00,7987.85919605751
2019-09-04 17:00:00,8294.0008769645
2019-09-04 17:30:00,8550.272517593534
2019-09-04 18:00:00,8964.171990653791
2019-09-04 18:30:00,9269.927159767338
2019-09-04 19:00:00,9282.523081009174
2019-09-04 19:30:00,9169.614760746163
2019-09-04 20:00:00,8937.411649444108
2019-09-04 20:30:00,8849.671832512273
2019-09-04 21:00:00,8618.246816355035
2019-09-04 21:30:00,8529.444249405136
2019-09-04 22:00:00,8261.087502491457
2019-09-04 22:30:00,8273.35449399901
2019-09-04 23:00:00,8026.363870633877
2019-09-04 23:30:00,7978.659258362038
2019-09-05 00:00:00,7863.7119708419705
2019-09-05 00:30:00,7757.157329206818
2019-09-05 01:00:00,7518.110015044108
2019-09-05 01:30:00,7406.008370530171
2019-09-05 02:00:00,7134.422814648326
2019-09-05 02:30:00,6930.185628082956
2019-09-05 03:00:00,6684.25584807244
2019-09-05 03:30:00,6556.839723417411
2019-09-05 04:00:00,6490.935445757993
2019-09-05 04:30:00,6534.106843859824
2019-09-05 05:00:00,6725.000167154376
2019-09-05 05:30:00,6984.892074099111
2019-09-05 06:00:00,7489.640658369319
2019-09-05 06:30:00,7982.480325085181
2019-09-05 07:00:00,8583.589872390741
2019-09-05 07:30:00,8588.491669519102
2019-09-05 08:00:00,8635.081562246827
2019-09-05 08:30:00,8409.44395901639
2019-09-05 09:00:00,8142.153094162738
2019-09-05 09:30:00,7883.837245241763
2019-09-05 10:00:00,7756.774184036956
2019-09-05 10:30:00,7703.532254907885
2019-09-05 11:00:00,7580.789625095883
2019-09-05 11:30:00,7440.002033602881
2019-09-05 12:00:00,7354.062554549465
2019-09-05 12:30:00,7312.123257739733
2019-09-05 13:00:00,7284.871470988044
2019-09-05 13:30:00,7281.425164851519
2019-09-05 14:00:00,7338.900724215857
2019-09-05 14:30:00,7453.621804728513
2019-09-05 15:00:00,7504.331050637356
2019-09-05 15:30:00,7559.661186328164
2019-09-05 16:00:00,7784.719470631619
2019-09-05 16:30:00,7990.063759619201
2019-09-05 17:00:00,8228.664978845323
2019-09-05 17:30:00,8427.417082232992
2019-09-05 18:00:00,8857.782313193527
2019-09-05 18:30:00,9049.05671351264
2019-09-05 19:00:00,8989.605744010816
2019-09-05 19:30:00,8821.008214053018
2019-09-05 20:00:00,8585.27534598973
2019-09-05 20:30:00,8499.764028829013
2019-09-05 21:00:00,8287.842573184038
2019-09-05 21:30:00,8174.762274555196
2019-09-05 22:00:00,7940.2501683635555
2019-09-05 22:30:00,7977.631624776586
2019-09-05 23:00:00,7767.269820501108
2019-09-05 23:30:00,7729.242175937112
2019-09-06 00:00:00,7548.774350607263
2019-09-06 00:30:00,7478.033971037307
2019-09-06 01:00:00,7292.784441667345
2019-09-06 01:30:00,7136.445844874543
2019-09-06 02:00:00,6834.30164387625
2019-09-06 02:30:00,6635.367699034021
2019-09-06 03:00:00,6399.308864232076
2019-09-06 03:30:00,6299.604464279169
2019-09-06 04:00:00,6243.787462598301
2019-09-06 04:30:00,6280.979196281391
2019-09-06 05:00:00,6450.956998130366
2019-09-06 05:30:00,6685.685655927511
2019-09-06 06:00:00,7119.233768702143
2019-09-06 06:30:00,7578.343125143757
2019-09-06 07:00:00,8136.249412123859
2019-09-06 07:30:00,8150.54531758386
2019-09-06 08:00:00,8224.470938991244
2019-09-06 08:30:00,8107.142090314765
2019-09-06 09:00:00,7959.617668681754
2019-09-06 09:30:00,7864.4834222388945
2019-09-06 10:00:00,7769.9088839946835
2019-09-06 10:30:00,7713.235766001404
2019-09-06 11:00:00,7655.490376499324
2019-09-06 11:30:00,7571.378530091396
2019-09-06 12:00:00,7486.53646743864
2019-09-06 12:30:00,7446.122639664388
2019-09-06 13:00:00,7466.843852566872
2019-09-06 13:30:00,7427.236700541695
2019-09-06 14:00:00,7494.760614731198
2019-09-06 14:30:00,7536.8940661088345
2019-09-06 15:00:00,7660.826283814393
2019-09-06 15:30:00,7698.906162057921
2019-09-06 16:00:00,7890.083511577746
2019-09-06 16:30:00,8074.765726296946
2019-09-06 17:00:00,8307.365104902252
2019-09-06 17:30:00,8487.914904767775
2019-09-06 18:00:00,8848.931522702938
2019-09-06 18:30:00,9078.120881829507
2019-09-06 19:00:00,9050.919928316225
2019-09-06 19:30:00,8897.777639920174
2019-09-06 20:00:00,8669.015580571056
2019-09-06 20:30:00,8558.544854852205
2019-09-06 21:00:00,8371.580180673569
2019-09-06 21:30:00,8259.709807134752
2019-09-06 22:00:00,8007.4030785998775
2019-09-06 22:30:00,7980.015938586312
2019-09-06 23:00:00,7838.052683074683
2019-09-06 23:30:00,7758.432325524409
2019-09-07 00:00:00,7017.990561949057
2019-09-07 00:30:00,6895.338922439156
2019-09-07 01:00:00,6656.977716993598
2019-09-07 01:30:00,6503.923311060218
2019-09-07 02:00:00,6273.307438616302
2019-09-07 02:30:00,6010.267025116385
2019-09-07 03:00:00,5782.539548628016
2019-09-07 03:30:00,5672.0811360225125
2019-09-07 04:00:00,5608.63662910933
2019-09-07 04:30:00,5623.8845806442
2019-09-07 05:00:00,5786.325386815328
2019-09-07 05:30:00,6053.6363494977795
2019-09-07 06:00:00,6444.918130749505
2019-09-07 06:30:00,6904.4476585505545
2019-09-07 07:00:00,7412.590361828912
2019-09-07 07:30:00,7487.1058869947365
2019-09-07 08:00:00,7624.021188616044
2019-09-07 08:30:00,7486.719001480128
2019-09-07 09:00:00,7425.933566461972
2019-09-07 09:30:00,7309.908601867403
2019-09-07 10:00:00,7175.80838040938
2019-09-07 10:30:00,7063.345034799671
2019-09-07 11:00:00,7010.912750109461
2019-09-07 11:30:00,6893.377256684555
2019-09-07 12:00:00,6877.339619228393
2019-09-07 12:30:00,6862.334606503539
2019-09-07 13:00:00,6884.797619211481
2019-09-07 13:30:00,6966.287402528895
2019-09-07 14:00:00,7084.268890412677
2019-09-07 14:30:00,7172.227665206286
2019-09-07 15:00:00,7197.434137073842
2019-09-07 15:30:00,7284.291063628826
2019-09-07 16:00:00,7467.425168394866
2019-09-07 16:30:00,7477.5797783130065
2019-09-07 17:00:00,7665.782716454139
2019-09-07 17:30:00,7847.906769597253
2019-09-07 18:00:00,8107.328207955921
2019-09-07 18:30:00,8260.842545760002
2019-09-07 19:00:00,8133.214612447896
2019-09-07 19:30:00,7992.117730605831
2019-09-07 20:00:00,7785.776290281864
2019-09-07 20:30:00,7739.8055965401
2019-09-07 21:00:00,7538.505273402453
2019-09-07 21:30:00,7496.1333150527635
2019-09-07 22:00:00,7319.575212388614
2019-09-07 22:30:00,7366.246955052671
2019-09-07 23:00:00,7158.140258588348
2019-09-07 23:30:00,7155.208082803145
2019-09-08 00:00:00,7286.690440321353
2019-09-08 00:30:00,7180.563851321018
2019-09-08 01:00:00,6893.762495365908
2019-09-08 01:30:00,6793.42602512155
2019-09-08 02:00:00,6448.108621275256
2019-09-08 02:30:00,6307.392812572067
2019-09-08 03:00:00,6029.81567466545
2019-09-08 03:30:00,5903.246146325682
2019-09-08 04:00:00,5840.790801894584
2019-09-08 04:30:00,5809.67449636829
2019-09-08 05:00:00,5895.515825582645
2019-09-08 05:30:00,5997.867091919936
2019-09-08 06:00:00,6305.186828927489
2019-09-08 06:30:00,6446.145576440695
2019-09-08 07:00:00,6865.623024752387
2019-09-08 07:30:00,6983.918037363251
2019-09-08 08:00:00,7245.716105357371
2019-09-08 08:30:00,7317.792231232865
2019-09-08 09:00:00,7362.87532913271
2019-09-08 09:30:00,7297.61740564866
2019-09-08 10:00:00,7163.332715644284
2019-09-08 10:30:00,7052.027883790694
2019-09-08 11:00:00,6840.913366755406
2019-09-08 11:30:00,6721.543113945957
2019-09-08 12:00:00,6645.654616809501
2019-09-08 12:30:00,6527.9152827951375
2019-09-08 13:00:00,6488.259192552659
2019-09-08 13:30:00,6478.378384255361
2019-09-08 14:00:00,6532.476793181191
2019-09-08 14:30:00,6535.511968701383
2019-09-08 15:00:00,6633.862570646086
2019-09-08 15:30:00,6774.212246415542
2019-09-08 16:00:00,6967.315687220001
2019-09-08 16:30:00,7244.332852742127
2019-09-08 17:00:00,7539.380996102821
2019-09-08 17:30:00,7789.480799558554
2019-09-08 18:00:00,8262.193185574912
2019-09-08 18:30:00,8589.246931086254
2019-09-08 19:00:00,8549.934042412764
2019-09-08 19:30:00,8475.749983798078
2019-09-08 20:00:00,8252.273598875166
2019-09-08 20:30:00,8201.941846396401
2019-09-08 21:00:00,7997.003512578943
2019-09-08 21:30:00,7906.351068972185
2019-09-08 22:00:00,7680.905036986209
2019-09-08 22:30:00,7674.194911446166
2019-09-08 23:00:00,7450.9138509829545
2019-09-08 23:30:00,7310.040358840626
2019-09-09 00:00:00,8112.118023134835
2019-09-09 00:30:00,7972.951664415367
2019-09-09 01:00:00,7686.740653439353
2019-09-09 01:30:00,7553.421078993358
2019-09-09 02:00:00,7285.647962181772
2019-09-09 02:30:00,7119.367459736212
2019-09-09 03:00:00,6896.109295903423
2019-09-09 03:30:00,6812.851104740514
2019-09-09 04:00:00,6725.1802774822945
2019-09-09 04:30:00,6675.099345088928
2019-09-09 05:00:00,6771.542080633154
2019-09-09 05:30:00,6869.281291080866
2019-09-09 06:00:00,7159.023735927965
2019-09-09 06:30:00,7328.474921130782
2019-09-09 07:00:00,7687.811591456221
2019-09-09 07:30:00,7797.416348816707
2019-09-09 08:00:00,8028.280598017542
2019-09-09 08:30:00,8063.619827951978
2019-09-09 09:00:00,8108.766827366252
2019-09-09 09:30:00,8081.588782125731
2019-09-09 10:00:00,7982.232836717907
2019-09-09 10:30:00,7877.989968411403
2019-09-09 11:00:00,7726.5198433751575
2019-09-09 11:30:00,7628.992354792285
2019-09-09 12:00:00,7556.185835604788
2019-09-09 12:30:00,7504.781470019229
2019-09-09 13:00:00,7402.900649999549
2019-09-09 13:30:00,7420.70413601871
2019-09-09 14:00:00,7387.847227559707
2019-09-09 14:30:00,7465.293123764565
2019-09-09 15:00:00,7562.819482663257
2019-09-09 15:30:00,7731.067801705805
2019-09-09 16:00:00,7990.058609193972
2019-09-09 16:30:00,8216.61359211668
2019-09-09 17:00:00,8574.79678601709
2019-09-09 17:30:00,8864.471879274373
2019-09-09 18:00:00,9380.786343119174
2019-09-09 18:30:00,9782.954017117998
2019-09-09 19:00:00,9776.154454698972
2019-09-09 19:30:00,9652.6394739225
2019-09-09 20:00:00,9445.437319423756
2019-09-09 20:30:00,9356.14279832461
2019-09-09 21:00:00,9151.192151393807
2019-09-09 21:30:00,9057.8563702739
2019-09-09 22:00:00,8750.044900590592
2019-09-09 22:30:00,8653.995901547256
2019-09-09 23:00:00,8356.282589475753
2019-09-09 23:30:00,8306.191971060834
2019-09-10 00:00:00,7596.860505757932
2019-09-10 00:30:00,7441.612089368857
2019-09-10 01:00:00,7188.108559215212
2019-09-10 01:30:00,7037.887938237187
2019-09-10 02:00:00,6802.846283196213
2019-09-10 02:30:00,6604.800482914425
2019-09-10 03:00:00,6437.844049957592
2019-09-10 03:30:00,6374.2001232501425
2019-09-10 04:00:00,6324.074849495401
2019-09-10 04:30:00,6350.478081210473
2019-09-10 05:00:00,6555.839465398032
2019-09-10 05:30:00,6762.834222290981
2019-09-10 06:00:00,7314.39466536745
2019-09-10 06:30:00,7865.799052045806
2019-09-10 07:00:00,8526.944749923638
2019-09-10 07:30:00,8562.768698010386
2019-09-10 08:00:00,8729.07624971664
2019-09-10 08:30:00,8611.080841433288
2019-09-10 09:00:00,8467.469876792182
2019-09-10 09:30:00,8330.922954071433
2019-09-10 10:00:00,8249.8703301074
2019-09-10 10:30:00,8108.3347101961635
2019-09-10 11:00:00,7983.140190913308
2019-09-10 11:30:00,7854.826058609111
2019-09-10 12:00:00,7797.724955790311
2019-09-10 12:30:00,7773.806121048167
2019-09-10 13:00:00,7807.37498441575
2019-09-10 13:30:00,7844.153605669162
2019-09-10 14:00:00,7929.1201271276805
2019-09-10 14:30:00,8057.123969670011
2019-09-10 15:00:00,8187.252182564291
2019-09-10 15:30:00,8237.65046364928
2019-09-10 16:00:00,8440.595614530477
2019-09-10 16:30:00,8734.41280866299
2019-09-10 17:00:00,9127.667490393951
2019-09-10 17:30:00,9558.80642077266
2019-09-10 18:00:00,10066.228593523796
2019-09-10 18:30:00,10428.602019859296
2019-09-10 19:00:00,10319.429014900907
2019-09-10 19:30:00,10117.435268311792
2019-09-10 20:00:00,9883.93795894938
2019-09-10 20:30:00,9680.069532409538
2019-09-10 21:00:00,9364.64553266809
2019-09-10 21:30:00,9132.465350425477
2019-09-10 22:00:00,8820.381349746289
2019-09-10 22:30:00,8748.612709473691
2019-09-10 23:00:00,8461.998012064894
2019-09-10 23:30:00,8398.720395358356
2019-09-11 00:00:00,8118.110033148524
2019-09-11 00:30:00,7997.787911331383
2019-09-11 01:00:00,7753.985975112273
2019-09-11 01:30:00,7589.35594057208
2019-09-11 02:00:00,7304.352115423495
2019-09-11 02:30:00,7147.005629383955
2019-09-11 03:00:00,6887.475738652141
2019-09-11 03:30:00,6739.717515512147
2019-09-11 04:00:00,6718.9720016618285
2019-09-11 04:30:00,6725.074860204289
2019-09-11 05:00:00,6878.7933718342365
2019-09-11 05:30:00,7138.291715459573
2019-09-11 06:00:00,7644.2554790033955
2019-09-11 06:30:00,8226.589075569897
2019-09-11 07:00:00,8929.818618237627
2019-09-11 07:30:00,9008.385911791389
2019-09-11 08:00:00,9094.261176014705
2019-09-11 08:30:00,8859.136327806367
2019-09-11 09:00:00,8641.195934224781
2019-09-11 09:30:00,8402.145315911193
2019-09-11 10:00:00,8243.184076724887
2019-09-11 10:30:00,8167.1793765851735
2019-09-11 11:00:00,8145.863397421256
2019-09-11 11:30:00,8029.009580875538
2019-09-11 12:00:00,7916.025113794047
2019-09-11 12:30:00,7869.73707136066
2019-09-11 13:00:00,7817.270624127475
2019-09-11 13:30:00,7753.008922055265
2019-09-11 14:00:00,7762.329817378048
2019-09-11 14:30:00,7787.025915670258
2019-09-11 15:00:00,7823.37535460467
2019-09-11 15:30:00,7896.895480704279
2019-09-11 16:00:00,8140.114343217526
2019-09-11 16:30:00,8320.191738044081
2019-09-11 17:00:00,8695.000355097254
2019-09-11 17:30:00,9039.250319630177
2019-09-11 18:00:00,9602.819166909923
2019-09-11 18:30:00,10062.319282511964
2019-09-11 19:00:00,10090.271232140072
2019-09-11 19:30:00,9970.846940904921
2019-09-11 20:00:00,9747.299595537825
2019-09-11 20:30:00,9674.196031305313
2019-09-11 21:00:00,9421.179248074075
2019-09-11 21:30:00,9200.609183753697
2019-09-11 22:00:00,8885.447636963514
2019-09-11 22:30:00,8743.971309661567
2019-09-11 23:00:00,8437.850424648712
2019-09-11 23:30:00,8332.616589113955
2019-09-12 00:00:00,8149.609717147215
2019-09-12 00:30:00,8045.709000826202
2019-09-12 01:00:00,7860.926622311619
2019-09-12 01:30:00,7735.756564724641
2019-09-12 02:00:00,7462.124350526237
2019-09-12 02:30:00,7287.1535928303
2019-09-12 03:00:00,6999.540590279042
2019-09-12 03:30:00,6894.377715188472
2019-09-12 04:00:00,6813.791027679413
2019-09-12 04:30:00,6871.844244382379
2019-09-12 05:00:00,7018.4024016353915
2019-09-12 05:30:00,7291.090370644142
2019-09-12 06:00:00,7813.876339000425
2019-09-12 06:30:00,8332.23109287092
2019-09-12 07:00:00,8962.921790645742
2019-09-12 07:30:00,9004.457015768898
2019-09-12 08:00:00,9090.954487194937
2019-09-12 08:30:00,8877.731695822464
2019-09-12 09:00:00,8590.52876693201
2019-09-12 09:30:00,8299.968156206081
2019-09-12 10:00:00,8063.961643064072
2019-09-12 10:30:00,7948.133460129202
2019-09-12 11:00:00,7739.49826295043
2019-09-12 11:30:00,7613.710429998692
2019-09-12 12:00:00,7507.209894598536
2019-09-12 12:30:00,7404.760237431397
2019-09-12 13:00:00,7336.706313769646
2019-09-12 13:30:00,7338.432996302787
2019-09-12 14:00:00,7349.030345321818
2019-09-12 14:30:00,7387.36367074254
2019-09-12 15:00:00,7455.0235697711505
2019-09-12 15:30:00,7511.883783402576
2019-09-12 16:00:00,7742.508619695094
2019-09-12 16:30:00,7946.298204515367
2019-09-12 17:00:00,8293.186002093371
2019-09-12 17:30:00,8595.797096489698
2019-09-12 18:00:00,9040.566486828813
2019-09-12 18:30:00,9419.634492015091
2019-09-12 19:00:00,9437.882865895319
2019-09-12 19:30:00,9377.242252484435
2019-09-12 20:00:00,9198.046995177363
2019-09-12 20:30:00,9101.011460743737
2019-09-12 21:00:00,8893.768589594565
2019-09-12 21:30:00,8758.705410596942
2019-09-12 22:00:00,8510.482312673632
2019-09-12 22:30:00,8481.872757389518
2019-09-12 23:00:00,8214.616250167193
2019-09-12 23:30:00,8111.763343659105
2019-09-13 00:00:00,7931.156367463322
2019-09-13 00:30:00,7816.201388883751
2019-09-13 01:00:00,7589.462791540949
2019-09-13 01:30:00,7439.232307474195
2019-09-13 02:00:00,7171.291821201919
2019-09-13 02:30:00,6928.783228916909
2019-09-13 03:00:00,6713.310253755572
2019-09-13 03:30:00,6590.260442021134
2019-09-13 04:00:00,6503.056765618293
2019-09-13 04:30:00,6486.231933714038
2019-09-13 05:00:00,6640.454889673756
2019-09-13 05:30:00,6921.488334855599
2019-09-13 06:00:00,7475.27004170625
2019-09-13 06:30:00,7966.8501767443495
2019-09-13 07:00:00,8562.907302412168
2019-09-13 07:30:00,8645.528169100036
2019-09-13 08:00:00,8823.883577384895
2019-09-13 08:30:00,8658.14644042249
2019-09-13 09:00:00,8419.366740023102
2019-09-13 09:30:00,8257.353514389833
2019-09-13 10:00:00,8041.726216140006
2019-09-13 10:30:00,7831.710578653556
2019-09-13 11:00:00,7660.908871470877
2019-09-13 11:30:00,7524.860961829134
2019-09-13 12:00:00,7465.863648135979
2019-09-13 12:30:00,7386.558012185534
2019-09-13 13:00:00,7361.067397282406
2019-09-13 13:30:00,7416.106969388805
2019-09-13 14:00:00,7430.728479342934
2019-09-13 14:30:00,7520.775637765455
2019-09-13 15:00:00,7642.565433416399
2019-09-13 15:30:00,7721.128295132198
2019-09-13 16:00:00,7918.878281141656
2019-09-13 16:30:00,8036.972080254857
2019-09-13 17:00:00,8253.981355339802
2019-09-13 17:30:00,8486.976094606873
2019-09-13 18:00:00,8916.364653265848
2019-09-13 18:30:00,9200.112138716744
2019-09-13 19:00:00,9209.124264771646
2019-09-13 19:30:00,9043.80024023892
2019-09-13 20:00:00,8878.3548958169
2019-09-13 20:30:00,8824.464151445067
2019-09-13 21:00:00,8609.212524857528
2019-09-13 21:30:00,8436.878770457248
2019-09-13 22:00:00,8238.829741573565
2019-09-13 22:30:00,8191.865453511754
2019-09-13 23:00:00,8011.6334193722805
2019-09-13 23:30:00,7948.456820587387
2019-09-14 00:00:00,7252.976271988218
2019-09-14 00:30:00,7095.210596989787
2019-09-14 01:00:00,6873.66979161052
2019-09-14 01:30:00,6744.1237350814
2019-09-14 02:00:00,6495.5075949586235
2019-09-14 02:30:00,6283.332613399075
2019-09-14 03:00:00,5961.874147780151
2019-09-14 03:30:00,5890.998260973131
2019-09-14 04:00:00,5833.860453191866
2019-09-14 04:30:00,5841.296430948069
2019-09-14 05:00:00,6007.085152425872
2019-09-14 05:30:00,6215.892669568466
2019-09-14 06:00:00,6686.182287189295
2019-09-14 06:30:00,7121.56696345667
2019-09-14 07:00:00,7701.48618828301
2019-09-14 07:30:00,7782.132179444133
2019-09-14 08:00:00,7867.510880613061
2019-09-14 08:30:00,7767.833088700192
2019-09-14 09:00:00,7595.421041298861
2019-09-14 09:30:00,7413.621395777127
2019-09-14 10:00:00,7305.74980057655
2019-09-14 10:30:00,7210.876237307819
2019-09-14 11:00:00,7046.423776915035
2019-09-14 11:30:00,6885.4093997854025
2019-09-14 12:00:00,6802.918853960306
2019-09-14 12:30:00,6765.8476873091395
2019-09-14 13:00:00,6682.810927124609
2019-09-14 13:30:00,6643.737454561034
2019-09-14 14:00:00,6606.189648492884
2019-09-14 14:30:00,6593.989185591553
2019-09-14 15:00:00,6645.808161014403
2019-09-14 15:30:00,6761.594618636917
2019-09-14 16:00:00,6988.785638973433
2019-09-14 16:30:00,7175.851409811094
2019-09-14 17:00:00,7467.268955556086
2019-09-14 17:30:00,7666.1761152911
2019-09-14 18:00:00,7965.304901250965
2019-09-14 18:30:00,8270.29692467396
2019-09-14 19:00:00,8201.25769227259
2019-09-14 19:30:00,8099.711296938206
2019-09-14 20:00:00,7867.298913795931
2019-09-14 20:30:00,7829.202113533916
2019-09-14 21:00:00,7613.701471607148
2019-09-14 21:30:00,7540.83296490927
2019-09-14 22:00:00,7374.421430832959
2019-09-14 22:30:00,7404.563691149486
2019-09-14 23:00:00,7224.036484520465
2019-09-14 23:30:00,7211.327145451401
2019-09-15 00:00:00,7323.803675093674
2019-09-15 00:30:00,7198.360621219223
2019-09-15 01:00:00,6957.365039569804
2019-09-15 01:30:00,6813.092220786893
2019-09-15 02:00:00,6557.443352248863
2019-09-15 02:30:00,6353.641454315246
2019-09-15 03:00:00,6102.548371656616
2019-09-15 03:30:00,6034.562935322445
2019-09-15 04:00:00,5944.146850849993
2019-09-15 04:30:00,5911.872031567582
2019-09-15 05:00:00,5985.510270788811
2019-09-15 05:30:00,6140.559923704843
2019-09-15 06:00:00,6459.293174042107
2019-09-15 06:30:00,6614.782547427854
2019-09-15 07:00:00,6941.629872447072
2019-09-15 07:30:00,6923.546491265598
2019-09-15 08:00:00,7109.989496708391
2019-09-15 08:30:00,7130.353771395432
2019-09-15 09:00:00,7145.862954822949
2019-09-15 09:30:00,7083.898908219874
2019-09-15 10:00:00,6992.283976146529
2019-09-15 10:30:00,6887.9453441019705
2019-09-15 11:00:00,6756.133835925334
2019-09-15 11:30:00,6657.329893646212
2019-09-15 12:00:00,6534.445069157143
2019-09-15 12:30:00,6510.381041156384
2019-09-15 13:00:00,6453.445281267619
2019-09-15 13:30:00,6411.845509351585
2019-09-15 14:00:00,6403.962949655854
2019-09-15 14:30:00,6404.258122145402
2019-09-15 15:00:00,6496.928841066052
2019-09-15 15:30:00,6589.079323322625
2019-09-15 16:00:00,6808.57368272881
2019-09-15 16:30:00,6985.384631060055
2019-09-15 17:00:00,7290.510364377746
2019-09-15 17:30:00,7494.639474091715
2019-09-15 18:00:00,7901.816331431408
2019-09-15 18:30:00,8187.924551520243
2019-09-15 19:00:00,8193.468195236546
2019-09-15 19:30:00,8111.164677240299
2019-09-15 20:00:00,7917.311813377454
2019-09-15 20:30:00,7899.409936528444
2019-09-15 21:00:00,7750.837235101371
2019-09-15 21:30:00,7688.16490357907
2019-09-15 22:00:00,7494.902536042589
2019-09-15 22:30:00,7496.553003947955
2019-09-15 23:00:00,7280.418002934987
2019-09-15 23:30:00,7267.6370581432875
2019-09-16 00:00:00,8079.724581844901
2019-09-16 00:30:00,7946.801197810098
2019-09-16 01:00:00,7749.262500730507
2019-09-16 01:30:00,7597.521664900591
2019-09-16 02:00:00,7364.404296398083
2019-09-16 02:30:00,7181.385039764772
2019-09-16 03:00:00,6965.299543422264
2019-09-16 03:30:00,6847.134783864877
2019-09-16 04:00:00,6755.897083438209
2019-09-16 04:30:00,6774.473401169474
2019-09-16 05:00:00,6862.508563772348
2019-09-16 05:30:00,6936.695249478828
2019-09-16 06:00:00,7206.10265477072
2019-09-16 06:30:00,7347.234202995382
2019-09-16 07:00:00,7627.929169885453
2019-09-16 07:30:00,7683.80004396762
2019-09-16 08:00:00,7886.9323740776035
2019-09-16 08:30:00,7874.977477078083
2019-09-16 09:00:00,7879.5404750984435
2019-09-16 09:30:00,7789.5172976241665
2019-09-16 10:00:00,7671.614269616909
2019-09-16 10:30:00,7567.213717871267
2019-09-16 11:00:00,7446.800428684849
2019-09-16 11:30:00,7368.510563256525
2019-09-16 12:00:00,7299.418092309437
2019-09-16 12:30:00,7227.885331917098
2019-09-16 13:00:00,7172.791567409809
2019-09-16 13:30:00,7138.50457912626
2019-09-16 14:00:00,7177.276194797651
2019-09-16 14:30:00,7222.7327581880945
2019-09-16 15:00:00,7328.005384604855
2019-09-16 15:30:00,7470.868869546247
2019-09-16 16:00:00,7668.618855555705
2019-09-16 16:30:00,7850.920141248237
2019-09-16 17:00:00,8071.134588405859
2019-09-16 17:30:00,8280.576802931699
2019-09-16 18:00:00,8602.68025883422
2019-09-16 18:30:00,8960.179318427021
2019-09-16 19:00:00,8963.344660208451
2019-09-16 19:30:00,8844.710122703891
2019-09-16 20:00:00,8630.239536976813
2019-09-16 20:30:00,8474.251955845428
2019-09-16 21:00:00,8239.739707555642
2019-09-16 21:30:00,8147.958807670222
2019-09-16 22:00:00,7963.874217695403
2019-09-16 22:30:00,7924.463847329926
2019-09-16 23:00:00,7667.988606078685
2019-09-16 23:30:00,7707.807657035877
2019-09-17 00:00:00,7040.596492663861
2019-09-17 00:30:00,6948.111739697179
2019-09-17 01:00:00,6757.615457054393
2019-09-17 01:30:00,6669.088513483763
2019-09-17 02:00:00,6457.344131260659
2019-09-17 02:30:00,6261.396577696511
2019-09-17 03:00:00,6071.50521829603
2019-09-17 03:30:00,5990.399312276462
2019-09-17 04:00:00,5959.31027111143
2019-09-17 04:30:00,6032.68765397704
2019-09-17 05:00:00,6202.412008648822
2019-09-17 05:30:00,6467.8900166929
2019-09-17 06:00:00,6879.6370905533095
2019-09-17 06:30:00,7282.385246442503
2019-09-17 07:00:00,7787.1649171418685
2019-09-17 07:30:00,7792.405416818301
2019-09-17 08:00:00,7965.452329196429
2019-09-17 08:30:00,7865.6122449392815
2019-09-17 09:00:00,7742.67304058811
2019-09-17 09:30:00,7668.709744581366
2019-09-17 10:00:00,7653.320275255677
2019-09-17 10:30:00,7662.871244680831
2019-09-17 11:00:00,7639.061005455257
2019-09-17 11:30:00,7615.666164153164
2019-09-17 12:00:00,7637.253567198498
2019-09-17 12:30:00,7662.483344952309
2019-09-17 13:00:00,7683.664649780415
2019-09-17 13:30:00,7695.8207602775965
2019-09-17 14:00:00,7836.277905025032
2019-09-17 14:30:00,7948.966285025727
2019-09-17 15:00:00,7962.513854728937
2019-09-17 15:30:00,8030.625112278621
2019-09-17 16:00:00,8220.186483208501
2019-09-17 16:30:00,8383.067659013479
2019-09-17 17:00:00,8617.196938492227
2019-09-17 17:30:00,8801.146064998331
2019-09-17 18:00:00,9178.318328139083
2019-09-17 18:30:00,9337.711472495183
2019-09-17 19:00:00,9218.133842866619
2019-09-17 19:30:00,8960.514788097149
2019-09-17 20:00:00,8693.367814926227
2019-09-17 20:30:00,8505.761305697206
2019-09-17 21:00:00,8334.56396758835
2019-09-17 21:30:00,8191.767011253181
2019-09-17 22:00:00,7950.049375934832
2019-09-17 22:30:00,7979.726935420598
2019-09-17 23:00:00,7757.6539953012425
2019-09-17 23:30:00,7733.098013151236
2019-09-18 00:00:00,7395.06295074341
2019-09-18 00:30:00,7326.135331423099
2019-09-18 01:00:00,7123.864011422007
2019-09-18 01:30:00,7020.322369104972
2019-09-18 02:00:00,6752.180492267857
2019-09-18 02:30:00,6544.379059625831
2019-09-18 03:00:00,6310.615253201227
2019-09-18 03:30:00,6208.564413537074
2019-09-18 04:00:00,6146.450398745841
2019-09-18 04:30:00,6200.806489226883
2019-09-18 05:00:00,6353.445328820281
2019-09-18 05:30:00,6627.505515263336
2019-09-18 06:00:00,7091.180771082178
2019-09-18 06:30:00,7598.705474739475
2019-09-18 07:00:00,8291.434628998977
2019-09-18 07:30:00,8555.058151481056
2019-09-18 08:00:00,8864.403793586327
2019-09-18 08:30:00,8875.674386614864
2019-09-18 09:00:00,8840.391725637995
2019-09-18 09:30:00,8918.983822485625
2019-09-18 10:00:00,9031.844583949705
2019-09-18 10:30:00,9058.346206494625
2019-09-18 11:00:00,8958.870792023035
2019-09-18 11:30:00,8891.08919627832
2019-09-18 12:00:00,8865.060046581664
2019-09-18 12:30:00,8893.393978486509
2019-09-18 13:00:00,8908.29321040939
2019-09-18 13:30:00,8912.76252306497
2019-09-18 14:00:00,8906.188279289114
2019-09-18 14:30:00,8889.658619874408
2019-09-18 15:00:00,8917.194609434724
2019-09-18 15:30:00,8964.323816932609
2019-09-18 16:00:00,9136.77749658203
2019-09-18 16:30:00,9331.37961781909
2019-09-18 17:00:00,9610.05776701756
2019-09-18 17:30:00,9805.046215577084
2019-09-18 18:00:00,10171.442289863164
2019-09-18 18:30:00,10391.4637345168
2019-09-18 19:00:00,10209.646434905893
2019-09-18 19:30:00,10020.859235718679
2019-09-18 20:00:00,9724.61338020619
2019-09-18 20:30:00,9482.26182608187
2019-09-18 21:00:00,9174.077022436926
2019-09-18 21:30:00,8895.665463278421
2019-09-18 22:00:00,8539.972148773857
2019-09-18 22:30:00,8419.85912172976
2019-09-18 23:00:00,8079.372406713787
2019-09-18 23:30:00,7941.076625257824
2019-09-19 00:00:00,7805.271804728
2019-09-19 00:30:00,7678.6772960271865
2019-09-19 01:00:00,7456.855613085063
2019-09-19 01:30:00,7323.710644096692
2019-09-19 02:00:00,6802.762981877348
2019-09-19 02:30:00,6620.051210846931
2019-09-19 03:00:00,6347.647061609981
2019-09-19 03:30:00,6150.7865601915255
2019-09-19 04:00:00,6238.794775548469
2019-09-19 04:30:00,6295.391678913973
2019-09-19 05:00:00,6453.230292284252
2019-09-19 05:30:00,6710.008181989225
2019-09-19 06:00:00,7181.633545915591
2019-09-19 06:30:00,7687.797699973483
2019-09-19 07:00:00,8340.221103310134
2019-09-19 07:30:00,8487.118612275353
2019-09-19 08:00:00,8742.09847787803
2019-09-19 08:30:00,8701.71388523561
2019-09-19 09:00:00,8598.819802133687
2019-09-19 09:30:00,8551.100249656705
2019-09-19 10:00:00,8490.94820693311
2019-09-19 10:30:00,8467.64912936907
2019-09-19 11:00:00,8386.848423458594
2019-09-19 11:30:00,8276.39001085309
2019-09-19 12:00:00,8226.968646946134
2019-09-19 12:30:00,8255.206815112924
2019-09-19 13:00:00,8225.81786049021
2019-09-19 13:30:00,8206.171556743948
2019-09-19 14:00:00,8182.855931688546
2019-09-19 14:30:00,8183.468452869717
2019-09-19 15:00:00,8177.620538912064
2019-09-19 15:30:00,8229.295273693302
2019-09-19 16:00:00,8396.39873212364
2019-09-19 16:30:00,8563.958315357242
2019-09-19 17:00:00,8832.87622329034
2019-09-19 17:30:00,9049.707436076438
2019-09-19 18:00:00,9439.704996413038
2019-09-19 18:30:00,9654.457688658953
2019-09-19 19:00:00,9615.30709232974
2019-09-19 19:30:00,9453.650958887103
2019-09-19 20:00:00,9218.527984913193
2019-09-19 20:30:00,9063.803561964167
2019-09-19 21:00:00,8769.12047821067
2019-09-19 21:30:00,8574.518356973613
2019-09-19 22:00:00,8289.095644091829
2019-09-19 22:30:00,8245.375626323257
2019-09-19 23:00:00,7959.837973859216
2019-09-19 23:30:00,7831.853680427164
2019-09-20 00:00:00,7695.014685808535
2019-09-20 00:30:00,7539.262002156866
2019-09-20 01:00:00,7287.182746049882
2019-09-20 01:30:00,7134.0299492866525
2019-09-20 02:00:00,6855.237059531929
2019-09-20 02:30:00,6624.018609385736
2019-09-20 03:00:00,6343.824017293746
2019-09-20 03:30:00,6247.423180243366
2019-09-20 04:00:00,6165.434217822545
2019-09-20 04:30:00,6196.953772689788
2019-09-20 05:00:00,6340.899729941015
2019-09-20 05:30:00,6591.424958939772
2019-09-20 06:00:00,7052.488014756827
2019-09-20 06:30:00,7529.956535814103
2019-09-20 07:00:00,8081.8662363569765
2019-09-20 07:30:00,8192.79179981786
2019-09-20 08:00:00,8376.603056148586
2019-09-20 08:30:00,8342.5943183361
2019-09-20 09:00:00,8211.402774458096
2019-09-20 09:30:00,8125.974730854911
2019-09-20 10:00:00,7886.219680157071
2019-09-20 10:30:00,7751.706925572359
2019-09-20 11:00:00,7679.736591054464
2019-09-20 11:30:00,7709.504660094697
2019-09-20 12:00:00,7725.356159876931
2019-09-20 12:30:00,7689.605799326162
2019-09-20 13:00:00,7633.980982449067
2019-09-20 13:30:00,7608.079390904794
2019-09-20 14:00:00,7603.340083580658
2019-09-20 14:30:00,7626.560319425126
2019-09-20 15:00:00,7696.055154905455
2019-09-20 15:30:00,7738.301937318081
2019-09-20 16:00:00,7925.359185097576
2019-09-20 16:30:00,8091.169909595963
2019-09-20 17:00:00,8285.824917194805
2019-09-20 17:30:00,8484.028400915731
2019-09-20 18:00:00,8822.948807447125
2019-09-20 18:30:00,9119.02175466924
2019-09-20 19:00:00,9104.764038291936
2019-09-20 19:30:00,8974.199407081725
2019-09-20 20:00:00,8706.651811661646
2019-09-20 20:30:00,8609.46384797247
2019-09-20 21:00:00,8400.990680277368
2019-09-20 21:30:00,8226.06147082661
2019-09-20 22:00:00,8016.475911556673
2019-09-20 22:30:00,7974.4852034130345
2019-09-20 23:00:00,7769.4729750781935
2019-09-20 23:30:00,7683.009611842606
2019-09-21 00:00:00,6993.592280362464
2019-09-21 00:30:00,6874.190165329388
2019-09-21 01:00:00,6621.695346768108
2019-09-21 01:30:00,6463.901258983469
2019-09-21 02:00:00,6181.886275137583
2019-09-21 02:30:00,5996.050800845853
2019-09-21 03:00:00,5740.827930425341
2019-09-21 03:30:00,5639.13879185696
2019-09-21 04:00:00,5551.322594272948
2019-09-21 04:30:00,5616.164778235525
2019-09-21 05:00:00,5793.2684451460145
2019-09-21 05:30:00,6029.212282216774
2019-09-21 06:00:00,6432.067064983518
2019-09-21 06:30:00,6825.760637434769
2019-09-21 07:00:00,7312.0605764865495
2019-09-21 07:30:00,7282.036256110153
2019-09-21 08:00:00,7414.597557924217
2019-09-21 08:30:00,7379.729910683122
2019-09-21 09:00:00,7318.754930002202
2019-09-21 09:30:00,7286.4065231838085
2019-09-21 10:00:00,7219.283671746042
2019-09-21 10:30:00,7197.377183072213
2019-09-21 11:00:00,7090.719060954438
2019-09-21 11:30:00,7008.262291357015
2019-09-21 12:00:00,6918.0653985800345
2019-09-21 12:30:00,6943.430683570911
2019-09-21 13:00:00,6900.5178328546735
2019-09-21 13:30:00,6849.5292067905875
2019-09-21 14:00:00,6846.666561230524
2019-09-21 14:30:00,6883.565749515859
2019-09-21 15:00:00,6960.550601178093
2019-09-21 15:30:00,7045.582454370086
2019-09-21 16:00:00,7205.860474412047
2019-09-21 16:30:00,7339.849235556709
2019-09-21 17:00:00,7581.754017685356
2019-09-21 17:30:00,7721.063119638822
2019-09-21 18:00:00,7968.612934555504
2019-09-21 18:30:00,8132.040102935429
2019-09-21 19:00:00,8026.433971145487
2019-09-21 19:30:00,7910.529573582842
2019-09-21 20:00:00,7676.626387787685
2019-09-21 20:30:00,7555.212103753472
2019-09-21 21:00:00,7359.859405743765
2019-09-21 21:30:00,7278.096626138877
2019-09-21 22:00:00,7050.781168385762
2019-09-21 22:30:00,7120.933830068414
2019-09-21 23:00:00,6896.10331962148
2019-09-21 23:30:00,6859.10836759809
2019-09-22 00:00:00,6997.042098034751
2019-09-22 00:30:00,6845.463554549113
2019-09-22 01:00:00,6590.499102152868
2019-09-22 01:30:00,6462.711590380515
2019-09-22 02:00:00,6183.426746476544
2019-09-22 02:30:00,5963.980706596865
2019-09-22 03:00:00,5759.660384523935
2019-09-22 03:30:00,5617.33320613594
2019-09-22 04:00:00,5547.033203356923
2019-09-22 04:30:00,5535.172265349289
2019-09-22 05:00:00,5618.863936512096
2019-09-22 05:30:00,5705.556120698184
2019-09-22 06:00:00,6006.136497033864
2019-09-22 06:30:00,6132.413657043055
2019-09-22 07:00:00,6493.400795273859
2019-09-22 07:30:00,6606.008688863734
2019-09-22 08:00:00,6869.15236625212
2019-09-22 08:30:00,7021.121845965362
2019-09-22 09:00:00,7125.360008806797
2019-09-22 09:30:00,7163.412456664663
2019-09-22 10:00:00,7106.758131411498
2019-09-22 10:30:00,7036.187103115578
2019-09-22 11:00:00,6928.240214188207
2019-09-22 11:30:00,6811.762393664952
2019-09-22 12:00:00,6678.452573049804
2019-09-22 12:30:00,6626.445549371803
2019-09-22 13:00:00,6562.531099493486
2019-09-22 13:30:00,6593.549014189929
2019-09-22 14:00:00,6636.002815878105
2019-09-22 14:30:00,6718.314215149734
2019-09-22 15:00:00,6878.847998626462
2019-09-22 15:30:00,6934.987437158139
2019-09-22 16:00:00,7020.28901776303
2019-09-22 16:30:00,7162.429277580055
2019-09-22 17:00:00,7371.27474087929
2019-09-22 17:30:00,7459.258318966767
2019-09-22 18:00:00,7772.491482910522
2019-09-22 18:30:00,7951.407736889164
2019-09-22 19:00:00,7871.338868455929
2019-09-22 19:30:00,7684.2464895782305
2019-09-22 20:00:00,7494.235299917476
2019-09-22 20:30:00,7390.162605230635
2019-09-22 21:00:00,7210.958493496758
2019-09-22 21:30:00,7165.079131655086
2019-09-22 22:00:00,6995.646716985274
2019-09-22 22:30:00,7024.871420542353
2019-09-22 23:00:00,6850.220233318635
2019-09-22 23:30:00,6809.572507477469
2019-09-23 00:00:00,7602.018099670859
2019-09-23 00:30:00,7454.672988960541
2019-09-23 01:00:00,7230.482690105097
2019-09-23 01:30:00,7060.898624757012
2019-09-23 02:00:00,6821.703201005913
2019-09-23 02:30:00,6669.886150548222
2019-09-23 03:00:00,6468.168342455527
2019-09-23 03:30:00,6375.329124390007
2019-09-23 04:00:00,6332.3472829937145
2019-09-23 04:30:00,6330.436131914221
2019-09-23 05:00:00,6387.128972199272
2019-09-23 05:30:00,6496.364969534228
2019-09-23 06:00:00,6706.797169525743
2019-09-23 06:30:00,6813.846392401937
2019-09-23 07:00:00,7083.470175014964
2019-09-23 07:30:00,7175.165174251057
2019-09-23 08:00:00,7457.500317643673
2019-09-23 08:30:00,7567.063349691804
2019-09-23 09:00:00,7608.594691695518
2019-09-23 09:30:00,7516.352877538852
2019-09-23 10:00:00,7481.715921969887
2019-09-23 10:30:00,7527.014801921191
2019-09-23 11:00:00,7465.63420589827
2019-09-23 11:30:00,7411.735580251056
2019-09-23 12:00:00,7307.906537461975
2019-09-23 12:30:00,7269.607701356673
2019-09-23 13:00:00,7195.3889994513775
2019-09-23 13:30:00,7182.084061219629
2019-09-23 14:00:00,7228.970704434618
2019-09-23 14:30:00,7288.40401984727
2019-09-23 15:00:00,7382.8705769990775
2019-09-23 15:30:00,7493.60000407871
2019-09-23 16:00:00,7652.539650723339
2019-09-23 16:30:00,7898.681644783021
2019-09-23 17:00:00,8097.424714831389
2019-09-23 17:30:00,8337.958431589652
2019-09-23 18:00:00,8702.377003257192
2019-09-23 18:30:00,9024.609598105913
2019-09-23 19:00:00,9040.739707946947
2019-09-23 19:30:00,8905.56564793895
2019-09-23 20:00:00,8661.080604924204
2019-09-23 20:30:00,8578.159311563197
2019-09-23 21:00:00,8364.781542580762
2019-09-23 21:30:00,8236.89563997856
2019-09-23 22:00:00,8025.541672863127
2019-09-23 22:30:00,8014.994304958957
2019-09-23 23:00:00,7807.915869197277
2019-09-23 23:30:00,7795.96885347314
2019-09-24 00:00:00,7099.474248679863
2019-09-24 00:30:00,6973.57571178493
2019-09-24 01:00:00,6768.517586324427
2019-09-24 01:30:00,6662.629504296146
2019-09-24 02:00:00,6440.423831885374
2019-09-24 02:30:00,6299.971333448107
2019-09-24 03:00:00,6085.974220734512
2019-09-24 03:30:00,6075.667986894188
2019-09-24 04:00:00,6030.55603655663
2019-09-24 04:30:00,6077.786261976156
2019-09-24 05:00:00,6251.763598533538
2019-09-24 05:30:00,6508.541488238511
2019-09-24 06:00:00,6883.182906132334
2019-09-24 06:30:00,7296.490743039044
2019-09-24 07:00:00,7747.050007561609
2019-09-24 07:30:00,7789.168341666928
2019-09-24 08:00:00,7966.01077109683
2019-09-24 08:30:00,7862.517913021907
2019-09-24 09:00:00,7721.836497074209
2019-09-24 09:30:00,7621.408694929759
2019-09-24 10:00:00,7591.4600098781475
2019-09-24 10:30:00,7580.440236935009
2019-09-24 11:00:00,7492.171513977528
2019-09-24 11:30:00,7476.276551946066
2019-09-24 12:00:00,7455.914972160117
2019-09-24 12:30:00,7443.490297213424
2019-09-24 13:00:00,7454.031097491097
2019-09-24 13:30:00,7469.136305791969
2019-09-24 14:00:00,7438.443995589653
2019-09-24 14:30:00,7495.808476483673
2019-09-24 15:00:00,7552.001000824047
2019-09-24 15:30:00,7599.764905705176
2019-09-24 16:00:00,7784.74165113114
2019-09-24 16:30:00,7961.845144860139
2019-09-24 17:00:00,8231.144302999286
2019-09-24 17:30:00,8476.280212558398
2019-09-24 18:00:00,8898.139479747733
2019-09-24 18:30:00,9212.913920638177
2019-09-24 19:00:00,9267.116672725806
2019-09-24 19:30:00,9107.317651936964
2019-09-24 20:00:00,8880.088120553082
2019-09-24 20:30:00,8739.689660541515
2019-09-24 21:00:00,8577.999116520841
2019-09-24 21:30:00,8431.6457953844
2019-09-24 22:00:00,8186.241542211304
2019-09-24 22:30:00,8217.392337053017
2019-09-24 23:00:00,7975.1910021268795
2019-09-24 23:30:00,7954.005111485623
2019-09-25 00:00:00,7702.162141489949
2019-09-25 00:30:00,7605.281663403668
2019-09-25 01:00:00,7373.972735483644
2019-09-25 01:30:00,7198.277753250539
2019-09-25 02:00:00,6895.760360388754
2019-09-25 02:30:00,6722.604990034255
2019-09-25 03:00:00,6520.001664472915
2019-09-25 03:30:00,6396.936912533336
2019-09-25 04:00:00,6362.923576858484
2019-09-25 04:30:00,6360.704940176096
2019-09-25 05:00:00,6557.533752552416
2019-09-25 05:30:00,6795.2433703768775
2019-09-25 06:00:00,7292.787247866002
2019-09-25 06:30:00,7742.558339147846
2019-09-25 07:00:00,8262.923504462433
2019-09-25 07:30:00,8224.117774002743
2019-09-25 08:00:00,8272.124881847369
2019-09-25 08:30:00,8053.355087596113
2019-09-25 09:00:00,7839.077330921031
2019-09-25 09:30:00,7702.0481400725885
2019-09-25 10:00:00,7610.583010163
2019-09-25 10:30:00,7428.065393700488
2019-09-25 11:00:00,7363.496547623376
2019-09-25 11:30:00,7249.887001370895
2019-09-25 12:00:00,7193.531299878535
2019-09-25 12:30:00,7119.738177491452
2019-09-25 13:00:00,7090.6958066921925
2019-09-25 13:30:00,7118.498686227231
2019-09-25 14:00:00,7098.843070986539
2019-09-25 14:30:00,7132.861494820578
2019-09-25 15:00:00,7252.892745714754
2019-09-25 15:30:00,7347.90181622055
2019-09-25 16:00:00,7583.630662551894
2019-09-25 16:30:00,7730.887245521089
2019-09-25 17:00:00,8028.734684521716
2019-09-25 17:30:00,8299.47438604376
2019-09-25 18:00:00,8736.640897377252
2019-09-25 18:30:00,8999.747839483392
2019-09-25 19:00:00,9109.192199520707
2019-09-25 19:30:00,8955.752111543312
2019-09-25 20:00:00,8752.453728014922
2019-09-25 20:30:00,8670.324815476299
2019-09-25 21:00:00,8485.06464762873
2019-09-25 21:30:00,8395.125743124787
2019-09-25 22:00:00,8128.02327370528
2019-09-25 22:30:00,8112.04486104911
2019-09-25 23:00:00,7907.42882312546
2019-09-25 23:30:00,7823.504072355679
2019-09-26 00:00:00,7668.230564292883
2019-09-26 00:30:00,7606.542141069076
2019-09-26 01:00:00,7360.3957469520665
2019-09-26 01:30:00,7244.53570179357
2019-09-26 02:00:00,6918.220041221566
2019-09-26 02:30:00,6780.399291896364
2019-09-26 03:00:00,6520.694795706926
2019-09-26 03:30:00,6416.8898431239695
2019-09-26 04:00:00,6335.624105827516
2019-09-26 04:30:00,6317.340333494005
2019-09-26 05:00:00,6501.749725107222
2019-09-26 05:30:00,6743.0998036361125
2019-09-26 06:00:00,7198.830205531018
2019-09-26 06:30:00,7643.344857518487
2019-09-26 07:00:00,8106.987475319233
2019-09-26 07:30:00,8098.040968732691
2019-09-26 08:00:00,8186.157045840469
2019-09-26 08:30:00,8029.786586824041
2019-09-26 09:00:00,7840.141026926741
2019-09-26 09:30:00,7708.6067823447265
2019-09-26 10:00:00,7578.486369417653
2019-09-26 10:30:00,7497.9238288812385
2019-09-26 11:00:00,7471.4100577537865
2019-09-26 11:30:00,7366.011302782958
2019-09-26 12:00:00,7305.71535919148
2019-09-26 12:30:00,7311.564770556746
2019-09-26 13:00:00,7295.163405474158
2019-09-26 13:30:00,7319.2177474533655
2019-09-26 14:00:00,7356.459462251315
2019-09-26 14:30:00,7413.76727762784
2019-09-26 15:00:00,7496.633402878965
2019-09-26 15:30:00,7581.252143641281
2019-09-26 16:00:00,7810.204335826358
2019-09-26 16:30:00,7991.637026068732
2019-09-26 17:00:00,8230.11767826293
2019-09-26 17:30:00,8380.166320875125
2019-09-26 18:00:00,8762.196851085715
2019-09-26 18:30:00,9061.69853714742
2019-09-26 19:00:00,9057.870248734158
2019-09-26 19:30:00,8911.60481006039
2019-09-26 20:00:00,8731.578073710374
2019-09-26 20:30:00,8617.250556517114
2019-09-26 21:00:00,8391.517268286003
2019-09-26 21:30:00,8230.50814533996
2019-09-26 22:00:00,7963.228443371035
2019-09-26 22:30:00,7993.21547027304
2019-09-26 23:00:00,7762.875073354538
2019-09-26 23:30:00,7714.053672638934
2019-09-27 00:00:00,7516.397452253986
2019-09-27 00:30:00,7434.100993187496
2019-09-27 01:00:00,7182.663670460691
2019-09-27 01:30:00,7101.95132776052
2019-09-27 02:00:00,6833.1011660041795
2019-09-27 02:30:00,6620.481209791326
2019-09-27 03:00:00,6383.7727374009955
2019-09-27 03:30:00,6271.562838968481
2019-09-27 04:00:00,6226.728493823536
2019-09-27 04:30:00,6248.182948914303
2019-09-27 05:00:00,6429.751319575233
2019-09-27 05:30:00,6637.67331924918
2019-09-27 06:00:00,7065.34015843492
2019-09-27 06:30:00,7495.194753841998
2019-09-27 07:00:00,7944.135412682823
2019-09-27 07:30:00,7956.069938226437
2019-09-27 08:00:00,8044.864888054434
2019-09-27 08:30:00,7915.231931463185
2019-09-27 09:00:00,7740.573816993802
2019-09-27 09:30:00,7667.146827540455
2019-09-27 10:00:00,7631.651784888509
2019-09-27 10:30:00,7622.57502524849
2019-09-27 11:00:00,7545.439583336312
2019-09-27 11:30:00,7453.768565048464
2019-09-27 12:00:00,7383.247211149577
2019-09-27 12:30:00,7402.85441667528
2019-09-27 13:00:00,7384.11384787838
2019-09-27 13:30:00,7325.28319055817
2019-09-27 14:00:00,7364.042493116215
2019-09-27 14:30:00,7404.493437297682
2019-09-27 15:00:00,7485.124003847934
2019-09-27 15:30:00,7514.407354735853
2019-09-27 16:00:00,7696.274691827196
2019-09-27 16:30:00,7878.561037314588
2019-09-27 17:00:00,8138.067914897559
2019-09-27 17:30:00,8341.879675919905
2019-09-27 18:00:00,8687.581813713976
2019-09-27 18:30:00,8949.758885947322
2019-09-27 19:00:00,8985.048422501783
2019-09-27 19:30:00,8831.952291256048
2019-09-27 20:00:00,8590.33289542028
2019-09-27 20:30:00,8514.515290918715
2019-09-27 21:00:00,8313.610981125083
2019-09-27 21:30:00,8203.49932941021
2019-09-27 22:00:00,7946.511566354917
2019-09-27 22:30:00,7951.807749148301
2019-09-27 23:00:00,7719.644905958601
2019-09-27 23:30:00,7623.691670653319
2019-09-28 00:00:00,6914.187009799164
2019-09-28 00:30:00,6795.429278170886
2019-09-28 01:00:00,6558.421563394977
2019-09-28 01:30:00,6429.411636352077
2019-09-28 02:00:00,6163.286537421239
2019-09-28 02:30:00,5932.764704359375
2019-09-28 03:00:00,5679.738294419178
2019-09-28 03:30:00,5626.9245949921005
2019-09-28 04:00:00,5592.446090275216
2019-09-28 04:30:00,5582.644123697486
2019-09-28 05:00:00,5747.864676398267
2019-09-28 05:30:00,5964.12509331555
2019-09-28 06:00:00,6312.070557029371
2019-09-28 06:30:00,6701.45710916932
2019-09-28 07:00:00,7114.0570624802795
2019-09-28 07:30:00,7115.854705457607
2019-09-28 08:00:00,7195.009981052152
2019-09-28 08:30:00,7033.587100397981
2019-09-28 09:00:00,6894.952342766841
2019-09-28 09:30:00,6793.6267100404
2019-09-28 10:00:00,6731.887923858691
2019-09-28 10:30:00,6688.098750392099
2019-09-28 11:00:00,6589.248170215026
2019-09-28 11:30:00,6519.191272270427
2019-09-28 12:00:00,6487.588334587774
2019-09-28 12:30:00,6493.110534172688
2019-09-28 13:00:00,6559.199782724494
2019-09-28 13:30:00,6547.097710653012
2019-09-28 14:00:00,6543.770364262188
2019-09-28 14:30:00,6606.855808214167
2019-09-28 15:00:00,6715.259196821999
2019-09-28 15:30:00,6760.071376807645
2019-09-28 16:00:00,6923.87389942725
2019-09-28 16:30:00,7083.562216272897
2019-09-28 17:00:00,7344.471368767628
2019-09-28 17:30:00,7482.068728393093
2019-09-28 18:00:00,7785.728746709619
2019-09-28 18:30:00,7992.3105682400665
2019-09-28 19:00:00,7979.856571369304
2019-09-28 19:30:00,7797.6315003045465
2019-09-28 20:00:00,7575.23280560484
2019-09-28 20:30:00,7427.0412756464375
2019-09-28 21:00:00,7247.234328752943
2019-09-28 21:30:00,7151.898868812421
2019-09-28 22:00:00,6978.140061788205
2019-09-28 22:30:00,7089.72577120465
2019-09-28 23:00:00,6955.026515083395
2019-09-28 23:30:00,6906.82749863769
2019-09-29 00:00:00,6986.933144926345
2019-09-29 00:30:00,6889.0120930240755
2019-09-29 01:00:00,6642.255804817688
2019-09-29 01:30:00,6538.630711875944
2019-09-29 02:00:00,6223.3473144275995
2019-09-29 02:30:00,6012.596783981886
2019-09-29 03:00:00,5796.437700103397
2019-09-29 03:30:00,5777.209762970402
2019-09-29 04:00:00,5661.214044550439
2019-09-29 04:30:00,5636.273362756961
2019-09-29 05:00:00,5695.736086482938
2019-09-29 05:30:00,5829.055660928934
2019-09-29 06:00:00,6094.650627150566
2019-09-29 06:30:00,6234.40733084913
2019-09-29 07:00:00,6527.723754345592
2019-09-29 07:30:00,6629.263090750217
2019-09-29 08:00:00,6743.750537349441
2019-09-29 08:30:00,6828.128144047909
2019-09-29 09:00:00,6837.7951521070945
2019-09-29 09:30:00,6809.56929705365
2019-09-29 10:00:00,6682.941524480595
2019-09-29 10:30:00,6643.166825927552
2019-09-29 11:00:00,6521.834352302693
2019-09-29 11:30:00,6455.814105473716
2019-09-29 12:00:00,6371.729757260748
2019-09-29 12:30:00,6411.949430467096
2019-09-29 13:00:00,6382.658866674231
2019-09-29 13:30:00,6378.4528642845735
2019-09-29 14:00:00,6334.281010392884
2019-09-29 14:30:00,6394.248005267138
2019-09-29 15:00:00,6432.781591568519
2019-09-29 15:30:00,6527.9821895504265
2019-09-29 16:00:00,6731.07714259538
2019-09-29 16:30:00,6934.593731128178
2019-09-29 17:00:00,7180.529910188859
2019-09-29 17:30:00,7311.763728097736
2019-09-29 18:00:00,7728.602435872955
2019-09-29 18:30:00,8009.276984117996
2019-09-29 19:00:00,8040.849845340253
2019-09-29 19:30:00,7955.215334055816
2019-09-29 20:00:00,7749.762038292289
2019-09-29 20:30:00,7643.522118256965
2019-09-29 21:00:00,7449.000899290201
2019-09-29 21:30:00,7387.858468641342
2019-09-29 22:00:00,7250.536130885047
2019-09-29 22:30:00,7222.755427552083
2019-09-29 23:00:00,7047.98892748003
2019-09-29 23:30:00,7055.215810463188
2019-09-30 00:00:00,7884.1953785177775
2019-09-30 00:30:00,7724.396357728935
2019-09-30 01:00:00,7507.642036629694
2019-09-30 01:30:00,7367.715336378645
2019-09-30 02:00:00,7121.563398840068
2019-09-30 02:30:00,6930.333350925104
2019-09-30 03:00:00,6741.85657954973
2019-09-30 03:30:00,6665.470806271142
2019-09-30 04:00:00,6605.75528780351
2019-09-30 04:30:00,6613.242853960796
2019-09-30 05:00:00,6749.062115833528
2019-09-30 05:30:00,6842.523718168948
2019-09-30 06:00:00,7025.194763937779
2019-09-30 06:30:00,7102.315430175631
2019-09-30 07:00:00,7377.370257540658
2019-09-30 07:30:00,7400.203988995487
2019-09-30 08:00:00,7560.615149840531
2019-09-30 08:30:00,7624.563935059081
2019-09-30 09:00:00,7610.863355134659
2019-09-30 09:30:00,7554.918071170887
2019-09-30 10:00:00,7534.053204689049
2019-09-30 10:30:00,7426.728358433587
2019-09-30 11:00:00,7348.616067152672
2019-09-30 11:30:00,7250.431704984479
2019-09-30 12:00:00,7169.916211753305
2019-09-30 12:30:00,7081.888281261679
2019-09-30 13:00:00,7046.236802844021
2019-09-30 13:30:00,7059.209452179007
2019-09-30 14:00:00,7063.746313246381
2019-09-30 14:30:00,7109.599067048016
2019-09-30 15:00:00,7248.134852883645
2019-09-30 15:30:00,7421.1920094754705
2019-09-30 16:00:00,7619.763611439144
2019-09-30 16:30:00,7855.237670562731
2019-09-30 17:00:00,8145.211216083609
2019-09-30 17:30:00,8351.898487373663
2019-09-30 18:00:00,8675.97681880293
2019-09-30 18:30:00,9004.998380911264
2019-09-30 19:00:00,9060.049534060323
2019-09-30 19:30:00,8919.842601524866
2019-09-30 20:00:00,8677.512293678077
2019-09-30 20:30:00,8627.684808461903
2019-09-30 21:00:00,8418.57957047535
2019-09-30 21:30:00,8326.879317055667
2019-09-30 22:00:00,8091.306265592132
2019-09-30 22:30:00,8064.861308564706
2019-09-30 23:00:00,7845.518508387267
2019-09-30 23:30:00,7835.246763862364
2019-10-01 00:00:00,7110.842114479506
2019-10-01 00:30:00,7001.205494895394
2019-10-01 01:00:00,6837.331401829453
2019-10-01 01:30:00,6712.102051633186
2019-10-01 02:00:00,6487.074907380407
2019-10-01 02:30:00,6340.066694471992
2019-10-01 03:00:00,6147.919404914732
2019-10-01 03:30:00,6106.674098097534
2019-10-01 04:00:00,6078.450881178659
2019-10-01 04:30:00,6141.093977569129
2019-10-01 05:00:00,6279.522812351853
2019-10-01 05:30:00,6520.973908802387
2019-10-01 06:00:00,6880.364748069546
2019-10-01 06:30:00,7223.269103208203
2019-10-01 07:00:00,7598.955573307136
2019-10-01 07:30:00,7628.283099532027
2019-10-01 08:00:00,7859.186446953423
2019-10-01 08:30:00,7881.454636723023
2019-10-01 09:00:00,7826.033894917819
2019-10-01 09:30:00,7877.285654180651
2019-10-01 10:00:00,7846.982504030202
2019-10-01 10:30:00,7862.772016302056
2019-10-01 11:00:00,7815.776030547434
2019-10-01 11:30:00,7833.934804011057
2019-10-01 12:00:00,7831.974936498747
2019-10-01 12:30:00,7843.975990648586
2019-10-01 13:00:00,7854.206678231571
2019-10-01 13:30:00,7811.219571608915
2019-10-01 14:00:00,7847.1697154383
2019-10-01 14:30:00,7932.988695269089
2019-10-01 15:00:00,7951.275946823558
2019-10-01 15:30:00,8026.402188424385
2019-10-01 16:00:00,8079.591242091141
2019-10-01 16:30:00,8205.273448216096
2019-10-01 17:00:00,8458.576626402139
2019-10-01 17:30:00,8704.981753660566
2019-10-01 18:00:00,9041.061139239671
2019-10-01 18:30:00,9202.914054342005
2019-10-01 19:00:00,9191.157834023292
2019-10-01 19:30:00,8980.798239805183
2019-10-01 20:00:00,8731.405968411307
2019-10-01 20:30:00,8627.67985754792
2019-10-01 21:00:00,8369.991725817814
2019-10-01 21:30:00,8236.706640687238
2019-10-01 22:00:00,8031.593021164676
2019-10-01 22:30:00,8023.842321808645
2019-10-01 23:00:00,7753.555247971268
2019-10-01 23:30:00,7706.38431516103
2019-10-02 00:00:00,7478.384048455919
2019-10-02 00:30:00,7389.756086963644
2019-10-02 01:00:00,7172.915865215076
2019-10-02 01:30:00,7052.456254347526
2019-10-02 02:00:00,6780.73781832041
2019-10-02 02:30:00,6575.182452746437
2019-10-02 03:00:00,6383.11943615951
2019-10-02 03:30:00,6275.895607825691
2019-10-02 04:00:00,6227.667013156576
2019-10-02 04:30:00,6239.461599625163
2019-10-02 05:00:00,6448.672539290197
2019-10-02 05:30:00,6640.98225924171
2019-10-02 06:00:00,7011.427360767429
2019-10-02 06:30:00,7358.185880288699
2019-10-02 07:00:00,7758.797092563167
2019-10-02 07:30:00,7744.59875558739
2019-10-02 08:00:00,7894.809132351719
2019-10-02 08:30:00,7843.106967184818
2019-10-02 09:00:00,7867.043272663967
2019-10-02 09:30:00,7835.240858420522
2019-10-02 10:00:00,7781.53825806284
2019-10-02 10:30:00,7829.149733688419
2019-10-02 11:00:00,7768.769967982478
2019-10-02 11:30:00,7641.7988179807535
2019-10-02 12:00:00,7523.221013802984
2019-10-02 12:30:00,7417.475675008702
2019-10-02 13:00:00,7340.711124640668
2019-10-02 13:30:00,7285.609632833184
2019-10-02 14:00:00,7308.026194547494
2019-10-02 14:30:00,7329.579040468111
2019-10-02 15:00:00,7434.777257003266
2019-10-02 15:30:00,7556.981294768068
2019-10-02 16:00:00,7704.529781352236
2019-10-02 16:30:00,7873.434973980104
2019-10-02 17:00:00,8089.649886429319
2019-10-02 17:30:00,8328.469233767786
2019-10-02 18:00:00,8621.028010329812
2019-10-02 18:30:00,8950.22417789577
2019-10-02 19:00:00,8988.88841486412
2019-10-02 19:30:00,8860.586772740446
2019-10-02 20:00:00,8595.803806577704
2019-10-02 20:30:00,8470.476065551587
2019-10-02 21:00:00,8275.398990921149
2019-10-02 21:30:00,8139.0710260621745
2019-10-02 22:00:00,7943.329338669178
2019-10-02 22:30:00,7930.462316160975
2019-10-02 23:00:00,7760.34236129392
2019-10-02 23:30:00,7652.828614654141
2019-10-03 00:00:00,7603.132711160446
2019-10-03 00:30:00,7508.426694419581
2019-10-03 01:00:00,7269.116247058125
2019-10-03 01:30:00,7107.418388303135
2019-10-03 02:00:00,6843.883313172009
2019-10-03 02:30:00,6649.837047598627
2019-10-03 03:00:00,6422.207961940107
2019-10-03 03:30:00,6325.2095439136965
2019-10-03 04:00:00,6284.938293349041
2019-10-03 04:30:00,6266.799891341322
2019-10-03 05:00:00,6444.1765545392855
2019-10-03 05:30:00,6662.134418857877
2019-10-03 06:00:00,6971.564715696418
2019-10-03 06:30:00,7305.903814454584
2019-10-03 07:00:00,7598.152233749394
2019-10-03 07:30:00,7547.332958959344
2019-10-03 08:00:00,7723.4866525803
2019-10-03 08:30:00,7594.522882687717
2019-10-03 09:00:00,7501.3642375573
2019-10-03 09:30:00,7419.234502673053
2019-10-03 10:00:00,7320.289042603113
2019-10-03 10:30:00,7269.2729861533635
2019-10-03 11:00:00,7197.794605784716
2019-10-03 11:30:00,7144.850476236987
2019-10-03 12:00:00,7079.051882170875
2019-10-03 12:30:00,7033.275342997014
2019-10-03 13:00:00,7085.174135848426
2019-10-03 13:30:00,7134.775427205892
2019-10-03 14:00:00,7237.154498455967
2019-10-03 14:30:00,7278.653252450357
2019-10-03 15:00:00,7417.319468406639
2019-10-03 15:30:00,7535.327189803337
2019-10-03 16:00:00,7698.955106965318
2019-10-03 16:30:00,7839.440289971837
2019-10-03 17:00:00,8093.761865771796
2019-10-03 17:30:00,8261.781540931019
2019-10-03 18:00:00,8529.79927554818
2019-10-03 18:30:00,8735.165740737835
2019-10-03 19:00:00,8744.251454328718
2019-10-03 19:30:00,8601.958765256142
2019-10-03 20:00:00,8374.340924736453
2019-10-03 20:30:00,8285.506495562928
2019-10-03 21:00:00,8108.843623386651
2019-10-03 21:30:00,7967.065064665398
2019-10-03 22:00:00,7772.043975304973
2019-10-03 22:30:00,7779.5634036858855
2019-10-03 23:00:00,7602.705892893126
2019-10-03 23:30:00,7556.956784104928
2019-10-04 00:00:00,7395.700453426413
2019-10-04 00:30:00,7268.525462835232
2019-10-04 01:00:00,7057.0523843242345
2019-10-04 01:30:00,6945.125345267923
2019-10-04 02:00:00,6656.965777567222
2019-10-04 02:30:00,6450.836989032638
2019-10-04 03:00:00,6218.920432173098
2019-10-04 03:30:00,6156.695702395895
2019-10-04 04:00:00,6077.442134100579
2019-10-04 04:30:00,6125.673189837086
2019-10-04 05:00:00,6259.211895326347
2019-10-04 05:30:00,6491.950560324429
2019-10-04 06:00:00,6836.55073582337
2019-10-04 06:30:00,7143.5345567915965
2019-10-04 07:00:00,7448.7457623326645
2019-10-04 07:30:00,7421.136860298356
2019-10-04 08:00:00,7538.174587198281
2019-10-04 08:30:00,7525.432563559965
2019-10-04 09:00:00,7466.981078072534
2019-10-04 09:30:00,7425.331699568762
2019-10-04 10:00:00,7357.116040635474
2019-10-04 10:30:00,7304.2676748258
2019-10-04 11:00:00,7260.906895592019
2019-10-04 11:30:00,7262.849908895139
2019-10-04 12:00:00,7239.23617754057
2019-10-04 12:30:00,7231.660083642162
2019-10-04 13:00:00,7265.231397034364
2019-10-04 13:30:00,7307.895900781807
2019-10-04 14:00:00,7409.760841680561
2019-10-04 14:30:00,7478.684029162908
2019-10-04 15:00:00,7608.362013220294
2019-10-04 15:30:00,7753.09755102062
2019-10-04 16:00:00,7952.596395765293
2019-10-04 16:30:00,8101.680679189274
2019-10-04 17:00:00,8295.506834836964
2019-10-04 17:30:00,8418.232238950024
2019-10-04 18:00:00,8648.111447992815
2019-10-04 18:30:00,8764.161215881251
2019-10-04 19:00:00,8795.91854564986
2019-10-04 19:30:00,8639.991256540567
2019-10-04 20:00:00,8380.880469193671
2019-10-04 20:30:00,8251.475174085204
2019-10-04 21:00:00,8002.834566863284
2019-10-04 21:30:00,7883.494371531292
2019-10-04 22:00:00,7682.540597248069
2019-10-04 22:30:00,7742.352535774979
2019-10-04 23:00:00,7525.430408123215
2019-10-04 23:30:00,7468.341550608464
2019-10-05 00:00:00,6755.478586823293
2019-10-05 00:30:00,6588.121039432978
2019-10-05 01:00:00,6384.383720072873
2019-10-05 01:30:00,6242.285185568202
2019-10-05 02:00:00,5959.559289711295
2019-10-05 02:30:00,5745.898759682453
2019-10-05 03:00:00,5506.669242123251
2019-10-05 03:30:00,5425.8018430757365
2019-10-05 04:00:00,5376.833101263769
2019-10-05 04:30:00,5402.1417207371505
2019-10-05 05:00:00,5520.655864391278
2019-10-05 05:30:00,5735.509574558837
2019-10-05 06:00:00,6004.530475461088
2019-10-05 06:30:00,6209.468065670301
2019-10-05 07:00:00,6586.913080526001
2019-10-05 07:30:00,6585.56664878611
2019-10-05 08:00:00,6787.296703984332
2019-10-05 08:30:00,6753.570003202423
2019-10-05 09:00:00,6793.096235134756
2019-10-05 09:30:00,6851.783326875342
2019-10-05 10:00:00,6863.190652584123
2019-10-05 10:30:00,6850.527470665376
2019-10-05 11:00:00,6835.3729973747595
2019-10-05 11:30:00,6879.109937161818
2019-10-05 12:00:00,6889.224711335328
2019-10-05 12:30:00,6927.793916636309
2019-10-05 13:00:00,7053.134479091291
2019-10-05 13:30:00,7154.789950689877
2019-10-05 14:00:00,7239.089912541523
2019-10-05 14:30:00,7288.9545141649105
2019-10-05 15:00:00,7330.757174053397
2019-10-05 15:30:00,7375.451414098913
2019-10-05 16:00:00,7435.628843776774
2019-10-05 16:30:00,7558.4010503186
2019-10-05 17:00:00,7724.761224233155
2019-10-05 17:30:00,7759.121800052686
2019-10-05 18:00:00,7963.70931164058
2019-10-05 18:30:00,8040.47633512522
2019-10-05 19:00:00,7929.852271012957
2019-10-05 19:30:00,7773.769925556319
2019-10-05 20:00:00,7544.506048969226
2019-10-05 20:30:00,7429.782341364776
2019-10-05 21:00:00,7220.347441573252
2019-10-05 21:30:00,7140.1171899336005
2019-10-05 22:00:00,6930.652197695588
2019-10-05 22:30:00,7018.3823286058705
2019-10-05 23:00:00,6847.265975259799
2019-10-05 23:30:00,6833.675727627229
2019-10-06 00:00:00,6868.20033191046
2019-10-06 00:30:00,6744.328904221805
2019-10-06 01:00:00,6519.230911695641
2019-10-06 01:30:00,6367.849149869702
2019-10-06 02:00:00,6079.9698144534095
2019-10-06 02:30:00,5868.879759113999
2019-10-06 03:00:00,5661.297599450897
2019-10-06 03:30:00,5531.56444728363
2019-10-06 04:00:00,5463.2322611016025
2019-10-06 04:30:00,5460.280536206119
2019-10-06 05:00:00,5527.417744660352
2019-10-06 05:30:00,5600.8812052424655
2019-10-06 06:00:00,5828.475134940138
2019-10-06 06:30:00,5965.609775548187
2019-10-06 07:00:00,6354.530223434683
2019-10-06 07:30:00,6508.499559035715
2019-10-06 08:00:00,6792.5958742768935
2019-10-06 08:30:00,7008.6204113139165
2019-10-06 09:00:00,7132.600641639669
2019-10-06 09:30:00,7145.915265892971
2019-10-06 10:00:00,7172.182411067988
2019-10-06 10:30:00,7109.025184326197
2019-10-06 11:00:00,7007.200703051566
2019-10-06 11:30:00,6926.146208365904
2019-10-06 12:00:00,6851.704161478182
2019-10-06 12:30:00,6861.899691375309
2019-10-06 13:00:00,6841.749611669714
2019-10-06 13:30:00,6784.3115432397135
2019-10-06 14:00:00,6788.983266265703
2019-10-06 14:30:00,6792.840057740111
2019-10-06 15:00:00,6770.541326087321
2019-10-06 15:30:00,6835.676055447653
2019-10-06 16:00:00,6919.172111799832
2019-10-06 16:30:00,7011.583277230535
2019-10-06 17:00:00,7191.048980625346
2019-10-06 17:30:00,7292.9623312390895
2019-10-06 18:00:00,7579.081351456752
2019-10-06 18:30:00,7729.066092554519
2019-10-06 19:00:00,7739.295379696379
2019-10-06 19:30:00,7571.772912869992
2019-10-06 20:00:00,7351.577914647534
2019-10-06 20:30:00,7263.385241787012
2019-10-06 21:00:00,7116.310579009755
2019-10-06 21:30:00,7019.86801664702
2019-10-06 22:00:00,6865.378695000979
2019-10-06 22:30:00,6879.013295037697
2019-10-06 23:00:00,6755.995117282862
2019-10-06 23:30:00,6710.012110427751
2019-10-07 00:00:00,6987.948417631814
2019-10-07 00:30:00,6867.34343643847
2019-10-07 01:00:00,6613.458656078775
2019-10-07 01:30:00,6482.817810240788
2019-10-07 02:00:00,6229.016191267823
2019-10-07 02:30:00,6083.74960109769
2019-10-07 03:00:00,5885.71397902178
2019-10-07 03:30:00,5825.070738519102
2019-10-07 04:00:00,5807.254773362193
2019-10-07 04:30:00,5807.387653507463
2019-10-07 05:00:00,5922.8002701023515
2019-10-07 05:30:00,5975.144191582256
2019-10-07 06:00:00,6188.751683236166
2019-10-07 06:30:00,6262.677685768519
2019-10-07 07:00:00,6592.617674171049
2019-10-07 07:30:00,6744.136925047397
2019-10-07 08:00:00,6954.558057841623
2019-10-07 08:30:00,6965.74980915059
2019-10-07 09:00:00,6982.636464195999
2019-10-07 09:30:00,6948.4478667423
2019-10-07 10:00:00,6812.999408798216
2019-10-07 10:30:00,6704.884808812163
2019-10-07 11:00:00,6718.057031429457
2019-10-07 11:30:00,6812.394288144793
2019-10-07 12:00:00,6711.644773280054
2019-10-07 12:30:00,6592.151326346887
2019-10-07 13:00:00,6575.978605147624
2019-10-07 13:30:00,6787.331970752957
2019-10-07 14:00:00,6743.386955998423
2019-10-07 14:30:00,6609.373391559893
2019-10-07 15:00:00,6748.543874778768
2019-10-07 15:30:00,6885.063367113853
2019-10-07 16:00:00,6995.2303972849895
2019-10-07 16:30:00,7205.024449817872
2019-10-07 17:00:00,7392.880804135549
2019-10-07 17:30:00,7571.386572776308
2019-10-07 18:00:00,7774.564750522684
2019-10-07 18:30:00,7923.486741602387
2019-10-07 19:00:00,7853.898889534275
2019-10-07 19:30:00,7755.311278025133
2019-10-07 20:00:00,7663.851228744756
2019-10-07 20:30:00,7502.217271504194
2019-10-07 21:00:00,7354.104662002743
2019-10-07 21:30:00,7339.961185798291
2019-10-07 22:00:00,7205.396418369574
2019-10-07 22:30:00,7203.841714202263
2019-10-07 23:00:00,7019.8238490325675
2019-10-07 23:30:00,6916.983255637825
2019-10-08 00:00:00,6916.271465599581
2019-10-08 00:30:00,6785.158214722626
2019-10-08 01:00:00,6559.454937012227
2019-10-08 01:30:00,6371.922015319187
2019-10-08 02:00:00,6161.117188990429
2019-10-08 02:30:00,6075.1653290143695
2019-10-08 03:00:00,5956.917433949424
2019-10-08 03:30:00,5926.603372334243
2019-10-08 04:00:00,5896.397221546062
2019-10-08 04:30:00,5934.439983382376
2019-10-08 05:00:00,6076.890529075581
2019-10-08 05:30:00,6210.542392418341
2019-10-08 06:00:00,6400.826003214344
2019-10-08 06:30:00,6388.834635086059
2019-10-08 07:00:00,6654.271964419708
2019-10-08 07:30:00,6691.480620121283
2019-10-08 08:00:00,6880.649333668029
2019-10-08 08:30:00,6814.407501885485
2019-10-08 09:00:00,6850.930597588429
2019-10-08 09:30:00,6985.726034482166
2019-10-08 10:00:00,6957.548384367844
2019-10-08 10:30:00,6929.671917296825
2019-10-08 11:00:00,6870.0942184348205
2019-10-08 11:30:00,6852.425594374275
2019-10-08 12:00:00,6889.679315567745
2019-10-08 12:30:00,6883.950471234402
2019-10-08 13:00:00,6862.966462461245
2019-10-08 13:30:00,6950.590966544745
2019-10-08 14:00:00,7036.752472888147
2019-10-08 14:30:00,7126.763160181903
2019-10-08 15:00:00,7231.887789181076
2019-10-08 15:30:00,7332.8785059189595
2019-10-08 16:00:00,7489.415047334847
2019-10-08 16:30:00,7649.007600442438
2019-10-08 17:00:00,7905.633890641288
2019-10-08 17:30:00,8039.657141101371
2019-10-08 18:00:00,8252.17982059165
2019-10-08 18:30:00,8287.40373767775
2019-10-08 19:00:00,8242.54647321727
2019-10-08 19:30:00,8114.736785242842
2019-10-08 20:00:00,7902.184409525014
2019-10-08 20:30:00,7815.4603631153
2019-10-08 21:00:00,7609.995585833175
2019-10-08 21:30:00,7593.431437103048
2019-10-08 22:00:00,7447.977149784669
2019-10-08 22:30:00,7476.01853629176
2019-10-08 23:00:00,7307.642185976332
2019-10-08 23:30:00,7223.026072305811
2019-10-09 00:00:00,6960.544650207012
2019-10-09 00:30:00,6836.178641277315
2019-10-09 01:00:00,6609.058793728464
2019-10-09 01:30:00,6429.025751306056
2019-10-09 02:00:00,6142.684198038588
2019-10-09 02:30:00,6045.661153785484
2019-10-09 03:00:00,5906.027959327788
2019-10-09 03:30:00,5914.064145151817
2019-10-09 04:00:00,5934.384723755932
2019-10-09 04:30:00,6050.5250011988355
2019-10-09 05:00:00,6290.008454233872
2019-10-09 05:30:00,6574.294050984335
2019-10-09 06:00:00,7007.608265692053
2019-10-09 06:30:00,7216.641799626177
2019-10-09 07:00:00,7592.8795164836465
2019-10-09 07:30:00,7631.814854718363
2019-10-09 08:00:00,7749.822194990092
2019-10-09 08:30:00,7737.225541677569
2019-10-09 09:00:00,7762.595984292105
2019-10-09 09:30:00,7658.314017765041
2019-10-09 10:00:00,7607.164324799855
2019-10-09 10:30:00,7518.5141871055075
2019-10-09 11:00:00,7419.803723070638
2019-10-09 11:30:00,7335.807189511045
2019-10-09 12:00:00,7485.445414594654
2019-10-09 12:30:00,7495.717159119556
2019-10-09 13:00:00,7499.808517031315
2019-10-09 13:30:00,7556.704042323787
2019-10-09 14:00:00,7623.2121859911695
2019-10-09 14:30:00,7710.706437021194
2019-10-09 15:00:00,7698.330238978057
2019-10-09 15:30:00,7831.099211943966
2019-10-09 16:00:00,8037.75578397378
2019-10-09 16:30:00,8155.886054215746
2019-10-09 17:00:00,8372.688684552264
2019-10-09 17:30:00,8441.341502838932
2019-10-09 18:00:00,8622.426096273333
2019-10-09 18:30:00,8679.610717526139
2019-10-09 19:00:00,8635.737361364152
2019-10-09 19:30:00,8530.01157168015
2019-10-09 20:00:00,8338.881611762286
2019-10-09 20:30:00,8205.328139249377
2019-10-09 21:00:00,7891.023555043486
2019-10-09 21:30:00,7843.719742087978
2019-10-09 22:00:00,7626.897613813333
2019-10-09 22:30:00,7655.040018242068
2019-10-09 23:00:00,7532.021840487233
2019-10-09 23:30:00,7425.956525909533
2019-10-10 00:00:00,7310.753962735309
2019-10-10 00:30:00,7218.106917424348
2019-10-10 01:00:00,6958.230159532564
2019-10-10 01:30:00,6772.2519420068365
2019-10-10 02:00:00,6503.971930840862
2019-10-10 02:30:00,6360.028773862921
2019-10-10 03:00:00,6192.548347466038
2019-10-10 03:30:00,6179.113156180813
2019-10-10 04:00:00,6244.789280253728
2019-10-10 04:30:00,6407.016209565179
2019-10-10 05:00:00,6693.412539328121
2019-10-10 05:30:00,7066.355509769865
2019-10-10 06:00:00,7512.177672981809
2019-10-10 06:30:00,7652.4015275357515
2019-10-10 07:00:00,7935.603244668002
2019-10-10 07:30:00,7883.13612906438
2019-10-10 08:00:00,7903.241966544118
2019-10-10 08:30:00,7747.083229392529
2019-10-10 09:00:00,7619.113779605689
2019-10-10 09:30:00,7529.61984975505
2019-10-10 10:00:00,7470.363010521651
2019-10-10 10:30:00,7397.3570147733635
2019-10-10 11:00:00,7338.649893174863
2019-10-10 11:30:00,7317.9682697962
2019-10-10 12:00:00,7269.171740183761
2019-10-10 12:30:00,7220.3105959691475
2019-10-10 13:00:00,7197.671510385485
2019-10-10 13:30:00,7187.598529333626
2019-10-10 14:00:00,7166.998749293449
2019-10-10 14:30:00,7223.932550460856
2019-10-10 15:00:00,7290.775910651662
2019-10-10 15:30:00,7423.232143831088
2019-10-10 16:00:00,7559.091670773451
2019-10-10 16:30:00,7765.181361087475
2019-10-10 17:00:00,8085.345951166991
2019-10-10 17:30:00,8276.794956943728
2019-10-10 18:00:00,8497.486702403305
2019-10-10 18:30:00,8642.022831452137
2019-10-10 19:00:00,8637.766490404056
2019-10-10 19:30:00,8586.406477222647
2019-10-10 20:00:00,8422.96606580483
2019-10-10 20:30:00,8296.162462330973
2019-10-10 21:00:00,8047.090998315264
2019-10-10 21:30:00,8016.142239316838
2019-10-10 22:00:00,7804.163437906889
2019-10-10 22:30:00,7801.661941848299
2019-10-10 23:00:00,7626.378684333129
2019-10-10 23:30:00,7518.0158913534715
2019-10-11 00:00:00,7270.855525867362
2019-10-11 00:30:00,7188.448362857677
2019-10-11 01:00:00,6947.652189959752
2019-10-11 01:30:00,6741.412697481972
2019-10-11 02:00:00,6464.076121064711
2019-10-11 02:30:00,6324.5579243382
2019-10-11 03:00:00,6191.777598654544
2019-10-11 03:30:00,6192.923799297317
2019-10-11 04:00:00,6233.532437960697
2019-10-11 04:30:00,6392.92820940859
2019-10-11 05:00:00,6680.524778240005
2019-10-11 05:30:00,7055.079118366555
2019-10-11 06:00:00,7515.768159974493
2019-10-11 06:30:00,7614.6527487193525
2019-10-11 07:00:00,7844.873219896659
2019-10-11 07:30:00,7792.8341569278555
2019-10-11 08:00:00,7792.9914592420255
2019-10-11 08:30:00,7665.582393516754
2019-10-11 09:00:00,7563.285891390861
2019-10-11 09:30:00,7508.917487796473
2019-10-11 10:00:00,7437.93259070071
2019-10-11 10:30:00,7428.5287963475175
2019-10-11 11:00:00,7341.485115752378
2019-10-11 11:30:00,7269.738651681853
2019-10-11 12:00:00,7244.781938024812
2019-10-11 12:30:00,7221.2151183568885
2019-10-11 13:00:00,7176.477194277661
2019-10-11 13:30:00,7210.301463543795
2019-10-11 14:00:00,7244.414220896842
2019-10-11 14:30:00,7280.447440823813
2019-10-11 15:00:00,7360.212039015699
2019-10-11 15:30:00,7527.685544532797
2019-10-11 16:00:00,7716.339221791957
2019-10-11 16:30:00,7894.626032570944
2019-10-11 17:00:00,8186.178440274552
2019-10-11 17:30:00,8321.569476330975
2019-10-11 18:00:00,8459.229047419172
2019-10-11 18:30:00,8562.01297529642
2019-10-11 19:00:00,8504.583860817285
2019-10-11 19:30:00,8442.051645437188
2019-10-11 20:00:00,8260.802493816624
2019-10-11 20:30:00,8167.353381661726
2019-10-11 21:00:00,7880.871226101155
2019-10-11 21:30:00,7797.718661765029
2019-10-11 22:00:00,7635.7568912340175
2019-10-11 22:30:00,7694.368590692454
2019-10-11 23:00:00,7500.5382505778525
2019-10-11 23:30:00,7409.0055436860375
2019-10-12 00:00:00,6654.5171737147075
2019-10-12 00:30:00,6500.648856035318
2019-10-12 01:00:00,6298.921078584556
2019-10-12 01:30:00,6096.115402062778
2019-10-12 02:00:00,5777.414933609742
2019-10-12 02:30:00,5702.758469956088
2019-10-12 03:00:00,5557.95491392052
2019-10-12 03:30:00,5548.140634229445
2019-10-12 04:00:00,5578.814426169825
2019-10-12 04:30:00,5730.097797165916
2019-10-12 05:00:00,5996.146774260302
2019-10-12 05:30:00,6361.919527236383
2019-10-12 06:00:00,6800.5637687744575
2019-10-12 06:30:00,6919.997746031159
2019-10-12 07:00:00,7235.570046183876
2019-10-12 07:30:00,7225.735395036895
2019-10-12 08:00:00,7270.758915762412
2019-10-12 08:30:00,7249.49681049338
2019-10-12 09:00:00,7226.941055882508
2019-10-12 09:30:00,7228.770738150639
2019-10-12 10:00:00,7202.366750065401
2019-10-12 10:30:00,7243.474567832189
2019-10-12 11:00:00,7176.406852788279
2019-10-12 11:30:00,7133.8231725737505
2019-10-12 12:00:00,7102.673090819783
2019-10-12 12:30:00,7012.448699847843
2019-10-12 13:00:00,6934.508713705204
2019-10-12 13:30:00,6936.206161106514
2019-10-12 14:00:00,6901.642119224649
2019-10-12 14:30:00,6923.462707249151
2019-10-12 15:00:00,7061.058937190435
2019-10-12 15:30:00,7128.1366798538875
2019-10-12 16:00:00,7310.495971094478
2019-10-12 16:30:00,7479.870941669518
2019-10-12 17:00:00,7679.910014524416
2019-10-12 17:30:00,7746.132297196679
2019-10-12 18:00:00,7877.853929178491
2019-10-12 18:30:00,7967.414387635354
2019-10-12 19:00:00,7934.427924271235
2019-10-12 19:30:00,7895.007690817029
2019-10-12 20:00:00,7764.102781855752
2019-10-12 20:30:00,7676.340788721844
2019-10-12 21:00:00,7455.527041983205
2019-10-12 21:30:00,7390.871953658774
2019-10-12 22:00:00,7192.778572370942
2019-10-12 22:30:00,7202.029937468585
2019-10-12 23:00:00,7043.59106096795
2019-10-12 23:30:00,6923.049981289036
2019-10-13 00:00:00,6974.970532560333
2019-10-13 00:30:00,6846.823946784003
2019-10-13 01:00:00,6540.6813226609065
2019-10-13 01:30:00,6346.711271715299
2019-10-13 02:00:00,6042.2383753698705
2019-10-13 02:30:00,5891.110060721126
2019-10-13 03:00:00,5697.1846772968165
2019-10-13 03:30:00,5652.950529176922
2019-10-13 04:00:00,5676.084698347661
2019-10-13 04:30:00,5735.626090611715
2019-10-13 05:00:00,5904.093540697528
2019-10-13 05:30:00,6065.498854054764
2019-10-13 06:00:00,6372.96396138811
2019-10-13 06:30:00,6535.173323402627
2019-10-13 07:00:00,6884.995318364503
2019-10-13 07:30:00,6998.415141887042
2019-10-13 08:00:00,7217.076301094752
2019-10-13 08:30:00,7348.358903245741
2019-10-13 09:00:00,7336.338203425695
2019-10-13 09:30:00,7392.903244567573
2019-10-13 10:00:00,7383.432165237991
2019-10-13 10:30:00,7356.908366490996
2019-10-13 11:00:00,7270.7359084378095
2019-10-13 11:30:00,7212.710122120507
2019-10-13 12:00:00,7120.452276100276
2019-10-13 12:30:00,7067.2494451917655
2019-10-13 13:00:00,7052.860249110315
2019-10-13 13:30:00,7034.087149719351
2019-10-13 14:00:00,7073.766459061462
2019-10-13 14:30:00,7112.468544507714
2019-10-13 15:00:00,7167.512241113521
2019-10-13 15:30:00,7304.0343605404
2019-10-13 16:00:00,7436.9617116975605
2019-10-13 16:30:00,7500.576226206002
2019-10-13 17:00:00,7750.42848935038
2019-10-13 17:30:00,7858.09286049954
2019-10-13 18:00:00,8044.925847377563
2019-10-13 18:30:00,8147.997711747425
2019-10-13 19:00:00,8071.220093103369
2019-10-13 19:30:00,7975.7269497237085
2019-10-13 20:00:00,7793.796298291132
2019-10-13 20:30:00,7722.758119139834
2019-10-13 21:00:00,7520.9487427672775
2019-10-13 21:30:00,7419.866871196479
2019-10-13 22:00:00,7243.854761107277
2019-10-13 22:30:00,7227.150496234946
2019-10-13 23:00:00,7008.639175100451
2019-10-13 23:30:00,6875.9470620407665
2019-10-14 00:00:00,7699.271163928788
2019-10-14 00:30:00,7596.671704597893
2019-10-14 01:00:00,7373.2783954699735
2019-10-14 01:30:00,7209.4824670645185
2019-10-14 02:00:00,6871.163125250881
2019-10-14 02:30:00,6786.055057431113
2019-10-14 03:00:00,6687.549229850485
2019-10-14 03:30:00,6626.984831067376
2019-10-14 04:00:00,6615.421526616683
2019-10-14 04:30:00,6654.010281027945
2019-10-14 05:00:00,6810.683144645171
2019-10-14 05:30:00,6957.34938263527
2019-10-14 06:00:00,7198.442405132596
2019-10-14 06:30:00,7306.41887078979
2019-10-14 07:00:00,7653.675645245822
2019-10-14 07:30:00,7732.636502118982
2019-10-14 08:00:00,7867.60879043717
2019-10-14 08:30:00,7844.275046490535
2019-10-14 09:00:00,7845.58852003407
2019-10-14 09:30:00,7824.906896655406
2019-10-14 10:00:00,7710.177178497201
2019-10-14 10:30:00,7659.86234803692
2019-10-14 11:00:00,7631.147507524014
2019-10-14 11:30:00,7552.737075063766
2019-10-14 12:00:00,7461.23186636691
2019-10-14 12:30:00,7391.231633939808
2019-10-14 13:00:00,7421.588089237779
2019-10-14 13:30:00,7417.436125273823
2019-10-14 14:00:00,7334.33797389052
2019-10-14 14:30:00,7347.57901060784
2019-10-14 15:00:00,7431.273987810116
2019-10-14 15:30:00,7599.242074568256
2019-10-14 16:00:00,7812.71241715155
2019-10-14 16:30:00,7940.960020849524
2019-10-14 17:00:00,8257.66138277403
2019-10-14 17:30:00,8437.030492681359
2019-10-14 18:00:00,8751.215702699981
2019-10-14 18:30:00,8943.614127459792
2019-10-14 19:00:00,8974.827914678071
2019-10-14 19:30:00,8915.114544048187
2019-10-14 20:00:00,8752.463886360962
2019-10-14 20:30:00,8629.392075491625
2019-10-14 21:00:00,8414.78220521709
2019-10-14 21:30:00,8301.984588897272
2019-10-14 22:00:00,8094.138202341001
2019-10-14 22:30:00,8077.611170018088
2019-10-14 23:00:00,7910.501587377357
2019-10-14 23:30:00,7777.556027140478
2019-10-15 00:00:00,7153.592443273631
2019-10-15 00:30:00,7061.838151428249
2019-10-15 01:00:00,6893.870741729192
2019-10-15 01:30:00,6692.718160204575
2019-10-15 02:00:00,6456.61195039937
2019-10-15 02:30:00,6392.102055333555
2019-10-15 03:00:00,6241.51298944715
2019-10-15 03:30:00,6284.563820517058
2019-10-15 04:00:00,6323.462698665783
2019-10-15 04:30:00,6562.65080602978
2019-10-15 05:00:00,6822.653590099201
2019-10-15 05:30:00,7178.23804917509
2019-10-15 06:00:00,7666.343465928426
2019-10-15 06:30:00,7921.662415204143
2019-10-15 07:00:00,8270.623695991242
2019-10-15 07:30:00,8164.117838598201
2019-10-15 08:00:00,8082.774849227781
2019-10-15 08:30:00,7969.111264549599
2019-10-15 09:00:00,7899.802298463307
2019-10-15 09:30:00,7778.692872940194
2019-10-15 10:00:00,7736.277787629535
2019-10-15 10:30:00,7569.2297076554605
2019-10-15 11:00:00,7487.378564840266
2019-10-15 11:30:00,7455.455583564898
2019-10-15 12:00:00,7447.884811659376
2019-10-15 12:30:00,7431.770891766141
2019-10-15 13:00:00,7452.42114422444
2019-10-15 13:30:00,7516.439085141006
2019-10-15 14:00:00,7593.58312445368
2019-10-15 14:30:00,7578.195056776607
2019-10-15 15:00:00,7645.414412989877
2019-10-15 15:30:00,7761.756726276068
2019-10-15 16:00:00,7902.204151092589
2019-10-15 16:30:00,8083.440059675264
2019-10-15 17:00:00,8323.86897935617
2019-10-15 17:30:00,8483.503257776116
2019-10-15 18:00:00,8688.668801229762
2019-10-15 18:30:00,8743.691451317674
2019-10-15 19:00:00,8727.09453122606
2019-10-15 19:30:00,8604.359441091448
2019-10-15 20:00:00,8370.963149650679
2019-10-15 20:30:00,8193.114254595239
2019-10-15 21:00:00,7907.025662354065
2019-10-15 21:30:00,7823.063795177069
2019-10-15 22:00:00,7664.371098233164
2019-10-15 22:30:00,7677.33913866301
2019-10-15 23:00:00,7536.930587318693
2019-10-15 23:30:00,7431.327991758408
2019-10-16 00:00:00,7198.537516104701
2019-10-16 00:30:00,7105.309988903373
2019-10-16 01:00:00,6889.133699669883
2019-10-16 01:30:00,6723.650186951847
2019-10-16 02:00:00,6410.189235774698
2019-10-16 02:30:00,6327.64195662281
2019-10-16 03:00:00,6132.204239621993
2019-10-16 03:30:00,6146.21220858938
2019-10-16 04:00:00,6176.683964686474
2019-10-16 04:30:00,6319.461371911362
2019-10-16 05:00:00,6623.648874580118
2019-10-16 05:30:00,7031.319199053577
2019-10-16 06:00:00,7536.633325009013
2019-10-16 06:30:00,7700.9530697873415
2019-10-16 07:00:00,7969.710884042003
2019-10-16 07:30:00,7904.2118264941055
2019-10-16 08:00:00,7821.007292631929
2019-10-16 08:30:00,7691.947759001291
2019-10-16 09:00:00,7622.442011255301
2019-10-16 09:30:00,7513.552597743799
2019-10-16 10:00:00,7455.097180075886
2019-10-16 10:30:00,7387.519601987804
2019-10-16 11:00:00,7331.643638252863
2019-10-16 11:30:00,7331.188800510831
2019-10-16 12:00:00,7338.95731204027
2019-10-16 12:30:00,7395.313081341927
2019-10-16 13:00:00,7347.751058328897
2019-10-16 13:30:00,7357.024599628614
2019-10-16 14:00:00,7425.650362056741
2019-10-16 14:30:00,7485.84600081432
2019-10-16 15:00:00,7604.452800594662
2019-10-16 15:30:00,7772.430750441531
2019-10-16 16:00:00,7891.192449192165
2019-10-16 16:30:00,8036.651212116858
2019-10-16 17:00:00,8276.62990296087
2019-10-16 17:30:00,8313.804714625476
2019-10-16 18:00:00,8561.300491116455
2019-10-16 18:30:00,8600.18704510906
2019-10-16 19:00:00,8589.353458666206
2019-10-16 19:30:00,8414.436739395971
2019-10-16 20:00:00,8239.821498687674
2019-10-16 20:30:00,8086.154571573123
2019-10-16 21:00:00,7785.863210518208
2019-10-16 21:30:00,7731.271240156907
2019-10-16 22:00:00,7557.094066519425
2019-10-16 22:30:00,7574.118307175172
2019-10-16 23:00:00,7421.610310851168
2019-10-16 23:30:00,7329.364064856539
2019-10-17 00:00:00,7157.464935692453
2019-10-17 00:30:00,7104.243378019288
2019-10-17 01:00:00,6844.004919031732
2019-10-17 01:30:00,6649.11486130206
2019-10-17 02:00:00,6357.578143162851
2019-10-17 02:30:00,6261.937002365603
2019-10-17 03:00:00,6094.244677036705
2019-10-17 03:30:00,6105.896520271293
2019-10-17 04:00:00,6148.917950184968
2019-10-17 04:30:00,6314.7064984812805
2019-10-17 05:00:00,6558.201799338069
2019-10-17 05:30:00,6891.965670389456
2019-10-17 06:00:00,7360.617133218264
2019-10-17 06:30:00,7527.48798064292
2019-10-17 07:00:00,7898.956135238849
2019-10-17 07:30:00,7854.166131455278
2019-10-17 08:00:00,7920.550148279675
2019-10-17 08:30:00,7867.753370871084
2019-10-17 09:00:00,7849.94780647865
2019-10-17 09:30:00,7758.220122673306
2019-10-17 10:00:00,7659.540599961081
2019-10-17 10:30:00,7623.354950778561
2019-10-17 11:00:00,7617.537743234912
2019-10-17 11:30:00,7652.52315334896
2019-10-17 12:00:00,7581.062243555728
2019-10-17 12:30:00,7589.282720858932
2019-10-17 13:00:00,7782.709897624647
2019-10-17 13:30:00,7799.278655259914
2019-10-17 14:00:00,7844.05736573571
2019-10-17 14:30:00,7913.60736932592
2019-10-17 15:00:00,8052.073999463533
2019-10-17 15:30:00,8119.783812418436
2019-10-17 16:00:00,8191.064288596967
2019-10-17 16:30:00,8222.125733351935
2019-10-17 17:00:00,8422.706366943816
2019-10-17 17:30:00,8460.272114836023
2019-10-17 18:00:00,8559.27395288212
2019-10-17 18:30:00,8606.97395624882
2019-10-17 19:00:00,8481.35999668402
2019-10-17 19:30:00,8384.442402190523
2019-10-17 20:00:00,8199.260244467776
2019-10-17 20:30:00,8044.776955582598
2019-10-17 21:00:00,7747.4008482944
2019-10-17 21:30:00,7674.013779407238
2019-10-17 22:00:00,7533.853047790449
2019-10-17 22:30:00,7550.601665066928
2019-10-17 23:00:00,7398.053925243915
2019-10-17 23:30:00,7309.50480547121
2019-10-18 00:00:00,7123.402109633159
2019-10-18 00:30:00,7006.831152463643
2019-10-18 01:00:00,6746.02715179086
2019-10-18 01:30:00,6550.581238397511
2019-10-18 02:00:00,6281.592942312311
2019-10-18 02:30:00,6168.859227506923
2019-10-18 03:00:00,6032.669712093957
2019-10-18 03:30:00,6043.537055781545
2019-10-18 04:00:00,6092.334309524504
2019-10-18 04:30:00,6281.466287789002
2019-10-18 05:00:00,6553.399165564076
2019-10-18 05:30:00,6914.24006393434
2019-10-18 06:00:00,7364.861201606831
2019-10-18 06:30:00,7527.552654681867
2019-10-18 07:00:00,7745.757131504195
2019-10-18 07:30:00,7622.305875174976
2019-10-18 08:00:00,7641.309864416091
2019-10-18 08:30:00,7604.703221528509
2019-10-18 09:00:00,7568.338261423295
2019-10-18 09:30:00,7585.344757714933
2019-10-18 10:00:00,7546.56044708715
2019-10-18 10:30:00,7505.858505753107
2019-10-18 11:00:00,7446.297728909588
2019-10-18 11:30:00,7394.684268550985
2019-10-18 12:00:00,7394.327889448099
2019-10-18 12:30:00,7395.198466711603
2019-10-18 13:00:00,7366.818223681252
2019-10-18 13:30:00,7317.9772738553675
2019-10-18 14:00:00,7347.665070956984
2019-10-18 14:30:00,7356.960788458775
2019-10-18 15:00:00,7433.805523978804
2019-10-18 15:30:00,7592.697028164102
2019-10-18 16:00:00,7761.3604449453405
2019-10-18 16:30:00,7934.629323402004
2019-10-18 17:00:00,8133.537312886446
2019-10-18 17:30:00,8248.55882007224
2019-10-18 18:00:00,8367.362018211941
2019-10-18 18:30:00,8410.10799077075
2019-10-18 19:00:00,8423.500724672933
2019-10-18 19:30:00,8358.749872610448
2019-10-18 20:00:00,8174.770581047967
2019-10-18 20:30:00,8068.092745289096
2019-10-18 21:00:00,7769.023799504729
2019-10-18 21:30:00,7700.032278669989
2019-10-18 22:00:00,7567.609933295886
2019-10-18 22:30:00,7563.97209968325
2019-10-18 23:00:00,7377.787009165073
2019-10-18 23:30:00,7302.006521070722
2019-10-19 00:00:00,6559.608843109358
2019-10-19 00:30:00,6478.874324207113
2019-10-19 01:00:00,6262.602271235568
2019-10-19 01:30:00,6081.4212234242195
2019-10-19 02:00:00,5793.804375928223
2019-10-19 02:30:00,5680.1629674521155
2019-10-19 03:00:00,5519.454586296359
2019-10-19 03:30:00,5565.494435736141
2019-10-19 04:00:00,5582.767525706718
2019-10-19 04:30:00,5809.049689409128
2019-10-19 05:00:00,6053.07406082238
2019-10-19 05:30:00,6408.203036877787
2019-10-19 06:00:00,6901.129604293745
2019-10-19 06:30:00,7043.846896563719
2019-10-19 07:00:00,7277.316892217852
2019-10-19 07:30:00,7102.97802774619
2019-10-19 08:00:00,7070.764747039892
2019-10-19 08:30:00,6917.314150695322
2019-10-19 09:00:00,6885.256210901409
2019-10-19 09:30:00,6762.3829864379395
2019-10-19 10:00:00,6657.551643873967
2019-10-19 10:30:00,6571.870153093588
2019-10-19 11:00:00,6473.7083087254605
2019-10-19 11:30:00,6433.281990770685
2019-10-19 12:00:00,6379.068711332939
2019-10-19 12:30:00,6350.355511035387
2019-10-19 13:00:00,6294.4746198893035
2019-10-19 13:30:00,6286.730979463029
2019-10-19 14:00:00,6343.956541087593
2019-10-19 14:30:00,6414.156182266189
2019-10-19 15:00:00,6508.949774131172
2019-10-19 15:30:00,6711.831665280723
2019-10-19 16:00:00,6911.035337535848
2019-10-19 16:30:00,7078.749977116795
2019-10-19 17:00:00,7298.361766181974
2019-10-19 17:30:00,7355.101412781477
2019-10-19 18:00:00,7544.069585717179
2019-10-19 18:30:00,7605.335210489756
2019-10-19 19:00:00,7636.167924569159
2019-10-19 19:30:00,7636.310667803158
2019-10-19 20:00:00,7400.03886609468
2019-10-19 20:30:00,7320.529389554778
2019-10-19 21:00:00,7102.606093288988
2019-10-19 21:30:00,7113.4982402704445
2019-10-19 22:00:00,6985.220799930539
2019-10-19 22:30:00,6964.148240324273
2019-10-19 23:00:00,6816.832781780215
2019-10-19 23:30:00,6713.566762842447
2019-10-20 00:00:00,6791.780468419213
2019-10-20 00:30:00,6686.349851224759
2019-10-20 01:00:00,6428.283871769275
2019-10-20 01:30:00,6268.738298157626
2019-10-20 02:00:00,5933.682775747508
2019-10-20 02:30:00,5795.643068560532
2019-10-20 03:00:00,5648.283978040673
2019-10-20 03:30:00,5652.118593313007
2019-10-20 04:00:00,5641.640215082452
2019-10-20 04:30:00,5703.626437887601
2019-10-20 05:00:00,5884.173783842822
2019-10-20 05:30:00,6020.882998907848
2019-10-20 06:00:00,6312.7474943536545
2019-10-20 06:30:00,6352.452214863056
2019-10-20 07:00:00,6618.4373415178225
2019-10-20 07:30:00,6614.872273095543
2019-10-20 08:00:00,6737.454375782459
2019-10-20 08:30:00,6682.210140740977
2019-10-20 09:00:00,6616.197678627455
2019-10-20 09:30:00,6548.337241163171
2019-10-20 10:00:00,6469.958091623559
2019-10-20 10:30:00,6411.152237597218
2019-10-20 11:00:00,6369.860292882069
2019-10-20 11:30:00,6293.484205625032
2019-10-20 12:00:00,6253.178522511477
2019-10-20 12:30:00,6277.062690871024
2019-10-20 13:00:00,6268.256968797123
2019-10-20 13:30:00,6319.661334382681
2019-10-20 14:00:00,6346.165958546519
2019-10-20 14:30:00,6451.76412226884
2019-10-20 15:00:00,6571.767942777355
2019-10-20 15:30:00,6756.6495662480465
2019-10-20 16:00:00,6966.031846381813
2019-10-20 16:30:00,7044.740078423405
2019-10-20 17:00:00,7162.212323016132
2019-10-20 17:30:00,7271.898549187982
2019-10-20 18:00:00,7398.513721106351
2019-10-20 18:30:00,7504.092335718393
2019-10-20 19:00:00,7563.531977990116
2019-10-20 19:30:00,7506.937701716406
2019-10-20 20:00:00,7420.196157498015
2019-10-20 20:30:00,7341.114733592931
2019-10-20 21:00:00,7150.347306365587
2019-10-20 21:30:00,7059.183359499302
2019-10-20 22:00:00,6935.397230949875
2019-10-20 22:30:00,6906.022725229041
2019-10-20 23:00:00,6747.923373622103
2019-10-20 23:30:00,6680.570007579383
2019-10-21 00:00:00,7505.686123726931
2019-10-21 00:30:00,7418.615493493762
2019-10-21 01:00:00,7198.76950842401
2019-10-21 01:30:00,7044.093869717097
2019-10-21 02:00:00,6781.082610958845
2019-10-21 02:30:00,6743.150730132902
2019-10-21 03:00:00,6620.5444034227485
2019-10-21 03:30:00,6598.738932670563
2019-10-21 04:00:00,6607.00441869914
2019-10-21 04:30:00,6665.207437565862
2019-10-21 05:00:00,6787.136025132888
2019-10-21 05:30:00,6864.569608224399
2019-10-21 06:00:00,7080.355815994513
2019-10-21 06:30:00,7121.681769277449
2019-10-21 07:00:00,7364.813615367107
2019-10-21 07:30:00,7441.18182134876
2019-10-21 08:00:00,7599.1925040568585
2019-10-21 08:30:00,7542.0639030430975
2019-10-21 09:00:00,7562.38437404451
2019-10-21 09:30:00,7453.977228660703
2019-10-21 10:00:00,7382.723944182605
2019-10-21 10:30:00,7306.645656506911
2019-10-21 11:00:00,7212.72955802745
2019-10-21 11:30:00,7154.777359246128
2019-10-21 12:00:00,7108.307720234656
2019-10-21 12:30:00,7078.318066240855
2019-10-21 13:00:00,7059.196247237904
2019-10-21 13:30:00,7062.246362963237
2019-10-21 14:00:00,7058.960741884766
2019-10-21 14:30:00,7146.356602084941
2019-10-21 15:00:00,7361.108164646675
2019-10-21 15:30:00,7509.973490208883
2019-10-21 16:00:00,7715.988305925694
2019-10-21 16:30:00,7896.166718673893
2019-10-21 17:00:00,8251.592342246724
2019-10-21 17:30:00,8420.433633360164
2019-10-21 18:00:00,8655.512616179834
2019-10-21 18:30:00,8703.76847521021
2019-10-21 19:00:00,8743.114211990573
2019-10-21 19:30:00,8691.700160383463
2019-10-21 20:00:00,8542.128424136456
2019-10-21 20:30:00,8419.755035097616
2019-10-21 21:00:00,8169.370000978444
2019-10-21 21:30:00,8106.916627317916
2019-10-21 22:00:00,7959.932439126095
2019-10-21 22:30:00,7935.4774748977325
2019-10-21 23:00:00,7774.615944058077
2019-10-21 23:30:00,7733.609144212934
2019-10-22 00:00:00,7106.755014000284
2019-10-22 00:30:00,7042.680407566222
2019-10-22 01:00:00,6818.731242774626
2019-10-22 01:30:00,6696.0600541544445
2019-10-22 02:00:00,6433.543376637233
2019-10-22 02:30:00,6360.264384601473
2019-10-22 03:00:00,6227.321766573539
2019-10-22 03:30:00,6254.147973807017
2019-10-22 04:00:00,6306.715941307881
2019-10-22 04:30:00,6517.053359323916
2019-10-22 05:00:00,6833.404853765236
2019-10-22 05:30:00,7147.0473889396
2019-10-22 06:00:00,7673.252233046744
2019-10-22 06:30:00,7797.229110495005
2019-10-22 07:00:00,8068.008779772357
2019-10-22 07:30:00,7928.438349366315
2019-10-22 08:00:00,7905.308887229793
2019-10-22 08:30:00,7725.718192368896
2019-10-22 09:00:00,7780.856704023665
2019-10-22 09:30:00,7676.813244468654
2019-10-22 10:00:00,7602.335238807599
2019-10-22 10:30:00,7519.639962238123
2019-10-22 11:00:00,7491.785835899994
2019-10-22 11:30:00,7421.662409349173
2019-10-22 12:00:00,7414.253929787928
2019-10-22 12:30:00,7385.521180380098
2019-10-22 13:00:00,7404.993369971996
2019-10-22 13:30:00,7400.880504228599
2019-10-22 14:00:00,7474.7359208438875
2019-10-22 14:30:00,7553.886500446989
2019-10-22 15:00:00,7676.347464609945
2019-10-22 15:30:00,7828.538529276754
2019-10-22 16:00:00,8044.3089773538
2019-10-22 16:30:00,8225.414632883
2019-10-22 17:00:00,8421.84067541913
2019-10-22 17:30:00,8477.751470067482
2019-10-22 18:00:00,8638.904450354801
2019-10-22 18:30:00,8641.106165018704
2019-10-22 19:00:00,8640.64796811419
2019-10-22 19:30:00,8564.832990704417
2019-10-22 20:00:00,8399.954010313251
2019-10-22 20:30:00,8285.747060151916
2019-10-22 21:00:00,8037.7800714666255
2019-10-22 21:30:00,7946.84739557546
2019-10-22 22:00:00,7760.2534282666675
2019-10-22 22:30:00,7769.9205328857815
2019-10-22 23:00:00,7590.391529481945
2019-10-22 23:30:00,7559.378868969091
2019-10-23 00:00:00,7274.999097174823
2019-10-23 00:30:00,7206.160005595633
2019-10-23 01:00:00,6915.009904016867
2019-10-23 01:30:00,6738.681223813318
2019-10-23 02:00:00,6452.039243872714
2019-10-23 02:30:00,6329.463818990587
2019-10-23 03:00:00,6192.664409488245
2019-10-23 03:30:00,6164.858902861412
2019-10-23 04:00:00,6242.659275207883
2019-10-23 04:30:00,6427.988500423674
2019-10-23 05:00:00,6730.169088274881
2019-10-23 05:30:00,7078.219178764716
2019-10-23 06:00:00,7571.120942886806
2019-10-23 06:30:00,7660.0706849086655
2019-10-23 07:00:00,7850.506771511376
2019-10-23 07:30:00,7742.2591143128775
2019-10-23 08:00:00,7682.811122848565
2019-10-23 08:30:00,7633.721157683451
2019-10-23 09:00:00,7556.499199896849
2019-10-23 09:30:00,7488.5625478047905
2019-10-23 10:00:00,7456.70008458189
2019-10-23 10:30:00,7372.592847079101
2019-10-23 11:00:00,7292.886753410316
2019-10-23 11:30:00,7263.248937423558
2019-10-23 12:00:00,7294.244743727224
2019-10-23 12:30:00,7303.395090903223
2019-10-23 13:00:00,7344.35557962286
2019-10-23 13:30:00,7397.36868780143
2019-10-23 14:00:00,7415.643148640511
2019-10-23 14:30:00,7528.0081034203695
2019-10-23 15:00:00,7694.137674017993
2019-10-23 15:30:00,7841.647704164383
2019-10-23 16:00:00,8025.108843643597
2019-10-23 16:30:00,8194.301972764079
2019-10-23 17:00:00,8390.651800672435
2019-10-23 17:30:00,8387.23029782978
2019-10-23 18:00:00,8524.508795779102
2019-10-23 18:30:00,8507.27085144517
2019-10-23 19:00:00,8482.726450337823
2019-10-23 19:30:00,8410.374701083061
2019-10-23 20:00:00,8261.341076135619
2019-10-23 20:30:00,8105.099065426497
2019-10-23 21:00:00,7824.10462013542
2019-10-23 21:30:00,7740.809312565296
2019-10-23 22:00:00,7545.343248551568
2019-10-23 22:30:00,7592.354516109321
2019-10-23 23:00:00,7424.16526143204
2019-10-23 23:30:00,7393.413284093313
2019-10-24 00:00:00,7233.55183959231
2019-10-24 00:30:00,7168.953416785374
2019-10-24 01:00:00,6918.731273332182
2019-10-24 01:30:00,6734.9176540631415
2019-10-24 02:00:00,6450.818895493482
2019-10-24 02:30:00,6335.834504714903
2019-10-24 03:00:00,6170.6640469005015
2019-10-24 03:30:00,6197.109003927927
2019-10-24 04:00:00,6243.9775392944575
2019-10-24 04:30:00,6425.041469511301
2019-10-24 05:00:00,6695.8894210662365
2019-10-24 05:30:00,7009.419270484058
2019-10-24 06:00:00,7502.266996180447
2019-10-24 06:30:00,7581.955687083113
2019-10-24 07:00:00,7840.687322714684
2019-10-24 07:30:00,7723.432061574185
2019-10-24 08:00:00,7767.125090177752
2019-10-24 08:30:00,7689.3590411223
2019-10-24 09:00:00,7626.374518532037
2019-10-24 09:30:00,7528.863951967649
2019-10-24 10:00:00,7515.1842431566165
2019-10-24 10:30:00,7460.606567722008
2019-10-24 11:00:00,7441.002330886091
2019-10-24 11:30:00,7397.853108986334
2019-10-24 12:00:00,7368.471435077861
2019-10-24 12:30:00,7434.631798049042
2019-10-24 13:00:00,7507.9459477706605
2019-10-24 13:30:00,7557.293791950932
2019-10-24 14:00:00,7684.619781578617
2019-10-24 14:30:00,7775.714749814061
2019-10-24 15:00:00,7917.630313179993
2019-10-24 15:30:00,8065.59780816021
2019-10-24 16:00:00,8292.15413111348
2019-10-24 16:30:00,8442.237263041096
2019-10-24 17:00:00,8620.938015999187
2019-10-24 17:30:00,8646.12869553244
2019-10-24 18:00:00,8728.660166773117
2019-10-24 18:30:00,8708.045072000677
2019-10-24 19:00:00,8693.789982715167
2019-10-24 19:30:00,8581.98351069078
2019-10-24 20:00:00,8327.848930353852
2019-10-24 20:30:00,8184.939288262141
2019-10-24 21:00:00,7904.884575932586
2019-10-24 21:30:00,7829.431122551408
2019-10-24 22:00:00,7623.8920774858225
2019-10-24 22:30:00,7593.9272267858905
2019-10-24 23:00:00,7436.388807959042
2019-10-24 23:30:00,7357.6416547640665
2019-10-25 00:00:00,7152.529244706014
2019-10-25 00:30:00,7019.467726342351
2019-10-25 01:00:00,6757.92801036468
2019-10-25 01:30:00,6563.466005269825
2019-10-25 02:00:00,6288.357928623679
2019-10-25 02:30:00,6220.9061717511095
2019-10-25 03:00:00,6067.060345390944
2019-10-25 03:30:00,6094.727717688918
2019-10-25 04:00:00,6074.990093085338
2019-10-25 04:30:00,6292.237045392911
2019-10-25 05:00:00,6521.367285091681
2019-10-25 05:30:00,6853.714586304615
2019-10-25 06:00:00,7322.154327268584
2019-10-25 06:30:00,7459.34037921054
2019-10-25 07:00:00,7705.972569862423
2019-10-25 07:30:00,7635.561206818988
2019-10-25 08:00:00,7683.688881695538
2019-10-25 08:30:00,7660.871895192019
2019-10-25 09:00:00,7647.055357140814
2019-10-25 09:30:00,7656.25005672096
2019-10-25 10:00:00,7641.628164923787
2019-10-25 10:30:00,7654.770810811258
2019-10-25 11:00:00,7671.313124937302
2019-10-25 11:30:00,7718.442332435186
2019-10-25 12:00:00,7761.269841614653
2019-10-25 12:30:00,7841.062177530757
2019-10-25 13:00:00,7910.179365605822
2019-10-25 13:30:00,8054.273147093144
2019-10-25 14:00:00,8176.24167950481
2019-10-25 14:30:00,8258.302258691041
2019-10-25 15:00:00,8357.628887658855
2019-10-25 15:30:00,8512.223057554405
2019-10-25 16:00:00,8566.302882873395
2019-10-25 16:30:00,8584.817280903575
2019-10-25 17:00:00,8748.00939915267
2019-10-25 17:30:00,8748.678585851336
2019-10-25 18:00:00,8873.778797101402
2019-10-25 18:30:00,8883.714466170028
2019-10-25 19:00:00,8829.75563877566
2019-10-25 19:30:00,8716.761240796144
2019-10-25 20:00:00,8443.484801042723
2019-10-25 20:30:00,8262.334970176553
2019-10-25 21:00:00,7912.265730493202
2019-10-25 21:30:00,7888.625323289298
2019-10-25 22:00:00,7685.5557349915
2019-10-25 22:30:00,7629.180416579562
2019-10-25 23:00:00,7451.698071492285
2019-10-25 23:30:00,7370.48391155414
2019-10-26 00:00:00,6614.544194638018
2019-10-26 00:30:00,6500.769906016641
2019-10-26 01:00:00,6221.030513608615
2019-10-26 01:30:00,6020.25918229005
2019-10-26 02:00:00,5732.753861082875
2019-10-26 02:30:00,5633.880763105736
2019-10-26 03:00:00,5525.009409075496
2019-10-26 03:30:00,5524.05030407087
2019-10-26 04:00:00,5589.025379221492
2019-10-26 04:30:00,5707.465762158147
2019-10-26 05:00:00,6004.815336258003
2019-10-26 05:30:00,6321.087815798262
2019-10-26 06:00:00,6787.763580754699
2019-10-26 06:30:00,6926.144617581541
2019-10-26 07:00:00,7227.280073786427
2019-10-26 07:30:00,7118.294074191245
2019-10-26 08:00:00,7189.523222626509
2019-10-26 08:30:00,7189.931080872598
2019-10-26 09:00:00,7252.0527143548825
2019-10-26 09:30:00,7299.039178618768
2019-10-26 10:00:00,7390.9497522546735
2019-10-26 10:30:00,7428.980023910465
2019-10-26 11:00:00,7468.838337619033
2019-10-26 11:30:00,7558.996199984749
2019-10-26 12:00:00,7610.533513524874
2019-10-26 12:30:00,7720.8296337861
2019-10-26 13:00:00,7804.924404200354
2019-10-26 13:30:00,7947.495343743992
2019-10-26 14:00:00,8099.90836789149
2019-10-26 14:30:00,8197.632638134062
2019-10-26 15:00:00,8369.525542380448
2019-10-26 15:30:00,8410.938395725512
2019-10-26 16:00:00,8556.079345242975
2019-10-26 16:30:00,8605.332248030816
2019-10-26 17:00:00,8532.976719620343
2019-10-26 17:30:00,8410.204513078517
2019-10-26 18:00:00,8410.545152079489
2019-10-26 18:30:00,8352.541541964261
2019-10-26 19:00:00,8290.519920705829
2019-10-26 19:30:00,8165.5883700909035
2019-10-26 20:00:00,7974.524938779264
2019-10-26 20:30:00,7836.148510857562
2019-10-26 21:00:00,7568.404965372532
2019-10-26 21:30:00,7467.35495602536
2019-10-26 22:00:00,7201.058985287753
2019-10-26 22:30:00,7216.477110442284
2019-10-26 23:00:00,7061.6077342018925
2019-10-26 23:30:00,6864.555705307326
2019-10-27 00:00:00,6843.6015389145305
2019-10-27 00:30:00,6672.642629040346
2019-10-27 01:00:00,6353.290830423556
2019-10-27 01:30:00,6169.3469581010395
2019-10-27 02:00:00,5836.487896171235
2019-10-27 02:30:00,5720.167759087119
2019-10-27 03:00:00,5550.640674373677
2019-10-27 03:30:00,5525.7921468259165
2019-10-27 04:00:00,5569.067846262409
2019-10-27 04:30:00,5574.577732733978
2019-10-27 05:00:00,5758.169940230942
2019-10-27 05:30:00,5851.562386868344
2019-10-27 06:00:00,6160.997937890474
2019-10-27 06:30:00,6304.73200009537
2019-10-27 07:00:00,6630.3179886906555
2019-10-27 07:30:00,6747.353469623756
2019-10-27 08:00:00,6870.172097469379
2019-10-27 08:30:00,7035.608807758648
2019-10-27 09:00:00,7043.214862574583
2019-10-27 09:30:00,7005.757191533778
2019-10-27 10:00:00,6933.242393564572
2019-10-27 10:30:00,6920.3505677625
2019-10-27 11:00:00,6833.033890879886
2019-10-27 11:30:00,6832.4754081244155
2019-10-27 12:00:00,6895.391568611656
2019-10-27 12:30:00,6941.837294484181
2019-10-27 13:00:00,6891.64614945088
2019-10-27 13:30:00,6890.548910117395
2019-10-27 14:00:00,6922.925121848573
2019-10-27 14:30:00,7016.059512403642
2019-10-27 15:00:00,7089.841819084992
2019-10-27 15:30:00,7213.074117552438
2019-10-27 16:00:00,7391.313307052697
2019-10-27 16:30:00,7433.535463238632
2019-10-27 17:00:00,7606.096886525496
2019-10-27 17:30:00,7686.2340015188865
2019-10-27 18:00:00,7754.936718154942
2019-10-27 18:30:00,7695.272777045619
2019-10-27 19:00:00,7686.23240174213
2019-10-27 19:30:00,7591.590286515693
2019-10-27 20:00:00,7420.027788624523
2019-10-27 20:30:00,7342.616381735085
2019-10-27 21:00:00,7125.207215820617
2019-10-27 21:30:00,7060.097289754154
2019-10-27 22:00:00,6886.9411408223805
2019-10-27 22:30:00,6844.205031352301
2019-10-27 23:00:00,6642.791538409535
2019-10-27 23:30:00,6523.741261383502
2019-10-28 00:00:00,7341.243585458506
2019-10-28 00:30:00,7224.815371522987
2019-10-28 01:00:00,7044.487833670115
2019-10-28 01:30:00,6870.2820264109
2019-10-28 02:00:00,6718.236896958165
2019-10-28 02:30:00,6609.045252027357
2019-10-28 03:00:00,6478.286781366391
2019-10-28 03:30:00,6480.12171781811
2019-10-28 04:00:00,6506.301393809043
2019-10-28 04:30:00,6505.393700138324
2019-10-28 05:00:00,6638.310198424861
2019-10-28 05:30:00,6697.684221228224
2019-10-28 06:00:00,6921.737885797485
2019-10-28 06:30:00,6981.925643279681
2019-10-28 07:00:00,7270.910243170974
2019-10-28 07:30:00,7327.3422271004065
2019-10-28 08:00:00,7438.230938307554
2019-10-28 08:30:00,7426.06233762985
2019-10-28 09:00:00,7403.452544593279
2019-10-28 09:30:00,7364.979103030351
2019-10-28 10:00:00,7293.287902828707
2019-10-28 10:30:00,7230.435711665193
2019-10-28 11:00:00,7192.885245576117
2019-10-28 11:30:00,7161.634078091209
2019-10-28 12:00:00,7103.180306948384
2019-10-28 12:30:00,7076.506528970457
2019-10-28 13:00:00,7042.658124780891
2019-10-28 13:30:00,7065.024705380341
2019-10-28 14:00:00,7133.866798578447
2019-10-28 14:30:00,7218.783338922105
2019-10-28 15:00:00,7367.098915133391
2019-10-28 15:30:00,7543.026973087784
2019-10-28 16:00:00,7749.514193843563
2019-10-28 16:30:00,7931.753559835011
2019-10-28 17:00:00,8188.7466282460455
2019-10-28 17:30:00,8347.756072371474
2019-10-28 18:00:00,8519.112286764126
2019-10-28 18:30:00,8602.178950450925
2019-10-28 19:00:00,8659.397328948466
2019-10-28 19:30:00,8649.364091395615
2019-10-28 20:00:00,8481.99790987255
2019-10-28 20:30:00,8360.436450766376
2019-10-28 21:00:00,8162.708077913591
2019-10-28 21:30:00,8078.92081619422
2019-10-28 22:00:00,7915.111796098144
2019-10-28 22:30:00,7913.995007654379
2019-10-28 23:00:00,7705.5123151675925
2019-10-28 23:30:00,7610.39318599705
2019-10-29 00:00:00,6976.926241025606
2019-10-29 00:30:00,6894.82919071061
2019-10-29 01:00:00,6724.893964414565
2019-10-29 01:30:00,6561.761968524187
2019-10-29 02:00:00,6302.472639281728
2019-10-29 02:30:00,6274.945383125958
2019-10-29 03:00:00,6164.63989196033
2019-10-29 03:30:00,6206.446131557615
2019-10-29 04:00:00,6270.139498828401
2019-10-29 04:30:00,6458.560565081879
2019-10-29 05:00:00,6701.027605236025
2019-10-29 05:30:00,6997.146886675635
2019-10-29 06:00:00,7433.729997903282
2019-10-29 06:30:00,7569.031683872959
2019-10-29 07:00:00,7758.552840808016
2019-10-29 07:30:00,7707.772664238526
2019-10-29 08:00:00,7735.238264846693
2019-10-29 08:30:00,7681.819103168203
2019-10-29 09:00:00,7741.001501935527
2019-10-29 09:30:00,7780.885099685596
2019-10-29 10:00:00,7739.818250860998
2019-10-29 10:30:00,7725.288270266907
2019-10-29 11:00:00,7668.689081407599
2019-10-29 11:30:00,7541.818949327518
2019-10-29 12:00:00,7509.59380444214
2019-10-29 12:30:00,7482.31736837177
2019-10-29 13:00:00,7539.962572853458
2019-10-29 13:30:00,7560.415552348796
2019-10-29 14:00:00,7578.023276513829
2019-10-29 14:30:00,7616.823929857106
2019-10-29 15:00:00,7767.417435360069
2019-10-29 15:30:00,7881.986086617176
2019-10-29 16:00:00,8073.527587257391
2019-10-29 16:30:00,8212.696573068653
2019-10-29 17:00:00,8403.371595069368
2019-10-29 17:30:00,8478.847224652618
2019-10-29 18:00:00,8601.957443103622
2019-10-29 18:30:00,8550.339373839879
2019-10-29 19:00:00,8574.990387657253
2019-10-29 19:30:00,8482.741514570831
2019-10-29 20:00:00,8288.878787619256
2019-10-29 20:30:00,8164.505719759803
2019-10-29 21:00:00,7894.184463588408
2019-10-29 21:30:00,7843.734771169512
2019-10-29 22:00:00,7642.601137245077
2019-10-29 22:30:00,7686.781246939271
2019-10-29 23:00:00,7522.34052981782
2019-10-29 23:30:00,7432.846599967182
2019-10-30 00:00:00,7208.24668264235
2019-10-30 00:30:00,7077.244135708592
2019-10-30 01:00:00,6838.752677209558
2019-10-30 01:30:00,6689.3191828703275
2019-10-30 02:00:00,6399.550872576616
2019-10-30 02:30:00,6283.877745989091
2019-10-30 03:00:00,6150.135688209015
2019-10-30 03:30:00,6154.366493892541
2019-10-30 04:00:00,6189.5831860244825
2019-10-30 04:30:00,6373.652879562511
2019-10-30 05:00:00,6651.311974579132
2019-10-30 05:30:00,6935.484240294604
2019-10-30 06:00:00,7390.387594984529
2019-10-30 06:30:00,7468.260898545756
2019-10-30 07:00:00,7747.752999275559
2019-10-30 07:30:00,7631.818544235458
2019-10-30 08:00:00,7668.92644616887
2019-10-30 08:30:00,7586.36142265287
2019-10-30 09:00:00,7578.615880920498
2019-10-30 09:30:00,7506.984729698309
2019-10-30 10:00:00,7490.581939875117
2019-10-30 10:30:00,7440.394735376519
2019-10-30 11:00:00,7410.395559891982
2019-10-30 11:30:00,7375.3266991532255
2019-10-30 12:00:00,7386.194110650109
2019-10-30 12:30:00,7383.793632513162
2019-10-30 13:00:00,7393.431348025257
2019-10-30 13:30:00,7464.567918006404
2019-10-30 14:00:00,7578.611145604414
2019-10-30 14:30:00,7650.579194628506
2019-10-30 15:00:00,7814.519363675572
2019-10-30 15:30:00,7952.288701666867
2019-10-30 16:00:00,8166.088706055131
2019-10-30 16:30:00,8293.291127031975
2019-10-30 17:00:00,8499.344530688211
2019-10-30 17:30:00,8475.735985707934
2019-10-30 18:00:00,8600.167010259334
2019-10-30 18:30:00,8561.930093855115
2019-10-30 19:00:00,8586.362149810717
2019-10-30 19:30:00,8501.473039852723
2019-10-30 20:00:00,8279.785257164036
2019-10-30 20:30:00,8143.2534517156055
2019-10-30 21:00:00,7911.74253490904
2019-10-30 21:30:00,7826.145140031819
2019-10-30 22:00:00,7615.816806527236
2019-10-30 22:30:00,7558.083565607687
2019-10-30 23:00:00,7414.612408357514
2019-10-30 23:30:00,7363.397765501897
2019-10-31 00:00:00,7176.817530507115
2019-10-31 00:30:00,7072.31415609366
2019-10-31 01:00:00,6848.574086075109
2019-10-31 01:30:00,6626.235613909235
2019-10-31 02:00:00,6372.8888326783035
2019-10-31 02:30:00,6230.660045120157
2019-10-31 03:00:00,6092.4238713906325
2019-10-31 03:30:00,6115.208818603349
2019-10-31 04:00:00,6158.56977341072
2019-10-31 04:30:00,6330.008324320805
2019-10-31 05:00:00,6583.4854513965365
2019-10-31 05:30:00,6879.039014083743
2019-10-31 06:00:00,7308.097619814065
2019-10-31 06:30:00,7455.046540113191
2019-10-31 07:00:00,7737.062313103659
2019-10-31 07:30:00,7740.557403482297
2019-10-31 08:00:00,7809.836479684682
2019-10-31 08:30:00,7753.620649458053
2019-10-31 09:00:00,7780.540542056311
2019-10-31 09:30:00,7791.729666273485
2019-10-31 10:00:00,7819.1428350240985
2019-10-31 10:30:00,7800.148150679567
2019-10-31 11:00:00,7759.185867769387
2019-10-31 11:30:00,7744.732101803072
2019-10-31 12:00:00,7756.0027626409055
2019-10-31 12:30:00,7830.03964618363
2019-10-31 13:00:00,7930.698565328011
2019-10-31 13:30:00,8048.19939237032
2019-10-31 14:00:00,8097.737333807656
2019-10-31 14:30:00,8215.344432955198
2019-10-31 15:00:00,8374.148729739814
2019-10-31 15:30:00,8469.974339083414
2019-10-31 16:00:00,8608.048070870202
2019-10-31 16:30:00,8666.524086024398
2019-10-31 17:00:00,8830.230334624814
2019-10-31 17:30:00,8751.104558315581
2019-10-31 18:00:00,8803.688100874813
2019-10-31 18:30:00,8752.72690519639
2019-10-31 19:00:00,8688.607214287493
2019-10-31 19:30:00,8531.051633474906
2019-10-31 20:00:00,8339.097430511034
2019-10-31 20:30:00,8187.53645432233
2019-10-31 21:00:00,7919.97475029186
2019-10-31 21:30:00,7851.010659842783
2019-10-31 22:00:00,7653.615877452626
2019-10-31 22:30:00,7639.860710383984
2019-10-31 23:00:00,7455.576907856572
2019-10-31 23:30:00,7382.871338781422
2019-11-01 00:00:00,7235.685446397428
2019-11-01 00:30:00,7106.719871758676
2019-11-01 01:00:00,6873.05219101406
2019-11-01 01:30:00,6665.3713254039585
2019-11-01 02:00:00,6390.98647388218
2019-11-01 02:30:00,6310.15619124188
2019-11-01 03:00:00,6131.552346888422
2019-11-01 03:30:00,6137.753596260731
2019-11-01 04:00:00,6194.04284799894
2019-11-01 04:30:00,6379.886203566052
2019-11-01 05:00:00,6633.2623127201405
2019-11-01 05:30:00,6962.271384647951
2019-11-01 06:00:00,7407.564477303432
2019-11-01 06:30:00,7610.199980205549
2019-11-01 07:00:00,7925.991238220039
2019-11-01 07:30:00,7918.564946485388
2019-11-01 08:00:00,7979.483429242365
2019-11-01 08:30:00,7933.072192685259
2019-11-01 09:00:00,7952.086329580142
2019-11-01 09:30:00,7943.196488511096
2019-11-01 10:00:00,7980.305997012655
2019-11-01 10:30:00,7977.009493039886
2019-11-01 11:00:00,7998.077785339005
2019-11-01 11:30:00,8036.194134711299
2019-11-01 12:00:00,8074.109161328052
2019-11-01 12:30:00,8176.317684431344
2019-11-01 13:00:00,8254.022305088973
2019-11-01 13:30:00,8353.9359768821
2019-11-01 14:00:00,8448.453467765772
2019-11-01 14:30:00,8564.269337587295
2019-11-01 15:00:00,8787.005497571974
2019-11-01 15:30:00,8881.746180695436
2019-11-01 16:00:00,9015.776025369669
2019-11-01 16:30:00,9053.012111456908
2019-11-01 17:00:00,9175.787774839955
2019-11-01 17:30:00,9058.03875480404
2019-11-01 18:00:00,9118.1788421514
2019-11-01 18:30:00,9015.013841135276
2019-11-01 19:00:00,8951.57565003839
2019-11-01 19:30:00,8818.17986096462
2019-11-01 20:00:00,8592.76046273859
2019-11-01 20:30:00,8457.967652936646
2019-11-01 21:00:00,8226.74665443604
2019-11-01 21:30:00,8085.676380634013
2019-11-01 22:00:00,7871.545294080723
2019-11-01 22:30:00,7736.476860899511
2019-11-01 23:00:00,7551.846474548644
2019-11-01 23:30:00,7424.691033067743
2019-11-02 00:00:00,6695.902570082306
2019-11-02 00:30:00,6572.3680401955535
2019-11-02 01:00:00,6327.76911424892
2019-11-02 01:30:00,6164.332259847443
2019-11-02 02:00:00,5876.506962856851
2019-11-02 02:30:00,5793.689314509283
2019-11-02 03:00:00,5626.125614554867
2019-11-02 03:30:00,5688.539889994834
2019-11-02 04:00:00,5685.529528811286
2019-11-02 04:30:00,5895.7810461779945
2019-11-02 05:00:00,6139.495304896557
2019-11-02 05:30:00,6459.589909528629
2019-11-02 06:00:00,6903.635783619693
2019-11-02 06:30:00,7021.883816734613
2019-11-02 07:00:00,7296.633608521363
2019-11-02 07:30:00,7288.67824623025
2019-11-02 08:00:00,7404.644182369009
2019-11-02 08:30:00,7348.984207806056
2019-11-02 09:00:00,7394.185245646031
2019-11-02 09:30:00,7356.791476119653
2019-11-02 10:00:00,7364.720633468283
2019-11-02 10:30:00,7370.109952907928
2019-11-02 11:00:00,7365.298829864849
2019-11-02 11:30:00,7364.641956279529
2019-11-02 12:00:00,7381.418071750968
2019-11-02 12:30:00,7430.829817445669
2019-11-02 13:00:00,7497.605819993076
2019-11-02 13:30:00,7596.586994821616
2019-11-02 14:00:00,7681.602300522245
2019-11-02 14:30:00,7793.986804412384
2019-11-02 15:00:00,8006.807666784344
2019-11-02 15:30:00,8144.697571807563
2019-11-02 16:00:00,8306.87442981567
2019-11-02 16:30:00,8371.916022529742
2019-11-02 17:00:00,8444.039957650604
2019-11-02 17:30:00,8330.106003776744
2019-11-02 18:00:00,8308.79079712211
2019-11-02 18:30:00,8224.65432448749
2019-11-02 19:00:00,8141.461752792941
2019-11-02 19:30:00,8059.762874702483
2019-11-02 20:00:00,7836.697620395905
2019-11-02 20:30:00,7720.485737230366
2019-11-02 21:00:00,7454.623930625822
2019-11-02 21:30:00,7418.600573787579
2019-11-02 22:00:00,7232.316719173476
2019-11-02 22:30:00,7218.357711515378
2019-11-02 23:00:00,7024.507822290496
2019-11-02 23:30:00,6921.829521240031
2019-11-03 00:00:00,6959.106907879017
2019-11-03 00:30:00,6828.478375154376
2019-11-03 01:00:00,6539.303326169533
2019-11-03 01:30:00,6304.405317098352
2019-11-03 02:00:00,6045.103674742546
2019-11-03 02:30:00,5947.89616194309
2019-11-03 03:00:00,5803.463993024845
2019-11-03 03:30:00,5772.74650500154
2019-11-03 04:00:00,5775.5482617088655
2019-11-03 04:30:00,5823.312166589994
2019-11-03 05:00:00,5937.763051088463
2019-11-03 05:30:00,6040.578841189336
2019-11-03 06:00:00,6331.312253264688
2019-11-03 06:30:00,6456.860756898747
2019-11-03 07:00:00,6789.452043523623
2019-11-03 07:30:00,6903.265430365561
2019-11-03 08:00:00,7071.944048009753
2019-11-03 08:30:00,7094.07673054229
2019-11-03 09:00:00,7072.482708027838
2019-11-03 09:30:00,7079.263794012067
2019-11-03 10:00:00,7058.649747615629
2019-11-03 10:30:00,7061.972859628437
2019-11-03 11:00:00,7201.634141186936
2019-11-03 11:30:00,7173.9197893930195
2019-11-03 12:00:00,7157.9069552307255
2019-11-03 12:30:00,7219.8169634081005
2019-11-03 13:00:00,7288.43052949902
2019-11-03 13:30:00,7336.07124025643
2019-11-03 14:00:00,7412.405976728235
2019-11-03 14:30:00,7533.289208392641
2019-11-03 15:00:00,7665.200946404731
2019-11-03 15:30:00,7776.7221090283
2019-11-03 16:00:00,7965.260473439125
2019-11-03 16:30:00,7983.116193137817
2019-11-03 17:00:00,8101.680599947617
2019-11-03 17:30:00,8048.827802299981
2019-11-03 18:00:00,8104.481009694827
2019-11-03 18:30:00,8053.0252327753615
2019-11-03 19:00:00,8083.810967358822
2019-11-03 19:30:00,7979.319906058714
2019-11-03 20:00:00,7785.506140416429
2019-11-03 20:30:00,7675.126569530494
2019-11-03 21:00:00,7448.333158373113
2019-11-03 21:30:00,7367.640364783223
2019-11-03 22:00:00,7176.402479361227
2019-11-03 22:30:00,7164.108879813635
2019-11-03 23:00:00,6941.55104447479
2019-11-03 23:30:00,6858.747691053913
2019-11-04 00:00:00,7602.788191277861
2019-11-04 00:30:00,7518.809402082379
2019-11-04 01:00:00,7273.039649266281
2019-11-04 01:30:00,7078.774425831126
2019-11-04 02:00:00,6832.000281089826
2019-11-04 02:30:00,6743.7215305128
2019-11-04 03:00:00,6661.570756889254
2019-11-04 03:30:00,6621.274869055131
2019-11-04 04:00:00,6633.788082785719
2019-11-04 04:30:00,6628.221530796655
2019-11-04 05:00:00,6747.963343904919
2019-11-04 05:30:00,6752.029230152373
2019-11-04 06:00:00,6973.239423744728
2019-11-04 06:30:00,7078.600885241165
2019-11-04 07:00:00,7366.551970246227
2019-11-04 07:30:00,7449.128484529947
2019-11-04 08:00:00,7693.939428275535
2019-11-04 08:30:00,7742.416049913853
2019-11-04 09:00:00,7810.044942775912
2019-11-04 09:30:00,7821.386496248636
2019-11-04 10:00:00,7867.705644535484
2019-11-04 10:30:00,7938.507298528074
2019-11-04 11:00:00,8015.69548024859
2019-11-04 11:30:00,8128.042867731513
2019-11-04 12:00:00,8176.904902101049
2019-11-04 12:30:00,8321.424109131394
2019-11-04 13:00:00,8384.151147449835
2019-11-04 13:30:00,8358.094499558218
2019-11-04 14:00:00,8376.86534638451
2019-11-04 14:30:00,8658.364960021187
2019-11-04 15:00:00,8804.809305719162
2019-11-04 15:30:00,8787.87621989633
2019-11-04 16:00:00,8778.47901975729
2019-11-04 16:30:00,8825.064861772018
2019-11-04 17:00:00,8927.946028415197
2019-11-04 17:30:00,8967.2801841529
2019-11-04 18:00:00,9060.292494691526
2019-11-04 18:30:00,9103.058016360614
2019-11-04 19:00:00,9096.769957201115
2019-11-04 19:30:00,8974.984286049577
2019-11-04 20:00:00,8792.436504530691
2019-11-04 20:30:00,8686.41554235714
2019-11-04 21:00:00,8405.723505552543
2019-11-04 21:30:00,8280.84599336332
2019-11-04 22:00:00,8105.371012173139
2019-11-04 22:30:00,8045.434074776343
2019-11-04 23:00:00,7815.11322696812
2019-11-04 23:30:00,7695.546192498971
2019-11-05 00:00:00,7152.541051943337
2019-11-05 00:30:00,7035.042851992821
2019-11-05 01:00:00,6803.908529530421
2019-11-05 01:30:00,6615.728597340791
2019-11-05 02:00:00,6357.3443346772565
2019-11-05 02:30:00,6330.4836381283585
2019-11-05 03:00:00,6185.492986454643
2019-11-05 03:30:00,6224.989434536625
2019-11-05 04:00:00,6273.7618849857145
2019-11-05 04:30:00,6450.801477200284
2019-11-05 05:00:00,6729.717476802873
2019-11-05 05:30:00,7045.965153049265
2019-11-05 06:00:00,7528.137884879801
2019-11-05 06:30:00,7674.277502338056
2019-11-05 07:00:00,7972.6092310650465
2019-11-05 07:30:00,7952.849596283794
2019-11-05 08:00:00,8066.407173010224
2019-11-05 08:30:00,8060.577310755239
2019-11-05 09:00:00,8018.178647805582
2019-11-05 09:30:00,7965.935744247322
2019-11-05 10:00:00,8034.329104803041
2019-11-05 10:30:00,7984.759675669202
2019-11-05 11:00:00,8018.008881759371
2019-11-05 11:30:00,7952.694292757827
2019-11-05 12:00:00,7850.916517190444
2019-11-05 12:30:00,7838.027318480167
2019-11-05 13:00:00,7817.449186139754
2019-11-05 13:30:00,7868.981177686993
2019-11-05 14:00:00,7904.23289968588
2019-11-05 14:30:00,7982.830250717098
2019-11-05 15:00:00,8141.949269101542
2019-11-05 15:30:00,8277.75079049585
2019-11-05 16:00:00,8413.8663917072
2019-11-05 16:30:00,8549.648363991228
2019-11-05 17:00:00,8749.350716111398
2019-11-05 17:30:00,8707.790687694373
2019-11-05 18:00:00,8760.799655796629
2019-11-05 18:30:00,8697.972267926983
2019-11-05 19:00:00,8734.321927407713
2019-11-05 19:30:00,8713.180389170606
2019-11-05 20:00:00,8495.863528307651
2019-11-05 20:30:00,8325.27600555079
2019-11-05 21:00:00,8013.057177882018
2019-11-05 21:30:00,7943.7900336680095
2019-11-05 22:00:00,7757.897115281509
2019-11-05 22:30:00,7768.32654324555
2019-11-05 23:00:00,7581.278111460802
2019-11-05 23:30:00,7572.489465380576
2019-11-06 00:00:00,7233.511976962362
2019-11-06 00:30:00,7103.810687018721
2019-11-06 01:00:00,6871.08256216845
2019-11-06 01:30:00,6673.3169941710685
2019-11-06 02:00:00,6409.641802897739
2019-11-06 02:30:00,6283.507386122546
2019-11-06 03:00:00,6153.8977431961475
2019-11-06 03:30:00,6175.130613333347
2019-11-06 04:00:00,6267.3821245543395
2019-11-06 04:30:00,6438.013999715349
2019-11-06 05:00:00,6699.888836643704
2019-11-06 05:30:00,7000.704092808874
2019-11-06 06:00:00,7407.8437196848445
2019-11-06 06:30:00,7583.2080407001795
2019-11-06 07:00:00,7877.3115908354375
2019-11-06 07:30:00,7810.464473868657
2019-11-06 08:00:00,7945.838206781625
2019-11-06 08:30:00,7971.695445921749
2019-11-06 09:00:00,8016.375294480644
2019-11-06 09:30:00,8004.846645369773
2019-11-06 10:00:00,7920.246697347571
2019-11-06 10:30:00,7873.530602279366
2019-11-06 11:00:00,7789.810033697033
2019-11-06 11:30:00,7634.873711815991
2019-11-06 12:00:00,7459.236462322479
2019-11-06 12:30:00,7404.740255699234
2019-11-06 13:00:00,7348.281509754575
2019-11-06 13:30:00,7350.165875726856
2019-11-06 14:00:00,7326.360923614001
2019-11-06 14:30:00,7245.899400999231
2019-11-06 15:00:00,7425.077835559615
2019-11-06 15:30:00,7542.613151917345
2019-11-06 16:00:00,7747.32671064404
2019-11-06 16:30:00,7872.022381378705
2019-11-06 17:00:00,8129.492463733845
2019-11-06 17:30:00,8217.02581298443
2019-11-06 18:00:00,8395.028251402695
2019-11-06 18:30:00,8423.605944463181
2019-11-06 19:00:00,8509.040314925438
2019-11-06 19:30:00,8491.352141754613
2019-11-06 20:00:00,8293.71607395334
2019-11-06 20:30:00,8166.715688819782
2019-11-06 21:00:00,7886.533173461369
2019-11-06 21:30:00,7862.452223442125
2019-11-06 22:00:00,7747.7057381255
2019-11-06 22:30:00,7728.509840283306
2019-11-06 23:00:00,7564.684271434821
2019-11-06 23:30:00,7492.935180272503
2019-11-07 00:00:00,7416.572006034121
2019-11-07 00:30:00,7247.049860387118
2019-11-07 01:00:00,6999.093333112258
2019-11-07 01:30:00,6794.0123543905975
2019-11-07 02:00:00,6502.844396276918
2019-11-07 02:30:00,6373.908056769998
2019-11-07 03:00:00,6236.17370027845
2019-11-07 03:30:00,6221.611857460732
2019-11-07 04:00:00,6296.359486990075
2019-11-07 04:30:00,6398.917221008616
2019-11-07 05:00:00,6632.440558735191
2019-11-07 05:30:00,6975.212033728578
2019-11-07 06:00:00,7406.816310854464
2019-11-07 06:30:00,7502.929034345054
2019-11-07 07:00:00,7688.445579455292
2019-11-07 07:30:00,7578.5155921278
2019-11-07 08:00:00,7537.599565990604
2019-11-07 08:30:00,7413.316830618441
2019-11-07 09:00:00,7377.364982942904
2019-11-07 09:30:00,7254.843596486478
2019-11-07 10:00:00,7251.534023030197
2019-11-07 10:30:00,7167.308845587279
2019-11-07 11:00:00,7140.6106059134745
2019-11-07 11:30:00,7136.684658741049
2019-11-07 12:00:00,7100.553115793525
2019-11-07 12:30:00,7099.313133226043
2019-11-07 13:00:00,7154.473763667626
2019-11-07 13:30:00,7228.101966618637
2019-11-07 14:00:00,7258.647850803234
2019-11-07 14:30:00,7331.727434087503
2019-11-07 15:00:00,7526.639360680694
2019-11-07 15:30:00,7739.15386713394
2019-11-07 16:00:00,7936.564328249701
2019-11-07 16:30:00,8115.537247745839
2019-11-07 17:00:00,8359.244927035403
2019-11-07 17:30:00,8453.803768704307
2019-11-07 18:00:00,8582.271444371328
2019-11-07 18:30:00,8546.233792606396
2019-11-07 19:00:00,8538.465439161191
2019-11-07 19:30:00,8528.410025406267
2019-11-07 20:00:00,8286.98560648403
2019-11-07 20:30:00,8145.398575238886
2019-11-07 21:00:00,7855.005589778205
2019-11-07 21:30:00,7784.548069584452
2019-11-07 22:00:00,7488.14368256729
2019-11-07 22:30:00,7457.691309556074
2019-11-07 23:00:00,7289.70589546825
2019-11-07 23:30:00,7177.65566228822
2019-11-08 00:00:00,6950.231630566016
2019-11-08 00:30:00,6884.334577860757
2019-11-08 01:00:00,6646.357249713045
2019-11-08 01:30:00,6476.153427186854
2019-11-08 02:00:00,6191.397795031875
2019-11-08 02:30:00,6092.283740058065
2019-11-08 03:00:00,5982.244009182978
2019-11-08 03:30:00,5967.802733397183
2019-11-08 04:00:00,6029.302090212272
2019-11-08 04:30:00,6212.220505991116
2019-11-08 05:00:00,6492.890618512509
2019-11-08 05:30:00,6806.221059178837
2019-11-08 06:00:00,7248.670503790237
2019-11-08 06:30:00,7411.974478046444
2019-11-08 07:00:00,7667.078143154108
2019-11-08 07:30:00,7711.01449169266
2019-11-08 08:00:00,7743.7417857787905
2019-11-08 08:30:00,7695.089736337222
2019-11-08 09:00:00,7730.832941398305
2019-11-08 09:30:00,7682.554906165854
2019-11-08 10:00:00,7708.533937781081
2019-11-08 10:30:00,7693.391436005818
2019-11-08 11:00:00,7690.447933983709
2019-11-08 11:30:00,7647.694080149518
2019-11-08 12:00:00,7629.770094907731
2019-11-08 12:30:00,7658.731488198888
2019-11-08 13:00:00,7691.643477981151
2019-11-08 13:30:00,7841.014070218754
2019-11-08 14:00:00,7905.785668264267
2019-11-08 14:30:00,8011.6542011822685
2019-11-08 15:00:00,8183.659791185195
2019-11-08 15:30:00,8330.633514778188
2019-11-08 16:00:00,8460.185343175835
2019-11-08 16:30:00,8578.667451424844
2019-11-08 17:00:00,8775.073944850696
2019-11-08 17:30:00,8776.222772585263
2019-11-08 18:00:00,8892.184949772678
2019-11-08 18:30:00,8800.785123026133
2019-11-08 19:00:00,8853.614030000464
2019-11-08 19:30:00,8816.112828901136
2019-11-08 20:00:00,8533.03640438333
2019-11-08 20:30:00,8364.748987120223
2019-11-08 21:00:00,8032.913267904197
2019-11-08 21:30:00,7975.03547900448
2019-11-08 22:00:00,7752.905500101553
2019-11-08 22:30:00,7713.726400711194
2019-11-08 23:00:00,7522.346145321277
2019-11-08 23:30:00,7380.759114076133
2019-11-09 00:00:00,6708.094912750132
2019-11-09 00:30:00,6582.681271074689
2019-11-09 01:00:00,6310.082683933319
2019-11-09 01:30:00,6128.655247874534
2019-11-09 02:00:00,5818.341980906943
2019-11-09 02:30:00,5685.766985441763
2019-11-09 03:00:00,5532.991145096596
2019-11-09 03:30:00,5531.296324787081
2019-11-09 04:00:00,5552.935082399799
2019-11-09 04:30:00,5680.643752452583
2019-11-09 05:00:00,5924.060211589802
2019-11-09 05:30:00,6234.207656385528
2019-11-09 06:00:00,6671.422837904627
2019-11-09 06:30:00,6802.3907184557875
2019-11-09 07:00:00,7075.851743432943
2019-11-09 07:30:00,7098.520732518875
2019-11-09 08:00:00,7163.638158735752
2019-11-09 08:30:00,7179.567610082634
2019-11-09 09:00:00,7200.980243301117
2019-11-09 09:30:00,7167.404167028589
2019-11-09 10:00:00,7205.2689399453175
2019-11-09 10:30:00,7234.171040627186
2019-11-09 11:00:00,7182.132319256373
2019-11-09 11:30:00,7186.4810648800285
2019-11-09 12:00:00,7210.626629501448
2019-11-09 12:30:00,7219.107789978781
2019-11-09 13:00:00,7300.1425815789735
2019-11-09 13:30:00,7393.950767737848
2019-11-09 14:00:00,7413.398682538188
2019-11-09 14:30:00,7352.123371744059
2019-11-09 15:00:00,7675.383097611243
2019-11-09 15:30:00,7775.564511508257
2019-11-09 16:00:00,7933.389996800915
2019-11-09 16:30:00,8031.001581286946
2019-11-09 17:00:00,8118.201489576848
2019-11-09 17:30:00,8046.094146756177
2019-11-09 18:00:00,8022.818359501489
2019-11-09 18:30:00,7985.422785228943
2019-11-09 19:00:00,7936.898452023995
2019-11-09 19:30:00,7919.68531098393
2019-11-09 20:00:00,7717.449677473603
2019-11-09 20:30:00,7550.940531144718
2019-11-09 21:00:00,7258.0089332182315
2019-11-09 21:30:00,7264.229731700821
2019-11-09 22:00:00,7108.803481252227
2019-11-09 22:30:00,7086.591957000122
2019-11-09 23:00:00,6925.063866553595
2019-11-09 23:30:00,6794.794407832932
2019-11-10 00:00:00,6838.493120318651
2019-11-10 00:30:00,6734.2555061957355
2019-11-10 01:00:00,6450.05666422086
2019-11-10 01:30:00,6238.782317402272
2019-11-10 02:00:00,5956.54049441923
2019-11-10 02:30:00,5863.878508903128
2019-11-10 03:00:00,5680.166222672882
2019-11-10 03:30:00,5711.577700688722
2019-11-10 04:00:00,5702.4396776688445
2019-11-10 04:30:00,5812.00533680877
2019-11-10 05:00:00,5924.345661476253
2019-11-10 05:30:00,6061.3819112544525
2019-11-10 06:00:00,6359.50449865724
2019-11-10 06:30:00,6434.17327542424
2019-11-10 07:00:00,6734.440958524592
2019-11-10 07:30:00,6720.8382207115
2019-11-10 08:00:00,6896.765897540925
2019-11-10 08:30:00,6822.293725366449
2019-11-10 09:00:00,6766.590124185043
2019-11-10 09:30:00,6706.721520140639
2019-11-10 10:00:00,6652.067050775264
2019-11-10 10:30:00,6586.307310053239
2019-11-10 11:00:00,6581.01409594964
2019-11-10 11:30:00,6380.112334510423
2019-11-10 12:00:00,6276.50948558005
2019-11-10 12:30:00,6251.609546698383
2019-11-10 13:00:00,6159.053679312326
2019-11-10 13:30:00,6158.091947215906
2019-11-10 14:00:00,6183.691504800818
2019-11-10 14:30:00,6240.6597952836455
2019-11-10 15:00:00,6409.049727876012
2019-11-10 15:30:00,6559.115292506694
2019-11-10 16:00:00,6761.423118912851
2019-11-10 16:30:00,6886.202240272226
2019-11-10 17:00:00,7156.027841876042
2019-11-10 17:30:00,7299.363731856401
2019-11-10 18:00:00,7467.517401268169
2019-11-10 18:30:00,7556.352007508871
2019-11-10 19:00:00,7626.41523231254
2019-11-10 19:30:00,7583.989235537149
2019-11-10 20:00:00,7407.1890251162595
2019-11-10 20:30:00,7302.4249675286765
2019-11-10 21:00:00,7119.142479366824
2019-11-10 21:30:00,7088.228209683819
2019-11-10 22:00:00,6934.0270015975675
2019-11-10 22:30:00,6928.652622363063
2019-11-10 23:00:00,6750.675696034744
2019-11-10 23:30:00,6694.77015556998
2019-11-11 00:00:00,7469.389983466561
2019-11-11 00:30:00,7378.9492617246415
2019-11-11 01:00:00,7152.8967730989925
2019-11-11 01:30:00,6967.464548148212
2019-11-11 02:00:00,6724.689938115319
2019-11-11 02:30:00,6646.196232097537
2019-11-11 03:00:00,6511.307973674689
2019-11-11 03:30:00,6519.52401913993
2019-11-11 04:00:00,6503.69541969029
2019-11-11 04:30:00,6533.537076266503
2019-11-11 05:00:00,6606.639008934337
2019-11-11 05:30:00,6666.9082352278965
2019-11-11 06:00:00,6964.728414144203
2019-11-11 06:30:00,7002.212693225047
2019-11-11 07:00:00,7255.72255594484
2019-11-11 07:30:00,7333.448684434105
2019-11-11 08:00:00,7481.6202841572585
2019-11-11 08:30:00,7452.3167388806105
2019-11-11 09:00:00,7487.287757508037
2019-11-11 09:30:00,7437.629623565901
2019-11-11 10:00:00,7395.512337836584
2019-11-11 10:30:00,7351.302993010558
2019-11-11 11:00:00,7336.731628702103
2019-11-11 11:30:00,7304.5800035434095
2019-11-11 12:00:00,7222.175535434815
2019-11-11 12:30:00,7191.551184057769
2019-11-11 13:00:00,7168.26246088572
2019-11-11 13:30:00,7160.464782033747
2019-11-11 14:00:00,7264.199148699639
2019-11-11 14:30:00,7315.8888236860175
2019-11-11 15:00:00,7464.25400648504
2019-11-11 15:30:00,7589.6287270071
2019-11-11 16:00:00,7780.665960384721
2019-11-11 16:30:00,7985.680587567334
2019-11-11 17:00:00,8215.242163560653
2019-11-11 17:30:00,8436.173928976803
2019-11-11 18:00:00,8606.327277209186
2019-11-11 18:30:00,8676.876129303031
2019-11-11 19:00:00,8686.711853125495
2019-11-11 19:30:00,8720.285302306229
2019-11-11 20:00:00,8603.538809754546
2019-11-11 20:30:00,8520.900375769741
2019-11-11 21:00:00,8298.495453735026
2019-11-11 21:30:00,8191.744030440173
2019-11-11 22:00:00,8030.318566462559
2019-11-11 22:30:00,8001.9598312638445
2019-11-11 23:00:00,7826.511831379779
2019-11-11 23:30:00,7705.195938175415
2019-11-12 00:00:00,7114.258692301704
2019-11-12 00:30:00,7013.703264195572
2019-11-12 01:00:00,6816.4180142931755
2019-11-12 01:30:00,6657.47509877397
2019-11-12 02:00:00,6412.361285026765
2019-11-12 02:30:00,6354.792786476111
2019-11-12 03:00:00,6241.100281783249
2019-11-12 03:30:00,6251.234537257741
2019-11-12 04:00:00,6277.738797937231
2019-11-12 04:30:00,6505.510941946898
2019-11-12 05:00:00,6727.908879903552
2019-11-12 05:30:00,7105.663137919191
2019-11-12 06:00:00,7527.964638613529
2019-11-12 06:30:00,7657.56934247349
2019-11-12 07:00:00,7918.748435737951
2019-11-12 07:30:00,7891.840759693109
2019-11-12 08:00:00,7936.876593531972
2019-11-12 08:30:00,7794.45545615209
2019-11-12 09:00:00,7761.302904116487
2019-11-12 09:30:00,7715.900379151745
2019-11-12 10:00:00,7691.318837337703
2019-11-12 10:30:00,7595.087351561359
2019-11-12 11:00:00,7545.567693546072
2019-11-12 11:30:00,7548.086111623148
2019-11-12 12:00:00,7491.9199557935535
2019-11-12 12:30:00,7560.8157128902385
2019-11-12 13:00:00,7588.889629991393
2019-11-12 13:30:00,7687.004836461568
2019-11-12 14:00:00,7758.794045650018
2019-11-12 14:30:00,7864.490600202189
2019-11-12 15:00:00,8045.22111183809
2019-11-12 15:30:00,8214.94529332838
2019-11-12 16:00:00,8428.888040950642
2019-11-12 16:30:00,8612.763579920766
2019-11-12 17:00:00,8810.107179216344
2019-11-12 17:30:00,8824.137969664254
2019-11-12 18:00:00,8959.50268944229
2019-11-12 18:30:00,8837.704705177406
2019-11-12 19:00:00,8797.528475237345
2019-11-12 19:30:00,8765.256283046727
2019-11-12 20:00:00,8550.71654162163
2019-11-12 20:30:00,8383.004529132477
2019-11-12 21:00:00,8056.064193393504
2019-11-12 21:30:00,8001.971413178385
2019-11-12 22:00:00,7807.730391526999
2019-11-12 22:30:00,7807.351945479917
2019-11-12 23:00:00,7617.366729004827
2019-11-12 23:30:00,7507.705306126846
2019-11-13 00:00:00,7278.537148470858
2019-11-13 00:30:00,7124.043996496952
2019-11-13 01:00:00,6896.023691274313
2019-11-13 01:30:00,6673.446712136387
2019-11-13 02:00:00,6404.992095512788
2019-11-13 02:30:00,6284.815166954263
2019-11-13 03:00:00,6184.8973784403215
2019-11-13 03:30:00,6195.447373436286
2019-11-13 04:00:00,6223.344045938809
2019-11-13 04:30:00,6411.137650805976
2019-11-13 05:00:00,6552.855108286087
2019-11-13 05:30:00,6853.456015494622
2019-11-13 06:00:00,7309.800743316867
2019-11-13 06:30:00,7375.837735097153
2019-11-13 07:00:00,7593.522827384571
2019-11-13 07:30:00,7600.640634103526
2019-11-13 08:00:00,7645.365532902075
2019-11-13 08:30:00,7666.248369778401
2019-11-13 09:00:00,7746.437444824217
2019-11-13 09:30:00,7777.139815575207
2019-11-13 10:00:00,7831.531620814848
2019-11-13 10:30:00,7882.089390085145
2019-11-13 11:00:00,7947.504516260699
2019-11-13 11:30:00,7971.201766049275
2019-11-13 12:00:00,8051.91943074233
2019-11-13 12:30:00,8176.7969429315535
2019-11-13 13:00:00,8268.930349194454
2019-11-13 13:30:00,8415.751643531898
2019-11-13 14:00:00,8582.942841267093
2019-11-13 14:30:00,8793.349414981147
2019-11-13 15:00:00,9052.069188305059
2019-11-13 15:30:00,9229.959808672853
2019-11-13 16:00:00,9459.861419841005
2019-11-13 16:30:00,9595.916388412505
2019-11-13 17:00:00,9762.812868880455
2019-11-13 17:30:00,9678.529044106697
2019-11-13 18:00:00,9626.011631276444
2019-11-13 18:30:00,9564.925883157339
2019-11-13 19:00:00,9384.610071633668
2019-11-13 19:30:00,9188.903652133367
2019-11-13 20:00:00,8910.58710385555
2019-11-13 20:30:00,8583.951724957473
2019-11-13 21:00:00,8160.890784452527
2019-11-13 21:30:00,7976.366253172466
2019-11-13 22:00:00,7739.964349757781
2019-11-13 22:30:00,7661.962597889246
2019-11-13 23:00:00,7429.809440721099
2019-11-13 23:30:00,7351.05505152919
2019-11-14 00:00:00,7252.163957081116
2019-11-14 00:30:00,7093.425059218543
2019-11-14 01:00:00,6862.76314179511
2019-11-14 01:30:00,6666.736746511392
2019-11-14 02:00:00,6396.075806318752
2019-11-14 02:30:00,6305.662514962496
2019-11-14 03:00:00,6187.173662900879
2019-11-14 03:30:00,6198.168632550148
2019-11-14 04:00:00,6243.84924196155
2019-11-14 04:30:00,6424.97444660103
2019-11-14 05:00:00,6651.758246588554
2019-11-14 05:30:00,6929.269171006097
2019-11-14 06:00:00,7344.560119487256
2019-11-14 06:30:00,7473.154307008684
2019-11-14 07:00:00,7719.144741347564
2019-11-14 07:30:00,7635.3548525363985
2019-11-14 08:00:00,7665.051580007476
2019-11-14 08:30:00,7603.68756440505
2019-11-14 09:00:00,7545.917755796806
2019-11-14 09:30:00,7478.520037349937
2019-11-14 10:00:00,7428.47481971517
2019-11-14 10:30:00,7392.9140048271665
2019-11-14 11:00:00,7309.977935791835
2019-11-14 11:30:00,7286.04941502814
2019-11-14 12:00:00,7212.335202169923
2019-11-14 12:30:00,7230.222784092241
2019-11-14 13:00:00,7230.671054207777
2019-11-14 13:30:00,7255.603032380247
2019-11-14 14:00:00,7334.102367108739
2019-11-14 14:30:00,7372.435692529461
2019-11-14 15:00:00,7553.680334516684
2019-11-14 15:30:00,7699.333252009281
2019-11-14 16:00:00,7881.09957117898
2019-11-14 16:30:00,8058.018773428802
2019-11-14 17:00:00,8315.075743354264
2019-11-14 17:30:00,8347.229995604752
2019-11-14 18:00:00,8476.241036754927
2019-11-14 18:30:00,8450.937671465135
2019-11-14 19:00:00,8460.197990513643
2019-11-14 19:30:00,8491.845348409743
2019-11-14 20:00:00,8306.311352679952
2019-11-14 20:30:00,8189.595847530268
2019-11-14 21:00:00,7913.382809402804
2019-11-14 21:30:00,7833.469906454776
2019-11-14 22:00:00,7709.536602833387
2019-11-14 22:30:00,7688.033363500508
2019-11-14 23:00:00,7504.794743694225
2019-11-14 23:30:00,7409.770555916112
2019-11-15 00:00:00,7186.717989222513
2019-11-15 00:30:00,7106.633107908654
2019-11-15 01:00:00,6888.629940566005
2019-11-15 01:30:00,6653.7045011091595
2019-11-15 02:00:00,6350.523175732296
2019-11-15 02:30:00,6326.420049510977
2019-11-15 03:00:00,6196.743877978355
2019-11-15 03:30:00,6188.64314536145
2019-11-15 04:00:00,6272.403633016381
2019-11-15 04:30:00,6480.106674828556
2019-11-15 05:00:00,6729.689894022665
2019-11-15 05:30:00,7012.294965390304
2019-11-15 06:00:00,7409.964092239685
2019-11-15 06:30:00,7580.073955773989
2019-11-15 07:00:00,7810.671068252208
2019-11-15 07:30:00,7722.276359548398
2019-11-15 08:00:00,7740.340792895167
2019-11-15 08:30:00,7683.438853951387
2019-11-15 09:00:00,7687.382271860818
2019-11-15 09:30:00,7612.361480019599
2019-11-15 10:00:00,7532.154630025201
2019-11-15 10:30:00,7490.909323208005
2019-11-15 11:00:00,7435.392433477041
2019-11-15 11:30:00,7358.851426783932
2019-11-15 12:00:00,7336.95994612454
2019-11-15 12:30:00,7385.5136047362585
2019-11-15 13:00:00,7357.197086153159
2019-11-15 13:30:00,7429.317564432801
2019-11-15 14:00:00,7529.551586536469
2019-11-15 14:30:00,7549.249301616637
2019-11-15 15:00:00,7772.988919010091
2019-11-15 15:30:00,7842.357081145743
2019-11-15 16:00:00,8081.510057411537
2019-11-15 16:30:00,8249.271676488426
2019-11-15 17:00:00,8476.774281051841
2019-11-15 17:30:00,8479.369559035142
2019-11-15 18:00:00,8577.254608637473
2019-11-15 18:30:00,8520.148829104235
2019-11-15 19:00:00,8588.684780126256
2019-11-15 19:30:00,8614.411766212903
2019-11-15 20:00:00,8391.267670186757
2019-11-15 20:30:00,8282.76738815669
2019-11-15 21:00:00,7999.716598527501
2019-11-15 21:30:00,7919.400446238524
2019-11-15 22:00:00,7745.516463277244
2019-11-15 22:30:00,7689.455866465136
2019-11-15 23:00:00,7521.155730777482
2019-11-15 23:30:00,7433.2094461643965
2019-11-16 00:00:00,6675.692606009166
2019-11-16 00:30:00,6554.969684875694
2019-11-16 01:00:00,6267.713491178551
2019-11-16 01:30:00,6100.963210785819
2019-11-16 02:00:00,5826.922493062877
2019-11-16 02:30:00,5727.6044204324335
2019-11-16 03:00:00,5573.864220899053
2019-11-16 03:30:00,5609.954106343519
2019-11-16 04:00:00,5625.155734703669
2019-11-16 04:30:00,5824.758866244563
2019-11-16 05:00:00,6028.484722731897
2019-11-16 05:30:00,6291.084593416473
2019-11-16 06:00:00,6670.59314205606
2019-11-16 06:30:00,6766.139501515797
2019-11-16 07:00:00,7034.530360491099
2019-11-16 07:30:00,7026.333864136137
2019-11-16 08:00:00,7051.479810140272
2019-11-16 08:30:00,7076.4833940353765
2019-11-16 09:00:00,7051.10371755788
2019-11-16 09:30:00,6995.8913447400255
2019-11-16 10:00:00,7041.646933154991
2019-11-16 10:30:00,6988.5158850362905
2019-11-16 11:00:00,6997.809139977102
2019-11-16 11:30:00,6956.69869511852
2019-11-16 12:00:00,7017.836584671536
2019-11-16 12:30:00,7078.376180160776
2019-11-16 13:00:00,7166.714069371902
2019-11-16 13:30:00,7230.862263341945
2019-11-16 14:00:00,7334.30145751829
2019-11-16 14:30:00,7486.699166933526
2019-11-16 15:00:00,7676.4965751207155
2019-11-16 15:30:00,7791.41624203924
2019-11-16 16:00:00,7988.782350750852
2019-11-16 16:30:00,8136.841000563984
2019-11-16 17:00:00,8320.149200506514
2019-11-16 17:30:00,8204.73938418491
2019-11-16 18:00:00,8231.36729677417
2019-11-16 18:30:00,8120.048169993889
2019-11-16 19:00:00,8051.230522546087
2019-11-16 19:30:00,8045.787164680742
2019-11-16 20:00:00,7870.99731851482
2019-11-16 20:30:00,7709.461752104108
2019-11-16 21:00:00,7415.076467931954
2019-11-16 21:30:00,7455.042533906189
2019-11-16 22:00:00,7204.903030719797
2019-11-16 22:30:00,7173.363926742274
2019-11-16 23:00:00,6949.300993823856
2019-11-16 23:30:00,6879.999360294427
2019-11-17 00:00:00,6838.009052026828
2019-11-17 00:30:00,6690.381081940308
2019-11-17 01:00:00,6408.794439967218
2019-11-17 01:30:00,6187.478974320399
2019-11-17 02:00:00,5933.325517340391
2019-11-17 02:30:00,5844.459048876064
2019-11-17 03:00:00,5689.791606561683
2019-11-17 03:30:00,5679.73619280676
2019-11-17 04:00:00,5655.032869560389
2019-11-17 04:30:00,5715.01678645313
2019-11-17 05:00:00,5828.318843217031
2019-11-17 05:30:00,5914.757403158748
2019-11-17 06:00:00,6160.176995077656
2019-11-17 06:30:00,6277.151201588122
2019-11-17 07:00:00,6589.5014076496755
2019-11-17 07:30:00,6700.926806535188
2019-11-17 08:00:00,6899.186574648643
2019-11-17 08:30:00,7006.061192067213
2019-11-17 09:00:00,7055.857363778279
2019-11-17 09:30:00,6993.526361895844
2019-11-17 10:00:00,6946.025010910471
2019-11-17 10:30:00,6855.40442952734
2019-11-17 11:00:00,6828.787658664898
2019-11-17 11:30:00,6689.488419800161
2019-11-17 12:00:00,6638.428901101185
2019-11-17 12:30:00,6662.426577562897
2019-11-17 13:00:00,6634.196136696301
2019-11-17 13:30:00,6578.558338335422
2019-11-17 14:00:00,6563.059941242276
2019-11-17 14:30:00,6638.1125953071205
2019-11-17 15:00:00,6803.267943627801
2019-11-17 15:30:00,6892.016472152
2019-11-17 16:00:00,7124.203248608763
2019-11-17 16:30:00,7254.2245143358205
2019-11-17 17:00:00,7426.072398519871
2019-11-17 17:30:00,7469.659536143174
2019-11-17 18:00:00,7628.482998737732
2019-11-17 18:30:00,7690.570239464525
2019-11-17 19:00:00,7703.404490611238
2019-11-17 19:30:00,7698.133111111722
2019-11-17 20:00:00,7521.985342438189
2019-11-17 20:30:00,7444.586248662097
2019-11-17 21:00:00,7258.273193885192
2019-11-17 21:30:00,7212.654338150472
2019-11-17 22:00:00,7042.707970196515
2019-11-17 22:30:00,7055.730049052062
2019-11-17 23:00:00,6903.947259665769
2019-11-17 23:30:00,6744.000886737789
2019-11-18 00:00:00,7545.681146135203
2019-11-18 00:30:00,7402.6847810485415
2019-11-18 01:00:00,7175.936320617012
2019-11-18 01:30:00,7006.431096988495
2019-11-18 02:00:00,6790.509947507566
2019-11-18 02:30:00,6688.2252097764995
2019-11-18 03:00:00,6553.993824938971
2019-11-18 03:30:00,6536.2169469598475
2019-11-18 04:00:00,6536.721225265215
2019-11-18 04:30:00,6580.482968346144
2019-11-18 05:00:00,6682.711213741206
2019-11-18 05:30:00,6746.6235278309905
2019-11-18 06:00:00,6962.998275834031
2019-11-18 06:30:00,7020.084506256989
2019-11-18 07:00:00,7367.383006025375
2019-11-18 07:30:00,7487.550071495172
2019-11-18 08:00:00,7715.014994055426
2019-11-18 08:30:00,7764.04286245228
2019-11-18 09:00:00,7800.927659250995
2019-11-18 09:30:00,7778.634666187526
2019-11-18 10:00:00,7684.75411793585
2019-11-18 10:30:00,7625.973067203378
2019-11-18 11:00:00,7567.937759395338
2019-11-18 11:30:00,7557.965796265124
2019-11-18 12:00:00,7530.101710116747
2019-11-18 12:30:00,7485.786738463938
2019-11-18 13:00:00,7512.994687206728
2019-11-18 13:30:00,7540.391690309021
2019-11-18 14:00:00,7644.243996915044
2019-11-18 14:30:00,7672.241031017987
2019-11-18 15:00:00,7817.115555276336
2019-11-18 15:30:00,7932.139689553924
2019-11-18 16:00:00,8076.974958214661
2019-11-18 16:30:00,8184.474409927748
2019-11-18 17:00:00,8373.090460498557
2019-11-18 17:30:00,8488.616234946945
2019-11-18 18:00:00,8584.961520587105
2019-11-18 18:30:00,8604.049341577898
2019-11-18 19:00:00,8612.761040959664
2019-11-18 19:30:00,8639.675775934262
2019-11-18 20:00:00,8465.454098545362
2019-11-18 20:30:00,8358.10970317962
2019-11-18 21:00:00,8160.383312140179
2019-11-18 21:30:00,8096.330881908191
2019-11-18 22:00:00,7974.4141791259035
2019-11-18 22:30:00,7936.469808119439
2019-11-18 23:00:00,7751.957361708703
2019-11-18 23:30:00,7677.596070544598
2019-11-19 00:00:00,7078.368820702552
2019-11-19 00:30:00,6997.808907257931
2019-11-19 01:00:00,6775.037805332734
2019-11-19 01:30:00,6611.492697012679
2019-11-19 02:00:00,6374.068308198871
2019-11-19 02:30:00,6350.860562534925
2019-11-19 03:00:00,6300.4704778424675
2019-11-19 03:30:00,6329.978040775749
2019-11-19 04:00:00,6388.11979626261
2019-11-19 04:30:00,6518.364451689405
2019-11-19 05:00:00,6751.049074376102
2019-11-19 05:30:00,7064.760765248482
2019-11-19 06:00:00,7467.184691221438
2019-11-19 06:30:00,7649.925697383686
2019-11-19 07:00:00,7894.850754612709
2019-11-19 07:30:00,7875.969401303168
2019-11-19 08:00:00,7913.613609789975
2019-11-19 08:30:00,7859.943628026086
2019-11-19 09:00:00,7824.803710283214
2019-11-19 09:30:00,7803.186962848169
2019-11-19 10:00:00,7765.468029330245
2019-11-19 10:30:00,7693.199553633016
2019-11-19 11:00:00,7660.794645827944
2019-11-19 11:30:00,7627.243372849283
2019-11-19 12:00:00,7565.25721785343
2019-11-19 12:30:00,7591.1588093977025
2019-11-19 13:00:00,7662.569044036762
2019-11-19 13:30:00,7742.656552442414
2019-11-19 14:00:00,7874.629087275097
2019-11-19 14:30:00,7953.189321899102
2019-11-19 15:00:00,8142.57099056482
2019-11-19 15:30:00,8310.329982549914
2019-11-19 16:00:00,8550.188616643141
2019-11-19 16:30:00,8654.247016403291
2019-11-19 17:00:00,8882.9303109249
2019-11-19 17:30:00,8858.82718470358
2019-11-19 18:00:00,8974.88512562905
2019-11-19 18:30:00,8850.465078273653
2019-11-19 19:00:00,8796.260684977475
2019-11-19 19:30:00,8766.88617925664
2019-11-19 20:00:00,8571.119537222507
2019-11-19 20:30:00,8436.995914119228
2019-11-19 21:00:00,8161.841194171866
2019-11-19 21:30:00,8093.750308078087
2019-11-19 22:00:00,7891.645078968503
2019-11-19 22:30:00,7876.17816957186
2019-11-19 23:00:00,7713.6538577134925
2019-11-19 23:30:00,7583.974743971927
2019-11-20 00:00:00,7378.409472258356
2019-11-20 00:30:00,7221.360785800158
2019-11-20 01:00:00,6982.911052613479
2019-11-20 01:30:00,6801.087426143502
2019-11-20 02:00:00,6510.170288115222
2019-11-20 02:30:00,6442.428612936693
2019-11-20 03:00:00,6280.662090668012
2019-11-20 03:30:00,6280.969576270906
2019-11-20 04:00:00,6337.699370824455
2019-11-20 04:30:00,6511.10112942639
2019-11-20 05:00:00,6694.479633245169
2019-11-20 05:30:00,7023.889504489311
2019-11-20 06:00:00,7437.879195980353
2019-11-20 06:30:00,7522.418272677473
2019-11-20 07:00:00,7810.071558101192
2019-11-20 07:30:00,7743.199460773366
2019-11-20 08:00:00,7886.323070696741
2019-11-20 08:30:00,7829.619895226004
2019-11-20 09:00:00,7858.1707066193485
2019-11-20 09:30:00,7874.609034133963
2019-11-20 10:00:00,7950.012124557237
2019-11-20 10:30:00,7943.928815125058
2019-11-20 11:00:00,8053.718205562711
2019-11-20 11:30:00,8079.680894462441
2019-11-20 12:00:00,8212.651325802484
2019-11-20 12:30:00,8327.311131892508
2019-11-20 13:00:00,8496.74343635548
2019-11-20 13:30:00,8676.442385134955
2019-11-20 14:00:00,8782.747226490279
2019-11-20 14:30:00,8939.090255121046
2019-11-20 15:00:00,9157.659510936626
2019-11-20 15:30:00,9360.519225884105
2019-11-20 16:00:00,9518.268496548988
2019-11-20 16:30:00,9643.935762468802
2019-11-20 17:00:00,9769.653287658602
2019-11-20 17:30:00,9672.01772222433
2019-11-20 18:00:00,9704.35493003665
2019-11-20 18:30:00,9434.333039400468
2019-11-20 19:00:00,9245.247308561226
2019-11-20 19:30:00,9091.014839761447
2019-11-20 20:00:00,8870.36763088875
2019-11-20 20:30:00,8638.581011965536
2019-11-20 21:00:00,8262.823884416099
2019-11-20 21:30:00,8162.839252178784
2019-11-20 22:00:00,7929.256193514311
2019-11-20 22:30:00,7869.751917657472
2019-11-20 23:00:00,7699.5628070924
2019-11-20 23:30:00,7540.423109913496
2019-11-21 00:00:00,7327.607837455504
2019-11-21 00:30:00,7191.3587143160985
2019-11-21 01:00:00,6961.4494342160415
2019-11-21 01:30:00,6769.700647044616
2019-11-21 02:00:00,6490.816602456977
2019-11-21 02:30:00,6383.33209094903
2019-11-21 03:00:00,6266.532805013339
2019-11-21 03:30:00,6258.661538625383
2019-11-21 04:00:00,6287.91087945193
2019-11-21 04:30:00,6477.551733884162
2019-11-21 05:00:00,6719.212098289232
2019-11-21 05:30:00,7017.237921903196
2019-11-21 06:00:00,7493.703985602466
2019-11-21 06:30:00,7688.768648789763
2019-11-21 07:00:00,7937.422871531512
2019-11-21 07:30:00,7946.11312678189
2019-11-21 08:00:00,8055.944342154563
2019-11-21 08:30:00,8073.632515325388
2019-11-21 09:00:00,8112.345012578889
2019-11-21 09:30:00,8093.76606775583
2019-11-21 10:00:00,8122.175457918283
2019-11-21 10:30:00,8076.499936666068
2019-11-21 11:00:00,8012.8166080576
2019-11-21 11:30:00,7975.009726101545
2019-11-21 12:00:00,7895.267064582475
2019-11-21 12:30:00,7872.349060157312
2019-11-21 13:00:00,7908.313792756702
2019-11-21 13:30:00,7986.534502487009
2019-11-21 14:00:00,8080.363257561735
2019-11-21 14:30:00,8157.873055281022
2019-11-21 15:00:00,8354.006574799138
2019-11-21 15:30:00,8552.660287356957
2019-11-21 16:00:00,8733.036821795418
2019-11-21 16:30:00,8860.214439478394
2019-11-21 17:00:00,9059.29703442046
2019-11-21 17:30:00,9017.35067868097
2019-11-21 18:00:00,9097.911706232866
2019-11-21 18:30:00,8937.601182184497
2019-11-21 19:00:00,8852.603086237237
2019-11-21 19:30:00,8832.588022465445
2019-11-21 20:00:00,8629.537831930658
2019-11-21 20:30:00,8443.166051085533
2019-11-21 21:00:00,8130.081255058396
2019-11-21 21:30:00,8048.616275034851
2019-11-21 22:00:00,7875.110915187829
2019-11-21 22:30:00,7823.246634743826
2019-11-21 23:00:00,7675.950725310047
2019-11-21 23:30:00,7535.340366366465
2019-11-22 00:00:00,7352.072891803217
2019-11-22 00:30:00,7240.239634671615
2019-11-22 01:00:00,7010.231963741708
2019-11-22 01:30:00,6797.159151600168
2019-11-22 02:00:00,6527.710763589347
2019-11-22 02:30:00,6439.262661738287
2019-11-22 03:00:00,6346.920967122752
2019-11-22 03:30:00,6346.3749745478035
2019-11-22 04:00:00,6398.841924127024
2019-11-22 04:30:00,6559.2633291857655
2019-11-22 05:00:00,6805.151872182568
2019-11-22 05:30:00,7104.178526113513
2019-11-22 06:00:00,7521.3663307474735
2019-11-22 06:30:00,7719.310936040443
2019-11-22 07:00:00,8022.50554074241
2019-11-22 07:30:00,8025.638930025276
2019-11-22 08:00:00,8167.936492156471
2019-11-22 08:30:00,8197.069863813458
2019-11-22 09:00:00,8223.948031099362
2019-11-22 09:30:00,8273.490029847539
2019-11-22 10:00:00,8337.75278029575
2019-11-22 10:30:00,8351.921059794071
2019-11-22 11:00:00,8437.518796269283
2019-11-22 11:30:00,8558.25928469969
2019-11-22 12:00:00,8595.158540794322
2019-11-22 12:30:00,8738.654096027165
2019-11-22 13:00:00,8875.688387084008
2019-11-22 13:30:00,9022.772814620199
2019-11-22 14:00:00,9178.432736152728
2019-11-22 14:30:00,9297.647932614833
2019-11-22 15:00:00,9600.78189076703
2019-11-22 15:30:00,9778.63078582247
2019-11-22 16:00:00,10002.353323820387
2019-11-22 16:30:00,10083.57273794212
2019-11-22 17:00:00,10207.420837364783
2019-11-22 17:30:00,10055.594100885539
2019-11-22 18:00:00,10031.031996845875
2019-11-22 18:30:00,9895.001831568243
2019-11-22 19:00:00,9753.07717045051
2019-11-22 19:30:00,9600.869183765215
2019-11-22 20:00:00,9343.60827307518
2019-11-22 20:30:00,9071.186241424146
2019-11-22 21:00:00,8670.974149646345
2019-11-22 21:30:00,8526.681781753154
2019-11-22 22:00:00,8195.519646104727
2019-11-22 22:30:00,8077.317770140125
2019-11-22 23:00:00,7857.06990338376
2019-11-22 23:30:00,7726.178237460374
2019-11-23 00:00:00,6862.237341281056
2019-11-23 00:30:00,6723.312116625436
2019-11-23 01:00:00,6462.168591058956
2019-11-23 01:30:00,6268.535437915251
2019-11-23 02:00:00,6020.777384875457
2019-11-23 02:30:00,5901.847674881348
2019-11-23 03:00:00,5787.933585234918
2019-11-23 03:30:00,5798.422305808248
2019-11-23 04:00:00,5828.746064487755
2019-11-23 04:30:00,6028.228628996725
2019-11-23 05:00:00,6223.379543082017
2019-11-23 05:30:00,6522.297943094384
2019-11-23 06:00:00,6977.344041018307
2019-11-23 06:30:00,7175.360429101087
2019-11-23 07:00:00,7535.821123867225
2019-11-23 07:30:00,7633.171379900679
2019-11-23 08:00:00,7828.868377532908
2019-11-23 08:30:00,7911.875748610418
2019-11-23 09:00:00,7914.4761842173775
2019-11-23 09:30:00,7937.858712406125
2019-11-23 10:00:00,7918.1797900660695
2019-11-23 10:30:00,7913.225759258177
2019-11-23 11:00:00,7946.199341969078
2019-11-23 11:30:00,7951.866911879785
2019-11-23 12:00:00,7913.576024859163
2019-11-23 12:30:00,7961.575809620551
2019-11-23 13:00:00,8026.20676302155
2019-11-23 13:30:00,8134.857669560998
2019-11-23 14:00:00,8193.745366925825
2019-11-23 14:30:00,8131.997651092729
2019-11-23 15:00:00,8230.840207186679
2019-11-23 15:30:00,8333.87758224112
2019-11-23 16:00:00,8393.956621089132
2019-11-23 16:30:00,8422.546627262966
2019-11-23 17:00:00,8444.744686337806
2019-11-23 17:30:00,8296.730388928823
2019-11-23 18:00:00,8315.89291156287
2019-11-23 18:30:00,8193.45299391781
2019-11-23 19:00:00,8127.736873529247
2019-11-23 19:30:00,8022.436509388267
2019-11-23 20:00:00,7856.971615855969
2019-11-23 20:30:00,7790.523316392174
2019-11-23 21:00:00,7538.56402899541
2019-11-23 21:30:00,7474.666655110766
2019-11-23 22:00:00,7237.969579206532
2019-11-23 22:30:00,7250.8906401404365
2019-11-23 23:00:00,7027.41542510932
2019-11-23 23:30:00,6954.879207308206
2019-11-24 00:00:00,6968.014152657404
2019-11-24 00:30:00,6844.019530845031
2019-11-24 01:00:00,6553.9491013028155
2019-11-24 01:30:00,6356.6754874546805
2019-11-24 02:00:00,6075.6196086134205
2019-11-24 02:30:00,5968.176822417829
2019-11-24 03:00:00,5808.459585557499
2019-11-24 03:30:00,5790.412338382697
2019-11-24 04:00:00,5760.373734122382
2019-11-24 04:30:00,5813.308000581384
2019-11-24 05:00:00,5960.577069845417
2019-11-24 05:30:00,6067.613979608265
2019-11-24 06:00:00,6370.321837793417
2019-11-24 06:30:00,6495.50946267733
2019-11-24 07:00:00,6858.080717274454
2019-11-24 07:30:00,7024.8088214651125
2019-11-24 08:00:00,7308.15973537985
2019-11-24 08:30:00,7368.035398354012
2019-11-24 09:00:00,7411.686986210264
2019-11-24 09:30:00,7372.677238093942
2019-11-24 10:00:00,7363.65131048484
2019-11-24 10:30:00,7296.7038208748645
2019-11-24 11:00:00,7266.313709162723
2019-11-24 11:30:00,7109.028497545818
2019-11-24 12:00:00,7008.097141226521
2019-11-24 12:30:00,6959.280349416056
2019-11-24 13:00:00,6946.7285398109425
2019-11-24 13:30:00,7008.813153445941
2019-11-24 14:00:00,7072.401434441467
2019-11-24 14:30:00,7175.160559024846
2019-11-24 15:00:00,7297.014256190219
2019-11-24 15:30:00,7410.75668258797
2019-11-24 16:00:00,7527.312057769563
2019-11-24 16:30:00,7609.665182353547
2019-11-24 17:00:00,7763.935597309967
2019-11-24 17:30:00,7811.227097152129
2019-11-24 18:00:00,7851.755370068648
2019-11-24 18:30:00,7814.944886591609
2019-11-24 19:00:00,7739.227390873823
2019-11-24 19:30:00,7720.533133202429
2019-11-24 20:00:00,7514.769724744213
2019-11-24 20:30:00,7490.764989352743
2019-11-24 21:00:00,7282.22792014321
2019-11-24 21:30:00,7197.690648192258
2019-11-24 22:00:00,7062.8502573842725
2019-11-24 22:30:00,7013.595549850262
2019-11-24 23:00:00,6777.309977828438
2019-11-24 23:30:00,6669.276846653749
2019-11-25 00:00:00,7557.364596026937
2019-11-25 00:30:00,7421.50903620693
2019-11-25 01:00:00,7169.1640198094055
2019-11-25 01:30:00,7044.109275070762
2019-11-25 02:00:00,6788.381564813163
2019-11-25 02:30:00,6706.149007261103
2019-11-25 03:00:00,6553.252599884012
2019-11-25 03:30:00,6554.349839217497
2019-11-25 04:00:00,6542.021584330082
2019-11-25 04:30:00,6605.975623732221
2019-11-25 05:00:00,6682.565587848933
2019-11-25 05:30:00,6760.722396064812
2019-11-25 06:00:00,6993.769546716558
2019-11-25 06:30:00,7088.364859514228
2019-11-25 07:00:00,7414.248647690856
2019-11-25 07:30:00,7549.339257074142
2019-11-25 08:00:00,7814.192694977183
2019-11-25 08:30:00,7906.089730056564
2019-11-25 09:00:00,8032.3107732667795
2019-11-25 09:30:00,8012.98181821214
2019-11-25 10:00:00,8008.504044978187
2019-11-25 10:30:00,7974.177958474078
2019-11-25 11:00:00,7910.804742560299
2019-11-25 11:30:00,7855.572997699341
2019-11-25 12:00:00,7785.654301892898
2019-11-25 12:30:00,7801.003271349411
2019-11-25 13:00:00,7723.127186721201
2019-11-25 13:30:00,7734.515719689868
2019-11-25 14:00:00,7843.836187455105
2019-11-25 14:30:00,7956.813663416134
2019-11-25 15:00:00,8031.218177300207
2019-11-25 15:30:00,8139.5464809644445
2019-11-25 16:00:00,8290.95701320661
2019-11-25 16:30:00,8447.769819784548
2019-11-25 17:00:00,8666.023686342114
2019-11-25 17:30:00,8824.314982459588
2019-11-25 18:00:00,8966.84005661456
2019-11-25 18:30:00,8927.036122929683
2019-11-25 19:00:00,8898.273229252156
2019-11-25 19:30:00,8907.642534289927
2019-11-25 20:00:00,8752.966142725647
2019-11-25 20:30:00,8632.98599582682
2019-11-25 21:00:00,8394.442350605003
2019-11-25 21:30:00,8324.464294379974
2019-11-25 22:00:00,8112.5050420803045
2019-11-25 22:30:00,8067.068027800141
2019-11-25 23:00:00,7881.825120268104
2019-11-25 23:30:00,7782.211875148113
2019-11-26 00:00:00,7142.113799692578
2019-11-26 00:30:00,7072.312976016968
2019-11-26 01:00:00,6815.597037793713
2019-11-26 01:30:00,6666.185719656557
2019-11-26 02:00:00,6411.582033839656
2019-11-26 02:30:00,6384.349950173435
2019-11-26 03:00:00,6264.822974320446
2019-11-26 03:30:00,6252.155360563736
2019-11-26 04:00:00,6284.852989340152
2019-11-26 04:30:00,6467.075433313115
2019-11-26 05:00:00,6674.987743079827
2019-11-26 05:30:00,6980.828167564252
2019-11-26 06:00:00,7432.3225095920425
2019-11-26 06:30:00,7603.037658310584
2019-11-26 07:00:00,7912.95470166594
2019-11-26 07:30:00,8013.05003784645
2019-11-26 08:00:00,8176.580470114845
2019-11-26 08:30:00,8180.1739513233315
2019-11-26 09:00:00,8167.506241006693
2019-11-26 09:30:00,8230.171336532061
2019-11-26 10:00:00,8167.433701846715
2019-11-26 10:30:00,8149.752587605648
2019-11-26 11:00:00,8135.274359943453
2019-11-26 11:30:00,8148.847040279088
2019-11-26 12:00:00,8247.641187278778
2019-11-26 12:30:00,8439.407541747138
2019-11-26 13:00:00,8600.284275851172
2019-11-26 13:30:00,8792.79620871315
2019-11-26 14:00:00,9003.087844105989
2019-11-26 14:30:00,9095.115954584471
2019-11-26 15:00:00,9218.19206702039
2019-11-26 15:30:00,9292.915059280269
2019-11-26 16:00:00,9276.03029298394
2019-11-26 16:30:00,9246.623747972304
2019-11-26 17:00:00,9352.842321554981
2019-11-26 17:30:00,9229.479770034059
2019-11-26 18:00:00,9226.504355951982
2019-11-26 18:30:00,9101.277632847508
2019-11-26 19:00:00,9056.548816694334
2019-11-26 19:30:00,8988.804514424011
2019-11-26 20:00:00,8795.689170612224
2019-11-26 20:30:00,8631.1379777916
2019-11-26 21:00:00,8311.158764745245
2019-11-26 21:30:00,8249.121130606189
2019-11-26 22:00:00,8031.723597557587
2019-11-26 22:30:00,7958.048415110634
2019-11-26 23:00:00,7720.303902659554
2019-11-26 23:30:00,7613.188151177136
2019-11-27 00:00:00,7347.893688054199
2019-11-27 00:30:00,7224.49927430965
2019-11-27 01:00:00,6960.387101829201
2019-11-27 01:30:00,6731.554834893264
2019-11-27 02:00:00,6454.774114139678
2019-11-27 02:30:00,6348.34003953645
2019-11-27 03:00:00,6197.856423409652
2019-11-27 03:30:00,6210.866189151852
2019-11-27 04:00:00,6235.323791514784
2019-11-27 04:30:00,6420.72923135835
2019-11-27 05:00:00,6612.293723164913
2019-11-27 05:30:00,6931.918549849812
2019-11-27 06:00:00,7363.272006890299
2019-11-27 06:30:00,7615.004533887287
2019-11-27 07:00:00,7978.367346961171
2019-11-27 07:30:00,8007.175488651153
2019-11-27 08:00:00,8144.560568219633
2019-11-27 08:30:00,8242.117291934339
2019-11-27 09:00:00,8301.816271077601
2019-11-27 09:30:00,8390.71197467376
2019-11-27 10:00:00,8480.153091541879
2019-11-27 10:30:00,8594.788094338033
2019-11-27 11:00:00,8666.719191485725
2019-11-27 11:30:00,8848.742226707194
2019-11-27 12:00:00,9004.161529803678
2019-11-27 12:30:00,8677.693697433466
2019-11-27 13:00:00,8528.830844987864
2019-11-27 13:30:00,8601.109006706645
2019-11-27 14:00:00,8615.378678653731
2019-11-27 14:30:00,8732.124241280872
2019-11-27 15:00:00,8894.585920788402
2019-11-27 15:30:00,8935.715914757264
2019-11-27 16:00:00,9017.214919380622
2019-11-27 16:30:00,9038.984096071217
2019-11-27 17:00:00,9157.430562940888
2019-11-27 17:30:00,9019.393482845708
2019-11-27 18:00:00,9020.841224268894
2019-11-27 18:30:00,8859.945609425016
2019-11-27 19:00:00,8732.588045308588
2019-11-27 19:30:00,8679.703385437326
2019-11-27 20:00:00,8475.12592112089
2019-11-27 20:30:00,8310.936429396039
2019-11-27 21:00:00,7997.625616577371
2019-11-27 21:30:00,7931.839267815309
2019-11-27 22:00:00,7720.7238076719295
2019-11-27 22:30:00,7650.3620512162315
2019-11-27 23:00:00,7456.74623712544
2019-11-27 23:30:00,7331.472534525024
2019-11-28 00:00:00,7198.4587635952585
2019-11-28 00:30:00,7129.828943856291
2019-11-28 01:00:00,6905.857602862619
2019-11-28 01:30:00,6738.29096069926
2019-11-28 02:00:00,6425.220945749716
2019-11-28 02:30:00,6392.80420557893
2019-11-28 03:00:00,6305.06733085604
2019-11-28 03:30:00,6340.003956727975
2019-11-28 04:00:00,6373.867980535893
2019-11-28 04:30:00,6570.789756376984
2019-11-28 05:00:00,6779.575270498994
2019-11-28 05:30:00,7145.278867777059
2019-11-28 06:00:00,7489.577794257237
2019-11-28 06:30:00,7590.7332533640165
2019-11-28 07:00:00,7875.179561968889
2019-11-28 07:30:00,7814.838552885517
2019-11-28 08:00:00,7825.068836251546
2019-11-28 08:30:00,7738.088715572843
2019-11-28 09:00:00,7678.392815679965
2019-11-28 09:30:00,7612.7022306559575
2019-11-28 10:00:00,7575.393782475917
2019-11-28 10:30:00,7484.925630348335
2019-11-28 11:00:00,7432.301818182015
2019-11-28 11:30:00,7418.34724236188
2019-11-28 12:00:00,7389.895438326202
2019-11-28 12:30:00,7399.550052764793
2019-11-28 13:00:00,7422.467903214768
2019-11-28 13:30:00,7473.783563992029
2019-11-28 14:00:00,7560.036225168346
2019-11-28 14:30:00,7629.096901701104
2019-11-28 15:00:00,7810.969005074638
2019-11-28 15:30:00,7923.267431248273
2019-11-28 16:00:00,8138.137421651534
2019-11-28 16:30:00,8313.866070854434
2019-11-28 17:00:00,8492.271651322977
2019-11-28 17:30:00,8558.173958211824
2019-11-28 18:00:00,8666.446710465842
2019-11-28 18:30:00,8610.128057571399
2019-11-28 19:00:00,8543.86594460789
2019-11-28 19:30:00,8594.987450817245
2019-11-28 20:00:00,8434.11243697245
2019-11-28 20:30:00,8325.075848388986
2019-11-28 21:00:00,8029.548972479199
2019-11-28 21:30:00,7971.599400789671
2019-11-28 22:00:00,7775.892202712095
2019-11-28 22:30:00,7732.726058793853
2019-11-28 23:00:00,7575.3571683082155
2019-11-28 23:30:00,7522.32713811116
2019-11-29 00:00:00,7306.421589941451
2019-11-29 00:30:00,7164.620855018124
2019-11-29 01:00:00,6907.949269199016
2019-11-29 01:30:00,6701.382564940886
2019-11-29 02:00:00,6421.691844604171
2019-11-29 02:30:00,6316.349755150838
2019-11-29 03:00:00,6184.8706864573
2019-11-29 03:30:00,6202.822169894047
2019-11-29 04:00:00,6231.776338231045
2019-11-29 04:30:00,6421.515583493126
2019-11-29 05:00:00,6627.03202402803
2019-11-29 05:30:00,6954.38800095868
2019-11-29 06:00:00,7361.160672555292
2019-11-29 06:30:00,7513.8037708051625
2019-11-29 07:00:00,7767.311006433161
2019-11-29 07:30:00,7718.262766580401
2019-11-29 08:00:00,7803.0361825650925
2019-11-29 08:30:00,7780.378861314058
2019-11-29 09:00:00,7782.79220128287
2019-11-29 09:30:00,7819.565568352694
2019-11-29 10:00:00,7821.886448399905
2019-11-29 10:30:00,7761.1863653125565
2019-11-29 11:00:00,7783.644619410089
2019-11-29 11:30:00,7764.148117827583
2019-11-29 12:00:00,7793.417241598107
2019-11-29 12:30:00,7866.870839091493
2019-11-29 13:00:00,7976.948669861382
2019-11-29 13:30:00,8061.139357988879
2019-11-29 14:00:00,8170.1424770624935
2019-11-29 14:30:00,8258.325463901463
2019-11-29 15:00:00,8449.281385844772
2019-11-29 15:30:00,8545.507617437528
2019-11-29 16:00:00,8764.180360889497
2019-11-29 16:30:00,8897.920929040554
2019-11-29 17:00:00,9026.892587612321
2019-11-29 17:30:00,9030.252816032342
2019-11-29 18:00:00,9042.769114640778
2019-11-29 18:30:00,8957.683223023083
2019-11-29 19:00:00,8845.352025487959
2019-11-29 19:30:00,8816.053734394898
2019-11-29 20:00:00,8611.190783610467
2019-11-29 20:30:00,8447.884182262465
2019-11-29 21:00:00,8139.79776944737
2019-11-29 21:30:00,8095.302938153348
2019-11-29 22:00:00,7872.52069457024
2019-11-29 22:30:00,7815.355622427714
2019-11-29 23:00:00,7637.787199623933
2019-11-29 23:30:00,7544.183031121691
2019-11-30 00:00:00,6756.239790985583
2019-11-30 00:30:00,6590.254461029572
2019-11-30 01:00:00,6360.005656035817
2019-11-30 01:30:00,6164.896640444371
2019-11-30 02:00:00,5904.9381245032455
2019-11-30 02:30:00,5816.976722617843
2019-11-30 03:00:00,5691.924920088144
2019-11-30 03:30:00,5722.854129976291
2019-11-30 04:00:00,5776.93968523725
2019-11-30 04:30:00,5932.298805569522
2019-11-30 05:00:00,6150.999617304251
2019-11-30 05:30:00,6428.068194160284
2019-11-30 06:00:00,6915.497365285196
2019-11-30 06:30:00,7156.335940554559
2019-11-30 07:00:00,7566.127557482482
2019-11-30 07:30:00,7617.90068309357
2019-11-30 08:00:00,7761.219269930474
2019-11-30 08:30:00,7810.982853632218
2019-11-30 09:00:00,7785.876173442196
2019-11-30 09:30:00,7754.432833202728
2019-11-30 10:00:00,7680.67805266604
2019-11-30 10:30:00,7645.308765254146
2019-11-30 11:00:00,7563.073745141107
2019-11-30 11:30:00,7545.436983304187
2019-11-30 12:00:00,7517.4745063259625
2019-11-30 12:30:00,7541.464124445116
2019-11-30 13:00:00,7700.319003526461
2019-11-30 13:30:00,7756.842319355984
2019-11-30 14:00:00,8017.158221624696
2019-11-30 14:30:00,8146.030659617187
2019-11-30 15:00:00,8367.15544991706
2019-11-30 15:30:00,8544.84666153336
2019-11-30 16:00:00,8759.16342336474
2019-11-30 16:30:00,8845.403396900589
2019-11-30 17:00:00,8937.30388882119
2019-11-30 17:30:00,8807.290504369515
2019-11-30 18:00:00,8736.413104577978
2019-11-30 18:30:00,8606.835008758055
2019-11-30 19:00:00,8476.69507102018
2019-11-30 19:30:00,8441.963108083326
2019-11-30 20:00:00,8323.366738874784
2019-11-30 20:30:00,8188.3993236152155
2019-11-30 21:00:00,7907.535308444791
2019-11-30 21:30:00,7808.898912693536
2019-11-30 22:00:00,7559.912669079673
2019-11-30 22:30:00,7531.625716670771
2019-11-30 23:00:00,7298.695295952556
2019-11-30 23:30:00,7126.764790893224
2019-12-01 00:00:00,7072.558620420712
2019-12-01 00:30:00,6889.421423847272
2019-12-01 01:00:00,6595.519006124516
2019-12-01 01:30:00,6373.310787012118
2019-12-01 02:00:00,6094.606602065693
2019-12-01 02:30:00,5982.285999689982
2019-12-01 03:00:00,5805.379602737833
2019-12-01 03:30:00,5730.368496918166
2019-12-01 04:00:00,5737.622644262585
2019-12-01 04:30:00,5815.016483855088
2019-12-01 05:00:00,5913.582092343648
2019-12-01 05:30:00,6016.083160844693
2019-12-01 06:00:00,6372.569077645136
2019-12-01 06:30:00,6480.995772139222
2019-12-01 07:00:00,6846.725219313081
2019-12-01 07:30:00,7026.6820471077135
2019-12-01 08:00:00,7360.057227898322
2019-12-01 08:30:00,7485.0357580091895
2019-12-01 09:00:00,7507.612159167381
2019-12-01 09:30:00,7404.712273163349
2019-12-01 10:00:00,7293.155864854194
2019-12-01 10:30:00,7509.281419812861
2019-12-01 11:00:00,7348.412754607012
2019-12-01 11:30:00,7263.99342259619
2019-12-01 12:00:00,7230.764820302037
2019-12-01 12:30:00,7190.8207704749575
2019-12-01 13:00:00,7222.9678098204995
2019-12-01 13:30:00,7210.747797808888
2019-12-01 14:00:00,7089.393180911086
2019-12-01 14:30:00,6917.184425380692
2019-12-01 15:00:00,6944.09803067111
2019-12-01 15:30:00,7061.566995489794
2019-12-01 16:00:00,7270.491810789734
2019-12-01 16:30:00,7247.539317049151
2019-12-01 17:00:00,7443.079842116636
2019-12-01 17:30:00,7494.737654879388
2019-12-01 18:00:00,7578.6094813307445
2019-12-01 18:30:00,7573.0233802314
2019-12-01 19:00:00,7557.228526983719
2019-12-01 19:30:00,7633.742103291166
2019-12-01 20:00:00,7547.6023948195925
2019-12-01 20:30:00,7495.747800397142
2019-12-01 21:00:00,7299.708993670283
2019-12-01 21:30:00,7232.333451425488
2019-12-01 22:00:00,7077.89110927539
2019-12-01 22:30:00,7027.320849824569
2019-12-01 23:00:00,6826.455976548546
2019-12-01 23:30:00,6732.613301074251
2019-12-02 00:00:00,7608.089431062485
2019-12-02 00:30:00,7462.394788257534
2019-12-02 01:00:00,7235.744718655854
2019-12-02 01:30:00,7051.655476007545
2019-12-02 02:00:00,6795.302931455429
2019-12-02 02:30:00,6721.903372387744
2019-12-02 03:00:00,6586.282025751801
2019-12-02 03:30:00,6586.437082099145
2019-12-02 04:00:00,6577.911580260438
2019-12-02 04:30:00,6618.940556307656
2019-12-02 05:00:00,6699.00868878452
2019-12-02 05:30:00,6764.143418144851
2019-12-02 06:00:00,7025.428736963388
2019-12-02 06:30:00,7084.539449500829
2019-12-02 07:00:00,7446.237499742655
2019-12-02 07:30:00,7557.952816934127
2019-12-02 08:00:00,7710.815314266428
2019-12-02 08:30:00,7782.672482280148
2019-12-02 09:00:00,7849.804989154997
2019-12-02 09:30:00,7803.986724668783
2019-12-02 10:00:00,7752.239627794743
2019-12-02 10:30:00,7692.4127490626925
2019-12-02 11:00:00,7636.180338415569
2019-12-02 11:30:00,7628.852437510767
2019-12-02 12:00:00,7567.439705475525
2019-12-02 12:30:00,7492.266484378756
2019-12-02 13:00:00,7450.030056358119
2019-12-02 13:30:00,7459.667103499776
2019-12-02 14:00:00,7561.569160805744
2019-12-02 14:30:00,7656.066082773565
2019-12-02 15:00:00,7790.90474238727
2019-12-02 15:30:00,7932.107896334568
2019-12-02 16:00:00,8177.361104051027
2019-12-02 16:30:00,8364.78332180087
2019-12-02 17:00:00,8566.795465436346
2019-12-02 17:30:00,8702.06330736905
2019-12-02 18:00:00,8822.632286262453
2019-12-02 18:30:00,8838.136312066312
2019-12-02 19:00:00,8796.351339533237
2019-12-02 19:30:00,8847.18490924998
2019-12-02 20:00:00,8685.98793780842
2019-12-02 20:30:00,8572.191472984969
2019-12-02 21:00:00,8332.791545426338
2019-12-02 21:30:00,8193.593324483243
2019-12-02 22:00:00,7989.958194500217
2019-12-02 22:30:00,7965.262096208007
2019-12-02 23:00:00,7736.616519599019
2019-12-02 23:30:00,7597.275555421927
2019-12-03 00:00:00,6964.944423701034
2019-12-03 00:30:00,6839.731995523252
2019-12-03 01:00:00,6636.8162921173625
2019-12-03 01:30:00,6448.476694675248
2019-12-03 02:00:00,6214.855058910147
2019-12-03 02:30:00,6215.723654360307
2019-12-03 03:00:00,6107.204138337109
2019-12-03 03:30:00,6114.593313664545
2019-12-03 04:00:00,6128.319079576953
2019-12-03 04:30:00,6297.236585318167
2019-12-03 05:00:00,6535.615563022786
2019-12-03 05:30:00,6841.728983794685
2019-12-03 06:00:00,7339.663797511412
2019-12-03 06:30:00,7561.372826477629
2019-12-03 07:00:00,7906.3639847553295
2019-12-03 07:30:00,7874.876292111713
2019-12-03 08:00:00,8012.726717789404
2019-12-03 08:30:00,8073.588916153854
2019-12-03 09:00:00,7984.264886295771
2019-12-03 09:30:00,7918.736593616042
2019-12-03 10:00:00,7916.558925875842
2019-12-03 10:30:00,7849.524713270914
2019-12-03 11:00:00,7876.79950912593
2019-12-03 11:30:00,7900.870773123623
2019-12-03 12:00:00,7795.646691419715
2019-12-03 12:30:00,7687.992828637733
2019-12-03 13:00:00,7662.959678568432
2019-12-03 13:30:00,7695.8639410505
2019-12-03 14:00:00,7645.763834073976
2019-12-03 14:30:00,7642.758070752791
2019-12-03 15:00:00,7773.088319490358
2019-12-03 15:30:00,7873.776804808935
2019-12-03 16:00:00,8035.997838154016
2019-12-03 16:30:00,8176.290848405975
2019-12-03 17:00:00,8416.08769779543
2019-12-03 17:30:00,8450.428724504682
2019-12-03 18:00:00,8552.28389661641
2019-12-03 18:30:00,8551.988724126863
2019-12-03 19:00:00,8526.177555344819
2019-12-03 19:30:00,8551.879738137599
2019-12-03 20:00:00,8415.659097272659
2019-12-03 20:30:00,8241.290997669164
2019-12-03 21:00:00,7960.677802584139
2019-12-03 21:30:00,7923.333639645498
2019-12-03 22:00:00,7756.5214833200325
2019-12-03 22:30:00,7738.270395555774
2019-12-03 23:00:00,7537.351483854049
2019-12-03 23:30:00,7476.954631598806
2019-12-04 00:00:00,7221.164158405079
2019-12-04 00:30:00,7152.876490651603
2019-12-04 01:00:00,6923.481340902867
2019-12-04 01:30:00,6728.377579495009
2019-12-04 02:00:00,6463.248701976012
2019-12-04 02:30:00,6352.492489789165
2019-12-04 03:00:00,6196.216304881772
2019-12-04 03:30:00,6221.758822422067
2019-12-04 04:00:00,6277.069420045369
2019-12-04 04:30:00,6425.868217001354
2019-12-04 05:00:00,6639.8339557899635
2019-12-04 05:30:00,6972.503037532484
2019-12-04 06:00:00,7393.655710492255
2019-12-04 06:30:00,7511.099049671445
2019-12-04 07:00:00,7754.260130892935
2019-12-04 07:30:00,7654.9146278768285
2019-12-04 08:00:00,7638.795717953486
2019-12-04 08:30:00,7585.998940544895
2019-12-04 09:00:00,7547.034093551241
2019-12-04 09:30:00,7499.233072262898
2019-12-04 10:00:00,7487.461887439565
2019-12-04 10:30:00,7370.780049259676
2019-12-04 11:00:00,7354.9269770713845
2019-12-04 11:30:00,7374.818846719458
2019-12-04 12:00:00,7345.926499868439
2019-12-04 12:30:00,7389.314228740249
2019-12-04 13:00:00,7446.814062896145
2019-12-04 13:30:00,7509.943859252273
2019-12-04 14:00:00,7603.824025660904
2019-12-04 14:30:00,7732.194823482597
2019-12-04 15:00:00,7861.528850808321
2019-12-04 15:30:00,8052.72178231607
2019-12-04 16:00:00,8261.538520764609
2019-12-04 16:30:00,8366.165089301781
2019-12-04 17:00:00,8594.663915277037
2019-12-04 17:30:00,8560.883176069427
2019-12-04 18:00:00,8681.66387682767
2019-12-04 18:30:00,8618.305436588216
2019-12-04 19:00:00,8554.76377754507
2019-12-04 19:30:00,8553.959728887789
2019-12-04 20:00:00,8425.834566456166
2019-12-04 20:30:00,8336.082580523193
2019-12-04 21:00:00,8041.593651337602
2019-12-04 21:30:00,7957.199122620647
2019-12-04 22:00:00,7761.848371455255
2019-12-04 22:30:00,7709.957305904038
2019-12-04 23:00:00,7534.836340733147
2019-12-04 23:30:00,7418.779513914952
2019-12-05 00:00:00,7269.057860505802
2019-12-05 00:30:00,7119.548151538796
2019-12-05 01:00:00,6872.927370569474
2019-12-05 01:30:00,6654.366848158439
2019-12-05 02:00:00,6387.171763212604
2019-12-05 02:30:00,6327.303981513825
2019-12-05 03:00:00,6216.94247010915
2019-12-05 03:30:00,6233.976573853627
2019-12-05 04:00:00,6274.36362756344
2019-12-05 04:30:00,6424.215488515936
2019-12-05 05:00:00,6661.359737836661
2019-12-05 05:30:00,6924.1368410706555
2019-12-05 06:00:00,7352.400261819625
2019-12-05 06:30:00,7467.6372774297715
2019-12-05 07:00:00,7794.489856632577
2019-12-05 07:30:00,7727.819972215215
2019-12-05 08:00:00,7758.4784317827125
2019-12-05 08:30:00,7741.390289612536
2019-12-05 09:00:00,7718.723831058469
2019-12-05 09:30:00,7678.380963728403
2019-12-05 10:00:00,7680.724019977689
2019-12-05 10:30:00,7633.725065533281
2019-12-05 11:00:00,7666.752686669883
2019-12-05 11:30:00,7674.783618310322
2019-12-05 12:00:00,7697.647475051905
2019-12-05 12:30:00,7758.5265954348415
2019-12-05 13:00:00,7855.862402566416
2019-12-05 13:30:00,7952.577961216624
2019-12-05 14:00:00,8058.13034231575
2019-12-05 14:30:00,8148.04526587145
2019-12-05 15:00:00,8337.734597207238
2019-12-05 15:30:00,8503.52314550355
2019-12-05 16:00:00,8718.37884098012
2019-12-05 16:30:00,8821.342628498582
2019-12-05 17:00:00,9023.364635222784
2019-12-05 17:30:00,8946.853686007133
2019-12-05 18:00:00,8987.554114356657
2019-12-05 18:30:00,8887.63338363377
2019-12-05 19:00:00,8806.669311710339
2019-12-05 19:30:00,8768.474120618474
2019-12-05 20:00:00,8622.284143715115
2019-12-05 20:30:00,8477.829483477646
2019-12-05 21:00:00,8168.4418136724325
2019-12-05 21:30:00,8073.177314176097
2019-12-05 22:00:00,7826.050810307823
2019-12-05 22:30:00,7779.736159834398
2019-12-05 23:00:00,7609.953102769246
2019-12-05 23:30:00,7467.758804526519
2019-12-06 00:00:00,7266.605883053691
2019-12-06 00:30:00,7166.919050397719
2019-12-06 01:00:00,6912.682432030981
2019-12-06 01:30:00,6713.347864939597
2019-12-06 02:00:00,6449.310972570495
2019-12-06 02:30:00,6387.568510920988
2019-12-06 03:00:00,6255.417628436989
2019-12-06 03:30:00,6289.173564350731
2019-12-06 04:00:00,6307.51581799068
2019-12-06 04:30:00,6457.247111911252
2019-12-06 05:00:00,6606.169276172447
2019-12-06 05:30:00,6880.014936591691
2019-12-06 06:00:00,7260.269063624896
2019-12-06 06:30:00,7389.222148083126
2019-12-06 07:00:00,7674.469701186309
2019-12-06 07:30:00,7657.786790170427
2019-12-06 08:00:00,7747.378729725947
2019-12-06 08:30:00,7716.164033369805
2019-12-06 09:00:00,7758.728067914125
2019-12-06 09:30:00,7749.6636213874535
2019-12-06 10:00:00,7770.833815453403
2019-12-06 10:30:00,7833.840417685813
2019-12-06 11:00:00,7895.814491908432
2019-12-06 11:30:00,7952.846506838511
2019-12-06 12:00:00,7994.716715759522
2019-12-06 12:30:00,8083.046877670454
2019-12-06 13:00:00,8213.267398173817
2019-12-06 13:30:00,8456.56837128121
2019-12-06 14:00:00,8597.371277506474
2019-12-06 14:30:00,8774.049345692449
2019-12-06 15:00:00,8981.675043192668
2019-12-06 15:30:00,9102.673587705409
2019-12-06 16:00:00,9281.247047915778
2019-12-06 16:30:00,9367.164418576416
2019-12-06 17:00:00,9544.13125300443
2019-12-06 17:30:00,9530.851118066552
2019-12-06 18:00:00,9551.511679350415
2019-12-06 18:30:00,9412.53504336089
2019-12-06 19:00:00,9326.813722289262
2019-12-06 19:30:00,9255.778170229758
2019-12-06 20:00:00,9043.706080826281
2019-12-06 20:30:00,8848.319637109396
2019-12-06 21:00:00,8480.367247341692
2019-12-06 21:30:00,8368.004919653627
2019-12-06 22:00:00,8153.57966002359
2019-12-06 22:30:00,8007.946936919721
2019-12-06 23:00:00,7755.941008324061
2019-12-06 23:30:00,7607.611989315249
2019-12-07 00:00:00,6764.199321982775
2019-12-07 00:30:00,6586.899046594078
2019-12-07 01:00:00,6311.511026901503
2019-12-07 01:30:00,6116.163504338003
2019-12-07 02:00:00,5830.293710831053
2019-12-07 02:30:00,5708.14896567554
2019-12-07 03:00:00,5603.641297474095
2019-12-07 03:30:00,5667.24349886919
2019-12-07 04:00:00,5697.663843632377
2019-12-07 04:30:00,5844.74121223881
2019-12-07 05:00:00,6040.900837916464
2019-12-07 05:30:00,6346.131368311513
2019-12-07 06:00:00,6746.031622023804
2019-12-07 06:30:00,6912.141950849702
2019-12-07 07:00:00,7289.897255467267
2019-12-07 07:30:00,7259.609801892125
2019-12-07 08:00:00,7363.46117577888
2019-12-07 08:30:00,7432.405717117676
2019-12-07 09:00:00,7509.254112853751
2019-12-07 09:30:00,7589.494050514954
2019-12-07 10:00:00,7709.724261129014
2019-12-07 10:30:00,7709.645419409444
2019-12-07 11:00:00,7751.870367217987
2019-12-07 11:30:00,7745.0051853306
2019-12-07 12:00:00,7753.272709939045
2019-12-07 12:30:00,7805.1539124015335
2019-12-07 13:00:00,7852.290847199612
2019-12-07 13:30:00,7891.836079523705
2019-12-07 14:00:00,8011.386566501489
2019-12-07 14:30:00,8120.797169294071
2019-12-07 15:00:00,8241.775035012352
2019-12-07 15:30:00,8428.511144045042
2019-12-07 16:00:00,8567.229259236628
2019-12-07 16:30:00,8651.949017920588
2019-12-07 17:00:00,8725.945005900385
2019-12-07 17:30:00,8564.840119216286
2019-12-07 18:00:00,8592.624740815496
2019-12-07 18:30:00,8444.647559813728
2019-12-07 19:00:00,8289.046573346921
2019-12-07 19:30:00,8225.803445955804
2019-12-07 20:00:00,8030.245898694715
2019-12-07 20:30:00,7852.441356043425
2019-12-07 21:00:00,7616.554263227541
2019-12-07 21:30:00,7496.2789438391665
2019-12-07 22:00:00,7296.773601618022
2019-12-07 22:30:00,7249.413123145019
2019-12-07 23:00:00,7068.518961236638
2019-12-07 23:30:00,6932.542834384707
2019-12-08 00:00:00,7042.654346821335
2019-12-08 00:30:00,6829.977725090987
2019-12-08 01:00:00,6539.516359321167
2019-12-08 01:30:00,6363.145953805264
2019-12-08 02:00:00,6068.969605278607
2019-12-08 02:30:00,5979.788415214451
2019-12-08 03:00:00,5840.634861792655
2019-12-08 03:30:00,5822.752534053926
2019-12-08 04:00:00,5821.783577003346
2019-12-08 04:30:00,5877.65001924755
2019-12-08 05:00:00,5984.601024475386
2019-12-08 05:30:00,6088.631993849875
2019-12-08 06:00:00,6343.809199942362
2019-12-08 06:30:00,6436.694575158201
2019-12-08 07:00:00,6798.018611190908
2019-12-08 07:30:00,6882.880290763241
2019-12-08 08:00:00,7047.483159071251
2019-12-08 08:30:00,7112.669299765489
2019-12-08 09:00:00,7114.836428554043
2019-12-08 09:30:00,7149.97426792364
2019-12-08 10:00:00,7129.741471733254
2019-12-08 10:30:00,7093.905033465982
2019-12-08 11:00:00,7078.293095341538
2019-12-08 11:30:00,7123.356095412583
2019-12-08 12:00:00,7176.829363326071
2019-12-08 12:30:00,7275.537541867137
2019-12-08 13:00:00,7340.466294849479
2019-12-08 13:30:00,7403.620894499475
2019-12-08 14:00:00,7412.201465612228
2019-12-08 14:30:00,7493.516643472017
2019-12-08 15:00:00,7532.738965582344
2019-12-08 15:30:00,7638.334502212871
2019-12-08 16:00:00,7707.258852658604
2019-12-08 16:30:00,7787.691140141543
2019-12-08 17:00:00,7912.387640625635
2019-12-08 17:30:00,7974.538782866857
2019-12-08 18:00:00,8043.054403864766
2019-12-08 18:30:00,8003.23092106961
2019-12-08 19:00:00,7936.695811818625
2019-12-08 19:30:00,7967.219145274027
2019-12-08 20:00:00,7849.136906416805
2019-12-08 20:30:00,7756.833994904681
2019-12-08 21:00:00,7517.544948356421
2019-12-08 21:30:00,7473.741479963139
2019-12-08 22:00:00,7293.1050008710135
2019-12-08 22:30:00,7240.64313945098
2019-12-08 23:00:00,7048.205388226587
2019-12-08 23:30:00,6895.918559821723
2019-12-09 00:00:00,7673.231558095249
2019-12-09 00:30:00,7552.744516842035
2019-12-09 01:00:00,7277.924665926483
2019-12-09 01:30:00,7141.786246730274
2019-12-09 02:00:00,6826.672200555965
2019-12-09 02:30:00,6780.175063349533
2019-12-09 03:00:00,6638.551876092773
2019-12-09 03:30:00,6634.092426525922
2019-12-09 04:00:00,6599.073006350502
2019-12-09 04:30:00,6640.483232603771
2019-12-09 05:00:00,6719.370675122442
2019-12-09 05:30:00,6759.762326694619
2019-12-09 06:00:00,6996.793894782456
2019-12-09 06:30:00,7096.08255521389
2019-12-09 07:00:00,7424.566230278959
2019-12-09 07:30:00,7563.221085738899
2019-12-09 08:00:00,7771.716127248489
2019-12-09 08:30:00,7885.062363235048
2019-12-09 09:00:00,7926.384433398541
2019-12-09 09:30:00,7963.084212932383
2019-12-09 10:00:00,7940.089414576455
2019-12-09 10:30:00,7927.372194232008
2019-12-09 11:00:00,7803.628734103026
2019-12-09 11:30:00,7790.412323612398
2019-12-09 12:00:00,7754.959830452269
2019-12-09 12:30:00,7805.655911118601
2019-12-09 13:00:00,7845.273417535766
2019-12-09 13:30:00,7898.401838562671
2019-12-09 14:00:00,7969.959776776002
2019-12-09 14:30:00,8045.393681046899
2019-12-09 15:00:00,8263.274201053535
2019-12-09 15:30:00,8373.705828551825
2019-12-09 16:00:00,8580.485594705358
2019-12-09 16:30:00,8742.13204212644
2019-12-09 17:00:00,8919.032347948234
2019-12-09 17:30:00,8985.173161809134
2019-12-09 18:00:00,9097.885814519723
2019-12-09 18:30:00,9077.10580031121
2019-12-09 19:00:00,9003.737371396464
2019-12-09 19:30:00,8999.002298450345
2019-12-09 20:00:00,8853.840405182453
2019-12-09 20:30:00,8755.176579045536
2019-12-09 21:00:00,8464.80051560334
2019-12-09 21:30:00,8340.31393964172
2019-12-09 22:00:00,8147.870560967661
2019-12-09 22:30:00,8104.851592121379
2019-12-09 23:00:00,7893.599016193669
2019-12-09 23:30:00,7762.879328636112
2019-12-10 00:00:00,7160.770483366512
2019-12-10 00:30:00,7041.803656965189
2019-12-10 01:00:00,6846.5057727700605
2019-12-10 01:30:00,6688.841938038899
2019-12-10 02:00:00,6456.924808604865
2019-12-10 02:30:00,6399.3439969408655
2019-12-10 03:00:00,6268.48713545005
2019-12-10 03:30:00,6298.242891376936
2019-12-10 04:00:00,6349.944890519435
2019-12-10 04:30:00,6557.74632316146
2019-12-10 05:00:00,6748.11057589955
2019-12-10 05:30:00,7116.168494164243
2019-12-10 06:00:00,7603.435372944877
2019-12-10 06:30:00,7876.489474887363
2019-12-10 07:00:00,8282.739021940706
2019-12-10 07:30:00,8364.204001964252
2019-12-10 08:00:00,8515.90535844864
2019-12-10 08:30:00,8593.282276022655
2019-12-10 09:00:00,8645.589629813865
2019-12-10 09:30:00,8634.722286126278
2019-12-10 10:00:00,8609.924413542258
2019-12-10 10:30:00,8565.621109724345
2019-12-10 11:00:00,8606.785934606618
2019-12-10 11:30:00,8621.861907775658
2019-12-10 12:00:00,8655.548755800679
2019-12-10 12:30:00,8715.27198951929
2019-12-10 13:00:00,8896.950914033912
2019-12-10 13:30:00,9000.185070748052
2019-12-10 14:00:00,9109.581753141065
2019-12-10 14:30:00,9241.819028458716
2019-12-10 15:00:00,9456.541355888618
2019-12-10 15:30:00,9608.16162468661
2019-12-10 16:00:00,9763.640670268023
2019-12-10 16:30:00,9784.959618121726
2019-12-10 17:00:00,9912.728410533226
2019-12-10 17:30:00,9836.947922438874
2019-12-10 18:00:00,9877.835269359368
2019-12-10 18:30:00,9780.507189527989
2019-12-10 19:00:00,9593.300570477437
2019-12-10 19:30:00,9526.557098524094
2019-12-10 20:00:00,9295.423796169862
2019-12-10 20:30:00,9106.535579061005
2019-12-10 21:00:00,8756.534672730048
2019-12-10 21:30:00,8667.547637233796
2019-12-10 22:00:00,8379.490548148153
2019-12-10 22:30:00,8247.669012351973
2019-12-10 23:00:00,8023.035283564737
2019-12-10 23:30:00,7893.225916769695
2019-12-11 00:00:00,7550.7670252653215
2019-12-11 00:30:00,7432.818596477913
2019-12-11 01:00:00,7135.336992473362
2019-12-11 01:30:00,6911.18313296605
2019-12-11 02:00:00,6639.474382960487
2019-12-11 02:30:00,6535.364571866429
2019-12-11 03:00:00,6449.509436024025
2019-12-11 03:30:00,6427.04183750293
2019-12-11 04:00:00,6458.008174841066
2019-12-11 04:30:00,6591.458002340538
2019-12-11 05:00:00,6832.099969131693
2019-12-11 05:30:00,7149.867860229974
2019-12-11 06:00:00,7604.126831515101
2019-12-11 06:30:00,7825.043479658934
2019-12-11 07:00:00,8142.743261661124
2019-12-11 07:30:00,8282.204615802964
2019-12-11 08:00:00,8435.357031441225
2019-12-11 08:30:00,8504.749174525119
2019-12-11 09:00:00,8653.49646358727
2019-12-11 09:30:00,8740.59632895227
2019-12-11 10:00:00,8850.724146315462
2019-12-11 10:30:00,9031.711039558908
2019-12-11 11:00:00,9217.947477697784
2019-12-11 11:30:00,9399.940455441796
2019-12-11 12:00:00,9552.382408003303
2019-12-11 12:30:00,9909.290140216464
2019-12-11 13:00:00,10092.431454597761
2019-12-11 13:30:00,10120.224648111247
2019-12-11 14:00:00,9926.663652284476
2019-12-11 14:30:00,10044.395750301905
2019-12-11 15:00:00,10229.534300170752
2019-12-11 15:30:00,10315.508336348885
2019-12-11 16:00:00,10339.54184215658
2019-12-11 16:30:00,10247.069402303243
2019-12-11 17:00:00,10164.542502011062
2019-12-11 17:30:00,9943.283701881737
2019-12-11 18:00:00,9867.831362607836
2019-12-11 18:30:00,9624.828189081785
2019-12-11 19:00:00,9421.52719924828
2019-12-11 19:30:00,9259.794851177869
2019-12-11 20:00:00,8996.960152501835
2019-12-11 20:30:00,8766.570554306792
2019-12-11 21:00:00,8427.3164246315
2019-12-11 21:30:00,8259.04855647867
2019-12-11 22:00:00,8006.249873794549
2019-12-11 22:30:00,7892.77075766272
2019-12-11 23:00:00,7684.89795926531
2019-12-11 23:30:00,7532.02078588135
2019-12-12 00:00:00,7316.60965351861
2019-12-12 00:30:00,7203.524100706179
2019-12-12 01:00:00,6951.685978663041
2019-12-12 01:30:00,6770.942024229613
2019-12-12 02:00:00,6481.466259333654
2019-12-12 02:30:00,6370.03117442659
2019-12-12 03:00:00,6254.951335027106
2019-12-12 03:30:00,6258.099841582288
2019-12-12 04:00:00,6316.612984186473
2019-12-12 04:30:00,6492.720256503631
2019-12-12 05:00:00,6725.963361945798
2019-12-12 05:30:00,7019.497696702108
2019-12-12 06:00:00,7515.248363051868
2019-12-12 06:30:00,7687.432315288394
2019-12-12 07:00:00,8115.573587877603
2019-12-12 07:30:00,8124.758424369022
2019-12-12 08:00:00,8264.379884984002
2019-12-12 08:30:00,8277.576569297173
2019-12-12 09:00:00,8271.93172430706
2019-12-12 09:30:00,8247.56989672496
2019-12-12 10:00:00,8250.835586850104
2019-12-12 10:30:00,8197.583971699481
2019-12-12 11:00:00,8204.265026638506
2019-12-12 11:30:00,8158.557643162663
2019-12-12 12:00:00,8117.531362016536
2019-12-12 12:30:00,8098.696988202938
2019-12-12 13:00:00,8158.154952934271
2019-12-12 13:30:00,8185.054747703729
2019-12-12 14:00:00,8348.39178105631
2019-12-12 14:30:00,8410.768940089063
2019-12-12 15:00:00,8579.304243007222
2019-12-12 15:30:00,8654.69379487397
2019-12-12 16:00:00,8832.209759249863
2019-12-12 16:30:00,8833.174118438077
2019-12-12 17:00:00,8929.30278895041
2019-12-12 17:30:00,8892.28828781674
2019-12-12 18:00:00,8991.083481114409
2019-12-12 18:30:00,8881.27931500243
2019-12-12 19:00:00,8739.52925934232
2019-12-12 19:30:00,8738.095122206934
2019-12-12 20:00:00,8558.51861469381
2019-12-12 20:30:00,8402.141096747624
2019-12-12 21:00:00,8089.093417127701
2019-12-12 21:30:00,8054.89513365245
2019-12-12 22:00:00,7836.631632245482
2019-12-12 22:30:00,7759.16355983855
2019-12-12 23:00:00,7563.316618884847
2019-12-12 23:30:00,7443.40037350045
2019-12-13 00:00:00,7240.397500533686
2019-12-13 00:30:00,7086.809415138705
2019-12-13 01:00:00,6812.973472521646
2019-12-13 01:30:00,6651.774803912837
2019-12-13 02:00:00,6351.827885740484
2019-12-13 02:30:00,6275.181429287767
2019-12-13 03:00:00,6167.446412811571
2019-12-13 03:30:00,6177.777449945763
2019-12-13 04:00:00,6223.9350733012725
2019-12-13 04:30:00,6411.467994994311
2019-12-13 05:00:00,6621.271906730237
2019-12-13 05:30:00,6934.612210485293
2019-12-13 06:00:00,7401.273680515039
2019-12-13 06:30:00,7632.469954459157
2019-12-13 07:00:00,7981.596154682328
2019-12-13 07:30:00,8024.260658429772
2019-12-13 08:00:00,8105.96440957885
2019-12-13 08:30:00,8097.106607800606
2019-12-13 09:00:00,8114.460413701394
2019-12-13 09:30:00,8105.607866106739
2019-12-13 10:00:00,8133.690221556018
2019-12-13 10:30:00,8084.890997042488
2019-12-13 11:00:00,8055.472480515496
2019-12-13 11:30:00,7970.784584055163
2019-12-13 12:00:00,7944.7312763430855
2019-12-13 12:30:00,8038.859438285377
2019-12-13 13:00:00,8096.711287515493
2019-12-13 13:30:00,8137.72071445243
2019-12-13 14:00:00,8150.517151043568
2019-12-13 14:30:00,8179.225097157531
2019-12-13 15:00:00,8271.207080269234
2019-12-13 15:30:00,8336.420651349135
2019-12-13 16:00:00,8486.721454077293
2019-12-13 16:30:00,8575.49478589536
2019-12-13 17:00:00,8690.428418022282
2019-12-13 17:30:00,8726.771750643942
2019-12-13 18:00:00,8698.650009432762
2019-12-13 18:30:00,8679.02850898037
2019-12-13 19:00:00,8573.191106215307
2019-12-13 19:30:00,8564.574438500911
2019-12-13 20:00:00,8404.61943144018
2019-12-13 20:30:00,8268.62375547797
2019-12-13 21:00:00,7985.998391391806
2019-12-13 21:30:00,7939.250434099974
2019-12-13 22:00:00,7726.226449968895
2019-12-13 22:30:00,7641.096205947053
2019-12-13 23:00:00,7463.864680945175
2019-12-13 23:30:00,7302.228096612819
2019-12-14 00:00:00,6576.548019376832
2019-12-14 00:30:00,6437.9348892292455
2019-12-14 01:00:00,6191.901826147226
2019-12-14 01:30:00,5990.889360764812
2019-12-14 02:00:00,5730.739317347577
2019-12-14 02:30:00,5638.611011293077
2019-12-14 03:00:00,5505.611727747649
2019-12-14 03:30:00,5535.42414919203
2019-12-14 04:00:00,5585.278898769464
2019-12-14 04:30:00,5779.502396892265
2019-12-14 05:00:00,6036.9079211650405
2019-12-14 05:30:00,6333.696389303317
2019-12-14 06:00:00,6733.33876400045
2019-12-14 06:30:00,6937.826770651221
2019-12-14 07:00:00,7325.9157394947715
2019-12-14 07:30:00,7413.832788976025
2019-12-14 08:00:00,7532.068950198255
2019-12-14 08:30:00,7553.2965661518665
2019-12-14 09:00:00,7584.550909447089
2019-12-14 09:30:00,7585.510014451715
2019-12-14 10:00:00,7568.180158914701
2019-12-14 10:30:00,7533.920601016814
2019-12-14 11:00:00,7468.8942901058745
2019-12-14 11:30:00,7394.348530395418
2019-12-14 12:00:00,7402.06743533712
2019-12-14 12:30:00,7383.948405372505
2019-12-14 13:00:00,7387.6090835576515
2019-12-14 13:30:00,7430.175841753695
2019-12-14 14:00:00,7410.323444853304
2019-12-14 14:30:00,7435.3687540607625
2019-12-14 15:00:00,7541.816816252128
2019-12-14 15:30:00,7643.4075639906605
2019-12-14 16:00:00,7761.2250979418095
2019-12-14 16:30:00,7788.228537724706
2019-12-14 17:00:00,7813.137187631182
2019-12-14 17:30:00,7778.392911580982
2019-12-14 18:00:00,7826.012560243595
2019-12-14 18:30:00,7790.845308674989
2019-12-14 19:00:00,7746.6989562255285
2019-12-14 19:30:00,7769.132065431201
2019-12-14 20:00:00,7669.328344723902
2019-12-14 20:30:00,7543.410258718689
2019-12-14 21:00:00,7323.8534165660185
2019-12-14 21:30:00,7312.383414785988
2019-12-14 22:00:00,7184.627163727162
2019-12-14 22:30:00,7142.616906473244
2019-12-14 23:00:00,6962.455832777958
2019-12-14 23:30:00,6848.541428014376
2019-12-15 00:00:00,6954.916332499173
2019-12-15 00:30:00,6838.084692155529
2019-12-15 01:00:00,6542.996330290992
2019-12-15 01:30:00,6383.679400562668
2019-12-15 02:00:00,6097.767881743364
2019-12-15 02:30:00,5999.6748514752635
2019-12-15 03:00:00,5864.139582555824
2019-12-15 03:30:00,5867.354617717228
2019-12-15 04:00:00,5874.910996480954
2019-12-15 04:30:00,5942.7563166729215
2019-12-15 05:00:00,6025.527981051663
2019-12-15 05:30:00,6150.599647808792
2019-12-15 06:00:00,6407.444889103581
2019-12-15 06:30:00,6478.160465379668
2019-12-15 07:00:00,6819.8825500702615
2019-12-15 07:30:00,6911.40294384873
2019-12-15 08:00:00,7137.271436929317
2019-12-15 08:30:00,7157.143757467111
2019-12-15 09:00:00,7194.648134376755
2019-12-15 09:30:00,7171.066197436515
2019-12-15 10:00:00,7128.562584384734
2019-12-15 10:30:00,7077.308020962932
2019-12-15 11:00:00,7038.716981057867
2019-12-15 11:30:00,7057.322533920964
2019-12-15 12:00:00,7112.353133093557
2019-12-15 12:30:00,7129.1753379060165
2019-12-15 13:00:00,7231.140768224103
2019-12-15 13:30:00,7372.245708408727
2019-12-15 14:00:00,7482.092619638633
2019-12-15 14:30:00,7611.4029733546695
2019-12-15 15:00:00,7753.51992728544
2019-12-15 15:30:00,7896.890483648395
2019-12-15 16:00:00,8051.9928879288955
2019-12-15 16:30:00,8054.135309983509
2019-12-15 17:00:00,8158.993979245229
2019-12-15 17:30:00,8136.388891673725
2019-12-15 18:00:00,8264.593257074826
2019-12-15 18:30:00,8169.865064131886
2019-12-15 19:00:00,8109.722731729321
2019-12-15 19:30:00,8140.52168856399
2019-12-15 20:00:00,8043.396696464701
2019-12-15 20:30:00,7911.552984466446
2019-12-15 21:00:00,7698.674405630191
2019-12-15 21:30:00,7615.590819924907
2019-12-15 22:00:00,7424.020645606147
2019-12-15 22:30:00,7333.501082144659
2019-12-15 23:00:00,7106.877360558361
2019-12-15 23:30:00,6934.595017491985
2019-12-16 00:00:00,7756.248954091511
2019-12-16 00:30:00,7625.030076387775
2019-12-16 01:00:00,7392.715063967182
2019-12-16 01:30:00,7205.814212565593
2019-12-16 02:00:00,6964.648345125712
2019-12-16 02:30:00,6902.052228231186
2019-12-16 03:00:00,6789.793860673709
2019-12-16 03:30:00,6768.563617628304
2019-12-16 04:00:00,6729.254099160067
2019-12-16 04:30:00,6749.643177140977
2019-12-16 05:00:00,6853.8587882433085
2019-12-16 05:30:00,6915.485937044481
2019-12-16 06:00:00,7136.5072302525205
2019-12-16 06:30:00,7200.830029680188
2019-12-16 07:00:00,7523.9784237313115
2019-12-16 07:30:00,7600.897876471502
2019-12-16 08:00:00,7875.543417863545
2019-12-16 08:30:00,7974.991743547464
2019-12-16 09:00:00,8038.481162626089
2019-12-16 09:30:00,7961.347183862089
2019-12-16 10:00:00,8017.001147871287
2019-12-16 10:30:00,8038.89532343177
2019-12-16 11:00:00,8095.988954382476
2019-12-16 11:30:00,8173.105188782365
2019-12-16 12:00:00,8273.491333423757
2019-12-16 12:30:00,8401.458704837323
2019-12-16 13:00:00,8506.835951976513
2019-12-16 13:30:00,8587.152104265491
2019-12-16 14:00:00,8765.542934585037
2019-12-16 14:30:00,8917.493042255175
2019-12-16 15:00:00,9000.202129345611
2019-12-16 15:30:00,9085.09847530054
2019-12-16 16:00:00,9174.465942152883
2019-12-16 16:30:00,9273.567684013347
2019-12-16 17:00:00,9473.816028708467
2019-12-16 17:30:00,9510.84809713907
2019-12-16 18:00:00,9609.731995245038
2019-12-16 18:30:00,9523.703920641203
2019-12-16 19:00:00,9442.914454175396
2019-12-16 19:30:00,9449.373759630038
2019-12-16 20:00:00,9321.944391937119
2019-12-16 20:30:00,9206.92551184312
2019-12-16 21:00:00,8955.886231230423
2019-12-16 21:30:00,8738.53120207145
2019-12-16 22:00:00,8468.910314574867
2019-12-16 22:30:00,8396.755346979804
2019-12-16 23:00:00,8102.438734457089
2019-12-16 23:30:00,7960.692037959461
2019-12-17 00:00:00,7313.413618043936
2019-12-17 00:30:00,7175.976568949404
2019-12-17 01:00:00,6976.666836932523
2019-12-17 01:30:00,6801.94952641378
2019-12-17 02:00:00,6560.616112446032
2019-12-17 02:30:00,6486.023550306807
2019-12-17 03:00:00,6395.5883978656275
2019-12-17 03:30:00,6423.302749659544
2019-12-17 04:00:00,6473.376457098751
2019-12-17 04:30:00,6617.356730483908
2019-12-17 05:00:00,6803.947642372298
2019-12-17 05:30:00,7104.039673413101
2019-12-17 06:00:00,7507.020100328182
2019-12-17 06:30:00,7756.206955929607
2019-12-17 07:00:00,8127.744089156377
2019-12-17 07:30:00,8160.331002946823
2019-12-17 08:00:00,8308.642718812182
2019-12-17 08:30:00,8304.372814908094
2019-12-17 09:00:00,8366.836600375871
2019-12-17 09:30:00,8344.870642025577
2019-12-17 10:00:00,8375.459747717035
2019-12-17 10:30:00,8339.662407670323
2019-12-17 11:00:00,8346.78400542469
2019-12-17 11:30:00,8359.304444109437
2019-12-17 12:00:00,8362.53448728528
2019-12-17 12:30:00,8358.424248633677
2019-12-17 13:00:00,8409.25830965368
2019-12-17 13:30:00,8445.279216467305
2019-12-17 14:00:00,8454.64428712706
2019-12-17 14:30:00,8437.105916119988
2019-12-17 15:00:00,8509.98052913062
2019-12-17 15:30:00,8581.707444090864
2019-12-17 16:00:00,8680.203258984307
2019-12-17 16:30:00,8807.641559841411
2019-12-17 17:00:00,8958.033007121348
2019-12-17 17:30:00,8926.592293973676
2019-12-17 18:00:00,8936.134691484553
2019-12-17 18:30:00,8864.528343556232
2019-12-17 19:00:00,8785.945200659466
2019-12-17 19:30:00,8749.771864590291
2019-12-17 20:00:00,8616.185599929213
2019-12-17 20:30:00,8491.09636587515
2019-12-17 21:00:00,8194.40374021231
2019-12-17 21:30:00,8147.077751054728
2019-12-17 22:00:00,7930.3885029253515
2019-12-17 22:30:00,7889.207097622583
2019-12-17 23:00:00,7719.967406040585
2019-12-17 23:30:00,7592.986570017308
2019-12-18 00:00:00,7331.032243001237
2019-12-18 00:30:00,7238.094634105867
2019-12-18 01:00:00,6973.158218579408
2019-12-18 01:30:00,6776.708847777284
2019-12-18 02:00:00,6519.219965671123
2019-12-18 02:30:00,6423.313709861784
2019-12-18 03:00:00,6303.164526806072
2019-12-18 03:30:00,6347.903119255737
2019-12-18 04:00:00,6385.068078874387
2019-12-18 04:30:00,6576.834433342747
2019-12-18 05:00:00,6812.436291609506
2019-12-18 05:30:00,7064.606734330041
2019-12-18 06:00:00,7447.19020198883
2019-12-18 06:30:00,7634.1789358530905
2019-12-18 07:00:00,7949.923214371638
2019-12-18 07:30:00,7992.361524260374
2019-12-18 08:00:00,8084.337019934355
2019-12-18 08:30:00,8094.766447898396
2019-12-18 09:00:00,8109.468955576837
2019-12-18 09:30:00,8074.813207267759
2019-12-18 10:00:00,8057.852111756274
2019-12-18 10:30:00,8046.138348820601
2019-12-18 11:00:00,8078.25384444852
2019-12-18 11:30:00,8065.657191135997
2019-12-18 12:00:00,8046.645652582277
2019-12-18 12:30:00,8135.076832414852
2019-12-18 13:00:00,8135.404535498464
2019-12-18 13:30:00,8218.094557884351
2019-12-18 14:00:00,8254.58100826713
2019-12-18 14:30:00,8400.637352167854
2019-12-18 15:00:00,8538.909827737561
2019-12-18 15:30:00,8684.81111529094
2019-12-18 16:00:00,8868.592230553571
2019-12-18 16:30:00,8963.891219365327
2019-12-18 17:00:00,9143.85150400118
2019-12-18 17:30:00,9084.67688994931
2019-12-18 18:00:00,9143.867558313597
2019-12-18 18:30:00,9076.086139636058
2019-12-18 19:00:00,8909.445831115834
2019-12-18 19:30:00,8884.162014936323
2019-12-18 20:00:00,8772.96713416856
2019-12-18 20:30:00,8615.027676058131
2019-12-18 21:00:00,8344.536423334252
2019-12-18 21:30:00,8242.65050310617
2019-12-18 22:00:00,8015.600982710771
2019-12-18 22:30:00,7989.180828977213
2019-12-18 23:00:00,7792.251588895167
2019-12-18 23:30:00,7659.5028103179875
2019-12-19 00:00:00,7507.616315782427
2019-12-19 00:30:00,7342.811675784609
2019-12-19 01:00:00,7061.675262648412
2019-12-19 01:30:00,6848.9419754005685
2019-12-19 02:00:00,6618.9926625635235
2019-12-19 02:30:00,6480.416648823153
2019-12-19 03:00:00,6368.473002865505
2019-12-19 03:30:00,6389.3983873998095
2019-12-19 04:00:00,6413.255781694917
2019-12-19 04:30:00,6596.776855566202
2019-12-19 05:00:00,6777.142360066864
2019-12-19 05:30:00,7063.117522943254
2019-12-19 06:00:00,7462.078220761199
2019-12-19 06:30:00,7608.178094720445
2019-12-19 07:00:00,7958.905156261246
2019-12-19 07:30:00,7935.441159261135
2019-12-19 08:00:00,8029.615742507224
2019-12-19 08:30:00,8085.49647967812
2019-12-19 09:00:00,8098.194054352357
2019-12-19 09:30:00,8093.205357161868
2019-12-19 10:00:00,8102.3301446738315
2019-12-19 10:30:00,8108.621903600607
2019-12-19 11:00:00,8141.31986293224
2019-12-19 11:30:00,8204.835986610831
2019-12-19 12:00:00,8266.729140579017
2019-12-19 12:30:00,8338.832696840173
2019-12-19 13:00:00,8458.055620602472
2019-12-19 13:30:00,8623.627838128805
2019-12-19 14:00:00,8744.270487323662
2019-12-19 14:30:00,8921.115924970327
2019-12-19 15:00:00,9154.148632773777
2019-12-19 15:30:00,9339.364526954578
2019-12-19 16:00:00,9530.55418958775
2019-12-19 16:30:00,9559.154058850312
2019-12-19 17:00:00,9740.326895667984
2019-12-19 17:30:00,9707.171813100516
2019-12-19 18:00:00,9725.08005824039
2019-12-19 18:30:00,9576.315750599826
2019-12-19 19:00:00,9405.365794676507
2019-12-19 19:30:00,9346.058300479368
2019-12-19 20:00:00,9180.236960034885
2019-12-19 20:30:00,8988.165747055426
2019-12-19 21:00:00,8710.703685617376
2019-12-19 21:30:00,8585.781821024004
2019-12-19 22:00:00,8318.450707721173
2019-12-19 22:30:00,8195.464797501161
2019-12-19 23:00:00,7959.44253574526
2019-12-19 23:30:00,7803.943299270785
2019-12-20 00:00:00,7516.688385409109
2019-12-20 00:30:00,7388.760757494553
2019-12-20 01:00:00,7139.502973229575
2019-12-20 01:30:00,6906.164277230844
2019-12-20 02:00:00,6637.370135713549
2019-12-20 02:30:00,6512.787796013874
2019-12-20 03:00:00,6406.31231121544
2019-12-20 03:30:00,6411.667141339664
2019-12-20 04:00:00,6402.490020099227
2019-12-20 04:30:00,6547.3408707478875
2019-12-20 05:00:00,6730.8939800242915
2019-12-20 05:30:00,7009.096267342575
2019-12-20 06:00:00,7385.11235269532
2019-12-20 06:30:00,7576.988765828426
2019-12-20 07:00:00,7944.324328503501
2019-12-20 07:30:00,8046.384854189207
2019-12-20 08:00:00,8229.97189847457
2019-12-20 08:30:00,8368.889241854808
2019-12-20 09:00:00,8523.628508449046
2019-12-20 09:30:00,8657.483567102812
2019-12-20 10:00:00,8875.014427162589
2019-12-20 10:30:00,9105.947390840784
2019-12-20 11:00:00,9298.06247547676
2019-12-20 11:30:00,9475.738569820742
2019-12-20 12:00:00,9742.355610319957
2019-12-20 12:30:00,10078.121787283753
2019-12-20 13:00:00,10256.93769171119
2019-12-20 13:30:00,10377.10738427278
2019-12-20 14:00:00,10510.38117609558
2019-12-20 14:30:00,10652.065615770029
2019-12-20 15:00:00,10733.565777183241
2019-12-20 15:30:00,10573.71779508511
2019-12-20 16:00:00,10406.019435739865
2019-12-20 16:30:00,10386.725147067824
2019-12-20 17:00:00,10325.54444794783
2019-12-20 17:30:00,10068.537914359533
2019-12-20 18:00:00,9975.57200737243
2019-12-20 18:30:00,9740.582843468334
2019-12-20 19:00:00,9488.497569326439
2019-12-20 19:30:00,9375.456368918156
2019-12-20 20:00:00,9176.87088213381
2019-12-20 20:30:00,8976.274156272868
2019-12-20 21:00:00,8659.379548267267
2019-12-20 21:30:00,8496.142102617281
2019-12-20 22:00:00,8232.053277794343
2019-12-20 22:30:00,8119.811517138202
2019-12-20 23:00:00,7858.755436942562
2019-12-20 23:30:00,7664.027671557167
2019-12-21 00:00:00,6893.577220919704
2019-12-21 00:30:00,6720.079698579714
2019-12-21 01:00:00,6465.388242470943
2019-12-21 01:30:00,6243.580822674877
2019-12-21 02:00:00,6001.726219426049
2019-12-21 02:30:00,5911.634708599379
2019-12-21 03:00:00,5780.743357793143
2019-12-21 03:30:00,5786.824040133529
2019-12-21 04:00:00,5809.3678643251715
2019-12-21 04:30:00,5957.938017397832
2019-12-21 05:00:00,6108.390082532468
2019-12-21 05:30:00,6391.873612438994
2019-12-21 06:00:00,6787.386199374247
2019-12-21 06:30:00,6968.282583063224
2019-12-21 07:00:00,7363.332497532217
2019-12-21 07:30:00,7417.378298251393
2019-12-21 08:00:00,7633.1072816739
2019-12-21 08:30:00,7664.1394912970345
2019-12-21 09:00:00,7720.877059523263
2019-12-21 09:30:00,7746.512713709819
2019-12-21 10:00:00,7759.44025427049
2019-12-21 10:30:00,7731.443220167547
2019-12-21 11:00:00,7773.93853717177
2019-12-21 11:30:00,7770.127902847679
2019-12-21 12:00:00,7910.6353298655695
2019-12-21 12:30:00,7984.549019284576
2019-12-21 13:00:00,8101.324485413986
2019-12-21 13:30:00,8266.471277397295
2019-12-21 14:00:00,8356.138382486512
2019-12-21 14:30:00,8500.379339045796
2019-12-21 15:00:00,8629.629270468364
2019-12-21 15:30:00,8787.97460501154
2019-12-21 16:00:00,8948.063079390733
2019-12-21 16:30:00,8996.255036906681
2019-12-21 17:00:00,9045.390007158196
2019-12-21 17:30:00,8948.976856994468
2019-12-21 18:00:00,8932.263843140685
2019-12-21 18:30:00,8808.903918711558
2019-12-21 19:00:00,8683.445015494102
2019-12-21 19:30:00,8565.265315731574
2019-12-21 20:00:00,8397.32110234276
2019-12-21 20:30:00,8222.480597700298
2019-12-21 21:00:00,7915.400269385771
2019-12-21 21:30:00,7855.699211869233
2019-12-21 22:00:00,7623.311783368095
2019-12-21 22:30:00,7587.399130473048
2019-12-21 23:00:00,7360.089300169599
2019-12-21 23:30:00,7160.550070143132
2019-12-22 00:00:00,7179.701949654669
2019-12-22 00:30:00,7008.460180404283
2019-12-22 01:00:00,6740.01355722687
2019-12-22 01:30:00,6508.379367559206
2019-12-22 02:00:00,6220.8714192602365
2019-12-22 02:30:00,6119.900251632633
2019-12-22 03:00:00,5961.002003634726
2019-12-22 03:30:00,5932.294057520763
2019-12-22 04:00:00,5918.750623359734
2019-12-22 04:30:00,5976.036262534185
2019-12-22 05:00:00,6059.427507023856
2019-12-22 05:30:00,6145.3989161101945
2019-12-22 06:00:00,6410.083561569313
2019-12-22 06:30:00,6518.155790964562
2019-12-22 07:00:00,6881.23131282428
2019-12-22 07:30:00,7024.3996562767725
2019-12-22 08:00:00,7256.855080773684
2019-12-22 08:30:00,7415.3919427929695
2019-12-22 09:00:00,7537.792665657543
2019-12-22 09:30:00,7658.331118244663
2019-12-22 10:00:00,7720.407094234112
2019-12-22 10:30:00,7889.533049469923
2019-12-22 11:00:00,8087.515112768098
2019-12-22 11:30:00,8251.898759060856
2019-12-22 12:00:00,8514.194484322077
2019-12-22 12:30:00,8762.872463755768
2019-12-22 13:00:00,9005.137963255573
2019-12-22 13:30:00,9277.756776566306
2019-12-22 14:00:00,9485.80497198289
2019-12-22 14:30:00,9717.323848802218
2019-12-22 15:00:00,9887.44309101952
2019-12-22 15:30:00,10026.653802143137
2019-12-22 16:00:00,10187.95482870415
2019-12-22 16:30:00,10278.554878576459
2019-12-22 17:00:00,10119.11640681947
2019-12-22 17:30:00,9794.594214844174
2019-12-22 18:00:00,9621.646426278201
2019-12-22 18:30:00,9329.974281292096
2019-12-22 19:00:00,9044.67200488165
2019-12-22 19:30:00,8809.343316083856
2019-12-22 20:00:00,8543.049998157952
2019-12-22 20:30:00,8334.363048047282
2019-12-22 21:00:00,8011.968239591663
2019-12-22 21:30:00,7824.521395615127
2019-12-22 22:00:00,7567.983861396727
2019-12-22 22:30:00,7445.706236095943
2019-12-22 23:00:00,7159.381456993106
2019-12-22 23:30:00,6965.487620675274
2019-12-23 00:00:00,7653.487642267559
2019-12-23 00:30:00,7515.7971459958335
2019-12-23 01:00:00,7244.696597504279
2019-12-23 01:30:00,7044.3605548174655
2019-12-23 02:00:00,6797.70697710809
2019-12-23 02:30:00,6719.0509787460305
2019-12-23 03:00:00,6578.475601302194
2019-12-23 03:30:00,6522.154321315958
2019-12-23 04:00:00,6522.124920159724
2019-12-23 04:30:00,6567.822617614014
2019-12-23 05:00:00,6646.872352476963
2019-12-23 05:30:00,6696.965597983676
2019-12-23 06:00:00,6946.717013507753
2019-12-23 06:30:00,7063.408537709193
2019-12-23 07:00:00,7418.83175104273
2019-12-23 07:30:00,7580.684666145064
2019-12-23 08:00:00,7820.883731068249
2019-12-23 08:30:00,7939.2257231750555
2019-12-23 09:00:00,8022.745146230613
2019-12-23 09:30:00,8000.762265861832
2019-12-23 10:00:00,7961.387610254954
2019-12-23 10:30:00,7928.033118935992
2019-12-23 11:00:00,7830.4616195469625
2019-12-23 11:30:00,7847.739307379904
2019-12-23 12:00:00,7767.455085123849
2019-12-23 12:30:00,7743.6888567044325
2019-12-23 13:00:00,7763.352573772441
2019-12-23 13:30:00,7783.763827955425
2019-12-23 14:00:00,7798.311750373573
2019-12-23 14:30:00,7857.784164006785
2019-12-23 15:00:00,7995.412256171697
2019-12-23 15:30:00,8070.624575489026
2019-12-23 16:00:00,8195.390741952271
2019-12-23 16:30:00,8312.827667480151
2019-12-23 17:00:00,8426.339475585033
2019-12-23 17:30:00,8450.356701157027
2019-12-23 18:00:00,8540.099938108546
2019-12-23 18:30:00,8589.396370954912
2019-12-23 19:00:00,8552.727721574009
2019-12-23 19:30:00,8591.811057226312
2019-12-23 20:00:00,8498.333761828386
2019-12-23 20:30:00,8452.518124433966
2019-12-23 21:00:00,8227.121734004757
2019-12-23 21:30:00,8132.548597409162
2019-12-23 22:00:00,7942.958552800737
2019-12-23 22:30:00,7900.431538103703
2019-12-23 23:00:00,7689.845521782864
2019-12-23 23:30:00,7574.356863741692
2019-12-24 00:00:00,6945.916665419784
2019-12-24 00:30:00,6829.596528335667
2019-12-24 01:00:00,6594.133009359893
2019-12-24 01:30:00,6452.233883606715
2019-12-24 02:00:00,6198.417324428609
2019-12-24 02:30:00,6121.729142663538
2019-12-24 03:00:00,6013.959636871921
2019-12-24 03:30:00,6049.67550810727
2019-12-24 04:00:00,6058.87266875481
2019-12-24 04:30:00,6164.446029183262
2019-12-24 05:00:00,6317.05037946124
2019-12-24 05:30:00,6536.3635391956495
2019-12-24 06:00:00,6909.595446180778
2019-12-24 06:30:00,7050.427213010752
2019-12-24 07:00:00,7449.181489698603
2019-12-24 07:30:00,7623.485687787668
2019-12-24 08:00:00,7821.647065071273
2019-12-24 08:30:00,7853.830552453593
2019-12-24 09:00:00,7897.838587222028
2019-12-24 09:30:00,7906.661722617676
2019-12-24 10:00:00,7882.537645637461
2019-12-24 10:30:00,7869.926697398247
2019-12-24 11:00:00,7795.496592134115
2019-12-24 11:30:00,7833.374434534357
2019-12-24 12:00:00,7865.058976646968
2019-12-24 12:30:00,7838.122065470295
2019-12-24 13:00:00,7801.823576556045
2019-12-24 13:30:00,7815.18518030529
2019-12-24 14:00:00,7830.239351799376
2019-12-24 14:30:00,7903.520970926932
2019-12-24 15:00:00,7998.1248400619725
2019-12-24 15:30:00,8166.855427232216
2019-12-24 16:00:00,8317.05060313359
2019-12-24 16:30:00,8488.789580716812
2019-12-24 17:00:00,8657.58734917553
2019-12-24 17:30:00,8680.632979562373
2019-12-24 18:00:00,8747.876755769174
2019-12-24 18:30:00,8633.605904093409
2019-12-24 19:00:00,8552.914828457451
2019-12-24 19:30:00,8546.344819059612
2019-12-24 20:00:00,8452.21327716816
2019-12-24 20:30:00,8339.16221367115
2019-12-24 21:00:00,8103.085575192501
2019-12-24 21:30:00,8083.090060530989
2019-12-24 22:00:00,7904.1828910638
2019-12-24 22:30:00,7856.999645140216
2019-12-24 23:00:00,7689.727770155206
2019-12-24 23:30:00,7566.995307112389
2019-12-25 00:00:00,6597.618181859561
2019-12-25 00:30:00,6422.539170245047
2019-12-25 01:00:00,6143.609080677892
2019-12-25 01:30:00,5931.342944285428
2019-12-25 02:00:00,5671.5590338019265
2019-12-25 02:30:00,5555.829241696907
2019-12-25 03:00:00,5402.672151145688
2019-12-25 03:30:00,5401.752144361622
2019-12-25 04:00:00,5399.002289285025
2019-12-25 04:30:00,5513.711056684336
2019-12-25 05:00:00,5694.096110295277
2019-12-25 05:30:00,5879.026518008082
2019-12-25 06:00:00,6264.77360949437
2019-12-25 06:30:00,6410.837012324851
2019-12-25 07:00:00,6791.760372607878
2019-12-25 07:30:00,6971.234932274815
2019-12-25 08:00:00,7200.448713570284
2019-12-25 08:30:00,7320.286117235111
2019-12-25 09:00:00,7411.644944454998
2019-12-25 09:30:00,7437.261049531274
2019-12-25 10:00:00,7436.007997480278
2019-12-25 10:30:00,7426.473773006434
2019-12-25 11:00:00,7436.31319758937
2019-12-25 11:30:00,7396.52157701784
2019-12-25 12:00:00,7371.40717992166
2019-12-25 12:30:00,7386.916459909106
2019-12-25 13:00:00,7458.838197807692
2019-12-25 13:30:00,7527.446663690212
2019-12-25 14:00:00,7595.3588870155245
2019-12-25 14:30:00,7649.518195836867
2019-12-25 15:00:00,7744.939249088161
2019-12-25 15:30:00,7806.9476480953845
2019-12-25 16:00:00,7965.287263739364
2019-12-25 16:30:00,8037.50875994065
2019-12-25 17:00:00,8039.807068092035
2019-12-25 17:30:00,7864.573000130175
2019-12-25 18:00:00,7866.554243947786
2019-12-25 18:30:00,7750.278459267818
2019-12-25 19:00:00,7599.451643967693
2019-12-25 19:30:00,7556.826238440809
2019-12-25 20:00:00,7434.399862865072
2019-12-25 20:30:00,7370.347432633083
2019-12-25 21:00:00,7132.84173413546
2019-12-25 21:30:00,7141.982395289906
2019-12-25 22:00:00,6981.86787432396
2019-12-25 22:30:00,6928.463829917787
2019-12-25 23:00:00,6719.02401423972
2019-12-25 23:30:00,6557.7763843216235
2019-12-26 00:00:00,6472.728305043929
2019-12-26 00:30:00,6297.135163078094
2019-12-26 01:00:00,6010.933838123632
2019-12-26 01:30:00,5808.664468155251
2019-12-26 02:00:00,5535.017313751707
2019-12-26 02:30:00,5405.14141835044
2019-12-26 03:00:00,5253.3077609914135
2019-12-26 03:30:00,5214.421206998809
2019-12-26 04:00:00,5203.962377878534
2019-12-26 04:30:00,5263.434791511747
2019-12-26 05:00:00,5361.488896740779
2019-12-26 05:30:00,5423.529157971629
2019-12-26 06:00:00,5691.883676334184
2019-12-26 06:30:00,5794.165786973457
2019-12-26 07:00:00,6128.850711410834
2019-12-26 07:30:00,6196.245802765909
2019-12-26 08:00:00,6405.0457027866
2019-12-26 08:30:00,6494.239205964102
2019-12-26 09:00:00,6590.532514881601
2019-12-26 09:30:00,6572.826597346664
2019-12-26 10:00:00,6613.313433353907
2019-12-26 10:30:00,6586.113211911313
2019-12-26 11:00:00,6550.331153667733
2019-12-26 11:30:00,6499.399193121142
2019-12-26 12:00:00,6407.9036704458385
2019-12-26 12:30:00,6324.212172464523
2019-12-26 13:00:00,6297.787255850637
2019-12-26 13:30:00,6318.114414130463
2019-12-26 14:00:00,6343.608521955768
2019-12-26 14:30:00,6436.00013827619
2019-12-26 15:00:00,6551.059613998364
2019-12-26 15:30:00,6711.318726712827
2019-12-26 16:00:00,6862.574202607646
2019-12-26 16:30:00,6993.394908086846
2019-12-26 17:00:00,7159.100835507876
2019-12-26 17:30:00,7169.301619588592
2019-12-26 18:00:00,7286.343468812556
2019-12-26 18:30:00,7241.563328117713
2019-12-26 19:00:00,7226.22593970386
2019-12-26 19:30:00,7242.221919656964
2019-12-26 20:00:00,7184.854058813784
2019-12-26 20:30:00,7134.239446958814
2019-12-26 21:00:00,6949.9508742963935
2019-12-26 21:30:00,6920.020512911883
2019-12-26 22:00:00,6782.346337148544
2019-12-26 22:30:00,6750.981838628646
2019-12-26 23:00:00,6570.223183957329
2019-12-26 23:30:00,6461.326711516069
2019-12-27 00:00:00,6886.134621303139
2019-12-27 00:30:00,6758.684007332689
2019-12-27 01:00:00,6492.916112763286
2019-12-27 01:30:00,6285.466518128304
2019-12-27 02:00:00,6014.586620073891
2019-12-27 02:30:00,5919.760036301102
2019-12-27 03:00:00,5798.370870677907
2019-12-27 03:30:00,5797.332923953712
2019-12-27 04:00:00,5793.395319989164
2019-12-27 04:30:00,5847.77358667228
2019-12-27 05:00:00,5924.412980309553
2019-12-27 05:30:00,5978.941049156425
2019-12-27 06:00:00,6194.383300194879
2019-12-27 06:30:00,6235.360042562565
2019-12-27 07:00:00,6539.144992243629
2019-12-27 07:30:00,6626.021467908893
2019-12-27 08:00:00,6853.299294830998
2019-12-27 08:30:00,6900.521638975143
2019-12-27 09:00:00,7028.395777182519
2019-12-27 09:30:00,7043.181009699973
2019-12-27 10:00:00,7104.573504064066
2019-12-27 10:30:00,7138.576987692964
2019-12-27 11:00:00,7170.844912576433
2019-12-27 11:30:00,7252.354245004127
2019-12-27 12:00:00,7326.20935490159
2019-12-27 12:30:00,7405.379483614971
2019-12-27 13:00:00,7446.905514019836
2019-12-27 13:30:00,7576.466687821274
2019-12-27 14:00:00,7678.3661180354475
2019-12-27 14:30:00,7823.143381148127
2019-12-27 15:00:00,7947.03848244647
2019-12-27 15:30:00,8096.595170909419
2019-12-27 16:00:00,8316.460917432927
2019-12-27 16:30:00,8450.043802144844
2019-12-27 17:00:00,8570.826845637033
2019-12-27 17:30:00,8608.808333050712
2019-12-27 18:00:00,8696.101662344725
2019-12-27 18:30:00,8593.145756101647
2019-12-27 19:00:00,8462.929603735998
2019-12-27 19:30:00,8443.197399340408
2019-12-27 20:00:00,8345.167340662194
2019-12-27 20:30:00,8200.717289329865
2019-12-27 21:00:00,7931.987208454546
2019-12-27 21:30:00,7847.1964893264
2019-12-27 22:00:00,7638.026669577936
2019-12-27 22:30:00,7575.801939800734
2019-12-27 23:00:00,7341.976138525146
2019-12-27 23:30:00,7203.737022586678
2019-12-28 00:00:00,6453.6003767702305
2019-12-28 00:30:00,6287.834004675993
2019-12-28 01:00:00,6031.723351636974
2019-12-28 01:30:00,5834.830987994892
2019-12-28 02:00:00,5581.290052196055
2019-12-28 02:30:00,5532.370260650601
2019-12-28 03:00:00,5403.53788127427
2019-12-28 03:30:00,5387.662468353089
2019-12-28 04:00:00,5424.881466397439
2019-12-28 04:30:00,5504.034673092336
2019-12-28 05:00:00,5594.234433951897
2019-12-28 05:30:00,5735.698271073323
2019-12-28 06:00:00,5989.87464684883
2019-12-28 06:30:00,6125.747128687323
2019-12-28 07:00:00,6455.347592196156
2019-12-28 07:30:00,6555.386262859171
2019-12-28 08:00:00,6762.993159808322
2019-12-28 08:30:00,6863.383668478382
2019-12-28 09:00:00,6957.310343295905
2019-12-28 09:30:00,6983.172014273992
2019-12-28 10:00:00,7091.192075965168
2019-12-28 10:30:00,7082.680858010379
2019-12-28 11:00:00,7147.3753861533605
2019-12-28 11:30:00,7226.093304216504
2019-12-28 12:00:00,7302.307166938559
2019-12-28 12:30:00,7408.362795494708
2019-12-28 13:00:00,7526.756867305857
2019-12-28 13:30:00,7663.93848740985
2019-12-28 14:00:00,7782.63794623441
2019-12-28 14:30:00,7942.311322874916
2019-12-28 15:00:00,8073.388954752269
2019-12-28 15:30:00,8216.744393842908
2019-12-28 16:00:00,8454.379782348606
2019-12-28 16:30:00,8547.324627240909
2019-12-28 17:00:00,8661.200763533356
2019-12-28 17:30:00,8590.53922568297
2019-12-28 18:00:00,8566.946089736659
2019-12-28 18:30:00,8429.322122071157
2019-12-28 19:00:00,8282.7730919505
2019-12-28 19:30:00,8171.121676273456
2019-12-28 20:00:00,8058.704380235147
2019-12-28 20:30:00,7950.890206922231
2019-12-28 21:00:00,7659.003791716874
2019-12-28 21:30:00,7593.335382894941
2019-12-28 22:00:00,7341.626235336096
2019-12-28 22:30:00,7283.435529582721
2019-12-28 23:00:00,7039.812370634543
2019-12-28 23:30:00,6912.735770873211
2019-12-29 00:00:00,6961.00945007979
2019-12-29 00:30:00,6788.793635619638
2019-12-29 01:00:00,6521.178491485169
2019-12-29 01:30:00,6335.965224396162
2019-12-29 02:00:00,6036.123933050591
2019-12-29 02:30:00,5950.6444781135
2019-12-29 03:00:00,5808.992055724908
2019-12-29 03:30:00,5786.802707674877
2019-12-29 04:00:00,5745.257630505766
2019-12-29 04:30:00,5791.973725573973
2019-12-29 05:00:00,5864.605880294634
2019-12-29 05:30:00,5920.806593248945
2019-12-29 06:00:00,6133.904386389498
2019-12-29 06:30:00,6198.192519434568
2019-12-29 07:00:00,6508.3533239455655
2019-12-29 07:30:00,6614.270641105679
2019-12-29 08:00:00,6883.155475940754
2019-12-29 08:30:00,6992.890486354715
2019-12-29 09:00:00,7061.114978379459
2019-12-29 09:30:00,7093.25872226277
2019-12-29 10:00:00,7120.9279652823725
2019-12-29 10:30:00,7238.465263453448
2019-12-29 11:00:00,7367.407021674771
2019-12-29 11:30:00,7444.8327234909
2019-12-29 12:00:00,7568.832667296158
2019-12-29 12:30:00,7742.470305778352
2019-12-29 13:00:00,7872.944273458908
2019-12-29 13:30:00,8040.62179663264
2019-12-29 14:00:00,8259.25447636061
2019-12-29 14:30:00,8447.003728823627
2019-12-29 15:00:00,8673.86261764043
2019-12-29 15:30:00,8831.068987537767
2019-12-29 16:00:00,9028.72320980917
2019-12-29 16:30:00,9119.835745341548
2019-12-29 17:00:00,9231.940846696707
2019-12-29 17:30:00,9229.109688833147
2019-12-29 18:00:00,9214.799780208104
2019-12-29 18:30:00,9089.081102954384
2019-12-29 19:00:00,8927.522628270912
2019-12-29 19:30:00,8816.30189232048
2019-12-29 20:00:00,8620.87214808825
2019-12-29 20:30:00,8439.42253582739
2019-12-29 21:00:00,8145.96712152803
2019-12-29 21:30:00,7960.800833934966
2019-12-29 22:00:00,7685.82447103571
2019-12-29 22:30:00,7561.20501492882
2019-12-29 23:00:00,7262.082191948622
2019-12-29 23:30:00,7084.550645584805
2019-12-30 00:00:00,7798.723605735545
2019-12-30 00:30:00,7643.344936292993
2019-12-30 01:00:00,7402.415883249798
2019-12-30 01:30:00,7225.184763559118
2019-12-30 02:00:00,6966.431740870055
2019-12-30 02:30:00,6882.38642306835
2019-12-30 03:00:00,6737.508457151176
2019-12-30 03:30:00,6719.680167838147
2019-12-30 04:00:00,6713.737630869395
2019-12-30 04:30:00,6741.486471978732
2019-12-30 05:00:00,6796.706076907835
2019-12-30 05:30:00,6821.55723154739
2019-12-30 06:00:00,7034.429007896411
2019-12-30 06:30:00,7114.174364316573
2019-12-30 07:00:00,7423.897253104024
2019-12-30 07:30:00,7542.413850668454
2019-12-30 08:00:00,7790.417653373373
2019-12-30 08:30:00,7905.847018805255
2019-12-30 09:00:00,8063.34910991066
2019-12-30 09:30:00,8163.648463747803
2019-12-30 10:00:00,8199.656124010738
2019-12-30 10:30:00,8279.404107522694
2019-12-30 11:00:00,8353.622997050792
2019-12-30 11:30:00,8489.180757289458
2019-12-30 12:00:00,8607.862342099257
2019-12-30 12:30:00,8803.57138869135
2019-12-30 13:00:00,8951.012931510162
2019-12-30 13:30:00,9073.388947640795
2019-12-30 14:00:00,9201.258302751634
2019-12-30 14:30:00,9350.26637154784
2019-12-30 15:00:00,9517.433888869657
2019-12-30 15:30:00,9640.520817011311
2019-12-30 16:00:00,9842.742742768143
2019-12-30 16:30:00,9904.135993502401
2019-12-30 17:00:00,10052.54468398021
2019-12-30 17:30:00,10101.501591932878
2019-12-30 18:00:00,10161.425348510258
2019-12-30 18:30:00,10099.314126835223
2019-12-30 19:00:00,9917.718412177883
2019-12-30 19:30:00,9870.481127828598
2019-12-30 20:00:00,9687.768603940815
2019-12-30 20:30:00,9495.712331166495
2019-12-30 21:00:00,9175.054068332745
2019-12-30 21:30:00,8960.520333948605
2019-12-30 22:00:00,8649.004502046439
2019-12-30 22:30:00,8538.708381785213
2019-12-30 23:00:00,8235.266225380368
2019-12-30 23:30:00,8009.50099618825
2019-12-31 00:00:00,7351.4281550234755
2019-12-31 00:30:00,7183.411284023223
2019-12-31 01:00:00,6958.338094790928
2019-12-31 01:30:00,6771.420321370854
2019-12-31 02:00:00,6518.070913048127
2019-12-31 02:30:00,6428.5892963108345
2019-12-31 03:00:00,6315.2115132178
2019-12-31 03:30:00,6289.315175857116
2019-12-31 04:00:00,6287.613130593441
2019-12-31 04:30:00,6409.077021215392
2019-12-31 05:00:00,6543.213130613507
2019-12-31 05:30:00,6672.784167503672
2019-12-31 06:00:00,6999.924813715112
2019-12-31 06:30:00,7147.36306107169
2019-12-31 07:00:00,7494.518817606078
2019-12-31 07:30:00,7626.261511682689
2019-12-31 08:00:00,7887.5063511049275
2019-12-31 08:30:00,7998.126878987534
2019-12-31 09:00:00,8093.307831299232
2019-12-31 09:30:00,8153.498215873223
2019-12-31 10:00:00,8281.658340206079
2019-12-31 10:30:00,8346.20978351707
2019-12-31 11:00:00,8488.962729046081
2019-12-31 11:30:00,8651.18177708215
2019-12-31 12:00:00,8807.879338621051
2019-12-31 12:30:00,8994.393862700175
2019-12-31 13:00:00,9165.070581568594
2019-12-31 13:30:00,9369.720880563642
2019-12-31 14:00:00,9566.702323541143
2019-12-31 14:30:00,9766.659920180877
2019-12-31 15:00:00,9926.775337044337
2019-12-31 15:30:00,10130.400002428536
2019-12-31 16:00:00,10314.584367032117
2019-12-31 16:30:00,10385.708623899918
2019-12-31 17:00:00,10465.54153306446
2019-12-31 17:30:00,10323.413763427956
2019-12-31 18:00:00,10331.679707242585
2019-12-31 18:30:00,10154.283668115833
2019-12-31 19:00:00,9889.014022774112
2019-12-31 19:30:00,9764.74903176606
2019-12-31 20:00:00,9584.141813525675
2019-12-31 20:30:00,9375.834131807711
2019-12-31 21:00:00,9022.389546432023
2019-12-31 21:30:00,8856.726819351223
2019-12-31 22:00:00,8520.475145657838
2019-12-31 22:30:00,8373.99337621409
2019-12-31 23:00:00,8038.2346752144795
2019-12-31 23:30:00,7850.177937148566
