DATETIME,lightgbm_tuned
2019-01-01 00:00:00,7498.1850228387375
2019-01-01 00:30:00,7411.27458118625
2019-01-01 01:00:00,7321.639889054478
2019-01-01 01:30:00,7135.115618522287
2019-01-01 02:00:00,6882.121964981918
2019-01-01 02:30:00,6760.4045511254735
2019-01-01 03:00:00,6732.594266125177
2019-01-01 03:30:00,6731.388598109516
2019-01-01 04:00:00,6644.528747973481
2019-01-01 04:30:00,6713.489312991979
2019-01-01 05:00:00,6604.332894194222
2019-01-01 05:30:00,6883.7056530499995
2019-01-01 06:00:00,6939.990251553475
2019-01-01 06:30:00,6939.542323779181
2019-01-01 07:00:00,7221.716268871761
2019-01-01 07:30:00,7193.941913339476
2019-01-01 08:00:00,7690.460644069795
2019-01-01 08:30:00,7893.519788027975
2019-01-01 09:00:00,8046.452479479614
2019-01-01 09:30:00,7960.706701705858
2019-01-01 10:00:00,8097.367495993278
2019-01-01 10:30:00,8078.879577025001
2019-01-01 11:00:00,8465.709989699959
2019-01-01 11:30:00,8502.500123035144
2019-01-01 12:00:00,8778.837587286205
2019-01-01 12:30:00,9300.476313309928
2019-01-01 13:00:00,9484.199824047018
2019-01-01 13:30:00,9792.099433869997
2019-01-01 14:00:00,9816.75499255453
2019-01-01 14:30:00,10724.528232112201
2019-01-01 15:00:00,10855.709004217339
2019-01-01 15:30:00,10866.91242420369
2019-01-01 16:00:00,10428.634544467586
2019-01-01 16:30:00,10349.535061181721
2019-01-01 17:00:00,10102.782668836073
2019-01-01 17:30:00,9506.934009090342
2019-01-01 18:00:00,9024.84018112232
2019-01-01 18:30:00,8519.02449896894
2019-01-01 19:00:00,8459.24577079644
2019-01-01 19:30:00,8227.936609269243
2019-01-01 20:00:00,8018.17702507164
2019-01-01 20:30:00,7829.056991903209
2019-01-01 21:00:00,7792.9725055559975
2019-01-01 21:30:00,7863.982076195425
2019-01-01 22:00:00,7764.850355426613
2019-01-01 22:30:00,7654.005132339202
2019-01-01 23:00:00,7464.986705912223
2019-01-01 23:30:00,7451.555513724779
2019-01-02 00:00:00,7858.352728035121
2019-01-02 00:30:00,7678.952467304079
2019-01-02 01:00:00,7363.58188963245
2019-01-02 01:30:00,7074.191340782321
2019-01-02 02:00:00,6945.704622870676
2019-01-02 02:30:00,6788.1469441933095
2019-01-02 03:00:00,6628.683908592099
2019-01-02 03:30:00,6590.675522824983
2019-01-02 04:00:00,6441.837009450867
2019-01-02 04:30:00,6448.126769116955
2019-01-02 05:00:00,6428.823415275655
2019-01-02 05:30:00,6478.542824416843
2019-01-02 06:00:00,6780.2590486942445
2019-01-02 06:30:00,6925.364200395063
2019-01-02 07:00:00,7513.834062002843
2019-01-02 07:30:00,7563.505462366827
2019-01-02 08:00:00,7993.32607798703
2019-01-02 08:30:00,8133.482656654575
2019-01-02 09:00:00,8310.209623704122
2019-01-02 09:30:00,8456.922132454429
2019-01-02 10:00:00,8718.950784261333
2019-01-02 10:30:00,8860.54313191335
2019-01-02 11:00:00,9030.824573014663
2019-01-02 11:30:00,9136.062315261619
2019-01-02 12:00:00,9502.500653892594
2019-01-02 12:30:00,9610.5404180391
2019-01-02 13:00:00,9770.790388373314
2019-01-02 13:30:00,9947.660737379669
2019-01-02 14:00:00,10110.247985212585
2019-01-02 14:30:00,10216.312630558865
2019-01-02 15:00:00,10372.012209296989
2019-01-02 15:30:00,10471.632376104264
2019-01-02 16:00:00,10683.279979143592
2019-01-02 16:30:00,10712.500596256887
2019-01-02 17:00:00,10826.219852419119
2019-01-02 17:30:00,10920.718911573325
2019-01-02 18:00:00,10643.954528089676
2019-01-02 18:30:00,10547.655261087375
2019-01-02 19:00:00,10017.311384036466
2019-01-02 19:30:00,9795.514201701286
2019-01-02 20:00:00,9882.772432107355
2019-01-02 20:30:00,9786.127346859166
2019-01-02 21:00:00,9384.140579603965
2019-01-02 21:30:00,9267.280104691148
2019-01-02 22:00:00,8701.951431935884
2019-01-02 22:30:00,8563.370378828933
2019-01-02 23:00:00,8385.025683939337
2019-01-02 23:30:00,8025.599366349254
2019-01-03 00:00:00,7858.448223334517
2019-01-03 00:30:00,7600.062774157694
2019-01-03 01:00:00,7304.6449448236335
2019-01-03 01:30:00,7036.5487243067955
2019-01-03 02:00:00,6748.573065349988
2019-01-03 02:30:00,6605.744084002232
2019-01-03 03:00:00,6562.265668135915
2019-01-03 03:30:00,6562.265668135915
2019-01-03 04:00:00,6619.271157867273
2019-01-03 04:30:00,6741.258055549107
2019-01-03 05:00:00,6853.247850481317
2019-01-03 05:30:00,7124.810366583536
2019-01-03 06:00:00,7402.499077297818
2019-01-03 06:30:00,7719.742312052431
2019-01-03 07:00:00,8183.867785362824
2019-01-03 07:30:00,8389.899546150666
2019-01-03 08:00:00,8698.916509970184
2019-01-03 08:30:00,8969.435608742446
2019-01-03 09:00:00,9129.466434380827
2019-01-03 09:30:00,9308.50711261696
2019-01-03 10:00:00,9499.670243536653
2019-01-03 10:30:00,9731.674738307653
2019-01-03 11:00:00,9987.631785031752
2019-01-03 11:30:00,10217.689158038755
2019-01-03 12:00:00,10441.102773876457
2019-01-03 12:30:00,10476.322631162246
2019-01-03 13:00:00,10644.547901216361
2019-01-03 13:30:00,10765.607034306664
2019-01-03 14:00:00,10887.560331547345
2019-01-03 14:30:00,11063.158850493837
2019-01-03 15:00:00,10964.514574187551
2019-01-03 15:30:00,10811.552172150032
2019-01-03 16:00:00,10902.26443387421
2019-01-03 16:30:00,10760.890181858096
2019-01-03 17:00:00,10699.017367616321
2019-01-03 17:30:00,10637.515725007072
2019-01-03 18:00:00,10253.698192335045
2019-01-03 18:30:00,10203.887481203132
2019-01-03 19:00:00,9883.370223636979
2019-01-03 19:30:00,9729.155154905342
2019-01-03 20:00:00,9517.24392537024
2019-01-03 20:30:00,9334.385433840525
2019-01-03 21:00:00,9157.961304437487
2019-01-03 21:30:00,9022.46716053665
2019-01-03 22:00:00,8595.302702404286
2019-01-03 22:30:00,8515.833424311504
2019-01-03 23:00:00,8217.574654770526
2019-01-03 23:30:00,8072.753018733509
2019-01-04 00:00:00,7878.440260045065
2019-01-04 00:30:00,7660.802380666331
2019-01-04 01:00:00,7350.86500672705
2019-01-04 01:30:00,7146.499288225475
2019-01-04 02:00:00,6855.630218022723
2019-01-04 02:30:00,6761.75168592431
2019-01-04 03:00:00,6704.190665553517
2019-01-04 03:30:00,6704.190665553517
2019-01-04 04:00:00,6652.828561367993
2019-01-04 04:30:00,6737.445586865443
2019-01-04 05:00:00,6899.943736749586
2019-01-04 05:30:00,7112.780765954151
2019-01-04 06:00:00,7369.574578899199
2019-01-04 06:30:00,7774.4972385102055
2019-01-04 07:00:00,8188.497580943718
2019-01-04 07:30:00,8470.742661366014
2019-01-04 08:00:00,8737.614175293418
2019-01-04 08:30:00,8918.004854145254
2019-01-04 09:00:00,9058.175685460648
2019-01-04 09:30:00,9230.579504671714
2019-01-04 10:00:00,9373.0577992577
2019-01-04 10:30:00,9443.726542809178
2019-01-04 11:00:00,9627.785304306142
2019-01-04 11:30:00,9728.841614916826
2019-01-04 12:00:00,9868.645069836155
2019-01-04 12:30:00,9980.628216328234
2019-01-04 13:00:00,10023.242457277356
2019-01-04 13:30:00,10159.905451983497
2019-01-04 14:00:00,10291.785900287698
2019-01-04 14:30:00,10577.48491528859
2019-01-04 15:00:00,10703.59098678785
2019-01-04 15:30:00,10819.429798833326
2019-01-04 16:00:00,10927.593077993526
2019-01-04 16:30:00,10877.94973237419
2019-01-04 17:00:00,10744.210724112272
2019-01-04 17:30:00,10610.201024922124
2019-01-04 18:00:00,10191.311103357788
2019-01-04 18:30:00,10025.810642287603
2019-01-04 19:00:00,9813.802386838428
2019-01-04 19:30:00,9599.218705713714
2019-01-04 20:00:00,9522.865749852475
2019-01-04 20:30:00,9340.007258322761
2019-01-04 21:00:00,9134.134078006167
2019-01-04 21:30:00,8955.859191958081
2019-01-04 22:00:00,8783.361463599036
2019-01-04 22:30:00,8572.458595883312
2019-01-04 23:00:00,8351.66343177251
2019-01-04 23:30:00,8175.5934054953395
2019-01-05 00:00:00,7695.325057622367
2019-01-05 00:30:00,7505.155220634178
2019-01-05 01:00:00,7212.772792814238
2019-01-05 01:30:00,6986.079962990926
2019-01-05 02:00:00,6636.592585065636
2019-01-05 02:30:00,6592.527853336887
2019-01-05 03:00:00,6436.545675178187
2019-01-05 03:30:00,6468.136368012302
2019-01-05 04:00:00,6401.268601929088
2019-01-05 04:30:00,6454.269012979875
2019-01-05 05:00:00,6277.778325106371
2019-01-05 05:30:00,6525.0056877026
2019-01-05 06:00:00,6632.586872143786
2019-01-05 06:30:00,6749.085384654016
2019-01-05 07:00:00,7064.375185431722
2019-01-05 07:30:00,7134.060687330859
2019-01-05 08:00:00,7673.13680959288
2019-01-05 08:30:00,7900.394920339587
2019-01-05 09:00:00,8190.312474784379
2019-01-05 09:30:00,8306.545320302464
2019-01-05 10:00:00,8494.402592770717
2019-01-05 10:30:00,8732.01964147594
2019-01-05 11:00:00,9004.764984120118
2019-01-05 11:30:00,9065.130692182154
2019-01-05 12:00:00,9063.831319586676
2019-01-05 12:30:00,9301.978072878826
2019-01-05 13:00:00,9437.178358064179
2019-01-05 13:30:00,9626.439460059388
2019-01-05 14:00:00,9731.910539219281
2019-01-05 14:30:00,10014.918663400476
2019-01-05 15:00:00,10045.262715910962
2019-01-05 15:30:00,10248.592334810215
2019-01-05 16:00:00,10143.135140438813
2019-01-05 16:30:00,10175.707886855382
2019-01-05 17:00:00,10100.999852472947
2019-01-05 17:30:00,10051.961838734416
2019-01-05 18:00:00,9768.69153485588
2019-01-05 18:30:00,9591.320138632846
2019-01-05 19:00:00,9334.769563806112
2019-01-05 19:30:00,9219.077019490065
2019-01-05 20:00:00,9305.927208476847
2019-01-05 20:30:00,9138.241272936206
2019-01-05 21:00:00,9029.520939221698
2019-01-05 21:30:00,8874.688066541281
2019-01-05 22:00:00,8541.226935289946
2019-01-05 22:30:00,8325.864894675635
2019-01-05 23:00:00,8072.406728198485
2019-01-05 23:30:00,7839.186456023481
2019-01-06 00:00:00,7711.524262393575
2019-01-06 00:30:00,7474.459119359315
2019-01-06 01:00:00,7160.320288864672
2019-01-06 01:30:00,6861.5473566060155
2019-01-06 02:00:00,6657.45464586003
2019-01-06 02:30:00,6505.634771110406
2019-01-06 03:00:00,6485.422992641711
2019-01-06 03:30:00,6415.496558687678
2019-01-06 04:00:00,6319.546051151281
2019-01-06 04:30:00,6370.771617716002
2019-01-06 05:00:00,6379.841134580453
2019-01-06 05:30:00,6482.040823112298
2019-01-06 06:00:00,6504.4664449408465
2019-01-06 06:30:00,6857.154762673988
2019-01-06 07:00:00,7058.101107544961
2019-01-06 07:30:00,7355.456347167434
2019-01-06 08:00:00,7403.790572235779
2019-01-06 08:30:00,7556.39079178531
2019-01-06 09:00:00,7579.59864127625
2019-01-06 09:30:00,7986.611962981931
2019-01-06 10:00:00,8251.093754210777
2019-01-06 10:30:00,8483.144829293427
2019-01-06 11:00:00,8708.029585135779
2019-01-06 11:30:00,8930.623146007503
2019-01-06 12:00:00,9669.861911630696
2019-01-06 12:30:00,9809.429586819071
2019-01-06 13:00:00,9834.93742893058
2019-01-06 13:30:00,9750.87447568236
2019-01-06 14:00:00,9693.600807890045
2019-01-06 14:30:00,9501.033357299599
2019-01-06 15:00:00,9344.248596589881
2019-01-06 15:30:00,9338.744666043593
2019-01-06 16:00:00,9054.72718962295
2019-01-06 16:30:00,9083.039098510812
2019-01-06 17:00:00,9228.738540847173
2019-01-06 17:30:00,9031.827173414003
2019-01-06 18:00:00,8828.544847763822
2019-01-06 18:30:00,8593.777555789702
2019-01-06 19:00:00,8468.66804390315
2019-01-06 19:30:00,8446.31288348649
2019-01-06 20:00:00,8288.602011573243
2019-01-06 20:30:00,8172.044496757639
2019-01-06 21:00:00,7821.513785695473
2019-01-06 21:30:00,7715.359568976487
2019-01-06 22:00:00,7393.753243768083
2019-01-06 22:30:00,7293.824582979272
2019-01-06 23:00:00,7102.019875976548
2019-01-06 23:30:00,6981.098484271842
2019-01-07 00:00:00,6988.7052200133985
2019-01-07 00:30:00,6818.800601740547
2019-01-07 01:00:00,6539.704543683477
2019-01-07 01:30:00,6321.386299609612
2019-01-07 02:00:00,6182.7941895580425
2019-01-07 02:30:00,6101.821515217323
2019-01-07 03:00:00,6121.235434971982
2019-01-07 03:30:00,6121.235434971982
2019-01-07 04:00:00,6239.291434557773
2019-01-07 04:30:00,6276.130635683793
2019-01-07 05:00:00,6649.977383750571
2019-01-07 05:30:00,6684.61083044855
2019-01-07 06:00:00,7351.585897815255
2019-01-07 06:30:00,7553.797772454693
2019-01-07 07:00:00,7980.524098268537
2019-01-07 07:30:00,8153.948783506531
2019-01-07 08:00:00,8034.699920210165
2019-01-07 08:30:00,8223.710643495227
2019-01-07 09:00:00,8086.445228519284
2019-01-07 09:30:00,8187.713291047846
2019-01-07 10:00:00,8180.158780945668
2019-01-07 10:30:00,8180.158780945668
2019-01-07 11:00:00,8094.126588684867
2019-01-07 11:30:00,7895.738042453346
2019-01-07 12:00:00,7972.906310849755
2019-01-07 12:30:00,7899.437755361449
2019-01-07 13:00:00,8005.017639369396
2019-01-07 13:30:00,8041.310277025352
2019-01-07 14:00:00,8116.635500700863
2019-01-07 14:30:00,8197.672093129024
2019-01-07 15:00:00,8366.656793921757
2019-01-07 15:30:00,8439.197090585769
2019-01-07 16:00:00,8508.213109775419
2019-01-07 16:30:00,8601.470362290958
2019-01-07 17:00:00,8575.307830291897
2019-01-07 17:30:00,8674.540848019058
2019-01-07 18:00:00,8611.084902412897
2019-01-07 18:30:00,8566.566174836164
2019-01-07 19:00:00,8372.724483389396
2019-01-07 19:30:00,8267.07726182361
2019-01-07 20:00:00,8282.367909058568
2019-01-07 20:30:00,8227.48294968316
2019-01-07 21:00:00,8113.288099152632
2019-01-07 21:30:00,7983.61129261467
2019-01-07 22:00:00,7825.101236215429
2019-01-07 22:30:00,7720.241084080101
2019-01-07 23:00:00,7376.4736685456965
2019-01-07 23:30:00,7237.967411883194
2019-01-08 00:00:00,7117.707676189374
2019-01-08 00:30:00,7057.329464786246
2019-01-08 01:00:00,6834.666735014444
2019-01-08 01:30:00,6632.658036284361
2019-01-08 02:00:00,6368.803496826471
2019-01-08 02:30:00,6256.582465861889
2019-01-08 03:00:00,6135.584955949492
2019-01-08 03:30:00,6209.937854958389
2019-01-08 04:00:00,6298.807452120523
2019-01-08 04:30:00,6483.217367352853
2019-01-08 05:00:00,6659.540042976206
2019-01-08 05:30:00,7032.716765068795
2019-01-08 06:00:00,7497.608279617331
2019-01-08 06:30:00,7687.693550158067
2019-01-08 07:00:00,7932.948157579602
2019-01-08 07:30:00,8155.887625291171
2019-01-08 08:00:00,8392.956403700553
2019-01-08 08:30:00,8544.52978819229
2019-01-08 09:00:00,8568.332572187323
2019-01-08 09:30:00,8582.018646129201
2019-01-08 10:00:00,8621.695039536506
2019-01-08 10:30:00,8592.951189948124
2019-01-08 11:00:00,8599.40704933954
2019-01-08 11:30:00,8642.535668248396
2019-01-08 12:00:00,8638.877784342903
2019-01-08 12:30:00,8688.477524931399
2019-01-08 13:00:00,8691.866171989894
2019-01-08 13:30:00,8685.776907643558
2019-01-08 14:00:00,8718.884150324562
2019-01-08 14:30:00,8718.884150324562
2019-01-08 15:00:00,8826.604401930093
2019-01-08 15:30:00,8864.26405427799
2019-01-08 16:00:00,8984.378138532524
2019-01-08 16:30:00,8997.020820652428
2019-01-08 17:00:00,9135.593385439797
2019-01-08 17:30:00,9030.841300010941
2019-01-08 18:00:00,8983.705192961836
2019-01-08 18:30:00,8840.921305091502
2019-01-08 19:00:00,8810.63875655605
2019-01-08 19:30:00,8810.63875655605
2019-01-08 20:00:00,8740.508892858486
2019-01-08 20:30:00,8622.230241736535
2019-01-08 21:00:00,8378.511649184307
2019-01-08 21:30:00,8367.71063910074
2019-01-08 22:00:00,8195.624029491848
2019-01-08 22:30:00,8195.624029491848
2019-01-08 23:00:00,7952.521237466971
2019-01-08 23:30:00,7803.256015653676
2019-01-09 00:00:00,7591.30782773561
2019-01-09 00:30:00,7393.072307366523
2019-01-09 01:00:00,7072.457783984272
2019-01-09 01:30:00,6919.361314042893
2019-01-09 02:00:00,6730.976082224516
2019-01-09 02:30:00,6560.343464550922
2019-01-09 03:00:00,6511.293628356064
2019-01-09 03:30:00,6485.770730953476
2019-01-09 04:00:00,6542.304114056025
2019-01-09 04:30:00,6684.71839607802
2019-01-09 05:00:00,6902.44103594272
2019-01-09 05:30:00,7257.543652839985
2019-01-09 06:00:00,7598.171213675158
2019-01-09 06:30:00,7805.6157722983835
2019-01-09 07:00:00,8315.38123342738
2019-01-09 07:30:00,8576.670946760898
2019-01-09 08:00:00,8831.316323346016
2019-01-09 08:30:00,9000.735884710071
2019-01-09 09:00:00,9066.72897335187
2019-01-09 09:30:00,9096.859994909406
2019-01-09 10:00:00,9236.144927960811
2019-01-09 10:30:00,9261.70391731511
2019-01-09 11:00:00,9434.68105502774
2019-01-09 11:30:00,9466.887602789211
2019-01-09 12:00:00,9541.83237460386
2019-01-09 12:30:00,9659.303563110652
2019-01-09 13:00:00,9797.649350576521
2019-01-09 13:30:00,9892.46180431322
2019-01-09 14:00:00,10103.409092560734
2019-01-09 14:30:00,10156.202766796167
2019-01-09 15:00:00,10447.699081541816
2019-01-09 15:30:00,10579.430597269826
2019-01-09 16:00:00,10505.02829326981
2019-01-09 16:30:00,10422.198494876018
2019-01-09 17:00:00,10453.386075024686
2019-01-09 17:30:00,10340.152100649655
2019-01-09 18:00:00,9930.543193149575
2019-01-09 18:30:00,9651.677735106603
2019-01-09 19:00:00,9458.236532525014
2019-01-09 19:30:00,9495.581638268204
2019-01-09 20:00:00,9487.111760997317
2019-01-09 20:30:00,9275.223997992245
2019-01-09 21:00:00,8888.673362937483
2019-01-09 21:30:00,8695.963713769232
2019-01-09 22:00:00,8453.947023662007
2019-01-09 22:30:00,8292.46037426791
2019-01-09 23:00:00,8038.19918641669
2019-01-09 23:30:00,7751.493806536218
2019-01-10 00:00:00,7673.95742870209
2019-01-10 00:30:00,7391.903991247174
2019-01-10 01:00:00,7112.668073793894
2019-01-10 01:30:00,6821.326525603712
2019-01-10 02:00:00,6603.362629913068
2019-01-10 02:30:00,6480.311195263576
2019-01-10 03:00:00,6434.275586717538
2019-01-10 03:30:00,6396.905714533155
2019-01-10 04:00:00,6458.736393763669
2019-01-10 04:30:00,6633.4402437058725
2019-01-10 05:00:00,6883.45869796199
2019-01-10 05:30:00,7122.048756312821
2019-01-10 06:00:00,7483.868575000093
2019-01-10 06:30:00,7855.894335111993
2019-01-10 07:00:00,8209.548665509763
2019-01-10 07:30:00,8433.004443204645
2019-01-10 08:00:00,8703.111240850983
2019-01-10 08:30:00,8817.510430363389
2019-01-10 09:00:00,9069.66189404625
2019-01-10 09:30:00,9208.593708325125
2019-01-10 10:00:00,9341.597007633485
2019-01-10 10:30:00,9564.506751872172
2019-01-10 11:00:00,9667.79941612
2019-01-10 11:30:00,9745.059795831203
2019-01-10 12:00:00,9814.608592790573
2019-01-10 12:30:00,9869.224276235578
2019-01-10 13:00:00,10053.078925867785
2019-01-10 13:30:00,10053.078925867785
2019-01-10 14:00:00,10202.702033968193
2019-01-10 14:30:00,10202.702033968193
2019-01-10 15:00:00,10176.802323523949
2019-01-10 15:30:00,10142.584170266373
2019-01-10 16:00:00,10147.19876493182
2019-01-10 16:30:00,10012.358740838756
2019-01-10 17:00:00,9850.57777537418
2019-01-10 17:30:00,9648.376109023642
2019-01-10 18:00:00,9546.691379830856
2019-01-10 18:30:00,9363.832888301142
2019-01-10 19:00:00,9147.727806817711
2019-01-10 19:30:00,9080.72766301736
2019-01-10 20:00:00,8990.216522567416
2019-01-10 20:30:00,8851.320134485624
2019-01-10 21:00:00,8545.789263970692
2019-01-10 21:30:00,8326.589212089686
2019-01-10 22:00:00,8091.103411880324
2019-01-10 22:30:00,7983.091890658356
2019-01-10 23:00:00,7806.621699002099
2019-01-10 23:30:00,7640.346125831331
2019-01-11 00:00:00,7775.565859816307
2019-01-11 00:30:00,7635.1472065671405
2019-01-11 01:00:00,7231.037013232973
2019-01-11 01:30:00,6952.024526895658
2019-01-11 02:00:00,6716.429560081767
2019-01-11 02:30:00,6590.462574238516
2019-01-11 03:00:00,6565.181565961459
2019-01-11 03:30:00,6533.590873127343
2019-01-11 04:00:00,6586.010978178439
2019-01-11 04:30:00,6760.714828120642
2019-01-11 05:00:00,6923.236795604792
2019-01-11 05:30:00,7205.67228196213
2019-01-11 06:00:00,7626.509734652464
2019-01-11 06:30:00,7983.842222689022
2019-01-11 07:00:00,8273.051101301831
2019-01-11 07:30:00,8502.058274583807
2019-01-11 08:00:00,8628.81500297036
2019-01-11 08:30:00,8697.552653677201
2019-01-11 09:00:00,8881.437652058248
2019-01-11 09:30:00,8935.027520200782
2019-01-11 10:00:00,8922.299927032089
2019-01-11 10:30:00,8857.07914165426
2019-01-11 11:00:00,8833.189388247578
2019-01-11 11:30:00,8807.160653134977
2019-01-11 12:00:00,8762.205882632146
2019-01-11 12:30:00,8766.87596345871
2019-01-11 13:00:00,8788.848250354366
2019-01-11 13:30:00,8879.670922116804
2019-01-11 14:00:00,8961.704936442307
2019-01-11 14:30:00,8995.135651957655
2019-01-11 15:00:00,8979.346864006011
2019-01-11 15:30:00,9044.172264355371
2019-01-11 16:00:00,9203.888727480722
2019-01-11 16:30:00,9241.078634070316
2019-01-11 17:00:00,9164.759330701683
2019-01-11 17:30:00,9147.460606035349
2019-01-11 18:00:00,8959.997018529122
2019-01-11 18:30:00,8838.721090331714
2019-01-11 19:00:00,8689.237527335852
2019-01-11 19:30:00,8628.127891137867
2019-01-11 20:00:00,8598.953752950687
2019-01-11 20:30:00,8363.654212792346
2019-01-11 21:00:00,8246.422881772942
2019-01-11 21:30:00,8236.391017005117
2019-01-11 22:00:00,8102.730340859214
2019-01-11 22:30:00,8063.731002832629
2019-01-11 23:00:00,7832.728053163367
2019-01-11 23:30:00,7693.0984752325885
2019-01-12 00:00:00,7061.20197586408
2019-01-12 00:30:00,6943.052510889609
2019-01-12 01:00:00,6719.115362358785
2019-01-12 01:30:00,6488.907163166594
2019-01-12 02:00:00,6205.7665687990975
2019-01-12 02:30:00,6077.452869353803
2019-01-12 03:00:00,6032.440013383082
2019-01-12 03:30:00,6032.440013383082
2019-01-12 04:00:00,6030.845796485205
2019-01-12 04:30:00,6167.629451119803
2019-01-12 05:00:00,6033.671019280869
2019-01-12 05:30:00,6363.597882830975
2019-01-12 06:00:00,6357.618193658341
2019-01-12 06:30:00,6552.688699698339
2019-01-12 07:00:00,6870.637619807783
2019-01-12 07:30:00,7022.526723247645
2019-01-12 08:00:00,7437.29249231354
2019-01-12 08:30:00,7401.38511948597
2019-01-12 09:00:00,7534.0347794748
2019-01-12 09:30:00,7534.0347794748
2019-01-12 10:00:00,7695.568604756007
2019-01-12 10:30:00,7672.173552571787
2019-01-12 11:00:00,7453.385283670098
2019-01-12 11:30:00,7476.791589455033
2019-01-12 12:00:00,7767.143811172699
2019-01-12 12:30:00,7682.427156402448
2019-01-12 13:00:00,8076.892034913258
2019-01-12 13:30:00,8382.038192767786
2019-01-12 14:00:00,8611.443911308224
2019-01-12 14:30:00,8449.788473159297
2019-01-12 15:00:00,8428.99888897641
2019-01-12 15:30:00,8383.142543356735
2019-01-12 16:00:00,8207.433849405365
2019-01-12 16:30:00,8207.433849405365
2019-01-12 17:00:00,8309.441162517822
2019-01-12 17:30:00,8153.45168039245
2019-01-12 18:00:00,8186.192385651812
2019-01-12 18:30:00,7992.20320499008
2019-01-12 19:00:00,8199.90074890552
2019-01-12 19:30:00,8176.494443120582
2019-01-12 20:00:00,7911.801601253806
2019-01-12 20:30:00,7868.12272058725
2019-01-12 21:00:00,7586.959724866131
2019-01-12 21:30:00,7539.858475153347
2019-01-12 22:00:00,7315.654030304325
2019-01-12 22:30:00,7265.010280289875
2019-01-12 23:00:00,7201.1419728860055
2019-01-12 23:30:00,7131.08132885139
2019-01-13 00:00:00,7411.517402169142
2019-01-13 00:30:00,7090.268121485888
2019-01-13 01:00:00,6851.8476875625565
2019-01-13 01:30:00,6497.176713075372
2019-01-13 02:00:00,6382.98181552907
2019-01-13 02:30:00,6246.0008050624065
2019-01-13 03:00:00,6204.226571768226
2019-01-13 03:30:00,6238.984264457257
2019-01-13 04:00:00,6200.405577316302
2019-01-13 04:30:00,6200.626208609627
2019-01-13 05:00:00,6272.982110140501
2019-01-13 05:30:00,6346.103304281922
2019-01-13 06:00:00,6412.998755202436
2019-01-13 06:30:00,6679.003140685088
2019-01-13 07:00:00,6883.6453904908585
2019-01-13 07:30:00,7086.490196812919
2019-01-13 08:00:00,7500.220649739757
2019-01-13 08:30:00,7784.370417865866
2019-01-13 09:00:00,7925.286820228558
2019-01-13 09:30:00,8029.805182521166
2019-01-13 10:00:00,8254.156772733751
2019-01-13 10:30:00,8344.340177775635
2019-01-13 11:00:00,8525.8039692539
2019-01-13 11:30:00,8628.108140328946
2019-01-13 12:00:00,8845.09350675841
2019-01-13 12:30:00,8998.705879341127
2019-01-13 13:00:00,9185.68849129556
2019-01-13 13:30:00,9402.49315847225
2019-01-13 14:00:00,9614.867539415289
2019-01-13 14:30:00,9687.19226918211
2019-01-13 15:00:00,10003.687864665118
2019-01-13 15:30:00,10058.261390555172
2019-01-13 16:00:00,9835.183885515522
2019-01-13 16:30:00,9989.986404677842
2019-01-13 17:00:00,10331.460567834602
2019-01-13 17:30:00,10287.180992383124
2019-01-13 18:00:00,10421.997440035482
2019-01-13 18:30:00,10315.683391277715
2019-01-13 19:00:00,9891.10553255464
2019-01-13 19:30:00,9712.949533015422
2019-01-13 20:00:00,9934.389481352868
2019-01-13 20:30:00,9802.193582290764
2019-01-13 21:00:00,9302.892080352187
2019-01-13 21:30:00,9205.730875498011
2019-01-13 22:00:00,8757.60397136468
2019-01-13 22:30:00,8543.777852313813
2019-01-13 23:00:00,8221.181021415085
2019-01-13 23:30:00,7919.112712742234
2019-01-14 00:00:00,7678.267403647478
2019-01-14 00:30:00,7469.816142756053
2019-01-14 01:00:00,7198.522725190061
2019-01-14 01:30:00,6928.691531235548
2019-01-14 02:00:00,6857.360763988654
2019-01-14 02:30:00,6577.602391705071
2019-01-14 03:00:00,6608.376070696273
2019-01-14 03:30:00,6608.376070696273
2019-01-14 04:00:00,6786.948494151246
2019-01-14 04:30:00,6770.924849872181
2019-01-14 05:00:00,7224.609132486961
2019-01-14 05:30:00,7168.224503848689
2019-01-14 06:00:00,7903.551891373976
2019-01-14 06:30:00,8069.33872708712
2019-01-14 07:00:00,8587.2661261941
2019-01-14 07:30:00,8794.74478828268
2019-01-14 08:00:00,8774.076432223896
2019-01-14 08:30:00,8931.594693684381
2019-01-14 09:00:00,8895.176722657747
2019-01-14 09:30:00,9073.73824046843
2019-01-14 10:00:00,9064.801187772742
2019-01-14 10:30:00,9208.388271414855
2019-01-14 11:00:00,9209.893579519876
2019-01-14 11:30:00,9256.600857099129
2019-01-14 12:00:00,9314.64292899536
2019-01-14 12:30:00,9404.619247562545
2019-01-14 13:00:00,9516.06140191356
2019-01-14 13:30:00,9558.659220976733
2019-01-14 14:00:00,9665.602046086162
2019-01-14 14:30:00,9906.02520277377
2019-01-14 15:00:00,9989.465138402978
2019-01-14 15:30:00,10036.393778027694
2019-01-14 16:00:00,10155.954847462972
2019-01-14 16:30:00,10249.827051773587
2019-01-14 17:00:00,10194.153306737819
2019-01-14 17:30:00,10221.409029252078
2019-01-14 18:00:00,10050.070997845092
2019-01-14 18:30:00,9947.195384569553
2019-01-14 19:00:00,9493.83682616143
2019-01-14 19:30:00,9416.875352356557
2019-01-14 20:00:00,9351.469164291397
2019-01-14 20:30:00,9304.629743827725
2019-01-14 21:00:00,9139.49738819291
2019-01-14 21:30:00,8899.074231505303
2019-01-14 22:00:00,8741.32693244578
2019-01-14 22:30:00,8507.88246359783
2019-01-14 23:00:00,8282.265112371631
2019-01-14 23:30:00,8072.451887790346
2019-01-15 00:00:00,7762.421063499111
2019-01-15 00:30:00,7632.85828891937
2019-01-15 01:00:00,7481.737268195528
2019-01-15 01:30:00,7147.392238452298
2019-01-15 02:00:00,6968.636536826329
2019-01-15 02:30:00,6937.045843992213
2019-01-15 03:00:00,6849.696675988306
2019-01-15 03:30:00,6910.734536450781
2019-01-15 04:00:00,6897.309176673621
2019-01-15 04:30:00,7303.416160883042
2019-01-15 05:00:00,7411.80538115029
2019-01-15 05:30:00,7687.626604095998
2019-01-15 06:00:00,8143.747034356626
2019-01-15 06:30:00,8464.926844702504
2019-01-15 07:00:00,8932.585413670073
2019-01-15 07:30:00,9178.746182735324
2019-01-15 08:00:00,9400.831459103625
2019-01-15 08:30:00,9622.447737887509
2019-01-15 09:00:00,9652.221932823903
2019-01-15 09:30:00,9729.869565805457
2019-01-15 10:00:00,9929.953615843437
2019-01-15 10:30:00,9973.2892822544
2019-01-15 11:00:00,10161.453282065493
2019-01-15 11:30:00,10307.425613797997
2019-01-15 12:00:00,10338.07799039341
2019-01-15 12:30:00,10431.28956060713
2019-01-15 13:00:00,10610.507191433759
2019-01-15 13:30:00,10657.772704473393
2019-01-15 14:00:00,10924.322658493269
2019-01-15 14:30:00,11015.145845447007
2019-01-15 15:00:00,11173.524487810222
2019-01-15 15:30:00,11413.307033900843
2019-01-15 16:00:00,11328.648785396794
2019-01-15 16:30:00,11400.477891931518
2019-01-15 17:00:00,11375.898121310793
2019-01-15 17:30:00,11375.898121310793
2019-01-15 18:00:00,11005.69395628079
2019-01-15 18:30:00,11138.261868167257
2019-01-15 19:00:00,10871.114409985856
2019-01-15 19:30:00,10622.166580220173
2019-01-15 20:00:00,10521.985254950396
2019-01-15 20:30:00,10377.226427052563
2019-01-15 21:00:00,9815.57251024875
2019-01-15 21:30:00,9670.608989569722
2019-01-15 22:00:00,9281.04263698674
2019-01-15 22:30:00,9195.436071924887
2019-01-15 23:00:00,8834.555037480734
2019-01-15 23:30:00,8563.769589078307
2019-01-16 00:00:00,8669.58825954229
2019-01-16 00:30:00,8500.98158909845
2019-01-16 01:00:00,7985.274020603264
2019-01-16 01:30:00,7592.969177820638
2019-01-16 02:00:00,7411.616109427163
2019-01-16 02:30:00,7280.842834483834
2019-01-16 03:00:00,7247.221741792837
2019-01-16 03:30:00,7147.828493852437
2019-01-16 04:00:00,7095.05935580254
2019-01-16 04:30:00,7301.479718790206
2019-01-16 05:00:00,7488.658725094458
2019-01-16 05:30:00,8057.254402023726
2019-01-16 06:00:00,8547.769164705016
2019-01-16 06:30:00,8861.401496796549
2019-01-16 07:00:00,9357.883507932824
2019-01-16 07:30:00,9787.747730943254
2019-01-16 08:00:00,10101.782068766304
2019-01-16 08:30:00,10422.830638838046
2019-01-16 09:00:00,10603.028418561016
2019-01-16 09:30:00,10788.143021177928
2019-01-16 10:00:00,10918.453065208405
2019-01-16 10:30:00,11101.892541103134
2019-01-16 11:00:00,11397.287504979746
2019-01-16 11:30:00,11556.464911537356
2019-01-16 12:00:00,11790.309880545454
2019-01-16 12:30:00,11872.296739779436
2019-01-16 13:00:00,12023.974970996625
2019-01-16 13:30:00,12073.80496795998
2019-01-16 14:00:00,12083.70513939816
2019-01-16 14:30:00,12083.70513939816
2019-01-16 15:00:00,13171.099386336053
2019-01-16 15:30:00,13171.099386336053
2019-01-16 16:00:00,13276.695041649817
2019-01-16 16:30:00,13276.695041649817
2019-01-16 17:00:00,12771.783579551106
2019-01-16 17:30:00,12669.079801432103
2019-01-16 18:00:00,12544.430468057926
2019-01-16 18:30:00,12544.430468057926
2019-01-16 19:00:00,10923.673499992017
2019-01-16 19:30:00,10993.918553946944
2019-01-16 20:00:00,11285.412755981957
2019-01-16 20:30:00,11494.045640868879
2019-01-16 21:00:00,10781.761735116284
2019-01-16 21:30:00,10468.091618025137
2019-01-16 22:00:00,10069.923243993951
2019-01-16 22:30:00,9818.94483376257
2019-01-16 23:00:00,9507.070875076457
2019-01-16 23:30:00,9131.058594643217
2019-01-17 00:00:00,8647.199289642507
2019-01-17 00:30:00,8485.271300173445
2019-01-17 01:00:00,7989.783555737381
2019-01-17 01:30:00,7718.4260836575095
2019-01-17 02:00:00,7521.501738734663
2019-01-17 02:30:00,7327.812890472328
2019-01-17 03:00:00,7194.999884564796
2019-01-17 03:30:00,7192.47361145731
2019-01-17 04:00:00,7251.869087763825
2019-01-17 04:30:00,7397.123181550241
2019-01-17 05:00:00,7594.961650489158
2019-01-17 05:30:00,7956.87258092388
2019-01-17 06:00:00,8397.094117895045
2019-01-17 06:30:00,8785.968317398765
2019-01-17 07:00:00,9293.474601951957
2019-01-17 07:30:00,9630.383646420829
2019-01-17 08:00:00,10004.052359872074
2019-01-17 08:30:00,10308.876374077328
2019-01-17 09:00:00,10578.479108651733
2019-01-17 09:30:00,10924.29902786731
2019-01-17 10:00:00,11279.612117130942
2019-01-17 10:30:00,11406.035491081573
2019-01-17 11:00:00,11565.068952176089
2019-01-17 11:30:00,11521.971776713834
2019-01-17 12:00:00,11832.592899098188
2019-01-17 12:30:00,11832.592899098188
2019-01-17 13:00:00,12862.682134909122
2019-01-17 13:30:00,12821.813680230594
2019-01-17 14:00:00,12858.04315374651
2019-01-17 14:30:00,12858.04315374651
2019-01-17 15:00:00,12826.243424464523
2019-01-17 15:30:00,12819.216510910454
2019-01-17 16:00:00,12853.63123193697
2019-01-17 16:30:00,12744.213982840338
2019-01-17 17:00:00,12518.338305084002
2019-01-17 17:30:00,12504.469207184842
2019-01-17 18:00:00,12059.168973401658
2019-01-17 18:30:00,12058.06350465425
2019-01-17 19:00:00,11338.180109937764
2019-01-17 19:30:00,10320.291146125308
2019-01-17 20:00:00,10727.935028444796
2019-01-17 20:30:00,10720.502735855565
2019-01-17 21:00:00,10269.607732126222
2019-01-17 21:30:00,10121.692639788258
2019-01-17 22:00:00,9631.038172385834
2019-01-17 22:30:00,9321.382690619115
2019-01-17 23:00:00,9134.047738675741
2019-01-17 23:30:00,8712.896324795556
2019-01-18 00:00:00,8638.89380052944
2019-01-18 00:30:00,8441.753638958415
2019-01-18 01:00:00,7982.649066608474
2019-01-18 01:30:00,7792.381050240223
2019-01-18 02:00:00,7683.087609730622
2019-01-18 02:30:00,7575.959592180827
2019-01-18 03:00:00,7419.461159682398
2019-01-18 03:30:00,7419.461159682398
2019-01-18 04:00:00,7529.292060044872
2019-01-18 04:30:00,7717.117993312757
2019-01-18 05:00:00,7880.369195284525
2019-01-18 05:30:00,8192.245906129176
2019-01-18 06:00:00,8660.711262953677
2019-01-18 06:30:00,8714.368866083403
2019-01-18 07:00:00,9250.549053475384
2019-01-18 07:30:00,9613.816038942192
2019-01-18 08:00:00,9911.766600739365
2019-01-18 08:30:00,10103.433299914492
2019-01-18 09:00:00,10406.565379026328
2019-01-18 09:30:00,10894.477196451699
2019-01-18 10:00:00,11608.204889438586
2019-01-18 10:30:00,11688.535211871955
2019-01-18 11:00:00,11974.902757001448
2019-01-18 11:30:00,12076.811773278449
2019-01-18 12:00:00,12167.92591553314
2019-01-18 12:30:00,12231.10846278999
2019-01-18 13:00:00,12145.203238284352
2019-01-18 13:30:00,13180.381560893265
2019-01-18 14:00:00,13216.611034409181
2019-01-18 14:30:00,13216.611034409181
2019-01-18 15:00:00,13218.652846251653
2019-01-18 15:30:00,13218.652846251653
2019-01-18 16:00:00,13185.55792060738
2019-01-18 16:30:00,13185.55792060738
2019-01-18 17:00:00,12818.856101362704
2019-01-18 17:30:00,12633.478364229379
2019-01-18 18:00:00,11951.360653988353
2019-01-18 18:30:00,11896.927241892165
2019-01-18 19:00:00,11492.372201397302
2019-01-18 19:30:00,10432.466124429444
2019-01-18 20:00:00,10622.69926820861
2019-01-18 20:30:00,10698.43362910783
2019-01-18 21:00:00,9929.333607910521
2019-01-18 21:30:00,9967.997339689433
2019-01-18 22:00:00,9461.253010005108
2019-01-18 22:30:00,9319.495059007677
2019-01-18 23:00:00,9103.920765319946
2019-01-18 23:30:00,8873.505923096232
2019-01-19 00:00:00,8280.33194408464
2019-01-19 00:30:00,8044.941873389984
2019-01-19 01:00:00,7920.738644566477
2019-01-19 01:30:00,7725.968106917667
2019-01-19 02:00:00,7327.767957739066
2019-01-19 02:30:00,7161.908189054074
2019-01-19 03:00:00,6838.242934648398
2019-01-19 03:30:00,6838.242934648398
2019-01-19 04:00:00,6892.399459425646
2019-01-19 04:30:00,7019.599668116291
2019-01-19 05:00:00,6976.252168077113
2019-01-19 05:30:00,7112.206906765202
2019-01-19 06:00:00,7184.238332809677
2019-01-19 06:30:00,7649.2201358352595
2019-01-19 07:00:00,7915.2136631586145
2019-01-19 07:30:00,8172.207138738548
2019-01-19 08:00:00,8842.379735629145
2019-01-19 08:30:00,8947.778224053924
2019-01-19 09:00:00,9231.99512054897
2019-01-19 09:30:00,9309.199882458921
2019-01-19 10:00:00,9626.332646362913
2019-01-19 10:30:00,9875.843072874615
2019-01-19 11:00:00,9993.137572647065
2019-01-19 11:30:00,9992.707177495215
2019-01-19 12:00:00,10013.027336630365
2019-01-19 12:30:00,10047.562140147926
2019-01-19 13:00:00,10101.249500953023
2019-01-19 13:30:00,11214.88861829734
2019-01-19 14:00:00,11069.741755197605
2019-01-19 14:30:00,11145.099777559848
2019-01-19 15:00:00,11102.820660596553
2019-01-19 15:30:00,11129.462109055412
2019-01-19 16:00:00,11023.248873839008
2019-01-19 16:30:00,11023.248873839008
2019-01-19 17:00:00,10946.816240271884
2019-01-19 17:30:00,10946.816240271884
2019-01-19 18:00:00,10595.942341931834
2019-01-19 18:30:00,10595.942341931834
2019-01-19 19:00:00,10350.1571101237
2019-01-19 19:30:00,9653.705379636685
2019-01-19 20:00:00,9507.943231196039
2019-01-19 20:30:00,9427.979653042968
2019-01-19 21:00:00,8948.471189089923
2019-01-19 21:30:00,8771.396068991178
2019-01-19 22:00:00,8977.376431934372
2019-01-19 22:30:00,8690.40768126751
2019-01-19 23:00:00,8192.476377909268
2019-01-19 23:30:00,7844.290653707951
2019-01-20 00:00:00,8020.4085849714365
2019-01-20 00:30:00,7944.630704244888
2019-01-20 01:00:00,7460.841972591653
2019-01-20 01:30:00,7380.067721773386
2019-01-20 02:00:00,7045.131710826087
2019-01-20 02:30:00,6827.329642792937
2019-01-20 03:00:00,6922.069463698308
2019-01-20 03:30:00,6895.835682809295
2019-01-20 04:00:00,6803.8649449463055
2019-01-20 04:30:00,6803.8649449463055
2019-01-20 05:00:00,6839.107423781008
2019-01-20 05:30:00,6921.366249420261
2019-01-20 06:00:00,7160.7714847447705
2019-01-20 06:30:00,7379.995347499964
2019-01-20 07:00:00,7489.657558326595
2019-01-20 07:30:00,7745.023245992927
2019-01-20 08:00:00,7899.967905242336
2019-01-20 08:30:00,8093.495454353597
2019-01-20 09:00:00,8084.916488724636
2019-01-20 09:30:00,8282.536021911725
2019-01-20 10:00:00,8633.501697020158
2019-01-20 10:30:00,8729.069796513397
2019-01-20 11:00:00,8782.508741958947
2019-01-20 11:30:00,8629.209578172444
2019-01-20 12:00:00,8593.527754130324
2019-01-20 12:30:00,8651.920860571656
2019-01-20 13:00:00,8571.659946562337
2019-01-20 13:30:00,8492.318031074412
2019-01-20 14:00:00,8440.273356274181
2019-01-20 14:30:00,8493.156085284147
2019-01-20 15:00:00,8515.832626003596
2019-01-20 15:30:00,8567.477188299103
2019-01-20 16:00:00,8648.254895486389
2019-01-20 16:30:00,8654.30114134151
2019-01-20 17:00:00,8778.48351656701
2019-01-20 17:30:00,8692.958723579406
2019-01-20 18:00:00,8701.313929109472
2019-01-20 18:30:00,8648.455311320413
2019-01-20 19:00:00,8592.177501648304
2019-01-20 19:30:00,8565.277641644943
2019-01-20 20:00:00,8458.471752179434
2019-01-20 20:30:00,8381.9731551904
2019-01-20 21:00:00,8187.435675488237
2019-01-20 21:30:00,8035.98089086196
2019-01-20 22:00:00,7830.980020764679
2019-01-20 22:30:00,7710.472392546017
2019-01-20 23:00:00,7481.286616200568
2019-01-20 23:30:00,7289.212882238502
2019-01-21 00:00:00,7504.0976298463
2019-01-21 00:30:00,7361.483393608629
2019-01-21 01:00:00,7044.7249057637355
2019-01-21 01:30:00,6814.711506956204
2019-01-21 02:00:00,6639.077050466525
2019-01-21 02:30:00,6540.720370743603
2019-01-21 03:00:00,6609.319430912789
2019-01-21 03:30:00,6528.040260463076
2019-01-21 04:00:00,6734.206197262993
2019-01-21 04:30:00,6652.92702681328
2019-01-21 05:00:00,7094.339846225221
2019-01-21 05:30:00,7204.105695802684
2019-01-21 06:00:00,7966.642997251456
2019-01-21 06:30:00,8181.1822214238355
2019-01-21 07:00:00,8722.203949931181
2019-01-21 07:30:00,8934.765126940023
2019-01-21 08:00:00,8973.0499450505
2019-01-21 08:30:00,9293.253623306355
2019-01-21 09:00:00,9054.114560813572
2019-01-21 09:30:00,9159.145631591984
2019-01-21 10:00:00,9086.101582256902
2019-01-21 10:30:00,9114.407845137173
2019-01-21 11:00:00,8979.621380265284
2019-01-21 11:30:00,9054.728025598077
2019-01-21 12:00:00,9157.626821206732
2019-01-21 12:30:00,9238.444659045177
2019-01-21 13:00:00,9334.31773821711
2019-01-21 13:30:00,9252.563725698974
2019-01-21 14:00:00,9370.576657421392
2019-01-21 14:30:00,9614.209697353896
2019-01-21 15:00:00,9747.214773931899
2019-01-21 15:30:00,9870.020660984852
2019-01-21 16:00:00,10118.293277424333
2019-01-21 16:30:00,10168.579780605023
2019-01-21 17:00:00,10080.482980755236
2019-01-21 17:30:00,10130.531099449203
2019-01-21 18:00:00,10010.382208094501
2019-01-21 18:30:00,10055.53040157172
2019-01-21 19:00:00,9753.458939253802
2019-01-21 19:30:00,9753.458939253802
2019-01-21 20:00:00,9744.151716001663
2019-01-21 20:30:00,9479.03225326123
2019-01-21 21:00:00,9327.16590685452
2019-01-21 21:30:00,9246.536416464782
2019-01-21 22:00:00,8949.878932751477
2019-01-21 22:30:00,8834.697649937969
2019-01-21 23:00:00,8557.313823142566
2019-01-21 23:30:00,8354.70947645248
2019-01-22 00:00:00,7901.6236366241
2019-01-22 00:30:00,7719.744310811149
2019-01-22 01:00:00,7647.39638758217
2019-01-22 01:30:00,7351.159824370961
2019-01-22 02:00:00,7002.2267181222915
2019-01-22 02:30:00,6847.637022356199
2019-01-22 03:00:00,6804.69778100114
2019-01-22 03:30:00,6832.169027250085
2019-01-22 04:00:00,7064.534656984512
2019-01-22 04:30:00,7229.151920737048
2019-01-22 05:00:00,7412.312955313571
2019-01-22 05:30:00,7792.812041464417
2019-01-22 06:00:00,8193.359877404124
2019-01-22 06:30:00,8620.485660512128
2019-01-22 07:00:00,8945.165648278311
2019-01-22 07:30:00,9175.384299165607
2019-01-22 08:00:00,9410.945328044589
2019-01-22 08:30:00,9520.864923454645
2019-01-22 09:00:00,9441.4657417559
2019-01-22 09:30:00,9568.528781973097
2019-01-22 10:00:00,9626.000880884298
2019-01-22 10:30:00,9674.151304269655
2019-01-22 11:00:00,9759.343808675158
2019-01-22 11:30:00,9824.222319935192
2019-01-22 12:00:00,9776.688522772301
2019-01-22 12:30:00,9776.688522772301
2019-01-22 13:00:00,9909.764632356995
2019-01-22 13:30:00,9973.480021792377
2019-01-22 14:00:00,10006.58726447338
2019-01-22 14:30:00,10124.12130397934
2019-01-22 15:00:00,10145.501676168364
2019-01-22 15:30:00,10318.565267207416
2019-01-22 16:00:00,10377.308915536627
2019-01-22 16:30:00,10406.204325798097
2019-01-22 17:00:00,10524.941222095304
2019-01-22 17:30:00,10463.572623359096
2019-01-22 18:00:00,10219.338905612325
2019-01-22 18:30:00,10146.466181249147
2019-01-22 19:00:00,10126.656642811091
2019-01-22 19:30:00,10025.709898334142
2019-01-22 20:00:00,9996.168951720529
2019-01-22 20:30:00,9881.280910843105
2019-01-22 21:00:00,9428.567959552549
2019-01-22 21:30:00,9316.405545660056
2019-01-22 22:00:00,9045.028909445015
2019-01-22 22:30:00,8960.838464914812
2019-01-22 23:00:00,8628.80035022697
2019-01-22 23:30:00,8353.050828671483
2019-01-23 00:00:00,8212.298263234261
2019-01-23 00:30:00,8000.65369208544
2019-01-23 01:00:00,7657.989614077086
2019-01-23 01:30:00,7355.289638058764
2019-01-23 02:00:00,7210.445741154955
2019-01-23 02:30:00,7091.86583679679
2019-01-23 03:00:00,6928.977086594289
2019-01-23 03:30:00,6912.241835609654
2019-01-23 04:00:00,6899.901573035738
2019-01-23 04:30:00,7099.394818391639
2019-01-23 05:00:00,7389.023150809904
2019-01-23 05:30:00,7797.147603016322
2019-01-23 06:00:00,8166.986832499659
2019-01-23 06:30:00,8611.019075166609
2019-01-23 07:00:00,8810.685540882852
2019-01-23 07:30:00,9127.44517025189
2019-01-23 08:00:00,9337.430369214931
2019-01-23 08:30:00,9716.215380867172
2019-01-23 09:00:00,9785.660258259983
2019-01-23 09:30:00,9998.0249708952
2019-01-23 10:00:00,10229.481811409887
2019-01-23 10:30:00,10351.218548057906
2019-01-23 11:00:00,10499.087859456991
2019-01-23 11:30:00,10616.89059546888
2019-01-23 12:00:00,10709.649378503385
2019-01-23 12:30:00,10983.404593454607
2019-01-23 13:00:00,11251.634107840682
2019-01-23 13:30:00,11308.939998762902
2019-01-23 14:00:00,11439.17668986582
2019-01-23 14:30:00,11483.958221644622
2019-01-23 15:00:00,11486.000033487093
2019-01-23 15:30:00,11115.778411926709
2019-01-23 16:00:00,11029.361100121627
2019-01-23 16:30:00,10999.907429178065
2019-01-23 17:00:00,10718.623312336738
2019-01-23 17:30:00,10821.784303873816
2019-01-23 18:00:00,10356.498631134069
2019-01-23 18:30:00,10737.379287265656
2019-01-23 19:00:00,10238.587840658716
2019-01-23 19:30:00,10578.338262630323
2019-01-23 20:00:00,10557.577781112046
2019-01-23 20:30:00,10259.31369830964
2019-01-23 21:00:00,9797.370848488164
2019-01-23 21:30:00,9557.000131877361
2019-01-23 22:00:00,9241.25841035166
2019-01-23 22:30:00,8924.69062362018
2019-01-23 23:00:00,8768.84950840917
2019-01-23 23:30:00,8589.514645006013
2019-01-24 00:00:00,8383.561188634767
2019-01-24 00:30:00,8171.49012538741
2019-01-24 01:00:00,7715.897425177159
2019-01-24 01:30:00,7482.469786118728
2019-01-24 02:00:00,7189.138425633623
2019-01-24 02:30:00,7075.242686685683
2019-01-24 03:00:00,7022.5417842678835
2019-01-24 03:30:00,7051.987186106748
2019-01-24 04:00:00,7028.17923132164
2019-01-24 04:30:00,7251.865040358221
2019-01-24 05:00:00,7517.676925296591
2019-01-24 05:30:00,8040.6357224309395
2019-01-24 06:00:00,8408.36472292335
2019-01-24 06:30:00,8704.931918811533
2019-01-24 07:00:00,9178.955067150206
2019-01-24 07:30:00,9466.751595428992
2019-01-24 08:00:00,9617.907159876135
2019-01-24 08:30:00,9901.851375891503
2019-01-24 09:00:00,9992.244111963506
2019-01-24 09:30:00,10100.098022629038
2019-01-24 10:00:00,10171.856623302978
2019-01-24 10:30:00,10412.527762827285
2019-01-24 11:00:00,10877.022957887883
2019-01-24 11:30:00,10934.047932502197
2019-01-24 12:00:00,11017.047346960508
2019-01-24 12:30:00,11020.14101528837
2019-01-24 13:00:00,11088.58630759018
2019-01-24 13:30:00,11088.58630759018
2019-01-24 14:00:00,11176.805244718555
2019-01-24 14:30:00,11040.419114597233
2019-01-24 15:00:00,10884.406314962798
2019-01-24 15:30:00,10735.861635481015
2019-01-24 16:00:00,10659.602220828607
2019-01-24 16:30:00,10581.814172743518
2019-01-24 17:00:00,10231.721376556721
2019-01-24 17:30:00,10018.50740219085
2019-01-24 18:00:00,10145.710151423038
2019-01-24 18:30:00,9900.800997145423
2019-01-24 19:00:00,9881.720159422515
2019-01-24 19:30:00,9827.10447597751
2019-01-24 20:00:00,9677.057532533754
2019-01-24 20:30:00,9484.086913079522
2019-01-24 21:00:00,9097.658929933355
2019-01-24 21:30:00,8950.824012381649
2019-01-24 22:00:00,8683.644260372166
2019-01-24 22:30:00,8614.906609665324
2019-01-24 23:00:00,8469.015741410734
2019-01-24 23:30:00,8185.926131946068
2019-01-25 00:00:00,8041.713773704643
2019-01-25 00:30:00,7766.279512478189
2019-01-25 01:00:00,7497.89487421876
2019-01-25 01:30:00,7130.691770309933
2019-01-25 02:00:00,6961.601139421968
2019-01-25 02:30:00,6883.758484329891
2019-01-25 03:00:00,6764.79828880157
2019-01-25 03:30:00,6771.278677389325
2019-01-25 04:00:00,6851.109534427969
2019-01-25 04:30:00,6963.646905608248
2019-01-25 05:00:00,7285.972742311445
2019-01-25 05:30:00,7650.613531742548
2019-01-25 06:00:00,8099.531764982204
2019-01-25 06:30:00,8457.973842766967
2019-01-25 07:00:00,8788.810972681964
2019-01-25 07:30:00,8902.569816549178
2019-01-25 08:00:00,9089.081471147507
2019-01-25 08:30:00,9267.87250477795
2019-01-25 09:00:00,9406.849503153733
2019-01-25 09:30:00,9435.155766034004
2019-01-25 10:00:00,9502.833767502636
2019-01-25 10:30:00,9472.65297103232
2019-01-25 11:00:00,9457.591363334595
2019-01-25 11:30:00,9452.911705625489
2019-01-25 12:00:00,9485.80909585652
2019-01-25 12:30:00,9635.454847133087
2019-01-25 13:00:00,9721.101603504994
2019-01-25 13:30:00,9952.577051947834
2019-01-25 14:00:00,10256.220464839254
2019-01-25 14:30:00,10346.658593937294
2019-01-25 15:00:00,10492.212895126033
2019-01-25 15:30:00,10621.633138480345
2019-01-25 16:00:00,10780.82121071334
2019-01-25 16:30:00,10867.09245326018
2019-01-25 17:00:00,10614.164080110057
2019-01-25 17:30:00,10512.468521676083
2019-01-25 18:00:00,10399.90437363487
2019-01-25 18:30:00,10196.767208733962
2019-01-25 19:00:00,10143.915548390358
2019-01-25 19:30:00,10118.141196969356
2019-01-25 20:00:00,10177.594074862389
2019-01-25 20:30:00,9978.41339324947
2019-01-25 21:00:00,9569.03432282523
2019-01-25 21:30:00,9424.52040109553
2019-01-25 22:00:00,9158.793436713348
2019-01-25 22:30:00,9055.969881255016
2019-01-25 23:00:00,8743.415672389574
2019-01-25 23:30:00,8502.514211571859
2019-01-26 00:00:00,7885.750518612586
2019-01-26 00:30:00,7817.413512574681
2019-01-26 01:00:00,7638.829782856213
2019-01-26 01:30:00,7451.033965505292
2019-01-26 02:00:00,7041.205099096539
2019-01-26 02:30:00,7016.963896328264
2019-01-26 03:00:00,6822.070972380877
2019-01-26 03:30:00,6866.8370258230925
2019-01-26 04:00:00,6866.838657074483
2019-01-26 04:30:00,6942.003043578225
2019-01-26 05:00:00,6808.561387002751
2019-01-26 05:30:00,7011.708859451122
2019-01-26 06:00:00,6962.52987784471
2019-01-26 06:30:00,7312.3453741934045
2019-01-26 07:00:00,7653.591344747645
2019-01-26 07:30:00,7959.077937096825
2019-01-26 08:00:00,8653.175517891763
2019-01-26 08:30:00,8862.32840053512
2019-01-26 09:00:00,9098.795556720273
2019-01-26 09:30:00,9258.105584033807
2019-01-26 10:00:00,9474.100583442154
2019-01-26 10:30:00,9553.328102722191
2019-01-26 11:00:00,9973.306280847974
2019-01-26 11:30:00,9993.137572647065
2019-01-26 12:00:00,9875.738712760096
2019-01-26 12:30:00,10195.760122529382
2019-01-26 13:00:00,10189.467922582196
2019-01-26 13:30:00,10310.844873121747
2019-01-26 14:00:00,10249.72348602336
2019-01-26 14:30:00,11171.741226018707
2019-01-26 15:00:00,11129.462109055412
2019-01-26 15:30:00,11129.462109055412
2019-01-26 16:00:00,10943.285295685937
2019-01-26 16:30:00,11023.248873839008
2019-01-26 17:00:00,10946.816240271884
2019-01-26 17:30:00,10946.816240271884
2019-01-26 18:00:00,10631.707282279933
2019-01-26 18:30:00,10576.298843194942
2019-01-26 19:00:00,10271.427827089165
2019-01-26 19:30:00,9442.001842064392
2019-01-26 20:00:00,9497.473153438421
2019-01-26 20:30:00,9670.265943168088
2019-01-26 21:00:00,9573.257361588761
2019-01-26 21:30:00,9501.867012946685
2019-01-26 22:00:00,8732.277218673778
2019-01-26 22:30:00,8857.379436004854
2019-01-26 23:00:00,8678.441518404647
2019-01-26 23:30:00,8343.010770483053
2019-01-27 00:00:00,8605.539617778952
2019-01-27 00:30:00,8262.190179163968
2019-01-27 01:00:00,7956.997633734467
2019-01-27 01:30:00,7652.995337826782
2019-01-27 02:00:00,7296.646941809172
2019-01-27 02:30:00,7220.219504735923
2019-01-27 03:00:00,7254.86715477267
2019-01-27 03:30:00,7192.358944710795
2019-01-27 04:00:00,7102.0785894742485
2019-01-27 04:30:00,7102.0785894742485
2019-01-27 05:00:00,7099.0784104571985
2019-01-27 05:30:00,7194.065284056286
2019-01-27 06:00:00,7261.990467569832
2019-01-27 06:30:00,7555.130951624024
2019-01-27 07:00:00,7774.712238618504
2019-01-27 07:30:00,7921.3723470932855
2019-01-27 08:00:00,8267.280918204284
2019-01-27 08:30:00,8526.911651017499
2019-01-27 09:00:00,8841.97649920066
2019-01-27 09:30:00,8962.27785954741
2019-01-27 10:00:00,9578.372777892171
2019-01-27 10:30:00,9881.267083286835
2019-01-27 11:00:00,10075.696219573223
2019-01-27 11:30:00,10201.462298075323
2019-01-27 12:00:00,10327.704013146913
2019-01-27 12:30:00,10353.364613234125
2019-01-27 13:00:00,10413.543971296445
2019-01-27 13:30:00,10471.60435076617
2019-01-27 14:00:00,10521.897743033782
2019-01-27 14:30:00,10493.32107910222
2019-01-27 15:00:00,10559.258454264806
2019-01-27 15:30:00,10491.693255627537
2019-01-27 16:00:00,10029.216154456308
2019-01-27 16:30:00,10029.216154456308
2019-01-27 17:00:00,10437.145462097693
2019-01-27 17:30:00,10381.719477687036
2019-01-27 18:00:00,10536.296839805702
2019-01-27 18:30:00,10602.068257694777
2019-01-27 19:00:00,10419.15894312429
2019-01-27 19:30:00,10372.98263116745
2019-01-27 20:00:00,10252.859536344647
2019-01-27 20:30:00,9912.802689369026
2019-01-27 21:00:00,9664.35972555236
2019-01-27 21:30:00,9513.894832911965
2019-01-27 22:00:00,9128.194516427944
2019-01-27 22:30:00,8847.933504937237
2019-01-27 23:00:00,8414.06804589177
2019-01-27 23:30:00,8228.713355355912
2019-01-28 00:00:00,7849.1820061998005
2019-01-28 00:30:00,7542.988482320823
2019-01-28 01:00:00,7003.306135184612
2019-01-28 01:30:00,6812.267385245826
2019-01-28 02:00:00,6864.4629013091635
2019-01-28 02:30:00,6928.687090234668
2019-01-28 03:00:00,7031.477014507412
2019-01-28 03:30:00,6847.085491030505
2019-01-28 04:00:00,7194.485058352485
2019-01-28 04:30:00,7194.485058352485
2019-01-28 05:00:00,7056.017891762228
2019-01-28 05:30:00,7056.017891762228
2019-01-28 06:00:00,7252.64954402463
2019-01-28 06:30:00,7322.001107952777
2019-01-28 07:00:00,7421.52176244914
2019-01-28 07:30:00,7617.059191346702
2019-01-28 08:00:00,8278.448504078528
2019-01-28 08:30:00,8607.877421150315
2019-01-28 09:00:00,8484.651036767726
2019-01-28 09:30:00,8407.672004927552
2019-01-28 10:00:00,8642.748512837266
2019-01-28 10:30:00,8866.43361635147
2019-01-28 11:00:00,9543.220797688708
2019-01-28 11:30:00,9585.84966591604
2019-01-28 12:00:00,10002.596962361553
2019-01-28 12:30:00,10091.456536293768
2019-01-28 13:00:00,10413.488831898989
2019-01-28 13:30:00,10399.229935034287
2019-01-28 14:00:00,10367.529615416552
2019-01-28 14:30:00,10367.529615416552
2019-01-28 15:00:00,10388.020606918997
2019-01-28 15:30:00,10276.33638279072
2019-01-28 16:00:00,10179.387472686909
2019-01-28 16:30:00,9581.616986364605
2019-01-28 17:00:00,9842.066819761942
2019-01-28 17:30:00,9769.496870402301
2019-01-28 18:00:00,9786.601004155229
2019-01-28 18:30:00,9224.47412079578
2019-01-28 19:00:00,9010.118058644184
2019-01-28 19:30:00,8853.166887465159
2019-01-28 20:00:00,8718.075190237985
2019-01-28 20:30:00,8653.685224270514
2019-01-28 21:00:00,8649.274514409142
2019-01-28 21:30:00,8327.26804365636
2019-01-28 22:00:00,8279.129661709987
2019-01-28 22:30:00,8189.381860630324
2019-01-28 23:00:00,7958.9851396441645
2019-01-28 23:30:00,7797.665439248698
2019-01-29 00:00:00,8589.96872508841
2019-01-29 00:30:00,8364.000414551314
2019-01-29 01:00:00,8224.56749341909
2019-01-29 01:30:00,7933.338609828974
2019-01-29 02:00:00,7736.054137816992
2019-01-29 02:30:00,7633.16743393392
2019-01-29 03:00:00,7462.199109868303
2019-01-29 03:30:00,7462.199109868303
2019-01-29 04:00:00,7424.741329385576
2019-01-29 04:30:00,7475.985880331239
2019-01-29 05:00:00,7471.629289683224
2019-01-29 05:30:00,7543.821328668588
2019-01-29 06:00:00,7779.551934175315
2019-01-29 06:30:00,7949.641795464211
2019-01-29 07:00:00,8709.934916876038
2019-01-29 07:30:00,8458.33487184591
2019-01-29 08:00:00,8705.779587270115
2019-01-29 08:30:00,8871.739953558948
2019-01-29 09:00:00,8988.355185565973
2019-01-29 09:30:00,9095.307110497977
2019-01-29 10:00:00,9194.531043405803
2019-01-29 10:30:00,9308.147624590143
2019-01-29 11:00:00,9423.019689206762
2019-01-29 11:30:00,9571.94301667821
2019-01-29 12:00:00,9678.57187169397
2019-01-29 12:30:00,9732.32338387849
2019-01-29 13:00:00,9877.694159319804
2019-01-29 13:30:00,10008.085906685454
2019-01-29 14:00:00,10166.704582922945
2019-01-29 14:30:00,10060.483179865076
2019-01-29 15:00:00,10136.892540706482
2019-01-29 15:30:00,10235.137164377993
2019-01-29 16:00:00,10304.61162933251
2019-01-29 16:30:00,10425.170306260743
2019-01-29 17:00:00,10494.72436944617
2019-01-29 17:30:00,10412.629540597485
2019-01-29 18:00:00,10119.884696724075
2019-01-29 18:30:00,10059.612339291656
2019-01-29 19:00:00,9750.451553540424
2019-01-29 19:30:00,9750.451553540424
2019-01-29 20:00:00,9924.978237399697
2019-01-29 20:30:00,9649.531219388864
2019-01-29 21:00:00,9659.196860097081
2019-01-29 21:30:00,9530.542922723067
2019-01-29 22:00:00,9225.009313360944
2019-01-29 22:30:00,9091.53968514036
2019-01-29 23:00:00,8709.597313850927
2019-01-29 23:30:00,8534.094669925698
2019-01-30 00:00:00,8379.243365762217
2019-01-30 00:30:00,8132.572786443632
2019-01-30 01:00:00,7635.966069359534
2019-01-30 01:30:00,7365.040690772121
2019-01-30 02:00:00,7251.653081878898
2019-01-30 02:30:00,7210.583805828118
2019-01-30 03:00:00,7194.412844633458
2019-01-30 03:30:00,7105.410905000577
2019-01-30 04:00:00,7118.912907770813
2019-01-30 04:30:00,7267.9491033535405
2019-01-30 05:00:00,7443.570455653279
2019-01-30 05:30:00,7887.2555191382935
2019-01-30 06:00:00,8435.730574553072
2019-01-30 06:30:00,8848.966250335743
2019-01-30 07:00:00,9431.79570258972
2019-01-30 07:30:00,9719.257624785383
2019-01-30 08:00:00,9753.507193268544
2019-01-30 08:30:00,9759.73687316607
2019-01-30 09:00:00,10030.820314140099
2019-01-30 09:30:00,10085.90625436582
2019-01-30 10:00:00,10187.036081439112
2019-01-30 10:30:00,10305.506939698578
2019-01-30 11:00:00,10470.000538990274
2019-01-30 11:30:00,10646.190480554824
2019-01-30 12:00:00,10766.300503056698
2019-01-30 12:30:00,10837.222979783754
2019-01-30 13:00:00,11026.53143456758
2019-01-30 13:30:00,11009.264656140816
2019-01-30 14:00:00,11084.589253131275
2019-01-30 14:30:00,10733.329686073277
2019-01-30 15:00:00,10735.371497915748
2019-01-30 15:30:00,10555.845387525143
2019-01-30 16:00:00,10620.299136431195
2019-01-30 16:30:00,10620.299136431195
2019-01-30 17:00:00,10467.11716724643
2019-01-30 17:30:00,10313.615885366971
2019-01-30 18:00:00,10040.662188726355
2019-01-30 18:30:00,10004.712890874234
2019-01-30 19:00:00,10181.534323347501
2019-01-30 19:30:00,10559.4167829603
2019-01-30 20:00:00,10386.06153251813
2019-01-30 20:30:00,10406.95452034185
2019-01-30 21:00:00,9784.144904493229
2019-01-30 21:30:00,9624.848047435935
2019-01-30 22:00:00,9442.103792705657
2019-01-30 22:30:00,9301.130107041874
2019-01-30 23:00:00,8995.588246215151
2019-01-30 23:30:00,8639.49232260336
2019-01-31 00:00:00,8802.230434451094
2019-01-31 00:30:00,8592.376175499092
2019-01-31 01:00:00,8101.219759434397
2019-01-31 01:30:00,7922.686929115905
2019-01-31 02:00:00,7509.631064343124
2019-01-31 02:30:00,7313.992628927379
2019-01-31 03:00:00,7226.173684001612
2019-01-31 03:30:00,7296.617665895235
2019-01-31 04:00:00,7300.218127930872
2019-01-31 04:30:00,7585.287668946847
2019-01-31 05:00:00,7906.475495093674
2019-01-31 05:30:00,8400.13194392678
2019-01-31 06:00:00,8887.703559884758
2019-01-31 06:30:00,9330.482883474333
2019-01-31 07:00:00,9937.432037521166
2019-01-31 07:30:00,10038.66331979465
2019-01-31 08:00:00,9929.184671442634
2019-01-31 08:30:00,10184.17019566419
2019-01-31 09:00:00,10417.817171425459
2019-01-31 09:30:00,10504.756203414408
2019-01-31 10:00:00,10453.93950996648
2019-01-31 10:30:00,10402.55217553805
2019-01-31 11:00:00,10549.074601155322
2019-01-31 11:30:00,10755.348195947712
2019-01-31 12:00:00,10984.18712435635
2019-01-31 12:30:00,11098.547032385219
2019-01-31 13:00:00,11230.290704913825
2019-01-31 13:30:00,11207.896778853776
2019-01-31 14:00:00,11319.17527285599
2019-01-31 14:30:00,11496.302956980631
2019-01-31 15:00:00,11289.628461997498
2019-01-31 15:30:00,11766.533355203708
2019-01-31 16:00:00,11804.785614589306
2019-01-31 16:30:00,11557.635829929639
2019-01-31 17:00:00,11563.066696740792
2019-01-31 17:30:00,11308.185674048882
2019-01-31 18:00:00,11088.442647108166
2019-01-31 18:30:00,11298.164781380015
2019-01-31 19:00:00,11024.208805092894
2019-01-31 19:30:00,11101.141644697362
2019-01-31 20:00:00,10951.512958792677
2019-01-31 20:30:00,10861.040547711002
2019-01-31 21:00:00,10446.185147652734
2019-01-31 21:30:00,10177.335424369521
2019-01-31 22:00:00,9724.064476110458
2019-01-31 22:30:00,9655.013036176904
2019-01-31 23:00:00,9550.207884356707
2019-01-31 23:30:00,9183.550528618918
2019-02-01 00:00:00,8396.207644950564
2019-02-01 00:30:00,8154.48299183796
2019-02-01 01:00:00,7709.519066020932
2019-02-01 01:30:00,7554.556911059393
2019-02-01 02:00:00,7410.9680320868365
2019-02-01 02:30:00,7316.596530717808
2019-02-01 03:00:00,7150.553528147975
2019-02-01 03:30:00,7150.553528147975
2019-02-01 04:00:00,7128.032667943704
2019-02-01 04:30:00,7359.422410152657
2019-02-01 05:00:00,7568.8579294600495
2019-02-01 05:30:00,8035.110266780414
2019-02-01 06:00:00,8537.770615757392
2019-02-01 06:30:00,8865.6237569527
2019-02-01 07:00:00,9243.3612168443
2019-02-01 07:30:00,9424.470392994317
2019-02-01 08:00:00,9698.89566142328
2019-02-01 08:30:00,9517.883771185025
2019-02-01 09:00:00,9675.238792402522
2019-02-01 09:30:00,9623.923236470035
2019-02-01 10:00:00,9833.916321648167
2019-02-01 10:30:00,9857.548257637127
2019-02-01 11:00:00,10053.39884557355
2019-02-01 11:30:00,10100.653451952505
2019-02-01 12:00:00,10045.706469762788
2019-02-01 12:30:00,10221.186855392527
2019-02-01 13:00:00,10370.824347308699
2019-02-01 13:30:00,10487.299733692815
2019-02-01 14:00:00,10403.490415380104
2019-02-01 14:30:00,10403.490415380104
2019-02-01 15:00:00,10465.8218394309
2019-02-01 15:30:00,10465.8218394309
2019-02-01 16:00:00,10341.766846584154
2019-02-01 16:30:00,10356.336215847477
2019-02-01 17:00:00,11242.781613742154
2019-02-01 17:30:00,11082.072193010048
2019-02-01 18:00:00,11159.80504696696
2019-02-01 18:30:00,10712.130322231495
2019-02-01 19:00:00,10316.573536997399
2019-02-01 19:30:00,9931.372676886129
2019-02-01 20:00:00,9829.664411440406
2019-02-01 20:30:00,9420.275934797313
2019-02-01 21:00:00,9039.352996667458
2019-02-01 21:30:00,8884.850813485638
2019-02-01 22:00:00,8606.946505964052
2019-02-01 22:30:00,8413.659924210939
2019-02-01 23:00:00,8113.880270421501
2019-02-01 23:30:00,7877.3189100626405
2019-02-02 00:00:00,7555.46241420349
2019-02-02 00:30:00,7339.108183098869
2019-02-02 01:00:00,7142.786540609986
2019-02-02 01:30:00,6929.44016705582
2019-02-02 02:00:00,6661.565029341132
2019-02-02 02:30:00,6517.9799008930795
2019-02-02 03:00:00,6396.265071883129
2019-02-02 03:30:00,6442.918104628051
2019-02-02 04:00:00,6439.8531327520805
2019-02-02 04:30:00,6607.3668522465
2019-02-02 05:00:00,6506.014477080255
2019-02-02 05:30:00,6834.96849013788
2019-02-02 06:00:00,6843.480307542735
2019-02-02 06:30:00,6987.760946219532
2019-02-02 07:00:00,7365.132824703548
2019-02-02 07:30:00,7448.990564624353
2019-02-02 08:00:00,7850.97072474169
2019-02-02 08:30:00,7850.97072474169
2019-02-02 09:00:00,7974.685331696505
2019-02-02 09:30:00,7973.439479953289
2019-02-02 10:00:00,7953.3101907688815
2019-02-02 10:30:00,7953.3101907688815
2019-02-02 11:00:00,7935.262270480083
2019-02-02 11:30:00,7851.404530559278
2019-02-02 12:00:00,7923.373967352264
2019-02-02 12:30:00,7795.266925968536
2019-02-02 13:00:00,7752.630423954542
2019-02-02 13:30:00,7722.703421677361
2019-02-02 14:00:00,7877.740711946232
2019-02-02 14:30:00,7794.5156849943505
2019-02-02 15:00:00,7891.220736140988
2019-02-02 15:30:00,7891.220736140988
2019-02-02 16:00:00,7928.352209573045
2019-02-02 16:30:00,7928.352209573045
2019-02-02 17:00:00,7929.079310028257
2019-02-02 17:30:00,7798.351188211621
2019-02-02 18:00:00,7994.034723212902
2019-02-02 18:30:00,7938.562534516479
2019-02-02 19:00:00,7907.8212682264075
2019-02-02 19:30:00,7895.046468265807
2019-02-02 20:00:00,7775.9614594583245
2019-02-02 20:30:00,7644.8697493751315
2019-02-02 21:00:00,7538.251676222623
2019-02-02 21:30:00,7548.685482116897
2019-02-02 22:00:00,7424.020047751301
2019-02-02 22:30:00,7408.407329995175
2019-02-02 23:00:00,7334.709927787806
2019-02-02 23:30:00,7186.239398922049
2019-02-03 00:00:00,6951.079013754539
2019-02-03 00:30:00,6821.439319531981
2019-02-03 01:00:00,6706.4142698648175
2019-02-03 01:30:00,6414.206016935013
2019-02-03 02:00:00,6248.187697472583
2019-02-03 02:30:00,6225.511809595597
2019-02-03 03:00:00,6171.517910026002
2019-02-03 03:30:00,6105.95318401649
2019-02-03 04:00:00,6106.545351457025
2019-02-03 04:30:00,6241.070642485034
2019-02-03 05:00:00,6270.1861372136145
2019-02-03 05:30:00,6465.702593614433
2019-02-03 06:00:00,6542.673021627487
2019-02-03 06:30:00,6813.431769807449
2019-02-03 07:00:00,6960.724936770057
2019-02-03 07:30:00,7181.2595039917205
2019-02-03 08:00:00,7399.5925546793305
2019-02-03 08:30:00,7530.40431525728
2019-02-03 09:00:00,7732.65713006429
2019-02-03 09:30:00,7788.681294467525
2019-02-03 10:00:00,7987.208767020204
2019-02-03 10:30:00,8081.304044596807
2019-02-03 11:00:00,8068.360345204325
2019-02-03 11:30:00,8035.9238229151315
2019-02-03 12:00:00,7943.590347738298
2019-02-03 12:30:00,7858.686447906138
2019-02-03 13:00:00,7870.275723246146
2019-02-03 13:30:00,8059.636758629954
2019-02-03 14:00:00,8038.117048010675
2019-02-03 14:30:00,8126.805381924987
2019-02-03 15:00:00,8152.686431092902
2019-02-03 15:30:00,8294.975834166038
2019-02-03 16:00:00,8642.748943434202
2019-02-03 16:30:00,8663.760212048099
2019-02-03 17:00:00,8937.04235956175
2019-02-03 17:30:00,8994.4203273725
2019-02-03 18:00:00,9115.997485650068
2019-02-03 18:30:00,9083.356597543405
2019-02-03 19:00:00,9072.052761210129
2019-02-03 19:30:00,9011.278058382743
2019-02-03 20:00:00,9053.927667396358
2019-02-03 20:30:00,8873.831008677076
2019-02-03 21:00:00,8549.05496473571
2019-02-03 21:30:00,8377.95000395412
2019-02-03 22:00:00,8033.727659597865
2019-02-03 22:30:00,7966.769622634181
2019-02-03 23:00:00,7643.965756603285
2019-02-03 23:30:00,7391.653548056944
2019-02-04 00:00:00,7486.738719590563
2019-02-04 00:30:00,7292.254754201361
2019-02-04 01:00:00,7119.107200896095
2019-02-04 01:30:00,6891.291869896067
2019-02-04 02:00:00,6803.255122352335
2019-02-04 02:30:00,6694.008898079129
2019-02-04 03:00:00,6587.173184491943
2019-02-04 03:30:00,6566.948723507066
2019-02-04 04:00:00,6766.512471533654
2019-02-04 04:30:00,6861.115655670107
2019-02-04 05:00:00,7327.028340242358
2019-02-04 05:30:00,7429.376032261644
2019-02-04 06:00:00,8216.638694984023
2019-02-04 06:30:00,8379.481373524339
2019-02-04 07:00:00,8956.270786556637
2019-02-04 07:30:00,9280.605676734684
2019-02-04 08:00:00,9132.311096188007
2019-02-04 08:30:00,9322.92623211625
2019-02-04 09:00:00,9359.948837967659
2019-02-04 09:30:00,9549.435799918589
2019-02-04 10:00:00,9531.570182517125
2019-02-04 10:30:00,9631.193965089244
2019-02-04 11:00:00,9929.783296520653
2019-02-04 11:30:00,10095.096787085291
2019-02-04 12:00:00,10175.797043488796
2019-02-04 12:30:00,10343.189609079509
2019-02-04 13:00:00,10454.091173003946
2019-02-04 13:30:00,10528.903132616346
2019-02-04 14:00:00,10600.743468548946
2019-02-04 14:30:00,10603.349700855097
2019-02-04 15:00:00,10793.36178400126
2019-02-04 15:30:00,10990.779879251388
2019-02-04 16:00:00,10978.071581834602
2019-02-04 16:30:00,11123.869306675027
2019-02-04 17:00:00,11185.260679849194
2019-02-04 17:30:00,11138.919869420393
2019-02-04 18:00:00,11037.37537038119
2019-02-04 18:30:00,10705.317046956912
2019-02-04 19:00:00,10208.981716761615
2019-02-04 19:30:00,10117.682190556117
2019-02-04 20:00:00,9798.294960322297
2019-02-04 20:30:00,9690.427066202583
2019-02-04 21:00:00,9263.436607986923
2019-02-04 21:30:00,9197.940369239743
2019-02-04 22:00:00,8939.06203811858
2019-02-04 22:30:00,8932.971752920046
2019-02-04 23:00:00,8582.044957104219
2019-02-04 23:30:00,8255.747221152773
2019-02-05 00:00:00,7841.856009678068
2019-02-05 00:30:00,7727.137743629792
2019-02-05 01:00:00,7455.073953307678
2019-02-05 01:30:00,7193.005174644258
2019-02-05 02:00:00,6907.772284913069
2019-02-05 02:30:00,6881.615815923264
2019-02-05 03:00:00,6734.328169270189
2019-02-05 03:30:00,6832.964803603967
2019-02-05 04:00:00,6886.986000058257
2019-02-05 04:30:00,7112.697709139803
2019-02-05 05:00:00,7300.16947350941
2019-02-05 05:30:00,7760.053735940302
2019-02-05 06:00:00,8221.48847726661
2019-02-05 06:30:00,8548.347052388846
2019-02-05 07:00:00,8955.00625033205
2019-02-05 07:30:00,9138.14329953166
2019-02-05 08:00:00,9392.938902325124
2019-02-05 08:30:00,9653.453046514851
2019-02-05 09:00:00,9853.070079120742
2019-02-05 09:30:00,9939.515625024616
2019-02-05 10:00:00,10077.771031511935
2019-02-05 10:30:00,10177.39119831921
2019-02-05 11:00:00,10384.151962440434
2019-02-05 11:30:00,10487.740864806674
2019-02-05 12:00:00,10349.271963280273
2019-02-05 12:30:00,10734.475712586518
2019-02-05 13:00:00,10938.839696768096
2019-02-05 13:30:00,11053.173302861192
2019-02-05 14:00:00,11118.06152726035
2019-02-05 14:30:00,11243.015794185409
2019-02-05 15:00:00,11552.865984527529
2019-02-05 15:30:00,11521.100124224951
2019-02-05 16:00:00,12480.5007891958
2019-02-05 16:30:00,12308.084614807962
2019-02-05 17:00:00,12371.056001219273
2019-02-05 17:30:00,11559.574793234067
2019-02-05 18:00:00,11381.310091654028
2019-02-05 18:30:00,11186.726545597428
2019-02-05 19:00:00,10716.15499319232
2019-02-05 19:30:00,10601.821387099226
2019-02-05 20:00:00,10431.078691677962
2019-02-05 20:30:00,10078.79654353551
2019-02-05 21:00:00,9897.251961957567
2019-02-05 21:30:00,9764.320169532326
2019-02-05 22:00:00,9159.638212168915
2019-02-05 22:30:00,8961.609322645942
2019-02-05 23:00:00,8489.623973407708
2019-02-05 23:30:00,8263.418309200944
2019-02-06 00:00:00,8486.933384721568
2019-02-06 00:30:00,8196.276796553197
2019-02-06 01:00:00,7832.728496959152
2019-02-06 01:30:00,7645.387850165185
2019-02-06 02:00:00,7286.899198010229
2019-02-06 02:30:00,7213.138249737172
2019-02-06 03:00:00,7026.63481610905
2019-02-06 03:30:00,6916.276065296281
2019-02-06 04:00:00,7039.474224508293
2019-02-06 04:30:00,7282.55919765214
2019-02-06 05:00:00,7458.257634169579
2019-02-06 05:30:00,8006.182658519025
2019-02-06 06:00:00,8436.360943943877
2019-02-06 06:30:00,9037.470554485471
2019-02-06 07:00:00,9561.510476653464
2019-02-06 07:30:00,9727.506199674435
2019-02-06 08:00:00,9800.230031737641
2019-02-06 08:30:00,9940.893241038346
2019-02-06 09:00:00,9878.352078718026
2019-02-06 09:30:00,9991.652825601159
2019-02-06 10:00:00,10083.21007501077
2019-02-06 10:30:00,10147.69915025566
2019-02-06 11:00:00,10196.374165611385
2019-02-06 11:30:00,10211.889139548926
2019-02-06 12:00:00,10120.607733347084
2019-02-06 12:30:00,10220.073525952159
2019-02-06 13:00:00,10341.886305678921
2019-02-06 13:30:00,10394.258079369905
2019-02-06 14:00:00,10395.94961757313
2019-02-06 14:30:00,10559.070321490026
2019-02-06 15:00:00,10579.177375617877
2019-02-06 15:30:00,10628.820721237213
2019-02-06 16:00:00,10780.58080174499
2019-02-06 16:30:00,10704.45731651995
2019-02-06 17:00:00,10753.006618945808
2019-02-06 17:30:00,10609.795852849995
2019-02-06 18:00:00,10546.181636649826
2019-02-06 18:30:00,10301.106327189755
2019-02-06 19:00:00,10224.800897309527
2019-02-06 19:30:00,10294.440744694735
2019-02-06 20:00:00,10152.850036628442
2019-02-06 20:30:00,9871.673120192601
2019-02-06 21:00:00,9500.866799227175
2019-02-06 21:30:00,9349.00643425128
2019-02-06 22:00:00,9017.718782216205
2019-02-06 22:30:00,8869.060486033612
2019-02-06 23:00:00,8609.485063639726
2019-02-06 23:30:00,8225.046624234974
2019-02-07 00:00:00,8053.045680539609
2019-02-07 00:30:00,7886.975993154774
2019-02-07 01:00:00,7567.716259309093
2019-02-07 01:30:00,7262.966690958787
2019-02-07 02:00:00,7048.578035560475
2019-02-07 02:30:00,6909.398055057884
2019-02-07 03:00:00,6796.586651650993
2019-02-07 03:30:00,6787.735846081614
2019-02-07 04:00:00,6811.976949401401
2019-02-07 04:30:00,6981.580622139192
2019-02-07 05:00:00,7304.443798969957
2019-02-07 05:30:00,7730.732699487852
2019-02-07 06:00:00,8133.948868234023
2019-02-07 06:30:00,8574.017851923856
2019-02-07 07:00:00,8964.715243196824
2019-02-07 07:30:00,9181.774956242496
2019-02-07 08:00:00,9293.62341347708
2019-02-07 08:30:00,9486.387838679975
2019-02-07 09:00:00,9568.627741531503
2019-02-07 09:30:00,9577.611993443892
2019-02-07 10:00:00,9720.65041477615
2019-02-07 10:30:00,9701.112449510905
2019-02-07 11:00:00,9718.747234732016
2019-02-07 11:30:00,9736.084007799273
2019-02-07 12:00:00,9904.047199205243
2019-02-07 12:30:00,9868.506209712696
2019-02-07 13:00:00,9989.362424360035
2019-02-07 13:30:00,10002.38338398903
2019-02-07 14:00:00,9916.697500686532
2019-02-07 14:30:00,10209.985393891739
2019-02-07 15:00:00,10526.990274715952
2019-02-07 15:30:00,10697.96351641791
2019-02-07 16:00:00,10980.590250697716
2019-02-07 16:30:00,10980.590250697716
2019-02-07 17:00:00,10607.820103761707
2019-02-07 17:30:00,10816.465744863488
2019-02-07 18:00:00,10591.074123070319
2019-02-07 18:30:00,10567.387034859612
2019-02-07 19:00:00,9773.795529109366
2019-02-07 19:30:00,9860.840129835298
2019-02-07 20:00:00,9741.568052624389
2019-02-07 20:30:00,9588.536925560093
2019-02-07 21:00:00,9101.909531880523
2019-02-07 21:30:00,8898.908900101018
2019-02-07 22:00:00,8814.715665987942
2019-02-07 22:30:00,8705.456704942771
2019-02-07 23:00:00,8409.26496810975
2019-02-07 23:30:00,8214.431381027263
2019-02-08 00:00:00,8202.403910706478
2019-02-08 00:30:00,7938.8851411127
2019-02-08 01:00:00,7622.306274391832
2019-02-08 01:30:00,7244.843587197494
2019-02-08 02:00:00,7148.441716951844
2019-02-08 02:30:00,6993.489977084198
2019-02-08 03:00:00,6891.722811855864
2019-02-08 03:30:00,6868.054823577772
2019-02-08 04:00:00,6885.655241612093
2019-02-08 04:30:00,7181.117125317169
2019-02-08 05:00:00,7423.308114923758
2019-02-08 05:30:00,7814.844479372873
2019-02-08 06:00:00,8299.067451680847
2019-02-08 06:30:00,8737.270635521463
2019-02-08 07:00:00,9187.348660067837
2019-02-08 07:30:00,9338.3222837568
2019-02-08 08:00:00,9546.37718236188
2019-02-08 08:30:00,9575.936510105092
2019-02-08 09:00:00,9870.222210986125
2019-02-08 09:30:00,10292.651318511946
2019-02-08 10:00:00,10319.880750558488
2019-02-08 10:30:00,10585.541327948678
2019-02-08 11:00:00,10679.05657180034
2019-02-08 11:30:00,10888.745868792168
2019-02-08 12:00:00,11169.505944935272
2019-02-08 12:30:00,11380.591103483679
2019-02-08 13:00:00,11044.322606472273
2019-02-08 13:30:00,11258.72976379363
2019-02-08 14:00:00,11340.32452108512
2019-02-08 14:30:00,11156.679034390805
2019-02-08 15:00:00,11342.22219316447
2019-02-08 15:30:00,11271.77738935969
2019-02-08 16:00:00,11292.85471504878
2019-02-08 16:30:00,11292.85471504878
2019-02-08 17:00:00,11317.223502611334
2019-02-08 17:30:00,10909.017049054513
2019-02-08 18:00:00,10821.390729525674
2019-02-08 18:30:00,10385.655354517903
2019-02-08 19:00:00,10253.003180376858
2019-02-08 19:30:00,10086.246408111643
2019-02-08 20:00:00,9995.281126470818
2019-02-08 20:30:00,9675.04414969043
2019-02-08 21:00:00,9150.085774631016
2019-02-08 21:30:00,8926.772918308347
2019-02-08 22:00:00,8884.67847638189
2019-02-08 22:30:00,8710.274743077198
2019-02-08 23:00:00,8425.560622266019
2019-02-08 23:30:00,8219.400308993585
2019-02-09 00:00:00,7735.003191824716
2019-02-09 00:30:00,7597.5558674424265
2019-02-09 01:00:00,7433.33528259438
2019-02-09 01:30:00,7307.87791522618
2019-02-09 02:00:00,6918.686242340331
2019-02-09 02:30:00,6842.78060208771
2019-02-09 03:00:00,6636.945961793533
2019-02-09 03:30:00,6636.945961793533
2019-02-09 04:00:00,6721.909708562518
2019-02-09 04:30:00,6820.8808532301255
2019-02-09 05:00:00,6753.719457468812
2019-02-09 05:30:00,6931.696387351911
2019-02-09 06:00:00,6964.547783639574
2019-02-09 06:30:00,7346.305636689555
2019-02-09 07:00:00,7626.230280207653
2019-02-09 07:30:00,7776.881858828772
2019-02-09 08:00:00,8275.249427196833
2019-02-09 08:30:00,8382.538057428437
2019-02-09 09:00:00,8592.15952265606
2019-02-09 09:30:00,8632.647998697394
2019-02-09 10:00:00,8650.464936982284
2019-02-09 10:30:00,8714.893533350289
2019-02-09 11:00:00,8778.77869116429
2019-02-09 11:30:00,8870.645897181257
2019-02-09 12:00:00,8802.981387723754
2019-02-09 12:30:00,8866.92968899595
2019-02-09 13:00:00,9195.392580254567
2019-02-09 13:30:00,9386.60149957882
2019-02-09 14:00:00,9484.265133751667
2019-02-09 14:30:00,9545.804400706033
2019-02-09 15:00:00,9583.66086573952
2019-02-09 15:30:00,9722.707805180191
2019-02-09 16:00:00,9788.748566069944
2019-02-09 16:30:00,9864.901688853946
2019-02-09 17:00:00,9714.043971092233
2019-02-09 17:30:00,9268.822601706082
2019-02-09 18:00:00,9185.834858929979
2019-02-09 18:30:00,8821.058588590497
2019-02-09 19:00:00,8646.686160699914
2019-02-09 19:30:00,8550.373305582776
2019-02-09 20:00:00,8326.696405502737
2019-02-09 20:30:00,8189.039394247311
2019-02-09 21:00:00,7924.852984272793
2019-02-09 21:30:00,7836.924802143314
2019-02-09 22:00:00,7647.599341190917
2019-02-09 22:30:00,7542.29772008343
2019-02-09 23:00:00,7423.28796818977
2019-02-09 23:30:00,7368.552667618224
2019-02-10 00:00:00,7091.244687874287
2019-02-10 00:30:00,6883.26018240676
2019-02-10 01:00:00,6689.06918495501
2019-02-10 01:30:00,6396.860932025206
2019-02-10 02:00:00,6241.444861743783
2019-02-10 02:30:00,6167.484986515266
2019-02-10 03:00:00,6078.605348931846
2019-02-10 03:30:00,6078.605348931846
2019-02-10 04:00:00,6066.7178680147235
2019-02-10 04:30:00,6086.988878930665
2019-02-10 05:00:00,6165.228911369982
2019-02-10 05:30:00,6295.304136207296
2019-02-10 06:00:00,6353.4091152179935
2019-02-10 06:30:00,6475.393244364837
2019-02-10 07:00:00,6605.005966901457
2019-02-10 07:30:00,6819.611144205091
2019-02-10 08:00:00,6943.279593130094
2019-02-10 08:30:00,7182.0569329810805
2019-02-10 09:00:00,7333.632599758136
2019-02-10 09:30:00,7412.655115265916
2019-02-10 10:00:00,7537.665211408407
2019-02-10 10:30:00,7606.390383118034
2019-02-10 11:00:00,7813.554499794641
2019-02-10 11:30:00,8064.135761865091
2019-02-10 12:00:00,8133.388439211475
2019-02-10 12:30:00,8199.48254197836
2019-02-10 13:00:00,8350.071670871872
2019-02-10 13:30:00,8456.096995273543
2019-02-10 14:00:00,8429.641222117176
2019-02-10 14:30:00,8432.448209394479
2019-02-10 15:00:00,8632.66481968369
2019-02-10 15:30:00,8674.110307313675
2019-02-10 16:00:00,8820.269214987353
2019-02-10 16:30:00,8891.783754743054
2019-02-10 17:00:00,8773.92774599635
2019-02-10 17:30:00,8773.92774599635
2019-02-10 18:00:00,8716.920191073912
2019-02-10 18:30:00,8546.470643163666
2019-02-10 19:00:00,8571.286866275523
2019-02-10 19:30:00,8449.066352804388
2019-02-10 20:00:00,8347.366852308905
2019-02-10 20:30:00,8295.142183928538
2019-02-10 21:00:00,8144.0400528951095
2019-02-10 21:30:00,7945.246300023459
2019-02-10 22:00:00,7652.581636085683
2019-02-10 22:30:00,7570.423118365619
2019-02-10 23:00:00,7273.575348623648
2019-02-10 23:30:00,7099.704436105497
2019-02-11 00:00:00,7270.299439565479
2019-02-11 00:30:00,7041.367644499887
2019-02-11 01:00:00,6827.909772131554
2019-02-11 01:30:00,6583.586698810994
2019-02-11 02:00:00,6501.1846394577115
2019-02-11 02:30:00,6364.37058855072
2019-02-11 03:00:00,6336.978783501954
2019-02-11 03:30:00,6336.978783501954
2019-02-11 04:00:00,6524.594909513882
2019-02-11 04:30:00,6559.228356211861
2019-02-11 05:00:00,7101.144488845729
2019-02-11 05:30:00,7285.711416901257
2019-02-11 06:00:00,7998.924381603582
2019-02-11 06:30:00,8191.214050814962
2019-02-11 07:00:00,8552.874778543573
2019-02-11 07:30:00,8614.247904301932
2019-02-11 08:00:00,8305.550777014607
2019-02-11 08:30:00,8479.86816786786
2019-02-11 09:00:00,8233.950877137322
2019-02-11 09:30:00,8236.47715024481
2019-02-11 10:00:00,8137.705625913072
2019-02-11 10:30:00,7997.167017006205
2019-02-11 11:00:00,7921.160380637949
2019-02-11 11:30:00,7906.6673432790385
2019-02-11 12:00:00,7900.3781486616335
2019-02-11 12:30:00,7936.313222066852
2019-02-11 13:00:00,7952.808998391358
2019-02-11 13:30:00,7952.808998391358
2019-02-11 14:00:00,8274.55049875997
2019-02-11 14:30:00,8275.77093644595
2019-02-11 15:00:00,8563.667675168512
2019-02-11 15:30:00,8797.614333192818
2019-02-11 16:00:00,8908.740296518265
2019-02-11 16:30:00,9113.809477369894
2019-02-11 17:00:00,9193.736730279157
2019-02-11 17:30:00,9436.934125313082
2019-02-11 18:00:00,9370.85550519633
2019-02-11 18:30:00,9293.652253303819
2019-02-11 19:00:00,8967.814363885838
2019-02-11 19:30:00,8997.229859673902
2019-02-11 20:00:00,8952.887038438023
2019-02-11 20:30:00,8689.995064536688
2019-02-11 21:00:00,8383.941022025798
2019-02-11 21:30:00,8233.775072883276
2019-02-11 22:00:00,8035.497756248217
2019-02-11 22:30:00,7983.927475458515
2019-02-11 23:00:00,7727.43914012105
2019-02-11 23:30:00,7475.943822283951
2019-02-12 00:00:00,7230.172310671014
2019-02-12 00:30:00,7059.910705423918
2019-02-12 01:00:00,6850.526342477765
2019-02-12 01:30:00,6633.802161925586
2019-02-12 02:00:00,6379.614917071154
2019-02-12 02:30:00,6318.826906473676
2019-02-12 03:00:00,6142.304661406227
2019-02-12 03:30:00,6233.608884268791
2019-02-12 04:00:00,6339.92772563374
2019-02-12 04:30:00,6541.127070796592
2019-02-12 05:00:00,6841.775367344093
2019-02-12 05:30:00,7308.471444278405
2019-02-12 06:00:00,7664.421680790984
2019-02-12 06:30:00,7938.666348237315
2019-02-12 07:00:00,8133.644444739385
2019-02-12 07:30:00,8189.406537908845
2019-02-12 08:00:00,8173.566329833631
2019-02-12 08:30:00,8276.610181760916
2019-02-12 09:00:00,8310.796025916348
2019-02-12 09:30:00,8316.513720785766
2019-02-12 10:00:00,8357.593177387333
2019-02-12 10:30:00,8372.015690611526
2019-02-12 11:00:00,8487.45200903625
2019-02-12 11:30:00,8420.301284318022
2019-02-12 12:00:00,8578.026631189116
2019-02-12 12:30:00,8609.314026806149
2019-02-12 13:00:00,8751.993691844084
2019-02-12 13:30:00,8879.335878304506
2019-02-12 14:00:00,9017.84663812358
2019-02-12 14:30:00,9141.398110685022
2019-02-12 15:00:00,9444.563645770777
2019-02-12 15:30:00,9682.516043896529
2019-02-12 16:00:00,9780.57917255772
2019-02-12 16:30:00,9948.73558782476
2019-02-12 17:00:00,10179.065703599223
2019-02-12 17:30:00,10179.065703599223
2019-02-12 18:00:00,10051.451516502626
2019-02-12 18:30:00,9704.114411816547
2019-02-12 19:00:00,9559.410546182176
2019-02-12 19:30:00,9552.764670932016
2019-02-12 20:00:00,9424.081442304534
2019-02-12 20:30:00,9137.816285574878
2019-02-12 21:00:00,8819.98453903643
2019-02-12 21:30:00,8705.707917512587
2019-02-12 22:00:00,8331.202909532547
2019-02-12 22:30:00,8239.74202653065
2019-02-12 23:00:00,7973.719311823674
2019-02-12 23:30:00,7790.611097642169
2019-02-13 00:00:00,7650.346965755065
2019-02-13 00:30:00,7413.56735538043
2019-02-13 01:00:00,7108.270005442676
2019-02-13 01:30:00,6861.323334977605
2019-02-13 02:00:00,6603.8741053829735
2019-02-13 02:30:00,6482.616503323179
2019-02-13 03:00:00,6411.637917358407
2019-02-13 03:30:00,6370.330190664966
2019-02-13 04:00:00,6436.119126555887
2019-02-13 04:30:00,6587.998011570126
2019-02-13 05:00:00,6787.987651064097
2019-02-13 05:30:00,7207.260815707594
2019-02-13 06:00:00,7626.037111031186
2019-02-13 06:30:00,7992.064301643631
2019-02-13 07:00:00,8284.409777041159
2019-02-13 07:30:00,8349.704941672548
2019-02-13 08:00:00,8539.470869101386
2019-02-13 08:30:00,8587.935240762314
2019-02-13 09:00:00,8808.317785488938
2019-02-13 09:30:00,8865.014765315782
2019-02-13 10:00:00,9024.857178074433
2019-02-13 10:30:00,9449.566154719372
2019-02-13 11:00:00,10008.891229247356
2019-02-13 11:30:00,10124.795720088621
2019-02-13 12:00:00,10585.866626310717
2019-02-13 12:30:00,10747.05403286997
2019-02-13 13:00:00,11349.315974232737
2019-02-13 13:30:00,11749.396538590621
2019-02-13 14:00:00,12168.764972687608
2019-02-13 14:30:00,12323.440028763576
2019-02-13 15:00:00,12823.421481471823
2019-02-13 15:30:00,13128.576791174177
2019-02-13 16:00:00,13235.44401650877
2019-02-13 16:30:00,13235.44401650877
2019-02-13 17:00:00,13040.344239060954
2019-02-13 17:30:00,12803.621122651526
2019-02-13 18:00:00,12512.272909945937
2019-02-13 18:30:00,12302.996734371725
2019-02-13 19:00:00,11509.256234650877
2019-02-13 19:30:00,11051.56783968015
2019-02-13 20:00:00,10229.08520854627
2019-02-13 20:30:00,9944.134493570486
2019-02-13 21:00:00,9136.883426011795
2019-02-13 21:30:00,8494.387115323198
2019-02-13 22:00:00,8545.050588903421
2019-02-13 22:30:00,8217.10391944783
2019-02-13 23:00:00,8237.971929023906
2019-02-13 23:30:00,8154.677465475457
2019-02-14 00:00:00,7972.483072626866
2019-02-14 00:30:00,7725.29995609598
2019-02-14 01:00:00,7552.976671125603
2019-02-14 01:30:00,7149.705828777204
2019-02-14 02:00:00,6914.099133182794
2019-02-14 02:30:00,6790.390589367536
2019-02-14 03:00:00,6742.325301163633
2019-02-14 03:30:00,6625.44350472828
2019-02-14 04:00:00,6538.254418748706
2019-02-14 04:30:00,6748.756717669267
2019-02-14 05:00:00,7015.442451175236
2019-02-14 05:30:00,7513.240868407016
2019-02-14 06:00:00,7865.08405171799
2019-02-14 06:30:00,8222.064364300028
2019-02-14 07:00:00,8506.887693642877
2019-02-14 07:30:00,8523.72443925618
2019-02-14 08:00:00,8501.01665638557
2019-02-14 08:30:00,8557.50409288607
2019-02-14 09:00:00,8564.185344931746
2019-02-14 09:30:00,8556.229744907328
2019-02-14 10:00:00,8526.697998708925
2019-02-14 10:30:00,8493.606320549174
2019-02-14 11:00:00,8502.821764039605
2019-02-14 11:30:00,8382.763709965686
2019-02-14 12:00:00,8397.180094076135
2019-02-14 12:30:00,8397.180094076135
2019-02-14 13:00:00,8501.013027525789
2019-02-14 13:30:00,8546.507714404665
2019-02-14 14:00:00,8583.555978602919
2019-02-14 14:30:00,8577.460282623968
2019-02-14 15:00:00,8791.818769884369
2019-02-14 15:30:00,8938.88282211684
2019-02-14 16:00:00,9174.151416367398
2019-02-14 16:30:00,9306.89565999669
2019-02-14 17:00:00,9370.261580295204
2019-02-14 17:30:00,9218.401215319309
2019-02-14 18:00:00,9133.892042114845
2019-02-14 18:30:00,9009.684152127084
2019-02-14 19:00:00,8897.6091132074
2019-02-14 19:30:00,8825.287298598627
2019-02-14 20:00:00,8671.35643302583
2019-02-14 20:30:00,8488.648526731185
2019-02-14 21:00:00,8166.2336018711185
2019-02-14 21:30:00,8034.506185441981
2019-02-14 22:00:00,7800.3789021669145
2019-02-14 22:30:00,7747.208626077211
2019-02-14 23:00:00,7511.420407370109
2019-02-14 23:30:00,7388.372565407553
2019-02-15 00:00:00,7180.345382754204
2019-02-15 00:30:00,7030.3301020112
2019-02-15 01:00:00,6934.475069504744
2019-02-15 01:30:00,6673.378225694975
2019-02-15 02:00:00,6452.304938062808
2019-02-15 02:30:00,6322.745826370687
2019-02-15 03:00:00,6314.684837006445
2019-02-15 03:30:00,6400.700834822918
2019-02-15 04:00:00,6419.611186012234
2019-02-15 04:30:00,6687.922759088795
2019-02-15 05:00:00,6876.522486859328
2019-02-15 05:30:00,7411.89507677085
2019-02-15 06:00:00,7665.026729808852
2019-02-15 06:30:00,8062.666112921728
2019-02-15 07:00:00,8340.709028768497
2019-02-15 07:30:00,8359.259162788994
2019-02-15 08:00:00,8281.429006222994
2019-02-15 08:30:00,8404.106282587922
2019-02-15 09:00:00,8468.632314278559
2019-02-15 09:30:00,8462.139946221349
2019-02-15 10:00:00,8493.198184695639
2019-02-15 10:30:00,8474.648050675141
2019-02-15 11:00:00,8467.181820956923
2019-02-15 11:30:00,8373.086543380317
2019-02-15 12:00:00,8232.886801434406
2019-02-15 12:30:00,8232.886801434406
2019-02-15 13:00:00,8253.606683000415
2019-02-15 13:30:00,8344.600739606038
2019-02-15 14:00:00,8345.31514637768
2019-02-15 14:30:00,8412.465871095907
2019-02-15 15:00:00,8509.940627472668
2019-02-15 15:30:00,8564.64615611883
2019-02-15 16:00:00,8759.436322863143
2019-02-15 16:30:00,8886.778509323565
2019-02-15 17:00:00,8973.672608646513
2019-02-15 17:30:00,8945.385276815026
2019-02-15 18:00:00,8784.228731437912
2019-02-15 18:30:00,8732.38202815948
2019-02-15 19:00:00,8579.87789816659
2019-02-15 19:30:00,8605.217665145183
2019-02-15 20:00:00,8486.896336389807
2019-02-15 20:30:00,8281.978837401399
2019-02-15 21:00:00,8091.42815569695
2019-02-15 21:30:00,7983.4166344749865
2019-02-15 22:00:00,7809.253064082914
2019-02-15 22:30:00,7745.3231915091055
2019-02-15 23:00:00,7628.370894046056
2019-02-15 23:30:00,7496.478405260282
2019-02-16 00:00:00,7206.345876777066
2019-02-16 00:30:00,7153.272397715421
2019-02-16 01:00:00,6854.999262731595
2019-02-16 01:30:00,6630.957191274209
2019-02-16 02:00:00,6458.173508035763
2019-02-16 02:30:00,6335.050135747464
2019-02-16 03:00:00,6300.469075833956
2019-02-16 03:30:00,6331.4391617939045
2019-02-16 04:00:00,6254.772856701484
2019-02-16 04:30:00,6478.307167968069
2019-02-16 05:00:00,6337.22279189437
2019-02-16 05:30:00,6729.724295878627
2019-02-16 06:00:00,6726.405511014469
2019-02-16 06:30:00,6860.193630847675
2019-02-16 07:00:00,7117.3647100454655
2019-02-16 07:30:00,7154.751025325412
2019-02-16 08:00:00,7495.897965257558
2019-02-16 08:30:00,7551.78784360635
2019-02-16 09:00:00,7677.100489550618
2019-02-16 09:30:00,7677.100489550618
2019-02-16 10:00:00,7671.927742201056
2019-02-16 10:30:00,7671.927742201056
2019-02-16 11:00:00,7591.061104778606
2019-02-16 11:30:00,7486.895735159828
2019-02-16 12:00:00,7484.636403885762
2019-02-16 12:30:00,7484.636403885762
2019-02-16 13:00:00,7510.834954532144
2019-02-16 13:30:00,7549.517692656406
2019-02-16 14:00:00,7652.6170820716425
2019-02-16 14:30:00,7721.131059315968
2019-02-16 15:00:00,7891.636534218262
2019-02-16 15:30:00,7998.144805191337
2019-02-16 16:00:00,8106.522833427598
2019-02-16 16:30:00,8176.945720531437
2019-02-16 17:00:00,8266.879123441217
2019-02-16 17:30:00,8228.773066265132
2019-02-16 18:00:00,8254.548672010875
2019-02-16 18:30:00,8172.236093010108
2019-02-16 19:00:00,8148.30441043395
2019-02-16 19:30:00,8167.949243093428
2019-02-16 20:00:00,8028.787879402552
2019-02-16 20:30:00,7784.059313772389
2019-02-16 21:00:00,7608.868025680812
2019-02-16 21:30:00,7567.385974736732
2019-02-16 22:00:00,7474.0182602013065
2019-02-16 22:30:00,7448.642431348239
2019-02-16 23:00:00,7376.300509144576
2019-02-16 23:30:00,7226.831844472523
2019-02-17 00:00:00,7055.488879675355
2019-02-17 00:30:00,6879.853056420882
2019-02-17 01:00:00,6682.146882835185
2019-02-17 01:30:00,6339.797411703677
2019-02-17 02:00:00,6218.905598256205
2019-02-17 02:30:00,6124.730651188376
2019-02-17 03:00:00,6052.713076634097
2019-02-17 03:30:00,6049.133484565054
2019-02-17 04:00:00,6041.604392723902
2019-02-17 04:30:00,6119.242420066841
2019-02-17 05:00:00,6154.192774966961
2019-02-17 05:30:00,6324.4122595319095
2019-02-17 06:00:00,6334.183290446582
2019-02-17 06:30:00,6509.594402006517
2019-02-17 07:00:00,6676.4541766051625
2019-02-17 07:30:00,6906.186557416301
2019-02-17 08:00:00,7008.651774327812
2019-02-17 08:30:00,7149.417717029822
2019-02-17 09:00:00,7275.179620379714
2019-02-17 09:30:00,7436.800404786707
2019-02-17 10:00:00,7483.104380000865
2019-02-17 10:30:00,7476.871407350787
2019-02-17 11:00:00,7551.791137578465
2019-02-17 11:30:00,7551.791137578465
2019-02-17 12:00:00,7679.043815284987
2019-02-17 12:30:00,7592.082387184931
2019-02-17 13:00:00,7600.35350804548
2019-02-17 13:30:00,7724.723808327302
2019-02-17 14:00:00,7798.0597123427215
2019-02-17 14:30:00,7878.169376552403
2019-02-17 15:00:00,8142.829468928992
2019-02-17 15:30:00,8298.309332766261
2019-02-17 16:00:00,8451.704316830714
2019-02-17 16:30:00,8516.61904783611
2019-02-17 17:00:00,8656.326816553237
2019-02-17 17:30:00,8726.999353964333
2019-02-17 18:00:00,8679.658469673222
2019-02-17 18:30:00,8541.077416566271
2019-02-17 19:00:00,8464.410809034682
2019-02-17 19:30:00,8601.08919037511
2019-02-17 20:00:00,8461.517298503295
2019-02-17 20:30:00,8351.7256644323
2019-02-17 21:00:00,7973.081637383438
2019-02-17 21:30:00,7905.748120284328
2019-02-17 22:00:00,7601.622055032172
2019-02-17 22:30:00,7601.622055032172
2019-02-17 23:00:00,7230.604921902414
2019-02-17 23:30:00,7032.451573182512
2019-02-18 00:00:00,7039.676046518844
2019-02-18 00:30:00,6875.2800433263355
2019-02-18 01:00:00,6845.5299620358355
2019-02-18 01:30:00,6638.459722495923
2019-02-18 02:00:00,6499.801791171208
2019-02-18 02:30:00,6345.739944621268
2019-02-18 03:00:00,6358.51040468068
2019-02-18 03:30:00,6358.51040468068
2019-02-18 04:00:00,6546.126530692608
2019-02-18 04:30:00,6546.126530692608
2019-02-18 05:00:00,7133.854607292437
2019-02-18 05:30:00,7354.485673954469
2019-02-18 06:00:00,8020.762498891302
2019-02-18 06:30:00,8131.772997652969
2019-02-18 07:00:00,8584.857038551612
2019-02-18 07:30:00,8641.351956508275
2019-02-18 08:00:00,8491.083178660565
2019-02-18 08:30:00,8651.377707947651
2019-02-18 09:00:00,8688.392054287006
2019-02-18 09:30:00,8804.220084257186
2019-02-18 10:00:00,8828.89238343586
2019-02-18 10:30:00,8740.59401408923
2019-02-18 11:00:00,8820.480392015705
2019-02-18 11:30:00,8957.905189457195
2019-02-18 12:00:00,9206.73111550354
2019-02-18 12:30:00,9355.650897464793
2019-02-18 13:00:00,9423.577644231887
2019-02-18 13:30:00,9624.026619014317
2019-02-18 14:00:00,9465.569543522142
2019-02-18 14:30:00,9559.33760361053
2019-02-18 15:00:00,9768.422077883895
2019-02-18 15:30:00,9940.504517095025
2019-02-18 16:00:00,10158.305609549298
2019-02-18 16:30:00,10392.702007719337
2019-02-18 17:00:00,10192.939237629424
2019-02-18 17:30:00,10594.030315615646
2019-02-18 18:00:00,10248.613848928215
2019-02-18 18:30:00,10260.284348786654
2019-02-18 19:00:00,9929.095767174229
2019-02-18 19:30:00,9855.48251545671
2019-02-18 20:00:00,9692.537220549224
2019-02-18 20:30:00,9374.414635819783
2019-02-18 21:00:00,9013.847424922278
2019-02-18 21:30:00,8994.08862168624
2019-02-18 22:00:00,8726.560137309594
2019-02-18 22:30:00,8487.613058664254
2019-02-18 23:00:00,8252.339338655021
2019-02-18 23:30:00,8116.322794829434
2019-02-19 00:00:00,7701.295477457832
2019-02-19 00:30:00,7613.851942312017
2019-02-19 01:00:00,7383.088749793378
2019-02-19 01:30:00,7061.6427546705145
2019-02-19 02:00:00,6781.463237310366
2019-02-19 02:30:00,6690.6274948536175
2019-02-19 03:00:00,6637.969463567597
2019-02-19 03:30:00,6663.470275810346
2019-02-19 04:00:00,6703.42553170582
2019-02-19 04:30:00,7066.866932595234
2019-02-19 05:00:00,7234.408914201963
2019-02-19 05:30:00,7599.5345756377465
2019-02-19 06:00:00,7981.343072992824
2019-02-19 06:30:00,8305.700055677158
2019-02-19 07:00:00,8596.11586091276
2019-02-19 07:30:00,8692.13847107777
2019-02-19 08:00:00,8825.814233400277
2019-02-19 08:30:00,8851.15400037887
2019-02-19 09:00:00,9046.425809716504
2019-02-19 09:30:00,9078.733462895647
2019-02-19 10:00:00,9175.816868609887
2019-02-19 10:30:00,9235.070979879561
2019-02-19 11:00:00,9476.2169072996
2019-02-19 11:30:00,9685.579051935341
2019-02-19 12:00:00,9707.43053288029
2019-02-19 12:30:00,9875.493416867916
2019-02-19 13:00:00,9994.704646872337
2019-02-19 13:30:00,10113.175505131805
2019-02-19 14:00:00,10069.2453707802
2019-02-19 14:30:00,10352.8264687301
2019-02-19 15:00:00,10355.084561577165
2019-02-19 15:30:00,10409.524858324998
2019-02-19 16:00:00,10677.120869339835
2019-02-19 16:30:00,10677.120869339835
2019-02-19 17:00:00,10265.057419251352
2019-02-19 17:30:00,10154.819851143036
2019-02-19 18:00:00,10428.684408713012
2019-02-19 18:30:00,10431.083736854176
2019-02-19 19:00:00,9800.251740543292
2019-02-19 19:30:00,9783.281554552574
2019-02-19 20:00:00,9639.023173474818
2019-02-19 20:30:00,9409.981793614825
2019-02-19 21:00:00,9066.844086556202
2019-02-19 21:30:00,9034.3017191181
2019-02-19 22:00:00,8588.279644831247
2019-02-19 22:30:00,8480.972476433168
2019-02-19 23:00:00,8186.761644640675
2019-02-19 23:30:00,8004.901635193179
2019-02-20 00:00:00,7895.778753248153
2019-02-20 00:30:00,7763.314102598721
2019-02-20 01:00:00,7422.353883451853
2019-02-20 01:30:00,7110.007652863397
2019-02-20 02:00:00,7002.228068170453
2019-02-20 02:30:00,6858.954204847713
2019-02-20 03:00:00,6820.789789389103
2019-02-20 03:30:00,6884.960337135335
2019-02-20 04:00:00,6902.129934716473
2019-02-20 04:30:00,6921.191424942131
2019-02-20 05:00:00,7296.542365942326
2019-02-20 05:30:00,7818.553412010302
2019-02-20 06:00:00,8277.258811678139
2019-02-20 06:30:00,8620.754064849505
2019-02-20 07:00:00,8878.415179254902
2019-02-20 07:30:00,9041.076145873749
2019-02-20 08:00:00,9205.150439348034
2019-02-20 08:30:00,9273.012177816183
2019-02-20 09:00:00,9451.970782531494
2019-02-20 09:30:00,9495.487893155609
2019-02-20 10:00:00,9675.807321694801
2019-02-20 10:30:00,9723.957745080159
2019-02-20 11:00:00,9778.525515745368
2019-02-20 11:30:00,9737.117147452806
2019-02-20 12:00:00,9829.30195825363
2019-02-20 12:30:00,9774.686274808626
2019-02-20 13:00:00,9719.898635504544
2019-02-20 13:30:00,9890.452356095713
2019-02-20 14:00:00,9511.265627038214
2019-02-20 14:30:00,9754.128511071216
2019-02-20 15:00:00,9762.265895538942
2019-02-20 15:30:00,9851.593097952054
2019-02-20 16:00:00,9960.703553554842
2019-02-20 16:30:00,9949.31611796468
2019-02-20 17:00:00,9883.848191370744
2019-02-20 17:30:00,9677.805113201948
2019-02-20 18:00:00,9628.35000552318
2019-02-20 18:30:00,9417.827312043451
2019-02-20 19:00:00,9302.78157957937
2019-02-20 19:30:00,9189.922417763697
2019-02-20 20:00:00,8973.469194691088
2019-02-20 20:30:00,8712.643566125205
2019-02-20 21:00:00,8427.36623198527
2019-02-20 21:30:00,8366.94808445097
2019-02-20 22:00:00,8146.781236473294
2019-02-20 22:30:00,7951.477500260968
2019-02-20 23:00:00,7749.984636427641
2019-02-20 23:30:00,7620.386923264688
2019-02-21 00:00:00,7510.698446428212
2019-02-21 00:30:00,7289.992015002626
2019-02-21 01:00:00,7030.551215131479
2019-02-21 01:30:00,6794.960752919347
2019-02-21 02:00:00,6567.514942793728
2019-02-21 02:30:00,6421.019522384157
2019-02-21 03:00:00,6324.683983907476
2019-02-21 03:30:00,6326.921447024117
2019-02-21 04:00:00,6441.265002611071
2019-02-21 04:30:00,6655.079971636543
2019-02-21 05:00:00,6907.177504315407
2019-02-21 05:30:00,7531.229471062043
2019-02-21 06:00:00,7907.109995984782
2019-02-21 06:30:00,8212.157186128055
2019-02-21 07:00:00,8484.268487455125
2019-02-21 07:30:00,8597.227299306393
2019-02-21 08:00:00,8592.3250483052
2019-02-21 08:30:00,8665.856735329766
2019-02-21 09:00:00,8661.545503781892
2019-02-21 09:30:00,8661.545503781892
2019-02-21 10:00:00,8661.953546706882
2019-02-21 10:30:00,8606.933174855232
2019-02-21 11:00:00,8480.917737571439
2019-02-21 11:30:00,8457.429576307524
2019-02-21 12:00:00,8501.70402324429
2019-02-21 12:30:00,8501.70402324429
2019-02-21 13:00:00,8502.742294934433
2019-02-21 13:30:00,8596.96916031946
2019-02-21 14:00:00,8553.64754547589
2019-02-21 14:30:00,8606.81056489043
2019-02-21 15:00:00,8675.06862141152
2019-02-21 15:30:00,8881.251986451549
2019-02-21 16:00:00,9040.531858514012
2019-02-21 16:30:00,9089.692230111847
2019-02-21 17:00:00,9227.34176883639
2019-02-21 17:30:00,9177.524504468294
2019-02-21 18:00:00,9056.607166718923
2019-02-21 18:30:00,8969.508481675663
2019-02-21 19:00:00,8919.322291135912
2019-02-21 19:30:00,8891.53425300722
2019-02-21 20:00:00,8681.063467610471
2019-02-21 20:30:00,8496.376450700065
2019-02-21 21:00:00,8249.892317802887
2019-02-21 21:30:00,8157.006079083408
2019-02-21 22:00:00,7907.612953164943
2019-02-21 22:30:00,7853.3932883028365
2019-02-21 23:00:00,7709.131403131792
2019-02-21 23:30:00,7497.124101817235
2019-02-22 00:00:00,7455.094436185634
2019-02-22 00:30:00,7191.600405092049
2019-02-22 01:00:00,6913.596467665844
2019-02-22 01:30:00,6705.163514240815
2019-02-22 02:00:00,6451.721567503567
2019-02-22 02:30:00,6370.442397053854
2019-02-22 03:00:00,6353.417594483899
2019-02-22 03:30:00,6353.417594483899
2019-02-22 04:00:00,6445.573593927996
2019-02-22 04:30:00,6625.145784348636
2019-02-22 05:00:00,6901.441639266716
2019-02-22 05:30:00,7403.875501169336
2019-02-22 06:00:00,7845.963052425481
2019-02-22 06:30:00,8223.709987243325
2019-02-22 07:00:00,8499.342347554963
2019-02-22 07:30:00,8590.591868045392
2019-02-22 08:00:00,8568.509779320511
2019-02-22 08:30:00,8712.729154090692
2019-02-22 09:00:00,8751.91178698551
2019-02-22 09:30:00,8783.691418720846
2019-02-22 10:00:00,8752.177519529137
2019-02-22 10:30:00,8752.177519529137
2019-02-22 11:00:00,8673.267394270806
2019-02-22 11:30:00,8600.945579662031
2019-02-22 12:00:00,8530.062578965315
2019-02-22 12:30:00,8579.547652807016
2019-02-22 13:00:00,8519.043084692166
2019-02-22 13:30:00,8519.043084692166
2019-02-22 14:00:00,8566.970990339025
2019-02-22 14:30:00,8483.497322959807
2019-02-22 15:00:00,8626.697513920057
2019-02-22 15:30:00,8693.286034428702
2019-02-22 16:00:00,8823.010964094823
2019-02-22 16:30:00,8822.720820510394
2019-02-22 17:00:00,8855.412885048501
2019-02-22 17:30:00,8838.114160382165
2019-02-22 18:00:00,8814.191474035073
2019-02-22 18:30:00,8645.792815605197
2019-02-22 19:00:00,8536.16760205698
2019-02-22 19:30:00,8566.862883111538
2019-02-22 20:00:00,8427.238632768755
2019-02-22 20:30:00,8151.819002932366
2019-02-22 21:00:00,7919.477605095902
2019-02-22 21:30:00,7875.042403657127
2019-02-22 22:00:00,7810.9699998583965
2019-02-22 22:30:00,7725.877326358917
2019-02-22 23:00:00,7650.972356206259
2019-02-22 23:30:00,7499.65336659919
2019-02-23 00:00:00,7257.007235544372
2019-02-23 00:30:00,7153.230800883275
2019-02-23 01:00:00,6958.909779360685
2019-02-23 01:30:00,6681.289712902963
2019-02-23 02:00:00,6455.511767624391
2019-02-23 02:30:00,6371.624037748979
2019-02-23 03:00:00,6240.739695583384
2019-02-23 03:30:00,6281.907826273959
2019-02-23 04:00:00,6253.431555827264
2019-02-23 04:30:00,6403.671291295475
2019-02-23 05:00:00,6378.836728098006
2019-02-23 05:30:00,6737.526111750749
2019-02-23 06:00:00,6775.360132691607
2019-02-23 06:30:00,6942.066533025647
2019-02-23 07:00:00,7240.780312414724
2019-02-23 07:30:00,7272.397320155571
2019-02-23 08:00:00,7659.835956305829
2019-02-23 08:30:00,7779.381146176155
2019-02-23 09:00:00,7798.1331617924625
2019-02-23 09:30:00,7774.277980836887
2019-02-23 10:00:00,7736.08007250268
2019-02-23 10:30:00,7584.813453171118
2019-02-23 11:00:00,7512.675860286401
2019-02-23 11:30:00,7488.500121886393
2019-02-23 12:00:00,7444.671365757039
2019-02-23 12:30:00,7423.068032357937
2019-02-23 13:00:00,7453.053160129284
2019-02-23 13:30:00,7475.1920417343035
2019-02-23 14:00:00,7419.410301573854
2019-02-23 14:30:00,7388.052955113787
2019-02-23 15:00:00,7447.208935004904
2019-02-23 15:30:00,7453.468304318764
2019-02-23 16:00:00,7535.7618374086405
2019-02-23 16:30:00,7538.262448776331
2019-02-23 17:00:00,7671.779556667394
2019-02-23 17:30:00,7633.096818543132
2019-02-23 18:00:00,7798.524476304022
2019-02-23 18:30:00,7758.705486691051
2019-02-23 19:00:00,7764.018480905675
2019-02-23 19:30:00,7764.018480905675
2019-02-23 20:00:00,7607.815659263216
2019-02-23 20:30:00,7560.944404702731
2019-02-23 21:00:00,7434.101966490731
2019-02-23 21:30:00,7434.101966490731
2019-02-23 22:00:00,7388.829181754262
2019-02-23 22:30:00,7335.491673602358
2019-02-23 23:00:00,7273.107024826668
2019-02-23 23:30:00,7117.974004710355
2019-02-24 00:00:00,6856.472765335196
2019-02-24 00:30:00,6676.4733399715715
2019-02-24 01:00:00,6418.187853151389
2019-02-24 01:30:00,6166.241300896533
2019-02-24 02:00:00,6039.522109685513
2019-02-24 02:30:00,5984.213033161414
2019-02-24 03:00:00,5886.887510499313
2019-02-24 03:30:00,5883.711865165408
2019-02-24 04:00:00,5897.998618294663
2019-02-24 04:30:00,5962.671693862965
2019-02-24 05:00:00,5989.379928000675
2019-02-24 05:30:00,6199.9600377317365
2019-02-24 06:00:00,6247.063632613492
2019-02-24 06:30:00,6424.443617635186
2019-02-24 07:00:00,6514.908066687397
2019-02-24 07:30:00,6749.531805452446
2019-02-24 08:00:00,6844.499730885653
2019-02-24 08:30:00,6950.5916999544925
2019-02-24 09:00:00,7071.2006828989715
2019-02-24 09:30:00,7071.2006828989715
2019-02-24 10:00:00,7180.220473371369
2019-02-24 10:30:00,7080.227965590844
2019-02-24 11:00:00,7052.306788171089
2019-02-24 11:30:00,6916.143098627051
2019-02-24 12:00:00,6869.972216615202
2019-02-24 12:30:00,6854.777980724441
2019-02-24 13:00:00,6922.4997642504495
2019-02-24 13:30:00,6922.4997642504495
2019-02-24 14:00:00,6954.423466626517
2019-02-24 14:30:00,6994.970170811033
2019-02-24 15:00:00,7013.762967259882
2019-02-24 15:30:00,6993.427275622334
2019-02-24 16:00:00,7249.881498629605
2019-02-24 16:30:00,7234.3243254299005
2019-02-24 17:00:00,7518.663576852852
2019-02-24 17:30:00,7637.170113764515
2019-02-24 18:00:00,7776.241062552596
2019-02-24 18:30:00,7785.674915353525
2019-02-24 19:00:00,7921.470511682512
2019-02-24 19:30:00,8097.78269895502
2019-02-24 20:00:00,7822.854008001929
2019-02-24 20:30:00,7676.854382647859
2019-02-24 21:00:00,7474.7574161559805
2019-02-24 21:30:00,7468.437323574341
2019-02-24 22:00:00,7185.3908108342885
2019-02-24 22:30:00,7140.714120095811
2019-02-24 23:00:00,6928.897488622903
2019-02-24 23:30:00,6646.2611166576435
2019-02-25 00:00:00,6800.6749079070105
2019-02-25 00:30:00,6644.9591873340505
2019-02-25 01:00:00,6461.764841034438
2019-02-25 01:30:00,6244.223288133086
2019-02-25 02:00:00,6061.365008500549
2019-02-25 02:30:00,5937.384020358617
2019-02-25 03:00:00,5988.456524736523
2019-02-25 03:30:00,5956.628625324847
2019-02-25 04:00:00,6038.107000425775
2019-02-25 04:30:00,6116.343754081088
2019-02-25 05:00:00,6560.144527323425
2019-02-25 05:30:00,6688.9242810950955
2019-02-25 06:00:00,7591.794266373271
2019-02-25 06:30:00,7752.328718350175
2019-02-25 07:00:00,8140.859206063734
2019-02-25 07:30:00,8439.70673267808
2019-02-25 08:00:00,8339.230805557614
2019-02-25 08:30:00,8481.177942999324
2019-02-25 09:00:00,8187.507991424719
2019-02-25 09:30:00,8383.35495554286
2019-02-25 10:00:00,8075.388669299165
2019-02-25 10:30:00,8169.604365281292
2019-02-25 11:00:00,7890.908584105052
2019-02-25 11:30:00,7909.6865528701355
2019-02-25 12:00:00,7984.18464487061
2019-02-25 12:30:00,7853.479534922914
2019-02-25 13:00:00,7848.715301244702
2019-02-25 13:30:00,7848.715301244702
2019-02-25 14:00:00,7911.315489200017
2019-02-25 14:30:00,8047.185042785452
2019-02-25 15:00:00,8133.954780350774
2019-02-25 15:30:00,8218.311127817271
2019-02-25 16:00:00,8505.812818673983
2019-02-25 16:30:00,8671.093542798122
2019-02-25 17:00:00,8773.043561200162
2019-02-25 17:30:00,8942.711892866675
2019-02-25 18:00:00,8857.94375124724
2019-02-25 18:30:00,8864.549849345605
2019-02-25 19:00:00,8665.560766551249
2019-02-25 19:30:00,8714.288748137838
2019-02-25 20:00:00,8584.514475424505
2019-02-25 20:30:00,8423.507482793004
2019-02-25 21:00:00,8264.437229543582
2019-02-25 21:30:00,8109.734219985572
2019-02-25 22:00:00,7936.1234016832495
2019-02-25 22:30:00,7977.047199208299
2019-02-25 23:00:00,7610.316696385448
2019-02-25 23:30:00,7438.30701284373
2019-02-26 00:00:00,7250.897755617951
2019-02-26 00:30:00,7087.454108065907
2019-02-26 01:00:00,6882.798545190495
2019-02-26 01:30:00,6658.898116058463
2019-02-26 02:00:00,6343.759980063032
2019-02-26 02:30:00,6224.62521113026
2019-02-26 03:00:00,6152.928939995831
2019-02-26 03:30:00,6216.659534433838
2019-02-26 04:00:00,6287.493097360854
2019-02-26 04:30:00,6547.107410550978
2019-02-26 05:00:00,6823.573848925431
2019-02-26 05:30:00,7400.637893914688
2019-02-26 06:00:00,7814.491160248635
2019-02-26 06:30:00,8048.775405001404
2019-02-26 07:00:00,8348.675844607496
2019-02-26 07:30:00,8415.605938032402
2019-02-26 08:00:00,8325.23882693674
2019-02-26 08:30:00,8431.391870476633
2019-02-26 09:00:00,8437.904380663416
2019-02-26 09:30:00,8424.105076898157
2019-02-26 10:00:00,8463.783692110106
2019-02-26 10:30:00,8372.023480150954
2019-02-26 11:00:00,8276.37991548523
2019-02-26 11:30:00,8239.500661470527
2019-02-26 12:00:00,8268.997085045472
2019-02-26 12:30:00,8224.561883606688
2019-02-26 13:00:00,8237.85009361599
2019-02-26 13:30:00,8262.866238588858
2019-02-26 14:00:00,8306.177594244611
2019-02-26 14:30:00,8306.177594244611
2019-02-26 15:00:00,8508.199139113623
2019-02-26 15:30:00,8620.264174809452
2019-02-26 16:00:00,8751.573228759598
2019-02-26 16:30:00,8916.575067567917
2019-02-26 17:00:00,8980.281095889573
2019-02-26 17:30:00,9038.369547157681
2019-02-26 18:00:00,8951.746241349552
2019-02-26 18:30:00,8900.559663606706
2019-02-26 19:00:00,8872.02829329307
2019-02-26 19:30:00,8824.359800181212
2019-02-26 20:00:00,8557.260172557724
2019-02-26 20:30:00,8452.791946457439
2019-02-26 21:00:00,8174.125604189674
2019-02-26 21:30:00,8114.283318262669
2019-02-26 22:00:00,7963.413495409587
2019-02-26 22:30:00,7954.8895601421345
2019-02-26 23:00:00,7751.6722478758975
2019-02-26 23:30:00,7641.4394775542
2019-02-27 00:00:00,7259.137862027405
2019-02-27 00:30:00,7111.593053392577
2019-02-27 01:00:00,6907.021400444482
2019-02-27 01:30:00,6664.537920558198
2019-02-27 02:00:00,6474.527882798601
2019-02-27 02:30:00,6367.1275020464855
2019-02-27 03:00:00,6307.250035322316
2019-02-27 03:30:00,6307.250035322316
2019-02-27 04:00:00,6383.795723496443
2019-02-27 04:30:00,6485.759150476049
2019-02-27 05:00:00,6753.729220702069
2019-02-27 05:30:00,7286.04877839124
2019-02-27 06:00:00,7661.116198966654
2019-02-27 06:30:00,7882.463612054875
2019-02-27 07:00:00,8197.475699399038
2019-02-27 07:30:00,8161.119602901072
2019-02-27 08:00:00,8174.728667072799
2019-02-27 08:30:00,8233.438419628474
2019-02-27 09:00:00,8219.063754005967
2019-02-27 09:30:00,8270.917688180925
2019-02-27 10:00:00,8348.595058135235
2019-02-27 10:30:00,8366.057933949804
2019-02-27 11:00:00,8375.244444793872
2019-02-27 11:30:00,8486.818142844999
2019-02-27 12:00:00,8529.01927509049
2019-02-27 12:30:00,8613.323334998535
2019-02-27 13:00:00,8612.683496234324
2019-02-27 13:30:00,8624.260405971629
2019-02-27 14:00:00,8760.114560738515
2019-02-27 14:30:00,8851.364081228945
2019-02-27 15:00:00,8983.985157485948
2019-02-27 15:30:00,9211.49084217631
2019-02-27 16:00:00,9408.028451174609
2019-02-27 16:30:00,9534.12589790067
2019-02-27 17:00:00,9590.211937477587
2019-02-27 17:30:00,9436.912773691083
2019-02-27 18:00:00,9334.019693606551
2019-02-27 18:30:00,9248.857884983296
2019-02-27 19:00:00,9116.839859012918
2019-02-27 19:30:00,9116.839859012918
2019-02-27 20:00:00,8808.66160289096
2019-02-27 20:30:00,8630.90226960393
2019-02-27 21:00:00,8361.129980428022
2019-02-27 21:30:00,8172.3866102294205
2019-02-27 22:00:00,7953.751064276149
2019-02-27 22:30:00,7809.167731128143
2019-02-27 23:00:00,7677.594087214856
2019-02-27 23:30:00,7501.084749028961
2019-02-28 00:00:00,7349.354834580263
2019-02-28 00:30:00,7123.645857710977
2019-02-28 01:00:00,6949.748902180299
2019-02-28 01:30:00,6689.701902708838
2019-02-28 02:00:00,6429.610938690516
2019-02-28 02:30:00,6312.836240307837
2019-02-28 03:00:00,6301.688546628138
2019-02-28 03:30:00,6301.688546628138
2019-02-28 04:00:00,6300.710601554486
2019-02-28 04:30:00,6489.323751847161
2019-02-28 05:00:00,6777.2802862239305
2019-02-28 05:30:00,7233.960670216008
2019-02-28 06:00:00,7672.663254026329
2019-02-28 06:30:00,7968.1309287298345
2019-02-28 07:00:00,8262.314924612205
2019-02-28 07:30:00,8379.141966572308
2019-02-28 08:00:00,8404.188647836903
2019-02-28 08:30:00,8596.855881373654
2019-02-28 09:00:00,8615.708479703542
2019-02-28 09:30:00,8704.722210261112
2019-02-28 10:00:00,8826.00062441343
2019-02-28 10:30:00,8785.03084916246
2019-02-28 11:00:00,8793.056427209007
2019-02-28 11:30:00,8816.544588472922
2019-02-28 12:00:00,8825.91456629968
2019-02-28 12:30:00,8876.039018696543
2019-02-28 13:00:00,8885.81027156823
2019-02-28 13:30:00,8954.532005016381
2019-02-28 14:00:00,9014.394721070856
2019-02-28 14:30:00,9025.735494721725
2019-02-28 15:00:00,9188.10169668778
2019-02-28 15:30:00,9286.488449742707
2019-02-28 16:00:00,9657.42424120383
2019-02-28 16:30:00,9515.269046384712
2019-02-28 17:00:00,9468.374244128512
2019-02-28 17:30:00,9389.668913144016
2019-02-28 18:00:00,9358.752264616664
2019-02-28 18:30:00,9340.637290289565
2019-02-28 19:00:00,9319.597204081307
2019-02-28 19:30:00,9171.02771714098
2019-02-28 20:00:00,8848.052318121609
2019-02-28 20:30:00,8683.372606192264
2019-02-28 21:00:00,8476.913444781503
2019-02-28 21:30:00,8392.256746409152
2019-02-28 22:00:00,8103.373715234609
2019-02-28 22:30:00,8048.906649028008
2019-02-28 23:00:00,7851.650865215374
2019-02-28 23:30:00,7695.53653849932
2019-03-01 00:00:00,7474.243508451978
2019-03-01 00:30:00,7245.4517385924455
2019-03-01 01:00:00,7032.883776437074
2019-03-01 01:30:00,6830.502572114758
2019-03-01 02:00:00,6567.161669397175
2019-03-01 02:30:00,6452.566616518366
2019-03-01 03:00:00,6363.069613494831
2019-03-01 03:30:00,6444.348783944544
2019-03-01 04:00:00,6483.273547885671
2019-03-01 04:30:00,6652.04758554588
2019-03-01 05:00:00,6913.018901984391
2019-03-01 05:30:00,7410.817319216171
2019-03-01 06:00:00,7822.641531333146
2019-03-01 06:30:00,8206.796115945777
2019-03-01 07:00:00,8521.873454657572
2019-03-01 07:30:00,8571.590872968756
2019-03-01 08:00:00,8626.380185435752
2019-03-01 08:30:00,8752.325431613723
2019-03-01 09:00:00,8768.94572660458
2019-03-01 09:30:00,8835.389690238611
2019-03-01 10:00:00,8900.794473668297
2019-03-01 10:30:00,8906.14998774426
2019-03-01 11:00:00,8938.904394128806
2019-03-01 11:30:00,8911.666774397378
2019-03-01 12:00:00,8821.986356404794
2019-03-01 12:30:00,8869.007425536958
2019-03-01 13:00:00,8978.302741319287
2019-03-01 13:30:00,9003.861730673585
2019-03-01 14:00:00,9119.828877556038
2019-03-01 14:30:00,9187.866059426457
2019-03-01 15:00:00,9463.237007129137
2019-03-01 15:30:00,9623.370577006574
2019-03-01 16:00:00,9732.549813170088
2019-03-01 16:30:00,9770.213029763989
2019-03-01 17:00:00,9792.212648284893
2019-03-01 17:30:00,9554.607955522544
2019-03-01 18:00:00,9480.374784859636
2019-03-01 18:30:00,9287.701326100196
2019-03-01 19:00:00,9165.640454905275
2019-03-01 19:30:00,9136.081127162064
2019-03-01 20:00:00,8968.284129136313
2019-03-01 20:30:00,8741.130527464315
2019-03-01 21:00:00,8544.988650941346
2019-03-01 21:30:00,8435.007183984677
2019-03-01 22:00:00,8198.646714491058
2019-03-01 22:30:00,8180.593913449113
2019-03-01 23:00:00,7945.80706289158
2019-03-01 23:30:00,7756.357313015279
2019-03-02 00:00:00,7538.354913172808
2019-03-02 00:30:00,7286.052413735518
2019-03-02 01:00:00,7131.353595713783
2019-03-02 01:30:00,6884.424887208565
2019-03-02 02:00:00,6626.246357639704
2019-03-02 02:30:00,6523.957489682248
2019-03-02 03:00:00,6392.014509098978
2019-03-02 03:30:00,6382.5676029587175
2019-03-02 04:00:00,6333.68744878934
2019-03-02 04:30:00,6543.4311675450335
2019-03-02 05:00:00,6475.290752256691
2019-03-02 05:30:00,6827.22340347175
2019-03-02 06:00:00,6795.495523713388
2019-03-02 06:30:00,6969.411463448344
2019-03-02 07:00:00,7333.6695570418715
2019-03-02 07:30:00,7402.680236810522
2019-03-02 08:00:00,7781.955863690639
2019-03-02 08:30:00,7800.687810156878
2019-03-02 09:00:00,7931.687753172837
2019-03-02 09:30:00,7902.235865001798
2019-03-02 10:00:00,8045.655863505179
2019-03-02 10:30:00,8016.20397533414
2019-03-02 11:00:00,7997.507245733016
2019-03-02 11:30:00,7997.507245733016
2019-03-02 12:00:00,7943.6632552476785
2019-03-02 12:30:00,7943.6632552476785
2019-03-02 13:00:00,8029.975469906825
2019-03-02 13:30:00,8066.528746283878
2019-03-02 14:00:00,8125.188914016603
2019-03-02 14:30:00,8181.826679587448
2019-03-02 15:00:00,8402.648241526369
2019-03-02 15:30:00,8466.265409721438
2019-03-02 16:00:00,8613.218170074977
2019-03-02 16:30:00,8650.773190065713
2019-03-02 17:00:00,8742.368677088181
2019-03-02 17:30:00,8603.997381790594
2019-03-02 18:00:00,8647.765677368447
2019-03-02 18:30:00,8484.831597480432
2019-03-02 19:00:00,8326.922501109326
2019-03-02 19:30:00,8336.6765386124
2019-03-02 20:00:00,8234.491004429536
2019-03-02 20:30:00,8066.106835250047
2019-03-02 21:00:00,7775.227389600981
2019-03-02 21:30:00,7751.372208645405
2019-03-02 22:00:00,7500.419225865775
2019-03-02 22:30:00,7500.419225865775
2019-03-02 23:00:00,7360.578184705035
2019-03-02 23:30:00,7305.842884133489
2019-03-03 00:00:00,7144.433200296139
2019-03-03 00:30:00,6988.078948012706
2019-03-03 01:00:00,6879.928471512789
2019-03-03 01:30:00,6516.263041657208
2019-03-03 02:00:00,6276.275522258872
2019-03-03 02:30:00,6253.599634381886
2019-03-03 03:00:00,6217.009121223563
2019-03-03 03:30:00,6212.650732147593
2019-03-03 04:00:00,6184.680717144199
2019-03-03 04:30:00,6270.467770057649
2019-03-03 05:00:00,6322.411367038946
2019-03-03 05:30:00,6551.767068294874
2019-03-03 06:00:00,6547.271482541028
2019-03-03 06:30:00,6818.0302307209895
2019-03-03 07:00:00,6955.343286414862
2019-03-03 07:30:00,7157.313184085393
2019-03-03 08:00:00,7284.714227468456
2019-03-03 08:30:00,7429.915261980152
2019-03-03 09:00:00,7630.037361253367
2019-03-03 09:30:00,7683.9848985181
2019-03-03 10:00:00,7736.367617458757
2019-03-03 10:30:00,7643.344793924322
2019-03-03 11:00:00,7782.23957118941
2019-03-03 11:30:00,7825.07402342957
2019-03-03 12:00:00,7819.040835684673
2019-03-03 12:30:00,7798.180700666288
2019-03-03 13:00:00,7812.6789246642165
2019-03-03 13:30:00,7954.046687901263
2019-03-03 14:00:00,8015.698707182844
2019-03-03 14:30:00,8109.793984759448
2019-03-03 15:00:00,8211.234728003243
2019-03-03 15:30:00,8301.219853447112
2019-03-03 16:00:00,8414.473438506813
2019-03-03 16:30:00,8494.534667359636
2019-03-03 17:00:00,8722.370927784652
2019-03-03 17:30:00,8722.370927784652
2019-03-03 18:00:00,8763.980979214128
2019-03-03 18:30:00,8608.066698824263
2019-03-03 19:00:00,8659.347826151563
2019-03-03 19:30:00,8659.347826151563
2019-03-03 20:00:00,8486.003441057768
2019-03-03 20:30:00,8364.774692541527
2019-03-03 21:00:00,8116.496049647782
2019-03-03 21:30:00,7954.625914092547
2019-03-03 22:00:00,7749.566655797903
2019-03-03 22:30:00,7695.9970199138825
2019-03-03 23:00:00,7372.3036947578075
2019-03-03 23:30:00,7186.920342974511
2019-03-04 00:00:00,7280.355870961724
2019-03-04 00:30:00,7088.694148171125
2019-03-04 01:00:00,6903.755359862488
2019-03-04 01:30:00,6735.549282637647
2019-03-04 02:00:00,6569.272258944876
2019-03-04 02:30:00,6513.167884240757
2019-03-04 03:00:00,6437.600691975618
2019-03-04 03:30:00,6365.26936923143
2019-03-04 04:00:00,6546.622839407403
2019-03-04 04:30:00,6674.29764176601
2019-03-04 05:00:00,7297.537013746071
2019-03-04 05:30:00,7370.802760125852
2019-03-04 06:00:00,8186.249043308846
2019-03-04 06:30:00,8363.543497668696
2019-03-04 07:00:00,8803.731820855663
2019-03-04 07:30:00,8856.08492460132
2019-03-04 08:00:00,8853.946344201464
2019-03-04 08:30:00,8863.24567430518
2019-03-04 09:00:00,8831.244099033953
2019-03-04 09:30:00,8848.991911516128
2019-03-04 10:00:00,8813.258993484329
2019-03-04 10:30:00,8826.830119980406
2019-03-04 11:00:00,8956.132779837886
2019-03-04 11:30:00,9155.54850419233
2019-03-04 12:00:00,9068.68233999292
2019-03-04 12:30:00,9111.702471673363
2019-03-04 13:00:00,9232.743696393502
2019-03-04 13:30:00,9476.221897426902
2019-03-04 14:00:00,9534.714851035531
2019-03-04 14:30:00,9687.32819672679
2019-03-04 15:00:00,9788.380538212385
2019-03-04 15:30:00,10010.872486764285
2019-03-04 16:00:00,10154.664670082246
2019-03-04 16:30:00,10327.404140287645
2019-03-04 17:00:00,10343.801619599542
2019-03-04 17:30:00,10411.19389082774
2019-03-04 18:00:00,10168.437324737559
2019-03-04 18:30:00,10226.234728603571
2019-03-04 19:00:00,9859.435543537575
2019-03-04 19:30:00,9850.453844553353
2019-03-04 20:00:00,9587.507760404622
2019-03-04 20:30:00,9395.396519202208
2019-03-04 21:00:00,9103.157480868726
2019-03-04 21:30:00,8914.98482525105
2019-03-04 22:00:00,8587.244673756077
2019-03-04 22:30:00,8441.986407553597
2019-03-04 23:00:00,8214.061390018833
2019-03-04 23:30:00,8107.245028922287
2019-03-05 00:00:00,7644.867497658248
2019-03-05 00:30:00,7560.716949285609
2019-03-05 01:00:00,7422.150209253355
2019-03-05 01:30:00,7082.852280607072
2019-03-05 02:00:00,6758.430641884576
2019-03-05 02:30:00,6633.658614370325
2019-03-05 03:00:00,6585.519679600473
2019-03-05 03:30:00,6666.798850050186
2019-03-05 04:00:00,6686.898838292412
2019-03-05 04:30:00,7006.200723458093
2019-03-05 05:00:00,7158.582413012544
2019-03-05 05:30:00,7586.432382841183
2019-03-05 06:00:00,8004.589710458493
2019-03-05 06:30:00,8363.875662252103
2019-03-05 07:00:00,8647.898286713567
2019-03-05 07:30:00,8806.558041874077
2019-03-05 08:00:00,8812.854960650944
2019-03-05 08:30:00,8955.166472618628
2019-03-05 09:00:00,8975.815326275864
2019-03-05 09:30:00,9103.41741623796
2019-03-05 10:00:00,9108.719731961926
2019-03-05 10:30:00,9095.580526227257
2019-03-05 11:00:00,9137.166722547185
2019-03-05 11:30:00,9231.20898181457
2019-03-05 12:00:00,9436.649589907525
2019-03-05 12:30:00,9633.65149515515
2019-03-05 13:00:00,9701.839686754181
2019-03-05 13:30:00,9801.459853561457
2019-03-05 14:00:00,9919.595046804192
2019-03-05 14:30:00,10247.305887104874
2019-03-05 15:00:00,10577.869062075251
2019-03-05 15:30:00,10799.55567032053
2019-03-05 16:00:00,10833.61299725408
2019-03-05 16:30:00,10914.8161401235
2019-03-05 17:00:00,10848.285991219513
2019-03-05 17:30:00,10504.314299453912
2019-03-05 18:00:00,10333.900060749023
2019-03-05 18:30:00,10085.117356281298
2019-03-05 19:00:00,9933.665568596276
2019-03-05 19:30:00,9749.844015554308
2019-03-05 20:00:00,9365.568213757091
2019-03-05 20:30:00,9132.38678550727
2019-03-05 21:00:00,8854.475983483224
2019-03-05 21:30:00,8699.694322287707
2019-03-05 22:00:00,8375.64753617373
2019-03-05 22:30:00,8309.213424256051
2019-03-05 23:00:00,8100.249416460612
2019-03-05 23:30:00,7896.880747353122
2019-03-06 00:00:00,7781.078833543789
2019-03-06 00:30:00,7609.5231702636365
2019-03-06 01:00:00,7285.067270956516
2019-03-06 01:30:00,7102.290036116303
2019-03-06 02:00:00,6865.338001411957
2019-03-06 02:30:00,6750.723142877934
2019-03-06 03:00:00,6713.928255199208
2019-03-06 03:30:00,6690.260266921116
2019-03-06 04:00:00,6756.713812336878
2019-03-06 04:30:00,6917.763327719913
2019-03-06 05:00:00,7159.12230388072
2019-03-06 05:30:00,7758.799443567884
2019-03-06 06:00:00,8159.4643197434525
2019-03-06 06:30:00,8526.552294258347
2019-03-06 07:00:00,8780.483487286008
2019-03-06 07:30:00,8931.657741285304
2019-03-06 08:00:00,8968.847353908417
2019-03-06 08:30:00,9045.89213199023
2019-03-06 09:00:00,9110.046451436885
2019-03-06 09:30:00,9110.046451436885
2019-03-06 10:00:00,9134.574799465341
2019-03-06 10:30:00,9134.574799465341
2019-03-06 11:00:00,9179.596796632699
2019-03-06 11:30:00,9223.092150633003
2019-03-06 12:00:00,9291.831440107671
2019-03-06 12:30:00,9526.114074895655
2019-03-06 13:00:00,9736.241890669773
2019-03-06 13:30:00,9856.3570215942
2019-03-06 14:00:00,9867.707974732353
2019-03-06 14:30:00,10232.726307347159
2019-03-06 15:00:00,10514.956624892118
2019-03-06 15:30:00,10713.87058359723
2019-03-06 16:00:00,10598.792877064054
2019-03-06 16:30:00,10458.45262398473
2019-03-06 17:00:00,10490.698350405826
2019-03-06 17:30:00,10507.897023463256
2019-03-06 18:00:00,10284.47244718368
2019-03-06 18:30:00,10186.752562416157
2019-03-06 19:00:00,10118.19809286377
2019-03-06 19:30:00,10005.583095748792
2019-03-06 20:00:00,9683.769056592986
2019-03-06 20:30:00,9338.103064912255
2019-03-06 21:00:00,9042.53055378186
2019-03-06 21:30:00,8914.928463819764
2019-03-06 22:00:00,8530.539155978264
2019-03-06 22:30:00,8386.489136310352
2019-03-06 23:00:00,8084.6725452371975
2019-03-06 23:30:00,7875.847740689008
2019-03-07 00:00:00,7797.848945961351
2019-03-07 00:30:00,7543.838754842072
2019-03-07 01:00:00,7239.481766233778
2019-03-07 01:30:00,6922.5305890384825
2019-03-07 02:00:00,6660.43178439216
2019-03-07 02:30:00,6559.619780950781
2019-03-07 03:00:00,6465.22943054067
2019-03-07 03:30:00,6509.100023939347
2019-03-07 04:00:00,6521.057175795125
2019-03-07 04:30:00,6758.966874382182
2019-03-07 05:00:00,7072.231532223676
2019-03-07 05:30:00,7591.089540514539
2019-03-07 06:00:00,7999.444686026651
2019-03-07 06:30:00,8386.062866748152
2019-03-07 07:00:00,8667.326178647263
2019-03-07 07:30:00,8793.924692839902
2019-03-07 08:00:00,8900.940552772063
2019-03-07 08:30:00,8765.603323219897
2019-03-07 09:00:00,8506.687696161893
2019-03-07 09:30:00,8353.197891928496
2019-03-07 10:00:00,8436.731830615245
2019-03-07 10:30:00,8596.964609886269
2019-03-07 11:00:00,8581.011871266895
2019-03-07 11:30:00,8353.204145010468
2019-03-07 12:00:00,8433.100188253262
2019-03-07 12:30:00,8633.667099537488
2019-03-07 13:00:00,8927.292696147897
2019-03-07 13:30:00,9465.06831234663
2019-03-07 14:00:00,9731.023767257866
2019-03-07 14:30:00,9461.744701929654
2019-03-07 15:00:00,9419.124094723591
2019-03-07 15:30:00,9533.365798639912
2019-03-07 16:00:00,9513.791021336536
2019-03-07 16:30:00,9412.12589862997
2019-03-07 17:00:00,9186.440095090238
2019-03-07 17:30:00,9186.440095090238
2019-03-07 18:00:00,9299.498947729664
2019-03-07 18:30:00,9355.136139146101
2019-03-07 19:00:00,9296.69566447602
2019-03-07 19:30:00,9253.246029503965
2019-03-07 20:00:00,9026.734547498245
2019-03-07 20:30:00,8762.619839014613
2019-03-07 21:00:00,8415.173299546306
2019-03-07 21:30:00,8263.718514920034
2019-03-07 22:00:00,8020.367311460844
2019-03-07 22:30:00,7831.344410312533
2019-03-07 23:00:00,7750.426753011398
2019-03-07 23:30:00,7590.033170659051
2019-03-08 00:00:00,7342.111596687881
2019-03-08 00:30:00,7143.264975612714
2019-03-08 01:00:00,6959.168262745174
2019-03-08 01:30:00,6720.057862996305
2019-03-08 02:00:00,6442.936857100294
2019-03-08 02:30:00,6293.1334451758785
2019-03-08 03:00:00,6248.159908469586
2019-03-08 03:30:00,6288.970317702127
2019-03-08 04:00:00,6320.894369723763
2019-03-08 04:30:00,6493.821443798919
2019-03-08 05:00:00,6776.038508980284
2019-03-08 05:30:00,7210.6253303001195
2019-03-08 06:00:00,7643.658559309646
2019-03-08 06:30:00,8004.247621898383
2019-03-08 07:00:00,8288.836372361638
2019-03-08 07:30:00,8288.836372361638
2019-03-08 08:00:00,8198.905055799085
2019-03-08 08:30:00,8198.905055799085
2019-03-08 09:00:00,8196.565402677925
2019-03-08 09:30:00,8185.401061234792
2019-03-08 10:00:00,8184.778648244769
2019-03-08 10:30:00,8121.422959754906
2019-03-08 11:00:00,8139.598114439908
2019-03-08 11:30:00,8055.697270529233
2019-03-08 12:00:00,7961.877721692018
2019-03-08 12:30:00,7922.878383665433
2019-03-08 13:00:00,7995.129779035148
2019-03-08 13:30:00,8031.79173876363
2019-03-08 14:00:00,8032.00232509498
2019-03-08 14:30:00,8066.405661765929
2019-03-08 15:00:00,8229.57313188729
2019-03-08 15:30:00,8296.723856605517
2019-03-08 16:00:00,8357.96036445751
2019-03-08 16:30:00,8418.37851199181
2019-03-08 17:00:00,8443.806651955752
2019-03-08 17:30:00,8384.214179313052
2019-03-08 18:00:00,8360.481121548983
2019-03-08 18:30:00,8305.373735821251
2019-03-08 19:00:00,8243.553619131812
2019-03-08 19:30:00,8160.436199123209
2019-03-08 20:00:00,8074.2013538211395
2019-03-08 20:30:00,7848.939369789368
2019-03-08 21:00:00,7587.562247707913
2019-03-08 21:30:00,7579.038312440461
2019-03-08 22:00:00,7620.346461591407
2019-03-08 22:30:00,7620.346461591407
2019-03-08 23:00:00,7540.556128751234
2019-03-08 23:30:00,7430.323358429536
2019-03-09 00:00:00,7125.329350426838
2019-03-09 00:30:00,7035.7825629070685
2019-03-09 01:00:00,6877.9348498426025
2019-03-09 01:30:00,6600.314783384882
2019-03-09 02:00:00,6354.312377121431
2019-03-09 02:30:00,6253.639119585884
2019-03-09 03:00:00,6198.743277170572
2019-03-09 03:30:00,6231.547091773854
2019-03-09 04:00:00,6234.519782199943
2019-03-09 04:30:00,6376.774923016816
2019-03-09 05:00:00,6297.861798579923
2019-03-09 05:30:00,6600.506262339449
2019-03-09 06:00:00,6731.672170628457
2019-03-09 06:30:00,6861.091603507564
2019-03-09 07:00:00,7183.5754449897095
2019-03-09 07:30:00,7125.630422032428
2019-03-09 08:00:00,7589.409037430335
2019-03-09 08:30:00,7565.553856474759
2019-03-09 09:00:00,7689.547930264073
2019-03-09 09:30:00,7689.547930264073
2019-03-09 10:00:00,7596.152477648487
2019-03-09 10:30:00,7562.28286692171
2019-03-09 11:00:00,7542.527032053388
2019-03-09 11:30:00,7542.527032053388
2019-03-09 12:00:00,7488.683041568051
2019-03-09 12:30:00,7573.258059334965
2019-03-09 13:00:00,7695.93509546205
2019-03-09 13:30:00,7786.568368791647
2019-03-09 14:00:00,7957.687033960791
2019-03-09 14:30:00,8061.742110098922
2019-03-09 15:00:00,8318.53688772184
2019-03-09 15:30:00,8529.595286664571
2019-03-09 16:00:00,8767.540477705194
2019-03-09 16:30:00,8954.513101949908
2019-03-09 17:00:00,8896.776943706654
2019-03-09 17:30:00,8657.553621662233
2019-03-09 18:00:00,8797.467238577328
2019-03-09 18:30:00,8617.60192116929
2019-03-09 19:00:00,8718.264718623857
2019-03-09 19:30:00,8615.279730063834
2019-03-09 20:00:00,8450.236147795218
2019-03-09 20:30:00,8223.48976302777
2019-03-09 21:00:00,7970.7544764567
2019-03-09 21:30:00,7927.075595790143
2019-03-09 22:00:00,7642.203318557858
2019-03-09 22:30:00,7532.362372543334
2019-03-09 23:00:00,7344.259765489093
2019-03-09 23:30:00,7309.562212482118
2019-03-10 00:00:00,7298.783537735945
2019-03-10 00:30:00,7044.291305853609
2019-03-10 01:00:00,6836.294560677962
2019-03-10 01:30:00,6536.452345043794
2019-03-10 02:00:00,6265.411823467793
2019-03-10 02:30:00,6182.8104290351475
2019-03-10 03:00:00,6172.048460581119
2019-03-10 03:30:00,6100.9618863484575
2019-03-10 04:00:00,6098.9454943632945
2019-03-10 04:30:00,6167.118779798505
2019-03-10 05:00:00,6240.424290673864
2019-03-10 05:30:00,6454.169843163777
2019-03-10 06:00:00,6579.542705901372
2019-03-10 06:30:00,6860.985688231438
2019-03-10 07:00:00,6967.872983344821
2019-03-10 07:30:00,7194.727643148124
2019-03-10 08:00:00,7413.860116269465
2019-03-10 08:30:00,7555.538144884673
2019-03-10 09:00:00,7625.287441601456
2019-03-10 09:30:00,7669.722643040231
2019-03-10 10:00:00,7656.979334094976
2019-03-10 10:30:00,7616.880371391621
2019-03-10 11:00:00,7646.939694568735
2019-03-10 11:30:00,7652.290405276344
2019-03-10 12:00:00,7645.880865279793
2019-03-10 12:30:00,7725.593321177407
2019-03-10 13:00:00,7781.760555783927
2019-03-10 13:30:00,7669.576474332297
2019-03-10 14:00:00,7745.649465972005
2019-03-10 14:30:00,7745.222617244014
2019-03-10 15:00:00,7762.859091326089
2019-03-10 15:30:00,7791.376173442045
2019-03-10 16:00:00,7936.462732982953
2019-03-10 16:30:00,7980.47831750061
2019-03-10 17:00:00,8314.449365145718
2019-03-10 17:30:00,8370.655162205992
2019-03-10 18:00:00,8388.161186636282
2019-03-10 18:30:00,8359.665633889055
2019-03-10 19:00:00,8407.644262206966
2019-03-10 19:30:00,8333.014275614034
2019-03-10 20:00:00,8263.125734123672
2019-03-10 20:30:00,8211.61398887758
2019-03-10 21:00:00,7874.852616416271
2019-03-10 21:30:00,7742.319205967201
2019-03-10 22:00:00,7460.9060587597
2019-03-10 22:30:00,7399.549790008283
2019-03-10 23:00:00,7252.148252201353
2019-03-10 23:30:00,7068.718650434772
2019-03-11 00:00:00,7047.020752250876
2019-03-11 00:30:00,6907.017620108719
2019-03-11 01:00:00,6688.4605985372245
2019-03-11 01:30:00,6497.1783847916395
2019-03-11 02:00:00,6314.232880592487
2019-03-11 02:30:00,6267.893652949747
2019-03-11 03:00:00,6253.947973320539
2019-03-11 03:30:00,6253.947973320539
2019-03-11 04:00:00,6390.059595537021
2019-03-11 04:30:00,6465.650165066684
2019-03-11 05:00:00,7064.0732268316715
2019-03-11 05:30:00,7151.222863706953
2019-03-11 06:00:00,7993.959374097466
2019-03-11 06:30:00,8186.249043308846
2019-03-11 07:00:00,8690.369987057195
2019-03-11 07:30:00,8889.042731586676
2019-03-11 08:00:00,8723.128321708647
2019-03-11 08:30:00,8891.8783349126
2019-03-11 09:00:00,8694.946814482568
2019-03-11 09:30:00,8709.771118254735
2019-03-11 10:00:00,8692.465090280728
2019-03-11 10:30:00,8692.465090280728
2019-03-11 11:00:00,8771.190205949833
2019-03-11 11:30:00,8755.614309200366
2019-03-11 12:00:00,8757.827264995416
2019-03-11 12:30:00,8795.61046382011
2019-03-11 13:00:00,9059.181511580284
2019-03-11 13:30:00,9253.032603158095
2019-03-11 14:00:00,9538.468598424382
2019-03-11 14:30:00,9639.691799177333
2019-03-11 15:00:00,9918.538143300198
2019-03-11 15:30:00,10162.718509834382
2019-03-11 16:00:00,10173.864036083214
2019-03-11 16:30:00,10259.466179436331
2019-03-11 17:00:00,9983.117042451024
2019-03-11 17:30:00,10120.713019154733
2019-03-11 18:00:00,10087.390519795534
2019-03-11 18:30:00,10062.439726055836
2019-03-11 19:00:00,9828.607846636472
2019-03-11 19:30:00,9777.090419280483
2019-03-11 20:00:00,9606.589591703814
2019-03-11 20:30:00,9506.375994039936
2019-03-11 21:00:00,9252.898056950133
2019-03-11 21:30:00,9093.147282119091
2019-03-11 22:00:00,8808.67487116404
2019-03-11 22:30:00,8685.039345674619
2019-03-11 23:00:00,8459.609497366204
2019-03-11 23:30:00,8167.855077063163
2019-03-12 00:00:00,7720.0897367256475
2019-03-12 00:30:00,7625.6538504648015
2019-03-12 01:00:00,7352.541372178968
2019-03-12 01:30:00,7102.308826584291
2019-03-12 02:00:00,6810.672370060626
2019-03-12 02:30:00,6734.762444966576
2019-03-12 03:00:00,6555.018800707596
2019-03-12 03:30:00,6320.994363780815
2019-03-12 04:00:00,6367.543758433088
2019-03-12 04:30:00,6677.043270493956
2019-03-12 05:00:00,7073.535602085664
2019-03-12 05:30:00,7451.978264587588
2019-03-12 06:00:00,7973.781520428706
2019-03-12 06:30:00,8204.83149407932
2019-03-12 07:00:00,8544.115553317259
2019-03-12 07:30:00,8683.431938825648
2019-03-12 08:00:00,8697.421170406582
2019-03-12 08:30:00,8772.163408030281
2019-03-12 09:00:00,8805.098302351847
2019-03-12 09:30:00,8869.923702701208
2019-03-12 10:00:00,8967.574220343862
2019-03-12 10:30:00,8900.00636089992
2019-03-12 11:00:00,8953.141693143647
2019-03-12 11:30:00,8983.677173757653
2019-03-12 12:00:00,9066.742917970028
2019-03-12 12:30:00,9131.771171450333
2019-03-12 13:00:00,9173.966748640676
2019-03-12 13:30:00,9274.44340150514
2019-03-12 14:00:00,9427.531160879764
2019-03-12 14:30:00,9457.090488622975
2019-03-12 15:00:00,9654.491649245534
2019-03-12 15:30:00,9806.903425485914
2019-03-12 16:00:00,10056.038104051178
2019-03-12 16:30:00,10107.715470529507
2019-03-12 17:00:00,10036.23151639686
2019-03-12 17:30:00,9901.10686396859
2019-03-12 18:00:00,9871.869146001784
2019-03-12 18:30:00,9717.59586209074
2019-03-12 19:00:00,9638.137664465321
2019-03-12 19:30:00,9458.87805137605
2019-03-12 20:00:00,9201.54393836176
2019-03-12 20:30:00,9028.653903367738
2019-03-12 21:00:00,8719.017674807967
2019-03-12 21:30:00,8571.953622575495
2019-03-12 22:00:00,8380.39366602921
2019-03-12 22:30:00,8323.034158979543
2019-03-12 23:00:00,8020.817110504806
2019-03-12 23:30:00,7945.403495066085
2019-03-13 00:00:00,7775.275860394948
2019-03-13 00:30:00,7613.421623713896
2019-03-13 01:00:00,7258.2285408484995
2019-03-13 01:30:00,6950.198593606209
2019-03-13 02:00:00,6702.94459338512
2019-03-13 02:30:00,6601.186207639005
2019-03-13 03:00:00,6578.330896787741
2019-03-13 03:30:00,6544.631043741822
2019-03-13 04:00:00,6532.219463051358
2019-03-13 04:30:00,6778.367935214567
2019-03-13 05:00:00,7042.8673073035025
2019-03-13 05:30:00,7581.030015526576
2019-03-13 06:00:00,7988.586505374599
2019-03-13 06:30:00,8332.296698480559
2019-03-13 07:00:00,8644.410232031918
2019-03-13 07:30:00,8753.016216431211
2019-03-13 08:00:00,8810.51060436445
2019-03-13 08:30:00,8914.46481649337
2019-03-13 09:00:00,8869.051086548568
2019-03-13 09:30:00,8968.214044098546
2019-03-13 10:00:00,8909.179255369132
2019-03-13 10:30:00,8846.913846943477
2019-03-13 11:00:00,9099.44353399636
2019-03-13 11:30:00,9051.881458594053
2019-03-13 12:00:00,9133.415679824324
2019-03-13 12:30:00,9123.45865737939
2019-03-13 13:00:00,9338.861725279641
2019-03-13 13:30:00,9362.259592846915
2019-03-13 14:00:00,9435.55814071701
2019-03-13 14:30:00,9599.902782453188
2019-03-13 15:00:00,9770.63223641941
2019-03-13 15:30:00,9996.425858142416
2019-03-13 16:00:00,10334.491792276647
2019-03-13 16:30:00,10869.603079720875
2019-03-13 17:00:00,10710.06705579758
2019-03-13 17:30:00,10998.842287905918
2019-03-13 18:00:00,10587.707119689676
2019-03-13 18:30:00,10437.857680172705
2019-03-13 19:00:00,10344.531601664976
2019-03-13 19:30:00,10249.028534531222
2019-03-13 20:00:00,9985.742919383802
2019-03-13 20:30:00,9467.503727654632
2019-03-13 21:00:00,9104.20773978667
2019-03-13 21:30:00,8712.927021807605
2019-03-13 22:00:00,8378.613293374936
2019-03-13 22:30:00,8275.995374648333
2019-03-13 23:00:00,7985.408149156634
2019-03-13 23:30:00,7796.385248008323
2019-03-14 00:00:00,7544.116758831358
2019-03-14 00:30:00,7435.892258323676
2019-03-14 01:00:00,7125.590258717793
2019-03-14 01:30:00,6877.489088704068
2019-03-14 02:00:00,6522.248882811006
2019-03-14 02:30:00,6462.003683834045
2019-03-14 03:00:00,6361.636260701152
2019-03-14 03:30:00,6336.636948340629
2019-03-14 04:00:00,6453.217967044224
2019-03-14 04:30:00,6703.856009291975
2019-03-14 05:00:00,6961.404622745859
2019-03-14 05:30:00,7543.40306678852
2019-03-14 06:00:00,7966.649093878427
2019-03-14 06:30:00,8319.481122836136
2019-03-14 07:00:00,8587.691603672032
2019-03-14 07:30:00,8661.223290696598
2019-03-14 08:00:00,8620.032614309996
2019-03-14 08:30:00,8675.052986161645
2019-03-14 09:00:00,8676.47240533045
2019-03-14 09:30:00,8682.421412251262
2019-03-14 10:00:00,8616.129425687112
2019-03-14 10:30:00,8616.129425687112
2019-03-14 11:00:00,8530.750985645811
2019-03-14 11:30:00,8542.381902881107
2019-03-14 12:00:00,8576.919765868344
2019-03-14 12:30:00,8576.492917140353
2019-03-14 13:00:00,8580.811647180324
2019-03-14 13:30:00,8542.725146104434
2019-03-14 14:00:00,8540.43667098458
2019-03-14 14:30:00,8540.43667098458
2019-03-14 15:00:00,8636.682323055022
2019-03-14 15:30:00,8655.841118249253
2019-03-14 16:00:00,8777.710570276755
2019-03-14 16:30:00,8789.34148751205
2019-03-14 17:00:00,8944.384486535053
2019-03-14 17:30:00,8848.563124769555
2019-03-14 18:00:00,8874.750520378626
2019-03-14 18:30:00,8877.261356992298
2019-03-14 19:00:00,8893.148731054138
2019-03-14 19:30:00,8768.979265909642
2019-03-14 20:00:00,8560.849012555751
2019-03-14 20:30:00,8448.783976859922
2019-03-14 21:00:00,8115.849978796117
2019-03-14 21:30:00,8055.333166223812
2019-03-14 22:00:00,7800.297282215293
2019-03-14 22:30:00,7804.9673630418565
2019-03-14 23:00:00,7716.634918031706
2019-03-14 23:30:00,7582.938401447854
2019-03-15 00:00:00,7398.924657828088
2019-03-15 00:30:00,7135.430626734504
2019-03-15 01:00:00,6997.350559313229
2019-03-15 01:30:00,6724.845831081879
2019-03-15 02:00:00,6491.256363170779
2019-03-15 02:30:00,6400.913762179348
2019-03-15 03:00:00,6315.395408717474
2019-03-15 03:30:00,6315.395408717474
2019-03-15 04:00:00,6419.470844273978
2019-03-15 04:30:00,6600.023817597804
2019-03-15 05:00:00,6883.027562392407
2019-03-15 05:30:00,7432.439698586397
2019-03-15 06:00:00,7898.976010649698
2019-03-15 06:30:00,8308.895296541968
2019-03-15 07:00:00,8630.569917291406
2019-03-15 07:30:00,8775.02669743916
2019-03-15 08:00:00,8829.200640018335
2019-03-15 08:30:00,8939.891801228507
2019-03-15 09:00:00,9046.779071499679
2019-03-15 09:30:00,9044.844349285082
2019-03-15 10:00:00,9092.83893052448
2019-03-15 10:30:00,9062.480916913699
2019-03-15 11:00:00,9047.408706586893
2019-03-15 11:30:00,9077.766720197675
2019-03-15 12:00:00,9002.76741602387
2019-03-15 12:30:00,8930.617720600518
2019-03-15 13:00:00,8947.341360322338
2019-03-15 13:30:00,9013.487908189323
2019-03-15 14:00:00,9119.928450687636
2019-03-15 14:30:00,9143.52931373519
2019-03-15 15:00:00,9288.224660334576
2019-03-15 15:30:00,9379.168464880988
2019-03-15 16:00:00,9501.472325777706
2019-03-15 16:30:00,9471.912998034495
2019-03-15 17:00:00,9409.769112287664
2019-03-15 17:30:00,9294.058872544634
2019-03-15 18:00:00,9233.059195905273
2019-03-15 18:30:00,9145.768803868797
2019-03-15 19:00:00,9004.012681101209
2019-03-15 19:30:00,8728.581975985046
2019-03-15 20:00:00,8534.448310754527
2019-03-15 20:30:00,8223.46343843651
2019-03-15 21:00:00,8064.444914401344
2019-03-15 21:30:00,7906.113023794478
2019-03-15 22:00:00,7832.033607563119
2019-03-15 22:30:00,7784.522586267278
2019-03-15 23:00:00,7638.643284288559
2019-03-15 23:30:00,7479.8062590637055
2019-03-16 00:00:00,7247.355822554923
2019-03-16 00:30:00,7104.290616423315
2019-03-16 01:00:00,6912.2746774938505
2019-03-16 01:30:00,6634.654611036129
2019-03-16 02:00:00,6433.169009626079
2019-03-16 02:30:00,6339.616622939469
2019-03-16 03:00:00,6249.226172662327
2019-03-16 03:30:00,6214.660493827928
2019-03-16 04:00:00,6198.342933313611
2019-03-16 04:30:00,6377.192889840139
2019-03-16 05:00:00,6305.898716342431
2019-03-16 05:30:00,6647.185767737131
2019-03-16 06:00:00,6722.269881272076
2019-03-16 06:30:00,6843.297945877341
2019-03-16 07:00:00,7136.6449613695895
2019-03-16 07:30:00,7126.493184398867
2019-03-16 08:00:00,7497.943398738045
2019-03-16 08:30:00,7542.301713258054
2019-03-16 09:00:00,7672.36765666032
2019-03-16 09:30:00,7727.964438682487
2019-03-16 10:00:00,7689.160748952074
2019-03-16 10:30:00,7579.319802937549
2019-03-16 11:00:00,7620.593524854136
2019-03-16 11:30:00,7620.593524854136
2019-03-16 12:00:00,7545.987950956762
2019-03-16 12:30:00,7544.851699468053
2019-03-16 13:00:00,7510.791853743294
2019-03-16 13:30:00,7463.920599182809
2019-03-16 14:00:00,7463.920599182809
2019-03-16 14:30:00,7463.920599182809
2019-03-16 15:00:00,7453.412076231271
2019-03-16 15:30:00,7533.445591143917
2019-03-16 16:00:00,7522.631538518398
2019-03-16 16:30:00,7522.631538518398
2019-03-16 17:00:00,7665.012798846456
2019-03-16 17:30:00,7622.3137576553945
2019-03-16 18:00:00,7721.127386460162
2019-03-16 18:30:00,7681.70575679414
2019-03-16 19:00:00,7713.50309381386
2019-03-16 19:30:00,7713.50309381386
2019-03-16 20:00:00,7592.783964314141
2019-03-16 20:30:00,7538.9636690602765
2019-03-16 21:00:00,7372.883585886621
2019-03-16 21:30:00,7296.456148813372
2019-03-16 22:00:00,7157.565581741574
2019-03-16 22:30:00,6969.617384588608
2019-03-16 23:00:00,6906.248579796056
2019-03-16 23:30:00,7042.276453637027
2019-03-17 00:00:00,6867.901835423349
2019-03-17 00:30:00,6586.622359357823
2019-03-17 01:00:00,6419.175608634622
2019-03-17 01:30:00,6153.694151223987
2019-03-17 02:00:00,5959.190250833301
2019-03-17 02:30:00,5888.657724607831
2019-03-17 03:00:00,5792.5404856375935
2019-03-17 03:30:00,5790.0692174131755
2019-03-17 04:00:00,5802.742739963667
2019-03-17 04:30:00,5860.970134115412
2019-03-17 05:00:00,5949.754341607496
2019-03-17 05:30:00,6079.2890260294525
2019-03-17 06:00:00,6232.137839431373
2019-03-17 06:30:00,6333.473421723955
2019-03-17 07:00:00,6607.7668626265995
2019-03-17 07:30:00,6808.026299735885
2019-03-17 08:00:00,7001.3754574783
2019-03-17 08:30:00,7193.167754875148
2019-03-17 09:00:00,7355.742185418929
2019-03-17 09:30:00,7355.742185418929
2019-03-17 10:00:00,7387.337022488004
2019-03-17 10:30:00,7260.7381035909375
2019-03-17 11:00:00,7313.575953784386
2019-03-17 11:30:00,7205.614807168507
2019-03-17 12:00:00,7251.832962782001
2019-03-17 12:30:00,7147.78371149361
2019-03-17 13:00:00,7206.858878253779
2019-03-17 13:30:00,7127.434302549904
2019-03-17 14:00:00,7194.281843686325
2019-03-17 14:30:00,7291.731024845138
2019-03-17 15:00:00,7319.017369579169
2019-03-17 15:30:00,7362.212543894544
2019-03-17 16:00:00,7578.096584368809
2019-03-17 16:30:00,7595.485824188045
2019-03-17 17:00:00,7777.537256184826
2019-03-17 17:30:00,7886.256177401085
2019-03-17 18:00:00,7942.758646945751
2019-03-17 18:30:00,7975.090407816879
2019-03-17 19:00:00,8099.035592598976
2019-03-17 19:30:00,7909.629185718594
2019-03-17 20:00:00,7787.937773065146
2019-03-17 20:30:00,7661.789930680725
2019-03-17 21:00:00,7482.180744921493
2019-03-17 21:30:00,7395.11633499201
2019-03-17 22:00:00,7120.318153089328
2019-03-17 22:30:00,7133.528571368484
2019-03-17 23:00:00,6882.842630327414
2019-03-17 23:30:00,6725.139110413687
2019-03-18 00:00:00,6627.393670384651
2019-03-18 00:30:00,6653.492200505088
2019-03-18 01:00:00,6545.34855124259
2019-03-18 01:30:00,6208.755735404133
2019-03-18 02:00:00,6132.373814535702
2019-03-18 02:30:00,5990.526079725506
2019-03-18 03:00:00,6039.036056206375
2019-03-18 03:30:00,5971.81873265078
2019-03-18 04:00:00,6126.389771576011
2019-03-18 04:30:00,6123.620822457488
2019-03-18 05:00:00,6672.015902511289
2019-03-18 05:30:00,6826.140917065486
2019-03-18 06:00:00,7736.9273793403445
2019-03-18 06:30:00,8072.26846382245
2019-03-18 07:00:00,8316.10658624211
2019-03-18 07:30:00,8745.504740974364
2019-03-18 08:00:00,8584.064910739935
2019-03-18 08:30:00,8829.07541231172
2019-03-18 09:00:00,8630.026572747054
2019-03-18 09:30:00,8735.673794312841
2019-03-18 10:00:00,8636.973996176452
2019-03-18 10:30:00,8636.973996176452
2019-03-18 11:00:00,8604.769177193737
2019-03-18 11:30:00,8511.613308463622
2019-03-18 12:00:00,8552.749244026707
2019-03-18 12:30:00,8485.393737919085
2019-03-18 13:00:00,8518.033238179207
2019-03-18 13:30:00,8494.65134303642
2019-03-18 14:00:00,8524.53412712251
2019-03-18 14:30:00,8536.691098169389
2019-03-18 15:00:00,8565.754493021996
2019-03-18 15:30:00,8569.521670883321
2019-03-18 16:00:00,8704.911572887886
2019-03-18 16:30:00,8773.763273357059
2019-03-18 17:00:00,8821.342687224422
2019-03-18 17:30:00,9003.445304045765
2019-03-18 18:00:00,8996.405778445447
2019-03-18 18:30:00,8996.626409738767
2019-03-18 19:00:00,8791.47511925426
2019-03-18 19:30:00,8558.824143381138
2019-03-18 20:00:00,8487.06412594144
2019-03-18 20:30:00,8336.89817679892
2019-03-18 21:00:00,7999.021108063007
2019-03-18 21:30:00,7897.176245009588
2019-03-18 22:00:00,7770.588518183227
2019-03-18 22:30:00,7814.251523809494
2019-03-18 23:00:00,7538.853839370619
2019-03-18 23:30:00,7363.803870399319
2019-03-19 00:00:00,7219.940284058182
2019-03-19 00:30:00,7053.328628725733
2019-03-19 01:00:00,6854.47044448531
2019-03-19 01:30:00,6617.828299057247
2019-03-19 02:00:00,6243.889821327088
2019-03-19 02:30:00,6175.971708785107
2019-03-19 03:00:00,6027.875976561522
2019-03-19 03:30:00,6102.8257133454945
2019-03-19 04:00:00,6120.162659545706
2019-03-19 04:30:00,6430.580849302229
2019-03-19 05:00:00,6668.284844121388
2019-03-19 05:30:00,7280.915200811886
2019-03-19 06:00:00,7789.703375738977
2019-03-19 06:30:00,8023.9876204917455
2019-03-19 07:00:00,8324.122770058833
2019-03-19 07:30:00,8418.218047635439
2019-03-19 08:00:00,8320.556364162658
2019-03-19 08:30:00,8314.992307071027
2019-03-19 09:00:00,8383.616488626332
2019-03-19 09:30:00,8383.395857333011
2019-03-19 10:00:00,8328.113236182739
2019-03-19 10:30:00,8216.475056039344
2019-03-19 11:00:00,8123.026317932606
2019-03-19 11:30:00,8093.855992521348
2019-03-19 12:00:00,8109.307910503232
2019-03-19 12:30:00,8208.4853906188
2019-03-19 13:00:00,8341.740664163415
2019-03-19 13:30:00,8232.589314262568
2019-03-19 14:00:00,8239.47089900594
2019-03-19 14:30:00,8353.129450184288
2019-03-19 15:00:00,8417.90837041484
2019-03-19 15:30:00,8492.141171953754
2019-03-19 16:00:00,8610.792530411685
2019-03-19 16:30:00,8689.542210819522
2019-03-19 17:00:00,8832.366449223578
2019-03-19 17:30:00,8812.644583451529
2019-03-19 18:00:00,8852.869365889355
2019-03-19 18:30:00,8788.198386634787
2019-03-19 19:00:00,8805.591414017501
2019-03-19 19:30:00,8569.677308270991
2019-03-19 20:00:00,8443.970844194446
2019-03-19 20:30:00,8169.007032643694
2019-03-19 21:00:00,8038.644628628737
2019-03-19 21:30:00,7950.091473822034
2019-03-19 22:00:00,7806.097620806285
2019-03-19 22:30:00,7807.55403904246
2019-03-19 23:00:00,7644.308722489459
2019-03-19 23:30:00,7494.767533466279
2019-03-20 00:00:00,7236.710067415881
2019-03-20 00:30:00,7133.0009946006385
2019-03-20 01:00:00,6957.982816151578
2019-03-20 01:30:00,6642.110125946673
2019-03-20 02:00:00,6375.3595642369255
2019-03-20 02:30:00,6243.004338777712
2019-03-20 03:00:00,6124.636335627904
2019-03-20 03:30:00,6163.387704031547
2019-03-20 04:00:00,6213.060256130228
2019-03-20 04:30:00,6374.0257026477575
2019-03-20 05:00:00,6709.473484759151
2019-03-20 05:30:00,7142.758942362255
2019-03-20 06:00:00,7654.790658458601
2019-03-20 06:30:00,7994.693534600881
2019-03-20 07:00:00,8324.148279548508
2019-03-20 07:30:00,8342.477782275684
2019-03-20 08:00:00,8266.01572220133
2019-03-20 08:30:00,8366.507819146718
2019-03-20 09:00:00,8385.983353484902
2019-03-20 09:30:00,8447.016203188783
2019-03-20 10:00:00,8467.26423080888
2019-03-20 10:30:00,8428.45485777971
2019-03-20 11:00:00,8456.77015770806
2019-03-20 11:30:00,8372.466097800016
2019-03-20 12:00:00,8438.21263783924
2019-03-20 12:30:00,8456.762771859738
2019-03-20 13:00:00,8507.465925328415
2019-03-20 13:30:00,8550.84472778463
2019-03-20 14:00:00,8561.960049562698
2019-03-20 14:30:00,8561.960049562698
2019-03-20 15:00:00,8562.359304937632
2019-03-20 15:30:00,8663.280705696687
2019-03-20 16:00:00,8785.43656525546
2019-03-20 16:30:00,8859.18888357335
2019-03-20 17:00:00,8937.340128459226
2019-03-20 17:30:00,8908.93326578806
2019-03-20 18:00:00,8868.40416392896
2019-03-20 18:30:00,8862.007344560177
2019-03-20 19:00:00,8867.137611596747
2019-03-20 19:30:00,8689.378278309718
2019-03-20 20:00:00,8488.189580615319
2019-03-20 20:30:00,8349.179992061112
2019-03-20 21:00:00,8095.764363590644
2019-03-20 21:30:00,7942.374165158385
2019-03-20 22:00:00,7740.899678392481
2019-03-20 22:30:00,7732.375743125029
2019-03-20 23:00:00,7658.180471310306
2019-03-20 23:30:00,7487.620140045224
2019-03-21 00:00:00,7281.742084732768
2019-03-21 00:30:00,7106.160471770699
2019-03-21 01:00:00,6888.472192008698
2019-03-21 01:30:00,6625.551908430881
2019-03-21 02:00:00,6377.824863492195
2019-03-21 02:30:00,6295.690644131249
2019-03-21 03:00:00,6172.395518409062
2019-03-21 03:30:00,6214.843824833151
2019-03-21 04:00:00,6313.221464377221
2019-03-21 04:30:00,6546.848580767157
2019-03-21 05:00:00,6848.945185583117
2019-03-21 05:30:00,7314.884252445059
2019-03-21 06:00:00,7818.628255276922
2019-03-21 06:30:00,8175.608567858947
2019-03-21 07:00:00,8425.699703754502
2019-03-21 07:30:00,8403.870297956051
2019-03-21 08:00:00,8401.24427644963
2019-03-21 08:30:00,8390.081827565857
2019-03-21 09:00:00,8409.01332690453
2019-03-21 09:30:00,8432.824568715043
2019-03-21 10:00:00,8528.493951069375
2019-03-21 10:30:00,8528.493951069375
2019-03-21 11:00:00,8507.71118893892
2019-03-21 11:30:00,8534.598965652222
2019-03-21 12:00:00,8506.372661245468
2019-03-21 12:30:00,8597.246080729892
2019-03-21 13:00:00,8685.17809687132
2019-03-21 13:30:00,8685.17809687132
2019-03-21 14:00:00,8722.626344807337
2019-03-21 14:30:00,8669.405641936086
2019-03-21 15:00:00,8838.956909887305
2019-03-21 15:30:00,8923.147354417508
2019-03-21 16:00:00,9088.679054212134
2019-03-21 16:30:00,9191.590937994488
2019-03-21 17:00:00,9270.264542998233
2019-03-21 17:30:00,9191.994449961116
2019-03-21 18:00:00,9232.4595127981
2019-03-21 18:30:00,9108.29650101462
2019-03-21 19:00:00,9074.319127945437
2019-03-21 19:30:00,8867.619456205193
2019-03-21 20:00:00,8642.339380610285
2019-03-21 20:30:00,8507.513715660716
2019-03-21 21:00:00,8279.622899419357
2019-03-21 21:30:00,8159.551527508196
2019-03-21 22:00:00,7931.890098625231
2019-03-21 22:30:00,7843.253632075156
2019-03-21 23:00:00,7685.929911564345
2019-03-21 23:30:00,7536.721028997412
2019-03-22 00:00:00,7319.31925140567
2019-03-22 00:30:00,7125.610987796666
2019-03-22 01:00:00,6937.223312846081
2019-03-22 01:30:00,6730.015607749439
2019-03-22 02:00:00,6391.839892388593
2019-03-22 02:30:00,6255.322352327411
2019-03-22 03:00:00,6188.147915898532
2019-03-22 03:30:00,6145.699609474443
2019-03-22 04:00:00,6232.83093151051
2019-03-22 04:30:00,6472.262443942024
2019-03-22 05:00:00,6719.513070213586
2019-03-22 05:30:00,7224.26452208548
2019-03-22 06:00:00,7708.0849609523075
2019-03-22 06:30:00,8011.214625908119
2019-03-22 07:00:00,8337.382858850626
2019-03-22 07:30:00,8390.793526074665
2019-03-22 08:00:00,8327.018231572682
2019-03-22 08:30:00,8419.23827182589
2019-03-22 09:00:00,8481.889233603664
2019-03-22 09:30:00,8450.087340884755
2019-03-22 10:00:00,8483.760610560494
2019-03-22 10:30:00,8489.478305429911
2019-03-22 11:00:00,8499.010351678156
2019-03-22 11:30:00,8510.337077868104
2019-03-22 12:00:00,8474.385253899167
2019-03-22 12:30:00,8575.306654658221
2019-03-22 13:00:00,8626.412023617688
2019-03-22 13:30:00,8739.89534187934
2019-03-22 14:00:00,8685.589376799333
2019-03-22 14:30:00,8740.609748650983
2019-03-22 15:00:00,8837.970889649901
2019-03-22 15:30:00,9026.347762560705
2019-03-22 16:00:00,9099.64404841499
2019-03-22 16:30:00,9142.797374096146
2019-03-22 17:00:00,9103.502418957061
2019-03-22 17:30:00,8947.490806855083
2019-03-22 18:00:00,8900.438633029553
2019-03-22 18:30:00,8900.438633029553
2019-03-22 19:00:00,8830.650892165208
2019-03-22 19:30:00,8657.939048005932
2019-03-22 20:00:00,8505.2094559478
2019-03-22 20:30:00,8282.979862042128
2019-03-22 21:00:00,8141.335691988019
2019-03-22 21:30:00,7972.971936613326
2019-03-22 22:00:00,7836.75326149506
2019-03-22 22:30:00,7699.076007160615
2019-03-22 23:00:00,7554.98956304895
2019-03-22 23:30:00,7436.607765204512
2019-03-23 00:00:00,7183.342416136608
2019-03-23 00:30:00,7043.092673017388
2019-03-23 01:00:00,6781.292846491686
2019-03-23 01:30:00,6547.246142286993
2019-03-23 02:00:00,6275.576916753527
2019-03-23 02:30:00,6136.081604253907
2019-03-23 03:00:00,6055.327708023963
2019-03-23 03:30:00,6099.429472550063
2019-03-23 04:00:00,6050.998854593458
2019-03-23 04:30:00,6307.065786025019
2019-03-23 05:00:00,6248.5179493562555
2019-03-23 05:30:00,6607.816372449767
2019-03-23 06:00:00,6694.744936589388
2019-03-23 06:30:00,6837.130964622216
2019-03-23 07:00:00,7039.271548572575
2019-03-23 07:30:00,7145.315460375094
2019-03-23 08:00:00,7367.3328728314955
2019-03-23 08:30:00,7528.631356930883
2019-03-23 09:00:00,7685.766101276969
2019-03-23 09:30:00,7744.213675238362
2019-03-23 10:00:00,7715.476388790881
2019-03-23 10:30:00,7712.401257856384
2019-03-23 11:00:00,7670.850901212741
2019-03-23 11:30:00,7571.210248434413
2019-03-23 12:00:00,7636.712367272339
2019-03-23 12:30:00,7700.23080633796
2019-03-23 13:00:00,7822.0285991942155
2019-03-23 13:30:00,7822.0285991942155
2019-03-23 14:00:00,7734.100417064737
2019-03-23 14:30:00,7905.886339115021
2019-03-23 15:00:00,8024.502632983263
2019-03-23 15:30:00,8024.502632983263
2019-03-23 16:00:00,7992.091426556628
2019-03-23 16:30:00,7964.7544769589485
2019-03-23 17:00:00,8030.745185180049
2019-03-23 17:30:00,7994.192269846748
2019-03-23 18:00:00,8056.827011051039
2019-03-23 18:30:00,8016.64815179679
2019-03-23 19:00:00,8009.0238591504885
2019-03-23 19:30:00,7825.6347728624005
2019-03-23 20:00:00,7665.582548774468
2019-03-23 20:30:00,7583.66804976435
2019-03-23 21:00:00,7394.261398539756
2019-03-23 21:30:00,7400.288972816297
2019-03-23 22:00:00,7317.360986569366
2019-03-23 22:30:00,7317.360986569366
2019-03-23 23:00:00,7191.6563674352965
2019-03-23 23:30:00,7034.471832339414
2019-03-24 00:00:00,6878.246738452357
2019-03-24 00:30:00,6596.967262386831
2019-03-24 01:00:00,6392.918069734675
2019-03-24 01:30:00,6177.573959408774
2019-03-24 02:00:00,5978.054577055973
2019-03-24 02:30:00,5843.440763182661
2019-03-24 03:00:00,5775.28034622337
2019-03-24 03:30:00,5775.28034622337
2019-03-24 04:00:00,5782.505205237161
2019-03-24 04:30:00,5844.795659946507
2019-03-24 05:00:00,5968.247225251741
2019-03-24 05:30:00,6119.951455487152
2019-03-24 06:00:00,6230.981208431834
2019-03-24 06:30:00,6379.541033338314
2019-03-24 07:00:00,6608.443506519989
2019-03-24 07:30:00,6756.9814304738975
2019-03-24 08:00:00,6965.394243142583
2019-03-24 08:30:00,7003.729184028148
2019-03-24 09:00:00,7014.145311338617
2019-03-24 09:30:00,7009.475230512054
2019-03-24 10:00:00,7049.351651262794
2019-03-24 10:30:00,7054.702361970402
2019-03-24 11:00:00,7083.058875589708
2019-03-24 11:30:00,7167.026615901941
2019-03-24 12:00:00,7292.12173148143
2019-03-24 12:30:00,7374.6577806964515
2019-03-24 13:00:00,7382.104355316243
2019-03-24 13:30:00,7553.1051719063835
2019-03-24 14:00:00,7766.33447444274
2019-03-24 14:30:00,8031.0884217085095
2019-03-24 15:00:00,8221.855637250792
2019-03-24 15:30:00,8125.119930703198
2019-03-24 16:00:00,8215.322898644601
2019-03-24 16:30:00,8266.36808713832
2019-03-24 17:00:00,8462.55558684858
2019-03-24 17:30:00,8453.63722762476
2019-03-24 18:00:00,8496.520414672863
2019-03-24 18:30:00,8496.520414672863
2019-03-24 19:00:00,8510.141889652266
2019-03-24 19:30:00,8388.913141136027
2019-03-24 20:00:00,8188.981485087761
2019-03-24 20:30:00,8068.473856869087
2019-03-24 21:00:00,7799.7166459057735
2019-03-24 21:30:00,7575.168948341202
2019-03-24 22:00:00,7355.457136882493
2019-03-24 22:30:00,7273.19831124324
2019-03-24 23:00:00,7130.961272483668
2019-03-24 23:30:00,6893.63776063117
2019-03-25 00:00:00,7097.364963712624
2019-03-25 00:30:00,6753.456897755906
2019-03-25 01:00:00,6694.555647103733
2019-03-25 01:30:00,6446.725804716408
2019-03-25 02:00:00,6349.887268236273
2019-03-25 02:30:00,6193.32402436589
2019-03-25 03:00:00,6169.143338791702
2019-03-25 03:30:00,6145.4753505136105
2019-03-25 04:00:00,6254.060933494411
2019-03-25 04:30:00,6300.289090949384
2019-03-25 05:00:00,6905.040587802666
2019-03-25 05:30:00,7025.311194017093
2019-03-25 06:00:00,7987.922968243705
2019-03-25 06:30:00,8197.654989885483
2019-03-25 07:00:00,8610.474810720061
2019-03-25 07:30:00,8850.95707799537
2019-03-25 08:00:00,8785.77563490146
2019-03-25 08:30:00,8849.991833950477
2019-03-25 09:00:00,8766.850374124067
2019-03-25 09:30:00,8846.712155135196
2019-03-25 10:00:00,8733.869542410477
2019-03-25 10:30:00,8735.776352307299
2019-03-25 11:00:00,8772.115842889103
2019-03-25 11:30:00,8678.686403710199
2019-03-25 12:00:00,9120.065496097039
2019-03-25 12:30:00,9290.85965250267
2019-03-25 13:00:00,9517.883738760922
2019-03-25 13:30:00,9621.281081308805
2019-03-25 14:00:00,9707.349665111087
2019-03-25 14:30:00,9790.395658466306
2019-03-25 15:00:00,10099.652888346422
2019-03-25 15:30:00,10095.016311962681
2019-03-25 16:00:00,10140.569458388843
2019-03-25 16:30:00,10159.064288535266
2019-03-25 17:00:00,10111.404607207442
2019-03-25 17:30:00,10119.094406881612
2019-03-25 18:00:00,9918.813283892703
2019-03-25 18:30:00,9942.827597140718
2019-03-25 19:00:00,9638.989881678746
2019-03-25 19:30:00,9359.823554132727
2019-03-25 20:00:00,9147.993618467623
2019-03-25 20:30:00,8825.635992109732
2019-03-25 21:00:00,8441.738105324182
2019-03-25 21:30:00,8239.608158093906
2019-03-25 22:00:00,8129.153431913225
2019-03-25 22:30:00,8003.637215006713
2019-03-25 23:00:00,7756.235601444572
2019-03-25 23:30:00,7459.0871589869885
2019-03-26 00:00:00,7412.288113526791
2019-03-26 00:30:00,7231.342502567869
2019-03-26 01:00:00,6796.403517303872
2019-03-26 01:30:00,6575.266713161942
2019-03-26 02:00:00,6457.728319713461
2019-03-26 02:30:00,6368.189640277122
2019-03-26 03:00:00,6302.693215296495
2019-03-26 03:30:00,6295.231918040042
2019-03-26 04:00:00,6399.010145295371
2019-03-26 04:30:00,6629.410107484135
2019-03-26 05:00:00,7046.000827468781
2019-03-26 05:30:00,7482.060488371605
2019-03-26 06:00:00,7953.546968603818
2019-03-26 06:30:00,8291.136127628923
2019-03-26 07:00:00,8569.480138749881
2019-03-26 07:30:00,8631.80664964777
2019-03-26 08:00:00,8684.044631565097
2019-03-26 08:30:00,8804.034939285726
2019-03-26 09:00:00,8802.568385200144
2019-03-26 09:30:00,8747.548013348494
2019-03-26 10:00:00,8661.10990656493
2019-03-26 10:30:00,8672.740823800226
2019-03-26 11:00:00,8622.451394747794
2019-03-26 11:30:00,8617.78131392123
2019-03-26 12:00:00,8642.323230644715
2019-03-26 12:30:00,8670.964561189654
2019-03-26 13:00:00,8704.399102485839
2019-03-26 13:30:00,8704.399102485839
2019-03-26 14:00:00,8700.175645588897
2019-03-26 14:30:00,8725.318874931338
2019-03-26 15:00:00,8809.933609766484
2019-03-26 15:30:00,8828.665556232723
2019-03-26 16:00:00,8986.563523702669
2019-03-26 16:30:00,9017.258804757228
2019-03-26 17:00:00,9233.624060559157
2019-03-26 17:30:00,9116.001544871684
2019-03-26 18:00:00,9040.278791620847
2019-03-26 18:30:00,9006.781159995326
2019-03-26 19:00:00,8870.892156018137
2019-03-26 19:30:00,8730.04976484961
2019-03-26 20:00:00,8538.642110029377
2019-03-26 20:30:00,8488.577515432888
2019-03-26 21:00:00,8207.421031366794
2019-03-26 21:30:00,8019.29206818868
2019-03-26 22:00:00,7883.9915926687045
2019-03-26 22:30:00,7883.9915926687045
2019-03-26 23:00:00,7729.174898060065
2019-03-26 23:30:00,7585.689009655011
2019-03-27 00:00:00,7218.481190669722
2019-03-27 00:30:00,7012.266521397577
2019-03-27 01:00:00,6815.944629216288
2019-03-27 01:30:00,6544.794445668317
2019-03-27 02:00:00,6290.908691738433
2019-03-27 02:30:00,6168.291491972388
2019-03-27 03:00:00,6103.760147504308
2019-03-27 03:30:00,6142.442526073141
2019-03-27 04:00:00,6161.909074580019
2019-03-27 04:30:00,6373.805366063482
2019-03-27 05:00:00,6657.869076423336
2019-03-27 05:30:00,7122.48321457225
2019-03-27 06:00:00,7664.173514281624
2019-03-27 06:30:00,7962.75203877545
2019-03-27 07:00:00,8242.546707585252
2019-03-27 07:30:00,8242.546707585252
2019-03-27 08:00:00,8108.347524107498
2019-03-27 08:30:00,8108.347524107498
2019-03-27 09:00:00,7991.596946237481
2019-03-27 09:30:00,7964.897112379814
2019-03-27 10:00:00,7931.4817217924465
2019-03-27 10:30:00,7833.057863886993
2019-03-27 11:00:00,7823.917588487868
2019-03-27 11:30:00,7778.369516665688
2019-03-27 12:00:00,7775.527291105256
2019-03-27 12:30:00,7834.56548835927
2019-03-27 13:00:00,7881.081606670613
2019-03-27 13:30:00,7886.432317378221
2019-03-27 14:00:00,7957.362108966847
2019-03-27 14:30:00,7971.236754941908
2019-03-27 15:00:00,8122.2630473060235
2019-03-27 15:30:00,8291.400002269425
2019-03-27 16:00:00,8393.881341477474
2019-03-27 16:30:00,8521.97620894568
2019-03-27 17:00:00,8681.179914587607
2019-03-27 17:30:00,8681.179914587607
2019-03-27 18:00:00,8755.687099104995
2019-03-27 18:30:00,8828.797283770498
2019-03-27 19:00:00,8748.422899044432
2019-03-27 19:30:00,8499.331559024431
2019-03-27 20:00:00,8269.522370633169
2019-03-27 20:30:00,8111.411111319603
2019-03-27 21:00:00,7864.749421743031
2019-03-27 21:30:00,7743.815279006304
2019-03-27 22:00:00,7590.997704803513
2019-03-27 22:30:00,7650.035902057527
2019-03-27 23:00:00,7515.880756549744
2019-03-27 23:30:00,7339.571038314698
2019-03-28 00:00:00,7206.783649567895
2019-03-28 00:30:00,7103.074576752652
2019-03-28 01:00:00,6847.442310629517
2019-03-28 01:30:00,6623.049480408336
2019-03-28 02:00:00,6381.546151540265
2019-03-28 02:30:00,6258.533210755234
2019-03-28 03:00:00,6201.286497617314
2019-03-28 03:30:00,6201.286497617314
2019-03-28 04:00:00,6273.201482698342
2019-03-28 04:30:00,6473.143032430518
2019-03-28 05:00:00,6794.307631594906
2019-03-28 05:30:00,7139.569111339521
2019-03-28 06:00:00,7663.320395852752
2019-03-28 06:30:00,7994.69933672758
2019-03-28 07:00:00,8343.132989313577
2019-03-28 07:30:00,8289.089241754098
2019-03-28 08:00:00,8141.012641677221
2019-03-28 08:30:00,8132.798802688153
2019-03-28 09:00:00,8096.673645669366
2019-03-28 09:30:00,8186.937617598242
2019-03-28 10:00:00,7995.906268733
2019-03-28 10:30:00,7984.275351497704
2019-03-28 11:00:00,8010.970018102197
2019-03-28 11:30:00,7959.912914112326
2019-03-28 12:00:00,7967.723695352957
2019-03-28 12:30:00,7980.81791496083
2019-03-28 13:00:00,7905.587879728016
2019-03-28 13:30:00,7958.123720160787
2019-03-28 14:00:00,7979.897550313564
2019-03-28 14:30:00,8010.645066167508
2019-03-28 15:00:00,8098.017460408137
2019-03-28 15:30:00,8196.367942948182
2019-03-28 16:00:00,8339.716593080911
2019-03-28 16:30:00,8406.867317799139
2019-03-28 17:00:00,8505.171717465508
2019-03-28 17:30:00,8544.668627283047
2019-03-28 18:00:00,8672.58153832089
2019-03-28 18:30:00,8710.241190668785
2019-03-28 19:00:00,8685.268304880907
2019-03-28 19:30:00,8480.800137678696
2019-03-28 20:00:00,8338.252162143326
2019-03-28 20:30:00,8120.51633254242
2019-03-28 21:00:00,7771.478199017564
2019-03-28 21:30:00,7762.954263750112
2019-03-28 22:00:00,7595.888719712103
2019-03-28 22:30:00,7672.316156785352
2019-03-28 23:00:00,7577.7918019885055
2019-03-28 23:30:00,7387.1320312165735
2019-03-29 00:00:00,7270.408961825152
2019-03-29 00:30:00,7089.096698146406
2019-03-29 01:00:00,6930.663983164514
2019-03-29 01:30:00,6659.990505763282
2019-03-29 02:00:00,6391.839892388593
2019-03-29 02:30:00,6259.220214217901
2019-03-29 03:00:00,6254.219791332231
2019-03-29 03:30:00,6207.88056368949
2019-03-29 04:00:00,6325.972590129282
2019-03-29 04:30:00,6509.353772876716
2019-03-29 05:00:00,6812.852241183483
2019-03-29 05:30:00,7255.336790079648
2019-03-29 06:00:00,7816.131520989118
2019-03-29 06:30:00,8106.190828025133
2019-03-29 07:00:00,8391.014157367987
2019-03-29 07:30:00,8359.212264649077
2019-03-29 08:00:00,8276.01352527045
2019-03-29 08:30:00,8220.963960548777
2019-03-29 09:00:00,8130.288730183796
2019-03-29 09:30:00,8137.6764153205195
2019-03-29 10:00:00,8161.953494526471
2019-03-29 10:30:00,8243.26794997996
2019-03-29 11:00:00,8226.884069586535
2019-03-29 11:30:00,8128.106738318503
2019-03-29 12:00:00,8010.21341006681
2019-03-29 12:30:00,8010.21341006681
2019-03-29 13:00:00,8091.741762762367
2019-03-29 13:30:00,8091.741762762367
2019-03-29 14:00:00,8136.891370972781
2019-03-29 14:30:00,8136.891370972781
2019-03-29 15:00:00,8348.847616998119
2019-03-29 15:30:00,8476.530479362378
2019-03-29 16:00:00,8628.45426174005
2019-03-29 16:30:00,8755.796448200472
2019-03-29 17:00:00,8698.612788695578
2019-03-29 17:30:00,8686.902213751246
2019-03-29 18:00:00,8720.989839789025
2019-03-29 18:30:00,8796.328664167066
2019-03-29 19:00:00,8708.522709395336
2019-03-29 19:30:00,8502.766193083298
2019-03-29 20:00:00,8395.22798899113
2019-03-29 20:30:00,8190.759821788919
2019-03-29 21:00:00,7966.380796040126
2019-03-29 21:30:00,7834.653379610989
2019-03-29 22:00:00,7710.755664798105
2019-03-29 22:30:00,7701.559946362412
2019-03-29 23:00:00,7566.66922068644
2019-03-29 23:30:00,7423.097074263176
2019-03-30 00:00:00,7135.399431659027
2019-03-30 00:30:00,7061.648155198226
2019-03-30 01:00:00,6806.567595653666
2019-03-30 01:30:00,6575.806257215138
2019-03-30 02:00:00,6302.349316441145
2019-03-30 02:30:00,6165.9145704200955
2019-03-30 03:00:00,6069.936774984784
2019-03-30 03:30:00,6088.885204082498
2019-03-30 04:00:00,6131.853523374636
2019-03-30 04:30:00,6289.62166446117
2019-03-30 05:00:00,6179.779389112798
2019-03-30 05:30:00,6578.8563568653835
2019-03-30 06:00:00,6723.173411487715
2019-03-30 06:30:00,6801.648319647266
2019-03-30 07:00:00,7154.777393187113
2019-03-30 07:30:00,7199.1357077071225
2019-03-30 08:00:00,7494.316190430555
2019-03-30 08:30:00,7556.937631802758
2019-03-30 09:00:00,7547.777488939329
2019-03-30 09:30:00,7595.2383222687795
2019-03-30 10:00:00,7666.1236751236
2019-03-30 10:30:00,7663.380739930825
2019-03-30 11:00:00,7505.882048008429
2019-03-30 11:30:00,7396.927014391005
2019-03-30 12:00:00,7405.023374322576
2019-03-30 12:30:00,7403.887122833868
2019-03-30 13:00:00,7435.008502093923
2019-03-30 13:30:00,7433.8722506052145
2019-03-30 14:00:00,7475.859955291562
2019-03-30 14:30:00,7541.342586786078
2019-03-30 15:00:00,7693.25535384911
2019-03-30 15:30:00,7865.041275899394
2019-03-30 16:00:00,7955.992472350463
2019-03-30 16:30:00,7982.104618831789
2019-03-30 17:00:00,8094.895628921567
2019-03-30 17:30:00,8011.500428609809
2019-03-30 18:00:00,8123.2115476664
2019-03-30 18:30:00,8201.251233902192
2019-03-30 19:00:00,8120.889356560937
2019-03-30 19:30:00,7913.336253001839
2019-03-30 20:00:00,7807.509596743772
2019-03-30 20:30:00,7658.985912604985
2019-03-30 21:00:00,7491.6073582860745
2019-03-30 21:30:00,7491.6073582860745
2019-03-30 22:00:00,7373.68962377118
2019-03-30 22:30:00,7388.598234105978
2019-03-30 23:00:00,7256.021213881495
2019-03-30 23:30:00,7142.500817542111
2019-03-31 00:00:00,6934.542913990833
2019-03-31 00:30:00,6798.954212847461
2019-03-31 01:00:00,6574.922293290561
2019-03-31 01:30:00,6337.38722284386
2019-03-31 02:00:00,6167.754082394448
2019-03-31 02:30:00,6073.5791353266195
2019-03-31 03:00:00,5974.7578071245725
2019-03-31 03:30:00,5936.455631190909
2019-03-31 04:00:00,5933.548563362191
2019-03-31 04:30:00,5944.187446928181
2019-03-31 05:00:00,5998.872595459202
2019-03-31 05:30:00,6163.113477547523
2019-03-31 06:00:00,6292.403948100623
2019-03-31 06:30:00,6561.842804349861
2019-03-31 07:00:00,6746.882521581541
2019-03-31 07:30:00,7028.8041429921495
2019-03-31 08:00:00,7202.936506205745
2019-03-31 08:30:00,7379.3928889964
2019-03-31 09:00:00,7439.137090996526
2019-03-31 09:30:00,7485.9931869674365
2019-03-31 10:00:00,7503.622021939602
2019-03-31 10:30:00,7391.152341026183
2019-03-31 11:00:00,7322.146601073771
2019-03-31 11:30:00,7238.400288671603
2019-03-31 12:00:00,6955.4944815972385
2019-03-31 12:30:00,6785.758372428885
2019-03-31 13:00:00,6946.314461003134
2019-03-31 13:30:00,6906.056446066795
2019-03-31 14:00:00,6944.987776760606
2019-03-31 14:30:00,6869.796587351535
2019-03-31 15:00:00,6796.307194344572
2019-03-31 15:30:00,6883.185956907349
2019-03-31 16:00:00,7013.373650625938
2019-03-31 16:30:00,7102.062523281363
2019-03-31 17:00:00,7325.195259274611
2019-03-31 17:30:00,7451.200916650824
2019-03-31 18:00:00,7602.386737747785
2019-03-31 18:30:00,7734.3925043640065
2019-03-31 19:00:00,7807.010756378503
2019-03-31 19:30:00,7646.249511864703
2019-03-31 20:00:00,7524.870944444876
2019-03-31 20:30:00,7465.384926475544
2019-03-31 21:00:00,7293.967878387892
2019-03-31 21:30:00,7215.123815703247
2019-03-31 22:00:00,6918.300962830794
2019-03-31 22:30:00,6842.967839331611
2019-03-31 23:00:00,6701.305548178216
2019-03-31 23:30:00,6580.35677801844
2019-04-01 00:00:00,6612.537651414399
2019-04-01 00:30:00,6432.175788312799
2019-04-01 01:00:00,6218.624570762822
2019-04-01 01:30:00,5931.346530383645
2019-04-01 02:00:00,5904.444129636811
2019-04-01 02:30:00,5834.6215821231335
2019-04-01 03:00:00,5844.520822325091
2019-04-01 03:30:00,5728.692532430962
2019-04-01 04:00:00,5827.515037001695
2019-04-01 04:30:00,5943.343326895824
2019-04-01 05:00:00,6353.696305088289
2019-04-01 05:30:00,6516.901035590241
2019-04-01 06:00:00,7196.533371484842
2019-04-01 06:30:00,7434.531863135952
2019-04-01 07:00:00,8356.803366943208
2019-04-01 07:30:00,8659.383863845114
2019-04-01 08:00:00,8458.410781769939
2019-04-01 08:30:00,8342.442761370281
2019-04-01 09:00:00,7702.410576835731
2019-04-01 09:30:00,7452.4225436554225
2019-04-01 10:00:00,7290.304378175886
2019-04-01 10:30:00,7232.246173300397
2019-04-01 11:00:00,7033.517503361632
2019-04-01 11:30:00,6960.132688260011
2019-04-01 12:00:00,6882.426577990239
2019-04-01 12:30:00,6799.120408821397
2019-04-01 13:00:00,6850.137966412589
2019-04-01 13:30:00,6883.862990875318
2019-04-01 14:00:00,7072.192963300761
2019-04-01 14:30:00,7079.653264739017
2019-04-01 15:00:00,7212.558476173783
2019-04-01 15:30:00,7452.417264750022
2019-04-01 16:00:00,7882.104106959371
2019-04-01 16:30:00,8227.321137603967
2019-04-01 17:00:00,8481.869601508175
2019-04-01 17:30:00,8627.467054404873
2019-04-01 18:00:00,8739.600507941856
2019-04-01 18:30:00,8831.795251955939
2019-04-01 19:00:00,8632.23814248841
2019-04-01 19:30:00,8509.413848813145
2019-04-01 20:00:00,8305.216287693978
2019-04-01 20:30:00,8203.940995998393
2019-04-01 21:00:00,7989.455953145535
2019-04-01 21:30:00,7819.506648950062
2019-04-01 22:00:00,7626.496010556649
2019-04-01 22:30:00,7626.496010556649
2019-04-01 23:00:00,7411.2524169377175
2019-04-01 23:30:00,7297.179724579383
2019-04-02 00:00:00,7218.4906532315445
2019-04-02 00:30:00,7051.878997899095
2019-04-02 01:00:00,6888.498099912967
2019-04-02 01:30:00,6729.167161478258
2019-04-02 02:00:00,6491.4519741607055
2019-04-02 02:30:00,6355.240516596813
2019-04-02 03:00:00,6160.537879090602
2019-04-02 03:30:00,6176.017911174275
2019-04-02 04:00:00,6261.653617210992
2019-04-02 04:30:00,6523.067136259582
2019-04-02 05:00:00,6863.279067352775
2019-04-02 05:30:00,7341.962334557003
2019-04-02 06:00:00,7834.906057476886
2019-04-02 06:30:00,8202.556624073794
2019-04-02 07:00:00,8518.124367668797
2019-04-02 07:30:00,8461.4123620372
2019-04-02 08:00:00,8234.498111622694
2019-04-02 08:30:00,8153.287421837365
2019-04-02 09:00:00,8243.710739065897
2019-04-02 09:30:00,8408.967183830515
2019-04-02 10:00:00,7901.973878235848
2019-04-02 10:30:00,7972.954091282966
2019-04-02 11:00:00,7836.296925796312
2019-04-02 11:30:00,7837.753344032488
2019-04-02 12:00:00,7837.931224199708
2019-04-02 12:30:00,7844.640969287115
2019-04-02 13:00:00,7910.163370927944
2019-04-02 13:30:00,7922.437173106981
2019-04-02 14:00:00,7940.909153405402
2019-04-02 14:30:00,7887.435013243019
2019-04-02 15:00:00,7991.376811477796
2019-04-02 15:30:00,7999.900746745248
2019-04-02 16:00:00,8180.283084100351
2019-04-02 16:30:00,8156.105072174842
2019-04-02 17:00:00,8419.461669851915
2019-04-02 17:30:00,8503.863937263046
2019-04-02 18:00:00,8599.679222889892
2019-04-02 18:30:00,8647.746087907852
2019-04-02 19:00:00,8582.335095409582
2019-04-02 19:30:00,8477.866869309297
2019-04-02 20:00:00,8145.120240661705
2019-04-02 20:30:00,8093.109372164352
2019-04-02 21:00:00,7866.956577613652
2019-04-02 21:30:00,7806.461962123463
2019-04-02 22:00:00,7797.071006259326
2019-04-02 22:30:00,7797.071006259326
2019-04-02 23:00:00,7587.74422349124
2019-04-02 23:30:00,7567.586371887297
2019-04-03 00:00:00,7364.405387726562
2019-04-03 00:30:00,7260.69631491132
2019-04-03 01:00:00,6897.620070782643
2019-04-03 01:30:00,6638.401339911723
2019-04-03 02:00:00,6344.968497536976
2019-04-03 02:30:00,6175.480152490539
2019-04-03 03:00:00,6234.512483229682
2019-04-03 03:30:00,6179.127976121129
2019-04-03 04:00:00,6261.81628772926
2019-04-03 04:30:00,6465.419304808801
2019-04-03 05:00:00,6756.100225749805
2019-04-03 05:30:00,7137.964147423376
2019-04-03 06:00:00,7645.491116859931
2019-04-03 06:30:00,7982.657968950472
2019-04-03 07:00:00,8325.472861584245
2019-04-03 07:30:00,8283.372551846705
2019-04-03 08:00:00,8132.525842319771
2019-04-03 08:30:00,8132.525842319771
2019-04-03 09:00:00,8137.218458067946
2019-04-03 09:30:00,8055.600532510465
2019-04-03 10:00:00,8034.029187269518
2019-04-03 10:30:00,8060.28288107845
2019-04-03 11:00:00,7869.021697693161
2019-04-03 11:30:00,7828.116774495685
2019-04-03 12:00:00,7867.118867590198
2019-04-03 12:30:00,7929.71226383395
2019-04-03 13:00:00,7952.932456409254
2019-04-03 13:30:00,8029.938005724033
2019-04-03 14:00:00,8038.715974401723
2019-04-03 14:30:00,8048.747839169549
2019-04-03 15:00:00,8166.229877733799
2019-04-03 15:30:00,8229.80619751699
2019-04-03 16:00:00,8366.47006973511
2019-04-03 16:30:00,8450.232488329386
2019-04-03 17:00:00,8570.540481627366
2019-04-03 17:30:00,8654.014149006585
2019-04-03 18:00:00,8733.222895667832
2019-04-03 18:30:00,8733.222895667832
2019-04-03 19:00:00,8590.79842752158
2019-04-03 19:30:00,8409.818421583284
2019-04-03 20:00:00,8274.577385027613
2019-04-03 20:30:00,8071.810292981962
2019-04-03 21:00:00,7796.731044081969
2019-04-03 21:30:00,7753.840910745237
2019-04-03 22:00:00,7601.305045303009
2019-04-03 22:30:00,7601.305045303009
2019-04-03 23:00:00,7490.9389087229665
2019-04-03 23:30:00,7350.937669287583
2019-04-04 00:00:00,7271.10805648805
2019-04-04 00:30:00,7121.263026386039
2019-04-04 01:00:00,6974.08761777398
2019-04-04 01:30:00,6675.578593968725
2019-04-04 02:00:00,6431.338244538904
2019-04-04 02:30:00,6355.6103499318915
2019-04-04 03:00:00,6291.242429926386
2019-04-04 03:30:00,6291.242429926386
2019-04-04 04:00:00,6362.881087235629
2019-04-04 04:30:00,6513.801818275407
2019-04-04 05:00:00,6792.290523282039
2019-04-04 05:30:00,7287.850333871782
2019-04-04 06:00:00,7800.003489601147
2019-04-04 06:30:00,8143.882213776836
2019-04-04 07:00:00,8428.70554311969
2019-04-04 07:30:00,8396.90365040078
2019-04-04 08:00:00,8304.820511452652
2019-04-04 08:30:00,8146.308593052067
2019-04-04 09:00:00,8049.330500615615
2019-04-04 09:30:00,7958.161970605642
2019-04-04 10:00:00,7915.059843345114
2019-04-04 10:30:00,7802.671336145084
2019-04-04 11:00:00,7838.852852353015
2019-04-04 11:30:00,7711.297856970511
2019-04-04 12:00:00,7739.192564452974
2019-04-04 12:30:00,7798.230761706987
2019-04-04 13:00:00,7908.39238944503
2019-04-04 13:30:00,7977.235883130207
2019-04-04 14:00:00,7949.843689934946
2019-04-04 14:30:00,7909.848058310993
2019-04-04 15:00:00,8079.089029252145
2019-04-04 15:30:00,8217.187178527909
2019-04-04 16:00:00,8439.493778035885
2019-04-04 16:30:00,8502.712499953439
2019-04-04 17:00:00,8641.385005048358
2019-04-04 17:30:00,8662.806298057583
2019-04-04 18:00:00,8788.025700375103
2019-04-04 18:30:00,8776.394783139807
2019-04-04 19:00:00,8689.939988564487
2019-04-04 19:30:00,8524.281194391446
2019-04-04 20:00:00,8308.994472818937
2019-04-04 20:30:00,8096.98929393471
2019-04-04 21:00:00,7892.40641973747
2019-04-04 21:30:00,7762.94834173329
2019-04-04 22:00:00,7615.66849245674
2019-04-04 22:30:00,7594.008773992664
2019-04-04 23:00:00,7480.4295521492895
2019-04-04 23:30:00,7241.7593047011715
2019-04-05 00:00:00,7237.243063959212
2019-04-05 00:30:00,7044.874623170334
2019-04-05 01:00:00,6915.677207378019
2019-04-05 01:30:00,6625.7597801842085
2019-04-05 02:00:00,6257.058836753824
2019-04-05 02:30:00,6161.308824400492
2019-04-05 03:00:00,6117.679858824545
2019-04-05 03:30:00,6133.560634720695
2019-04-05 04:00:00,6199.577082484437
2019-04-05 04:30:00,6463.928312919819
2019-04-05 05:00:00,6698.264084525258
2019-04-05 05:30:00,7131.549542128362
2019-04-05 06:00:00,7647.366438192852
2019-04-05 06:30:00,8039.585674799129
2019-04-05 07:00:00,8363.872923644149
2019-04-05 07:30:00,8367.267300785485
2019-04-05 08:00:00,8302.907226461914
2019-04-05 08:30:00,8317.210930268375
2019-04-05 09:00:00,8372.462710419442
2019-04-05 09:30:00,8413.531897495797
2019-04-05 10:00:00,8327.318809570736
2019-04-05 10:30:00,8382.411768325675
2019-04-05 11:00:00,8280.566864465849
2019-04-05 11:30:00,8198.515153921424
2019-04-05 12:00:00,8158.151083890128
2019-04-05 12:30:00,8192.62619629061
2019-04-05 13:00:00,8204.642320358611
2019-04-05 13:30:00,8250.984028721054
2019-04-05 14:00:00,8170.3777942894785
2019-04-05 14:30:00,8263.25238101569
2019-04-05 15:00:00,8268.087960530167
2019-04-05 15:30:00,8380.73337212727
2019-04-05 16:00:00,8466.605602622485
2019-04-05 16:30:00,8434.803709903576
2019-04-05 17:00:00,8546.031922995013
2019-04-05 17:30:00,8526.734867500754
2019-04-05 18:00:00,8603.98024108731
2019-04-05 18:30:00,8629.320008065904
2019-04-05 19:00:00,8433.55296798167
2019-04-05 19:30:00,8241.382046732186
2019-04-05 20:00:00,8147.64863350863
2019-04-05 20:30:00,7876.671331304648
2019-04-05 21:00:00,7745.18503436519
2019-04-05 21:30:00,7610.663502400783
2019-04-05 22:00:00,7661.8149156852305
2019-04-05 22:30:00,7602.776718431217
2019-04-05 23:00:00,7577.136333812473
2019-04-05 23:30:00,7478.809823666167
2019-04-06 00:00:00,7260.782113682839
2019-04-06 00:30:00,7157.285656569681
2019-04-06 01:00:00,6962.964635047091
2019-04-06 01:30:00,6685.344568589369
2019-04-06 02:00:00,6394.349461197905
2019-04-06 02:30:00,6260.973927401519
2019-04-06 03:00:00,6221.867211383604
2019-04-06 03:30:00,6148.067892760047
2019-04-06 04:00:00,6168.43105151308
2019-04-06 04:30:00,6329.8606599469795
2019-04-06 05:00:00,6235.247924144819
2019-04-06 05:30:00,6661.782065980943
2019-04-06 06:00:00,6749.148184335228
2019-04-06 06:30:00,6931.013491481106
2019-04-06 07:00:00,7229.727270870183
2019-04-06 07:30:00,7229.727270870183
2019-04-06 08:00:00,7604.826069824113
2019-04-06 08:30:00,7604.826069824113
2019-04-06 09:00:00,7655.944701631393
2019-04-06 09:30:00,7596.192720853554
2019-04-06 10:00:00,7566.025872010927
2019-04-06 10:30:00,7541.480045641585
2019-04-06 11:00:00,7508.542633855871
2019-04-06 11:30:00,7441.709650133721
2019-04-06 12:00:00,7508.272485436705
2019-04-06 12:30:00,7461.40123087622
2019-04-06 13:00:00,7428.140440271909
2019-04-06 13:30:00,7457.628735422255
2019-04-06 14:00:00,7431.912935725874
2019-04-06 14:30:00,7431.912935725874
2019-04-06 15:00:00,7472.048162788787
2019-04-06 15:30:00,7547.202986011954
2019-04-06 16:00:00,7537.525184875143
2019-04-06 16:30:00,7532.822029697546
2019-04-06 17:00:00,7728.211996637238
2019-04-06 17:30:00,7656.998714426046
2019-04-06 18:00:00,7852.954066253997
2019-04-06 18:30:00,7897.312380774006
2019-04-06 19:00:00,7741.164403988917
2019-04-06 19:30:00,7666.756840282541
2019-04-06 20:00:00,7563.097829847293
2019-04-06 20:30:00,7549.564274195869
2019-04-06 21:00:00,7328.522019234679
2019-04-06 21:30:00,7387.560216488692
2019-04-06 22:00:00,7241.9708245084885
2019-04-06 22:30:00,7279.0637837746235
2019-04-06 23:00:00,7225.971696644559
2019-04-06 23:30:00,7163.9765556876
2019-04-07 00:00:00,6945.499359776111
2019-04-07 00:30:00,6728.792344546091
2019-04-07 01:00:00,6432.563611579878
2019-04-07 01:30:00,6235.698620032047
2019-04-07 02:00:00,6108.679534522066
2019-04-07 02:30:00,5981.585554911321
2019-04-07 03:00:00,5845.00119636655
2019-04-07 03:30:00,5831.853085782763
2019-04-07 04:00:00,5836.011194268552
2019-04-07 04:30:00,5926.23334931474
2019-04-07 05:00:00,5973.0297200503755
2019-04-07 05:30:00,6187.271297128802
2019-04-07 06:00:00,6308.335602541189
2019-04-07 06:30:00,6533.681406453967
2019-04-07 07:00:00,6645.625221832768
2019-04-07 07:30:00,6863.76309604523
2019-04-07 08:00:00,6942.5984019209845
2019-04-07 08:30:00,6942.37777062766
2019-04-07 09:00:00,7003.12001420466
2019-04-07 09:30:00,7007.425684786959
2019-04-07 10:00:00,6866.422384631313
2019-04-07 10:30:00,6757.667415019185
2019-04-07 11:00:00,6709.605624748976
2019-04-07 11:30:00,6569.73571772356
2019-04-07 12:00:00,6669.0683886399875
2019-04-07 12:30:00,6669.0683886399875
2019-04-07 13:00:00,6817.649872098906
2019-04-07 13:30:00,6805.227796042125
2019-04-07 14:00:00,6967.619005774454
2019-04-07 14:30:00,7004.072534117695
2019-04-07 15:00:00,7138.109945084098
2019-04-07 15:30:00,7274.58542792404
2019-04-07 16:00:00,7593.369929873008
2019-04-07 16:30:00,7704.847069918001
2019-04-07 17:00:00,8020.6094590311895
2019-04-07 17:30:00,8084.642349459051
2019-04-07 18:00:00,8202.036438526195
2019-04-07 18:30:00,8336.1452002081
2019-04-07 19:00:00,8305.944301127356
2019-04-07 19:30:00,8118.478635945012
2019-04-07 20:00:00,8038.457322026369
2019-04-07 20:30:00,7818.906687520194
2019-04-07 21:00:00,7490.748015108352
2019-04-07 21:30:00,7415.710734329392
2019-04-07 22:00:00,7284.795622705532
2019-04-07 22:30:00,7232.014641028409
2019-04-07 23:00:00,7018.227709875904
2019-04-07 23:30:00,6813.7724110383315
2019-04-08 00:00:00,6902.883042244834
2019-04-08 00:30:00,6717.058212763342
2019-04-08 01:00:00,6617.177113875763
2019-04-08 01:30:00,6374.007999154455
2019-04-08 02:00:00,6237.360234288094
2019-04-08 02:30:00,6005.395397411772
2019-04-08 03:00:00,5989.956709457725
2019-04-08 03:30:00,5989.956709457725
2019-04-08 04:00:00,6152.692538335484
2019-04-08 04:30:00,6152.913169628809
2019-04-08 05:00:00,6507.592434102309
2019-04-08 05:30:00,6553.820591557283
2019-04-08 06:00:00,7543.7206614944735
2019-04-08 06:30:00,7768.847005599143
2019-04-08 07:00:00,8126.506077090855
2019-04-08 07:30:00,8402.571760104207
2019-04-08 08:00:00,8101.491708099174
2019-04-08 08:30:00,8397.611767785696
2019-04-08 09:00:00,8092.861441174819
2019-04-08 09:30:00,8123.6680929784525
2019-04-08 10:00:00,8081.219339490777
2019-04-08 10:30:00,7887.478397752687
2019-04-08 11:00:00,7635.252095270431
2019-04-08 11:30:00,7558.500142007166
2019-04-08 12:00:00,7669.277680584148
2019-04-08 12:30:00,7788.700763501152
2019-04-08 13:00:00,7998.86438809159
2019-04-08 13:30:00,8024.483474709949
2019-04-08 14:00:00,8293.234114613431
2019-04-08 14:30:00,8419.869927157697
2019-04-08 15:00:00,8662.823025292728
2019-04-08 15:30:00,8816.26309193381
2019-04-08 16:00:00,9085.161043599426
2019-04-08 16:30:00,9254.013975589725
2019-04-08 17:00:00,9401.662770632638
2019-04-08 17:30:00,9646.669278935187
2019-04-08 18:00:00,9537.051408278878
2019-04-08 18:30:00,9722.018870012342
2019-04-08 19:00:00,9429.02099883766
2019-04-08 19:30:00,9249.818568269595
2019-04-08 20:00:00,8823.317112632
2019-04-08 20:30:00,8512.145613252364
2019-04-08 21:00:00,8378.607541843607
2019-04-08 21:30:00,8218.075360902412
2019-04-08 22:00:00,8010.873145322451
2019-04-08 22:30:00,8011.154367667222
2019-04-08 23:00:00,7881.1401855771455
2019-04-08 23:30:00,7654.122862140019
2019-04-09 00:00:00,7508.549676574125
2019-04-09 00:30:00,7401.878255180341
2019-04-09 01:00:00,7250.517933589568
2019-04-09 01:30:00,6982.754629192771
2019-04-09 02:00:00,6793.807078508395
2019-04-09 02:30:00,6580.770938115511
2019-04-09 03:00:00,6347.748950108179
2019-04-09 03:30:00,6219.647143247447
2019-04-09 04:00:00,6183.943006984965
2019-04-09 04:30:00,6295.542115721287
2019-04-09 05:00:00,6392.286668665526
2019-04-09 05:30:00,6663.949496850751
2019-04-09 06:00:00,7209.76147076902
2019-04-09 06:30:00,7520.608160981157
2019-04-09 07:00:00,7994.070187205673
2019-04-09 07:30:00,8087.686795972605
2019-04-09 08:00:00,8191.72625572447
2019-04-09 08:30:00,8179.231822252108
2019-04-09 09:00:00,8216.03922376126
2019-04-09 09:30:00,8203.497629901853
2019-04-09 10:00:00,8171.610322135165
2019-04-09 10:30:00,8172.7532856795415
2019-04-09 11:00:00,8084.964948095453
2019-04-09 11:30:00,7980.890944239608
2019-04-09 12:00:00,8133.517099249707
2019-04-09 12:30:00,8260.057310817874
2019-04-09 13:00:00,8338.695838524589
2019-04-09 13:30:00,8427.192936860669
2019-04-09 14:00:00,8641.7191597511
2019-04-09 14:30:00,8560.336709217303
2019-04-09 15:00:00,8719.47354006317
2019-04-09 15:30:00,8752.468439952136
2019-04-09 16:00:00,8881.449733308227
2019-04-09 16:30:00,9100.069698078882
2019-04-09 17:00:00,9214.855065836462
2019-04-09 17:30:00,9234.954947302973
2019-04-09 18:00:00,9547.370926466006
2019-04-09 18:30:00,9745.811088038923
2019-04-09 19:00:00,9621.609412832873
2019-04-09 19:30:00,9273.482976179002
2019-04-09 20:00:00,8982.064698696091
2019-04-09 20:30:00,8727.323348426204
2019-04-09 21:00:00,8483.757736275938
2019-04-09 21:30:00,8269.923377182175
2019-04-09 22:00:00,8123.860662274706
2019-04-09 22:30:00,8058.338318059921
2019-04-09 23:00:00,7740.485006838544
2019-04-09 23:30:00,7638.854117814836
2019-04-10 00:00:00,7352.8587526628535
2019-04-10 00:30:00,7126.869798245629
2019-04-10 01:00:00,6951.851619796568
2019-04-10 01:30:00,6749.686980179004
2019-04-10 02:00:00,6519.876087574047
2019-04-10 02:30:00,6240.511561494292
2019-04-10 03:00:00,6089.21102399911
2019-04-10 03:30:00,6018.3572540757
2019-04-10 04:00:00,5994.468475515016
2019-04-10 04:30:00,6047.814419248144
2019-04-10 05:00:00,6215.191399138874
2019-04-10 05:30:00,6475.5760581593095
2019-04-10 06:00:00,6807.609004483576
2019-04-10 06:30:00,7137.763645748568
2019-04-10 07:00:00,7738.4639429620465
2019-04-10 07:30:00,7843.539578073143
2019-04-10 08:00:00,8023.694614219571
2019-04-10 08:30:00,8019.024533393008
2019-04-10 09:00:00,8124.142722656662
2019-04-10 09:30:00,8042.866188681314
2019-04-10 10:00:00,8172.688423216785
2019-04-10 10:30:00,8187.8290517799405
2019-04-10 11:00:00,8212.386392073984
2019-04-10 11:30:00,8233.395437098641
2019-04-10 12:00:00,8248.597917347728
2019-04-10 12:30:00,8248.597917347728
2019-04-10 13:00:00,8327.337917405965
2019-04-10 13:30:00,8327.337917405965
2019-04-10 14:00:00,8373.04319061619
2019-04-10 14:30:00,8411.85256364536
2019-04-10 15:00:00,8412.556992545666
2019-04-10 15:30:00,8423.70705355498
2019-04-10 16:00:00,8497.113056622979
2019-04-10 16:30:00,8595.306385672147
2019-04-10 17:00:00,8688.795512765682
2019-04-10 17:30:00,8699.90198721049
2019-04-10 18:00:00,8983.125353746904
2019-04-10 18:30:00,9132.888035917456
2019-04-10 19:00:00,8976.503287338726
2019-04-10 19:30:00,8776.42868134117
2019-04-10 20:00:00,8485.577043297739
2019-04-10 20:30:00,8382.030276854583
2019-04-10 21:00:00,8130.8256449962755
2019-04-10 21:30:00,7925.163713227816
2019-04-10 22:00:00,7729.777479249637
2019-04-10 22:30:00,7738.301414517089
2019-04-10 23:00:00,7572.648263233223
2019-04-10 23:30:00,7488.516498402907
2019-04-11 00:00:00,7475.823019140899
2019-04-11 00:30:00,7279.894351838212
2019-04-11 01:00:00,7087.351784679803
2019-04-11 01:30:00,6986.26829026548
2019-04-11 02:00:00,6737.630061533309
2019-04-11 02:30:00,6443.518917030404
2019-04-11 03:00:00,6317.285171210818
2019-04-11 03:30:00,6211.663574569034
2019-04-11 04:00:00,6155.619874236334
2019-04-11 04:30:00,6213.379211836445
2019-04-11 05:00:00,6337.431286676792
2019-04-11 05:30:00,6607.271968612695
2019-04-11 06:00:00,6936.852270535617
2019-04-11 06:30:00,7428.931454634043
2019-04-11 07:00:00,7965.060768070927
2019-04-11 07:30:00,8040.274674335368
2019-04-11 08:00:00,8149.651158863235
2019-04-11 08:30:00,8105.21595742446
2019-04-11 09:00:00,8171.1962983837975
2019-04-11 09:30:00,8152.614678513736
2019-04-11 10:00:00,7792.718983872206
2019-04-11 10:30:00,7663.121270709254
2019-04-11 11:00:00,7636.279215295831
2019-04-11 11:30:00,7558.328591945859
2019-04-11 12:00:00,7564.819764105097
2019-04-11 12:30:00,7564.819764105097
2019-04-11 13:00:00,7547.796547798883
2019-04-11 13:30:00,7547.796547798883
2019-04-11 14:00:00,7622.444880526971
2019-04-11 14:30:00,7683.194750214499
2019-04-11 15:00:00,7688.695464422877
2019-04-11 15:30:00,7747.733661676891
2019-04-11 16:00:00,7952.305298746454
2019-04-11 16:30:00,8116.257980591655
2019-04-11 17:00:00,8396.14017043185
2019-04-11 17:30:00,8621.076463247759
2019-04-11 18:00:00,8936.624198526712
2019-04-11 18:30:00,9191.523010987323
2019-04-11 19:00:00,9086.269099330502
2019-04-11 19:30:00,8806.483915301555
2019-04-11 20:00:00,8574.332225675169
2019-04-11 20:30:00,8454.48744653345
2019-04-11 21:00:00,8254.405214992614
2019-04-11 21:30:00,8105.415609059913
2019-04-11 22:00:00,7945.647860961043
2019-04-11 22:30:00,7995.005394543762
2019-04-11 23:00:00,7760.04833412236
2019-04-11 23:30:00,7689.488818213421
2019-04-12 00:00:00,7592.093989261873
2019-04-12 00:30:00,7481.861218940175
2019-04-12 01:00:00,7224.303775258282
2019-04-12 01:30:00,7076.7589666234535
2019-04-12 02:00:00,6830.985086813965
2019-04-12 02:30:00,6622.943130033039
2019-04-12 03:00:00,6394.920103945732
2019-04-12 03:30:00,6308.904106129259
2019-04-12 04:00:00,6289.892041499338
2019-04-12 04:30:00,6288.3965949091435
2019-04-12 05:00:00,6397.258543055167
2019-04-12 05:30:00,6698.6542621346225
2019-04-12 06:00:00,6992.19248519474
2019-04-12 06:30:00,7512.583932223164
2019-04-12 07:00:00,8072.330519802811
2019-04-12 07:30:00,8220.96719969848
2019-04-12 08:00:00,8324.670198349339
2019-04-12 08:30:00,8145.069700882244
2019-04-12 09:00:00,8191.475216244403
2019-04-12 09:30:00,8188.705106794329
2019-04-12 10:00:00,7955.497319007222
2019-04-12 10:30:00,7914.592395809746
2019-04-12 11:00:00,7784.931413676902
2019-04-12 11:30:00,7731.761137587198
2019-04-12 12:00:00,7623.571441402231
2019-04-12 12:30:00,7682.609638656245
2019-04-12 13:00:00,7716.382953151194
2019-04-12 13:30:00,7769.553229240897
2019-04-12 14:00:00,7784.824004139511
2019-04-12 14:30:00,7784.824004139511
2019-04-12 15:00:00,7786.639416718353
2019-04-12 15:30:00,7854.974101918997
2019-04-12 16:00:00,8072.007559604463
2019-04-12 16:30:00,8158.424929102817
2019-04-12 17:00:00,8282.607803977602
2019-04-12 17:30:00,8489.075215152858
2019-04-12 18:00:00,8787.10309076289
2019-04-12 18:30:00,8950.792282711303
2019-04-12 19:00:00,8749.676181912124
2019-04-12 19:30:00,8561.084936033123
2019-04-12 20:00:00,8452.084338184188
2019-04-12 20:30:00,8259.913416934703
2019-04-12 21:00:00,8196.147374869457
2019-04-12 21:30:00,7943.720206685979
2019-04-12 22:00:00,7936.439743501967
2019-04-12 22:30:00,7972.703057476813
2019-04-12 23:00:00,7754.7718684151905
2019-04-12 23:30:00,7746.247933147738
2019-04-13 00:00:00,7493.541378394824
2019-04-13 00:30:00,7343.958815752101
2019-04-13 01:00:00,7344.273450835066
2019-04-13 01:30:00,7099.717367353676
2019-04-13 02:00:00,6860.039736946297
2019-04-13 02:30:00,6659.717879457303
2019-04-13 03:00:00,6332.535869500633
2019-04-13 03:30:00,6223.587633418569
2019-04-13 04:00:00,6149.2678675544
2019-04-13 04:30:00,6171.707682596026
2019-04-13 05:00:00,6098.748213223891
2019-04-13 05:30:00,6261.559212096512
2019-04-13 06:00:00,6420.590526355905
2019-04-13 06:30:00,6538.568089585943
2019-04-13 07:00:00,6856.423258435371
2019-04-13 07:30:00,6916.010267479554
2019-04-13 08:00:00,7403.253543989309
2019-04-13 08:30:00,7414.845003104625
2019-04-13 09:00:00,7440.2509762784375
2019-04-13 09:30:00,7444.023471732403
2019-04-13 10:00:00,7434.576731383934
2019-04-13 10:30:00,7434.576731383934
2019-04-13 11:00:00,7339.964319924087
2019-04-13 11:30:00,7333.013943229632
2019-04-13 12:00:00,7357.588929951298
2019-04-13 12:30:00,7374.431217545441
2019-04-13 13:00:00,7342.641004854064
2019-04-13 13:30:00,7293.24609712365
2019-04-13 14:00:00,7172.580107569616
2019-04-13 14:30:00,7231.61830482363
2019-04-13 15:00:00,7244.926095626133
2019-04-13 15:30:00,7298.263603778038
2019-04-13 16:00:00,7348.596050614848
2019-04-13 16:30:00,7418.685709343638
2019-04-13 17:00:00,7616.677583334053
2019-04-13 17:30:00,7722.620858023953
2019-04-13 18:00:00,8120.208075019056
2019-04-13 18:30:00,8145.682069344338
2019-04-13 19:00:00,8115.9314530904585
2019-04-13 19:30:00,7852.714627753416
2019-04-13 20:00:00,7626.125530836732
2019-04-13 20:30:00,7631.530462391185
2019-04-13 21:00:00,7521.851668841966
2019-04-13 21:30:00,7474.910939569796
2019-04-13 22:00:00,7399.9316920631945
2019-04-13 22:30:00,7435.73071316074
2019-04-13 23:00:00,7329.741531495964
2019-04-13 23:30:00,7329.741531495964
2019-04-14 00:00:00,7077.253154648711
2019-04-14 00:30:00,7003.154118617759
2019-04-14 01:00:00,6794.022496272218
2019-04-14 01:30:00,6553.699340406749
2019-04-14 02:00:00,6398.29576101436
2019-04-14 02:30:00,6173.046644871342
2019-04-14 03:00:00,6027.535014560987
2019-04-14 03:30:00,5891.382814288273
2019-04-14 04:00:00,5896.15842239016
2019-04-14 04:30:00,5877.150453193692
2019-04-14 05:00:00,5871.442479994478
2019-04-14 05:30:00,5989.294020768536
2019-04-14 06:00:00,6001.112527501404
2019-04-14 06:30:00,6183.191635638865
2019-04-14 07:00:00,6245.353657294795
2019-04-14 07:30:00,6402.455673325392
2019-04-14 08:00:00,6636.014221377863
2019-04-14 08:30:00,6764.298263876369
2019-04-14 09:00:00,6917.592938175627
2019-04-14 09:30:00,6922.066323208771
2019-04-14 10:00:00,6798.594902665849
2019-04-14 10:30:00,6792.505638319513
2019-04-14 11:00:00,6754.626354612097
2019-04-14 11:30:00,6728.520568140077
2019-04-14 12:00:00,6806.853341915306
2019-04-14 12:30:00,6733.606750654874
2019-04-14 13:00:00,6812.145667242272
2019-04-14 13:30:00,6851.348657538797
2019-04-14 14:00:00,6975.859012611569
2019-04-14 14:30:00,6933.024560371408
2019-04-14 15:00:00,7046.757968019256
2019-04-14 15:30:00,7167.883602497935
2019-04-14 16:00:00,7322.836493312829
2019-04-14 16:30:00,7400.821220371948
2019-04-14 17:00:00,7665.550668967217
2019-04-14 17:30:00,7745.776108127018
2019-04-14 18:00:00,8089.370053536949
2019-04-14 18:30:00,8226.669866563852
2019-04-14 19:00:00,8144.883999990712
2019-04-14 19:30:00,7836.5552041024275
2019-04-14 20:00:00,7621.934830672381
2019-04-14 20:30:00,7503.211466579764
2019-04-14 21:00:00,7327.185178081311
2019-04-14 21:30:00,7209.92525372397
2019-04-14 22:00:00,7050.220569119092
2019-04-14 22:30:00,7008.625853519066
2019-04-14 23:00:00,6872.983808760279
2019-04-14 23:30:00,6787.580150574329
2019-04-15 00:00:00,6857.777521814007
2019-04-15 00:30:00,6763.8458261251
2019-04-15 01:00:00,6555.05999888683
2019-04-15 01:30:00,6308.712494659112
2019-04-15 02:00:00,6201.46407276475
2019-04-15 02:30:00,5926.689165377817
2019-04-15 03:00:00,5939.564581733677
2019-04-15 03:30:00,5917.107409656906
2019-04-15 04:00:00,5953.430656949963
2019-04-15 04:30:00,5953.430656949963
2019-04-15 05:00:00,6197.599281665402
2019-04-15 05:30:00,6356.592105192458
2019-04-15 06:00:00,6926.452191136112
2019-04-15 06:30:00,7303.031205294628
2019-04-15 07:00:00,7526.373126627965
2019-04-15 07:30:00,7954.056631613697
2019-04-15 08:00:00,7712.017938283104
2019-04-15 08:30:00,8170.448362100045
2019-04-15 09:00:00,8001.332024070056
2019-04-15 09:30:00,8001.111392776731
2019-04-15 10:00:00,8141.151540446733
2019-04-15 10:30:00,8051.445823344517
2019-04-15 11:00:00,7814.990786257598
2019-04-15 11:30:00,7784.707054785941
2019-04-15 12:00:00,7934.479041110194
2019-04-15 12:30:00,7879.622748925486
2019-04-15 13:00:00,7819.609741020482
2019-04-15 13:30:00,7601.6206398053255
2019-04-15 14:00:00,7646.486223628141
2019-04-15 14:30:00,7832.424838714595
2019-04-15 15:00:00,8023.236618828074
2019-04-15 15:30:00,8173.410816641066
2019-04-15 16:00:00,8289.23608259153
2019-04-15 16:30:00,8487.031703674305
2019-04-15 17:00:00,8593.796070796574
2019-04-15 17:30:00,8763.685033756408
2019-04-15 18:00:00,8973.54397356146
2019-04-15 18:30:00,9186.922626369103
2019-04-15 19:00:00,8777.097713884252
2019-04-15 19:30:00,8527.988871556985
2019-04-15 20:00:00,8395.034674328741
2019-04-15 20:30:00,8172.75880696442
2019-04-15 21:00:00,8125.425569817783
2019-04-15 21:30:00,8004.2427304101975
2019-04-15 22:00:00,7888.885369755251
2019-04-15 22:30:00,7852.091697142667
2019-04-15 23:00:00,7638.8437463105
2019-04-15 23:30:00,7524.897119206672
2019-04-16 00:00:00,7422.060649505098
2019-04-16 00:30:00,7304.484619676301
2019-04-16 01:00:00,7054.071210522076
2019-04-16 01:30:00,6963.346973715932
2019-04-16 02:00:00,6668.901471478281
2019-04-16 02:30:00,6447.400476226313
2019-04-16 03:00:00,6199.154360186587
2019-04-16 03:30:00,6115.756215560933
2019-04-16 04:00:00,6080.052079298451
2019-04-16 04:30:00,6102.2121501140555
2019-04-16 05:00:00,6198.688766426277
2019-04-16 05:30:00,6493.576969177927
2019-04-16 06:00:00,7024.248100919635
2019-04-16 06:30:00,7380.570638627786
2019-04-16 07:00:00,7919.276302041928
2019-04-16 07:30:00,7862.500125974432
2019-04-16 08:00:00,8086.401942066883
2019-04-16 08:30:00,8086.401942066883
2019-04-16 09:00:00,8434.55092121392
2019-04-16 09:30:00,8502.034016808135
2019-04-16 10:00:00,7938.595970412131
2019-04-16 10:30:00,7924.909896470252
2019-04-16 11:00:00,7954.35446359693
2019-04-16 11:30:00,7930.444211690832
2019-04-16 12:00:00,7888.725952244418
2019-04-16 12:30:00,7940.339671206628
2019-04-16 13:00:00,7951.525089535257
2019-04-16 13:30:00,8012.0197050254465
2019-04-16 14:00:00,8087.209017008629
2019-04-16 14:30:00,8087.63586573662
2019-04-16 15:00:00,8093.726510762286
2019-04-16 15:30:00,8275.436510087271
2019-04-16 16:00:00,8291.938649440575
2019-04-16 16:30:00,8482.602268080625
2019-04-16 17:00:00,8473.535952242602
2019-04-16 17:30:00,8617.389282498852
2019-04-16 18:00:00,8877.088021391542
2019-04-16 18:30:00,9020.796473641678
2019-04-16 19:00:00,8851.19514939412
2019-04-16 19:30:00,8592.283195808192
2019-04-16 20:00:00,8391.877682575367
2019-04-16 20:30:00,8166.395067250259
2019-04-16 21:00:00,8094.280399678481
2019-04-16 21:30:00,7935.141446696765
2019-04-16 22:00:00,7818.34583284788
2019-04-16 22:30:00,7887.976599063388
2019-04-16 23:00:00,7709.193520867326
2019-04-16 23:30:00,7648.443651179798
2019-04-17 00:00:00,7462.2553215959415
2019-04-17 00:30:00,7232.927358822006
2019-04-17 01:00:00,7084.403341631638
2019-04-17 01:30:00,6888.2038635495355
2019-04-17 02:00:00,6713.472129250053
2019-04-17 02:30:00,6446.286672760522
2019-04-17 03:00:00,6192.614521937932
2019-04-17 03:30:00,6099.52009337423
2019-04-17 04:00:00,6066.705394734404
2019-04-17 04:30:00,6123.634620920769
2019-04-17 05:00:00,6228.890989781383
2019-04-17 05:30:00,6488.737452577745
2019-04-17 06:00:00,6832.5889247455225
2019-04-17 06:30:00,7141.660245348333
2019-04-17 07:00:00,7640.399455657066
2019-04-17 07:30:00,7710.1680259954865
2019-04-17 08:00:00,7876.976925304562
2019-04-17 08:30:00,7886.943827012323
2019-04-17 09:00:00,8200.190896205093
2019-04-17 09:30:00,8257.36021111394
2019-04-17 10:00:00,7870.394099741614
2019-04-17 10:30:00,7882.4518657049
2019-04-17 11:00:00,7847.460664509399
2019-04-17 11:30:00,7847.460664509399
2019-04-17 12:00:00,7834.033335204176
2019-04-17 12:30:00,7834.033335204176
2019-04-17 13:00:00,7767.723601216672
2019-04-17 13:30:00,7838.283117125611
2019-04-17 14:00:00,7862.319154515662
2019-04-17 14:30:00,7937.705721567609
2019-04-17 15:00:00,8008.692763654968
2019-04-17 15:30:00,8070.827168184861
2019-04-17 16:00:00,8216.964521341084
2019-04-17 16:30:00,8295.665085917874
2019-04-17 17:00:00,8477.388887654786
2019-04-17 17:30:00,8608.175708297791
2019-04-17 18:00:00,8838.587591175137
2019-04-17 18:30:00,9025.216600731545
2019-04-17 19:00:00,8854.398048819687
2019-04-17 19:30:00,8608.264758693731
2019-04-17 20:00:00,8407.689741059281
2019-04-17 20:30:00,8231.231804786543
2019-04-17 21:00:00,8046.660740095385
2019-04-17 21:30:00,7861.113906526576
2019-04-17 22:00:00,7722.067247654289
2019-04-17 22:30:00,7730.591182921741
2019-04-17 23:00:00,7583.640846806093
2019-04-17 23:30:00,7552.844977616698
2019-04-18 00:00:00,7478.248036157521
2019-04-18 00:30:00,7335.756664820003
2019-04-18 01:00:00,7166.046265545068
2019-04-18 01:30:00,6936.866939272445
2019-04-18 02:00:00,6702.837304761812
2019-04-18 02:30:00,6426.3095635981
2019-04-18 03:00:00,6283.763413312722
2019-04-18 03:30:00,6191.381963235611
2019-04-18 04:00:00,6135.338262902911
2019-04-18 04:30:00,6154.346232099379
2019-04-18 05:00:00,6270.810447700629
2019-04-18 05:30:00,6513.648531844525
2019-04-18 06:00:00,6946.999669785942
2019-04-18 06:30:00,7275.363791384519
2019-04-18 07:00:00,7730.4207286582305
2019-04-18 07:30:00,7679.497627279199
2019-04-18 08:00:00,7987.28393554454
2019-04-18 08:30:00,7941.052604510929
2019-04-18 09:00:00,8250.029351934649
2019-04-18 09:30:00,8231.478084794871
2019-04-18 10:00:00,7821.9841378424835
2019-04-18 10:30:00,7913.813760423215
2019-04-18 11:00:00,7891.395634605401
2019-04-18 11:30:00,7856.017308188089
2019-04-18 12:00:00,7898.975906867513
2019-04-18 12:30:00,7862.125190268388
2019-04-18 13:00:00,7952.73789157609
2019-04-18 13:30:00,7853.609937871485
2019-04-18 14:00:00,7991.417401688698
2019-04-18 14:30:00,8089.996123115967
2019-04-18 15:00:00,8139.266904069218
2019-04-18 15:30:00,8270.901728907606
2019-04-18 16:00:00,8416.81577052813
2019-04-18 16:30:00,8474.175277577797
2019-04-18 17:00:00,8645.845985419246
2019-04-18 17:30:00,8798.790058264278
2019-04-18 18:00:00,9025.50961159753
2019-04-18 18:30:00,9168.89950939902
2019-04-18 19:00:00,9034.376998599295
2019-04-18 19:30:00,8779.28202075009
2019-04-18 20:00:00,8536.266978763319
2019-04-18 20:30:00,8432.720212320162
2019-04-18 21:00:00,8253.882878455252
2019-04-18 21:30:00,8051.115786409598
2019-04-18 22:00:00,7869.008856283139
2019-04-18 22:30:00,7929.834619243611
2019-04-18 23:00:00,7734.097776092913
2019-04-18 23:30:00,7680.927500003209
2019-04-19 00:00:00,6976.005841052552
2019-04-19 00:30:00,6862.461667756663
2019-04-19 01:00:00,6854.682547619735
2019-04-19 01:30:00,6691.394867282632
2019-04-19 02:00:00,6429.073591602793
2019-04-19 02:30:00,6209.8915962965975
2019-04-19 03:00:00,6026.964834442825
2019-04-19 03:30:00,5976.727744909595
2019-04-19 04:00:00,5918.918488387225
2019-04-19 04:30:00,5918.918488387225
2019-04-19 05:00:00,5834.713710207797
2019-04-19 05:30:00,6034.508354414438
2019-04-19 06:00:00,6159.173365740234
2019-04-19 06:30:00,6238.637680441579
2019-04-19 07:00:00,6454.405682087546
2019-04-19 07:30:00,6426.431861882612
2019-04-19 08:00:00,6813.042112834122
2019-04-19 08:30:00,6810.706336504818
2019-04-19 09:00:00,7185.860859042015
2019-04-19 09:30:00,7176.882933530433
2019-04-19 10:00:00,6908.4509620903345
2019-04-19 10:30:00,6869.841531922482
2019-04-19 11:00:00,6930.064265591511
2019-04-19 11:30:00,6878.4127992126205
2019-04-19 12:00:00,6995.92363445666
2019-04-19 12:30:00,7019.583439133429
2019-04-19 13:00:00,6983.683005679626
2019-04-19 13:30:00,7108.708832679188
2019-04-19 14:00:00,7033.457581490561
2019-04-19 14:30:00,7033.457581490561
2019-04-19 15:00:00,7184.777873112307
2019-04-19 15:30:00,7243.539126214954
2019-04-19 16:00:00,7194.93889953856
2019-04-19 16:30:00,7291.385553611357
2019-04-19 17:00:00,7315.526877965975
2019-04-19 17:30:00,7381.344772404349
2019-04-19 18:00:00,7486.078589650375
2019-04-19 18:30:00,7476.353945174353
2019-04-19 19:00:00,7540.74964638564
2019-04-19 19:30:00,7376.210338068219
2019-04-19 20:00:00,7298.348186014557
2019-04-19 20:30:00,7177.087343888787
2019-04-19 21:00:00,7100.718326926615
2019-04-19 21:30:00,7035.916380489502
2019-04-19 22:00:00,6892.6319632252325
2019-04-19 22:30:00,6943.732966235376
2019-04-19 23:00:00,6875.267757724159
2019-04-19 23:30:00,6862.736529159079
2019-04-20 00:00:00,7362.876004836371
2019-04-20 00:30:00,7159.828452328421
2019-04-20 01:00:00,6953.675557741704
2019-04-20 01:30:00,6842.063982558587
2019-04-20 02:00:00,6586.634582463872
2019-04-20 02:30:00,6292.121768048878
2019-04-20 03:00:00,6103.09354158995
2019-04-20 03:30:00,5959.044884290575
2019-04-20 04:00:00,5853.809990011596
2019-04-20 04:30:00,5846.329535968764
2019-04-20 05:00:00,5680.571942270473
2019-04-20 05:30:00,5732.168584608845
2019-04-20 06:00:00,5967.7997362695705
2019-04-20 06:30:00,6056.846313716471
2019-04-20 07:00:00,6346.983947920415
2019-04-20 07:30:00,6416.146153452684
2019-04-20 08:00:00,6634.038136467632
2019-04-20 08:30:00,6704.537912288899
2019-04-20 09:00:00,7197.115501753587
2019-04-20 09:30:00,7278.739609868709
2019-04-20 10:00:00,6860.8720036973655
2019-04-20 10:30:00,6909.055170979109
2019-04-20 11:00:00,6795.281225292479
2019-04-20 11:30:00,6775.93320848302
2019-04-20 12:00:00,6771.884750789463
2019-04-20 12:30:00,6767.2146699629
2019-04-20 13:00:00,6818.7629114595775
2019-04-20 13:30:00,6814.092830633014
2019-04-20 14:00:00,6803.411006390085
2019-04-20 14:30:00,6835.001699224201
2019-04-20 15:00:00,6880.434146677958
2019-04-20 15:30:00,7022.421218839786
2019-04-20 16:00:00,7167.7218578084185
2019-04-20 16:30:00,7121.965812441351
2019-04-20 17:00:00,7537.024239354222
2019-04-20 17:30:00,7761.059662738216
2019-04-20 18:00:00,7776.076742318225
2019-04-20 18:30:00,7705.530615110799
2019-04-20 19:00:00,7717.024382525121
2019-04-20 19:30:00,7678.014561790269
2019-04-20 20:00:00,7381.9294662991015
2019-04-20 20:30:00,7258.664895996013
2019-04-20 21:00:00,7088.500581375734
2019-04-20 21:30:00,7029.727642579626
2019-04-20 22:00:00,6941.368613008259
2019-04-20 22:30:00,6996.607274578973
2019-04-20 23:00:00,7029.939053600056
2019-04-20 23:30:00,7029.939053600056
2019-04-21 00:00:00,6745.884931348669
2019-04-21 00:30:00,6562.329438374285
2019-04-21 01:00:00,6516.876107096136
2019-04-21 01:30:00,6364.203403353167
2019-04-21 02:00:00,6135.787369205727
2019-04-21 02:30:00,5920.423022903509
2019-04-21 03:00:00,5708.819587673541
2019-04-21 03:30:00,5644.9173382935605
2019-04-21 04:00:00,5582.136234682105
2019-04-21 04:30:00,5568.911283547345
2019-04-21 05:00:00,5543.466899601934
2019-04-21 05:30:00,5543.466899601934
2019-04-21 06:00:00,5672.667709452981
2019-04-21 06:30:00,5743.521479376391
2019-04-21 07:00:00,5804.360300984407
2019-04-21 07:30:00,5925.136829824397
2019-04-21 08:00:00,6187.192901875621
2019-04-21 08:30:00,6310.726802155182
2019-04-21 09:00:00,6385.521691410454
2019-04-21 09:30:00,6556.254405388872
2019-04-21 10:00:00,6458.423536134213
2019-04-21 10:30:00,6454.206672147628
2019-04-21 11:00:00,6419.013305282771
2019-04-21 11:30:00,6419.013305282771
2019-04-21 12:00:00,6499.377278313405
2019-04-21 12:30:00,6484.349890189294
2019-04-21 13:00:00,6487.503387329615
2019-04-21 13:30:00,6607.18337710754
2019-04-21 14:00:00,6678.329024082775
2019-04-21 14:30:00,6721.432687894277
2019-04-21 15:00:00,6831.000632460815
2019-04-21 15:30:00,6885.604715650125
2019-04-21 16:00:00,7023.245708409965
2019-04-21 16:30:00,7258.338127173315
2019-04-21 17:00:00,7486.525808179638
2019-04-21 17:30:00,7578.157317106258
2019-04-21 18:00:00,7726.259279731619
2019-04-21 18:30:00,7846.766907950281
2019-04-21 19:00:00,7801.1173741272905
2019-04-21 19:30:00,7728.93059531665
2019-04-21 20:00:00,7483.0446047540745
2019-04-21 20:30:00,7431.772151629764
2019-04-21 21:00:00,7246.215264905726
2019-04-21 21:30:00,7162.557539626345
2019-04-21 22:00:00,6882.235955662566
2019-04-21 22:30:00,6882.235955662566
2019-04-21 23:00:00,6747.11096883976
2019-04-21 23:30:00,6747.11096883976
2019-04-22 00:00:00,6721.406973443205
2019-04-22 00:30:00,6530.669866895389
2019-04-22 01:00:00,6459.3846092855865
2019-04-22 01:30:00,6231.5118639445645
2019-04-22 02:00:00,6012.728255869353
2019-04-22 02:30:00,5769.168708236037
2019-04-22 03:00:00,5764.335250839812
2019-04-22 03:30:00,5704.127951346862
2019-04-22 04:00:00,5667.670437153091
2019-04-22 04:30:00,5667.670437153091
2019-04-22 05:00:00,5718.377838658064
2019-04-22 05:30:00,5781.698730936577
2019-04-22 06:00:00,5885.2033729907425
2019-04-22 06:30:00,5943.903195067058
2019-04-22 07:00:00,6037.142956295184
2019-04-22 07:30:00,6362.419968675337
2019-04-22 08:00:00,6332.897120740756
2019-04-22 08:30:00,6569.282657122666
2019-04-22 09:00:00,6625.161726291825
2019-04-22 09:30:00,6647.176718711515
2019-04-22 10:00:00,6893.183544237007
2019-04-22 10:30:00,6865.402388354013
2019-04-22 11:00:00,6775.392774472407
2019-04-22 11:30:00,6633.038041756258
2019-04-22 12:00:00,6731.50307916689
2019-04-22 12:30:00,6751.727540151767
2019-04-22 13:00:00,6899.663503297219
2019-04-22 13:30:00,6949.447195992615
2019-04-22 14:00:00,7047.96709466826
2019-04-22 14:30:00,7043.232234808129
2019-04-22 15:00:00,7189.478387644229
2019-04-22 15:30:00,7473.544731109739
2019-04-22 16:00:00,7563.04097260409
2019-04-22 16:30:00,7632.678386109361
2019-04-22 17:00:00,7687.012349340511
2019-04-22 17:30:00,7738.140645408127
2019-04-22 18:00:00,8000.617057113887
2019-04-22 18:30:00,8094.931310958036
2019-04-22 19:00:00,7942.7900105566905
2019-04-22 19:30:00,7832.759741188216
2019-04-22 20:00:00,7492.900295089289
2019-04-22 20:30:00,7439.21628938447
2019-04-22 21:00:00,7414.0260412531
2019-04-22 21:30:00,7196.939210407388
2019-04-22 22:00:00,7099.880097799808
2019-04-22 22:30:00,7204.453972276767
2019-04-22 23:00:00,7221.829947835069
2019-04-22 23:30:00,7064.68344435909
2019-04-23 00:00:00,7367.264112608377
2019-04-23 00:30:00,7121.272298803433
2019-04-23 01:00:00,6948.140486620808
2019-04-23 01:30:00,6796.316485002933
2019-04-23 02:00:00,6525.144412675208
2019-04-23 02:30:00,6276.464634282555
2019-04-23 03:00:00,6045.516340341309
2019-04-23 03:30:00,5990.682290070781
2019-04-23 04:00:00,5962.9387354222845
2019-04-23 04:30:00,5958.407509201379
2019-04-23 05:00:00,6060.029154659243
2019-04-23 05:30:00,6161.316302876451
2019-04-23 06:00:00,6661.006836149577
2019-04-23 06:30:00,6714.056657576784
2019-04-23 07:00:00,7349.207831027995
2019-04-23 07:30:00,7424.577928701901
2019-04-23 08:00:00,7671.360539570446
2019-04-23 08:30:00,8119.967999883284
2019-04-23 09:00:00,8126.774108126415
2019-04-23 09:30:00,8259.667894453194
2019-04-23 10:00:00,7842.478194531669
2019-04-23 10:30:00,7854.915156382231
2019-04-23 11:00:00,7760.7258709599955
2019-04-23 11:30:00,7756.046213250889
2019-04-23 12:00:00,7664.351121592495
2019-04-23 12:30:00,7653.53664982922
2019-04-23 13:00:00,7824.712180369104
2019-04-23 13:30:00,7874.646872721947
2019-04-23 14:00:00,7905.4411803941475
2019-04-23 14:30:00,7938.071201700521
2019-04-23 15:00:00,7963.863506224915
2019-04-23 15:30:00,7922.945032350451
2019-04-23 16:00:00,8025.728948988895
2019-04-23 16:30:00,8114.497239550794
2019-04-23 17:00:00,8287.106978524209
2019-04-23 17:30:00,8378.1715640788
2019-04-23 18:00:00,8505.722756507672
2019-04-23 18:30:00,8572.873481225899
2019-04-23 19:00:00,8382.349770182303
2019-04-23 19:30:00,8248.959434715653
2019-04-23 20:00:00,8069.467443570659
2019-04-23 20:30:00,7871.190549285837
2019-04-23 21:00:00,7683.184636506736
2019-04-23 21:30:00,7649.234868926785
2019-04-23 22:00:00,7550.522903076646
2019-04-23 22:30:00,7590.311924067246
2019-04-23 23:00:00,7480.804750995987
2019-04-23 23:30:00,7420.9005980547945
2019-04-24 00:00:00,7119.603450192897
2019-04-24 00:30:00,6980.05793144478
2019-04-24 01:00:00,6890.701421859925
2019-04-24 01:30:00,6678.560016731527
2019-04-24 02:00:00,6495.155387986511
2019-04-24 02:30:00,6201.381876193655
2019-04-24 03:00:00,6026.364148465286
2019-04-24 03:30:00,5946.738983431024
2019-04-24 04:00:00,5970.4817698939
2019-04-24 04:30:00,5970.4817698939
2019-04-24 05:00:00,6096.1098688291895
2019-04-24 05:30:00,6223.793988922487
2019-04-24 06:00:00,6611.708107539589
2019-04-24 06:30:00,6871.570354406243
2019-04-24 07:00:00,7336.999353723879
2019-04-24 07:30:00,7613.0458433956655
2019-04-24 08:00:00,7801.4198976365815
2019-04-24 08:30:00,7798.184225231822
2019-04-24 09:00:00,8208.845759213948
2019-04-24 09:30:00,8187.516316265639
2019-04-24 10:00:00,7994.933379071839
2019-04-24 10:30:00,8069.923321804112
2019-04-24 11:00:00,7978.581548382695
2019-04-24 11:30:00,7945.147533532947
2019-04-24 12:00:00,7973.067601036933
2019-04-24 12:30:00,7933.886467350264
2019-04-24 13:00:00,7997.751095984815
2019-04-24 13:30:00,8071.467381102107
2019-04-24 14:00:00,8038.243952583709
2019-04-24 14:30:00,8082.679154022484
2019-04-24 15:00:00,8120.948748386708
2019-04-24 15:30:00,8151.091053320148
2019-04-24 16:00:00,8375.203888601965
2019-04-24 16:30:00,8404.643569233951
2019-04-24 17:00:00,8513.2188691913
2019-04-24 17:30:00,8625.466996140301
2019-04-24 18:00:00,8922.742343855141
2019-04-24 18:30:00,8857.916943505781
2019-04-24 19:00:00,8710.28128441718
2019-04-24 19:30:00,8450.398062583834
2019-04-24 20:00:00,8264.888626654823
2019-04-24 20:30:00,8106.556736047946
2019-04-24 21:00:00,7933.7616942330305
2019-04-24 21:30:00,7738.414399308151
2019-04-24 22:00:00,7592.913418033952
2019-04-24 22:30:00,7651.951615287966
2019-04-24 23:00:00,7481.250150350175
2019-04-24 23:30:00,7372.0810005426765
2019-04-25 00:00:00,6947.65201568919
2019-04-25 00:30:00,6879.261403864024
2019-04-25 01:00:00,6780.643468416519
2019-04-25 01:30:00,6657.370395430529
2019-04-25 02:00:00,6363.395948652881
2019-04-25 02:30:00,6186.9529627778775
2019-04-25 03:00:00,5965.283773693167
2019-04-25 03:30:00,5939.757690113722
2019-04-25 04:00:00,5850.695911661057
2019-04-25 04:30:00,5863.844022244844
2019-04-25 05:00:00,5801.340518354874
2019-04-25 05:30:00,5951.646675857725
2019-04-25 06:00:00,6164.6150671041005
2019-04-25 06:30:00,6347.231587642547
2019-04-25 07:00:00,6364.869473131596
2019-04-25 07:30:00,6434.447653725968
2019-04-25 08:00:00,6856.0986979355575
2019-04-25 08:30:00,6844.214863417135
2019-04-25 09:00:00,7453.60553794779
2019-04-25 09:30:00,7370.156839289801
2019-04-25 10:00:00,7264.479078436032
2019-04-25 10:30:00,7181.429122717002
2019-04-25 11:00:00,7171.264527663909
2019-04-25 11:30:00,7114.26235057741
2019-04-25 12:00:00,7183.686123426984
2019-04-25 12:30:00,7124.647926172971
2019-04-25 13:00:00,7150.455454326387
2019-04-25 13:30:00,7280.70833447007
2019-04-25 14:00:00,7268.557621001896
2019-04-25 14:30:00,7321.109340770332
2019-04-25 15:00:00,7245.340697156363
2019-04-25 15:30:00,7277.169143373568
2019-04-25 16:00:00,7376.328532568622
2019-04-25 16:30:00,7457.985734668124
2019-04-25 17:00:00,7620.162983152247
2019-04-25 17:30:00,7659.611469635273
2019-04-25 18:00:00,7983.884487510326
2019-04-25 18:30:00,8025.203700432152
2019-04-25 19:00:00,7842.77426475131
2019-04-25 19:30:00,7776.468661078828
2019-04-25 20:00:00,7409.938788197051
2019-04-25 20:30:00,7312.005520673602
2019-04-25 21:00:00,7211.339116115095
2019-04-25 21:30:00,7154.336939028596
2019-04-25 22:00:00,7025.015512226509
2019-04-25 22:30:00,7072.939266624117
2019-04-25 23:00:00,7017.91853553715
2019-04-25 23:30:00,7021.312912678488
2019-04-26 00:00:00,7356.0189836973095
2019-04-26 00:30:00,7194.156051499527
2019-04-26 01:00:00,7010.059338631987
2019-04-26 01:30:00,6898.208103979573
2019-04-26 02:00:00,6613.49126063631
2019-04-26 02:30:00,6311.5053971807965
2019-04-26 03:00:00,6133.451049998148
2019-04-26 03:30:00,6056.058788852771
2019-04-26 04:00:00,5999.862795825269
2019-04-26 04:30:00,5990.520511151087
2019-04-26 05:00:00,6075.868144819115
2019-04-26 05:30:00,6123.622010727158
2019-04-26 06:00:00,6519.986648118871
2019-04-26 06:30:00,6480.737777288874
2019-04-26 07:00:00,7235.374605593326
2019-04-26 07:30:00,7238.768982734664
2019-04-26 08:00:00,7229.405862268359
2019-04-26 08:30:00,7368.392646494065
2019-04-26 09:00:00,7405.676423146004
2019-04-26 09:30:00,7436.070349770228
2019-04-26 10:00:00,6962.269637174102
2019-04-26 10:30:00,7068.246145625565
2019-04-26 11:00:00,6922.661998437409
2019-04-26 11:30:00,6956.891423715454
2019-04-26 12:00:00,7027.049905751812
2019-04-26 12:30:00,7080.076238415147
2019-04-26 13:00:00,7145.404696325977
2019-04-26 13:30:00,7213.877920896596
2019-04-26 14:00:00,7297.560592124314
2019-04-26 14:30:00,7330.842803199479
2019-04-26 15:00:00,7341.70370883925
2019-04-26 15:30:00,7412.330917073903
2019-04-26 16:00:00,7514.869571105994
2019-04-26 16:30:00,7628.256129165095
2019-04-26 17:00:00,7819.549425211956
2019-04-26 17:30:00,7928.877498317583
2019-04-26 18:00:00,8113.906102181573
2019-04-26 18:30:00,8214.45035378212
2019-04-26 19:00:00,8024.851853169319
2019-04-26 19:30:00,7724.434350577169
2019-04-26 20:00:00,7631.120031693879
2019-04-26 20:30:00,7622.596096426427
2019-04-26 21:00:00,7526.971614277203
2019-04-26 21:30:00,7312.010981175313
2019-04-26 22:00:00,7235.455203346286
2019-04-26 22:30:00,7235.455203346286
2019-04-26 23:00:00,7132.621548287617
2019-04-26 23:30:00,7089.631847578424
2019-04-27 00:00:00,7004.626028711317
2019-04-27 00:30:00,6898.48199063857
2019-04-27 01:00:00,6651.653130571353
2019-04-27 01:30:00,6524.168980683217
2019-04-27 02:00:00,6265.231460963736
2019-04-27 02:30:00,6015.106334122634
2019-04-27 03:00:00,5840.273062191319
2019-04-27 03:30:00,5726.038703704362
2019-04-27 04:00:00,5702.200089686261
2019-04-27 04:30:00,5702.200089686261
2019-04-27 05:00:00,5619.061852896098
2019-04-27 05:30:00,5680.092694984826
2019-04-27 06:00:00,6034.291289097155
2019-04-27 06:30:00,6338.773721655434
2019-04-27 07:00:00,6761.719849351057
2019-04-27 07:30:00,6756.482313188548
2019-04-27 08:00:00,7040.523241160627
2019-04-27 08:30:00,7134.163484822014
2019-04-27 09:00:00,7675.453312487789
2019-04-27 09:30:00,7736.573184115467
2019-04-27 10:00:00,7306.491509021954
2019-04-27 10:30:00,7281.6088217598035
2019-04-27 11:00:00,7244.562300553509
2019-04-27 11:30:00,7214.32890258375
2019-04-27 12:00:00,7083.679791800604
2019-04-27 12:30:00,7038.917015224166
2019-04-27 13:00:00,7138.995129401026
2019-04-27 13:30:00,7124.982909734285
2019-04-27 14:00:00,7071.402304055948
2019-04-27 14:30:00,7064.0024946571875
2019-04-27 15:00:00,7192.282595404093
2019-04-27 15:30:00,7273.542815747004
2019-04-27 16:00:00,7327.516537566587
2019-04-27 16:30:00,7419.1505687035105
2019-04-27 17:00:00,7533.165550900679
2019-04-27 17:30:00,7712.217466906108
2019-04-27 18:00:00,8048.284719692922
2019-04-27 18:30:00,7942.503532076603
2019-04-27 19:00:00,7817.092481504284
2019-04-27 19:30:00,7633.932629068754
2019-04-27 20:00:00,7486.278478045854
2019-04-27 20:30:00,7467.825903351926
2019-04-27 21:00:00,7198.320782097024
2019-04-27 21:30:00,7145.853326068747
2019-04-27 22:00:00,7091.416783694394
2019-04-27 22:30:00,7142.154852414395
2019-04-27 23:00:00,7088.070332172718
2019-04-27 23:30:00,7054.468133094758
2019-04-28 00:00:00,6960.822200558148
2019-04-28 00:30:00,6843.562276200807
2019-04-28 01:00:00,6644.124155686534
2019-04-28 01:30:00,6447.7281213168535
2019-04-28 02:00:00,6254.296612273132
2019-04-28 02:30:00,6076.154853783456
2019-04-28 03:00:00,5941.708812658954
2019-04-28 03:30:00,5810.7022593929105
2019-04-28 04:00:00,5795.514606758603
2019-04-28 04:30:00,5755.808645097286
2019-04-28 05:00:00,5801.533333398376
2019-04-28 05:30:00,5872.387103321786
2019-04-28 06:00:00,5947.6631250700875
2019-04-28 06:30:00,6079.4450822924855
2019-04-28 07:00:00,6149.7862390135315
2019-04-28 07:30:00,6251.190408902693
2019-04-28 08:00:00,6641.92656409553
2019-04-28 08:30:00,6571.107744102354
2019-04-28 09:00:00,6800.595909995188
2019-04-28 09:30:00,6800.595909995188
2019-04-28 10:00:00,6694.861834912509
2019-04-28 10:30:00,6666.449981865163
2019-04-28 11:00:00,6594.169220436531
2019-04-28 11:30:00,6385.985310629458
2019-04-28 12:00:00,6509.592445147543
2019-04-28 12:30:00,6460.954633125149
2019-04-28 13:00:00,6497.465583022659
2019-04-28 13:30:00,6431.900857013147
2019-04-28 14:00:00,6446.018193175924
2019-04-28 14:30:00,6511.582919185436
2019-04-28 15:00:00,6623.645707185037
2019-04-28 15:30:00,6778.024015742925
2019-04-28 16:00:00,7018.14674938521
2019-04-28 16:30:00,7125.667892174826
2019-04-28 17:00:00,7411.649820416979
2019-04-28 17:30:00,7662.747675157978
2019-04-28 18:00:00,8152.984049780901
2019-04-28 18:30:00,8241.67238369522
2019-04-28 19:00:00,8148.1144956836115
2019-04-28 19:30:00,7924.878373294806
2019-04-28 20:00:00,7735.301505153174
2019-04-28 20:30:00,7658.874068079925
2019-04-28 21:00:00,7456.229022879628
2019-04-28 21:30:00,7436.315334572255
2019-04-28 22:00:00,7172.994236590945
2019-04-28 22:30:00,7172.714259043006
2019-04-28 23:00:00,7025.076751250676
2019-04-28 23:30:00,7025.076751250676
2019-04-29 00:00:00,7075.565493328609
2019-04-29 00:30:00,6851.178846838194
2019-04-29 01:00:00,6723.347473269862
2019-04-29 01:30:00,6502.386696918232
2019-04-29 02:00:00,6382.1342215194645
2019-04-29 02:30:00,6128.678282563409
2019-04-29 03:00:00,6048.07939079788
2019-04-29 03:30:00,5995.870296144319
2019-04-29 04:00:00,6113.145812274594
2019-04-29 04:30:00,6022.306817091784
2019-04-29 05:00:00,6294.277808965467
2019-04-29 05:30:00,6396.474611800117
2019-04-29 06:00:00,6876.1028115184845
2019-04-29 06:30:00,7276.36684312707
2019-04-29 07:00:00,7927.037968999537
2019-04-29 07:30:00,8403.155697378106
2019-04-29 08:00:00,8220.887589023827
2019-04-29 08:30:00,8063.790583434631
2019-04-29 09:00:00,7705.593014826535
2019-04-29 09:30:00,7729.2470678990885
2019-04-29 10:00:00,7738.565087454608
2019-04-29 10:30:00,7655.361647084745
2019-04-29 11:00:00,7340.966030999246
2019-04-29 11:30:00,7208.942569847756
2019-04-29 12:00:00,7105.725857857852
2019-04-29 12:30:00,7261.69012546635
2019-04-29 13:00:00,7225.730430360839
2019-04-29 13:30:00,7190.004676119461
2019-04-29 14:00:00,7399.754733356829
2019-04-29 14:30:00,7457.812938232319
2019-04-29 15:00:00,7671.8727233522195
2019-04-29 15:30:00,7831.398245777148
2019-04-29 16:00:00,8206.687561364612
2019-04-29 16:30:00,8478.460501539206
2019-04-29 17:00:00,8623.850167476276
2019-04-29 17:30:00,8839.742119483184
2019-04-29 18:00:00,9324.07309464233
2019-04-29 18:30:00,9610.148197343948
2019-04-29 19:00:00,9107.138632956352
2019-04-29 19:30:00,8913.98502295718
2019-04-29 20:00:00,8693.578245053715
2019-04-29 20:30:00,8548.97518215746
2019-04-29 21:00:00,8267.942943556878
2019-04-29 21:30:00,8213.05798418147
2019-04-29 22:00:00,8067.599127586415
2019-04-29 22:30:00,8058.45460816529
2019-04-29 23:00:00,7966.086850899041
2019-04-29 23:30:00,7847.4105969482625
2019-04-30 00:00:00,7727.564387389882
2019-04-30 00:30:00,7530.874774494761
2019-04-30 01:00:00,7348.597472361783
2019-04-30 01:30:00,7071.456572676612
2019-04-30 02:00:00,6907.975174221564
2019-04-30 02:30:00,6637.804485462486
2019-04-30 03:00:00,6420.05342364718
2019-04-30 03:30:00,6311.5470067180995
2019-04-30 04:00:00,6200.419423489203
2019-04-30 04:30:00,6338.835954419523
2019-04-30 05:00:00,6456.450036705603
2019-04-30 05:30:00,6727.0508610763
2019-04-30 06:00:00,7319.28134941663
2019-04-30 06:30:00,7689.449911666086
2019-04-30 07:00:00,8156.657944266994
2019-04-30 07:30:00,8345.731699635988
2019-04-30 08:00:00,8410.552259350927
2019-04-30 08:30:00,8412.413881774686
2019-04-30 09:00:00,8324.97395589403
2019-04-30 09:30:00,8230.218385070339
2019-04-30 10:00:00,8140.529197955759
2019-04-30 10:30:00,8125.0880280691945
2019-04-30 11:00:00,8226.08073089975
2019-04-30 11:30:00,8023.262571029999
2019-04-30 12:00:00,8031.393798299962
2019-04-30 12:30:00,7984.483755805403
2019-04-30 13:00:00,8055.928140904483
2019-04-30 13:30:00,8052.82115893664
2019-04-30 14:00:00,8076.353375886402
2019-04-30 14:30:00,8200.938438311525
2019-04-30 15:00:00,8248.965427818966
2019-04-30 15:30:00,8267.988944549144
2019-04-30 16:00:00,8398.908030454717
2019-04-30 16:30:00,8431.010246087464
2019-04-30 17:00:00,8602.577032418123
2019-04-30 17:30:00,8853.081896973612
2019-04-30 18:00:00,9244.664694885467
2019-04-30 18:30:00,9242.635780079057
2019-04-30 19:00:00,9176.533828892356
2019-04-30 19:30:00,8875.813024221694
2019-04-30 20:00:00,8645.064142264226
2019-04-30 20:30:00,8476.197751517737
2019-04-30 21:00:00,8325.486443547408
2019-04-30 21:30:00,8178.385321328299
2019-04-30 22:00:00,8032.818562958973
2019-04-30 22:30:00,8098.340907173758
2019-04-30 23:00:00,7845.1343903090055
2019-04-30 23:30:00,7836.610455041553
2019-05-01 00:00:00,7736.514849632039
2019-05-01 00:30:00,7533.849832991665
2019-05-01 01:00:00,7322.067455055676
2019-05-01 01:30:00,7096.35847818639
2019-05-01 02:00:00,6915.883345116694
2019-05-01 02:30:00,6651.162843878264
2019-05-01 03:00:00,6492.979929265999
2019-05-01 03:30:00,6373.69237304917
2019-05-01 04:00:00,6278.737848545059
2019-05-01 04:30:00,6270.803826246895
2019-05-01 05:00:00,6409.154270065896
2019-05-01 05:30:00,6708.3036280458455
2019-05-01 06:00:00,6962.962696054484
2019-05-01 06:30:00,7519.948297727547
2019-05-01 07:00:00,8033.1370558330955
2019-05-01 07:30:00,8285.898361309062
2019-05-01 08:00:00,8330.2778871821
2019-05-01 08:30:00,8233.994823740724
2019-05-01 09:00:00,8094.275989217919
2019-05-01 09:30:00,8207.600011125594
2019-05-01 10:00:00,7911.454366226391
2019-05-01 10:30:00,7957.446926829825
2019-05-01 11:00:00,7759.777825810617
2019-05-01 11:30:00,7753.296608323613
2019-05-01 12:00:00,7715.766262244792
2019-05-01 12:30:00,7645.056520040963
2019-05-01 13:00:00,7670.90746571334
2019-05-01 13:30:00,7800.505178876292
2019-05-01 14:00:00,7920.648600585816
2019-05-01 14:30:00,7958.392127299934
2019-05-01 15:00:00,8058.109113906354
2019-05-01 15:30:00,8102.544315345129
2019-05-01 16:00:00,8280.385465517365
2019-05-01 16:30:00,8392.851274734865
2019-05-01 17:00:00,8523.582742485178
2019-05-01 17:30:00,8820.554574014548
2019-05-01 18:00:00,9218.892250060628
2019-05-01 18:30:00,9157.737813960213
2019-05-01 19:00:00,9079.835464778524
2019-05-01 19:30:00,8790.83820584574
2019-05-01 20:00:00,8615.850164282647
2019-05-01 20:30:00,8469.102461018207
2019-05-01 21:00:00,8241.62920297854
2019-05-01 21:30:00,8070.975521081784
2019-05-01 22:00:00,7866.412559396244
2019-05-01 22:30:00,7874.969129848693
2019-05-01 23:00:00,7730.305491725839
2019-05-01 23:30:00,7600.707778562886
2019-05-02 00:00:00,7663.934602010158
2019-05-02 00:30:00,7473.003915970371
2019-05-02 01:00:00,7173.352299501162
2019-05-02 01:30:00,6973.29271288815
2019-05-02 02:00:00,6841.32244100277
2019-05-02 02:30:00,6576.543755180902
2019-05-02 03:00:00,6390.089197106836
2019-05-02 03:30:00,6294.730914616181
2019-05-02 04:00:00,6167.476607560199
2019-05-02 04:30:00,6231.519137987639
2019-05-02 05:00:00,6332.84412406311
2019-05-02 05:30:00,6594.505503696677
2019-05-02 06:00:00,6896.676922988889
2019-05-02 06:30:00,7417.992064400775
2019-05-02 07:00:00,7857.023014411041
2019-05-02 07:30:00,8040.98481921016
2019-05-02 08:00:00,8316.562165765006
2019-05-02 08:30:00,8329.877810447768
2019-05-02 09:00:00,8318.182830684449
2019-05-02 09:30:00,8276.639418913535
2019-05-02 10:00:00,8288.286891188169
2019-05-02 10:30:00,8299.96654882566
2019-05-02 11:00:00,8265.998900991202
2019-05-02 11:30:00,8204.578826989653
2019-05-02 12:00:00,8170.600475782024
2019-05-02 12:30:00,8088.406073841785
2019-05-02 13:00:00,7999.546200861748
2019-05-02 13:30:00,8032.9802157114955
2019-05-02 14:00:00,8131.6365753148175
2019-05-02 14:30:00,8259.521083951522
2019-05-02 15:00:00,8258.63896859658
2019-05-02 15:30:00,8258.63896859658
2019-05-02 16:00:00,8490.311141825376
2019-05-02 16:30:00,8583.741188337026
2019-05-02 17:00:00,8775.520834587634
2019-05-02 17:30:00,8998.288997785086
2019-05-02 18:00:00,9302.84361621377
2019-05-02 18:30:00,9244.450509772436
2019-05-02 19:00:00,9074.152601966052
2019-05-02 19:30:00,8858.441902434986
2019-05-02 20:00:00,8604.636628796938
2019-05-02 20:30:00,8478.284719559906
2019-05-02 21:00:00,8243.672392790362
2019-05-02 21:30:00,8106.872147160459
2019-05-02 22:00:00,7881.545800406385
2019-05-02 22:30:00,7892.838932252698
2019-05-02 23:00:00,7759.20256308988
2019-05-02 23:30:00,7688.643047180941
2019-05-03 00:00:00,7611.203152081281
2019-05-03 00:30:00,7479.310663295507
2019-05-03 01:00:00,7257.732702693582
2019-05-03 01:30:00,7064.051936771984
2019-05-03 02:00:00,6805.197551824068
2019-05-03 02:30:00,6594.385485593069
2019-05-03 03:00:00,6380.684069277716
2019-05-03 03:30:00,6248.328843818503
2019-05-03 04:00:00,6201.412411120612
2019-05-03 04:30:00,6200.275562041044
2019-05-03 05:00:00,6326.374537566532
2019-05-03 05:30:00,6588.035917200099
2019-05-03 06:00:00,6912.240048604876
2019-05-03 06:30:00,7408.651365405377
2019-05-03 07:00:00,7936.318781965718
2019-05-03 07:30:00,8073.309212203463
2019-05-03 08:00:00,8239.157223015709
2019-05-03 08:30:00,8333.252500592314
2019-05-03 09:00:00,8295.217044220284
2019-05-03 09:30:00,8373.82679528268
2019-05-03 10:00:00,8218.008850558885
2019-05-03 10:30:00,8135.710274269162
2019-05-03 11:00:00,8192.402806239103
2019-05-03 11:30:00,8192.402806239103
2019-05-03 12:00:00,8146.876134365647
2019-05-03 12:30:00,8146.876134365647
2019-05-03 13:00:00,8253.22098052935
2019-05-03 13:30:00,8365.866392126452
2019-05-03 14:00:00,8399.168656617554
2019-05-03 14:30:00,8410.745566354859
2019-05-03 15:00:00,8447.383038588245
2019-05-03 15:30:00,8415.581145869335
2019-05-03 16:00:00,8503.029302031056
2019-05-03 16:30:00,8602.689656004542
2019-05-03 17:00:00,8645.795697809308
2019-05-03 17:30:00,8914.293655890486
2019-05-03 18:00:00,9085.362859866713
2019-05-03 18:30:00,9063.068028980973
2019-05-03 19:00:00,8854.316058174998
2019-05-03 19:30:00,8561.220060395024
2019-05-03 20:00:00,8392.30875723952
2019-05-03 20:30:00,8242.400977942621
2019-05-03 21:00:00,8183.161162042761
2019-05-03 21:30:00,7919.286686206159
2019-05-03 22:00:00,7926.40273507459
2019-05-03 22:30:00,7921.343743576779
2019-05-03 23:00:00,7740.589662862344
2019-05-03 23:30:00,7661.506211685953
2019-05-04 00:00:00,7382.114977324767
2019-05-04 00:30:00,7226.287979735917
2019-05-04 01:00:00,7073.248550313129
2019-05-04 01:30:00,6909.449381615833
2019-05-04 02:00:00,6566.676811977437
2019-05-04 02:30:00,6367.244151245637
2019-05-04 03:00:00,6178.7554731587525
2019-05-04 03:30:00,5980.141747326836
2019-05-04 04:00:00,5908.179025004879
2019-05-04 04:30:00,5915.0927629730695
2019-05-04 05:00:00,5877.897774251681
2019-05-04 05:30:00,6057.964974470016
2019-05-04 06:00:00,6346.897150424918
2019-05-04 06:30:00,6539.370793392469
2019-05-04 07:00:00,6881.464753409537
2019-05-04 07:30:00,6957.359166809236
2019-05-04 08:00:00,7419.3012667358225
2019-05-04 08:30:00,7546.620167888545
2019-05-04 09:00:00,7651.771836034481
2019-05-04 09:30:00,7607.4135215144715
2019-05-04 10:00:00,7664.793808706402
2019-05-04 10:30:00,7629.20519081817
2019-05-04 11:00:00,7700.174381338131
2019-05-04 11:30:00,7724.0295622937065
2019-05-04 12:00:00,7786.185908463059
2019-05-04 12:30:00,7719.291706261078
2019-05-04 13:00:00,7672.539043958028
2019-05-04 13:30:00,7606.768001906477
2019-05-04 14:00:00,7589.243451217549
2019-05-04 14:30:00,7589.243451217549
2019-05-04 15:00:00,7610.149742605902
2019-05-04 15:30:00,7597.374942645301
2019-05-04 16:00:00,7669.373377422953
2019-05-04 16:30:00,7700.9903851638
2019-05-04 17:00:00,7873.290307057057
2019-05-04 17:30:00,7916.969187723614
2019-05-04 18:00:00,8323.536022706032
2019-05-04 18:30:00,8241.546071190847
2019-05-04 19:00:00,8108.482050849203
2019-05-04 19:30:00,7881.223940102496
2019-05-04 20:00:00,7616.220187480586
2019-05-04 20:30:00,7618.695263907622
2019-05-04 21:00:00,7496.950552441649
2019-05-04 21:30:00,7477.958535607468
2019-05-04 22:00:00,7391.320039791641
2019-05-04 22:30:00,7429.462141355491
2019-05-04 23:00:00,7389.172807583296
2019-05-04 23:30:00,7359.330433992704
2019-05-05 00:00:00,7203.694181899332
2019-05-05 00:30:00,7110.262414148004
2019-05-05 01:00:00,6891.470699717847
2019-05-05 01:30:00,6723.053656374735
2019-05-05 02:00:00,6485.143966101698
2019-05-05 02:30:00,6259.014936275715
2019-05-05 03:00:00,6095.525511163083
2019-05-05 03:30:00,5965.672703005272
2019-05-05 04:00:00,5897.803892760074
2019-05-05 04:30:00,5891.647641837445
2019-05-05 05:00:00,5920.414784958557
2019-05-05 05:30:00,5962.059310383883
2019-05-05 06:00:00,6020.1291172165065
2019-05-05 06:30:00,6204.978334804041
2019-05-05 07:00:00,6243.207661064779
2019-05-05 07:30:00,6489.439857114625
2019-05-05 08:00:00,6770.531720892763
2019-05-05 08:30:00,6940.532618388128
2019-05-05 09:00:00,7113.240652393452
2019-05-05 09:30:00,7289.885384424566
2019-05-05 10:00:00,7300.817231021532
2019-05-05 10:30:00,7256.50965939796
2019-05-05 11:00:00,7122.699799025061
2019-05-05 11:30:00,6999.78054502736
2019-05-05 12:00:00,6954.894476997485
2019-05-05 12:30:00,6854.048725204016
2019-05-05 13:00:00,6912.516769034619
2019-05-05 13:30:00,6855.862809700634
2019-05-05 14:00:00,6912.115895975611
2019-05-05 14:30:00,6972.107890526231
2019-05-05 15:00:00,6960.106281841715
2019-05-05 15:30:00,7094.583031312811
2019-05-05 16:00:00,7266.067725544365
2019-05-05 16:30:00,7439.8792918079025
2019-05-05 17:00:00,7720.392552879847
2019-05-05 17:30:00,7975.009396160128
2019-05-05 18:00:00,8415.855399921107
2019-05-05 18:30:00,8419.572946132968
2019-05-05 19:00:00,8425.241017588314
2019-05-05 19:30:00,8215.05982912652
2019-05-05 20:00:00,8016.291443126599
2019-05-05 20:30:00,7828.76041541564
2019-05-05 21:00:00,7575.961050567956
2019-05-05 21:30:00,7490.307847787365
2019-05-05 22:00:00,7282.822006163711
2019-05-05 22:30:00,7289.142098745351
2019-05-05 23:00:00,7087.898585107785
2019-05-05 23:30:00,7035.412621884182
2019-05-06 00:00:00,7063.345558210376
2019-05-06 00:30:00,6855.045913843253
2019-05-06 01:00:00,6749.819725774479
2019-05-06 01:30:00,6596.2378568007825
2019-05-06 02:00:00,6493.232267972381
2019-05-06 02:30:00,6178.8027905930085
2019-05-06 03:00:00,6030.549000639319
2019-05-06 03:30:00,5981.869063117887
2019-05-06 04:00:00,6010.229904368779
2019-05-06 04:30:00,6010.229904368779
2019-05-06 05:00:00,6405.737078978993
2019-05-06 05:30:00,6456.68584426958
2019-05-06 06:00:00,7001.817737053372
2019-05-06 06:30:00,7370.678043834867
2019-05-06 07:00:00,8179.682058241086
2019-05-06 07:30:00,8353.299157783385
2019-05-06 08:00:00,8428.566778966986
2019-05-06 08:30:00,8517.595227844167
2019-05-06 09:00:00,7886.286608708346
2019-05-06 09:30:00,7935.559748399259
2019-05-06 10:00:00,7880.869767456091
2019-05-06 10:30:00,7949.927318287475
2019-05-06 11:00:00,7632.523699096069
2019-05-06 11:30:00,7434.931075231354
2019-05-06 12:00:00,7525.403820291672
2019-05-06 12:30:00,7391.381878462131
2019-05-06 13:00:00,7583.940828626008
2019-05-06 13:30:00,7807.522458506608
2019-05-06 14:00:00,8080.934956444191
2019-05-06 14:30:00,8152.27940461558
2019-05-06 15:00:00,8197.416157181555
2019-05-06 15:30:00,8337.693364570127
2019-05-06 16:00:00,8399.379489649566
2019-05-06 16:30:00,8600.079599788645
2019-05-06 17:00:00,8810.06267978998
2019-05-06 17:30:00,9137.863373696426
2019-05-06 18:00:00,9558.068878405611
2019-05-06 18:30:00,9604.908298869283
2019-05-06 19:00:00,9359.50372357539
2019-05-06 19:30:00,9226.420959290886
2019-05-06 20:00:00,9035.257237864927
2019-05-06 20:30:00,8883.530466167213
2019-05-06 21:00:00,8675.117458059314
2019-05-06 21:30:00,8482.47105790454
2019-05-06 22:00:00,8289.246070621957
2019-05-06 22:30:00,8179.451742818425
2019-05-06 23:00:00,8088.289175359647
2019-05-06 23:30:00,7998.324857565163
2019-05-07 00:00:00,7692.856685906942
2019-05-07 00:30:00,7519.535558499449
2019-05-07 01:00:00,7417.604968240322
2019-05-07 01:30:00,7125.112071400431
2019-05-07 02:00:00,6962.646162007455
2019-05-07 02:30:00,6667.986784809786
2019-05-07 03:00:00,6429.496116764468
2019-05-07 03:30:00,6326.097149204435
2019-05-07 04:00:00,6282.114266856497
2019-05-07 04:30:00,6345.107350820403
2019-05-07 05:00:00,6492.11669960144
2019-05-07 05:30:00,6718.245647392229
2019-05-07 06:00:00,7337.180190872203
2019-05-07 06:30:00,7807.123439801929
2019-05-07 07:00:00,8356.208481725847
2019-05-07 07:30:00,8554.771985402738
2019-05-07 08:00:00,8620.13326055447
2019-05-07 08:30:00,8470.559291111487
2019-05-07 09:00:00,8321.029940644978
2019-05-07 09:30:00,8196.853106057812
2019-05-07 10:00:00,8100.3966658494555
2019-05-07 10:30:00,7959.269035786682
2019-05-07 11:00:00,7895.842878745884
2019-05-07 11:30:00,7813.573028854701
2019-05-07 12:00:00,7742.967399639906
2019-05-07 12:30:00,7677.8404806984345
2019-05-07 13:00:00,7763.2470033113495
2019-05-07 13:30:00,7763.2470033113495
2019-05-07 14:00:00,7810.114091460631
2019-05-07 14:30:00,7800.055791926466
2019-05-07 15:00:00,7920.188051037031
2019-05-07 15:30:00,7967.09809353159
2019-05-07 16:00:00,8164.87381772993
2019-05-07 16:30:00,8241.976607704886
2019-05-07 17:00:00,8558.823795095426
2019-05-07 17:30:00,8847.800415155025
2019-05-07 18:00:00,9441.42398430506
2019-05-07 18:30:00,9453.983159220212
2019-05-07 19:00:00,9326.290155022913
2019-05-07 19:30:00,9092.448172624841
2019-05-07 20:00:00,8904.861991203239
2019-05-07 20:30:00,8773.003053561179
2019-05-07 21:00:00,8562.474336949183
2019-05-07 21:30:00,8444.372494817182
2019-05-07 22:00:00,8224.18452482362
2019-05-07 22:30:00,8318.940095647311
2019-05-07 23:00:00,8047.484402934987
2019-05-07 23:30:00,7987.136929900565
2019-05-08 00:00:00,7766.07223392275
2019-05-08 00:30:00,7652.6225846770785
2019-05-08 01:00:00,7478.801483959258
2019-05-08 01:30:00,7250.321395553421
2019-05-08 02:00:00,7007.126266379216
2019-05-08 02:30:00,6823.422754461897
2019-05-08 03:00:00,6593.137972036677
2019-05-08 03:30:00,6420.907069895078
2019-05-08 04:00:00,6318.207878604627
2019-05-08 04:30:00,6407.872809127779
2019-05-08 05:00:00,6523.012139077908
2019-05-08 05:30:00,6776.2411125078725
2019-05-08 06:00:00,7172.522230746227
2019-05-08 06:30:00,7889.75777925806
2019-05-08 07:00:00,8421.960949674303
2019-05-08 07:30:00,8743.212216503727
2019-05-08 08:00:00,8823.291440477227
2019-05-08 08:30:00,8670.740444359191
2019-05-08 09:00:00,8364.075840178304
2019-05-08 09:30:00,8147.332573083328
2019-05-08 10:00:00,7946.026182982742
2019-05-08 10:30:00,7810.0576181438055
2019-05-08 11:00:00,7618.2835476478085
2019-05-08 11:30:00,7614.150223458661
2019-05-08 12:00:00,7404.621514858225
2019-05-08 12:30:00,7320.445317759871
2019-05-08 13:00:00,7357.79833411567
2019-05-08 13:30:00,7400.393542302654
2019-05-08 14:00:00,7549.037783135735
2019-05-08 14:30:00,7574.8526954918125
2019-05-08 15:00:00,7646.92072517538
2019-05-08 15:30:00,7720.64231206266
2019-05-08 16:00:00,8005.613280716356
2019-05-08 16:30:00,8287.125079922964
2019-05-08 17:00:00,8508.309890590283
2019-05-08 17:30:00,8845.626967229691
2019-05-08 18:00:00,9380.295064370965
2019-05-08 18:30:00,9452.399958211603
2019-05-08 19:00:00,9373.672997962787
2019-05-08 19:30:00,9154.868519104619
2019-05-08 20:00:00,9011.869169582948
2019-05-08 20:30:00,8864.961365262983
2019-05-08 21:00:00,8670.183928387793
2019-05-08 21:30:00,8491.464810724281
2019-05-08 22:00:00,8324.397172635647
2019-05-08 22:30:00,8294.724054361484
2019-05-08 23:00:00,8063.369654646992
2019-05-08 23:30:00,7924.084387974591
2019-05-09 00:00:00,7846.128333779544
2019-05-09 00:30:00,7711.606801815136
2019-05-09 01:00:00,7405.785426582198
2019-05-09 01:30:00,7161.283389812881
2019-05-09 02:00:00,6917.989143012918
2019-05-09 02:30:00,6688.614048004284
2019-05-09 03:00:00,6477.018317115302
2019-05-09 03:30:00,6357.730760898473
2019-05-09 04:00:00,6262.776236394362
2019-05-09 04:30:00,6245.64192157657
2019-05-09 05:00:00,6392.011899627555
2019-05-09 05:30:00,6662.551036549188
2019-05-09 06:00:00,6980.798129925314
2019-05-09 06:30:00,7633.506891254762
2019-05-09 07:00:00,8326.088621676914
2019-05-09 07:30:00,8565.12375320975
2019-05-09 08:00:00,8680.385854950862
2019-05-09 08:30:00,8611.458417483425
2019-05-09 09:00:00,8378.048185790874
2019-05-09 09:30:00,8167.877093920003
2019-05-09 10:00:00,7979.664923427291
2019-05-09 10:30:00,7918.839160466819
2019-05-09 11:00:00,7759.413037946226
2019-05-09 11:30:00,7638.525322670702
2019-05-09 12:00:00,7569.097839236711
2019-05-09 12:30:00,7575.68897980991
2019-05-09 13:00:00,7635.481142447012
2019-05-09 13:30:00,7650.347943889007
2019-05-09 14:00:00,7680.905600320401
2019-05-09 14:30:00,7761.169217130058
2019-05-09 15:00:00,7814.796033997761
2019-05-09 15:30:00,7941.829786811335
2019-05-09 16:00:00,8142.5710465829525
2019-05-09 16:30:00,8394.99821476644
2019-05-09 17:00:00,8621.746703766643
2019-05-09 17:30:00,9032.513815328863
2019-05-09 18:00:00,9535.545292562781
2019-05-09 18:30:00,9555.687432812572
2019-05-09 19:00:00,9547.170455498952
2019-05-09 19:30:00,9373.760313059258
2019-05-09 20:00:00,9127.737979479714
2019-05-09 20:30:00,8986.824938966298
2019-05-09 21:00:00,8756.32588022393
2019-05-09 21:30:00,8577.17816482588
2019-05-09 22:00:00,8362.867559801562
2019-05-09 22:30:00,8344.317425781064
2019-05-09 23:00:00,8155.077029154941
2019-05-09 23:30:00,8047.065507932977
2019-05-10 00:00:00,7945.147732573027
2019-05-10 00:30:00,7838.2909808120985
2019-05-10 01:00:00,7654.996777032705
2019-05-10 01:30:00,7503.327047428879
2019-05-10 02:00:00,7169.123818812005
2019-05-10 02:30:00,6938.017042286948
2019-05-10 03:00:00,6723.934721516701
2019-05-10 03:30:00,6583.758475468823
2019-05-10 04:00:00,6509.042751432954
2019-05-10 04:30:00,6561.015455342633
2019-05-10 05:00:00,6716.935996905818
2019-05-10 05:30:00,7013.910987174366
2019-05-10 06:00:00,7447.632613006899
2019-05-10 06:30:00,8136.137455121499
2019-05-10 07:00:00,8699.313023007246
2019-05-10 07:30:00,9058.054807053633
2019-05-10 08:00:00,9117.859091234512
2019-05-10 08:30:00,8993.696079451034
2019-05-10 09:00:00,8679.402415392286
2019-05-10 09:30:00,8427.932311167995
2019-05-10 10:00:00,8217.451567248007
2019-05-10 10:30:00,8025.542208177014
2019-05-10 11:00:00,7937.670662341063
2019-05-10 11:30:00,7725.983516369351
2019-05-10 12:00:00,7630.020458161477
2019-05-10 12:30:00,7547.610870009873
2019-05-10 13:00:00,7550.239229255206
2019-05-10 13:30:00,7573.621124397993
2019-05-10 14:00:00,7655.3582008831645
2019-05-10 14:30:00,7738.601126753373
2019-05-10 15:00:00,7776.169736443833
2019-05-10 15:30:00,7957.983801946682
2019-05-10 16:00:00,8151.512494916012
2019-05-10 16:30:00,8390.41636647883
2019-05-10 17:00:00,8530.862458511645
2019-05-10 17:30:00,9024.73855236811
2019-05-10 18:00:00,9405.826666099914
2019-05-10 18:30:00,9542.489660806055
2019-05-10 19:00:00,9301.979218384533
2019-05-10 19:30:00,9178.411747821665
2019-05-10 20:00:00,9008.692708077344
2019-05-10 20:30:00,8889.145165535598
2019-05-10 21:00:00,8796.802801640217
2019-05-10 21:30:00,8513.623240469933
2019-05-10 22:00:00,8441.095091767042
2019-05-10 22:30:00,8429.768365577094
2019-05-10 23:00:00,8233.855650175148
2019-05-10 23:30:00,8075.5237595682665
2019-05-11 00:00:00,7816.028587844187
2019-05-11 00:30:00,7717.334809021522
2019-05-11 01:00:00,7621.606599553393
2019-05-11 01:30:00,7463.480302076285
2019-05-11 02:00:00,7147.8169742233595
2019-05-11 02:30:00,6868.957359550896
2019-05-11 03:00:00,6500.1870265421185
2019-05-11 03:30:00,6431.22646152362
2019-05-11 04:00:00,6271.432416310847
2019-05-11 04:30:00,6360.793558726713
2019-05-11 05:00:00,6313.866618254164
2019-05-11 05:30:00,6547.162633323784
2019-05-11 06:00:00,6585.598008028996
2019-05-11 06:30:00,6902.780296530431
2019-05-11 07:00:00,7130.378023190702
2019-05-11 07:30:00,7420.635796962914
2019-05-11 08:00:00,8018.684106891145
2019-05-11 08:30:00,7939.714883718096
2019-05-11 09:00:00,8034.016159579042
2019-05-11 09:30:00,8094.234876947774
2019-05-11 10:00:00,7998.494979326398
2019-05-11 10:30:00,7973.196872630759
2019-05-11 11:00:00,7924.125404772049
2019-05-11 11:30:00,7924.125404772049
2019-05-11 12:00:00,7941.381770321206
2019-05-11 12:30:00,7923.560801454145
2019-05-11 13:00:00,7896.502246918622
2019-05-11 13:30:00,7896.502246918622
2019-05-11 14:00:00,7850.058771853587
2019-05-11 14:30:00,7798.375285174511
2019-05-11 15:00:00,7608.415744719787
2019-05-11 15:30:00,7621.190544680388
2019-05-11 16:00:00,7842.245646309226
2019-05-11 16:30:00,7974.692504560394
2019-05-11 17:00:00,8290.680506692
2019-05-11 17:30:00,8712.606431118755
2019-05-11 18:00:00,9286.470680319602
2019-05-11 18:30:00,9152.879310622415
2019-05-11 19:00:00,9084.708614782503
2019-05-11 19:30:00,8975.235100967759
2019-05-11 20:00:00,8646.112335098636
2019-05-11 20:30:00,8543.481050787117
2019-05-11 21:00:00,8412.864506480977
2019-05-11 21:30:00,8283.785318461925
2019-05-11 22:00:00,8069.187960628148
2019-05-11 22:30:00,8025.509079961592
2019-05-11 23:00:00,7858.231290220936
2019-05-11 23:30:00,7735.327133688776
2019-05-12 00:00:00,7773.429306413496
2019-05-12 00:30:00,7594.446176255436
2019-05-12 01:00:00,7302.036676036965
2019-05-12 01:30:00,7020.009519415503
2019-05-12 02:00:00,6814.816701955331
2019-05-12 02:30:00,6525.761768602819
2019-05-12 03:00:00,6313.8722079528125
2019-05-12 03:30:00,6190.088867137058
2019-05-12 04:00:00,6086.764289956795
2019-05-12 04:30:00,6089.279841493344
2019-05-12 05:00:00,6113.418148991477
2019-05-12 05:30:00,6260.473788041021
2019-05-12 06:00:00,6308.879927411636
2019-05-12 06:30:00,6563.124547770112
2019-05-12 07:00:00,6822.75390181998
2019-05-12 07:30:00,7149.100460562544
2019-05-12 08:00:00,7498.301929344527
2019-05-12 08:30:00,7612.9844074601615
2019-05-12 09:00:00,7754.626814532345
2019-05-12 09:30:00,7701.997027270448
2019-05-12 10:00:00,7551.185128000309
2019-05-12 10:30:00,7300.817231021532
2019-05-12 11:00:00,7210.226615448147
2019-05-12 11:30:00,7078.624607712005
2019-05-12 12:00:00,7006.478368243228
2019-05-12 12:30:00,6954.894476997485
2019-05-12 13:00:00,6926.396894993505
2019-05-12 13:30:00,6924.810236458261
2019-05-12 14:00:00,6949.655537209648
2019-05-12 14:30:00,6946.649111923454
2019-05-12 15:00:00,7020.834225942042
2019-05-12 15:30:00,7134.166081908613
2019-05-12 16:00:00,7397.524056089316
2019-05-12 16:30:00,7725.332491537488
2019-05-12 17:00:00,8096.67702938467
2019-05-12 17:30:00,8455.410267877136
2019-05-12 18:00:00,9063.312434108117
2019-05-12 18:30:00,9063.312434108117
2019-05-12 19:00:00,9099.81749029278
2019-05-12 19:30:00,8806.692443502643
2019-05-12 20:00:00,8657.703559601603
2019-05-12 20:30:00,8566.124443516732
2019-05-12 21:00:00,8366.643998647094
2019-05-12 21:30:00,8215.189214020822
2019-05-12 22:00:00,7966.979116322496
2019-05-12 22:30:00,7890.9066895426095
2019-05-12 23:00:00,7696.541995179702
2019-05-12 23:30:00,7605.178285888526
2019-05-13 00:00:00,7534.849289468518
2019-05-13 00:30:00,7466.046456999758
2019-05-13 01:00:00,7312.156673608295
2019-05-13 01:30:00,7046.128610783707
2019-05-13 02:00:00,6991.7291039194615
2019-05-13 02:30:00,6608.376858892252
2019-05-13 03:00:00,6555.457886326246
2019-05-13 03:30:00,6436.344971985921
2019-05-13 04:00:00,6456.096805513272
2019-05-13 04:30:00,6456.096805513272
2019-05-13 05:00:00,6882.294794731738
2019-05-13 05:30:00,6934.565506835244
2019-05-13 06:00:00,7664.025349524541
2019-05-13 06:30:00,7975.619580870804
2019-05-13 07:00:00,9020.31969697171
2019-05-13 07:30:00,9391.199690664438
2019-05-13 08:00:00,9489.057656034804
2019-05-13 08:30:00,9350.070936154614
2019-05-13 09:00:00,8982.604699088628
2019-05-13 09:30:00,8972.718995228084
2019-05-13 10:00:00,8746.988065343805
2019-05-13 10:30:00,8595.704733048591
2019-05-13 11:00:00,8397.605128169453
2019-05-13 11:30:00,8167.012127544633
2019-05-13 12:00:00,8007.508748303636
2019-05-13 12:30:00,7987.078652561291
2019-05-13 13:00:00,7965.5618004011885
2019-05-13 13:30:00,7868.455508247452
2019-05-13 14:00:00,7741.753379513393
2019-05-13 14:30:00,7771.578283033571
2019-05-13 15:00:00,7963.418326575481
2019-05-13 15:30:00,8229.465276605817
2019-05-13 16:00:00,8491.229578792518
2019-05-13 16:30:00,8814.993810991708
2019-05-13 17:00:00,9106.713678687225
2019-05-13 17:30:00,9483.764137949413
2019-05-13 18:00:00,9987.639214463177
2019-05-13 18:30:00,10054.379116757356
2019-05-13 19:00:00,9758.99931945446
2019-05-13 19:30:00,9510.407170866758
2019-05-13 20:00:00,9412.989588076758
2019-05-13 20:30:00,9412.989588076758
2019-05-13 21:00:00,9172.141197711699
2019-05-13 21:30:00,8980.025331119588
2019-05-13 22:00:00,8765.340626830817
2019-05-13 22:30:00,8624.74023998666
2019-05-13 23:00:00,8407.861054252357
2019-05-13 23:30:00,8220.440923514978
2019-05-14 00:00:00,8073.168356632545
2019-05-14 00:30:00,7870.488960231115
2019-05-14 01:00:00,7759.038587973965
2019-05-14 01:30:00,7534.696261317525
2019-05-14 02:00:00,7378.491332247571
2019-05-14 02:30:00,6973.066033690873
2019-05-14 03:00:00,6697.380184607795
2019-05-14 03:30:00,6618.328546628126
2019-05-14 04:00:00,6480.94833299714
2019-05-14 04:30:00,6633.720409065231
2019-05-14 05:00:00,6686.625526732972
2019-05-14 05:30:00,7093.576045611585
2019-05-14 06:00:00,7520.742272503871
2019-05-14 06:30:00,8109.937109321953
2019-05-14 07:00:00,8875.329687986832
2019-05-14 07:30:00,9137.553035460269
2019-05-14 08:00:00,9177.50984317013
2019-05-14 08:30:00,9127.692578802033
2019-05-14 09:00:00,8794.123398053789
2019-05-14 09:30:00,8719.38116043009
2019-05-14 10:00:00,8484.859743656916
2019-05-14 10:30:00,8420.750027015414
2019-05-14 11:00:00,8151.670549832836
2019-05-14 11:30:00,8079.805174160504
2019-05-14 12:00:00,7937.198306084557
2019-05-14 12:30:00,7917.0434535818085
2019-05-14 13:00:00,7873.950683214266
2019-05-14 13:30:00,7920.860725708825
2019-05-14 14:00:00,7957.586958752603
2019-05-14 14:30:00,8077.138304707444
2019-05-14 15:00:00,8096.340070587988
2019-05-14 15:30:00,8218.276112808486
2019-05-14 16:00:00,8454.396326914073
2019-05-14 16:30:00,8564.42861010599
2019-05-14 17:00:00,8866.318987827373
2019-05-14 17:30:00,9300.853256015082
2019-05-14 18:00:00,9754.6224172339
2019-05-14 18:30:00,9754.6224172339
2019-05-14 19:00:00,9540.319364880454
2019-05-14 19:30:00,9346.154040791684
2019-05-14 20:00:00,9138.149185153994
2019-05-14 20:30:00,9002.451320241824
2019-05-14 21:00:00,8769.176266870823
2019-05-14 21:30:00,8604.174428062504
2019-05-14 22:00:00,8422.1024528013
2019-05-14 22:30:00,8403.552318780803
2019-05-14 23:00:00,8155.3551543880185
2019-05-14 23:30:00,8059.902808081209
2019-05-15 00:00:00,7950.760063312483
2019-05-15 00:30:00,7755.412768387603
2019-05-15 01:00:00,7592.865690753249
2019-05-15 01:30:00,7368.886755562381
2019-05-15 02:00:00,7133.465973515595
2019-05-15 02:30:00,6868.785019864091
2019-05-15 03:00:00,6618.573454108401
2019-05-15 03:30:00,6502.535563347381
2019-05-15 04:00:00,6399.02183961074
2019-05-15 04:30:00,6480.301010060453
2019-05-15 05:00:00,6636.904852991026
2019-05-15 05:30:00,6952.0321874893425
2019-05-15 06:00:00,7322.261414953006
2019-05-15 06:30:00,7949.247695238016
2019-05-15 07:00:00,8550.26222926941
2019-05-15 07:30:00,8809.900424405047
2019-05-15 08:00:00,8909.013248558836
2019-05-15 08:30:00,8727.853661294506
2019-05-15 09:00:00,8471.230333169993
2019-05-15 09:30:00,8319.418770397888
2019-05-15 10:00:00,8101.027720792399
2019-05-15 10:30:00,7981.401464359813
2019-05-15 11:00:00,7855.742639724919
2019-05-15 11:30:00,7760.387048208822
2019-05-15 12:00:00,7681.823663064281
2019-05-15 12:30:00,7651.549399833452
2019-05-15 13:00:00,7666.929500021521
2019-05-15 13:30:00,7655.298582786225
2019-05-15 14:00:00,7737.868996990001
2019-05-15 14:30:00,7811.766548115575
2019-05-15 15:00:00,7847.321548270464
2019-05-15 15:30:00,7980.514829719904
2019-05-15 16:00:00,8195.78274730211
2019-05-15 16:30:00,8463.601877257199
2019-05-15 17:00:00,8702.631605193035
2019-05-15 17:30:00,9126.221211679032
2019-05-15 18:00:00,9708.297659750458
2019-05-15 18:30:00,9704.903282609122
2019-05-15 19:00:00,9610.220980914135
2019-05-15 19:30:00,9313.626204945092
2019-05-15 20:00:00,9129.415811804973
2019-05-15 20:30:00,9027.372711197175
2019-05-15 21:00:00,8782.937847609941
2019-05-15 21:30:00,8610.534028398875
2019-05-15 22:00:00,8412.921088271823
2019-05-15 22:30:00,8456.04970718068
2019-05-15 23:00:00,8233.985744751035
2019-05-15 23:30:00,8139.230173927344
2019-05-16 00:00:00,8026.604964454929
2019-05-16 00:30:00,7878.486986504095
2019-05-16 01:00:00,7693.2121065063
2019-05-16 01:30:00,7532.555472696805
2019-05-16 02:00:00,7273.324543887897
2019-05-16 02:30:00,6935.2937127339965
2019-05-16 03:00:00,6714.745834760449
2019-05-16 03:30:00,6574.569588712571
2019-05-16 04:00:00,6483.374470407145
2019-05-16 04:30:00,6552.335035425644
2019-05-16 05:00:00,6703.672036112449
2019-05-16 05:30:00,6989.412685080724
2019-05-16 06:00:00,7422.344621833922
2019-05-16 06:30:00,8060.338282161829
2019-05-16 07:00:00,8660.807210391387
2019-05-16 07:30:00,8954.890404195367
2019-05-16 08:00:00,9109.451279734123
2019-05-16 08:30:00,8843.211693622645
2019-05-16 09:00:00,8579.121975851749
2019-05-16 09:30:00,8378.048185790874
2019-05-16 10:00:00,8261.471948906223
2019-05-16 10:30:00,8111.392339856428
2019-05-16 11:00:00,7960.812505465265
2019-05-16 11:30:00,7762.458785254191
2019-05-16 12:00:00,7786.391597283734
2019-05-16 12:30:00,7778.098715265073
2019-05-16 13:00:00,7742.090638923503
2019-05-16 13:30:00,7736.759165067554
2019-05-16 14:00:00,7819.406941749121
2019-05-16 14:30:00,7822.131167179604
2019-05-16 15:00:00,7894.318765515493
2019-05-16 15:30:00,7973.960751750168
2019-05-16 16:00:00,8218.248526362706
2019-05-16 16:30:00,8413.327717493616
2019-05-16 17:00:00,8731.728170723312
2019-05-16 17:30:00,9132.44570458088
2019-05-16 18:00:00,9618.272275943653
2019-05-16 18:30:00,9655.257980890023
2019-05-16 19:00:00,9556.512740173135
2019-05-16 19:30:00,9353.448088516094
2019-05-16 20:00:00,9176.898351077547
2019-05-16 20:30:00,8986.824938966298
2019-05-16 21:00:00,8765.668164898114
2019-05-16 21:30:00,8600.666326089795
2019-05-16 22:00:00,8401.676932830731
2019-05-16 22:30:00,8362.867559801562
2019-05-16 23:00:00,8249.832599978641
2019-05-16 23:30:00,8145.84283920101
2019-05-17 00:00:00,8032.439947563389
2019-05-17 00:30:00,7843.417046415078
2019-05-17 01:00:00,7728.877891323577
2019-05-17 01:30:00,7518.740526116321
2019-05-17 02:00:00,7223.408500387951
2019-05-17 02:30:00,6968.171755153604
2019-05-17 03:00:00,6748.1380215302415
2019-05-17 03:30:00,6627.470995407609
2019-05-17 04:00:00,6558.182474891401
2019-05-17 04:30:00,6558.182474891401
2019-05-17 05:00:00,6739.89671019384
2019-05-17 05:30:00,7023.290070649341
2019-05-17 06:00:00,7431.792759226201
2019-05-17 06:30:00,8048.9239256598985
2019-05-17 07:00:00,8582.309550877852
2019-05-17 07:30:00,8955.273869411101
2019-05-17 08:00:00,9095.739180058832
2019-05-17 08:30:00,8840.840367598223
2019-05-17 09:00:00,8632.400478370206
2019-05-17 09:30:00,8431.326688309331
2019-05-17 10:00:00,8312.831405762958
2019-05-17 10:30:00,8218.075834939269
2019-05-17 11:00:00,7992.2118490806515
2019-05-17 11:30:00,7902.80295421258
2019-05-17 12:00:00,7787.589575337985
2019-05-17 12:30:00,7779.065640070532
2019-05-17 13:00:00,7787.934957800005
2019-05-17 13:30:00,7792.219566285749
2019-05-17 14:00:00,7831.622027252515
2019-05-17 14:30:00,7915.745782988
2019-05-17 15:00:00,7969.845462176706
2019-05-17 15:30:00,8058.650016187543
2019-05-17 16:00:00,8271.406996250604
2019-05-17 16:30:00,8437.33308551978
2019-05-17 17:00:00,8537.800892409217
2019-05-17 17:30:00,8912.93726642995
2019-05-17 18:00:00,9284.924164580578
2019-05-17 18:30:00,9281.529787439242
2019-05-17 19:00:00,9184.359655354512
2019-05-17 19:30:00,9013.795045819994
2019-05-17 20:00:00,8872.973161892765
2019-05-17 20:30:00,8728.009503978696
2019-05-17 21:00:00,8656.784574795913
2019-05-17 21:30:00,8504.233578677877
2019-05-17 22:00:00,8450.437376441225
2019-05-17 22:30:00,8439.110650251278
2019-05-17 23:00:00,8233.855650175148
2019-05-17 23:30:00,8136.371513935673
2019-05-18 00:00:00,7889.709421027347
2019-05-18 00:30:00,7756.034592099023
2019-05-18 01:00:00,7662.880636131047
2019-05-18 01:30:00,7461.072599113386
2019-05-18 02:00:00,7202.592180015565
2019-05-18 02:30:00,6916.026875470491
2019-05-18 03:00:00,6554.876936524849
2019-05-18 03:30:00,6411.722625600488
2019-05-18 04:00:00,6251.928580387715
2019-05-18 04:30:00,6370.577623021811
2019-05-18 05:00:00,6321.920843676255
2019-05-18 05:30:00,6579.64188104648
2019-05-18 06:00:00,6606.444378071523
2019-05-18 06:30:00,6861.119967228756
2019-05-18 07:00:00,7194.334162868802
2019-05-18 07:30:00,7415.923091519375
2019-05-18 08:00:00,7968.412503446707
2019-05-18 08:30:00,7910.434016953469
2019-05-18 09:00:00,7828.343412073302
2019-05-18 09:30:00,7604.9919455880745
2019-05-18 10:00:00,7547.8491958358245
2019-05-18 10:30:00,7506.152995983354
2019-05-18 11:00:00,7373.865794285609
2019-05-18 11:30:00,7338.933155170154
2019-05-18 12:00:00,7301.740933568117
2019-05-18 12:30:00,7181.539129073493
2019-05-18 13:00:00,7154.710955701194
2019-05-18 13:30:00,7154.710955701194
2019-05-18 14:00:00,7130.137533773609
2019-05-18 14:30:00,7226.268690293758
2019-05-18 15:00:00,7288.971388826675
2019-05-18 15:30:00,7310.483986984469
2019-05-18 16:00:00,7428.105173716695
2019-05-18 16:30:00,7519.182778348876
2019-05-18 17:00:00,7865.093988671978
2019-05-18 17:30:00,8128.126330862083
2019-05-18 18:00:00,8559.651947275928
2019-05-18 18:30:00,8470.237074528277
2019-05-18 19:00:00,8380.249181567597
2019-05-18 19:30:00,8166.957901765776
2019-05-18 20:00:00,8083.025540360152
2019-05-18 20:30:00,7954.918498976424
2019-05-18 21:00:00,7762.2006598021935
2019-05-18 21:30:00,7656.899038694707
2019-05-18 22:00:00,7558.208478738146
2019-05-18 22:30:00,7585.813262882993
2019-05-18 23:00:00,7538.552460096689
2019-05-18 23:30:00,7513.176631243622
2019-05-19 00:00:00,7486.919711212094
2019-05-19 00:30:00,7286.148675847547
2019-05-19 01:00:00,7030.848842721652
2019-05-19 01:30:00,6886.6837880180665
2019-05-19 02:00:00,6701.526600160713
2019-05-19 02:30:00,6410.796553248394
2019-05-19 03:00:00,6278.825116759615
2019-05-19 03:30:00,6124.524141127546
2019-05-19 04:00:00,6047.972114799903
2019-05-19 04:30:00,6048.830744108384
2019-05-19 05:00:00,6118.109209421937
2019-05-19 05:30:00,6181.074542492083
2019-05-19 06:00:00,6235.54674645533
2019-05-19 06:30:00,6526.258654311459
2019-05-19 07:00:00,6741.38608282116
2019-05-19 07:30:00,7030.7384072875075
2019-05-19 08:00:00,7276.553308203392
2019-05-19 08:30:00,7317.458231400868
2019-05-19 09:00:00,7326.669988915067
2019-05-19 09:30:00,7292.655493874639
2019-05-19 10:00:00,7166.95575894596
2019-05-19 10:30:00,7022.787169268222
2019-05-19 11:00:00,6900.854387930335
2019-05-19 11:30:00,6704.3409759990245
2019-05-19 12:00:00,6766.872056045495
2019-05-19 12:30:00,6766.872056045495
2019-05-19 13:00:00,6762.378531752687
2019-05-19 13:30:00,6726.951560617125
2019-05-19 14:00:00,6842.275417274149
2019-05-19 14:30:00,6912.115895975611
2019-05-19 15:00:00,6956.76824662508
2019-05-19 15:30:00,7143.12151411562
2019-05-19 16:00:00,7365.559624483626
2019-05-19 16:30:00,7550.700299378466
2019-05-19 17:00:00,7926.71651919635
2019-05-19 17:30:00,8242.630505711395
2019-05-19 18:00:00,8713.00276592739
2019-05-19 18:30:00,8623.598282050054
2019-05-19 19:00:00,8582.821916039495
2019-05-19 19:30:00,8433.959034571235
2019-05-19 20:00:00,8197.73808891249
2019-05-19 20:30:00,8105.010010509939
2019-05-19 21:00:00,7941.773838427291
2019-05-19 21:30:00,7891.315052333591
2019-05-19 22:00:00,7618.431592971275
2019-05-19 22:30:00,7618.431592971275
2019-05-19 23:00:00,7395.715312107225
2019-05-19 23:30:00,7336.677114853212
2019-05-20 00:00:00,7429.911882029274
2019-05-20 00:30:00,7374.448054439459
2019-05-20 01:00:00,7033.169797007146
2019-05-20 01:30:00,6846.666515477095
2019-05-20 02:00:00,6769.15613554365
2019-05-20 02:30:00,6463.366090962985
2019-05-20 03:00:00,6334.013414365556
2019-05-20 03:30:00,6253.040740024837
2019-05-20 04:00:00,6322.342693686116
2019-05-20 04:30:00,6310.1794091968
2019-05-20 05:00:00,6592.42290947068
2019-05-20 05:30:00,6729.330661430128
2019-05-20 06:00:00,7533.86408514608
2019-05-20 06:30:00,7754.039277120404
2019-05-20 07:00:00,8524.895193779228
2019-05-20 07:30:00,8939.466917289623
2019-05-20 08:00:00,8838.866290705342
2019-05-20 08:30:00,8743.299298188467
2019-05-20 09:00:00,8491.962183019428
2019-05-20 09:30:00,8543.117315351428
2019-05-20 10:00:00,8369.389246125524
2019-05-20 10:30:00,8293.082870955264
2019-05-20 11:00:00,8058.446349715854
2019-05-20 11:30:00,7937.360048912109
2019-05-20 12:00:00,7976.434504736569
2019-05-20 12:30:00,7908.208732409905
2019-05-20 13:00:00,8075.177581401153
2019-05-20 13:30:00,7978.372170542243
2019-05-20 14:00:00,8033.459243868132
2019-05-20 14:30:00,8175.863874843148
2019-05-20 15:00:00,8330.964947069182
2019-05-20 15:30:00,8467.058067490956
2019-05-20 16:00:00,8643.3489729604
2019-05-20 16:30:00,8822.833972319217
2019-05-20 17:00:00,9145.878871943438
2019-05-20 17:30:00,9531.224138369576
2019-05-20 18:00:00,9788.685463837135
2019-05-20 18:30:00,9666.06239151974
2019-05-20 19:00:00,9428.984768619113
2019-05-20 19:30:00,9242.703940908
2019-05-20 20:00:00,9035.264214130693
2019-05-20 20:30:00,8881.668110328761
2019-05-20 21:00:00,8697.094583856544
2019-05-20 21:30:00,8556.098870082336
2019-05-20 22:00:00,8390.693492321821
2019-05-20 22:30:00,8299.573195531275
2019-05-20 23:00:00,8148.294472930845
2019-05-20 23:30:00,8100.969896701151
2019-05-21 00:00:00,7751.759636763744
2019-05-21 00:30:00,7711.448065815732
2019-05-21 01:00:00,7568.770618961537
2019-05-21 01:30:00,7456.919384309123
2019-05-21 02:00:00,7153.822711011917
2019-05-21 02:30:00,6818.43863153288
2019-05-21 03:00:00,6569.024126947967
2019-05-21 03:30:00,6528.2137177154245
2019-05-21 04:00:00,6422.520229159303
2019-05-21 04:30:00,6515.741423300648
2019-05-21 05:00:00,6663.067020898956
2019-05-21 05:30:00,6962.890771544781
2019-05-21 06:00:00,7476.359619614704
2019-05-21 06:30:00,7874.849856152721
2019-05-21 07:00:00,8465.240512699522
2019-05-21 07:30:00,8730.423341859501
2019-05-21 08:00:00,8867.343287313644
2019-05-21 08:30:00,8866.124886049362
2019-05-21 09:00:00,8641.654932636098
2019-05-21 09:30:00,8523.74466521803
2019-05-21 10:00:00,8433.895747850693
2019-05-21 10:30:00,8415.653200909705
2019-05-21 11:00:00,8280.177645944828
2019-05-21 11:30:00,8096.533466568949
2019-05-21 12:00:00,8064.524733122788
2019-05-21 12:30:00,8039.355000663677
2019-05-21 13:00:00,8046.673954234624
2019-05-21 13:30:00,8086.961089667244
2019-05-21 14:00:00,8105.770923112759
2019-05-21 14:30:00,8082.238965244949
2019-05-21 15:00:00,8182.342177557183
2019-05-21 15:30:00,8191.576367511111
2019-05-21 16:00:00,8411.64330659783
2019-05-21 16:30:00,8581.5108080883
2019-05-21 17:00:00,8853.289102620722
2019-05-21 17:30:00,9216.743511845367
2019-05-21 18:00:00,9599.916053703244
2019-05-21 18:30:00,9500.484618935841
2019-05-21 19:00:00,9422.493462575734
2019-05-21 19:30:00,9176.741034539466
2019-05-21 20:00:00,8970.247220963009
2019-05-21 20:30:00,8773.562882971588
2019-05-21 21:00:00,8672.347394400504
2019-05-21 21:30:00,8507.328407931816
2019-05-21 22:00:00,8324.656956504581
2019-05-21 22:30:00,8324.656956504581
2019-05-21 23:00:00,8056.2862789788305
2019-05-21 23:30:00,7996.562834042565
2019-05-22 00:00:00,7849.029377154535
2019-05-22 00:30:00,7680.585816184166
2019-05-22 01:00:00,7571.205972289173
2019-05-22 01:30:00,7255.759142369783
2019-05-22 02:00:00,7062.303165162358
2019-05-22 02:30:00,6779.4365504595535
2019-05-22 03:00:00,6569.626192258579
2019-05-22 03:30:00,6418.6478334719695
2019-05-22 04:00:00,6367.683053136641
2019-05-22 04:30:00,6396.413280185042
2019-05-22 05:00:00,6587.49239749239
2019-05-22 05:30:00,6835.911450268263
2019-05-22 06:00:00,7117.341456803429
2019-05-22 06:30:00,7756.645103040716
2019-05-22 07:00:00,8389.463415429038
2019-05-22 07:30:00,8646.008654636142
2019-05-22 08:00:00,8699.028024906811
2019-05-22 08:30:00,8468.549971168432
2019-05-22 09:00:00,8251.643777988398
2019-05-22 09:30:00,8051.816794561968
2019-05-22 10:00:00,7867.569618205313
2019-05-22 10:30:00,7782.476944705834
2019-05-22 11:00:00,7716.267798317412
2019-05-22 11:30:00,7617.51809259174
2019-05-22 12:00:00,7571.468622597601
2019-05-22 12:30:00,7571.182529462297
2019-05-22 13:00:00,7603.0372631393975
2019-05-22 13:30:00,7606.5070681992365
2019-05-22 14:00:00,7718.369652521963
2019-05-22 14:30:00,7847.967365684915
2019-05-22 15:00:00,7960.615127117741
2019-05-22 15:30:00,8007.720477522776
2019-05-22 16:00:00,8202.970091899166
2019-05-22 16:30:00,8397.916430369285
2019-05-22 17:00:00,8624.517576147395
2019-05-22 17:30:00,9001.148735688223
2019-05-22 18:00:00,9316.329278626832
2019-05-22 18:30:00,9237.403316349015
2019-05-22 19:00:00,9147.727533958065
2019-05-22 19:30:00,8890.799806691046
2019-05-22 20:00:00,8723.40926850885
2019-05-22 20:30:00,8610.033424410845
2019-05-22 21:00:00,8397.873297203754
2019-05-22 21:30:00,8188.019038251753
2019-05-22 22:00:00,8037.0904370947665
2019-05-22 22:30:00,8037.0904370947665
2019-05-22 23:00:00,7883.100674754546
2019-05-22 23:30:00,7748.579142790139
2019-05-23 00:00:00,7690.795178449984
2019-05-23 00:30:00,7583.57187218734
2019-05-23 01:00:00,7345.481583742456
2019-05-23 01:30:00,7186.218013263089
2019-05-23 02:00:00,6957.779107342096
2019-05-23 02:30:00,6760.8489837948
2019-05-23 03:00:00,6550.270054595793
2019-05-23 03:30:00,6429.012452535999
2019-05-23 04:00:00,6380.776237616453
2019-05-23 04:30:00,6409.3864586747695
2019-05-23 05:00:00,6597.85701655642
2019-05-23 05:30:00,6911.069949785231
2019-05-23 06:00:00,7170.01769187904
2019-05-23 06:30:00,7857.178837938803
2019-05-23 07:00:00,8416.874215696651
2019-05-23 07:30:00,8656.37327370018
2019-05-23 08:00:00,8764.413015822498
2019-05-23 08:30:00,8637.070829362076
2019-05-23 09:00:00,8378.048185790874
2019-05-23 09:30:00,8191.2043710125445
2019-05-23 10:00:00,8113.895933993586
2019-05-23 10:30:00,8029.460737609695
2019-05-23 11:00:00,7885.899721759836
2019-05-23 11:30:00,7820.804653166732
2019-05-23 12:00:00,7784.7747829791815
2019-05-23 12:30:00,7791.511732060434
2019-05-23 13:00:00,7783.248033002018
2019-05-23 13:30:00,7821.468085512187
2019-05-23 14:00:00,7923.071740201202
2019-05-23 14:30:00,7990.984123637494
2019-05-23 15:00:00,8110.41117483952
2019-05-23 15:30:00,8173.9874946227055
2019-05-23 16:00:00,8419.690744665484
2019-05-23 16:30:00,8526.575546325275
2019-05-23 17:00:00,8744.863662168102
2019-05-23 17:30:00,9143.990671471181
2019-05-23 18:00:00,9435.90998578534
2019-05-23 18:30:00,9369.129180954544
2019-05-23 19:00:00,9207.86164207223
2019-05-23 19:30:00,9058.098959901678
2019-05-23 20:00:00,8768.121698331352
2019-05-23 20:30:00,8612.32621634336
2019-05-23 21:00:00,8426.289514933833
2019-05-23 21:30:00,8274.83473030756
2019-05-23 22:00:00,8085.942350064726
2019-05-23 22:30:00,8082.547972923388
2019-05-23 23:00:00,7950.431008268432
2019-05-23 23:30:00,7893.8755670770215
2019-05-24 00:00:00,7746.660569935403
2019-05-24 00:30:00,7667.577118759012
2019-05-24 01:00:00,7507.076723136125
2019-05-24 01:30:00,7331.212396432513
2019-05-24 02:00:00,7013.755710768145
2019-05-24 02:30:00,6774.772064516874
2019-05-24 03:00:00,6580.800716774856
2019-05-24 03:30:00,6427.952421880946
2019-05-24 04:00:00,6379.7395654746415
2019-05-24 04:30:00,6405.74122710726
2019-05-24 05:00:00,6518.602036413178
2019-05-24 05:30:00,6830.352478510257
2019-05-24 06:00:00,7042.217262931509
2019-05-24 06:30:00,7651.090288441371
2019-05-24 07:00:00,8229.711706300928
2019-05-24 07:30:00,8445.903884341187
2019-05-24 08:00:00,8583.377559032873
2019-05-24 08:30:00,8462.880972251163
2019-05-24 09:00:00,8316.359758406214
2019-05-24 09:30:00,8218.83407813245
2019-05-24 10:00:00,8020.450580420927
2019-05-24 10:30:00,7975.996299226067
2019-05-24 11:00:00,7908.2545933841075
2019-05-24 11:30:00,7814.637984617176
2019-05-24 12:00:00,7753.100322518034
2019-05-24 12:30:00,7677.870725782532
2019-05-24 13:00:00,7773.600557482802
2019-05-24 13:30:00,7802.364491505987
2019-05-24 14:00:00,7836.46336150365
2019-05-24 14:30:00,7908.945281944679
2019-05-24 15:00:00,7992.675929441852
2019-05-24 15:30:00,8098.617800137056
2019-05-24 16:00:00,8184.361771888725
2019-05-24 16:30:00,8380.54242660028
2019-05-24 17:00:00,8535.479374103203
2019-05-24 17:30:00,8862.89616656118
2019-05-24 18:00:00,9122.282656756937
2019-05-24 18:30:00,9024.085602555502
2019-05-24 19:00:00,8882.58370029805
2019-05-24 19:30:00,8715.5001312083
2019-05-24 20:00:00,8516.271095000942
2019-05-24 20:30:00,8388.92890854052
2019-05-24 21:00:00,8355.506240175926
2019-05-24 21:30:00,8178.301953984539
2019-05-24 22:00:00,8127.825824597077
2019-05-24 22:30:00,8164.181921095037
2019-05-24 23:00:00,8028.767039823478
2019-05-24 23:30:00,7941.474824833115
2019-05-25 00:00:00,7674.775217008832
2019-05-25 00:30:00,7598.125776360027
2019-05-25 01:00:00,7422.213047204877
2019-05-25 01:30:00,7232.047428711015
2019-05-25 02:00:00,7009.616583222401
2019-05-25 02:30:00,6811.401560385878
2019-05-25 03:00:00,6492.308478728864
2019-05-25 03:30:00,6342.068743260653
2019-05-25 04:00:00,6187.064897860771
2019-05-25 04:30:00,6263.553868497593
2019-05-25 05:00:00,6185.332801876646
2019-05-25 05:30:00,6445.688035282991
2019-05-25 06:00:00,6521.907433497441
2019-05-25 06:30:00,6770.527023282572
2019-05-25 07:00:00,6951.805008896758
2019-05-25 07:30:00,7262.885221435837
2019-05-25 08:00:00,7712.705276848893
2019-05-25 08:30:00,7575.72975887571
2019-05-25 09:00:00,7569.656878181517
2019-05-25 09:30:00,7571.915003834146
2019-05-25 10:00:00,7502.380500529389
2019-05-25 10:30:00,7480.777167130287
2019-05-25 11:00:00,7366.0666152749
2019-05-25 11:30:00,7338.933155170154
2019-05-25 12:00:00,7331.007793745546
2019-05-25 12:30:00,7275.042922547527
2019-05-25 13:00:00,7337.2913903241915
2019-05-25 13:30:00,7377.992562640328
2019-05-25 14:00:00,7287.168718712015
2019-05-25 14:30:00,7308.8226450517295
2019-05-25 15:00:00,7343.456085658811
2019-05-25 15:30:00,7406.978500560323
2019-05-25 16:00:00,7481.953410621918
2019-05-25 16:30:00,7528.592435026638
2019-05-25 17:00:00,7954.924383708707
2019-05-25 17:30:00,8225.846532081769
2019-05-25 18:00:00,8466.842697386941
2019-05-25 18:30:00,8388.907814179958
2019-05-25 19:00:00,8222.590802671664
2019-05-25 19:30:00,8120.9120938838005
2019-05-25 20:00:00,7923.3014912355775
2019-05-25 20:30:00,7800.397334703417
2019-05-25 21:00:00,7658.035290183416
2019-05-25 21:30:00,7657.508276368224
2019-05-25 22:00:00,7538.942008322508
2019-05-25 22:30:00,7535.169512868542
2019-05-25 23:00:00,7513.176631243622
2019-05-25 23:30:00,7513.176631243622
2019-05-26 00:00:00,7445.79426595786
2019-05-26 00:30:00,7199.18724774749
2019-05-26 01:00:00,6999.562616611736
2019-05-26 01:30:00,6803.026062738685
2019-05-26 02:00:00,6582.146594243157
2019-05-26 02:30:00,6320.044009974124
2019-05-26 03:00:00,6180.340338995208
2019-05-26 03:30:00,6011.6552148339715
2019-05-26 04:00:00,5960.146051025982
2019-05-26 04:30:00,5960.146051025982
2019-05-26 05:00:00,6009.684525201278
2019-05-26 05:30:00,6118.1072397036305
2019-05-26 06:00:00,6223.3588043589725
2019-05-26 06:30:00,6470.579268082129
2019-05-26 07:00:00,6683.356259153267
2019-05-26 07:30:00,6990.357884136992
2019-05-26 08:00:00,7154.051762522147
2019-05-26 08:30:00,7276.553308203392
2019-05-26 09:00:00,7326.669988915067
2019-05-26 09:30:00,7292.655493874639
2019-05-26 10:00:00,7173.2758515276
2019-05-26 10:30:00,7067.463860006699
2019-05-26 11:00:00,6770.932837299609
2019-05-26 11:30:00,6660.043254526813
2019-05-26 12:00:00,6632.11525534203
2019-05-26 12:30:00,6610.545269232658
2019-05-26 13:00:00,6603.917107836256
2019-05-26 13:30:00,6628.583455768601
2019-05-26 14:00:00,6712.1760127680345
2019-05-26 14:30:00,6864.313854180827
2019-05-26 15:00:00,6897.453170149415
2019-05-26 15:30:00,7020.908294666613
2019-05-26 16:00:00,7253.684867462745
2019-05-26 16:30:00,7459.417363496751
2019-05-26 17:00:00,7805.321448479201
2019-05-26 17:30:00,8127.214984664214
2019-05-26 18:00:00,8489.13223846424
2019-05-26 18:30:00,8418.948678441706
2019-05-26 19:00:00,8366.808309853008
2019-05-26 19:30:00,8179.342644670662
2019-05-26 20:00:00,8067.353177062532
2019-05-26 20:30:00,7906.483393199529
2019-05-26 21:00:00,7727.9085834548705
2019-05-26 21:30:00,7640.947155354814
2019-05-26 22:00:00,7370.011790689116
2019-05-26 22:30:00,7367.283225273334
2019-05-26 23:00:00,7226.314572217645
2019-05-26 23:30:00,7125.6840664219635
2019-05-27 00:00:00,7259.807325874476
2019-05-27 00:30:00,7063.89426218505
2019-05-27 01:00:00,6923.786423470009
2019-05-27 01:30:00,6638.828846498762
2019-05-27 02:00:00,6466.97333129206
2019-05-27 02:30:00,6190.8219050598655
2019-05-27 03:00:00,6156.939161816963
2019-05-27 03:30:00,6031.462876905341
2019-05-27 04:00:00,6090.155625821225
2019-05-27 04:30:00,6003.680943949941
2019-05-27 05:00:00,6383.3720676576295
2019-05-27 05:30:00,6446.823965940461
2019-05-27 06:00:00,7255.603341619469
2019-05-27 06:30:00,7416.137793596373
2019-05-27 07:00:00,8236.034490218464
2019-05-27 07:30:00,8637.193329009671
2019-05-27 08:00:00,8762.957845094086
2019-05-27 08:30:00,9049.249807528204
2019-05-27 09:00:00,8538.797975638296
2019-05-27 09:30:00,8600.162162336595
2019-05-27 10:00:00,8425.051373504
2019-05-27 10:30:00,8158.846857575583
2019-05-27 11:00:00,7777.300123187642
2019-05-27 11:30:00,7702.865297736043
2019-05-27 12:00:00,7511.018890816392
2019-05-27 12:30:00,7292.922969570959
2019-05-27 13:00:00,7382.211485754119
2019-05-27 13:30:00,7397.71277901062
2019-05-27 14:00:00,7526.548748815343
2019-05-27 14:30:00,7669.492644410361
2019-05-27 15:00:00,7766.980562104227
2019-05-27 15:30:00,8050.451849061643
2019-05-27 16:00:00,8396.792419929558
2019-05-27 16:30:00,8696.269410909734
2019-05-27 17:00:00,8806.677209598647
2019-05-27 17:30:00,9342.630473461884
2019-05-27 18:00:00,9735.430536773096
2019-05-27 18:30:00,9789.28846747873
2019-05-27 19:00:00,9459.951221300707
2019-05-27 19:30:00,9293.379394849393
2019-05-27 20:00:00,9076.366509475867
2019-05-27 20:30:00,9013.320447926139
2019-05-27 21:00:00,8763.529390676686
2019-05-27 21:30:00,8541.715839064032
2019-05-27 22:00:00,8363.40689334355
2019-05-27 22:30:00,8320.55725137259
2019-05-27 23:00:00,8078.158231981613
2019-05-27 23:30:00,8100.969896701151
2019-05-28 00:00:00,7723.144572936673
2019-05-28 00:30:00,7624.952802536744
2019-05-28 01:00:00,7459.485867036708
2019-05-28 01:30:00,7228.040657132923
2019-05-28 02:00:00,6962.8061848555735
2019-05-28 02:30:00,6690.105655053614
2019-05-28 03:00:00,6450.576795756687
2019-05-28 03:30:00,6401.052100825941
2019-05-28 04:00:00,6312.313757183334
2019-05-28 04:30:00,6439.572844914243
2019-05-28 05:00:00,6495.3339610351795
2019-05-28 05:30:00,6882.649418451217
2019-05-28 06:00:00,7412.72870157483
2019-05-28 06:30:00,8000.042767815608
2019-05-28 07:00:00,8637.43902974712
2019-05-28 07:30:00,8851.623388846523
2019-05-28 08:00:00,9035.774616599325
2019-05-28 08:30:00,8943.636336450882
2019-05-28 09:00:00,8668.9938681847
2019-05-28 09:30:00,8596.672053575927
2019-05-28 10:00:00,8405.717946218705
2019-05-28 10:30:00,8383.495299135955
2019-05-28 11:00:00,8219.161289743544
2019-05-28 11:30:00,8128.1560351215385
2019-05-28 12:00:00,8163.332091903559
2019-05-28 12:30:00,8335.167127892631
2019-05-28 13:00:00,8296.193665214128
2019-05-28 13:30:00,8343.302384264747
2019-05-28 14:00:00,8339.619746176253
2019-05-28 14:30:00,8432.429536161577
2019-05-28 15:00:00,8432.611720875106
2019-05-28 15:30:00,8470.271373223002
2019-05-28 16:00:00,8725.021472207121
2019-05-28 16:30:00,9051.899924135516
2019-05-28 17:00:00,9607.997867102496
2019-05-28 17:30:00,10161.541519893352
2019-05-28 18:00:00,10795.216201075611
2019-05-28 18:30:00,10795.216201075611
2019-05-28 19:00:00,10560.541189400343
2019-05-28 19:30:00,10412.85278022493
2019-05-28 20:00:00,10057.196738332728
2019-05-28 20:30:00,9864.156971884067
2019-05-28 21:00:00,9625.25251054475
2019-05-28 21:30:00,9448.423520995653
2019-05-28 22:00:00,9062.243021043481
2019-05-28 22:30:00,8953.264277117463
2019-05-28 23:00:00,8507.314173939287
2019-05-28 23:30:00,8415.736832679167
2019-05-29 00:00:00,8334.914647925105
2019-05-29 00:30:00,8078.220043447122
2019-05-29 01:00:00,7913.650336356532
2019-05-29 01:30:00,7720.593467808901
2019-05-29 02:00:00,7528.581531657992
2019-05-29 02:30:00,7130.7374080998125
2019-05-29 03:00:00,6918.280148497064
2019-05-29 03:30:00,6708.943808997975
2019-05-29 04:00:00,6658.396925794676
2019-05-29 04:30:00,6710.049341087387
2019-05-29 05:00:00,6841.55147655434
2019-05-29 05:30:00,7223.8650602377675
2019-05-29 06:00:00,7634.921546972815
2019-05-29 06:30:00,8454.060700621509
2019-05-29 07:00:00,9177.816786824422
2019-05-29 07:30:00,9607.371429749965
2019-05-29 08:00:00,9737.491894860643
2019-05-29 08:30:00,9568.60498258668
2019-05-29 09:00:00,9137.957008549936
2019-05-29 09:30:00,8943.17608626777
2019-05-29 10:00:00,8665.6028684647
2019-05-29 10:30:00,8466.675240191182
2019-05-29 11:00:00,8327.926030728428
2019-05-29 11:30:00,8233.830753151822
2019-05-29 12:00:00,8042.580463680431
2019-05-29 12:30:00,8039.810354230358
2019-05-29 13:00:00,7959.991254290949
2019-05-29 13:30:00,7998.990592317534
2019-05-29 14:00:00,8048.623450316529
2019-05-29 14:30:00,8156.634971538492
2019-05-29 15:00:00,8309.224283852984
2019-05-29 15:30:00,8393.528343761029
2019-05-29 16:00:00,8675.166719901994
2019-05-29 16:30:00,9022.67595840488
2019-05-29 17:00:00,9491.12325827528
2019-05-29 17:30:00,10084.22051846032
2019-05-29 18:00:00,10650.669852239876
2019-05-29 18:30:00,10733.28768227678
2019-05-29 19:00:00,10598.8428625935
2019-05-29 19:30:00,10451.154453418087
2019-05-29 20:00:00,10145.985358892523
2019-05-29 20:30:00,10039.817189514548
2019-05-29 21:00:00,9689.837771573713
2019-05-29 21:30:00,9408.660855137872
2019-05-29 22:00:00,9067.011210659679
2019-05-29 22:30:00,8922.04755274561
2019-05-29 23:00:00,8551.099323550348
2019-05-29 23:30:00,8438.851196601347
2019-05-30 00:00:00,8342.017468097692
2019-05-30 00:30:00,8229.37205650059
2019-05-30 01:00:00,7975.8516164215425
2019-05-30 01:30:00,7701.736041773753
2019-05-30 02:00:00,7528.925118041532
2019-05-30 02:30:00,7151.732892030859
2019-05-30 03:00:00,6931.373332976876
2019-05-30 03:30:00,6786.207541224018
2019-05-30 04:00:00,6676.72862187166
2019-05-30 04:30:00,6701.167928045044
2019-05-30 05:00:00,6863.930191353431
2019-05-30 05:30:00,7119.591158442447
2019-05-30 06:00:00,7536.50534537609
2019-05-30 06:30:00,8280.268934897143
2019-05-30 07:00:00,8973.120755321896
2019-05-30 07:30:00,9318.231739720311
2019-05-30 08:00:00,9427.988649644636
2019-05-30 08:30:00,9323.512374504755
2019-05-30 09:00:00,9092.55645571303
2019-05-30 09:30:00,8834.887533802346
2019-05-30 10:00:00,8688.566994662206
2019-05-30 10:30:00,8578.585527705536
2019-05-30 11:00:00,8449.685091757434
2019-05-30 11:30:00,8244.819639907122
2019-05-30 12:00:00,8148.95230456242
2019-05-30 12:30:00,8094.610174733162
2019-05-30 13:00:00,8057.6480883453405
2019-05-30 13:30:00,8057.6480883453405
2019-05-30 14:00:00,8058.988069380558
2019-05-30 14:30:00,8058.988069380558
2019-05-30 15:00:00,8157.682607375095
2019-05-30 15:30:00,8346.5334557754
2019-05-30 16:00:00,8626.42730909216
2019-05-30 16:30:00,8940.626316815236
2019-05-30 17:00:00,9375.513588371497
2019-05-30 17:30:00,9908.693874010281
2019-05-30 18:00:00,10327.809672805712
2019-05-30 18:30:00,10327.809672805712
2019-05-30 19:00:00,10347.887125640607
2019-05-30 19:30:00,10177.800443354896
2019-05-30 20:00:00,9964.589200395214
2019-05-30 20:30:00,9837.737120389535
2019-05-30 21:00:00,9600.991477530557
2019-05-30 21:30:00,9353.774312600357
2019-05-30 22:00:00,9028.215458125884
2019-05-30 22:30:00,8885.432481505166
2019-05-30 23:00:00,8676.927645734624
2019-05-30 23:30:00,8498.208528071113
2019-05-31 00:00:00,8345.530932900132
2019-05-31 00:30:00,8138.129950479339
2019-05-31 01:00:00,7923.773604049744
2019-05-31 01:30:00,7771.316442461596
2019-05-31 02:00:00,7528.380666931198
2019-05-31 02:30:00,7172.222459379386
2019-05-31 03:00:00,6913.300309950838
2019-05-31 03:30:00,6802.5802277972
2019-05-31 04:00:00,6755.97972993856
2019-05-31 04:30:00,6796.95127664033
2019-05-31 05:00:00,6902.517390547798
2019-05-31 05:30:00,7362.962062929441
2019-05-31 06:00:00,7784.377665595549
2019-05-31 06:30:00,8512.605223594566
2019-05-31 07:00:00,9341.115826720994
2019-05-31 07:30:00,9822.834190927033
2019-05-31 08:00:00,10049.591436015351
2019-05-31 08:30:00,9775.554243897017
2019-05-31 09:00:00,9505.361317232251
2019-05-31 09:30:00,9311.441025718908
2019-05-31 10:00:00,9041.752907701175
2019-05-31 10:30:00,8843.819377147991
2019-05-31 11:00:00,8596.117427041221
2019-05-31 11:30:00,8430.45863286818
2019-05-31 12:00:00,8234.019329539276
2019-05-31 12:30:00,8139.263758715587
2019-05-31 13:00:00,8072.948212029524
2019-05-31 13:30:00,8072.948212029524
2019-05-31 14:00:00,8050.420064931776
2019-05-31 14:30:00,8104.762194761034
2019-05-31 15:00:00,8216.450475476195
2019-05-31 15:30:00,8329.095887073297
2019-05-31 16:00:00,8627.373794107027
2019-05-31 16:30:00,9027.432429870301
2019-05-31 17:00:00,9598.92722393885
2019-05-31 17:30:00,10241.868512250308
2019-05-31 18:00:00,10761.44951134684
2019-05-31 18:30:00,10761.44951134684
2019-05-31 19:00:00,10684.496422331138
2019-05-31 19:30:00,10681.767856915354
2019-05-31 20:00:00,10486.947933173993
2019-05-31 20:30:00,10384.222931001861
2019-05-31 21:00:00,10283.744588539148
2019-05-31 21:30:00,9915.790799560962
2019-05-31 22:00:00,9709.008339533924
2019-05-31 22:30:00,9538.454618942755
2019-05-31 23:00:00,9182.519618165705
2019-05-31 23:30:00,8948.677635767634
2019-06-01 00:00:00,8853.588436357828
2019-06-01 00:30:00,8731.869869455477
2019-06-01 01:00:00,8805.022831043427
2019-06-01 01:30:00,8578.099991860363
2019-06-01 02:00:00,8175.263000654471
2019-06-01 02:30:00,7904.371121569119
2019-06-01 03:00:00,7580.097615285955
2019-06-01 03:30:00,7349.112086146908
2019-06-01 04:00:00,7196.37239607965
2019-06-01 04:30:00,7239.473707983292
2019-06-01 05:00:00,7186.371397810474
2019-06-01 05:30:00,7499.482045877965
2019-06-01 06:00:00,7377.385737975152
2019-06-01 06:30:00,8180.750932432915
2019-06-01 07:00:00,8297.497655485395
2019-06-01 07:30:00,8729.461812957516
2019-06-01 08:00:00,9612.491432597604
2019-06-01 08:30:00,9414.354316216453
2019-06-01 09:00:00,9571.227343314593
2019-06-01 09:30:00,9315.037228047058
2019-06-01 10:00:00,9044.17720550019
2019-06-01 10:30:00,8784.154733307201
2019-06-01 11:00:00,8522.704744221108
2019-06-01 11:30:00,8371.645012182387
2019-06-01 12:00:00,8163.791434620514
2019-06-01 12:30:00,8040.887278088354
2019-06-01 13:00:00,7939.597339698713
2019-06-01 13:30:00,7927.728877692203
2019-06-01 14:00:00,7912.710873664913
2019-06-01 14:30:00,7925.715587160132
2019-06-01 15:00:00,8038.012448206662
2019-06-01 15:30:00,8137.061423783247
2019-06-01 16:00:00,8381.271138543681
2019-06-01 16:30:00,8665.839224549703
2019-06-01 17:00:00,9136.3705215044
2019-06-01 17:30:00,9688.396196001957
2019-06-01 18:00:00,10288.185362451379
2019-06-01 18:30:00,10238.601408974077
2019-06-01 19:00:00,10053.637394166424
2019-06-01 19:30:00,10041.80598058592
2019-06-01 20:00:00,9712.968451630124
2019-06-01 20:30:00,9619.140205023119
2019-06-01 21:00:00,9548.363445524887
2019-06-01 21:30:00,9465.618625215526
2019-06-01 22:00:00,9044.323815364076
2019-06-01 22:30:00,9014.764487620865
2019-06-01 23:00:00,8663.427377172651
2019-06-01 23:30:00,8604.905559003786
2019-06-02 00:00:00,8425.840622636151
2019-06-02 00:30:00,8185.81539997683
2019-06-02 01:00:00,7855.019534083666
2019-06-02 01:30:00,7599.343658742996
2019-06-02 02:00:00,7410.295993552757
2019-06-02 02:30:00,7103.298567056169
2019-06-02 03:00:00,6964.524575967756
2019-06-02 03:30:00,6797.7249641529415
2019-06-02 04:00:00,6574.850860606504
2019-06-02 04:30:00,6574.850860606504
2019-06-02 05:00:00,6618.587203624785
2019-06-02 05:30:00,6803.5994378007945
2019-06-02 06:00:00,6846.955316682769
2019-06-02 06:30:00,7217.861531063328
2019-06-02 07:00:00,7423.532791054113
2019-06-02 07:30:00,7864.739384371711
2019-06-02 08:00:00,8217.849971242953
2019-06-02 08:30:00,8489.381620522325
2019-06-02 09:00:00,8474.105688076035
2019-06-02 09:30:00,8357.25783399189
2019-06-02 10:00:00,8292.968550959917
2019-06-02 10:30:00,8076.637890845922
2019-06-02 11:00:00,7967.540506827812
2019-06-02 11:30:00,7847.03287860915
2019-06-02 12:00:00,7747.156769163599
2019-06-02 12:30:00,7766.748407153271
2019-06-02 13:00:00,7645.458477460762
2019-06-02 13:30:00,7671.696832523141
2019-06-02 14:00:00,7653.233878883049
2019-06-02 14:30:00,7653.233878883049
2019-06-02 15:00:00,7758.827561247497
2019-06-02 15:30:00,7888.255265530329
2019-06-02 16:00:00,8149.941169891826
2019-06-02 16:30:00,8396.42326849018
2019-06-02 17:00:00,9039.676289323654
2019-06-02 17:30:00,9483.128505957036
2019-06-02 18:00:00,9949.042378684018
2019-06-02 18:30:00,9949.042378684018
2019-06-02 19:00:00,9807.30157911897
2019-06-02 19:30:00,9614.330959664738
2019-06-02 20:00:00,9381.007473002113
2019-06-02 20:30:00,9311.007842188372
2019-06-02 21:00:00,9076.095398564941
2019-06-02 21:30:00,8837.990723626453
2019-06-02 22:00:00,8525.9560337207
2019-06-02 22:30:00,8417.623843961708
2019-06-02 23:00:00,8291.4789738896
2019-06-02 23:30:00,8160.218360605532
2019-06-03 00:00:00,8352.764374231914
2019-06-03 00:30:00,7783.559285403028
2019-06-03 01:00:00,7737.75718887339
2019-06-03 01:30:00,7519.54290339557
2019-06-03 02:00:00,7447.994351325813
2019-06-03 02:30:00,7174.790607349227
2019-06-03 03:00:00,6953.57754138422
2019-06-03 03:30:00,6726.003057736957
2019-06-03 04:00:00,6806.996114878662
2019-06-03 04:30:00,6791.10942451169
2019-06-03 05:00:00,7105.233091703813
2019-06-03 05:30:00,7189.594134964453
2019-06-03 06:00:00,8065.801019369429
2019-06-03 06:30:00,8369.746119873465
2019-06-03 07:00:00,9318.776624376389
2019-06-03 07:30:00,9648.15740217656
2019-06-03 08:00:00,9788.330532265392
2019-06-03 08:30:00,9962.861764161426
2019-06-03 09:00:00,9560.311870490932
2019-06-03 09:30:00,9487.92352426702
2019-06-03 10:00:00,9245.586356798689
2019-06-03 10:30:00,9173.368626870828
2019-06-03 11:00:00,8917.101049502502
2019-06-03 11:30:00,8900.726455626222
2019-06-03 12:00:00,8714.144264860066
2019-06-03 12:30:00,8756.135837520727
2019-06-03 13:00:00,8786.388395494945
2019-06-03 13:30:00,8703.892838848347
2019-06-03 14:00:00,8788.26877028776
2019-06-03 14:30:00,8893.915991853546
2019-06-03 15:00:00,8884.35069566046
2019-06-03 15:30:00,8982.9962344106
2019-06-03 16:00:00,9316.623255209577
2019-06-03 16:30:00,9609.980988706526
2019-06-03 17:00:00,10016.65359234324
2019-06-03 17:30:00,10392.318354182407
2019-06-03 18:00:00,10586.903818175488
2019-06-03 18:30:00,10586.903818175488
2019-06-03 19:00:00,10619.384150816892
2019-06-03 19:30:00,10341.034202066008
2019-06-03 20:00:00,10161.49705824383
2019-06-03 20:30:00,10049.597699551923
2019-06-03 21:00:00,9835.854268627229
2019-06-03 21:30:00,9503.410500096228
2019-06-03 22:00:00,9297.99559470796
2019-06-03 22:30:00,9119.631407011459
2019-06-03 23:00:00,8762.440023199932
2019-06-03 23:30:00,8605.144868647496
2019-06-04 00:00:00,8297.30611222586
2019-06-04 00:30:00,8049.209301337591
2019-06-04 01:00:00,8010.458952376425
2019-06-04 01:30:00,7840.6885415310535
2019-06-04 02:00:00,7618.321441954583
2019-06-04 02:30:00,7387.559833085248
2019-06-04 03:00:00,6998.5498710079955
2019-06-04 03:30:00,6909.364845004619
2019-06-04 04:00:00,6779.695440798821
2019-06-04 04:30:00,6860.9746112485345
2019-06-04 05:00:00,6960.095610027232
2019-06-04 05:30:00,7408.417633079303
2019-06-04 06:00:00,7887.979581555612
2019-06-04 06:30:00,8399.909682319882
2019-06-04 07:00:00,9129.660057628369
2019-06-04 07:30:00,9535.24384054126
2019-06-04 08:00:00,9813.174687028679
2019-06-04 08:30:00,9735.914307317476
2019-06-04 09:00:00,9476.786334068023
2019-06-04 09:30:00,9344.98745227775
2019-06-04 10:00:00,9165.048032137334
2019-06-04 10:30:00,9043.105931769613
2019-06-04 11:00:00,8870.441626719294
2019-06-04 11:30:00,8832.781974371397
2019-06-04 12:00:00,8821.939004830554
2019-06-04 12:30:00,8849.852343623068
2019-06-04 13:00:00,8840.872034192118
2019-06-04 13:30:00,8840.872034192118
2019-06-04 14:00:00,8754.650898696853
2019-06-04 14:30:00,8802.717763714812
2019-06-04 15:00:00,8827.137548090592
2019-06-04 15:30:00,8931.295624772694
2019-06-04 16:00:00,9216.702620059825
2019-06-04 16:30:00,9531.545739877747
2019-06-04 17:00:00,10188.739164855408
2019-06-04 17:30:00,10755.818338195844
2019-06-04 18:00:00,11343.15747577737
2019-06-04 18:30:00,11343.15747577737
2019-06-04 19:00:00,11298.327984799864
2019-06-04 19:30:00,11091.442865801795
2019-06-04 20:00:00,10754.537074258402
2019-06-04 20:30:00,10625.11683090409
2019-06-04 21:00:00,10344.876168337876
2019-06-04 21:30:00,10167.774776126866
2019-06-04 22:00:00,9763.863731676889
2019-06-04 22:30:00,9570.893112222657
2019-06-04 23:00:00,9208.295158076122
2019-06-04 23:30:00,9088.424294523002
2019-06-05 00:00:00,8688.640563946808
2019-06-05 00:30:00,8466.410970041137
2019-06-05 01:00:00,8310.654326012147
2019-06-05 01:30:00,8144.483534479026
2019-06-05 02:00:00,7809.5386247734195
2019-06-05 02:30:00,7564.6645843794595
2019-06-05 03:00:00,7237.061027209314
2019-06-05 03:30:00,7092.158194623645
2019-06-05 04:00:00,6975.75459266696
2019-06-05 04:30:00,6975.75459266696
2019-06-05 05:00:00,7146.926532826543
2019-06-05 05:30:00,7567.764201237393
2019-06-05 06:00:00,7985.413746144885
2019-06-05 06:30:00,8750.070393749693
2019-06-05 07:00:00,9570.474920933651
2019-06-05 07:30:00,10078.103848598537
2019-06-05 08:00:00,10415.235711588884
2019-06-05 08:30:00,10413.213469115459
2019-06-05 09:00:00,10223.604998855397
2019-06-05 09:30:00,10206.796945042626
2019-06-05 10:00:00,10157.645106357626
2019-06-05 10:30:00,10069.649854675583
2019-06-05 11:00:00,9850.30551184142
2019-06-05 11:30:00,9738.168582185204
2019-06-05 12:00:00,9538.382046678784
2019-06-05 12:30:00,9538.382046678784
2019-06-05 13:00:00,9399.224970276839
2019-06-05 13:30:00,9399.224970276839
2019-06-05 14:00:00,9341.551915086386
2019-06-05 14:30:00,9147.886149486267
2019-06-05 15:00:00,9226.017277535471
2019-06-05 15:30:00,9380.23234626711
2019-06-05 16:00:00,9828.988497516453
2019-06-05 16:30:00,10052.95940290632
2019-06-05 17:00:00,10747.304099628505
2019-06-05 17:30:00,11251.225011954344
2019-06-05 18:00:00,11743.137936563395
2019-06-05 18:30:00,11743.137936563395
2019-06-05 19:00:00,11684.87803946903
2019-06-05 19:30:00,11674.827838517316
2019-06-05 20:00:00,11334.049130265563
2019-06-05 20:30:00,11027.07613218393
2019-06-05 21:00:00,10691.039689107998
2019-06-05 21:30:00,10381.787384391566
2019-06-05 22:00:00,9998.167688569523
2019-06-05 22:30:00,9759.178678907629
2019-06-05 23:00:00,9422.382716744172
2019-06-05 23:30:00,9156.921139065178
2019-06-06 00:00:00,8908.542343703044
2019-06-06 00:30:00,8683.777531525746
2019-06-06 01:00:00,8355.063838641103
2019-06-06 01:30:00,8214.00719832659
2019-06-06 02:00:00,7932.357518148156
2019-06-06 02:30:00,7600.94081551354
2019-06-06 03:00:00,7283.579146637903
2019-06-06 03:30:00,7130.5696584676725
2019-06-06 04:00:00,6940.612332479686
2019-06-06 04:30:00,7051.454903736169
2019-06-06 05:00:00,7195.811279230926
2019-06-06 05:30:00,7660.527652922159
2019-06-06 06:00:00,8050.050466799424
2019-06-06 06:30:00,8819.716838722297
2019-06-06 07:00:00,9625.150016235295
2019-06-06 07:30:00,10120.504005915258
2019-06-06 08:00:00,10409.641135885588
2019-06-06 08:30:00,10409.641135885588
2019-06-06 09:00:00,10127.398377207473
2019-06-06 09:30:00,10024.36898963051
2019-06-06 10:00:00,9940.68923574046
2019-06-06 10:30:00,9874.497206158114
2019-06-06 11:00:00,9618.146670466442
2019-06-06 11:30:00,9307.543356030521
2019-06-06 12:00:00,9148.4717023767
2019-06-06 12:30:00,9040.45186052333
2019-06-06 13:00:00,8802.735005857132
2019-06-06 13:30:00,8737.909605507772
2019-06-06 14:00:00,8718.926731591937
2019-06-06 14:30:00,8836.553761029645
2019-06-06 15:00:00,8899.37178836115
2019-06-06 15:30:00,9001.414888968948
2019-06-06 16:00:00,9208.902811637385
2019-06-06 16:30:00,9546.980222274695
2019-06-06 17:00:00,10175.435238811597
2019-06-06 17:30:00,10889.221486352351
2019-06-06 18:00:00,11357.767722616441
2019-06-06 18:30:00,11357.767722616441
2019-06-06 19:00:00,11337.175150552963
2019-06-06 19:30:00,11017.861252612664
2019-06-06 20:00:00,10806.351541653721
2019-06-06 20:30:00,10686.506401451396
2019-06-06 21:00:00,10393.552204010248
2019-06-06 21:30:00,10122.921630842407
2019-06-06 22:00:00,9841.924681367034
2019-06-06 22:30:00,9644.375174526564
2019-06-06 23:00:00,9318.302473633381
2019-06-06 23:30:00,9069.032403336316
2019-06-07 00:00:00,8947.424802513204
2019-06-07 00:30:00,8737.328244019602
2019-06-07 01:00:00,8492.150733765697
2019-06-07 01:30:00,8247.659543308384
2019-06-07 02:00:00,8010.1141122301415
2019-06-07 02:30:00,7719.719419183013
2019-06-07 03:00:00,7523.345967763786
2019-06-07 03:30:00,7339.235939298533
2019-06-07 04:00:00,7191.367429867427
2019-06-07 04:30:00,7145.231472580658
2019-06-07 05:00:00,7423.308506747766
2019-06-07 05:30:00,7783.154434035634
2019-06-07 06:00:00,8265.549994439602
2019-06-07 06:30:00,9037.867694608307
2019-06-07 07:00:00,9902.069589478675
2019-06-07 07:30:00,10494.08229968088
2019-06-07 08:00:00,10624.910029581139
2019-06-07 08:30:00,10468.320388720851
2019-06-07 09:00:00,10237.752889139865
2019-06-07 09:30:00,9932.571849895625
2019-06-07 10:00:00,9579.007650542539
2019-06-07 10:30:00,9347.00315577154
2019-06-07 11:00:00,9036.016917836389
2019-06-07 11:30:00,8810.69412485946
2019-06-07 12:00:00,8508.801291493357
2019-06-07 12:30:00,8421.727122135238
2019-06-07 13:00:00,8350.181050461455
2019-06-07 13:30:00,8350.181050461455
2019-06-07 14:00:00,8293.121557170947
2019-06-07 14:30:00,8351.521031496675
2019-06-07 15:00:00,8354.072510275759
2019-06-07 15:30:00,8518.664602209972
2019-06-07 16:00:00,8775.051633178246
2019-06-07 16:30:00,9175.11026894152
2019-06-07 17:00:00,9660.96012926146
2019-06-07 17:30:00,10352.540284753737
2019-06-07 18:00:00,10785.961785806769
2019-06-07 18:30:00,10913.455152827844
2019-06-07 19:00:00,10826.848277191424
2019-06-07 19:30:00,10627.960227485744
2019-06-07 20:00:00,10513.705579365047
2019-06-07 20:30:00,10335.218217187967
2019-06-07 21:00:00,10177.199140958734
2019-06-07 21:30:00,9949.538414469058
2019-06-07 22:00:00,9774.168789179883
2019-06-07 22:30:00,9608.078010192477
2019-06-07 23:00:00,9248.682785435307
2019-06-07 23:30:00,9063.365337551415
2019-06-08 00:00:00,8528.580906988258
2019-06-08 00:30:00,8406.862340085905
2019-06-08 01:00:00,8392.80886394494
2019-06-08 01:30:00,8207.388007926347
2019-06-08 02:00:00,7877.8606182007825
2019-06-08 02:30:00,7641.634988899189
2019-06-08 03:00:00,7317.70169332406
2019-06-08 03:30:00,7078.003165169596
2019-06-08 04:00:00,6906.456881116536
2019-06-08 04:30:00,6942.93018957466
2019-06-08 05:00:00,6887.185732617463
2019-06-08 05:30:00,7226.0086271325945
2019-06-08 06:00:00,7125.417007053365
2019-06-08 06:30:00,7687.738929431934
2019-06-08 07:00:00,8055.771060395795
2019-06-08 07:30:00,8584.835878710886
2019-06-08 08:00:00,9162.015928675743
2019-06-08 08:30:00,9092.818702814757
2019-06-08 09:00:00,9334.833307111148
2019-06-08 09:30:00,9199.1055140532
2019-06-08 10:00:00,8918.679355789573
2019-06-08 10:30:00,8716.444636001675
2019-06-08 11:00:00,8391.863239305387
2019-06-08 11:30:00,8197.198187536986
2019-06-08 12:00:00,8149.128493965452
2019-06-08 12:30:00,8017.827165678816
2019-06-08 13:00:00,8038.163926593238
2019-06-08 13:30:00,7994.485045926682
2019-06-08 14:00:00,7959.710229979588
2019-06-08 14:30:00,7919.531370725339
2019-06-08 15:00:00,7987.6687857254
2019-06-08 15:30:00,8031.347666391956
2019-06-08 16:00:00,8218.251585059854
2019-06-08 16:30:00,8529.300172014226
2019-06-08 17:00:00,9065.507508203676
2019-06-08 17:30:00,9497.471665675794
2019-06-08 18:00:00,10039.11889800959
2019-06-08 18:30:00,9886.817594845079
2019-06-08 19:00:00,9772.033400799352
2019-06-08 19:30:00,9557.41222836493
2019-06-08 20:00:00,9314.748832004509
2019-06-08 20:30:00,9181.157462307317
2019-06-08 21:00:00,8943.865371597272
2019-06-08 21:30:00,8837.83938770022
2019-06-08 22:00:00,8483.446343730056
2019-06-08 22:30:00,8540.47163180893
2019-06-08 23:00:00,8332.258534480108
2019-06-08 23:30:00,8200.957206193485
2019-06-09 00:00:00,8166.357578844972
2019-06-09 00:30:00,8007.690064984311
2019-06-09 01:00:00,7695.657296695703
2019-06-09 01:30:00,7424.510872470693
2019-06-09 02:00:00,7253.879008163725
2019-06-09 02:30:00,6890.739964293517
2019-06-09 03:00:00,6687.799985834508
2019-06-09 03:30:00,6564.601115377005
2019-06-09 04:00:00,6412.637761879023
2019-06-09 04:30:00,6407.6342165202495
2019-06-09 05:00:00,6443.534049511885
2019-06-09 05:30:00,6531.558027370374
2019-06-09 06:00:00,6575.093915101842
2019-06-09 06:30:00,6969.093439156987
2019-06-09 07:00:00,7157.028156752194
2019-06-09 07:30:00,7563.044308851545
2019-06-09 08:00:00,7979.21380993522
2019-06-09 08:30:00,8296.214070792941
2019-06-09 09:00:00,8568.770942052672
2019-06-09 09:30:00,8730.730312046426
2019-06-09 10:00:00,8839.427396583706
2019-06-09 10:30:00,8839.427396583706
2019-06-09 11:00:00,8708.251101417683
2019-06-09 11:30:00,8606.208000809886
2019-06-09 12:00:00,8552.351804815975
2019-06-09 12:30:00,8615.054955379026
2019-06-09 13:00:00,8476.723318172832
2019-06-09 13:30:00,8366.788163626292
2019-06-09 14:00:00,8228.982133101992
2019-06-09 14:30:00,8280.544973330521
2019-06-09 15:00:00,8185.983629239373
2019-06-09 15:30:00,8311.353542082888
2019-06-09 16:00:00,8477.113297221329
2019-06-09 16:30:00,8691.955396225048
2019-06-09 17:00:00,9448.877013128527
2019-06-09 17:30:00,9682.35619555708
2019-06-09 18:00:00,10244.206180570574
2019-06-09 18:30:00,10231.457610833984
2019-06-09 19:00:00,10050.044608778964
2019-06-09 19:30:00,9790.686793869147
2019-06-09 20:00:00,9659.192262114386
2019-06-09 20:30:00,9427.187767343386
2019-06-09 21:00:00,9222.349783808291
2019-06-09 21:30:00,9066.51643895124
2019-06-09 22:00:00,8604.543058484513
2019-06-09 22:30:00,8510.019907951071
2019-06-09 23:00:00,8263.218476086053
2019-06-09 23:30:00,8131.9578628019935
2019-06-10 00:00:00,7898.592854977412
2019-06-10 00:30:00,7332.009019870667
2019-06-10 01:00:00,7328.506742622812
2019-06-10 01:30:00,7179.781392507008
2019-06-10 02:00:00,7009.155971374603
2019-06-10 02:30:00,6613.532727159045
2019-06-10 03:00:00,6562.380733682246
2019-06-10 03:30:00,6465.693424660956
2019-06-10 04:00:00,6368.431907583476
2019-06-10 04:30:00,6305.135191110813
2019-06-10 05:00:00,6432.679425669591
2019-06-10 05:30:00,6465.603163363557
2019-06-10 06:00:00,6850.436078152809
2019-06-10 06:30:00,7104.472261189553
2019-06-10 07:00:00,7452.005175841241
2019-06-10 07:30:00,7502.314829979366
2019-06-10 08:00:00,8048.253991352453
2019-06-10 08:30:00,8303.32398464324
2019-06-10 09:00:00,8215.435303313912
2019-06-10 09:30:00,8114.695996425539
2019-06-10 10:00:00,8069.289762121628
2019-06-10 10:30:00,7895.454473142588
2019-06-10 11:00:00,7773.005377044946
2019-06-10 11:30:00,7627.340202292123
2019-06-10 12:00:00,7588.622416411816
2019-06-10 12:30:00,7378.452482091462
2019-06-10 13:00:00,7421.018079715449
2019-06-10 13:30:00,7391.3536589824835
2019-06-10 14:00:00,7467.613794253744
2019-06-10 14:30:00,7582.729571657127
2019-06-10 15:00:00,7672.469826917717
2019-06-10 15:30:00,7669.485673501416
2019-06-10 16:00:00,7986.333825420345
2019-06-10 16:30:00,8029.057039387323
2019-06-10 17:00:00,8472.396454823564
2019-06-10 17:30:00,8760.25010447093
2019-06-10 18:00:00,9226.28772780592
2019-06-10 18:30:00,9321.434836064962
2019-06-10 19:00:00,9077.565071231196
2019-06-10 19:30:00,8855.948759188639
2019-06-10 20:00:00,8755.741428864436
2019-06-10 20:30:00,8665.993627784776
2019-06-10 21:00:00,8550.814954858979
2019-06-10 21:30:00,8354.716462604234
2019-06-10 22:00:00,8209.400120321567
2019-06-10 22:30:00,8199.09917151178
2019-06-10 23:00:00,7996.1137105882435
2019-06-10 23:30:00,7911.756679929702
2019-06-11 00:00:00,8288.546466535063
2019-06-11 00:30:00,8063.51802333599
2019-06-11 01:00:00,7940.860909328451
2019-06-11 01:30:00,7746.19276995513
2019-06-11 02:00:00,7505.216391369226
2019-06-11 02:30:00,7139.7655706106325
2019-06-11 03:00:00,6796.517006087395
2019-06-11 03:30:00,6694.56263403327
2019-06-11 04:00:00,6513.822855398278
2019-06-11 04:30:00,6513.822855398278
2019-06-11 05:00:00,6462.197649825682
2019-06-11 05:30:00,6638.689122221014
2019-06-11 06:00:00,7048.592691088535
2019-06-11 06:30:00,7294.128168729179
2019-06-11 07:00:00,8669.332558684435
2019-06-11 07:30:00,8669.959561624984
2019-06-11 08:00:00,8539.272470139957
2019-06-11 08:30:00,8595.516472059415
2019-06-11 09:00:00,8555.38994815644
2019-06-11 09:30:00,8605.085860736282
2019-06-11 10:00:00,8274.947692048749
2019-06-11 10:30:00,8201.197369551555
2019-06-11 11:00:00,8056.501849960865
2019-06-11 11:30:00,8110.46977962389
2019-06-11 12:00:00,7911.347798320241
2019-06-11 12:30:00,7901.27653995111
2019-06-11 13:00:00,7926.278808326547
2019-06-11 13:30:00,7926.278808326547
2019-06-11 14:00:00,7955.406970118752
2019-06-11 14:30:00,7973.117225187203
2019-06-11 15:00:00,7936.318265749456
2019-06-11 15:30:00,8055.607536784362
2019-06-11 16:00:00,8349.641821633382
2019-06-11 16:30:00,8537.112933554194
2019-06-11 17:00:00,8775.295931870985
2019-06-11 17:30:00,9268.598569582733
2019-06-11 18:00:00,9716.173532265735
2019-06-11 18:30:00,9556.850251365837
2019-06-11 19:00:00,9494.042332719706
2019-06-11 19:30:00,9338.253471438265
2019-06-11 20:00:00,9111.389426089036
2019-06-11 20:30:00,8965.10692244967
2019-06-11 21:00:00,8830.214520409492
2019-06-11 21:30:00,8642.977742922549
2019-06-11 22:00:00,8507.68670996621
2019-06-11 22:30:00,8444.110390183023
2019-06-11 23:00:00,8289.689093860707
2019-06-11 23:30:00,8222.53709740667
2019-06-12 00:00:00,7842.216966458295
2019-06-12 00:30:00,7771.657450549356
2019-06-12 01:00:00,7562.227609378048
2019-06-12 01:30:00,7283.645343126269
2019-06-12 02:00:00,7083.971113583273
2019-06-12 02:30:00,6873.883102402586
2019-06-12 03:00:00,6636.977285838232
2019-06-12 03:30:00,6568.016720819734
2019-06-12 04:00:00,6456.939518458996
2019-06-12 04:30:00,6443.622997357283
2019-06-12 05:00:00,6646.614777394952
2019-06-12 05:30:00,6967.487284850188
2019-06-12 06:00:00,7379.054651614133
2019-06-12 06:30:00,8158.763280816844
2019-06-12 07:00:00,8839.683542019413
2019-06-12 07:30:00,9287.213478688072
2019-06-12 08:00:00,9561.675764673468
2019-06-12 08:30:00,9354.795223122117
2019-06-12 09:00:00,9054.776741406142
2019-06-12 09:30:00,8858.096512549922
2019-06-12 10:00:00,8620.426197747212
2019-06-12 10:30:00,8492.823524258743
2019-06-12 11:00:00,8256.901770832343
2019-06-12 11:30:00,8074.24134778738
2019-06-12 12:00:00,7924.7207001439565
2019-06-12 12:30:00,7834.006331732269
2019-06-12 13:00:00,7844.474701929212
2019-06-12 13:30:00,7785.436504675198
2019-06-12 14:00:00,7885.39615869821
2019-06-12 14:30:00,7937.924301135527
2019-06-12 15:00:00,7936.106677934942
2019-06-12 15:30:00,8096.302588562466
2019-06-12 16:00:00,8419.922919862041
2019-06-12 16:30:00,8592.986478993444
2019-06-12 17:00:00,8976.125541123627
2019-06-12 17:30:00,9491.112111619024
2019-06-12 18:00:00,9978.748419847088
2019-06-12 18:30:00,10022.409839905997
2019-06-12 19:00:00,9874.518609640805
2019-06-12 19:30:00,9720.303540909168
2019-06-12 20:00:00,9505.788982168395
2019-06-12 20:30:00,9339.793259147424
2019-06-12 21:00:00,9213.89311999898
2019-06-12 21:30:00,9023.819707887731
2019-06-12 22:00:00,8707.374737918504
2019-06-12 22:30:00,8669.715085570608
2019-06-12 23:00:00,8400.870164573778
2019-06-12 23:30:00,8321.85097784904
2019-06-13 00:00:00,8149.092940401111
2019-06-13 00:30:00,7947.793764671579
2019-06-13 01:00:00,7713.799843907212
2019-06-13 01:30:00,7550.3799586103905
2019-06-13 02:00:00,7237.1614585991565
2019-06-13 02:30:00,6951.098476901073
2019-06-13 03:00:00,6705.170732327366
2019-06-13 03:30:00,6588.068304598687
2019-06-13 04:00:00,6469.085246684286
2019-06-13 04:30:00,6489.198372827588
2019-06-13 05:00:00,6664.388025720344
2019-06-13 05:30:00,6921.894780746917
2019-06-13 06:00:00,7446.70790389544
2019-06-13 06:30:00,8162.552836716586
2019-06-13 07:00:00,8916.913613837054
2019-06-13 07:30:00,9241.047322798742
2019-06-13 08:00:00,9519.518200387009
2019-06-13 08:30:00,9463.179184804567
2019-06-13 09:00:00,9136.953426269227
2019-06-13 09:30:00,8946.880014157978
2019-06-13 10:00:00,8781.412161845943
2019-06-13 10:30:00,8515.48892227857
2019-06-13 11:00:00,8431.315762638145
2019-06-13 11:30:00,8184.216281835582
2019-06-13 12:00:00,8118.979892929485
2019-06-13 12:30:00,8098.328973480177
2019-06-13 13:00:00,8076.428930216953
2019-06-13 13:30:00,8163.721145207315
2019-06-13 14:00:00,8076.457818959722
2019-06-13 14:30:00,8070.751284488572
2019-06-13 15:00:00,8174.711503193563
2019-06-13 15:30:00,8163.036660336465
2019-06-13 16:00:00,8384.570574070067
2019-06-13 16:30:00,8558.79288797756
2019-06-13 17:00:00,8906.766392848533
2019-06-13 17:30:00,9421.994148354033
2019-06-13 18:00:00,9904.703726926828
2019-06-13 18:30:00,9840.21465168194
2019-06-13 19:00:00,9713.789583758438
2019-06-13 19:30:00,9495.13904727181
2019-06-13 20:00:00,9282.803440368985
2019-06-13 20:30:00,9150.368721495059
2019-06-13 21:00:00,8887.589888633414
2019-06-13 21:30:00,8681.449024372845
2019-06-13 22:00:00,8394.071584188332
2019-06-13 22:30:00,8390.677207046996
2019-06-13 23:00:00,8183.136415321848
2019-06-13 23:30:00,8080.964706912475
2019-06-14 00:00:00,7961.860921072753
2019-06-14 00:30:00,7820.733291009979
2019-06-14 01:00:00,7618.773877458039
2019-06-14 01:30:00,7405.317804974962
2019-06-14 02:00:00,7159.463252883594
2019-06-14 02:30:00,6870.434706652977
2019-06-14 03:00:00,6567.3660453826715
2019-06-14 03:30:00,6410.708616981459
2019-06-14 04:00:00,6305.720445308201
2019-06-14 04:30:00,6305.720445308201
2019-06-14 05:00:00,6474.761595822404
2019-06-14 05:30:00,6795.307162425711
2019-06-14 06:00:00,7115.178879576817
2019-06-14 06:30:00,7845.03779481152
2019-06-14 07:00:00,8466.31678784796
2019-06-14 07:30:00,8728.441243242158
2019-06-14 08:00:00,8881.574363816577
2019-06-14 08:30:00,8881.574363816577
2019-06-14 09:00:00,8727.648961369125
2019-06-14 09:30:00,8617.667494412455
2019-06-14 10:00:00,8493.627334043793
2019-06-14 10:30:00,8401.407293790586
2019-06-14 11:00:00,8315.525123163288
2019-06-14 11:30:00,8219.955759413922
2019-06-14 12:00:00,8152.8363174002125
2019-06-14 12:30:00,8111.465756156598
2019-06-14 13:00:00,8053.484657785765
2019-06-14 13:30:00,8053.484657785765
2019-06-14 14:00:00,8042.370901026868
2019-06-14 14:30:00,7993.74475560513
2019-06-14 15:00:00,8079.34404141439
2019-06-14 15:30:00,8149.893328251682
2019-06-14 16:00:00,8301.693560834685
2019-06-14 16:30:00,8442.750201149198
2019-06-14 17:00:00,8697.74158028056
2019-06-14 17:30:00,9164.717545251935
2019-06-14 18:00:00,9447.383372500723
2019-06-14 18:30:00,9471.929198761229
2019-06-14 19:00:00,9278.592766388147
2019-06-14 19:30:00,9116.243862064113
2019-06-14 20:00:00,8951.534248662434
2019-06-14 20:30:00,8901.716984294335
2019-06-14 21:00:00,8845.75769927368
2019-06-14 21:30:00,8645.683093276122
2019-06-14 22:00:00,8540.649331866958
2019-06-14 22:30:00,8540.649331866958
2019-06-14 23:00:00,8390.865209213345
2019-06-14 23:30:00,8309.714809877776
2019-06-15 00:00:00,7948.232030452147
2019-06-15 00:30:00,7887.946849318023
2019-06-15 01:00:00,7840.628446300315
2019-06-15 01:30:00,7662.458373685141
2019-06-15 02:00:00,7297.271998015824
2019-06-15 02:30:00,7105.338322817971
2019-06-15 03:00:00,6743.389404266229
2019-06-15 03:30:00,6656.1450382008
2019-06-15 04:00:00,6489.637266199985
2019-06-15 04:30:00,6498.225012189928
2019-06-15 05:00:00,6403.523533500297
2019-06-15 05:30:00,6734.5472047196145
2019-06-15 06:00:00,6747.365461182675
2019-06-15 06:30:00,7118.618049738455
2019-06-15 07:00:00,7478.866646404082
2019-06-15 07:30:00,7904.223578466455
2019-06-15 08:00:00,8498.624118240183
2019-06-15 08:30:00,8500.67154472584
2019-06-15 09:00:00,8538.095005583848
2019-06-15 09:30:00,8353.553935750648
2019-06-15 10:00:00,8172.884772551133
2019-06-15 10:30:00,7965.872496112166
2019-06-15 11:00:00,7821.366559422946
2019-06-15 11:30:00,7651.882076844902
2019-06-15 12:00:00,7600.265629995467
2019-06-15 12:30:00,7568.147753283358
2019-06-15 13:00:00,7513.620834625834
2019-06-15 13:30:00,7513.620834625834
2019-06-15 14:00:00,7490.548666859993
2019-06-15 14:30:00,7525.43445844186
2019-06-15 15:00:00,7516.1570056092605
2019-06-15 15:30:00,7641.276162890204
2019-06-15 16:00:00,7762.91044110771
2019-06-15 16:30:00,7981.299801730115
2019-06-15 17:00:00,8407.553850169908
2019-06-15 17:30:00,8865.961749555452
2019-06-15 18:00:00,9486.165974858306
2019-06-15 18:30:00,9484.506504150659
2019-06-15 19:00:00,9447.806099100913
2019-06-15 19:30:00,9244.598956581965
2019-06-15 20:00:00,9014.293566325414
2019-06-15 20:30:00,8925.685253749754
2019-06-15 21:00:00,8795.688301118184
2019-06-15 21:30:00,8649.406265953374
2019-06-15 22:00:00,8380.432397366876
2019-06-15 22:30:00,8372.890342942828
2019-06-15 23:00:00,8173.852211025107
2019-06-15 23:30:00,8173.740876183531
2019-06-16 00:00:00,8109.62771881724
2019-06-16 00:30:00,7944.035352219389
2019-06-16 01:00:00,7551.755490858986
2019-06-16 01:30:00,7285.412710572868
2019-06-16 02:00:00,7169.151876596267
2019-06-16 02:30:00,6826.486698200358
2019-06-16 03:00:00,6789.534710711908
2019-06-16 03:30:00,6584.967930913708
2019-06-16 04:00:00,6433.004577415726
2019-06-16 04:30:00,6433.004577415726
2019-06-16 05:00:00,6488.413982380663
2019-06-16 05:30:00,6609.235744218647
2019-06-16 06:00:00,6699.19605325364
2019-06-16 06:30:00,7061.739336243286
2019-06-16 07:00:00,7315.289618622342
2019-06-16 07:30:00,7691.9371655135565
2019-06-16 08:00:00,8165.080692543749
2019-06-16 08:30:00,8412.45835463316
2019-06-16 09:00:00,8436.880479267922
2019-06-16 09:30:00,8414.369609393647
2019-06-16 10:00:00,8216.757880926703
2019-06-16 10:30:00,8091.965511753357
2019-06-16 11:00:00,7869.042171530572
2019-06-16 11:30:00,7641.626544089277
2019-06-16 12:00:00,7466.412705383075
2019-06-16 12:30:00,7276.688094586113
2019-06-16 13:00:00,7210.161704963771
2019-06-16 13:30:00,7153.001794397617
2019-06-16 14:00:00,7195.011824525285
2019-06-16 14:30:00,7234.260810626295
2019-06-16 15:00:00,7311.434066361769
2019-06-16 15:30:00,7501.158677158731
2019-06-16 16:00:00,7869.018932317669
2019-06-16 16:30:00,8152.361886334585
2019-06-16 17:00:00,8720.857349301947
2019-06-16 17:30:00,9291.95702401924
2019-06-16 18:00:00,9935.998015684934
2019-06-16 18:30:00,9942.899846762884
2019-06-16 19:00:00,9773.885506701148
2019-06-16 19:30:00,9658.175266958118
2019-06-16 20:00:00,9464.469023457292
2019-06-16 20:30:00,9351.67002506137
2019-06-16 21:00:00,9106.299472832932
2019-06-16 21:30:00,8907.697576576236
2019-06-16 22:00:00,8459.027697658856
2019-06-16 22:30:00,8488.176412756986
2019-06-16 23:00:00,8258.981721352357
2019-06-16 23:30:00,8107.526936726073
2019-06-17 00:00:00,7956.458534783984
2019-06-17 00:30:00,7651.050153645633
2019-06-17 01:00:00,7465.110940640836
2019-06-17 01:30:00,7384.662047475326
2019-06-17 02:00:00,7233.550802995129
2019-06-17 02:30:00,6875.504328434957
2019-06-17 03:00:00,6689.783951852102
2019-06-17 03:30:00,6527.141494715561
2019-06-17 04:00:00,6607.038092366388
2019-06-17 04:30:00,6607.038092366388
2019-06-17 05:00:00,6974.473077420878
2019-06-17 05:30:00,7086.725037501794
2019-06-17 06:00:00,7941.809584271129
2019-06-17 06:30:00,8228.617720063874
2019-06-17 07:00:00,9247.860225939721
2019-06-17 07:30:00,9514.147826330667
2019-06-17 08:00:00,9565.966841912335
2019-06-17 08:30:00,9860.403282460973
2019-06-17 09:00:00,9563.71318035521
2019-06-17 09:30:00,9762.71909550175
2019-06-17 10:00:00,9528.217340100748
2019-06-17 10:30:00,9575.05676056442
2019-06-17 11:00:00,9530.82143675925
2019-06-17 11:30:00,9483.892797134535
2019-06-17 12:00:00,9410.343498775099
2019-06-17 12:30:00,9337.146463497089
2019-06-17 13:00:00,9230.931372751911
2019-06-17 13:30:00,9230.931372751911
2019-06-17 14:00:00,9221.679838398239
2019-06-17 14:30:00,9221.679838398239
2019-06-17 15:00:00,9195.873986682329
2019-06-17 15:30:00,9312.789778340157
2019-06-17 16:00:00,9361.961608398222
2019-06-17 16:30:00,9691.913294939557
2019-06-17 17:00:00,10201.498980372951
2019-06-17 17:30:00,10603.90716064215
2019-06-17 18:00:00,10974.843543249512
2019-06-17 18:30:00,10974.843543249512
2019-06-17 19:00:00,10937.614621522376
2019-06-17 19:30:00,10734.078796821634
2019-06-17 20:00:00,10327.737646447853
2019-06-17 20:30:00,10310.584174629657
2019-06-17 21:00:00,10026.483932397494
2019-06-17 21:30:00,9770.02623648097
2019-06-17 22:00:00,9373.552681504409
2019-06-17 22:30:00,9279.784621416022
2019-06-17 23:00:00,9051.923957648076
2019-06-17 23:30:00,8849.960439403669
2019-06-18 00:00:00,8395.92480727833
2019-06-18 00:30:00,8201.729898788557
2019-06-18 01:00:00,8179.129327032863
2019-06-18 01:30:00,7953.043634897673
2019-06-18 02:00:00,7729.923774583098
2019-06-18 02:30:00,7558.625538751328
2019-06-18 03:00:00,7285.332698799936
2019-06-18 03:30:00,6999.572389915905
2019-06-18 04:00:00,6870.579483771814
2019-06-18 04:30:00,6916.648973176543
2019-06-18 05:00:00,7083.976445901571
2019-06-18 05:30:00,7430.230607733176
2019-06-18 06:00:00,7890.584305519838
2019-06-18 06:30:00,8511.325604189682
2019-06-18 07:00:00,9262.511081830791
2019-06-18 07:30:00,9704.75177158209
2019-06-18 08:00:00,9877.24109179535
2019-06-18 08:30:00,9877.24109179535
2019-06-18 09:00:00,9709.02676411605
2019-06-18 09:30:00,9594.072170129562
2019-06-18 10:00:00,9335.005331468961
2019-06-18 10:30:00,9218.569653830331
2019-06-18 11:00:00,9069.151036268508
2019-06-18 11:30:00,8927.590032224005
2019-06-18 12:00:00,8891.050530075117
2019-06-18 12:30:00,8862.430460646494
2019-06-18 13:00:00,8866.750489834936
2019-06-18 13:30:00,8868.746854498764
2019-06-18 14:00:00,8855.45949081027
2019-06-18 14:30:00,8889.232788513866
2019-06-18 15:00:00,8909.130258539099
2019-06-18 15:30:00,9152.734363191397
2019-06-18 16:00:00,9291.343259478544
2019-06-18 16:30:00,9671.203656255882
2019-06-18 17:00:00,10076.000729531941
2019-06-18 17:30:00,10572.138574970744
2019-06-18 18:00:00,11204.079016404427
2019-06-18 18:30:00,11097.572358142246
2019-06-18 19:00:00,10991.930515917331
2019-06-18 19:30:00,10678.836167813497
2019-06-18 20:00:00,10432.231751428786
2019-06-18 20:30:00,10222.079014299074
2019-06-18 21:00:00,9918.643125177749
2019-06-18 21:30:00,9743.823639961201
2019-06-18 22:00:00,9328.392998590436
2019-06-18 22:30:00,9245.118651314344
2019-06-18 23:00:00,8866.375185398916
2019-06-18 23:30:00,8701.373346590597
2019-06-19 00:00:00,8485.260093928342
2019-06-19 00:30:00,8333.80530930207
2019-06-19 01:00:00,8098.781730595726
2019-06-19 01:30:00,7909.758829447415
2019-06-19 02:00:00,7644.233534868667
2019-06-19 02:30:00,7239.830421769504
2019-06-19 03:00:00,6989.370759767882
2019-06-19 03:30:00,6836.5453937886
2019-06-19 04:00:00,6719.502995812145
2019-06-19 04:30:00,6719.502995812145
2019-06-19 05:00:00,6933.563085538165
2019-06-19 05:30:00,7222.087836241839
2019-06-19 06:00:00,7748.100818415679
2019-06-19 06:30:00,8510.020917993117
2019-06-19 07:00:00,9191.423782081625
2019-06-19 07:30:00,9603.269217597623
2019-06-19 08:00:00,9878.922768880211
2019-06-19 08:30:00,9788.52835810659
2019-06-19 09:00:00,9546.105993175504
2019-06-19 09:30:00,9437.297584510425
2019-06-19 10:00:00,9234.098485093833
2019-06-19 10:30:00,9075.481413093903
2019-06-19 11:00:00,8832.772349335688
2019-06-19 11:30:00,8685.708297103216
2019-06-19 12:00:00,8636.090633842929
2019-06-19 12:30:00,8571.79195601946
2019-06-19 13:00:00,8542.2842862722
2019-06-19 13:30:00,8584.350714732285
2019-06-19 14:00:00,8598.97082396639
2019-06-19 14:30:00,8545.603284526327
2019-06-19 15:00:00,8648.10557622163
2019-06-19 15:30:00,8685.765228569526
2019-06-19 16:00:00,8933.74591688787
2019-06-19 16:30:00,9244.708973446885
2019-06-19 17:00:00,9677.07123911641
2019-06-19 17:30:00,10171.961668423417
2019-06-19 18:00:00,10645.381529541466
2019-06-19 18:30:00,10712.674885589333
2019-06-19 19:00:00,10540.64209839032
2019-06-19 19:30:00,10387.814261234369
2019-06-19 20:00:00,10195.054953563775
2019-06-19 20:30:00,9915.779249848265
2019-06-19 21:00:00,9677.867344850902
2019-06-19 21:30:00,9436.746302011312
2019-06-19 22:00:00,9116.441477989634
2019-06-19 22:30:00,9013.736360595447
2019-06-19 23:00:00,8654.35991929781
2019-06-19 23:30:00,8539.494004653174
2019-06-20 00:00:00,8385.986941731779
2019-06-20 00:30:00,8261.473068128165
2019-06-20 01:00:00,8049.264922210663
2019-06-20 01:30:00,7753.180941980733
2019-06-20 02:00:00,7551.668270101936
2019-06-20 02:30:00,7245.440490707015
2019-06-20 03:00:00,7056.14227160899
2019-06-20 03:30:00,6850.864708351944
2019-06-20 04:00:00,6772.0179245874415
2019-06-20 04:30:00,6822.0353866472415
2019-06-20 05:00:00,6974.082682783055
2019-06-20 05:30:00,7448.387870030472
2019-06-20 06:00:00,7882.764880727476
2019-06-20 06:30:00,8682.2957055281
2019-06-20 07:00:00,9448.997394844635
2019-06-20 07:30:00,9884.330761386984
2019-06-20 08:00:00,10157.743511824503
2019-06-20 08:30:00,10063.043255662464
2019-06-20 09:00:00,9748.618254267432
2019-06-20 09:30:00,9467.441337831591
2019-06-20 10:00:00,9170.536113472554
2019-06-20 10:30:00,8958.342790185625
2019-06-20 11:00:00,8622.936601951069
2019-06-20 11:30:00,8410.498916351584
2019-06-20 12:00:00,8294.107468180895
2019-06-20 12:30:00,8135.7755775740125
2019-06-20 13:00:00,8088.601149232363
2019-06-20 13:30:00,8088.601149232363
2019-06-20 14:00:00,8066.073002134615
2019-06-20 14:30:00,8110.50820357339
2019-06-20 15:00:00,8181.783043294125
2019-06-20 15:30:00,8355.557800842551
2019-06-20 16:00:00,8605.304999635522
2019-06-20 16:30:00,9068.57717245901
2019-06-20 17:00:00,9728.055910077246
2019-06-20 17:30:00,10411.435139248215
2019-06-20 18:00:00,11209.814820265563
2019-06-20 18:30:00,11210.390242665962
2019-06-20 19:00:00,11132.486582695
2019-06-20 19:30:00,10960.60639953471
2019-06-20 20:00:00,10839.327341486598
2019-06-20 20:30:00,10753.151310303729
2019-06-20 21:00:00,10521.342881839253
2019-06-20 21:30:00,10217.676762282314
2019-06-20 22:00:00,9771.108597583665
2019-06-20 22:30:00,9574.649541463765
2019-06-20 23:00:00,9167.103893321237
2019-06-20 23:30:00,9083.829546045143
2019-06-21 00:00:00,8819.803897514097
2019-06-21 00:30:00,8655.912127745192
2019-06-21 01:00:00,8412.692679589405
2019-06-21 01:30:00,8196.500501549146
2019-06-21 02:00:00,7985.923487099288
2019-06-21 02:30:00,7698.858794517021
2019-06-21 03:00:00,7452.853958238992
2019-06-21 03:30:00,7281.391625755156
2019-06-21 04:00:00,7124.370847914666
2019-06-21 04:30:00,7203.3524407378145
2019-06-21 05:00:00,7434.948605135433
2019-06-21 05:30:00,7816.369656816835
2019-06-21 06:00:00,8276.599719137577
2019-06-21 06:30:00,9086.697079703501
2019-06-21 07:00:00,9979.76155695399
2019-06-21 07:30:00,10457.489894807497
2019-06-21 08:00:00,10775.642791020198
2019-06-21 08:30:00,10606.848929800426
2019-06-21 09:00:00,10293.64586054711
2019-06-21 09:30:00,10115.550538104733
2019-06-21 10:00:00,9807.21455254753
2019-06-21 10:30:00,9526.037636111689
2019-06-21 11:00:00,9237.620206695787
2019-06-21 11:30:00,8989.760011819166
2019-06-21 12:00:00,8814.69510893035
2019-06-21 12:30:00,8667.631056697877
2019-06-21 13:00:00,8658.650747266927
2019-06-21 13:30:00,8730.9725618757
2019-06-21 14:00:00,8792.900296000687
2019-06-21 14:30:00,8837.97811470106
2019-06-21 15:00:00,8931.263872426662
2019-06-21 15:30:00,9116.581320310554
2019-06-21 16:00:00,9520.122735979246
2019-06-21 16:30:00,9865.678959961453
2019-06-21 17:00:00,10299.570270322887
2019-06-21 17:30:00,10925.519871006338
2019-06-21 18:00:00,11211.690057941221
2019-06-21 18:30:00,11521.797941067365
2019-06-21 19:00:00,11117.94000509682
2019-06-21 19:30:00,11119.962247570244
2019-06-21 20:00:00,10940.286306014172
2019-06-21 20:30:00,10808.405144496022
2019-06-21 21:00:00,10728.29392987657
2019-06-21 21:30:00,10378.08220021237
2019-06-21 22:00:00,10173.121907787994
2019-06-21 22:30:00,9992.75147021315
2019-06-21 23:00:00,9576.160173731734
2019-06-21 23:30:00,9401.047902642173
2019-06-22 00:00:00,9088.633788207779
2019-06-22 00:30:00,8724.230647486102
2019-06-22 01:00:00,8656.960051739165
2019-06-22 01:30:00,8417.483616159412
2019-06-22 02:00:00,8104.358619270854
2019-06-22 02:30:00,7852.759750795241
2019-06-22 03:00:00,7522.158307180036
2019-06-22 03:30:00,7374.990434526115
2019-06-22 04:00:00,7195.748220676592
2019-06-22 04:30:00,7218.905252577566
2019-06-22 05:00:00,7163.146356622239
2019-06-22 05:30:00,7322.9731034659435
2019-06-22 06:00:00,7405.026170796163
2019-06-22 06:30:00,8213.181655192086
2019-06-22 07:00:00,8380.128331949865
2019-06-22 07:30:00,8932.231849491418
2019-06-22 08:00:00,9587.207769543335
2019-06-22 08:30:00,9567.376477744243
2019-06-22 09:00:00,9668.01133595311
2019-06-22 09:30:00,9482.431108485378
2019-06-22 10:00:00,9268.834127968335
2019-06-22 10:30:00,9024.725390113806
2019-06-22 11:00:00,8799.775742353813
2019-06-22 11:30:00,8450.1646452913
2019-06-22 12:00:00,8346.81787608413
2019-06-22 12:30:00,8157.8645285274515
2019-06-22 13:00:00,8064.4747470226785
2019-06-22 13:30:00,8024.29588776843
2019-06-22 14:00:00,7919.8074272461035
2019-06-22 14:30:00,7985.409755608174
2019-06-22 15:00:00,8101.054815866661
2019-06-22 15:30:00,8134.061996490494
2019-06-22 16:00:00,8555.464959045134
2019-06-22 16:30:00,9120.426796025667
2019-06-22 17:00:00,9743.10100861685
2019-06-22 17:30:00,10338.004638315262
2019-06-22 18:00:00,10916.03562756155
2019-06-22 18:30:00,10869.75155523041
2019-06-22 19:00:00,10840.701454524928
2019-06-22 19:30:00,10840.701454524928
2019-06-22 20:00:00,10481.69116892131
2019-06-22 20:30:00,10341.589866822162
2019-06-22 21:00:00,10296.784998222018
2019-06-22 21:30:00,10014.64895711344
2019-06-22 22:00:00,9708.002505433076
2019-06-22 22:30:00,9568.8710483171
2019-06-22 23:00:00,9254.363049334044
2019-06-22 23:30:00,9044.421358347572
2019-06-23 00:00:00,8995.680853068796
2019-06-23 00:30:00,8700.659947646589
2019-06-23 01:00:00,8320.073975375883
2019-06-23 01:30:00,8010.399957596485
2019-06-23 02:00:00,7867.286674244425
2019-06-23 02:30:00,7539.162971041284
2019-06-23 03:00:00,7446.166016335396
2019-06-23 03:30:00,7177.664845300082
2019-06-23 04:00:00,7080.805847768917
2019-06-23 04:30:00,7087.125940350557
2019-06-23 05:00:00,7037.0624495787015
2019-06-23 05:30:00,7226.787060375664
2019-06-23 06:00:00,7297.887170324877
2019-06-23 06:30:00,7796.114981581618
2019-06-23 07:00:00,7985.680649868375
2019-06-23 07:30:00,8603.38544088084
2019-06-23 08:00:00,9208.748513289038
2019-06-23 08:30:00,9442.193337108209
2019-06-23 09:00:00,9458.064786040135
2019-06-23 09:30:00,9473.186784410194
2019-06-23 10:00:00,9276.703421426482
2019-06-23 10:30:00,9016.951997141454
2019-06-23 11:00:00,8858.724020387166
2019-06-23 11:30:00,8567.614529415483
2019-06-23 12:00:00,8383.653981271777
2019-06-23 12:30:00,8306.80933388905
2019-06-23 13:00:00,8374.673671840827
2019-06-23 13:30:00,8258.502834804929
2019-06-23 14:00:00,8298.859749015624
2019-06-23 14:30:00,8226.342473775096
2019-06-23 15:00:00,8421.374302965296
2019-06-23 15:30:00,8713.269222153038
2019-06-23 16:00:00,8990.434797563325
2019-06-23 16:30:00,9425.076186869574
2019-06-23 17:00:00,10257.99126381139
2019-06-23 17:30:00,10545.079832769707
2019-06-23 18:00:00,10978.721384473978
2019-06-23 18:30:00,10978.721384473978
2019-06-23 19:00:00,10904.223253475651
2019-06-23 19:30:00,10749.36782728753
2019-06-23 20:00:00,10571.245843319413
2019-06-23 20:30:00,10485.6491256118
2019-06-23 21:00:00,10219.115436450214
2019-06-23 21:30:00,10140.304519981935
2019-06-23 22:00:00,9622.929576029543
2019-06-23 22:30:00,9478.997729186516
2019-06-23 23:00:00,9096.497632864492
2019-06-23 23:30:00,8843.214045000308
2019-06-24 00:00:00,8953.324149605718
2019-06-24 00:30:00,8524.624832514482
2019-06-24 01:00:00,8155.55257596975
2019-06-24 01:30:00,7908.1984599276075
2019-06-24 02:00:00,7812.929320215864
2019-06-24 02:30:00,7453.59862606251
2019-06-24 03:00:00,7364.384200432816
2019-06-24 03:30:00,7202.031053839655
2019-06-24 04:00:00,7433.942678627978
2019-06-24 04:30:00,7433.942678627978
2019-06-24 05:00:00,7657.144316854337
2019-06-24 05:30:00,7837.549939583026
2019-06-24 06:00:00,8533.377290278024
2019-06-24 06:30:00,8732.917665637044
2019-06-24 07:00:00,9918.897776287235
2019-06-24 07:30:00,10299.430419612449
2019-06-24 08:00:00,10834.50163344328
2019-06-24 08:30:00,10929.993025662847
2019-06-24 09:00:00,10661.369614307798
2019-06-24 09:30:00,10649.07481879318
2019-06-24 10:00:00,10460.01083598268
2019-06-24 10:30:00,10273.25588458486
2019-06-24 11:00:00,10013.603144025526
2019-06-24 11:30:00,9673.055840687384
2019-06-24 12:00:00,9607.47088970552
2019-06-24 12:30:00,9607.47088970552
2019-06-24 13:00:00,9572.125549553513
2019-06-24 13:30:00,9572.125549553513
2019-06-24 14:00:00,9533.83605038811
2019-06-24 14:30:00,9569.953404118614
2019-06-24 15:00:00,9740.9099612684
2019-06-24 15:30:00,10070.861647809734
2019-06-24 16:00:00,10263.366399378801
2019-06-24 16:30:00,10501.835555279513
2019-06-24 17:00:00,11059.306132552483
2019-06-24 17:30:00,11401.887463036197
2019-06-24 18:00:00,11822.985299990225
2019-06-24 18:30:00,11822.985299990225
2019-06-24 19:00:00,11702.51968220044
2019-06-24 19:30:00,11572.407427322714
2019-06-24 20:00:00,11291.46764069331
2019-06-24 20:30:00,11099.146778751068
2019-06-24 21:00:00,10760.546789176537
2019-06-24 21:30:00,10637.416949557197
2019-06-24 22:00:00,10233.461573866014
2019-06-24 22:30:00,10042.39366530612
2019-06-24 23:00:00,9813.1245473277
2019-06-24 23:30:00,9400.534158833903
2019-06-25 00:00:00,8920.814689735058
2019-06-25 00:30:00,8757.218160724182
2019-06-25 01:00:00,8640.08329162067
2019-06-25 01:30:00,8514.249103981823
2019-06-25 02:00:00,8195.487443880562
2019-06-25 02:30:00,7927.672707795838
2019-06-25 03:00:00,7653.060401814033
2019-06-25 03:30:00,7509.5064430167395
2019-06-25 04:00:00,7427.163108602575
2019-06-25 04:30:00,7499.9750048820315
2019-06-25 05:00:00,7554.208001352901
2019-06-25 05:30:00,7907.722075476652
2019-06-25 06:00:00,8255.07238215703
2019-06-25 06:30:00,9056.308694023917
2019-06-25 07:00:00,9937.230221622063
2019-06-25 07:30:00,10439.413879333182
2019-06-25 08:00:00,10760.974928426494
2019-06-25 08:30:00,10862.915567302867
2019-06-25 09:00:00,10647.914738201753
2019-06-25 09:30:00,10579.912554558836
2019-06-25 10:00:00,10392.48652583683
2019-06-25 10:30:00,10212.116088261986
2019-06-25 11:00:00,9962.951301416866
2019-06-25 11:30:00,9754.410179111132
2019-06-25 12:00:00,9648.593243084099
2019-06-25 12:30:00,9619.033915340888
2019-06-25 13:00:00,9477.264029329113
2019-06-25 13:30:00,9436.44221758027
2019-06-25 14:00:00,9397.810211930828
2019-06-25 14:30:00,9427.991008401144
2019-06-25 15:00:00,9524.486957783816
2019-06-25 15:30:00,9620.055057277055
2019-06-25 16:00:00,9948.148774815143
2019-06-25 16:30:00,10213.523009415834
2019-06-25 17:00:00,10702.375099026205
2019-06-25 17:30:00,11305.360942751797
2019-06-25 18:00:00,11862.104949047325
2019-06-25 18:30:00,11862.104949047325
2019-06-25 19:00:00,11572.736998858461
2019-06-25 19:30:00,11395.622919821555
2019-06-25 20:00:00,11195.0227078023
2019-06-25 20:30:00,10898.47457796385
2019-06-25 21:00:00,10671.401719376348
2019-06-25 21:30:00,10407.94508640699
2019-06-25 22:00:00,9992.869805839493
2019-06-25 22:30:00,9902.475395065872
2019-06-25 23:00:00,9411.791387661038
2019-06-25 23:30:00,9249.811709400448
2019-06-26 00:00:00,8994.02188196928
2019-06-26 00:30:00,8784.036658317254
2019-06-26 01:00:00,8569.310737791358
2019-06-26 01:30:00,8415.030087275492
2019-06-26 02:00:00,8065.886148594243
2019-06-26 02:30:00,7778.821456011977
2019-06-26 03:00:00,7513.776945625674
2019-06-26 03:30:00,7253.035397811909
2019-06-26 04:00:00,7172.6062479866105
2019-06-26 04:30:00,7172.6062479866105
2019-06-26 05:00:00,7380.571505202024
2019-06-26 05:30:00,7759.302082627457
2019-06-26 06:00:00,8191.045334721991
2019-06-26 06:30:00,8987.342727912894
2019-06-26 07:00:00,9754.566217915077
2019-06-26 07:30:00,10164.212472199837
2019-06-26 08:00:00,10339.936771528006
2019-06-26 08:30:00,10308.26175358401
2019-06-26 09:00:00,9998.960731206065
2019-06-26 09:30:00,9798.277291281313
2019-06-26 10:00:00,9565.641127000998
2019-06-26 10:30:00,9383.150082427172
2019-06-26 11:00:00,9177.83067359313
2019-06-26 11:30:00,9079.181950126667
2019-06-26 12:00:00,8895.54867937508
2019-06-26 12:30:00,8850.487046624437
2019-06-26 13:00:00,8841.506737193487
2019-06-26 13:30:00,8714.164550733065
2019-06-26 14:00:00,8825.42377519666
2019-06-26 14:30:00,8870.485407947303
2019-06-26 15:00:00,8982.737102892337
2019-06-26 15:30:00,9067.373037254452
2019-06-26 16:00:00,9343.156230549246
2019-06-26 16:30:00,9629.500863237965
2019-06-26 17:00:00,10251.319169495075
2019-06-26 17:30:00,10688.81208181347
2019-06-26 18:00:00,11189.057110740347
2019-06-26 18:30:00,11189.057110740347
2019-06-26 19:00:00,10996.162346418316
2019-06-26 19:30:00,10812.700376887396
2019-06-26 20:00:00,10608.574867521424
2019-06-26 20:30:00,10391.535663986075
2019-06-26 21:00:00,10216.714547741143
2019-06-26 21:30:00,10010.926211555892
2019-06-26 22:00:00,9621.636557923783
2019-06-26 22:30:00,9533.576322636973
2019-06-26 23:00:00,9194.438156354907
2019-06-26 23:30:00,9049.474498440837
2019-06-27 00:00:00,8794.998169882216
2019-06-27 00:30:00,8584.934698323254
2019-06-27 01:00:00,8365.465117725842
2019-06-27 01:30:00,8214.01033309957
2019-06-27 02:00:00,7988.185687427509
2019-06-27 02:30:00,7701.120994845242
2019-06-27 03:00:00,7419.81199034742
2019-06-27 03:30:00,7223.375308288405
2019-06-27 04:00:00,7036.328052513915
2019-06-27 04:30:00,6992.520536610823
2019-06-27 05:00:00,7130.182190341571
2019-06-27 05:30:00,7578.672572513741
2019-06-27 06:00:00,7997.526904148778
2019-06-27 06:30:00,8692.843173072275
2019-06-27 07:00:00,9458.451088743348
2019-06-27 07:30:00,9901.409832686548
2019-06-27 08:00:00,10114.026215729538
2019-06-27 08:30:00,9948.214019339917
2019-06-27 09:00:00,9724.066900077978
2019-06-27 09:30:00,9492.591451635139
2019-06-27 10:00:00,9375.720496054633
2019-06-27 10:30:00,9176.267690125665
2019-06-27 11:00:00,9001.577181781997
2019-06-27 11:30:00,8706.956023767856
2019-06-27 12:00:00,8562.690692131388
2019-06-27 12:30:00,8464.4546874948
2019-06-27 13:00:00,8405.268572483377
2019-06-27 13:30:00,8405.268572483377
2019-06-27 14:00:00,8420.552751011965
2019-06-27 14:30:00,8416.695839895281
2019-06-27 15:00:00,8467.094126715403
2019-06-27 15:30:00,8585.165643938972
2019-06-27 16:00:00,8846.470597524307
2019-06-27 16:30:00,9184.64375726101
2019-06-27 17:00:00,9758.120239332797
2019-06-27 17:30:00,10310.477045659209
2019-06-27 18:00:00,10881.480741218727
2019-06-27 18:30:00,10881.480741218727
2019-06-27 19:00:00,10887.509817720907
2019-06-27 19:30:00,10629.929389360654
2019-06-27 20:00:00,10485.60396370261
2019-06-27 20:30:00,10332.776126546658
2019-06-27 21:00:00,10129.29763239114
2019-06-27 21:30:00,9850.021928675631
2019-06-27 22:00:00,9479.508071683429
2019-06-27 22:30:00,9363.7978319404
2019-06-27 23:00:00,9120.227765151572
2019-06-27 23:30:00,8915.93245078484
2019-06-28 00:00:00,8807.689580183962
2019-06-28 00:30:00,8627.458111904509
2019-06-28 01:00:00,8400.042028354064
2019-06-28 01:30:00,8180.772583926769
2019-06-28 02:00:00,7962.7087437208575
2019-06-28 02:30:00,7628.405144817475
2019-06-28 03:00:00,7353.130465457569
2019-06-28 03:30:00,7110.861145859678
2019-06-28 04:00:00,6979.609397991565
2019-06-28 04:30:00,7035.230126110655
2019-06-28 05:00:00,7184.54733791362
2019-06-28 05:30:00,7593.967670914818
2019-06-28 06:00:00,8035.087016842646
2019-06-28 06:30:00,8776.243416150557
2019-06-28 07:00:00,9495.02135961047
2019-06-28 07:30:00,9937.98010355367
2019-06-28 08:00:00,10207.576764451216
2019-06-28 08:30:00,10001.788428265965
2019-06-28 09:00:00,9725.743416174866
2019-06-28 09:30:00,9509.321933267673
2019-06-28 10:00:00,9306.789365839508
2019-06-28 10:30:00,9158.323378004949
2019-06-28 11:00:00,8884.446443177349
2019-06-28 11:30:00,8647.936844212114
2019-06-28 12:00:00,8475.349652021014
2019-06-28 12:30:00,8350.8357784174
2019-06-28 13:00:00,8263.553322644666
2019-06-28 13:30:00,8263.553322644666
2019-06-28 14:00:00,8264.893303679886
2019-06-28 14:30:00,8351.521031496675
2019-06-28 15:00:00,8421.223234993986
2019-06-28 15:30:00,8466.717921872862
2019-06-28 16:00:00,8754.323617905287
2019-06-28 16:30:00,9073.067168333722
2019-06-28 17:00:00,9442.447199017553
2019-06-28 17:30:00,10025.384887827257
2019-06-28 18:00:00,10445.23044902872
2019-06-28 18:30:00,10456.98667476191
2019-06-28 19:00:00,10346.747863136532
2019-06-28 19:30:00,10217.32761978222
2019-06-28 20:00:00,10118.179013652618
2019-06-28 20:30:00,10058.7906357484
2019-06-28 21:00:00,9937.440325479673
2019-06-28 21:30:00,9711.608081609918
2019-06-28 22:00:00,9512.608170413892
2019-06-28 22:30:00,9396.786595829286
2019-06-28 23:00:00,9147.087643250254
2019-06-28 23:30:00,8962.364077577757
2019-06-29 00:00:00,8535.388634771003
2019-06-29 00:30:00,8281.483523095754
2019-06-29 01:00:00,8293.50367704079
2019-06-29 01:30:00,8089.108842804883
2019-06-29 02:00:00,7806.3209594581285
2019-06-29 02:30:00,7495.95424325483
2019-06-29 03:00:00,7111.390611477979
2019-06-29 03:30:00,6940.601285254052
2019-06-29 04:00:00,6830.172339298646
2019-06-29 04:30:00,6830.172339298646
2019-06-29 05:00:00,6778.968959900752
2019-06-29 05:30:00,7040.559612536018
2019-06-29 06:00:00,6997.685478571803
2019-06-29 06:30:00,7570.582080888198
2019-06-29 07:00:00,8077.522265009494
2019-06-29 07:30:00,8440.251108863318
2019-06-29 08:00:00,9072.431915198003
2019-06-29 08:30:00,9005.831238650038
2019-06-29 09:00:00,9036.807570746265
2019-06-29 09:30:00,8747.790210091882
2019-06-29 10:00:00,8449.751025637346
2019-06-29 10:30:00,8238.924586039613
2019-06-29 11:00:00,7970.339696725675
2019-06-29 11:30:00,7719.188981670486
2019-06-29 12:00:00,7597.714729175977
2019-06-29 12:30:00,7609.6150676368425
2019-06-29 13:00:00,7546.595577296021
2019-06-29 13:30:00,7530.5418780147
2019-06-29 14:00:00,7483.355486787934
2019-06-29 14:30:00,7495.195499701994
2019-06-29 15:00:00,7598.61239474825
2019-06-29 15:30:00,7617.878865163889
2019-06-29 16:00:00,7855.234399952139
2019-06-29 16:30:00,8109.049631931028
2019-06-29 17:00:00,8540.767553654354
2019-06-29 17:30:00,9100.76863319197
2019-06-29 18:00:00,9562.19366372179
2019-06-29 18:30:00,9605.921788597965
2019-06-29 19:00:00,9510.271011344517
2019-06-29 19:30:00,9374.54321828657
2019-06-29 20:00:00,9143.5508010039
2019-06-29 20:30:00,9054.48519002187
2019-06-29 21:00:00,8915.92259577086
2019-06-29 21:30:00,8730.37378590228
2019-06-29 22:00:00,8532.521538757861
2019-06-29 22:30:00,8476.030086098508
2019-06-29 23:00:00,8329.324059294364
2019-06-29 23:30:00,8215.84369987479
2019-06-30 00:00:00,8189.650564925928
2019-06-30 00:30:00,7986.562271460424
2019-06-30 01:00:00,7630.674967065037
2019-06-30 01:30:00,7358.517122753542
2019-06-30 02:00:00,7164.9816073014335
2019-06-30 02:30:00,6889.083969079221
2019-06-30 03:00:00,6806.083681701171
2019-06-30 03:30:00,6584.967930913708
2019-06-30 04:00:00,6411.895271707203
2019-06-30 04:30:00,6408.565271242342
2019-06-30 05:00:00,6440.322446915991
2019-06-30 05:30:00,6624.780620950228
2019-06-30 06:00:00,6730.498173152432
2019-06-30 06:30:00,7047.105168406935
2019-06-30 07:00:00,7249.258399062913
2019-06-30 07:30:00,7736.539029628862
2019-06-30 08:00:00,8093.224897756154
2019-06-30 08:30:00,8489.556572686062
2019-06-30 09:00:00,8573.96711578373
2019-06-30 09:30:00,8600.605878063716
2019-06-30 10:00:00,8384.773035801532
2019-06-30 10:30:00,8146.574320904164
2019-06-30 11:00:00,7990.565032275767
2019-06-30 11:30:00,7733.2824059251525
2019-06-30 12:00:00,7533.578745643989
2019-06-30 12:30:00,7353.644240236528
2019-06-30 13:00:00,7367.603751326332
2019-06-30 13:30:00,7214.057233959501
2019-06-30 14:00:00,7233.378784702442
2019-06-30 14:30:00,7297.094742505571
2019-06-30 15:00:00,7404.719467180986
2019-06-30 15:30:00,7568.324717419645
2019-06-30 16:00:00,7946.761096128815
2019-06-30 16:30:00,8251.593917229255
2019-06-30 17:00:00,8631.975951337758
2019-06-30 17:30:00,9252.45085180028
2019-06-30 18:00:00,9798.055909059245
2019-06-30 18:30:00,9697.259011956916
2019-06-30 19:00:00,9648.832982283935
2019-06-30 19:30:00,9449.380176354967
2019-06-30 20:00:00,9234.124479525588
2019-06-30 20:30:00,9007.072105998232
2019-06-30 21:00:00,8803.832141368612
2019-06-30 21:30:00,8676.76800514338
2019-06-30 22:00:00,8333.806081875184
2019-06-30 22:30:00,8333.806081875184
2019-06-30 23:00:00,8099.541141180141
2019-06-30 23:30:00,8032.583104216457
2019-07-01 00:00:00,7723.184810536871
2019-07-01 00:30:00,7682.091524244232
2019-07-01 01:00:00,7472.564646630653
2019-07-01 01:30:00,7400.776006534411
2019-07-01 02:00:00,7329.898257791668
2019-07-01 02:30:00,7007.988418634349
2019-07-01 03:00:00,6738.197079167875
2019-07-01 03:30:00,6630.809074473483
2019-07-01 04:00:00,6618.694174754506
2019-07-01 04:30:00,6606.878224554364
2019-07-01 05:00:00,6971.887829891715
2019-07-01 05:30:00,7044.423402257885
2019-07-01 06:00:00,7776.436359210866
2019-07-01 06:30:00,8070.381854901314
2019-07-01 07:00:00,9145.249351393615
2019-07-01 07:30:00,9437.59847845095
2019-07-01 08:00:00,9730.36822952734
2019-07-01 08:30:00,9826.97720329198
2019-07-01 09:00:00,9305.183365262257
2019-07-01 09:30:00,9376.65891842652
2019-07-01 10:00:00,9052.462630522403
2019-07-01 10:30:00,8903.5725847937
2019-07-01 11:00:00,8700.118510571916
2019-07-01 11:30:00,8507.218630911731
2019-07-01 12:00:00,8335.624669234563
2019-07-01 12:30:00,8156.6079155865
2019-07-01 13:00:00,8051.0631616027995
2019-07-01 13:30:00,8044.3438946216575
2019-07-01 14:00:00,8098.552956667574
2019-07-01 14:30:00,8202.07763450762
2019-07-01 15:00:00,8356.603450200753
2019-07-01 15:30:00,8574.872728153232
2019-07-01 16:00:00,8907.889156531981
2019-07-01 16:30:00,9338.236898846493
2019-07-01 17:00:00,9799.072958975112
2019-07-01 17:30:00,10444.552068435974
2019-07-01 18:00:00,11028.296427079677
2019-07-01 18:30:00,11150.75070815942
2019-07-01 19:00:00,11159.353364239436
2019-07-01 19:30:00,11052.29394473346
2019-07-01 20:00:00,10637.639320039056
2019-07-01 20:30:00,10527.781622525577
2019-07-01 21:00:00,10156.297957247745
2019-07-01 21:30:00,9976.358989120652
2019-07-01 22:00:00,9721.497323911266
2019-07-01 22:30:00,9477.316293921696
2019-07-01 23:00:00,9188.418270417902
2019-07-01 23:30:00,9040.156094544629
2019-07-02 00:00:00,8694.55231409454
2019-07-02 00:30:00,8503.015990436652
2019-07-02 01:00:00,8312.749937361701
2019-07-02 01:30:00,8159.009543763828
2019-07-02 02:00:00,7814.48667958966
2019-07-02 02:30:00,7581.537583677669
2019-07-02 03:00:00,7259.576195384516
2019-07-02 03:30:00,7136.033779455191
2019-07-02 04:00:00,7035.148389091488
2019-07-02 04:30:00,7181.349228009684
2019-07-02 05:00:00,7192.230536309562
2019-07-02 05:30:00,7551.064960922117
2019-07-02 06:00:00,8094.266601916301
2019-07-02 06:30:00,8807.43141863679
2019-07-02 07:00:00,9783.270009949416
2019-07-02 07:30:00,10337.759394235236
2019-07-02 08:00:00,10621.11041183871
2019-07-02 08:30:00,10613.079780232016
2019-07-02 09:00:00,10286.826164527873
2019-07-02 09:30:00,10127.223722189961
2019-07-02 10:00:00,9854.079780349864
2019-07-02 10:30:00,9638.111827709561
2019-07-02 11:00:00,9272.276899530169
2019-07-02 11:30:00,9010.223847951134
2019-07-02 12:00:00,8764.498912466614
2019-07-02 12:30:00,8592.998776906012
2019-07-02 13:00:00,8492.752182583341
2019-07-02 13:30:00,8474.202048562844
2019-07-02 14:00:00,8473.534623614225
2019-07-02 14:30:00,8530.894130663892
2019-07-02 15:00:00,8635.988448373604
2019-07-02 15:30:00,8881.504773388191
2019-07-02 16:00:00,9152.036800891512
2019-07-02 16:30:00,9364.836820101636
2019-07-02 17:00:00,10145.179526302087
2019-07-02 17:30:00,10754.4372680303
2019-07-02 18:00:00,11289.189144498429
2019-07-02 18:30:00,11289.189144498429
2019-07-02 19:00:00,11269.269664764992
2019-07-02 19:30:00,10984.538728063215
2019-07-02 20:00:00,10764.39386582938
2019-07-02 20:30:00,10594.54171551257
2019-07-02 21:00:00,10321.173400651887
2019-07-02 21:30:00,9996.902599309618
2019-07-02 22:00:00,9766.277822208267
2019-07-02 22:30:00,9490.693424446086
2019-07-02 23:00:00,9101.80772427068
2019-07-02 23:30:00,8930.302627704272
2019-07-03 00:00:00,8726.431910543903
2019-07-03 00:30:00,8516.36843898494
2019-07-03 01:00:00,8263.180000537282
2019-07-03 01:30:00,8057.660002213972
2019-07-03 02:00:00,7842.432018394994
2019-07-03 02:30:00,7495.157471021405
2019-07-03 03:00:00,7226.299747205003
2019-07-03 03:30:00,7035.621799469149
2019-07-03 04:00:00,6925.900260424005
2019-07-03 04:30:00,6969.707776327097
2019-07-03 05:00:00,7114.361465384189
2019-07-03 05:30:00,7562.733647366276
2019-07-03 06:00:00,8039.5100721826575
2019-07-03 06:30:00,8971.853083795806
2019-07-03 07:00:00,9747.922983754486
2019-07-03 07:30:00,10217.002053550892
2019-07-03 08:00:00,10559.454735688143
2019-07-03 08:30:00,10497.43541263656
2019-07-03 09:00:00,10196.606211366869
2019-07-03 09:30:00,9991.281876136067
2019-07-03 10:00:00,9693.278665575097
2019-07-03 10:30:00,9400.165142899257
2019-07-03 11:00:00,9143.73639957859
2019-07-03 11:30:00,8771.789942138292
2019-07-03 12:00:00,8590.137544120811
2019-07-03 12:30:00,8384.0489881498
2019-07-03 13:00:00,8228.478043234472
2019-07-03 13:30:00,8135.603456508257
2019-07-03 14:00:00,8019.330493235146
2019-07-03 14:30:00,8031.487464282024
2019-07-03 15:00:00,8238.510227668703
2019-07-03 15:30:00,8317.340610024421
2019-07-03 16:00:00,8591.667486417364
2019-07-03 16:30:00,8756.889956519004
2019-07-03 17:00:00,9487.233492470337
2019-07-03 17:30:00,10218.439459375159
2019-07-03 18:00:00,10857.340278571404
2019-07-03 18:30:00,11186.824304090627
2019-07-03 19:00:00,11048.408393296779
2019-07-03 19:30:00,10891.554629838549
2019-07-03 20:00:00,10682.503488963472
2019-07-03 20:30:00,10597.689913153852
2019-07-03 21:00:00,10408.548655100976
2019-07-03 21:30:00,10099.321544843879
2019-07-03 22:00:00,9722.258991748326
2019-07-03 22:30:00,9620.9193177731
2019-07-03 23:00:00,9297.146373194002
2019-07-03 23:30:00,9074.179105163292
2019-07-04 00:00:00,8849.898916275823
2019-07-04 00:30:00,8644.975215073642
2019-07-04 01:00:00,8409.233271250718
2019-07-04 01:30:00,8199.916008843882
2019-07-04 02:00:00,7988.031622192841
2019-07-04 02:30:00,7686.572017155542
2019-07-04 03:00:00,7450.050033961021
2019-07-04 03:30:00,7204.521004089745
2019-07-04 04:00:00,7059.396234365655
2019-07-04 04:30:00,7115.70228070318
2019-07-04 05:00:00,7337.48407359662
2019-07-04 05:30:00,7741.149285211581
2019-07-04 06:00:00,8221.381995286509
2019-07-04 06:30:00,8970.324919752018
2019-07-04 07:00:00,9825.910360266687
2019-07-04 07:30:00,10303.79922393864
2019-07-04 08:00:00,10535.806660468676
2019-07-04 08:30:00,10497.530608247627
2019-07-04 09:00:00,10197.906569819257
2019-07-04 09:30:00,9887.723556184004
2019-07-04 10:00:00,9616.27723634546
2019-07-04 10:30:00,9374.417067231927
2019-07-04 11:00:00,9060.45690779915
2019-07-04 11:30:00,8778.639159906377
2019-07-04 12:00:00,8692.323875346528
2019-07-04 12:30:00,8527.32203653821
2019-07-04 13:00:00,8523.205876249154
2019-07-04 13:30:00,8422.2844754901
2019-07-04 14:00:00,8414.023033438954
2019-07-04 14:30:00,8459.891367010443
2019-07-04 15:00:00,8516.319363649618
2019-07-04 15:30:00,8599.09741694286
2019-07-04 16:00:00,8921.040411615626
2019-07-04 16:30:00,9205.572777689693
2019-07-04 17:00:00,9774.356339831433
2019-07-04 17:30:00,10379.439971574744
2019-07-04 18:00:00,10831.33694212949
2019-07-04 18:30:00,10728.61193995736
2019-07-04 19:00:00,10667.058478081744
2019-07-04 19:30:00,10469.726723286996
2019-07-04 20:00:00,10340.627731458659
2019-07-04 20:30:00,10151.055985407664
2019-07-04 21:00:00,9790.447390079062
2019-07-04 21:30:00,9537.300193022118
2019-07-04 22:00:00,9196.45857751567
2019-07-04 22:30:00,9084.296163623178
2019-07-04 23:00:00,8775.275781811722
2019-07-04 23:30:00,8641.456732159926
2019-07-05 00:00:00,8472.09200916123
2019-07-05 00:30:00,8350.34562200805
2019-07-05 01:00:00,8104.151385292244
2019-07-05 01:30:00,7893.140578608784
2019-07-05 02:00:00,7581.172806927867
2019-07-05 02:30:00,7300.567634870951
2019-07-05 03:00:00,6996.5969584686345
2019-07-05 03:30:00,6870.240212319051
2019-07-05 04:00:00,6769.488590123339
2019-07-05 04:30:00,6786.33517594955
2019-07-05 05:00:00,6906.342969189923
2019-07-05 05:30:00,7265.09533461198
2019-07-05 06:00:00,7643.34356955396
2019-07-05 06:30:00,8421.270532172355
2019-07-05 07:00:00,9095.063090093265
2019-07-05 07:30:00,9502.179855953826
2019-07-05 08:00:00,9836.527588013802
2019-07-05 08:30:00,9836.527588013802
2019-07-05 09:00:00,9660.33335627201
2019-07-05 09:30:00,9551.391686311195
2019-07-05 10:00:00,9397.157234178136
2019-07-05 10:30:00,9264.367657597311
2019-07-05 11:00:00,9095.606922746638
2019-07-05 11:30:00,8943.746557770743
2019-07-05 12:00:00,8815.54686103384
2019-07-05 12:30:00,8663.9763863748
2019-07-05 13:00:00,8520.294862796452
2019-07-05 13:30:00,8516.900485655116
2019-07-05 14:00:00,8486.781750346046
2019-07-05 14:30:00,8559.10356495482
2019-07-05 15:00:00,8586.711764987296
2019-07-05 15:30:00,8632.514369423043
2019-07-05 16:00:00,8844.461633865141
2019-07-05 16:30:00,9108.48441273353
2019-07-05 17:00:00,9537.641005253981
2019-07-05 17:30:00,10047.234611205113
2019-07-05 18:00:00,10377.549489913785
2019-07-05 18:30:00,10368.207205239602
2019-07-05 19:00:00,10244.821514105844
2019-07-05 19:30:00,10125.619111736658
2019-07-05 20:00:00,9932.934515544432
2019-07-05 20:30:00,9793.69973133715
2019-07-05 21:00:00,9716.891907840942
2019-07-05 21:30:00,9457.729599041708
2019-07-05 22:00:00,9183.651294694846
2019-07-05 22:30:00,9104.94596371035
2019-07-05 23:00:00,8851.146983674347
2019-07-05 23:30:00,8696.182131873971
2019-07-06 00:00:00,8363.879855219446
2019-07-06 00:30:00,8165.788823336965
2019-07-06 01:00:00,8101.409285942113
2019-07-06 01:30:00,7847.915098713907
2019-07-06 02:00:00,7506.840503834414
2019-07-06 02:30:00,7211.1906958346135
2019-07-06 03:00:00,6894.191912542394
2019-07-06 03:30:00,6734.056794627554
2019-07-06 04:00:00,6620.217615768519
2019-07-06 04:30:00,6653.499826843684
2019-07-06 05:00:00,6569.64511999807
2019-07-06 05:30:00,6798.449917016259
2019-07-06 06:00:00,6744.946409620442
2019-07-06 06:30:00,7164.608403055702
2019-07-06 07:00:00,7626.0411748126535
2019-07-06 07:30:00,7976.107412408729
2019-07-06 08:00:00,8576.445822865027
2019-07-06 08:30:00,8584.462174638047
2019-07-06 09:00:00,8600.149488643663
2019-07-06 09:30:00,8453.867453478853
2019-07-06 10:00:00,8339.922236227958
2019-07-06 10:30:00,8264.347390196242
2019-07-06 11:00:00,8220.578405933926
2019-07-06 11:30:00,8034.750456843608
2019-07-06 12:00:00,8016.625278931693
2019-07-06 12:30:00,7997.893332465454
2019-07-06 13:00:00,7894.745656130602
2019-07-06 13:30:00,7806.817474001123
2019-07-06 14:00:00,7828.91692319273
2019-07-06 14:30:00,7734.8374189442175
2019-07-06 15:00:00,7844.34339984533
2019-07-06 15:30:00,7975.0715216619665
2019-07-06 16:00:00,8106.36002274252
2019-07-06 16:30:00,8267.319197430757
2019-07-06 17:00:00,8723.004107534183
2019-07-06 17:30:00,9230.42392955345
2019-07-06 18:00:00,9672.742961929158
2019-07-06 18:30:00,9621.147261962727
2019-07-06 19:00:00,9520.319224022884
2019-07-06 19:30:00,9400.617025327563
2019-07-06 20:00:00,9187.261690207071
2019-07-06 20:30:00,9085.60247799372
2019-07-06 21:00:00,8844.531664740616
2019-07-06 21:30:00,8814.972336997405
2019-07-06 22:00:00,8555.753827000055
2019-07-06 22:30:00,8430.938847741847
2019-07-06 23:00:00,8256.310108409
2019-07-06 23:30:00,8097.667952574458
2019-07-07 00:00:00,8127.173604224862
2019-07-07 00:30:00,7933.310591500167
2019-07-07 01:00:00,7625.027057057722
2019-07-07 01:30:00,7447.795029091404
2019-07-07 02:00:00,7173.351085259445
2019-07-07 02:30:00,6871.500550505577
2019-07-07 03:00:00,6697.488025171186
2019-07-07 03:30:00,6532.499216776666
2019-07-07 04:00:00,6427.422368071043
2019-07-07 04:30:00,6356.817752530519
2019-07-07 05:00:00,6440.1669566230685
2019-07-07 05:30:00,6527.332305173075
2019-07-07 06:00:00,6539.888142261615
2019-07-07 06:30:00,6899.888426486513
2019-07-07 07:00:00,7070.388259081856
2019-07-07 07:30:00,7421.662021680925
2019-07-07 08:00:00,7762.670428835411
2019-07-07 08:30:00,8087.3731075189135
2019-07-07 09:00:00,8283.902053843503
2019-07-07 09:30:00,8323.404832525295
2019-07-07 10:00:00,8217.999255871136
2019-07-07 10:30:00,8079.357840346658
2019-07-07 11:00:00,7931.451083299375
2019-07-07 11:30:00,7722.223635219455
2019-07-07 12:00:00,7540.443144235518
2019-07-07 12:30:00,7453.481716135461
2019-07-07 13:00:00,7316.9794925779
2019-07-07 13:30:00,7190.973835201687
2019-07-07 14:00:00,7252.688526949291
2019-07-07 14:30:00,7215.424860523966
2019-07-07 15:00:00,7310.1980983815
2019-07-07 15:30:00,7384.297134412452
2019-07-07 16:00:00,7723.4677759679
2019-07-07 16:30:00,8025.162908784557
2019-07-07 17:00:00,8626.551454104101
2019-07-07 17:30:00,9142.87506005286
2019-07-07 18:00:00,9758.011567794132
2019-07-07 18:30:00,9736.897261681477
2019-07-07 19:00:00,9665.99880383177
2019-07-07 19:30:00,9512.699640045266
2019-07-07 20:00:00,9299.27056298904
2019-07-07 20:30:00,9197.227462381243
2019-07-07 21:00:00,8978.485878363861
2019-07-07 21:30:00,8834.336020978528
2019-07-07 22:00:00,8493.99833182014
2019-07-07 22:30:00,8376.323857386964
2019-07-07 23:00:00,8148.147257885347
2019-07-07 23:30:00,8102.652571006473
2019-07-08 00:00:00,7944.976468135193
2019-07-08 00:30:00,7556.47252221028
2019-07-08 01:00:00,7318.365933856053
2019-07-08 01:30:00,7239.520052615638
2019-07-08 02:00:00,7068.5195598894725
2019-07-08 02:30:00,6765.173746295997
2019-07-08 03:00:00,6643.294658584107
2019-07-08 03:30:00,6561.931371897279
2019-07-08 04:00:00,6592.721661686789
2019-07-08 04:30:00,6592.721661686789
2019-07-08 05:00:00,6945.670494398608
2019-07-08 05:30:00,7148.978633728809
2019-07-08 06:00:00,7847.417382933076
2019-07-08 06:30:00,8212.415118727153
2019-07-08 07:00:00,9071.419467616219
2019-07-08 07:30:00,9334.045399401426
2019-07-08 08:00:00,9630.648569812298
2019-07-08 08:30:00,9902.169049060902
2019-07-08 09:00:00,9663.491937744233
2019-07-08 09:30:00,9734.484784351846
2019-07-08 10:00:00,9484.241160921027
2019-07-08 10:30:00,9398.732520121695
2019-07-08 11:00:00,9093.43111110438
2019-07-08 11:30:00,8849.268218329213
2019-07-08 12:00:00,8707.318512180545
2019-07-08 12:30:00,8575.777972854765
2019-07-08 13:00:00,8432.851976191838
2019-07-08 13:30:00,8410.846107913912
2019-07-08 14:00:00,8395.853012966994
2019-07-08 14:30:00,8447.424538553527
2019-07-08 15:00:00,8561.294129725453
2019-07-08 15:30:00,8754.344356534753
2019-07-08 16:00:00,8900.584360627186
2019-07-08 16:30:00,9293.032343877794
2019-07-08 17:00:00,9683.407455104872
2019-07-08 17:30:00,10210.955028149321
2019-07-08 18:00:00,10586.596886286428
2019-07-08 18:30:00,10630.655936819121
2019-07-08 19:00:00,10548.187224455716
2019-07-08 19:30:00,10309.009340805316
2019-07-08 20:00:00,10079.850417109628
2019-07-08 20:30:00,9932.266594138946
2019-07-08 21:00:00,9671.050493491372
2019-07-08 21:30:00,9406.815922241907
2019-07-08 22:00:00,9155.29253067939
2019-07-08 22:30:00,9092.198993019807
2019-07-08 23:00:00,8838.38341590463
2019-07-08 23:30:00,8561.925673601492
2019-07-09 00:00:00,8124.6328216004085
2019-07-09 00:30:00,7973.648272840142
2019-07-09 01:00:00,7986.927489572504
2019-07-09 01:30:00,7770.5391287950315
2019-07-09 02:00:00,7484.717169217633
2019-07-09 02:30:00,7263.853514932206
2019-07-09 03:00:00,6907.10180895259
2019-07-09 03:30:00,6815.132904715346
2019-07-09 04:00:00,6747.961761288751
2019-07-09 04:30:00,6779.552454122867
2019-07-09 05:00:00,6894.647233476047
2019-07-09 05:30:00,7193.274584696384
2019-07-09 06:00:00,7674.193677358078
2019-07-09 06:30:00,8094.004926654661
2019-07-09 07:00:00,8626.905971754215
2019-07-09 07:30:00,8972.647728049551
2019-07-09 08:00:00,9380.929248002023
2019-07-09 08:30:00,9508.576093985052
2019-07-09 09:00:00,9574.499899677512
2019-07-09 09:30:00,9484.680345051158
2019-07-09 10:00:00,9259.240106519996
2019-07-09 10:30:00,9119.380339435085
2019-07-09 11:00:00,8979.578700932385
2019-07-09 11:30:00,8756.380106840988
2019-07-09 12:00:00,8627.699485429592
2019-07-09 12:30:00,8566.55167181778
2019-07-09 13:00:00,8537.85680777468
2019-07-09 13:30:00,8504.00452962657
2019-07-09 14:00:00,8587.05306749651
2019-07-09 14:30:00,8538.98620247855
2019-07-09 15:00:00,8572.467695962956
2019-07-09 15:30:00,8515.705242156699
2019-07-09 16:00:00,8742.201635426209
2019-07-09 16:30:00,8983.995727614809
2019-07-09 17:00:00,9304.430197387512
2019-07-09 17:30:00,9796.487275180094
2019-07-09 18:00:00,10285.930467856422
2019-07-09 18:30:00,10378.138993947263
2019-07-09 19:00:00,10209.623559915019
2019-07-09 19:30:00,10116.203960273633
2019-07-09 20:00:00,9843.017828828859
2019-07-09 20:30:00,9715.375352587278
2019-07-09 21:00:00,9436.113933386689
2019-07-09 21:30:00,9272.797077178244
2019-07-09 22:00:00,8978.900502712364
2019-07-09 22:30:00,8844.275141986082
2019-07-09 23:00:00,8572.70292017231
2019-07-09 23:30:00,8511.12284432527
2019-07-10 00:00:00,8486.127004194943
2019-07-10 00:30:00,8261.626396437781
2019-07-10 01:00:00,8088.602988115561
2019-07-10 01:30:00,7812.806697508598
2019-07-10 02:00:00,7613.620922912306
2019-07-10 02:30:00,7298.702173956718
2019-07-10 03:00:00,7105.593329621892
2019-07-10 03:30:00,6966.608580876292
2019-07-10 04:00:00,6827.704251214615
2019-07-10 04:30:00,6777.686789154815
2019-07-10 05:00:00,6910.066249961189
2019-07-10 05:30:00,7273.219418383692
2019-07-10 06:00:00,7751.759406301458
2019-07-10 06:30:00,8486.853114474765
2019-07-10 07:00:00,9123.793306123069
2019-07-10 07:30:00,9468.520141071796
2019-07-10 08:00:00,9810.01772885292
2019-07-10 08:30:00,9821.147391083126
2019-07-10 09:00:00,9546.256622131756
2019-07-10 09:30:00,9363.398130602041
2019-07-10 10:00:00,9052.708500939758
2019-07-10 10:30:00,8845.877187918168
2019-07-10 11:00:00,8551.974913161746
2019-07-10 11:30:00,8347.109461311435
2019-07-10 12:00:00,8248.868609094727
2019-07-10 12:30:00,8150.091277826691
2019-07-10 13:00:00,7997.645272872677
2019-07-10 13:30:00,7991.0391747743115
2019-07-10 14:00:00,8028.279106357256
2019-07-10 14:30:00,8065.9415924486975
2019-07-10 15:00:00,8139.712872629363
2019-07-10 15:30:00,8334.3773886366
2019-07-10 16:00:00,8561.285930973509
2019-07-10 16:30:00,8874.266872098244
2019-07-10 17:00:00,9414.454682001387
2019-07-10 17:30:00,10149.010403687664
2019-07-10 18:00:00,10746.878611018037
2019-07-10 18:30:00,10791.158186469514
2019-07-10 19:00:00,10690.681234990061
2019-07-10 19:30:00,10654.857879672318
2019-07-10 20:00:00,10383.567833847228
2019-07-10 20:30:00,10347.46856788887
2019-07-10 21:00:00,10060.957792221136
2019-07-10 21:30:00,9785.418916687258
2019-07-10 22:00:00,9418.51907935472
2019-07-10 22:30:00,9322.950979861482
2019-07-10 23:00:00,9067.80912517503
2019-07-10 23:30:00,8812.91031271442
2019-07-11 00:00:00,8681.462978551477
2019-07-11 00:30:00,8547.993350330893
2019-07-11 01:00:00,8300.489089585164
2019-07-11 01:30:00,8037.614363419599
2019-07-11 02:00:00,7832.402280931022
2019-07-11 02:30:00,7462.49155250927
2019-07-11 03:00:00,7193.700522922841
2019-07-11 03:30:00,6994.977884077056
2019-07-11 04:00:00,6951.55619366036
2019-07-11 04:30:00,6951.55619366036
2019-07-11 05:00:00,7153.075917046509
2019-07-11 05:30:00,7463.661324461381
2019-07-11 06:00:00,7867.038025985433
2019-07-11 06:30:00,8576.397638945573
2019-07-11 07:00:00,9297.63857649848
2019-07-11 07:30:00,9689.435579515819
2019-07-11 08:00:00,10143.452447311136
2019-07-11 08:30:00,10206.999859690506
2019-07-11 09:00:00,9939.818462405734
2019-07-11 09:30:00,9638.205962791353
2019-07-11 10:00:00,9339.438763881522
2019-07-11 10:30:00,9144.657841599355
2019-07-11 11:00:00,8824.148161658919
2019-07-11 11:30:00,8601.918567753248
2019-07-11 12:00:00,8488.794726002036
2019-07-11 12:30:00,8299.94387760174
2019-07-11 13:00:00,8285.615375358857
2019-07-11 13:30:00,8289.009752500195
2019-07-11 14:00:00,8288.342327551576
2019-07-11 14:30:00,8324.698424049535
2019-07-11 15:00:00,8443.00030074914
2019-07-11 15:30:00,8527.304360657185
2019-07-11 16:00:00,8714.147055130783
2019-07-11 16:30:00,9112.238057763012
2019-07-11 17:00:00,9697.820379014633
2019-07-11 17:30:00,10316.49405860379
2019-07-11 18:00:00,10965.01057732566
2019-07-11 18:30:00,11139.130262182394
2019-07-11 19:00:00,11062.022472360299
2019-07-11 19:30:00,10876.679640151264
2019-07-11 20:00:00,10797.517780978666
2019-07-11 20:30:00,10556.846641454358
2019-07-11 21:00:00,10299.866472506908
2019-07-11 21:30:00,10233.674442924563
2019-07-11 22:00:00,9880.631624201822
2019-07-11 22:30:00,9743.968629495681
2019-07-11 23:00:00,9433.829389513661
2019-07-11 23:30:00,9169.806610645273
2019-07-12 00:00:00,8890.021948774573
2019-07-12 00:30:00,8667.108983551267
2019-07-12 01:00:00,8438.396671642548
2019-07-12 01:30:00,8152.29512396531
2019-07-12 02:00:00,7896.8213320826935
2019-07-12 02:30:00,7658.38920004354
2019-07-12 03:00:00,7280.00638850398
2019-07-12 03:30:00,7126.14362019497
2019-07-12 04:00:00,7002.560254187252
2019-07-12 04:30:00,7040.171159460811
2019-07-12 05:00:00,7132.848891696561
2019-07-12 05:30:00,7550.017655190816
2019-07-12 06:00:00,7832.042374929784
2019-07-12 06:30:00,8507.791353711735
2019-07-12 07:00:00,9158.094500542518
2019-07-12 07:30:00,9464.031057915428
2019-07-12 08:00:00,9812.583875096858
2019-07-12 08:30:00,9813.166198682162
2019-07-12 09:00:00,9588.751659085832
2019-07-12 09:30:00,9407.300613635422
2019-07-12 10:00:00,9077.54953397822
2019-07-12 10:30:00,8848.832363859954
2019-07-12 11:00:00,8625.779671086697
2019-07-12 11:30:00,8476.738217764665
2019-07-12 12:00:00,8354.126881433376
2019-07-12 12:30:00,8203.897566864913
2019-07-12 13:00:00,8155.346205137083
2019-07-12 13:30:00,8155.346205137083
2019-07-12 14:00:00,8200.910801279726
2019-07-12 14:30:00,8200.910801279726
2019-07-12 15:00:00,8248.3686377211
2019-07-12 15:30:00,8437.21948612139
2019-07-12 16:00:00,8612.191440923007
2019-07-12 16:30:00,8913.667585118543
2019-07-12 17:00:00,9299.174612157845
2019-07-12 17:30:00,9836.471124198566
2019-07-12 18:00:00,10394.09380805495
2019-07-12 18:30:00,10473.870705789926
2019-07-12 19:00:00,10401.889515066809
2019-07-12 19:30:00,10184.85031153146
2019-07-12 20:00:00,10134.142418849297
2019-07-12 20:30:00,9941.46417479626
2019-07-12 21:00:00,9876.811072561948
2019-07-12 21:30:00,9622.316516314688
2019-07-12 22:00:00,9504.31558077457
2019-07-12 22:30:00,9351.016416988066
2019-07-12 23:00:00,9086.60408989386
2019-07-12 23:30:00,8888.670559340677
2019-07-13 00:00:00,8553.841278727265
2019-07-13 00:30:00,8370.262048647115
2019-07-13 01:00:00,8188.453938931393
2019-07-13 01:30:00,7998.935138142139
2019-07-13 02:00:00,7697.479016614942
2019-07-13 02:30:00,7354.151282117752
2019-07-13 03:00:00,7053.709227204651
2019-07-13 03:30:00,6866.47362445486
2019-07-13 04:00:00,6757.672445464181
2019-07-13 04:30:00,6757.672445464181
2019-07-13 05:00:00,6722.855747530091
2019-07-13 05:30:00,6914.13149585893
2019-07-13 06:00:00,6937.055425536362
2019-07-13 06:30:00,7282.510980640089
2019-07-13 07:00:00,7670.387639797053
2019-07-13 07:30:00,7947.727954828301
2019-07-13 08:00:00,8501.467843937737
2019-07-13 08:30:00,8560.245462562169
2019-07-13 09:00:00,8718.052066228047
2019-07-13 09:30:00,8538.31294815524
2019-07-13 10:00:00,8357.91203553549
2019-07-13 10:30:00,8180.037608986828
2019-07-13 11:00:00,7962.479808900044
2019-07-13 11:30:00,7884.681766436213
2019-07-13 12:00:00,7700.707729856306
2019-07-13 12:30:00,7668.30072937193
2019-07-13 13:00:00,7605.69444833237
2019-07-13 13:30:00,7601.921952878404
2019-07-13 14:00:00,7569.56782746116
2019-07-13 14:30:00,7602.502522049534
2019-07-13 15:00:00,7683.307765941342
2019-07-13 15:30:00,7728.387795091976
2019-07-13 16:00:00,7910.2271758841525
2019-07-13 16:30:00,8111.445377724852
2019-07-13 17:00:00,8546.89831822679
2019-07-13 17:30:00,8881.409493730063
2019-07-13 18:00:00,9484.862268600238
2019-07-13 18:30:00,9484.862268600238
2019-07-13 19:00:00,9376.157211898459
2019-07-13 19:30:00,9234.028124649583
2019-07-13 20:00:00,8990.44240591012
2019-07-13 20:30:00,8885.329303731842
2019-07-13 21:00:00,8691.14314670524
2019-07-13 21:30:00,8588.879428118307
2019-07-13 22:00:00,8345.916805913042
2019-07-13 22:30:00,8345.916805913042
2019-07-13 23:00:00,8133.176467082182
2019-07-13 23:30:00,8049.318727161377
2019-07-14 00:00:00,8129.809950060292
2019-07-14 00:30:00,7968.210406776513
2019-07-14 01:00:00,7640.631871401602
2019-07-14 01:30:00,7333.790576760988
2019-07-14 02:00:00,7149.866261681255
2019-07-14 02:30:00,6896.519009508655
2019-07-14 03:00:00,6679.0476875823215
2019-07-14 03:30:00,6515.201794884373
2019-07-14 04:00:00,6340.351228072283
2019-07-14 04:30:00,6289.756404753142
2019-07-14 05:00:00,6392.4322911264135
2019-07-14 05:30:00,6502.227669523776
2019-07-14 06:00:00,6591.283902599892
2019-07-14 06:30:00,6976.475048126964
2019-07-14 07:00:00,7231.011276866277
2019-07-14 07:30:00,7500.457443544989
2019-07-14 08:00:00,7858.028440333913
2019-07-14 08:30:00,8137.839795480158
2019-07-14 09:00:00,8260.616423486861
2019-07-14 09:30:00,8260.616423486861
2019-07-14 10:00:00,8193.86301329024
2019-07-14 10:30:00,8062.6024000061725
2019-07-14 11:00:00,7906.313343166858
2019-07-14 11:30:00,7754.8646933117525
2019-07-14 12:00:00,7622.57206159092
2019-07-14 12:30:00,7585.163189409155
2019-07-14 13:00:00,7506.009169825736
2019-07-14 13:30:00,7412.5774020744075
2019-07-14 14:00:00,7413.160299263722
2019-07-14 14:30:00,7447.553869761036
2019-07-14 15:00:00,7605.570359650403
2019-07-14 15:30:00,7747.388650861841
2019-07-14 16:00:00,8065.961752645208
2019-07-14 16:30:00,8325.661635978468
2019-07-14 17:00:00,9202.68403268829
2019-07-14 17:30:00,9750.89812055836
2019-07-14 18:00:00,10455.341077403451
2019-07-14 18:30:00,10455.341077403451
2019-07-14 19:00:00,10445.619823780946
2019-07-14 19:30:00,10339.45165440297
2019-07-14 20:00:00,10110.677015197098
2019-07-14 20:30:00,10085.016107832487
2019-07-14 21:00:00,9777.616765638604
2019-07-14 21:30:00,9592.602592606567
2019-07-14 22:00:00,9193.775997875795
2019-07-14 22:30:00,9173.266410670116
2019-07-14 23:00:00,8935.79875392005
2019-07-14 23:30:00,8669.171625207975
2019-07-15 00:00:00,8609.849907302016
2019-07-15 00:30:00,8354.759751203119
2019-07-15 01:00:00,8016.897318659118
2019-07-15 01:30:00,7720.878224934402
2019-07-15 02:00:00,7597.830773112456
2019-07-15 02:30:00,7369.325950689128
2019-07-15 03:00:00,7193.813528740029
2019-07-15 03:30:00,6993.47807731824
2019-07-15 04:00:00,7135.956757478613
2019-07-15 04:30:00,6919.053889543809
2019-07-15 05:00:00,7139.67182351649
2019-07-15 05:30:00,7266.935453972768
2019-07-15 06:00:00,8240.218814481215
2019-07-15 06:30:00,8519.626591614431
2019-07-15 07:00:00,9605.218813114949
2019-07-15 07:30:00,9896.070885900097
2019-07-15 08:00:00,10322.556371343593
2019-07-15 08:30:00,10393.034583535378
2019-07-15 09:00:00,10015.41383830099
2019-07-15 09:30:00,10137.28048030465
2019-07-15 10:00:00,9758.962090287216
2019-07-15 10:30:00,9684.648931201602
2019-07-15 11:00:00,9257.718131591111
2019-07-15 11:30:00,9012.128189659372
2019-07-15 12:00:00,8870.089729546538
2019-07-15 12:30:00,8692.889682920242
2019-07-15 13:00:00,8629.868957203946
2019-07-15 13:30:00,8659.31218745552
2019-07-15 14:00:00,8745.855836944927
2019-07-15 14:30:00,8733.385290212713
2019-07-15 15:00:00,8874.91300819934
2019-07-15 15:30:00,9034.668489890892
2019-07-15 16:00:00,9566.192405976293
2019-07-15 16:30:00,9881.353851208412
2019-07-15 17:00:00,10468.044618395745
2019-07-15 17:30:00,11026.35381175157
2019-07-15 18:00:00,11496.712828359208
2019-07-15 18:30:00,11583.516451201047
2019-07-15 19:00:00,11538.505566272395
2019-07-15 19:30:00,11453.183096877709
2019-07-15 20:00:00,11099.586517092825
2019-07-15 20:30:00,10994.047083545089
2019-07-15 21:00:00,10569.278784699512
2019-07-15 21:30:00,10306.110007294179
2019-07-15 22:00:00,9957.888671787456
2019-07-15 22:30:00,9743.009872550909
2019-07-15 23:00:00,9228.084232197925
2019-07-15 23:30:00,9102.082409411316
2019-07-16 00:00:00,8853.920429028367
2019-07-16 00:30:00,8597.81616885393
2019-07-16 01:00:00,8528.408613376196
2019-07-16 01:30:00,8333.940562370915
2019-07-16 02:00:00,7929.355344941793
2019-07-16 02:30:00,7754.806222985621
2019-07-16 03:00:00,7447.910093845103
2019-07-16 03:30:00,7346.0275027663465
2019-07-16 04:00:00,7071.198781226077
2019-07-16 04:30:00,7260.123496774909
2019-07-16 05:00:00,7304.923658938325
2019-07-16 05:30:00,7573.470270239279
2019-07-16 06:00:00,8018.872856708647
2019-07-16 06:30:00,8616.38044923583
2019-07-16 07:00:00,9220.13739402055
2019-07-16 07:30:00,9674.314690011846
2019-07-16 08:00:00,10099.411157669052
2019-07-16 08:30:00,10099.411157669052
2019-07-16 09:00:00,9934.629151653775
2019-07-16 09:30:00,9698.045005451379
2019-07-16 10:00:00,9404.686671883197
2019-07-16 10:30:00,9242.706993622607
2019-07-16 11:00:00,9092.385734517746
2019-07-16 11:30:00,8831.859695862906
2019-07-16 12:00:00,8690.18964287701
2019-07-16 12:30:00,8572.08780074501
2019-07-16 13:00:00,8445.113886905025
2019-07-16 13:30:00,8452.556119408779
2019-07-16 14:00:00,8453.685514112649
2019-07-16 14:30:00,8395.286039786919
2019-07-16 15:00:00,8445.669606809242
2019-07-16 15:30:00,8597.124391435515
2019-07-16 16:00:00,8828.445679150103
2019-07-16 16:30:00,9120.597567302906
2019-07-16 17:00:00,9628.595128118237
2019-07-16 17:30:00,10281.704782272924
2019-07-16 18:00:00,11097.832519939355
2019-07-16 18:30:00,11228.60534554899
2019-07-16 19:00:00,11204.673806404287
2019-07-16 19:30:00,11002.50629811005
2019-07-16 20:00:00,10751.815479684445
2019-07-16 20:30:00,10683.903968244009
2019-07-16 21:00:00,10412.516719885549
2019-07-16 21:30:00,10237.294004561487
2019-07-16 22:00:00,9864.458926103453
2019-07-16 22:30:00,9701.70613982013
2019-07-16 23:00:00,9262.114590438257
2019-07-16 23:30:00,9076.797142554366
2019-07-17 00:00:00,8857.216203483325
2019-07-17 00:30:00,8673.507863275483
2019-07-17 01:00:00,8494.0261196119
2019-07-17 01:30:00,8188.935622997057
2019-07-17 02:00:00,7965.660783062983
2019-07-17 02:30:00,7620.478012737314
2019-07-17 03:00:00,7489.411202948805
2019-07-17 03:30:00,7193.5418551506555
2019-07-17 04:00:00,7070.3024214724155
2019-07-17 04:30:00,7121.109163330693
2019-07-17 05:00:00,7234.851920601589
2019-07-17 05:30:00,7617.257519267975
2019-07-17 06:00:00,8069.117188454198
2019-07-17 06:30:00,8776.91167555561
2019-07-17 07:00:00,9466.037506510329
2019-07-17 07:30:00,9826.414428290062
2019-07-17 08:00:00,10305.56482894802
2019-07-17 08:30:00,10322.01942500265
2019-07-17 09:00:00,10000.964918806756
2019-07-17 09:30:00,9794.80306575866
2019-07-17 10:00:00,9425.177770821134
2019-07-17 10:30:00,9175.907700524069
2019-07-17 11:00:00,8837.333370526729
2019-07-17 11:30:00,8537.591429547285
2019-07-17 12:00:00,8424.467587796073
2019-07-17 12:30:00,8271.972835893737
2019-07-17 13:00:00,8176.026835361949
2019-07-17 13:30:00,8091.369753359817
2019-07-17 14:00:00,8003.6335589549335
2019-07-17 14:30:00,8136.447088450978
2019-07-17 15:00:00,8241.532763540956
2019-07-17 15:30:00,8448.933745961745
2019-07-17 16:00:00,8689.666224406625
2019-07-17 16:30:00,8932.316073440634
2019-07-17 17:00:00,9384.442931987101
2019-07-17 17:30:00,10049.886816358465
2019-07-17 18:00:00,10715.051506703961
2019-07-17 18:30:00,10801.176645360438
2019-07-17 19:00:00,10779.298404717187
2019-07-17 19:30:00,10661.74328390299
2019-07-17 20:00:00,10398.841429499153
2019-07-17 20:30:00,10352.424000065143
2019-07-17 21:00:00,10095.359820203115
2019-07-17 21:30:00,9862.60459314432
2019-07-17 22:00:00,9542.199083793661
2019-07-17 22:30:00,9347.771432979836
2019-07-17 23:00:00,9057.367282516383
2019-07-17 23:30:00,8890.442231596919
2019-07-18 00:00:00,8745.049400205926
2019-07-18 00:30:00,8507.700818561612
2019-07-18 01:00:00,8311.17077557842
2019-07-18 01:30:00,8116.90622296183
2019-07-18 02:00:00,7824.336418684818
2019-07-18 02:30:00,7529.928593060786
2019-07-18 03:00:00,7180.109040010638
2019-07-18 03:30:00,6952.045888642196
2019-07-18 04:00:00,6891.5087919637335
2019-07-18 04:30:00,6974.625175974539
2019-07-18 05:00:00,7073.653573448505
2019-07-18 05:30:00,7457.927058100425
2019-07-18 06:00:00,7881.824761401135
2019-07-18 06:30:00,8603.191281522402
2019-07-18 07:00:00,9216.198724112031
2019-07-18 07:30:00,9673.570817186748
2019-07-18 08:00:00,10122.394636975507
2019-07-18 08:30:00,9915.436387166746
2019-07-18 09:00:00,9699.103039476418
2019-07-18 09:30:00,9446.04539039683
2019-07-18 10:00:00,9186.272319588106
2019-07-18 10:30:00,8886.295688427124
2019-07-18 11:00:00,8613.765892837739
2019-07-18 11:30:00,8413.011430929311
2019-07-18 12:00:00,8148.842522726332
2019-07-18 12:30:00,7957.049512127948
2019-07-18 13:00:00,7876.287360445492
2019-07-18 13:30:00,7884.811295712944
2019-07-18 14:00:00,7900.738385767771
2019-07-18 14:30:00,7943.6285191045035
2019-07-18 15:00:00,8059.359405984703
2019-07-18 15:30:00,8179.504941826442
2019-07-18 16:00:00,8495.562676268451
2019-07-18 16:30:00,8791.280363961092
2019-07-18 17:00:00,9282.645137158646
2019-07-18 17:30:00,9827.666346269436
2019-07-18 18:00:00,10449.93365468397
2019-07-18 18:30:00,10624.181665430713
2019-07-18 19:00:00,10688.903171354013
2019-07-18 19:30:00,10568.825212673884
2019-07-18 20:00:00,10394.770506299366
2019-07-18 20:30:00,10255.535722092085
2019-07-18 21:00:00,10017.248623188816
2019-07-18 21:30:00,9762.754066941556
2019-07-18 22:00:00,9358.136052043874
2019-07-18 22:30:00,9258.921133853699
2019-07-18 23:00:00,8920.358425891178
2019-07-18 23:30:00,8830.218974440162
2019-07-19 00:00:00,8659.242567852529
2019-07-19 00:30:00,8515.192548184617
2019-07-19 01:00:00,8323.076378835945
2019-07-19 01:30:00,8041.119647838344
2019-07-19 02:00:00,7778.622682152716
2019-07-19 02:30:00,7559.949111159679
2019-07-19 03:00:00,7200.5242670746875
2019-07-19 03:30:00,7054.886504988229
2019-07-19 04:00:00,6962.66118335376
2019-07-19 04:30:00,7016.7266846819475
2019-07-19 05:00:00,7138.314596131927
2019-07-19 05:30:00,7543.169440068337
2019-07-19 06:00:00,7961.64763622794
2019-07-19 06:30:00,8622.92793203982
2019-07-19 07:00:00,9187.558931003901
2019-07-19 07:30:00,9498.203986861266
2019-07-19 08:00:00,9884.469944553008
2019-07-19 08:30:00,9819.980869308118
2019-07-19 09:00:00,9640.388025593193
2019-07-19 09:30:00,9411.342208794911
2019-07-19 10:00:00,9101.319111121054
2019-07-19 10:30:00,8827.49218680561
2019-07-19 11:00:00,8543.096477759702
2019-07-19 11:30:00,8238.642269114893
2019-07-19 12:00:00,8051.4542410726945
2019-07-19 12:30:00,7949.723554914746
2019-07-19 13:00:00,7868.96140323229
2019-07-19 13:30:00,7868.96140323229
2019-07-19 14:00:00,7840.242152464866
2019-07-19 14:30:00,7896.178562846432
2019-07-19 15:00:00,7972.391462536826
2019-07-19 15:30:00,8127.743783174465
2019-07-19 16:00:00,8320.696806696813
2019-07-19 16:30:00,8634.41600835479
2019-07-19 17:00:00,9113.467730073997
2019-07-19 17:30:00,9625.137734124834
2019-07-19 18:00:00,10231.527677784332
2019-07-19 18:30:00,10445.838315903897
2019-07-19 19:00:00,10291.210497205415
2019-07-19 19:30:00,10248.348397826601
2019-07-19 20:00:00,10090.541542051804
2019-07-19 20:30:00,10116.301079351233
2019-07-19 21:00:00,10065.437914214173
2019-07-19 21:30:00,9752.419853306134
2019-07-19 22:00:00,9525.312519066012
2019-07-19 22:30:00,9385.145800844733
2019-07-19 23:00:00,9039.918082828612
2019-07-19 23:30:00,8894.954424914542
2019-07-20 00:00:00,8713.683943945403
2019-07-20 00:30:00,8611.124632319767
2019-07-20 01:00:00,8370.536037688933
2019-07-20 01:30:00,8072.765217870657
2019-07-20 02:00:00,7729.472878752082
2019-07-20 02:30:00,7423.377594468285
2019-07-20 03:00:00,7106.953713676386
2019-07-20 03:30:00,6999.773772010458
2019-07-20 04:00:00,6793.847066910885
2019-07-20 04:30:00,6848.4776332575675
2019-07-20 05:00:00,6847.938021516122
2019-07-20 05:30:00,7093.181506880618
2019-07-20 06:00:00,7023.915947655757
2019-07-20 06:30:00,7532.111385161604
2019-07-20 07:00:00,7809.235870852544
2019-07-20 07:30:00,8221.99836624127
2019-07-20 08:00:00,8664.81502259911
2019-07-20 08:30:00,8891.389090672674
2019-07-20 09:00:00,9252.433698978328
2019-07-20 09:30:00,8921.024878565802
2019-07-20 10:00:00,8592.536902253913
2019-07-20 10:30:00,8290.195008255627
2019-07-20 11:00:00,7987.45044350979
2019-07-20 11:30:00,7738.259049248261
2019-07-20 12:00:00,7603.978079233405
2019-07-20 12:30:00,7577.46583727174
2019-07-20 13:00:00,7484.082730060791
2019-07-20 13:30:00,7510.961400337644
2019-07-20 14:00:00,7375.516582556662
2019-07-20 14:30:00,7411.315603654208
2019-07-20 15:00:00,7469.882859461951
2019-07-20 15:30:00,7563.160280108196
2019-07-20 16:00:00,7650.540755374213
2019-07-20 16:30:00,8006.3148858755485
2019-07-20 17:00:00,8479.013103193707
2019-07-20 17:30:00,9086.033327453019
2019-07-20 18:00:00,9718.534454543791
2019-07-20 18:30:00,9731.455782373167
2019-07-20 19:00:00,9735.264248975041
2019-07-20 19:30:00,9591.907625152957
2019-07-20 20:00:00,9416.052824601722
2019-07-20 20:30:00,9349.452148053757
2019-07-20 21:00:00,9301.136137514186
2019-07-20 21:30:00,9230.880423719962
2019-07-20 22:00:00,8921.028277857338
2019-07-20 22:30:00,8799.618157802595
2019-07-20 23:00:00,8534.366296303493
2019-07-20 23:30:00,8409.551317045285
2019-07-21 00:00:00,8406.454451464222
2019-07-21 00:30:00,8113.329404674087
2019-07-21 01:00:00,7748.851839236839
2019-07-21 01:30:00,7494.833033324437
2019-07-21 02:00:00,7316.9127283687085
2019-07-21 02:30:00,6940.446524899887
2019-07-21 03:00:00,6861.101174403656
2019-07-21 03:30:00,6639.837480255546
2019-07-21 04:00:00,6542.311215024562
2019-07-21 04:30:00,6454.76561739816
2019-07-21 05:00:00,6469.149262694308
2019-07-21 05:30:00,6568.075682059178
2019-07-21 06:00:00,6736.157191514236
2019-07-21 06:30:00,7189.534492151926
2019-07-21 07:00:00,7481.30258553425
2019-07-21 07:30:00,7843.414378155077
2019-07-21 08:00:00,8311.69080925171
2019-07-21 08:30:00,8685.9625367091
2019-07-21 09:00:00,8707.117605817242
2019-07-21 09:30:00,8638.933557957705
2019-07-21 10:00:00,8426.576166379455
2019-07-21 10:30:00,8100.022416123364
2019-07-21 11:00:00,7855.141331466742
2019-07-21 11:30:00,7532.504591789068
2019-07-21 12:00:00,7304.087792500073
2019-07-21 12:30:00,7107.25644678186
2019-07-21 13:00:00,6978.623018528687
2019-07-21 13:30:00,6963.428782637925
2019-07-21 14:00:00,7025.25282243393
2019-07-21 14:30:00,7028.018956725793
2019-07-21 15:00:00,7017.318423965298
2019-07-21 15:30:00,7151.795173436394
2019-07-21 16:00:00,7436.741902105012
2019-07-21 16:30:00,7819.38104074696
2019-07-21 17:00:00,8345.516438802859
2019-07-21 17:30:00,8987.206449707732
2019-07-21 18:00:00,9797.23007838991
2019-07-21 18:30:00,9888.873013375365
2019-07-21 19:00:00,9981.644708051297
2019-07-21 19:30:00,9854.32399801934
2019-07-21 20:00:00,9677.983426671355
2019-07-21 20:30:00,9582.415327178116
2019-07-21 21:00:00,9350.362435035982
2019-07-21 21:30:00,9169.573131467358
2019-07-21 22:00:00,8861.199826429978
2019-07-21 22:30:00,8739.18853165151
2019-07-21 23:00:00,8420.08669544461
2019-07-21 23:30:00,8198.499408685937
2019-07-22 00:00:00,8121.178590269124
2019-07-22 00:30:00,7833.350289133135
2019-07-22 01:00:00,7470.230056441601
2019-07-22 01:30:00,7230.641021779329
2019-07-22 02:00:00,7154.953536344455
2019-07-22 02:30:00,6917.003399360989
2019-07-22 03:00:00,6710.652854547374
2019-07-22 03:30:00,6619.2187030094665
2019-07-22 04:00:00,6641.937165678808
2019-07-22 04:30:00,6641.937165678808
2019-07-22 05:00:00,7002.974903513741
2019-07-22 05:30:00,7106.146493551008
2019-07-22 06:00:00,7960.722133779885
2019-07-22 06:30:00,8406.757217260272
2019-07-22 07:00:00,9517.179605130694
2019-07-22 07:30:00,9774.2293561811
2019-07-22 08:00:00,10187.369778862963
2019-07-22 08:30:00,10350.259110945482
2019-07-22 09:00:00,9840.493736529308
2019-07-22 09:30:00,9725.880338374494
2019-07-22 10:00:00,9205.995541708662
2019-07-22 10:30:00,8901.632256002758
2019-07-22 11:00:00,8689.998642475231
2019-07-22 11:30:00,8314.776938569014
2019-07-22 12:00:00,7932.17498801477
2019-07-22 12:30:00,7776.574227572934
2019-07-22 13:00:00,7699.405479188983
2019-07-22 13:30:00,7623.577285439681
2019-07-22 14:00:00,7700.698871355163
2019-07-22 14:30:00,7702.741589135611
2019-07-22 15:00:00,7863.176398433245
2019-07-22 15:30:00,8146.647685390661
2019-07-22 16:00:00,8614.583758778443
2019-07-22 16:30:00,8820.029123003014
2019-07-22 17:00:00,9265.931650201785
2019-07-22 17:30:00,9634.988005505742
2019-07-22 18:00:00,10325.941528035168
2019-07-22 18:30:00,10548.272352251664
2019-07-22 19:00:00,10371.397741435578
2019-07-22 19:30:00,10270.261219604008
2019-07-22 20:00:00,9939.771016165865
2019-07-22 20:30:00,9882.47892705383
2019-07-22 21:00:00,9659.371099903643
2019-07-22 21:30:00,9248.384666060361
2019-07-22 22:00:00,9186.539678629313
2019-07-22 22:30:00,8896.772378462148
2019-07-22 23:00:00,8515.030173846262
2019-07-22 23:30:00,8374.034460072055
2019-07-23 00:00:00,8223.120226894378
2019-07-23 00:30:00,8133.512619064612
2019-07-23 01:00:00,7954.177543566531
2019-07-23 01:30:00,7800.319489999304
2019-07-23 02:00:00,7508.67314408315
2019-07-23 02:30:00,7336.99433691501
2019-07-23 03:00:00,6844.134210974416
2019-07-23 03:30:00,6839.088879580862
2019-07-23 04:00:00,6734.547863969885
2019-07-23 04:30:00,6803.5084289883835
2019-07-23 05:00:00,6995.465434268147
2019-07-23 05:30:00,7385.801253006334
2019-07-23 06:00:00,7840.667095235889
2019-07-23 06:30:00,8442.69862980603
2019-07-23 07:00:00,9210.819468541607
2019-07-23 07:30:00,9555.657638331912
2019-07-23 08:00:00,9873.6805799562
2019-07-23 08:30:00,9785.900996242066
2019-07-23 09:00:00,9674.372669453933
2019-07-23 09:30:00,9465.434157966309
2019-07-23 10:00:00,9259.513491009784
2019-07-23 10:30:00,9097.533812749194
2019-07-23 11:00:00,8804.485233531494
2019-07-23 11:30:00,8502.844420712412
2019-07-23 12:00:00,8311.49909882442
2019-07-23 12:30:00,8106.826208041787
2019-07-23 13:00:00,8014.269004630528
2019-07-23 13:30:00,7938.049861965117
2019-07-23 14:00:00,7949.313726620243
2019-07-23 14:30:00,7969.895427850982
2019-07-23 15:00:00,8073.0376476064785
2019-07-23 15:30:00,8093.475777231456
2019-07-23 16:00:00,8230.125413915832
2019-07-23 16:30:00,8504.913587545216
2019-07-23 17:00:00,8894.320774707927
2019-07-23 17:30:00,9389.965059107366
2019-07-23 18:00:00,10113.026354540325
2019-07-23 18:30:00,10206.44595418171
2019-07-23 19:00:00,10167.520091266993
2019-07-23 19:30:00,10014.456464613962
2019-07-23 20:00:00,9830.732038403496
2019-07-23 20:30:00,9633.60142581593
2019-07-23 21:00:00,9436.387317876477
2019-07-23 21:30:00,9201.520052040636
2019-07-23 22:00:00,8964.501373444351
2019-07-23 22:30:00,8943.074209622893
2019-07-23 23:00:00,8569.016935111866
2019-07-23 23:30:00,8477.439593851746
2019-07-24 00:00:00,8323.637827333478
2019-07-24 00:30:00,8197.605860637133
2019-07-24 01:00:00,7962.921326302393
2019-07-24 01:30:00,7773.898425154082
2019-07-24 02:00:00,7530.090034795866
2019-07-24 02:30:00,7152.897808785193
2019-07-24 03:00:00,6909.909896033933
2019-07-24 03:30:00,6764.744104281076
2019-07-24 04:00:00,6649.145257618989
2019-07-24 04:30:00,6673.584563792373
2019-07-24 05:00:00,6786.621846192993
2019-07-24 05:30:00,7081.865863877809
2019-07-24 06:00:00,7608.384369955434
2019-07-24 06:30:00,8344.359670935895
2019-07-24 07:00:00,9156.621973003785
2019-07-24 07:30:00,9623.346884009292
2019-07-24 08:00:00,9777.31254577105
2019-07-24 08:30:00,9477.647003353117
2019-07-24 09:00:00,9111.513424229961
2019-07-24 09:30:00,8780.074597219116
2019-07-24 10:00:00,8471.32338620496
2019-07-24 10:30:00,8197.038851237978
2019-07-24 11:00:00,7909.453054086928
2019-07-24 11:30:00,7796.326813845464
2019-07-24 12:00:00,7647.046075514382
2019-07-24 12:30:00,7546.591589570389
2019-07-24 13:00:00,7374.07871807487
2019-07-24 13:30:00,7474.433350603477
2019-07-24 14:00:00,7535.018647647213
2019-07-24 14:30:00,7619.911717996202
2019-07-24 15:00:00,7724.133083264288
2019-07-24 15:30:00,7811.56794806363
2019-07-24 16:00:00,8115.510636043335
2019-07-24 16:30:00,8336.316526209397
2019-07-24 17:00:00,8780.47069962013
2019-07-24 17:30:00,9134.879821279586
2019-07-24 18:00:00,9841.392913139793
2019-07-24 18:30:00,9962.821701197727
2019-07-24 19:00:00,9951.82924840795
2019-07-24 19:30:00,9769.830377831564
2019-07-24 20:00:00,9584.846876668711
2019-07-24 20:30:00,9472.779185051935
2019-07-24 21:00:00,9330.709752524646
2019-07-24 21:30:00,9089.930725778207
2019-07-24 22:00:00,8819.128645206354
2019-07-24 22:30:00,8736.484556922349
2019-07-24 23:00:00,8478.762063643402
2019-07-24 23:30:00,8358.917284501684
2019-07-25 00:00:00,8272.717488626691
2019-07-25 00:30:00,8109.494577564124
2019-07-25 01:00:00,7840.488765970106
2019-07-25 01:30:00,7645.141471045226
2019-07-25 02:00:00,7416.919082989231
2019-07-25 02:30:00,7122.136445130162
2019-07-25 03:00:00,6873.755096073954
2019-07-25 03:30:00,6767.041893730256
2019-07-25 04:00:00,6650.064645108523
2019-07-25 04:30:00,6701.717060401234
2019-07-25 05:00:00,6811.725334310032
2019-07-25 05:30:00,7084.121552383683
2019-07-25 06:00:00,7517.3396978823275
2019-07-25 06:30:00,8291.868391201398
2019-07-25 07:00:00,9120.18291880734
2019-07-25 07:30:00,9437.418011946274
2019-07-25 08:00:00,9643.563220023383
2019-07-25 08:30:00,9479.198340367215
2019-07-25 09:00:00,9041.197539019398
2019-07-25 09:30:00,8727.844434539018
2019-07-25 10:00:00,8534.512797452058
2019-07-25 10:30:00,8315.550509961726
2019-07-25 11:00:00,8116.490121515792
2019-07-25 11:30:00,7968.372143564958
2019-07-25 12:00:00,7839.556601871809
2019-07-25 12:30:00,7768.99708596287
2019-07-25 13:00:00,7693.0939695804855
2019-07-25 13:30:00,7632.344099892957
2019-07-25 14:00:00,7717.544994902765
2019-07-25 14:30:00,7739.204713366841
2019-07-25 15:00:00,7845.609381243876
2019-07-25 15:30:00,7971.767686675761
2019-07-25 16:00:00,8203.498722876207
2019-07-25 16:30:00,8499.725368408872
2019-07-25 17:00:00,8928.231076034437
2019-07-25 17:30:00,9504.739720756146
2019-07-25 18:00:00,10251.938717152314
2019-07-25 18:30:00,10391.173501359595
2019-07-25 19:00:00,10378.169235504763
2019-07-25 19:30:00,10238.934451297482
2019-07-25 20:00:00,10021.785375132109
2019-07-25 20:30:00,9914.55565040932
2019-07-25 21:00:00,9711.270512425832
2019-07-25 21:30:00,9509.623159655546
2019-07-25 22:00:00,9214.728738055313
2019-07-25 22:30:00,9153.574301954899
2019-07-25 23:00:00,8864.825256441924
2019-07-25 23:30:00,8786.026578641777
2019-07-26 00:00:00,8574.972415855202
2019-07-26 00:30:00,8468.924949493166
2019-07-26 01:00:00,8292.763496940666
2019-07-26 01:30:00,8130.857201398761
2019-07-26 02:00:00,7857.380702521479
2019-07-26 02:30:00,7544.86009321984
2019-07-26 03:00:00,7278.907719387596
2019-07-26 03:30:00,7109.653444745428
2019-07-26 04:00:00,6985.961134083661
2019-07-26 04:30:00,7051.617787477407
2019-07-26 05:00:00,7154.717493546524
2019-07-26 05:30:00,7561.802813446468
2019-07-26 06:00:00,7988.101304361334
2019-07-26 06:30:00,8848.94511451589
2019-07-26 07:00:00,9628.12598675706
2019-07-26 07:30:00,10139.334820402059
2019-07-26 08:00:00,10369.010104827865
2019-07-26 08:30:00,10103.818000777072
2019-07-26 09:00:00,9788.506304500284
2019-07-26 09:30:00,9489.71350525827
2019-07-26 10:00:00,9168.769324061832
2019-07-26 10:30:00,9023.805666147762
2019-07-26 11:00:00,8658.750395141977
2019-07-26 11:30:00,8455.431948621039
2019-07-26 12:00:00,8251.910929523041
2019-07-26 12:30:00,8066.732740626136
2019-07-26 13:00:00,7921.104700484611
2019-07-26 13:30:00,7805.471623062821
2019-07-26 14:00:00,7864.28884645438
2019-07-26 14:30:00,7896.785280169594
2019-07-26 15:00:00,7980.0197333345795
2019-07-26 15:30:00,8100.165269176318
2019-07-26 16:00:00,8235.905815794607
2019-07-26 16:30:00,8553.5402334988
2019-07-26 17:00:00,9025.270438639274
2019-07-26 17:30:00,9524.58686355575
2019-07-26 18:00:00,10137.915241112822
2019-07-26 18:30:00,10364.296729322354
2019-07-26 19:00:00,10282.973253925053
2019-07-26 19:30:00,10150.824445154956
2019-07-26 20:00:00,10045.969971871986
2019-07-26 20:30:00,9910.723396343554
2019-07-26 21:00:00,9938.676070884665
2019-07-26 21:30:00,9640.903336268606
2019-07-26 22:00:00,9430.59864527673
2019-07-26 22:30:00,9290.510361128165
2019-07-26 23:00:00,8918.839447826815
2019-07-26 23:30:00,8720.90591727363
2019-07-27 00:00:00,8780.119672123183
2019-07-27 00:30:00,8510.945700280501
2019-07-27 01:00:00,8307.149653432753
2019-07-27 01:30:00,8148.759389147979
2019-07-27 02:00:00,7808.582604358145
2019-07-27 02:30:00,7483.740148824879
2019-07-27 03:00:00,7116.240541405221
2019-07-27 03:30:00,6999.59933760127
2019-07-27 04:00:00,6810.446921703738
2019-07-27 04:30:00,6854.935274650878
2019-07-27 05:00:00,6793.964386079175
2019-07-27 05:30:00,7060.968302414077
2019-07-27 06:00:00,6988.727035527398
2019-07-27 06:30:00,7526.398697875226
2019-07-27 07:00:00,7819.961546302922
2019-07-27 07:30:00,8310.95137552048
2019-07-27 08:00:00,8837.652201915753
2019-07-27 08:30:00,8899.795825936122
2019-07-27 09:00:00,9100.278337649244
2019-07-27 09:30:00,8902.415975116439
2019-07-27 10:00:00,8729.132362315788
2019-07-27 10:30:00,8543.329649444688
2019-07-27 11:00:00,8230.982600755311
2019-07-27 11:30:00,8130.010885579228
2019-07-27 12:00:00,8020.997953568331
2019-07-27 12:30:00,7937.140213647525
2019-07-27 13:00:00,7902.512707908577
2019-07-27 13:30:00,7814.584525779098
2019-07-27 14:00:00,7724.593964781523
2019-07-27 14:30:00,7625.544989204938
2019-07-27 15:00:00,7724.698838158752
2019-07-27 15:30:00,7857.187541679158
2019-07-27 16:00:00,7980.094505910041
2019-07-27 16:30:00,8271.691872067391
2019-07-27 17:00:00,8704.720227770249
2019-07-27 17:30:00,9257.227434841843
2019-07-27 18:00:00,9761.568153289334
2019-07-27 18:30:00,9761.627545431367
2019-07-27 19:00:00,9630.236590442772
2019-07-27 19:30:00,9524.691898659517
2019-07-27 20:00:00,9306.89821164985
2019-07-27 20:30:00,9189.222370323467
2019-07-27 21:00:00,9056.323536677517
2019-07-27 21:30:00,8816.600918483538
2019-07-27 22:00:00,8590.512518569747
2019-07-27 22:30:00,8570.200294026583
2019-07-27 23:00:00,8270.74977597508
2019-07-27 23:30:00,8220.639811129076
2019-07-28 00:00:00,8278.820842104677
2019-07-28 00:30:00,8124.237897398036
2019-07-28 01:00:00,7812.369975434711
2019-07-28 01:30:00,7575.244234114537
2019-07-28 02:00:00,7310.01723813529
2019-07-28 02:30:00,7044.349914960202
2019-07-28 03:00:00,6921.491731860046
2019-07-28 03:30:00,6709.783877765209
2019-07-28 04:00:00,6590.318542875296
2019-07-28 04:30:00,6587.589977459514
2019-07-28 05:00:00,6601.973622755661
2019-07-28 05:30:00,6793.705123912813
2019-07-28 06:00:00,6904.689265367637
2019-07-28 06:30:00,7205.450027094439
2019-07-28 07:00:00,7403.461712858799
2019-07-28 07:30:00,7802.141386935363
2019-07-28 08:00:00,8084.437400692084
2019-07-28 08:30:00,8158.18971900997
2019-07-28 09:00:00,8280.966347016674
2019-07-28 09:30:00,8143.614045849542
2019-07-28 10:00:00,7996.460242178397
2019-07-28 10:30:00,7760.709048351407
2019-07-28 11:00:00,7513.159219128159
2019-07-28 11:30:00,7273.375555837409
2019-07-28 12:00:00,7190.979874747106
2019-07-28 12:30:00,7136.273565561968
2019-07-28 13:00:00,7145.819986292152
2019-07-28 13:30:00,7146.171532300506
2019-07-28 14:00:00,7220.22569940509
2019-07-28 14:30:00,7220.22569940509
2019-07-28 15:00:00,7306.527470065434
2019-07-28 15:30:00,7423.49154379089
2019-07-28 16:00:00,7616.014442567511
2019-07-28 16:30:00,7884.636259145241
2019-07-28 17:00:00,8406.904729909958
2019-07-28 17:30:00,8925.004019224205
2019-07-28 18:00:00,9665.463401508225
2019-07-28 18:30:00,9819.8792251804
2019-07-28 19:00:00,9741.780001620074
2019-07-28 19:30:00,9614.133155637046
2019-07-28 20:00:00,9418.717671227367
2019-07-28 20:30:00,9303.190107415661
2019-07-28 21:00:00,9081.305421236915
2019-07-28 21:30:00,8917.580022441121
2019-07-28 22:00:00,8562.327909890466
2019-07-28 22:30:00,8488.575591572577
2019-07-28 23:00:00,8304.336762334427
2019-07-28 23:30:00,8211.81481800056
2019-07-29 00:00:00,8002.209698203577
2019-07-29 00:30:00,7796.923722900749
2019-07-29 01:00:00,7513.020933371104
2019-07-29 01:30:00,7329.946361327475
2019-07-29 02:00:00,7202.79075839449
2019-07-29 02:30:00,6979.0075039485955
2019-07-29 03:00:00,6894.318436140307
2019-07-29 03:30:00,6748.381299788265
2019-07-29 04:00:00,6800.253726182489
2019-07-29 04:30:00,6814.809425043788
2019-07-29 05:00:00,7267.358086317736
2019-07-29 05:30:00,7321.27304205246
2019-07-29 06:00:00,8182.400039672573
2019-07-29 06:30:00,8513.066879705802
2019-07-29 07:00:00,9697.830492066236
2019-07-29 07:30:00,9820.726019807973
2019-07-29 08:00:00,10034.921049172914
2019-07-29 08:30:00,10228.792655425568
2019-07-29 09:00:00,9756.795428783165
2019-07-29 09:30:00,9597.084058131326
2019-07-29 10:00:00,9146.565658289077
2019-07-29 10:30:00,8836.082520773702
2019-07-29 11:00:00,8639.194249079766
2019-07-29 11:30:00,8451.854451537576
2019-07-29 12:00:00,8221.781474643685
2019-07-29 12:30:00,8163.169057179662
2019-07-29 13:00:00,8044.237719824658
2019-07-29 13:30:00,7947.432308965748
2019-07-29 14:00:00,8003.438190664155
2019-07-29 14:30:00,8145.842821639172
2019-07-29 15:00:00,8190.017766147233
2019-07-29 15:30:00,8406.260337816935
2019-07-29 16:00:00,8691.16884982539
2019-07-29 16:30:00,8996.013384609329
2019-07-29 17:00:00,9529.672766871441
2019-07-29 17:30:00,10088.685517194795
2019-07-29 18:00:00,10638.203471303439
2019-07-29 18:30:00,10890.97452756249
2019-07-29 19:00:00,10921.660692727804
2019-07-29 19:30:00,10756.934004049386
2019-07-29 20:00:00,10347.70471741543
2019-07-29 20:30:00,10230.438834641212
2019-07-29 21:00:00,9933.479731184849
2019-07-29 21:30:00,9798.17318999556
2019-07-29 22:00:00,9418.503770705063
2019-07-29 22:30:00,9186.323632645559
2019-07-29 23:00:00,8954.202490608504
2019-07-29 23:30:00,8733.276732710972
2019-07-30 00:00:00,8515.29820538863
2019-07-30 00:30:00,8426.567562809914
2019-07-30 01:00:00,8231.78637420599
2019-07-30 01:30:00,8162.1556079904885
2019-07-30 02:00:00,7772.605310886873
2019-07-30 02:30:00,7607.005634806235
2019-07-30 03:00:00,7287.291282151318
2019-07-30 03:30:00,7237.232039141605
2019-07-30 04:00:00,6970.122137167855
2019-07-30 04:30:00,7192.329063791852
2019-07-30 05:00:00,7232.89282332889
2019-07-30 05:30:00,7576.533012050683
2019-07-30 06:00:00,8050.22238076791
2019-07-30 06:30:00,8733.856828850407
2019-07-30 07:00:00,9675.593827015942
2019-07-30 07:30:00,10123.07415275401
2019-07-30 08:00:00,10344.525409637277
2019-07-30 08:30:00,10228.667039580589
2019-07-30 09:00:00,9876.637174130252
2019-07-30 09:30:00,9631.919279285912
2019-07-30 10:00:00,9315.663143524418
2019-07-30 10:30:00,9112.276143294008
2019-07-30 11:00:00,8817.584828425994
2019-07-30 11:30:00,8652.582989617675
2019-07-30 12:00:00,8524.079978711066
2019-07-30 12:30:00,8368.645093943032
2019-07-30 13:00:00,8226.556055645917
2019-07-30 13:30:00,8368.424462649711
2019-07-30 14:00:00,8329.649054272864
2019-07-30 14:30:00,8478.30373995495
2019-07-30 15:00:00,8556.205924731332
2019-07-30 15:30:00,8674.1161921494
2019-07-30 16:00:00,8996.30535302603
2019-07-30 16:30:00,9233.908569616662
2019-07-30 17:00:00,9743.569362459912
2019-07-30 17:30:00,10209.181927301923
2019-07-30 18:00:00,10774.006228958115
2019-07-30 18:30:00,10774.006228958115
2019-07-30 19:00:00,10683.324096610244
2019-07-30 19:30:00,10498.551516730648
2019-07-30 20:00:00,10318.489949738501
2019-07-30 20:30:00,10120.675672647114
2019-07-30 21:00:00,9853.93587540321
2019-07-30 21:30:00,9549.433634163794
2019-07-30 22:00:00,9239.88779704855
2019-07-30 22:30:00,9156.613449772456
2019-07-30 23:00:00,8767.482178663075
2019-07-30 23:30:00,8602.480339854756
2019-07-31 00:00:00,8361.92400101023
2019-07-31 00:30:00,8269.70396075702
2019-07-31 01:00:00,8139.427597438248
2019-07-31 01:30:00,7853.118606603925
2019-07-31 02:00:00,7614.806660339829
2019-07-31 02:30:00,7353.316458391103
2019-07-31 03:00:00,7068.855094452592
2019-07-31 03:30:00,6854.44668556839
2019-07-31 04:00:00,6740.543569523355
2019-07-31 04:30:00,6790.478261876197
2019-07-31 05:00:00,6885.004965496073
2019-07-31 05:30:00,7228.563095027369
2019-07-31 06:00:00,7694.681576219343
2019-07-31 06:30:00,8402.92640521441
2019-07-31 07:00:00,9122.7058693945
2019-07-31 07:30:00,9522.878490715004
2019-07-31 08:00:00,9702.565666268554
2019-07-31 08:30:00,9676.660330739824
2019-07-31 09:00:00,9369.359233033352
2019-07-31 09:30:00,9319.65776504035
2019-07-31 10:00:00,9069.579408213993
2019-07-31 10:30:00,8979.548353913864
2019-07-31 11:00:00,8809.329090221447
2019-07-31 11:30:00,8609.254484223891
2019-07-31 12:00:00,8556.079363775478
2019-07-31 12:30:00,8502.489495632944
2019-07-31 13:00:00,8423.427483258176
2019-07-31 13:30:00,8423.427483258176
2019-07-31 14:00:00,8394.883609594139
2019-07-31 14:30:00,8372.55775582673
2019-07-31 15:00:00,8436.762203474627
2019-07-31 15:30:00,8474.421855822524
2019-07-31 16:00:00,8725.680995221594
2019-07-31 16:30:00,8989.920477060377
2019-07-31 17:00:00,9506.539950177548
2019-07-31 17:30:00,10031.147868396034
2019-07-31 18:00:00,10785.98264762226
2019-07-31 18:30:00,10981.664070819632
2019-07-31 19:00:00,10816.117248078115
2019-07-31 19:30:00,10726.942483142922
2019-07-31 20:00:00,10535.644941405706
2019-07-31 20:30:00,10387.956532230293
2019-07-31 21:00:00,10151.577457868812
2019-07-31 21:30:00,9834.01371442297
2019-07-31 22:00:00,9490.654687104998
2019-07-31 22:30:00,9315.542416015436
2019-07-31 23:00:00,9053.236554631494
2019-07-31 23:30:00,8812.001178967108
2019-08-01 00:00:00,8698.518915187366
2019-08-01 00:30:00,8464.779425672205
2019-08-01 01:00:00,8278.230092257187
2019-08-01 01:30:00,8153.685278447439
2019-08-01 02:00:00,7833.362062036323
2019-08-01 02:30:00,7567.4381531200825
2019-08-01 03:00:00,7290.4196080228485
2019-08-01 03:30:00,7137.410119852618
2019-08-01 04:00:00,6998.823788391821
2019-08-01 04:30:00,6998.823788391821
2019-08-01 05:00:00,7081.124201002761
2019-08-01 05:30:00,7479.13482864356
2019-08-01 06:00:00,7965.345720656763
2019-08-01 06:30:00,8773.072624039329
2019-08-01 07:00:00,9595.887876054005
2019-08-01 07:30:00,10020.17367398814
2019-08-01 08:00:00,10250.204162063555
2019-08-01 08:30:00,10062.52970594884
2019-08-01 09:00:00,9688.142076590224
2019-08-01 09:30:00,9406.965160154383
2019-08-01 10:00:00,9126.224965813679
2019-08-01 10:30:00,8974.364600837784
2019-08-01 11:00:00,8816.537019772355
2019-08-01 11:30:00,8561.39572951302
2019-08-01 12:00:00,8452.632739268169
2019-08-01 12:30:00,8387.895345854182
2019-08-01 13:00:00,8300.553469302775
2019-08-01 13:30:00,8303.94784644411
2019-08-01 14:00:00,8211.38490865625
2019-08-01 14:30:00,8211.38490865625
2019-08-01 15:00:00,8311.555962647746
2019-08-01 15:30:00,8368.915469697413
2019-08-01 16:00:00,8649.23786683447
2019-08-01 16:30:00,8929.317850519139
2019-08-01 17:00:00,9382.62737279122
2019-08-01 17:30:00,10025.426100969262
2019-08-01 18:00:00,10714.119618867935
2019-08-01 18:30:00,10888.23930372467
2019-08-01 19:00:00,10886.896582968777
2019-08-01 19:30:00,10712.77689811204
2019-08-01 20:00:00,10550.99720890254
2019-08-01 20:30:00,10409.477352733353
2019-08-01 21:00:00,10098.458073264763
2019-08-01 21:30:00,9880.152974230572
2019-08-01 22:00:00,9560.948897721784
2019-08-01 22:30:00,9415.395954375434
2019-08-01 23:00:00,9092.288147534991
2019-08-01 23:30:00,8928.742723567508
2019-08-02 00:00:00,8720.730635426617
2019-08-02 00:30:00,8597.655885260692
2019-08-02 01:00:00,8396.893603027615
2019-08-02 01:30:00,8218.638509406974
2019-08-02 02:00:00,7928.4070469871685
2019-08-02 02:30:00,7693.704604201177
2019-08-02 03:00:00,7428.210102725769
2019-08-02 03:30:00,7153.282375579467
2019-08-02 04:00:00,7057.338562433632
2019-08-02 04:30:00,7057.338562433632
2019-08-02 05:00:00,7187.628834833317
2019-08-02 05:30:00,7646.506028863319
2019-08-02 06:00:00,7998.261731978322
2019-08-02 06:30:00,8805.988635360885
2019-08-02 07:00:00,9507.971111309369
2019-08-02 07:30:00,9962.299459144057
2019-08-02 08:00:00,10071.238665021863
2019-08-02 08:30:00,9889.544899979568
2019-08-02 09:00:00,9538.547369087644
2019-08-02 09:30:00,9242.732827544865
2019-08-02 10:00:00,8963.719729008177
2019-08-02 10:30:00,8674.655983723344
2019-08-02 11:00:00,8443.850142819969
2019-08-02 11:30:00,8197.639787370008
2019-08-02 12:00:00,7957.998073098217
2019-08-02 12:30:00,7856.920109679528
2019-08-02 13:00:00,7787.74723333708
2019-08-02 13:30:00,7787.74723333708
2019-08-02 14:00:00,7800.35088115458
2019-08-02 14:30:00,7800.35088115458
2019-08-02 15:00:00,7792.369286215725
2019-08-02 15:30:00,7952.5651968432485
2019-08-02 16:00:00,8270.041155241926
2019-08-02 16:30:00,8556.430644894515
2019-08-02 17:00:00,8875.960683439745
2019-08-02 17:30:00,9382.510274252574
2019-08-02 18:00:00,10052.774668127871
2019-08-02 18:30:00,10245.796688036437
2019-08-02 19:00:00,10248.620496755711
2019-08-02 19:30:00,10031.581293220363
2019-08-02 20:00:00,10014.132766239196
2019-08-02 20:30:00,9844.046083953484
2019-08-02 21:00:00,9849.147674511614
2019-08-02 21:30:00,9536.672353284273
2019-08-02 22:00:00,9405.55166828236
2019-08-02 22:30:00,9309.98356878912
2019-08-02 23:00:00,8971.752136537727
2019-08-02 23:30:00,8807.555651034047
2019-08-03 00:00:00,8429.282432671367
2019-08-03 00:30:00,8257.496510621071
2019-08-03 01:00:00,8161.833976063564
2019-08-03 01:30:00,7958.656139595881
2019-08-03 02:00:00,7678.874894482959
2019-08-03 02:30:00,7415.900143741838
2019-08-03 03:00:00,7060.737468954001
2019-08-03 03:30:00,6946.1737644679115
2019-08-03 04:00:00,6834.428928693529
2019-08-03 04:30:00,6834.428928693529
2019-08-03 05:00:00,6698.386761401685
2019-08-03 05:30:00,7010.736362020943
2019-08-03 06:00:00,6861.507936107353
2019-08-03 06:30:00,7450.281103580752
2019-08-03 07:00:00,7882.968390512758
2019-08-03 07:30:00,8370.343406422586
2019-08-03 08:00:00,8986.397669341059
2019-08-03 08:30:00,8864.916497206248
2019-08-03 09:00:00,8883.498099076098
2019-08-03 09:30:00,8672.994821061211
2019-08-03 10:00:00,8411.493481531988
2019-08-03 10:30:00,8205.94000762005
2019-08-03 11:00:00,7998.973366227454
2019-08-03 11:30:00,7785.675518923908
2019-08-03 12:00:00,7678.788962867644
2019-08-03 12:30:00,7532.476697957853
2019-08-03 13:00:00,7517.272044706849
2019-08-03 13:30:00,7435.357545696731
2019-08-03 14:00:00,7419.053033186399
2019-08-03 14:30:00,7382.374011268507
2019-08-03 15:00:00,7361.95669419233
2019-08-03 15:30:00,7375.0509138002035
2019-08-03 16:00:00,7486.301004372933
2019-08-03 16:30:00,7852.771599456237
2019-08-03 17:00:00,8188.717575123393
2019-08-03 17:30:00,8623.198680793577
2019-08-03 18:00:00,9351.111185251963
2019-08-03 18:30:00,9562.188468638327
2019-08-03 19:00:00,9461.287122214382
2019-08-03 19:30:00,9367.631633700163
2019-08-03 20:00:00,9203.431790285504
2019-08-03 20:30:00,9133.816017463745
2019-08-03 21:00:00,9007.189066466159
2019-08-03 21:30:00,8778.051592309523
2019-08-03 22:00:00,8485.114764098695
2019-08-03 22:30:00,8505.426988641859
2019-08-03 23:00:00,8263.047626454716
2019-08-03 23:30:00,8163.840261053888
2019-08-04 00:00:00,8174.521957220328
2019-08-04 00:30:00,7990.566988010207
2019-08-04 01:00:00,7629.783247683376
2019-08-04 01:30:00,7450.179799122593
2019-08-04 02:00:00,7293.438101447005
2019-08-04 02:30:00,6960.511082139491
2019-08-04 03:00:00,6836.509824440526
2019-08-04 03:30:00,6629.401602451555
2019-08-04 04:00:00,6518.776314469584
2019-08-04 04:30:00,6513.435449448087
2019-08-04 05:00:00,6512.507064976262
2019-08-04 05:30:00,6704.238566133414
2019-08-04 06:00:00,6802.858505618998
2019-08-04 06:30:00,7161.480599644523
2019-08-04 07:00:00,7419.505654556995
2019-08-04 07:30:00,7836.305214757416
2019-08-04 08:00:00,8136.333491721007
2019-08-04 08:30:00,8465.734287400304
2019-08-04 09:00:00,8467.343538438257
2019-08-04 09:30:00,8368.443539991824
2019-08-04 10:00:00,8134.4651865255455
2019-08-04 10:30:00,7918.388544080846
2019-08-04 11:00:00,7659.228635042261
2019-08-04 11:30:00,7388.226767679563
2019-08-04 12:00:00,7133.921886503208
2019-08-04 12:30:00,7079.21557731807
2019-08-04 13:00:00,6922.588373809103
2019-08-04 13:30:00,6866.0071197097395
2019-08-04 14:00:00,6915.804766457321
2019-08-04 14:30:00,6915.804766457321
2019-08-04 15:00:00,6939.205219786781
2019-08-04 15:30:00,7052.267560674238
2019-08-04 16:00:00,7329.839179925191
2019-08-04 16:30:00,7656.1064820585725
2019-08-04 17:00:00,8190.372090744709
2019-08-04 17:30:00,8630.868389853997
2019-08-04 18:00:00,9526.62081726347
2019-08-04 18:30:00,9729.25771179872
2019-08-04 19:00:00,9655.51137597747
2019-08-04 19:30:00,9605.809907984469
2019-08-04 20:00:00,9424.953566005335
2019-08-04 20:30:00,9402.028735241807
2019-08-04 21:00:00,9174.026068800265
2019-08-04 21:30:00,9061.227070404344
2019-08-04 22:00:00,8702.390254230806
2019-08-04 22:30:00,8592.455099684266
2019-08-04 23:00:00,8342.555511739718
2019-08-04 23:30:00,8223.510306679651
2019-08-05 00:00:00,8154.080459933845
2019-08-05 00:30:00,7941.207808201765
2019-08-05 01:00:00,7647.214749704072
2019-08-05 01:30:00,7474.981221149424
2019-08-05 02:00:00,7396.726340823802
2019-08-05 02:30:00,7172.943086377908
2019-08-05 03:00:00,6933.75364660599
2019-08-05 03:30:00,6943.192828989869
2019-08-05 04:00:00,6989.002052877346
2019-08-05 04:30:00,6869.578969960341
2019-08-05 05:00:00,7198.379322121854
2019-08-05 05:30:00,7432.736446542424
2019-08-05 06:00:00,8201.660849506508
2019-08-05 06:30:00,8527.963127827932
2019-08-05 07:00:00,9448.908686931116
2019-08-05 07:30:00,9747.704440350451
2019-08-05 08:00:00,9994.434347816446
2019-08-05 08:30:00,10164.705984423445
2019-08-05 09:00:00,9811.911319517329
2019-08-05 09:30:00,9813.78125562463
2019-08-05 10:00:00,9434.408439847279
2019-08-05 10:30:00,9159.93093358334
2019-08-05 11:00:00,8823.50863511164
2019-08-05 11:30:00,8641.35202913397
2019-08-05 12:00:00,8560.003469346299
2019-08-05 12:30:00,8400.34337475153
2019-08-05 13:00:00,8339.045947170564
2019-08-05 13:30:00,8211.977321648523
2019-08-05 14:00:00,8143.36415819131
2019-08-05 14:30:00,8224.40075061947
2019-08-05 15:00:00,8407.726943433701
2019-08-05 15:30:00,8608.568661215642
2019-08-05 16:00:00,8818.83651459022
2019-08-05 16:30:00,9154.546210828958
2019-08-05 17:00:00,9582.545217354269
2019-08-05 17:30:00,10114.619624459323
2019-08-05 18:00:00,10720.92897643522
2019-08-05 18:30:00,10924.53370549928
2019-08-05 19:00:00,10870.66702643763
2019-08-05 19:30:00,10641.867286491579
2019-08-05 20:00:00,10314.883561974324
2019-08-05 20:30:00,10229.948764215424
2019-08-05 21:00:00,9977.950028948397
2019-08-05 21:30:00,9861.883424929003
2019-08-05 22:00:00,9458.521585981998
2019-08-05 22:30:00,9255.493661911649
2019-08-05 23:00:00,9032.141597066544
2019-08-05 23:30:00,8865.698192968932
2019-08-06 00:00:00,8276.54697026325
2019-08-06 00:30:00,8227.082449894795
2019-08-06 01:00:00,8211.475215751903
2019-08-06 01:30:00,8019.567073202812
2019-08-06 02:00:00,7740.770184524724
2019-08-06 02:30:00,7576.5489104037315
2019-08-06 03:00:00,7246.605652192381
2019-08-06 03:30:00,7117.732960198816
2019-08-06 04:00:00,7008.241476790535
2019-08-06 04:30:00,7110.47698104015
2019-08-06 05:00:00,7162.874197659758
2019-08-06 05:30:00,7479.503194466978
2019-08-06 06:00:00,8010.456110416831
2019-08-06 06:30:00,8618.993937810095
2019-08-06 07:00:00,9476.045189714408
2019-08-06 07:30:00,9851.587919186497
2019-08-06 08:00:00,10009.5480079164
2019-08-06 08:30:00,9804.011735891363
2019-08-06 09:00:00,9421.493492193655
2019-08-06 09:30:00,9176.929822507504
2019-08-06 10:00:00,8904.37377041681
2019-08-06 10:30:00,8635.367617816617
2019-08-06 11:00:00,8453.69632234883
2019-08-06 11:30:00,8204.715857448793
2019-08-06 12:00:00,8137.153240141781
2019-08-06 12:30:00,8020.470209925812
2019-08-06 13:00:00,8028.330349334073
2019-08-06 13:30:00,7979.0556022401
2019-08-06 14:00:00,7991.226031857246
2019-08-06 14:30:00,7984.965798262102
2019-08-06 15:00:00,7979.291545567926
2019-08-06 15:30:00,8116.373333860159
2019-08-06 16:00:00,8359.160759327662
2019-08-06 16:30:00,8528.475403759669
2019-08-06 17:00:00,8945.143364025727
2019-08-06 17:30:00,9439.859808470053
2019-08-06 18:00:00,10106.188367708077
2019-08-06 18:30:00,10379.459541530405
2019-08-06 19:00:00,10298.127189585286
2019-08-06 19:30:00,10161.793400413808
2019-08-06 20:00:00,9935.287631503199
2019-08-06 20:30:00,9834.34088702625
2019-08-06 21:00:00,9691.466091615262
2019-08-06 21:30:00,9410.289175179421
2019-08-06 22:00:00,9164.873664737499
2019-08-06 22:30:00,9064.019010314218
2019-08-06 23:00:00,8726.536078118283
2019-08-06 23:30:00,8609.718491713578
2019-08-07 00:00:00,8488.826715380916
2019-08-07 00:30:00,8310.637628223385
2019-08-07 01:00:00,8118.691218561568
2019-08-07 01:30:00,7903.3938335314315
2019-08-07 02:00:00,7614.39939801761
2019-08-07 02:30:00,7393.868161435601
2019-08-07 03:00:00,7068.368650832016
2019-08-07 03:30:00,6956.963216382947
2019-08-07 04:00:00,6832.344248879264
2019-08-07 04:30:00,6847.538484770026
2019-08-07 05:00:00,6993.790528063753
2019-08-07 05:30:00,7429.5738871378335
2019-08-07 06:00:00,7948.385310859364
2019-08-07 06:30:00,8746.87983860985
2019-08-07 07:00:00,9621.533737162184
2019-08-07 07:30:00,10065.949560613706
2019-08-07 08:00:00,10291.450253445539
2019-08-07 08:30:00,10044.903114119381
2019-08-07 09:00:00,9576.443332676752
2019-08-07 09:30:00,9335.322289837162
2019-08-07 10:00:00,8980.262825444675
2019-08-07 10:30:00,8737.267662140848
2019-08-07 11:00:00,8436.608680360392
2019-08-07 11:30:00,8127.753467732464
2019-08-07 12:00:00,7943.523154533691
2019-08-07 12:30:00,7767.21235025464
2019-08-07 13:00:00,7713.036909021414
2019-08-07 13:30:00,7632.338993303325
2019-08-07 14:00:00,7586.95890572516
2019-08-07 14:30:00,7660.926280745071
2019-08-07 15:00:00,7738.3755149562485
2019-08-07 15:30:00,7779.694542541546
2019-08-07 16:00:00,8096.25170457505
2019-08-07 16:30:00,8375.45337960874
2019-08-07 17:00:00,8775.333823961359
2019-08-07 17:30:00,9372.578771242719
2019-08-07 18:00:00,10167.511864661203
2019-08-07 18:30:00,10490.426384102866
2019-08-07 19:00:00,10515.647726775682
2019-08-07 19:30:00,10298.608523240333
2019-08-07 20:00:00,10178.058853278577
2019-08-07 20:30:00,10038.824069071296
2019-08-07 21:00:00,9923.014425916424
2019-08-07 21:30:00,9607.00604802515
2019-08-07 22:00:00,9316.372144481402
2019-08-07 22:30:00,9129.562183759721
2019-08-07 23:00:00,8889.848416972263
2019-08-07 23:30:00,8666.575119440486
2019-08-08 00:00:00,8485.623164973038
2019-08-08 00:30:00,8303.91349295723
2019-08-08 01:00:00,8060.024032243799
2019-08-08 01:30:00,7818.316003717532
2019-08-08 02:00:00,7661.290343513177
2019-08-08 02:30:00,7297.31902858625
2019-08-08 03:00:00,7002.121867167585
2019-08-08 03:30:00,6892.0948346781615
2019-08-08 04:00:00,6767.4758671744785
2019-08-08 04:30:00,6824.966531400869
2019-08-08 05:00:00,6999.723490102679
2019-08-08 05:30:00,7435.5555274701555
2019-08-08 06:00:00,7928.387043017295
2019-08-08 06:30:00,8717.64738081386
2019-08-08 07:00:00,9527.812204121305
2019-08-08 07:30:00,9956.86492677088
2019-08-08 08:00:00,10212.923849815657
2019-08-08 08:30:00,10067.260226445685
2019-08-08 09:00:00,9586.80795174079
2019-08-08 09:30:00,9258.396516864725
2019-08-08 10:00:00,8895.840425981227
2019-08-08 10:30:00,8614.157655411691
2019-08-08 11:00:00,8355.377526862483
2019-08-08 11:30:00,8039.965023219725
2019-08-08 12:00:00,7909.5488629576585
2019-08-08 12:30:00,7736.5078532255175
2019-08-08 13:00:00,7680.580651117037
2019-08-08 13:30:00,7608.202927733259
2019-08-08 14:00:00,7632.021039945482
2019-08-08 14:30:00,7692.484816497706
2019-08-08 15:00:00,7729.120894078333
2019-08-08 15:30:00,7832.02154147279
2019-08-08 16:00:00,8078.113720059078
2019-08-08 16:30:00,8302.421446320559
2019-08-08 17:00:00,8620.037706122785
2019-08-08 17:30:00,9214.011054213115
2019-08-08 18:00:00,9897.886000169374
2019-08-08 18:30:00,10177.161703884884
2019-08-08 19:00:00,10315.053767336272
2019-08-08 19:30:00,10168.527824411653
2019-08-08 20:00:00,10050.898424544364
2019-08-08 20:30:00,9837.8147504112
2019-08-08 21:00:00,9630.44269512508
2019-08-08 21:30:00,9378.82510643245
2019-08-08 22:00:00,9044.389589943068
2019-08-08 22:30:00,8892.529224967173
2019-08-08 23:00:00,8590.794141121018
2019-08-08 23:30:00,8379.891273405294
2019-08-09 00:00:00,8297.139329437174
2019-08-09 00:30:00,8184.493917840074
2019-08-09 01:00:00,7946.9033088031165
2019-08-09 01:30:00,7761.9497804873035
2019-08-09 02:00:00,7575.390217593229
2019-08-09 02:30:00,7226.3696614922965
2019-08-09 03:00:00,6905.563023778773
2019-08-09 03:30:00,6755.359327694344
2019-08-09 04:00:00,6681.428163686999
2019-08-09 04:30:00,6681.428163686999
2019-08-09 05:00:00,6839.442257341011
2019-08-09 05:30:00,7168.220779180607
2019-08-09 06:00:00,7618.93542305877
2019-08-09 06:30:00,8503.525230176814
2019-08-09 07:00:00,9284.069969775357
2019-08-09 07:30:00,9709.14957249498
2019-08-09 08:00:00,9850.366849300279
2019-08-09 08:30:00,9587.963240647183
2019-08-09 09:00:00,9324.572755508214
2019-08-09 09:30:00,9164.203401217625
2019-08-09 10:00:00,8882.483272258867
2019-08-09 10:30:00,8748.44359131375
2019-08-09 11:00:00,8645.460636474525
2019-08-09 11:30:00,8403.332816924418
2019-08-09 12:00:00,8229.738871705962
2019-08-09 12:30:00,8026.751148366988
2019-08-09 13:00:00,8038.041833966506
2019-08-09 13:30:00,7950.270740073652
2019-08-09 14:00:00,7952.121032278317
2019-08-09 14:30:00,7908.558332596297
2019-08-09 15:00:00,7892.791094830994
2019-08-09 15:30:00,7949.3465360224045
2019-08-09 16:00:00,8227.595174080121
2019-08-09 16:30:00,8443.78735212038
2019-08-09 17:00:00,8862.692865149438
2019-08-09 17:30:00,9330.663168901958
2019-08-09 18:00:00,10035.399677901045
2019-08-09 18:30:00,10219.079413135427
2019-08-09 19:00:00,10142.126324119725
2019-08-09 19:30:00,10004.864018319353
2019-08-09 20:00:00,9869.375798938072
2019-08-09 20:30:00,9775.956199296686
2019-08-09 21:00:00,9731.516277089562
2019-08-09 21:30:00,9463.700390870865
2019-08-09 22:00:00,9234.188769664104
2019-08-09 22:30:00,9073.819415373515
2019-08-09 23:00:00,8721.342160356742
2019-08-09 23:30:00,8556.340321548423
2019-08-10 00:00:00,8083.84498714423
2019-08-10 00:30:00,7880.630641948867
2019-08-10 01:00:00,7879.9985988896315
2019-08-10 01:30:00,7737.169369035183
2019-08-10 02:00:00,7446.092735033416
2019-08-10 02:30:00,7167.832166852851
2019-08-10 03:00:00,6849.187548830828
2019-08-10 03:30:00,6689.052430915988
2019-08-10 04:00:00,6587.568852074477
2019-08-10 04:30:00,6637.586314134277
2019-08-10 05:00:00,6539.917065450491
2019-08-10 05:30:00,6766.383738141675
2019-08-10 06:00:00,6774.022216922519
2019-08-10 06:30:00,7195.287456270827
2019-08-10 07:00:00,7690.597504111979
2019-08-10 07:30:00,8042.027200762562
2019-08-10 08:00:00,8660.641562690724
2019-08-10 08:30:00,8479.697612419048
2019-08-10 09:00:00,8346.793765116065
2019-08-10 09:30:00,8211.333089283668
2019-08-10 10:00:00,8008.91157148915
2019-08-10 10:30:00,7925.053831568345
2019-08-10 11:00:00,7693.63494527618
2019-08-10 11:30:00,7543.975009648684
2019-08-10 12:00:00,7467.746287868202
2019-08-10 12:30:00,7449.559604562339
2019-08-10 13:00:00,7418.1649443026145
2019-08-10 13:30:00,7431.259163910488
2019-08-10 14:00:00,7361.247263840622
2019-08-10 14:30:00,7353.185448263735
2019-08-10 15:00:00,7422.670901387798
2019-08-10 15:30:00,7482.956082521922
2019-08-10 16:00:00,7712.465075749614
2019-08-10 16:30:00,8012.787651980912
2019-08-10 17:00:00,8559.35990656283
2019-08-10 17:30:00,9102.607481210698
2019-08-10 18:00:00,9752.61055144448
2019-08-10 18:30:00,9964.5760624366
2019-08-10 19:00:00,9900.900172900358
2019-08-10 19:30:00,9733.214237359716
2019-08-10 20:00:00,9436.305804384336
2019-08-10 20:30:00,9314.824632249525
2019-08-10 21:00:00,9199.596248250382
2019-08-10 21:30:00,8983.872342882494
2019-08-10 22:00:00,8749.773303974176
2019-08-10 22:30:00,8686.156135779107
2019-08-10 23:00:00,8397.954059097776
2019-08-10 23:30:00,8235.16899399856
2019-08-11 00:00:00,8294.017916944116
2019-08-11 00:30:00,8072.587365249483
2019-08-11 01:00:00,7704.810889088378
2019-08-11 01:30:00,7503.477143576965
2019-08-11 02:00:00,7347.252504992806
2019-08-11 02:30:00,6966.460230543355
2019-08-11 03:00:00,6881.539263309197
2019-08-11 03:30:00,6732.049015447189
2019-08-11 04:00:00,6536.195708486994
2019-08-11 04:30:00,6485.360323636291
2019-08-11 05:00:00,6493.3681913673745
2019-08-11 05:30:00,6620.377909448922
2019-08-11 06:00:00,6841.472567935205
2019-08-11 06:30:00,7206.510038513194
2019-08-11 07:00:00,7417.332422338803
2019-08-11 07:30:00,7846.709064945637
2019-08-11 08:00:00,8124.001134884877
2019-08-11 08:30:00,8368.029748108791
2019-08-11 09:00:00,8458.070665861716
2019-08-11 09:30:00,8359.170667415283
2019-08-11 10:00:00,8242.237823599533
2019-08-11 10:30:00,8055.394449152533
2019-08-11 11:00:00,7989.27607018368
2019-08-11 11:30:00,7855.16730850177
2019-08-11 12:00:00,7752.749838272516
2019-08-11 12:30:00,7710.495149283898
2019-08-11 13:00:00,7608.297166771682
2019-08-11 13:30:00,7576.76656449978
2019-08-11 14:00:00,7588.393962762538
2019-08-11 14:30:00,7644.949403953949
2019-08-11 15:00:00,7718.307465036664
2019-08-11 15:30:00,7862.674707819605
2019-08-11 16:00:00,8184.638131007228
2019-08-11 16:30:00,8529.23615194865
2019-08-11 17:00:00,9236.889738333275
2019-08-11 17:30:00,9731.902624362652
2019-08-11 18:00:00,10505.857830458124
2019-08-11 18:30:00,10653.546239633537
2019-08-11 19:00:00,10691.184320318842
2019-08-11 19:30:00,10450.513180794534
2019-08-11 20:00:00,10280.18379385728
2019-08-11 20:30:00,10174.874253787788
2019-08-11 21:00:00,9821.766131643466
2019-08-11 21:30:00,9692.260890881753
2019-08-11 22:00:00,9244.843151849134
2019-08-11 22:30:00,9061.98466031942
2019-08-11 23:00:00,8721.615273653073
2019-08-11 23:30:00,8494.562900125717
2019-08-12 00:00:00,8594.768349569082
2019-08-12 00:30:00,8173.234789372573
2019-08-12 01:00:00,7929.287690070828
2019-08-12 01:30:00,7598.434623693365
2019-08-12 02:00:00,7515.885532074896
2019-08-12 02:30:00,7357.368880544565
2019-08-12 03:00:00,7111.482813136533
2019-08-12 03:30:00,6978.558187553299
2019-08-12 04:00:00,6991.407775979007
2019-08-12 04:30:00,6974.995450507656
2019-08-12 05:00:00,7184.372719752164
2019-08-12 05:30:00,7308.696120992832
2019-08-12 06:00:00,8202.756005138563
2019-08-12 06:30:00,8576.089919308837
2019-08-12 07:00:00,9544.558379082302
2019-08-12 07:30:00,9833.006621562468
2019-08-12 08:00:00,10154.778383886409
2019-08-12 08:30:00,10376.612043753034
2019-08-12 09:00:00,10248.762877916395
2019-08-12 09:30:00,10201.28226739617
2019-08-12 10:00:00,9850.488684119991
2019-08-12 10:30:00,9612.816994057388
2019-08-12 11:00:00,9583.672468732088
2019-08-12 11:30:00,9472.979335927415
2019-08-12 12:00:00,9180.586817915842
2019-08-12 12:30:00,9090.036775663639
2019-08-12 13:00:00,8956.150895185567
2019-08-12 13:30:00,8776.806848984574
2019-08-12 14:00:00,8933.997830569171
2019-08-12 14:30:00,9089.264305910834
2019-08-12 15:00:00,9161.606941759073
2019-08-12 15:30:00,9246.517319114095
2019-08-12 16:00:00,9465.551104310443
2019-08-12 16:30:00,9901.715602275548
2019-08-12 17:00:00,10287.830753979171
2019-08-12 17:30:00,10728.610514922872
2019-08-12 18:00:00,11273.461676644018
2019-08-12 18:30:00,11500.227963629135
2019-08-12 19:00:00,11459.088990187072
2019-08-12 19:30:00,11405.655663194259
2019-08-12 20:00:00,11036.944443476863
2019-08-12 20:30:00,10969.032932036427
2019-08-12 21:00:00,10636.634077591983
2019-08-12 21:30:00,10426.776428881474
2019-08-12 22:00:00,10057.351854902197
2019-08-12 22:30:00,9906.369816806467
2019-08-12 23:00:00,9563.577103201078
2019-08-12 23:30:00,9223.029799862936
2019-08-13 00:00:00,8732.180696374702
2019-08-13 00:30:00,8544.943918887759
2019-08-13 01:00:00,8512.26380675166
2019-08-13 01:30:00,8446.555691096259
2019-08-13 02:00:00,8095.967552476364
2019-08-13 02:30:00,7846.1305395421
2019-08-13 03:00:00,7579.353450403365
2019-08-13 03:30:00,7465.073732690155
2019-08-13 04:00:00,7298.9598377247985
2019-08-13 04:30:00,7487.963858896553
2019-08-13 05:00:00,7453.212519510961
2019-08-13 05:30:00,7762.1457006624505
2019-08-13 06:00:00,8243.809580182531
2019-08-13 06:30:00,9020.3829515483
2019-08-13 07:00:00,9940.368443126878
2019-08-13 07:30:00,10279.0842834212
2019-08-13 08:00:00,10497.758308453238
2019-08-13 08:30:00,10389.380113988489
2019-08-13 09:00:00,10055.51867805858
2019-08-13 09:30:00,9775.602971399869
2019-08-13 10:00:00,9413.631511316362
2019-08-13 10:30:00,9091.595962245234
2019-08-13 11:00:00,8831.339548593833
2019-08-13 11:30:00,8589.499143995103
2019-08-13 12:00:00,8470.262235307237
2019-08-13 12:30:00,8383.188065949118
2019-08-13 13:00:00,8221.3126529544
2019-08-13 13:30:00,8176.409334062729
2019-08-13 14:00:00,8124.149003324288
2019-08-13 14:30:00,8133.314113659171
2019-08-13 15:00:00,8109.702272959988
2019-08-13 15:30:00,8212.306416068759
2019-08-13 16:00:00,8478.58845630635
2019-08-13 16:30:00,8710.332506283405
2019-08-13 17:00:00,9179.830423856363
2019-08-13 17:30:00,9804.811150058496
2019-08-13 18:00:00,10597.175803373219
2019-08-13 18:30:00,10959.021392791012
2019-08-13 19:00:00,10973.145691181735
2019-08-13 19:30:00,10857.10233275053
2019-08-13 20:00:00,10535.738682967303
2019-08-13 20:30:00,10491.459107515826
2019-08-13 21:00:00,10288.78931460003
2019-08-13 21:30:00,10015.518140777702
2019-08-13 22:00:00,9722.815446546223
2019-08-13 22:30:00,9504.111302569696
2019-08-13 23:00:00,9146.163202217438
2019-08-13 23:30:00,8988.266292956043
2019-08-14 00:00:00,8747.667579538442
2019-08-14 00:30:00,8592.702727738066
2019-08-14 01:00:00,8355.272502544896
2019-08-14 01:30:00,8189.613708371855
2019-08-14 02:00:00,8023.635872714087
2019-08-14 02:30:00,7676.682412734551
2019-08-14 03:00:00,7497.87974798835
2019-08-14 03:30:00,7285.872446673793
2019-08-14 04:00:00,7095.916816688068
2019-08-14 04:30:00,7226.053952988957
2019-08-14 05:00:00,7377.801340850306
2019-08-14 05:30:00,7789.335248946347
2019-08-14 06:00:00,8300.106133539239
2019-08-14 06:30:00,9194.162729013118
2019-08-14 07:00:00,9981.085480542533
2019-08-14 07:30:00,10364.953455496257
2019-08-14 08:00:00,10492.947256030428
2019-08-14 08:30:00,10313.488014937224
2019-08-14 09:00:00,9852.607773705295
2019-08-14 09:30:00,9513.47890539418
2019-08-14 10:00:00,9139.549767242795
2019-08-14 10:30:00,8911.311762052632
2019-08-14 11:00:00,8571.81973116841
2019-08-14 11:30:00,8329.691911618303
2019-08-14 12:00:00,8216.844461784025
2019-08-14 12:30:00,8061.906948318482
2019-08-14 13:00:00,8015.59997616693
2019-08-14 13:30:00,7931.724411269806
2019-08-14 14:00:00,7933.064392305024
2019-08-14 14:30:00,7933.064392305024
2019-08-14 15:00:00,8007.622973974721
2019-08-14 15:30:00,8115.634495196685
2019-08-14 16:00:00,8383.292605050405
2019-08-14 16:30:00,8712.066329298685
2019-08-14 17:00:00,9223.267792066186
2019-08-14 17:30:00,9881.815952363922
2019-08-14 18:00:00,10699.491263746875
2019-08-14 18:30:00,10997.881759450565
2019-08-14 19:00:00,10943.326204388404
2019-08-14 19:30:00,10943.029108215738
2019-08-14 20:00:00,10651.551502374215
2019-08-14 20:30:00,10558.026792721712
2019-08-14 21:00:00,10378.560593563567
2019-08-14 21:30:00,10120.719520897566
2019-08-14 22:00:00,9691.514017357804
2019-08-14 22:30:00,9561.821055723622
2019-08-14 23:00:00,9208.45217244112
2019-08-14 23:30:00,8955.852101679195
2019-08-15 00:00:00,8837.392349402513
2019-08-15 00:30:00,8637.317743404958
2019-08-15 01:00:00,8401.490003014618
2019-08-15 01:30:00,8235.831208841577
2019-08-15 02:00:00,8077.788538513169
2019-08-15 02:30:00,7787.390519725044
2019-08-15 03:00:00,7530.542888842294
2019-08-15 03:30:00,7423.31958257965
2019-08-15 04:00:00,7311.887369932604
2019-08-15 04:30:00,7361.370270566774
2019-08-15 05:00:00,7518.255324287092
2019-08-15 05:30:00,7851.322069158775
2019-08-15 06:00:00,8334.349332065865
2019-08-15 06:30:00,9194.580905841929
2019-08-15 07:00:00,9991.306833781773
2019-08-15 07:30:00,10428.322643313382
2019-08-15 08:00:00,10574.86446776815
2019-08-15 08:30:00,10409.64509038689
2019-08-15 09:00:00,9965.844205305455
2019-08-15 09:30:00,9644.796923505262
2019-08-15 10:00:00,9288.793970508195
2019-08-15 10:30:00,9048.19528108609
2019-08-15 11:00:00,8744.861214528404
2019-08-15 11:30:00,8522.631620622733
2019-08-15 12:00:00,8407.75320025811
2019-08-15 12:30:00,8313.657922681505
2019-08-15 13:00:00,8224.331166140113
2019-08-15 13:30:00,8160.754846356917
2019-08-15 14:00:00,8117.65962595336
2019-08-15 14:30:00,8117.65962595336
2019-08-15 15:00:00,8108.342642725934
2019-08-15 15:30:00,8216.35416394791
2019-08-15 16:00:00,8485.386452916493
2019-08-15 16:30:00,8747.034888667948
2019-08-15 17:00:00,9207.451212735838
2019-08-15 17:30:00,9770.727462835986
2019-08-15 18:00:00,10569.189913445423
2019-08-15 18:30:00,10902.221154829871
2019-08-15 19:00:00,10967.498654014213
2019-08-15 19:30:00,10758.74989577102
2019-08-15 20:00:00,10521.528040902742
2019-08-15 20:30:00,10521.528040902742
2019-08-15 21:00:00,10316.765174218903
2019-08-15 21:30:00,9956.367549993616
2019-08-15 22:00:00,9612.018548758491
2019-08-15 22:30:00,9360.400960065861
2019-08-15 23:00:00,9094.806178153727
2019-08-15 23:30:00,8891.258379143306
2019-08-16 00:00:00,8718.122303192946
2019-08-16 00:30:00,8534.413962985103
2019-08-16 01:00:00,8291.970352698267
2019-08-16 01:30:00,8104.879644163202
2019-08-16 02:00:00,7884.154296566379
2019-08-16 02:30:00,7606.553863537963
2019-08-16 03:00:00,7329.142096840863
2019-08-16 03:30:00,7114.5728971350845
2019-08-16 04:00:00,7013.749559641635
2019-08-16 04:30:00,7083.894357132704
2019-08-16 05:00:00,7210.5398981682265
2019-08-16 05:30:00,7662.804241247629
2019-08-16 06:00:00,8166.928237454377
2019-08-16 06:30:00,8995.575732040794
2019-08-16 07:00:00,9906.685979950349
2019-08-16 07:30:00,10302.937804836522
2019-08-16 08:00:00,10392.851682784207
2019-08-16 08:30:00,10241.56321790169
2019-08-16 09:00:00,9791.744110172755
2019-08-16 09:30:00,9470.484900122026
2019-08-16 10:00:00,9031.811650401305
2019-08-16 10:30:00,8742.747905116472
2019-08-16 11:00:00,8484.46646878082
2019-08-16 11:30:00,8169.053965138063
2019-08-16 12:00:00,7837.933918436281
2019-08-16 12:30:00,7708.336205273328
2019-08-16 13:00:00,7640.266391028785
2019-08-16 13:30:00,7640.266391028785
2019-08-16 14:00:00,7629.488143703497
2019-08-16 14:30:00,7743.7764120064285
2019-08-16 15:00:00,7794.73099107936
2019-08-16 15:30:00,7908.180640325031
2019-08-16 16:00:00,8251.913203421054
2019-08-16 16:30:00,8485.80176758114
2019-08-16 17:00:00,8757.36429277043
2019-08-16 17:30:00,9244.660369170595
2019-08-16 18:00:00,9990.883712157753
2019-08-16 18:30:00,10393.575129334393
2019-08-16 19:00:00,10340.25397630765
2019-08-16 19:30:00,10225.81473826819
2019-08-16 20:00:00,10102.970298391076
2019-08-16 20:30:00,10040.29487856591
2019-08-16 21:00:00,9919.039022016279
2019-08-16 21:30:00,9625.308599481505
2019-08-16 22:00:00,9397.750199975359
2019-08-16 22:30:00,9333.468105451271
2019-08-16 23:00:00,8964.997932408422
2019-08-16 23:30:00,8807.855436351036
2019-08-17 00:00:00,8526.99556187247
2019-08-17 00:30:00,8426.908366407692
2019-08-17 01:00:00,8245.591428360538
2019-08-17 01:30:00,8042.822673076717
2019-08-17 02:00:00,7732.70551897138
2019-08-17 02:30:00,7484.58219156146
2019-08-17 03:00:00,7139.720809603097
2019-08-17 03:30:00,7023.978715101011
2019-08-17 04:00:00,6887.513330319823
2019-08-17 04:30:00,6927.096380915625
2019-08-17 05:00:00,6767.979444566943
2019-08-17 05:30:00,7080.397384513501
2019-08-17 06:00:00,6883.759420214031
2019-08-17 06:30:00,7698.4750767571695
2019-08-17 07:00:00,7902.650923492529
2019-08-17 07:30:00,8255.97290202726
2019-08-17 08:00:00,8837.6150627175
2019-08-17 08:30:00,8904.545539105988
2019-08-17 09:00:00,8759.254276171114
2019-08-17 09:30:00,8344.319345812215
2019-08-17 10:00:00,8068.548562772616
2019-08-17 10:30:00,7868.540010122822
2019-08-17 11:00:00,7573.051379367415
2019-08-17 11:30:00,7467.806826897615
2019-08-17 12:00:00,7439.148267490413
2019-08-17 12:30:00,7316.595582758903
2019-08-17 13:00:00,7295.559051095319
2019-08-17 13:30:00,7294.83339771192
2019-08-17 14:00:00,7250.064992719281
2019-08-17 14:30:00,7228.794672544169
2019-08-17 15:00:00,7245.212394545753
2019-08-17 15:30:00,7394.681059217806
2019-08-17 16:00:00,7472.937957221368
2019-08-17 16:30:00,7573.039139537349
2019-08-17 17:00:00,7977.099380581106
2019-08-17 17:30:00,8321.285451185653
2019-08-17 18:00:00,8891.809323119081
2019-08-17 18:30:00,9082.28095831944
2019-08-17 19:00:00,9033.784578576076
2019-08-17 19:30:00,8890.318338260135
2019-08-17 20:00:00,8708.062074130392
2019-08-17 20:30:00,8630.954240369105
2019-08-17 21:00:00,8482.90740558668
2019-08-17 21:30:00,8312.580286063418
2019-08-17 22:00:00,8100.590301217147
2019-08-17 22:30:00,8178.6299874529395
2019-08-17 23:00:00,8012.701601898416
2019-08-17 23:30:00,7906.077739857467
2019-08-18 00:00:00,7892.641551154193
2019-08-18 00:30:00,7674.228729564235
2019-08-18 01:00:00,7267.4453159297245
2019-08-18 01:30:00,7041.949250750931
2019-08-18 02:00:00,6977.734047057226
2019-08-18 02:30:00,6821.354010575721
2019-08-18 03:00:00,6669.67485107942
2019-08-18 03:30:00,6517.888873042836
2019-08-18 04:00:00,6404.610598473379
2019-08-18 04:30:00,6375.646318868697
2019-08-18 05:00:00,6443.340989857244
2019-08-18 05:30:00,6601.205446417194
2019-08-18 06:00:00,6732.832742891467
2019-08-18 06:30:00,7112.846025061762
2019-08-18 07:00:00,7217.425819611078
2019-08-18 07:30:00,7633.315964924476
2019-08-18 08:00:00,7798.865014491111
2019-08-18 08:30:00,7832.0496490579635
2019-08-18 09:00:00,7912.615002868615
2019-08-18 09:30:00,7832.847974993798
2019-08-18 10:00:00,7615.255715489723
2019-08-18 10:30:00,7324.34112565578
2019-08-18 11:00:00,7239.380861064157
2019-08-18 11:30:00,7018.769088273537
2019-08-18 12:00:00,6914.2899601099225
2019-08-18 12:30:00,6840.483190935863
2019-08-18 13:00:00,6853.4730048318315
2019-08-18 13:30:00,6783.803298531632
2019-08-18 14:00:00,6715.258055317756
2019-08-18 14:30:00,6785.86267085828
2019-08-18 15:00:00,6825.017425643995
2019-08-18 15:30:00,7027.462071224756
2019-08-18 16:00:00,7222.105755803165
2019-08-18 16:30:00,7469.089266306496
2019-08-18 17:00:00,7953.633767554804
2019-08-18 17:30:00,8339.827201003112
2019-08-18 18:00:00,9091.13502958985
2019-08-18 18:30:00,9359.767372842824
2019-08-18 19:00:00,9408.227946071609
2019-08-18 19:30:00,9224.114364560102
2019-08-18 20:00:00,8952.512391345745
2019-08-18 20:30:00,8911.317961309504
2019-08-18 21:00:00,8677.150216329792
2019-08-18 21:30:00,8495.06570825291
2019-08-18 22:00:00,8196.332690093494
2019-08-18 22:30:00,8197.708680318814
2019-08-18 23:00:00,7977.2567117821645
2019-08-18 23:30:00,7782.187517517559
2019-08-19 00:00:00,7468.24372275577
2019-08-19 00:30:00,7476.628820880198
2019-08-19 01:00:00,7213.15527443326
2019-08-19 01:30:00,7131.00513986309
2019-08-19 02:00:00,6947.888415911714
2019-08-19 02:30:00,6702.248646170293
2019-08-19 03:00:00,6633.268975261973
2019-08-19 03:30:00,6499.734172484345
2019-08-19 04:00:00,6585.47656975716
2019-08-19 04:30:00,6509.095665915358
2019-08-19 05:00:00,6861.537496632557
2019-08-19 05:30:00,6917.777374257496
2019-08-19 06:00:00,7848.229396939138
2019-08-19 06:30:00,8246.357819809578
2019-08-19 07:00:00,9282.912520744048
2019-08-19 07:30:00,9462.80569771759
2019-08-19 08:00:00,9633.944109294169
2019-08-19 08:30:00,9618.353705931253
2019-08-19 09:00:00,9130.463271341998
2019-08-19 09:30:00,8931.647177812769
2019-08-19 10:00:00,8725.28157575772
2019-08-19 10:30:00,8590.55399428451
2019-08-19 11:00:00,8321.182433397387
2019-08-19 11:30:00,7817.805238555107
2019-08-19 12:00:00,7709.65926343698
2019-08-19 12:30:00,7514.407986770673
2019-08-19 13:00:00,7364.480948099728
2019-08-19 13:30:00,7209.776967897402
2019-08-19 14:00:00,7240.671860193436
2019-08-19 14:30:00,7395.375840395763
2019-08-19 15:00:00,7414.770378010296
2019-08-19 15:30:00,7740.468634256674
2019-08-19 16:00:00,8232.698147858497
2019-08-19 16:30:00,8575.186755611388
2019-08-19 17:00:00,8901.605752190788
2019-08-19 17:30:00,9316.4790458956
2019-08-19 18:00:00,9827.717397751107
2019-08-19 18:30:00,10157.66908429244
2019-08-19 19:00:00,9923.902635612607
2019-08-19 19:30:00,9774.33390037744
2019-08-19 20:00:00,9475.9210693383
2019-08-19 20:30:00,9382.153009249912
2019-08-19 21:00:00,9211.382791032882
2019-08-19 21:30:00,8956.220862891043
2019-08-19 22:00:00,8687.603097061268
2019-08-19 22:30:00,8493.80040834149
2019-08-19 23:00:00,8329.138768265966
2019-08-19 23:30:00,8227.863476570381
2019-08-20 00:00:00,7884.724036357031
2019-08-20 00:30:00,7801.634714099982
2019-08-20 01:00:00,7647.654383615372
2019-08-20 01:30:00,7583.190273190675
2019-08-20 02:00:00,7273.324172505612
2019-08-20 02:30:00,7031.778438391441
2019-08-20 03:00:00,6730.99171648861
2019-08-20 03:30:00,6690.181307256068
2019-08-20 04:00:00,6518.803587388771
2019-08-20 04:30:00,6599.77626172949
2019-08-20 05:00:00,6688.321311773671
2019-08-20 05:30:00,7150.618277292671
2019-08-20 06:00:00,7631.479316602768
2019-08-20 06:30:00,8149.5442331430695
2019-08-20 07:00:00,8932.992024296533
2019-08-20 07:30:00,9208.373061988601
2019-08-20 08:00:00,9240.776264798935
2019-08-20 08:30:00,9057.290050325077
2019-08-20 09:00:00,8719.668052124305
2019-08-20 09:30:00,8541.156607213468
2019-08-20 10:00:00,8394.87667858666
2019-08-20 10:30:00,8244.797069536873
2019-08-20 11:00:00,8232.211753228696
2019-08-20 11:30:00,8094.374845656089
2019-08-20 12:00:00,8086.407944905148
2019-08-20 12:30:00,8039.497902410589
2019-08-20 13:00:00,8053.837676317649
2019-08-20 13:30:00,8053.837676317649
2019-08-20 14:00:00,8038.10978205953
2019-08-20 14:30:00,8091.280058149233
2019-08-20 15:00:00,8032.716694649314
2019-08-20 15:30:00,8165.481098179565
2019-08-20 16:00:00,8346.270641995312
2019-08-20 16:30:00,8592.4883219299
2019-08-20 17:00:00,9217.268565348148
2019-08-20 17:30:00,9870.165096329043
2019-08-20 18:00:00,10650.02253200921
2019-08-20 18:30:00,10993.994367182755
2019-08-20 19:00:00,11090.232650880902
2019-08-20 19:30:00,10894.567157349344
2019-08-20 20:00:00,10565.667390464292
2019-08-20 20:30:00,10542.035454475334
2019-08-20 21:00:00,10249.641963825168
2019-08-20 21:30:00,9842.409319068662
2019-08-20 22:00:00,9500.827022339843
2019-08-20 22:30:00,9317.968530810129
2019-08-20 23:00:00,8949.989890605002
2019-08-20 23:30:00,8627.572144907888
2019-08-21 00:00:00,8492.66465412032
2019-08-21 00:30:00,8273.325753815087
2019-08-21 01:00:00,8130.995736118809
2019-08-21 01:30:00,7937.225880393714
2019-08-21 02:00:00,7604.189666884055
2019-08-21 02:30:00,7321.329982651817
2019-08-21 03:00:00,7032.498579962674
2019-08-21 03:30:00,6829.668749580735
2019-08-21 04:00:00,6723.121775062893
2019-08-21 04:30:00,6773.056467415736
2019-08-21 05:00:00,6943.623553563128
2019-08-21 05:30:00,7379.421902358304
2019-08-21 06:00:00,7940.972001784995
2019-08-21 06:30:00,8779.057086376893
2019-08-21 07:00:00,9559.473047160322
2019-08-21 07:30:00,9955.212133435036
2019-08-21 08:00:00,9967.253970445785
2019-08-21 08:30:00,9723.377426237314
2019-08-21 09:00:00,9213.465354281832
2019-08-21 09:30:00,8949.442575413445
2019-08-21 10:00:00,8574.937796974475
2019-08-21 10:30:00,8332.809977424367
2019-08-21 11:00:00,8123.484840742706
2019-08-21 11:30:00,7878.030812500771
2019-08-21 12:00:00,7744.760801949587
2019-08-21 12:30:00,7615.163088786635
2019-08-21 13:00:00,7595.3019375049535
2019-08-21 13:30:00,7520.306323399956
2019-08-21 14:00:00,7537.511227230266
2019-08-21 14:30:00,7560.893122373053
2019-08-21 15:00:00,7613.5593738795
2019-08-21 15:30:00,7747.898108472763
2019-08-21 16:00:00,7995.211887968573
2019-08-21 16:30:00,8372.905804784843
2019-08-21 17:00:00,8742.878491798285
2019-08-21 17:30:00,9337.186826006975
2019-08-21 18:00:00,10029.646214364877
2019-08-21 18:30:00,10406.004193652296
2019-08-21 19:00:00,10468.27323712562
2019-08-21 19:30:00,10348.195278445492
2019-08-21 20:00:00,10157.998800942945
2019-08-21 20:30:00,9965.320556889908
2019-08-21 21:00:00,9690.840346683424
2019-08-21 21:30:00,9394.875822995695
2019-08-21 22:00:00,9113.599562969126
2019-08-21 22:30:00,8928.282115085234
2019-08-21 23:00:00,8548.431569759492
2019-08-21 23:30:00,8398.523790462594
2019-08-22 00:00:00,8382.583581938034
2019-08-22 00:30:00,8184.0440746332
2019-08-22 01:00:00,7857.166627584249
2019-08-22 01:30:00,7612.366485601697
2019-08-22 02:00:00,7382.214598526046
2019-08-22 02:30:00,7087.431960666977
2019-08-22 03:00:00,6874.478964330479
2019-08-22 03:30:00,6729.313172577622
2019-08-22 04:00:00,6619.834253225264
2019-08-22 04:30:00,6580.893316744642
2019-08-22 05:00:00,6714.292386527585
2019-08-22 05:30:00,7045.678123561853
2019-08-22 06:00:00,7627.099549841587
2019-08-22 06:30:00,8556.168093327868
2019-08-22 07:00:00,9300.409955819088
2019-08-22 07:30:00,9494.06830292441
2019-08-22 08:00:00,9491.361135689278
2019-08-22 08:30:00,9229.797313175068
2019-08-22 09:00:00,8855.846246180852
2019-08-22 09:30:00,8540.71120009487
2019-08-22 10:00:00,8329.693878054073
2019-08-22 10:30:00,8135.179067565501
2019-08-22 11:00:00,7851.562052790916
2019-08-22 11:30:00,7700.169161906381
2019-08-22 12:00:00,7594.2061100878
2019-08-22 12:30:00,7467.379292486924
2019-08-22 13:00:00,7407.570224885545
2019-08-22 13:30:00,7367.987174289745
2019-08-22 14:00:00,7369.201121139238
2019-08-22 14:30:00,7452.912766606132
2019-08-22 15:00:00,7621.783329933143
2019-08-22 15:30:00,7664.6750899941135
2019-08-22 16:00:00,8024.312016143579
2019-08-22 16:30:00,8271.419126156201
2019-08-22 17:00:00,8615.273937368596
2019-08-22 17:30:00,9053.23820664928
2019-08-22 18:00:00,9702.591213155125
2019-08-22 18:30:00,9929.648618634887
2019-08-22 19:00:00,10050.701835755322
2019-08-22 19:30:00,9865.55490737756
2019-08-22 20:00:00,9642.528181916832
2019-08-22 20:30:00,9515.566334212628
2019-08-22 21:00:00,9234.934392527064
2019-08-22 21:30:00,9049.616944643172
2019-08-22 22:00:00,8715.87183478411
2019-08-22 22:30:00,8519.550739766659
2019-08-22 23:00:00,8295.93322518714
2019-08-22 23:30:00,8201.177654363435
2019-08-23 00:00:00,8030.168157440032
2019-08-23 00:30:00,7845.214629124219
2019-08-23 01:00:00,7732.545410140018
2019-08-23 01:30:00,7553.323474021028
2019-08-23 02:00:00,7257.991448292658
2019-08-23 02:30:00,7060.002461653048
2019-08-23 03:00:00,6822.051976779686
2019-08-23 03:30:00,6662.053943312316
2019-08-23 04:00:00,6587.5269111989355
2019-08-23 04:30:00,6587.5269111989355
2019-08-23 05:00:00,6722.294064588179
2019-08-23 05:30:00,7008.034713556454
2019-08-23 06:00:00,7495.741510017658
2019-08-23 06:30:00,8240.835392934985
2019-08-23 07:00:00,8811.383057756548
2019-08-23 07:30:00,9031.94899326851
2019-08-23 08:00:00,9032.543177127378
2019-08-23 08:30:00,8738.892831879475
2019-08-23 09:00:00,8442.56346026583
2019-08-23 09:30:00,8314.506181460982
2019-08-23 10:00:00,8117.134808268128
2019-08-23 10:30:00,8117.134808268128
2019-08-23 11:00:00,7989.28325223936
2019-08-23 11:30:00,7941.580163934756
2019-08-23 12:00:00,7762.693691365219
2019-08-23 12:30:00,7766.088068506557
2019-08-23 13:00:00,7802.933032415894
2019-08-23 13:30:00,7884.1999117684045
2019-08-23 14:00:00,7824.67529698509
2019-08-23 14:30:00,7902.654798355079
2019-08-23 15:00:00,7929.990024872001
2019-08-23 15:30:00,8005.700359274965
2019-08-23 16:00:00,8226.822580836382
2019-08-23 16:30:00,8402.064492282463
2019-08-23 17:00:00,8876.154259376812
2019-08-23 17:30:00,9367.555320725942
2019-08-23 18:00:00,10044.48447302328
2019-08-23 18:30:00,10300.721143903167
2019-08-23 19:00:00,10200.136118898507
2019-08-23 19:30:00,10070.715875544194
2019-08-23 20:00:00,9937.525055719345
2019-08-23 20:30:00,9798.290271512064
2019-08-23 21:00:00,9678.981439579618
2019-08-23 21:30:00,9487.640284329049
2019-08-23 22:00:00,9286.01643394768
2019-08-23 22:30:00,9191.402406780817
2019-08-23 23:00:00,8900.567402720912
2019-08-23 23:30:00,8779.291474523503
2019-08-24 00:00:00,8442.493275412751
2019-08-24 00:30:00,8354.485361723975
2019-08-24 01:00:00,8231.266818118153
2019-08-24 01:30:00,7984.139748314326
2019-08-24 02:00:00,7758.840953925528
2019-08-24 02:30:00,7516.116402108168
2019-08-24 03:00:00,7178.571534249991
2019-08-24 03:30:00,7048.412330648582
2019-08-24 04:00:00,6967.325507522163
2019-08-24 04:30:00,6967.325507522163
2019-08-24 05:00:00,6857.138159230723
2019-08-24 05:30:00,7163.386560950972
2019-08-24 06:00:00,6945.82906895281
2019-08-24 06:30:00,7741.475975172029
2019-08-24 07:00:00,7977.119552846573
2019-08-24 07:30:00,8339.651664716333
2019-08-24 08:00:00,8880.163740410606
2019-08-24 08:30:00,8750.696131696242
2019-08-24 09:00:00,8851.962776636588
2019-08-24 09:30:00,8563.173208475686
2019-08-24 10:00:00,8300.093239224063
2019-08-24 10:30:00,8013.277895801124
2019-08-24 11:00:00,7590.956962980052
2019-08-24 11:30:00,7489.719529175362
2019-08-24 12:00:00,7394.284980831003
2019-08-24 12:30:00,7280.764584491619
2019-08-24 13:00:00,7238.774168816056
2019-08-24 13:30:00,7126.509838022735
2019-08-24 14:00:00,7095.0241100094545
2019-08-24 14:30:00,7095.0241100094545
2019-08-24 15:00:00,7136.300064556084
2019-08-24 15:30:00,7238.98444193804
2019-08-24 16:00:00,7454.239831075122
2019-08-24 16:30:00,7515.461908260383
2019-08-24 17:00:00,8011.683679520382
2019-08-24 17:30:00,8309.971578550792
2019-08-24 18:00:00,9070.751740798314
2019-08-24 18:30:00,9451.343866668378
2019-08-24 19:00:00,9444.696122320203
2019-08-24 19:30:00,9391.481342683966
2019-08-24 20:00:00,9153.077844984822
2019-08-24 20:30:00,9019.486475287633
2019-08-24 21:00:00,8918.156771722874
2019-08-24 21:30:00,8778.084908548268
2019-08-24 22:00:00,8586.693657442558
2019-08-24 22:30:00,8538.15790826063
2019-08-24 23:00:00,8288.70720255762
2019-08-24 23:30:00,8213.683259303003
2019-08-25 00:00:00,8099.224785257407
2019-08-25 00:30:00,7885.384281055071
2019-08-25 01:00:00,7572.391879909756
2019-08-25 01:30:00,7219.01297414727
2019-08-25 02:00:00,7031.211600173456
2019-08-25 02:30:00,6759.750085837869
2019-08-25 03:00:00,6677.890678940159
2019-08-25 03:30:00,6537.637432702369
2019-08-25 04:00:00,6317.222769075693
2019-08-25 04:30:00,6317.222769075693
2019-08-25 05:00:00,6317.903665926691
2019-08-25 05:30:00,6532.422081820627
2019-08-25 06:00:00,6718.742734021467
2019-08-25 06:30:00,7065.703459900889
2019-08-25 07:00:00,7343.767303858657
2019-08-25 07:30:00,7644.734714982424
2019-08-25 08:00:00,7832.100194398736
2019-08-25 08:30:00,7989.425025064989
2019-08-25 09:00:00,7965.032726770738
2019-08-25 09:30:00,7809.860395932603
2019-08-25 10:00:00,7484.847957521006
2019-08-25 10:30:00,7236.330654886589
2019-08-25 11:00:00,6933.683381096996
2019-08-25 11:30:00,6713.406838840273
2019-08-25 12:00:00,6613.454649210855
2019-08-25 12:30:00,6456.099796093226
2019-08-25 13:00:00,6507.024185220421
2019-08-25 13:30:00,6465.716458526979
2019-08-25 14:00:00,6438.332133913916
2019-08-25 14:30:00,6471.997146857368
2019-08-25 15:00:00,6583.221430637109
2019-08-25 15:30:00,6724.636643175494
2019-08-25 16:00:00,6979.851936403968
2019-08-25 16:30:00,7196.6613733452505
2019-08-25 17:00:00,7649.278644863923
2019-08-25 17:30:00,8008.29469917039
2019-08-25 18:00:00,8477.521125938698
2019-08-25 18:30:00,8899.526482209565
2019-08-25 19:00:00,8993.216159784819
2019-08-25 19:30:00,8851.226918665208
2019-08-25 20:00:00,8646.418704097332
2019-08-25 20:30:00,8552.929651065975
2019-08-25 21:00:00,8329.577397104038
2019-08-25 21:30:00,8214.203420091148
2019-08-25 22:00:00,7938.960606281872
2019-08-25 22:30:00,7885.258088895658
2019-08-25 23:00:00,7677.551771377738
2019-08-25 23:30:00,7553.313803102283
2019-08-26 00:00:00,7473.425818410497
2019-08-26 00:30:00,7357.675331222655
2019-08-26 01:00:00,7190.576091284371
2019-08-26 01:30:00,6959.687935065768
2019-08-26 02:00:00,6998.1701202138665
2019-08-26 02:30:00,6706.862319507265
2019-08-26 03:00:00,6506.646965631349
2019-08-26 03:30:00,6425.367795181636
2019-08-26 04:00:00,6479.554542533515
2019-08-26 04:30:00,6495.783998077484
2019-08-26 05:00:00,6790.167623919194
2019-08-26 05:30:00,6903.7436918363865
2019-08-26 06:00:00,7824.500810161303
2019-08-26 06:30:00,8110.442329869038
2019-08-26 07:00:00,9193.633869219348
2019-08-26 07:30:00,9432.399171191159
2019-08-26 08:00:00,9463.4386419271
2019-08-26 08:30:00,9556.478667210788
2019-08-26 09:00:00,8669.245298216894
2019-08-26 09:30:00,8651.14636254222
2019-08-26 10:00:00,8434.303594587745
2019-08-26 10:30:00,8082.033423020147
2019-08-26 11:00:00,7905.6615942970175
2019-08-26 11:30:00,7725.8235043428
2019-08-26 12:00:00,7309.34319572413
2019-08-26 12:30:00,7094.2266397093545
2019-08-26 13:00:00,7136.5442856022655
2019-08-26 13:30:00,7090.205057959525
2019-08-26 14:00:00,7168.5685726021675
2019-08-26 14:30:00,7209.378981834709
2019-08-26 15:00:00,7421.290942699516
2019-08-26 15:30:00,7809.683716044415
2019-08-26 16:00:00,8279.444428733348
2019-08-26 16:30:00,8599.593499972747
2019-08-26 17:00:00,8936.072965026886
2019-08-26 17:30:00,9472.007081279484
2019-08-26 18:00:00,10048.562099754061
2019-08-26 18:30:00,10379.705468439053
2019-08-26 19:00:00,10242.92150978892
2019-08-26 19:30:00,9984.024781290813
2019-08-26 20:00:00,9764.97496862279
2019-08-26 20:30:00,9539.476283029855
2019-08-26 21:00:00,9340.086755143051
2019-08-26 21:30:00,9252.890588019865
2019-08-26 22:00:00,8909.949368799682
2019-08-26 22:30:00,8759.616777541767
2019-08-26 23:00:00,8502.702846309758
2019-08-26 23:30:00,8447.343075244044
2019-08-27 00:00:00,8014.684317790243
2019-08-27 00:30:00,7929.096134723752
2019-08-27 01:00:00,7944.485437575572
2019-08-27 01:30:00,7798.042420709475
2019-08-27 02:00:00,7549.9666359658395
2019-08-27 02:30:00,7314.435140481563
2019-08-27 03:00:00,6901.325155601718
2019-08-27 03:30:00,6841.706875257401
2019-08-27 04:00:00,6697.209643251668
2019-08-27 04:30:00,6778.488813701381
2019-08-27 05:00:00,6857.563842753868
2019-08-27 05:30:00,7334.918036479942
2019-08-27 06:00:00,7742.0659172309
2019-08-27 06:30:00,8224.995806045363
2019-08-27 07:00:00,8676.977553542465
2019-08-27 07:30:00,8880.306655081029
2019-08-27 08:00:00,9014.75295849916
2019-08-27 08:30:00,9014.75295849916
2019-08-27 09:00:00,8845.010033716799
2019-08-27 09:30:00,8693.678208247098
2019-08-27 10:00:00,8563.865514414434
2019-08-27 10:30:00,8563.865514414434
2019-08-27 11:00:00,8311.799018116104
2019-08-27 11:30:00,8332.450037496274
2019-08-27 12:00:00,8291.372118388606
2019-08-27 12:30:00,8333.205564508442
2019-08-27 13:00:00,8262.003679751291
2019-08-27 13:30:00,8293.8055724702
2019-08-27 14:00:00,8256.747441994457
2019-08-27 14:30:00,8293.946167029202
2019-08-27 15:00:00,8310.71385612313
2019-08-27 15:30:00,8271.925009885425
2019-08-27 16:00:00,8439.133258625201
2019-08-27 16:30:00,8698.28239611285
2019-08-27 17:00:00,9162.128453149797
2019-08-27 17:30:00,9490.966314690093
2019-08-27 18:00:00,10184.593267015127
2019-08-27 18:30:00,10425.264406539434
2019-08-27 19:00:00,10362.280815249529
2019-08-27 19:30:00,10098.82418228017
2019-08-27 20:00:00,9908.944201024318
2019-08-27 20:30:00,9708.377289740094
2019-08-27 21:00:00,9429.65148017867
2019-08-27 21:30:00,9149.390468687963
2019-08-27 22:00:00,8841.19220810776
2019-08-27 22:30:00,8680.92837465601
2019-08-27 23:00:00,8411.630176827308
2019-08-27 23:30:00,8384.39929613565
2019-08-28 00:00:00,8319.01117938115
2019-08-28 00:30:00,8206.365767784047
2019-08-28 01:00:00,7970.649311266989
2019-08-28 01:30:00,7785.695782951176
2019-08-28 02:00:00,7578.895217644124
2019-08-28 02:30:00,7263.976468688536
2019-08-28 03:00:00,6993.135924468367
2019-08-28 03:30:00,6795.517935437745
2019-08-28 04:00:00,6724.23463029734
2019-08-28 04:30:00,6757.516841372505
2019-08-28 05:00:00,6915.3152000295495
2019-08-28 05:30:00,7242.995297457439
2019-08-28 06:00:00,7634.735150340422
2019-08-28 06:30:00,8339.985496889538
2019-08-28 07:00:00,8981.185262703371
2019-08-28 07:30:00,9172.01308801863
2019-08-28 08:00:00,9247.122323571903
2019-08-28 08:30:00,9077.41068460713
2019-08-28 09:00:00,8719.027458803628
2019-08-28 09:30:00,8571.963406571156
2019-08-28 10:00:00,8427.23048327372
2019-08-28 10:30:00,8395.428590554811
2019-08-28 11:00:00,8217.0465000212
2019-08-28 11:30:00,8162.041402836811
2019-08-28 12:00:00,8017.471746879707
2019-08-28 12:30:00,8014.077369738369
2019-08-28 13:00:00,7931.724411269806
2019-08-28 13:30:00,8015.59997616693
2019-08-28 14:00:00,7907.59870668321
2019-08-28 14:30:00,7857.4299089028245
2019-08-28 15:00:00,7866.139430964442
2019-08-28 15:30:00,7998.405206558817
2019-08-28 16:00:00,8210.229045919003
2019-08-28 16:30:00,8415.094497769314
2019-08-28 17:00:00,8736.562074437135
2019-08-28 17:30:00,9174.216970299038
2019-08-28 18:00:00,9844.984295169508
2019-08-28 18:30:00,10285.505289300178
2019-08-28 19:00:00,10264.53019773223
2019-08-28 19:30:00,10094.443515446519
2019-08-28 20:00:00,9872.471231169398
2019-08-28 20:30:00,9721.977669960375
2019-08-28 21:00:00,9491.888742328538
2019-08-28 21:30:00,9194.075656812334
2019-08-28 22:00:00,8930.482580681379
2019-08-28 22:30:00,8777.626868828567
2019-08-28 23:00:00,8550.632035355637
2019-08-28 23:30:00,8412.050982248686
2019-08-29 00:00:00,8439.9430889877
2019-08-29 00:30:00,8288.488304361428
2019-08-29 01:00:00,8079.403065721153
2019-08-29 01:30:00,7951.092299385255
2019-08-29 02:00:00,7714.417293180481
2019-08-29 02:30:00,7363.3639400562015
2019-08-29 03:00:00,7117.950704798732
2019-08-29 03:30:00,6906.601747892227
2019-08-29 04:00:00,6845.8583132447475
2019-08-29 04:30:00,6862.5935642293825
2019-08-29 05:00:00,6941.404629463259
2019-08-29 05:30:00,7394.919967722109
2019-08-29 06:00:00,7754.217338687316
2019-08-29 06:30:00,8465.97139449443
2019-08-29 07:00:00,9126.18092378334
2019-08-29 07:30:00,9387.700347855563
2019-08-29 08:00:00,9355.206966829197
2019-08-29 08:30:00,9172.717701362928
2019-08-29 09:00:00,8752.369864437223
2019-08-29 09:30:00,8540.71120009487
2019-08-29 10:00:00,8274.371630577432
2019-08-29 10:30:00,8086.886190601724
2019-08-29 11:00:00,7977.559649487871
2019-08-29 11:30:00,7798.256317443706
2019-08-29 12:00:00,7773.035636131036
2019-08-29 12:30:00,7692.117089119622
2019-08-29 13:00:00,7645.927624632479
2019-08-29 13:30:00,7596.444723998309
2019-08-29 14:00:00,7408.784171735038
2019-08-29 14:30:00,7507.621322112437
2019-08-29 15:00:00,7681.298095335139
2019-08-29 15:30:00,7724.435330395276
2019-08-29 16:00:00,8012.210856147028
2019-08-29 16:30:00,8185.776547785626
2019-08-29 17:00:00,8516.056275311314
2019-08-29 17:30:00,8896.114022046586
2019-08-29 18:00:00,9499.955301972846
2019-08-29 18:30:00,9818.229852221295
2019-08-29 19:00:00,9871.502814910407
2019-08-29 19:30:00,9734.839820204266
2019-08-29 20:00:00,9551.073569488686
2019-08-29 20:30:00,9455.505469995447
2019-08-29 21:00:00,9239.01236395261
2019-08-29 21:30:00,9097.30967410108
2019-08-29 22:00:00,8840.63369338549
2019-08-29 22:30:00,8795.572060634846
2019-08-29 23:00:00,8514.176529184244
2019-08-29 23:30:00,8348.625406455132
2019-08-30 00:00:00,8177.44116201887
2019-08-30 00:30:00,8116.419289423501
2019-08-30 01:00:00,7964.67005320359
2019-08-30 01:30:00,7682.093558403808
2019-08-30 02:00:00,7521.248261047163
2019-08-30 02:30:00,7265.367709345589
2019-08-30 03:00:00,7009.521888484149
2019-08-30 03:30:00,6868.086796574292
2019-08-30 04:00:00,6791.568754632589
2019-08-30 04:30:00,6804.099047617079
2019-08-30 05:00:00,6990.981710930918
2019-08-30 05:30:00,7438.28842445617
2019-08-30 06:00:00,7811.557736109733
2019-08-30 06:30:00,8448.955096188934
2019-08-30 07:00:00,9147.848987442027
2019-08-30 07:30:00,9421.14116037137
2019-08-30 08:00:00,9594.356429010142
2019-08-30 08:30:00,9539.740745565137
2019-08-30 09:00:00,9215.924034493299
2019-08-30 09:30:00,9137.218703508803
2019-08-30 10:00:00,9015.59696428104
2019-08-30 10:30:00,8924.494825149672
2019-08-30 11:00:00,8728.785845262804
2019-08-30 11:30:00,8583.626021960139
2019-08-30 12:00:00,8568.276869394054
2019-08-30 12:30:00,8568.276869394054
2019-08-30 13:00:00,8504.528067617059
2019-08-30 13:30:00,8549.605886317431
2019-08-30 14:00:00,8623.107298136738
2019-08-30 14:30:00,8689.369113391394
2019-08-30 15:00:00,8729.527801263444
2019-08-30 15:30:00,8793.942853447494
2019-08-30 16:00:00,9037.572741245043
2019-08-30 16:30:00,9343.131335398684
2019-08-30 17:00:00,9784.1195548968
2019-08-30 17:30:00,10123.582758301474
2019-08-30 18:00:00,10602.366647689998
2019-08-30 18:30:00,10708.873305952176
2019-08-30 19:00:00,10629.943373458518
2019-08-30 19:30:00,10452.042032511736
2019-08-30 20:00:00,10261.211105670358
2019-08-30 20:30:00,10193.299594229922
2019-08-30 21:00:00,10036.71064281963
2019-08-30 21:30:00,9813.420520364349
2019-08-30 22:00:00,9539.867008110665
2019-08-30 22:30:00,9582.950368381586
2019-08-30 23:00:00,8997.9035731133
2019-08-30 23:30:00,8758.075228949041
2019-08-31 00:00:00,8329.043738350254
2019-08-31 00:30:00,8125.640808559115
2019-08-31 01:00:00,8120.656913516543
2019-08-31 01:30:00,7980.296771964269
2019-08-31 02:00:00,7763.135838955338
2019-08-31 02:30:00,7464.313744984436
2019-08-31 03:00:00,7058.7280921450865
2019-08-31 03:30:00,6962.863344951136
2019-08-31 04:00:00,6786.066529071128
2019-08-31 04:30:00,6830.554882018268
2019-08-31 05:00:00,6715.979476828288
2019-08-31 05:30:00,6971.780971523199
2019-08-31 06:00:00,6854.841108640314
2019-08-31 06:30:00,7340.145442698457
2019-08-31 07:00:00,7828.338218265787
2019-08-31 07:30:00,8117.355578920178
2019-08-31 08:00:00,8838.822304562274
2019-08-31 08:30:00,8756.077484252914
2019-08-31 09:00:00,8728.903433577334
2019-08-31 09:30:00,8635.726937639054
2019-08-31 10:00:00,8468.07698105227
2019-08-31 10:30:00,8350.891477593057
2019-08-31 11:00:00,8266.463307151389
2019-08-31 11:30:00,8239.781844984695
2019-08-31 12:00:00,8183.585637108893
2019-08-31 12:30:00,8080.278481690705
2019-08-31 13:00:00,7996.856991646338
2019-08-31 13:30:00,8022.629024247198
2019-08-31 14:00:00,7997.446592644105
2019-08-31 14:30:00,7997.446592644105
2019-08-31 15:00:00,8025.71874470985
2019-08-31 15:30:00,8178.722600991826
2019-08-31 16:00:00,8310.531267866607
2019-08-31 16:30:00,8493.665085524945
2019-08-31 17:00:00,8966.883511775195
2019-08-31 17:30:00,9185.468595460763
2019-08-31 18:00:00,9828.714129588818
2019-08-31 18:30:00,9978.636133550157
2019-08-31 19:00:00,9865.369412394002
2019-08-31 19:30:00,9629.132827993755
2019-08-31 20:00:00,9417.449485827136
2019-08-31 20:30:00,9229.36763714436
2019-08-31 21:00:00,9106.772158717546
2019-08-31 21:30:00,8841.077168850841
2019-08-31 22:00:00,8636.982563319209
2019-08-31 22:30:00,8480.99308119384
2019-08-31 23:00:00,8284.90094655117
2019-08-31 23:30:00,8193.538860962983
2019-09-01 00:00:00,8157.696768115367
2019-09-01 00:30:00,7948.093451557079
2019-09-01 01:00:00,7516.0143957783985
2019-09-01 01:30:00,7328.548730596054
2019-09-01 02:00:00,7089.598703060434
2019-09-01 02:30:00,6780.439082732868
2019-09-01 03:00:00,6701.986411322837
2019-09-01 03:30:00,6468.316565630291
2019-09-01 04:00:00,6310.75119742912
2019-09-01 04:30:00,6286.311891255736
2019-09-01 05:00:00,6289.009321157725
2019-09-01 05:30:00,6446.873777717676
2019-09-01 06:00:00,6567.199989149289
2019-09-01 06:30:00,6925.076606990179
2019-09-01 07:00:00,7048.05688756166
2019-09-01 07:30:00,7392.307054384039
2019-09-01 08:00:00,7520.985622263557
2019-09-01 08:30:00,7736.999228450043
2019-09-01 09:00:00,7848.971192644183
2019-09-01 09:30:00,7775.070086409787
2019-09-01 10:00:00,7650.816643555631
2019-09-01 10:30:00,7574.7442167757445
2019-09-01 11:00:00,7446.190118200643
2019-09-01 11:30:00,7286.54452809033
2019-09-01 12:00:00,7248.9695459792965
2019-09-01 12:30:00,7107.67252308603
2019-09-01 13:00:00,7078.098687504278
2019-09-01 13:30:00,6984.549250816837
2019-09-01 14:00:00,6992.3855067757195
2019-09-01 14:30:00,7083.009228022858
2019-09-01 15:00:00,7081.631792157186
2019-09-01 15:30:00,7187.198683245151
2019-09-01 16:00:00,7489.852258433855
2019-09-01 16:30:00,7695.024157631369
2019-09-01 17:00:00,8119.34796333005
2019-09-01 17:30:00,8474.77859285224
2019-09-01 18:00:00,9148.492221973109
2019-09-01 18:30:00,9381.67365022293
2019-09-01 19:00:00,9462.947117078018
2019-09-01 19:30:00,9280.088625548304
2019-09-01 20:00:00,9077.065745997063
2019-09-01 20:30:00,8945.922607319753
2019-09-01 21:00:00,8694.470157050828
2019-09-01 21:30:00,8511.870300388813
2019-09-01 22:00:00,8148.328473756834
2019-09-01 22:30:00,8148.328473756834
2019-09-01 23:00:00,7970.40349711116
2019-09-01 23:30:00,7818.948712484886
2019-09-02 00:00:00,7912.302340083558
2019-09-02 00:30:00,7534.6394376476255
2019-09-02 01:00:00,7249.946015973212
2019-09-02 01:30:00,7232.613938008167
2019-09-02 02:00:00,7211.292056750545
2019-09-02 02:30:00,6966.364882188641
2019-09-02 03:00:00,6807.8903719535565
2019-09-02 03:30:00,6623.714802881365
2019-09-02 04:00:00,6663.70445445225
2019-09-02 04:30:00,6546.391538742277
2019-09-02 05:00:00,6873.893489004381
2019-09-02 05:30:00,7002.92521207304
2019-09-02 06:00:00,7763.850856847261
2019-09-02 06:30:00,8140.793368454585
2019-09-02 07:00:00,8938.481941438715
2019-09-02 07:30:00,9272.97419841628
2019-09-02 08:00:00,8991.563548085442
2019-09-02 08:30:00,9183.405814178297
2019-09-02 09:00:00,8511.256227993925
2019-09-02 09:30:00,8423.853222750411
2019-09-02 10:00:00,8239.984531073922
2019-09-02 10:30:00,7992.235055218083
2019-09-02 11:00:00,7724.140458611553
2019-09-02 11:30:00,7385.81192401926
2019-09-02 12:00:00,7234.4788496055035
2019-09-02 12:30:00,7075.8992314789775
2019-09-02 13:00:00,7061.0396029016865
2019-09-02 13:30:00,6995.862313238045
2019-09-02 14:00:00,7035.139433581733
2019-09-02 14:30:00,7078.892372675944
2019-09-02 15:00:00,7177.547664235203
2019-09-02 15:30:00,7413.957251580198
2019-09-02 16:00:00,7853.398004075982
2019-09-02 16:30:00,8288.55640923657
2019-09-02 17:00:00,8548.090194805656
2019-09-02 17:30:00,8762.742850440094
2019-09-02 18:00:00,9252.255355648376
2019-09-02 18:30:00,9478.413938344263
2019-09-02 19:00:00,9429.22723982652
2019-09-02 19:30:00,9312.490947134404
2019-09-02 20:00:00,9153.340494266671
2019-09-02 20:30:00,9130.126391344556
2019-09-02 21:00:00,9000.54887716183
2019-09-02 21:30:00,8783.058834346157
2019-09-02 22:00:00,8574.07671664135
2019-09-02 22:30:00,8459.230141966998
2019-09-02 23:00:00,8256.747935840025
2019-09-02 23:30:00,8069.32780510263
2019-09-03 00:00:00,7770.314501439605
2019-09-03 00:30:00,7680.318513039299
2019-09-03 01:00:00,7668.6700263906305
2019-09-03 01:30:00,7493.732861639696
2019-09-03 02:00:00,7321.800830080253
2019-09-03 02:30:00,7084.757624291543
2019-09-03 03:00:00,6780.207478211389
2019-09-03 03:30:00,6629.967742743177
2019-09-03 04:00:00,6487.73835025472
2019-09-03 04:30:00,6557.39182352559
2019-09-03 05:00:00,6660.9590938912315
2019-09-03 05:30:00,7095.605390565608
2019-09-03 06:00:00,7517.106148381371
2019-09-03 06:30:00,8145.9401216911565
2019-09-03 07:00:00,8710.96427739466
2019-09-03 07:30:00,8906.829733993154
2019-09-03 08:00:00,8794.564414443326
2019-09-03 08:30:00,8591.242795719447
2019-09-03 09:00:00,8357.917385712846
2019-09-03 09:30:00,8094.7772390518885
2019-09-03 10:00:00,8045.688416529362
2019-09-03 10:30:00,7911.166884564955
2019-09-03 11:00:00,7800.036307867035
2019-09-03 11:30:00,7763.481059621244
2019-09-03 12:00:00,7623.531022656947
2019-09-03 12:30:00,7598.646471135545
2019-09-03 13:00:00,7591.698272298456
2019-09-03 13:30:00,7591.698272298456
2019-09-03 14:00:00,7601.606726853804
2019-09-03 14:30:00,7613.326270000261
2019-09-03 15:00:00,7607.287660493814
2019-09-03 15:30:00,7725.631517247818
2019-09-03 16:00:00,7978.66395287783
2019-09-03 16:30:00,8108.573958606643
2019-09-03 17:00:00,8455.825879194354
2019-09-03 17:30:00,8809.704744121243
2019-09-03 18:00:00,9315.129800210732
2019-09-03 18:30:00,9662.315488396602
2019-09-03 19:00:00,9754.234856329378
2019-09-03 19:30:00,9547.467965039745
2019-09-03 20:00:00,9338.161378241608
2019-09-03 20:30:00,9184.862214455105
2019-09-03 21:00:00,9001.662645954095
2019-09-03 21:30:00,8762.027334889437
2019-09-03 22:00:00,8519.93212515189
2019-09-03 22:30:00,8439.681510081718
2019-09-03 23:00:00,8170.681144987884
2019-09-03 23:30:00,8080.752997060317
2019-09-04 00:00:00,7934.009035073424
2019-09-04 00:30:00,7846.716820083061
2019-09-04 01:00:00,7614.451367099136
2019-09-04 01:30:00,7375.514832120275
2019-09-04 02:00:00,6604.401469399963
2019-09-04 02:30:00,6396.732874673648
2019-09-04 03:00:00,6128.346641215005
2019-09-04 03:30:00,6053.295862704814
2019-09-04 04:00:00,6001.652562926627
2019-09-04 04:30:00,6466.215915804497
2019-09-04 05:00:00,6706.956839731381
2019-09-04 05:30:00,6971.558929155768
2019-09-04 06:00:00,7420.241676373251
2019-09-04 06:30:00,8086.410096063084
2019-09-04 07:00:00,8661.194150758127
2019-09-04 07:30:00,8840.482541901914
2019-09-04 08:00:00,8741.60021754304
2019-09-04 08:30:00,8277.10100517085
2019-09-04 09:00:00,8078.999934192916
2019-09-04 09:30:00,7897.605970138251
2019-09-04 10:00:00,7648.605764522559
2019-09-04 10:30:00,7647.255446553684
2019-09-04 11:00:00,7463.074072364341
2019-09-04 11:30:00,7368.109537223716
2019-09-04 12:00:00,7213.36743592681
2019-09-04 12:30:00,7164.664293254297
2019-09-04 13:00:00,7245.347111059445
2019-09-04 13:30:00,7245.347111059445
2019-09-04 14:00:00,7286.884409477954
2019-09-04 14:30:00,7308.929850937356
2019-09-04 15:00:00,7385.343073914052
2019-09-04 15:30:00,7433.8764737875135
2019-09-04 16:00:00,7803.021495139118
2019-09-04 16:30:00,7910.5782375226345
2019-09-04 17:00:00,8223.722336029256
2019-09-04 17:30:00,8428.627780702727
2019-09-04 18:00:00,8905.410283429159
2019-09-04 18:30:00,9197.273481434453
2019-09-04 19:00:00,9287.577781432987
2019-09-04 19:30:00,9121.582058412016
2019-09-04 20:00:00,8889.40009495979
2019-09-04 20:30:00,8736.544383106979
2019-09-04 21:00:00,8562.447702123507
2019-09-04 21:30:00,8452.466235166838
2019-09-04 22:00:00,8247.74326282581
2019-09-04 22:30:00,8242.915839929685
2019-09-04 23:00:00,8032.722235265355
2019-09-04 23:30:00,7969.145915482167
2019-09-05 00:00:00,7945.501677134056
2019-09-05 00:30:00,7749.122821748176
2019-09-05 01:00:00,7533.864828695516
2019-09-05 01:30:00,7392.417043289898
2019-09-05 02:00:00,7101.1785624587465
2019-09-05 02:30:00,6849.759845752583
2019-09-05 03:00:00,6645.995029413385
2019-09-05 03:30:00,6478.250677548231
2019-09-05 04:00:00,6347.104613090505
2019-09-05 04:30:00,6425.265470628632
2019-09-05 05:00:00,6569.611370810174
2019-09-05 05:30:00,6853.836575488524
2019-09-05 06:00:00,7335.634112605523
2019-09-05 06:30:00,7954.94581808048
2019-09-05 07:00:00,8549.397558200004
2019-09-05 07:30:00,8660.809821082077
2019-09-05 08:00:00,8580.551444639932
2019-09-05 08:30:00,8338.423625089825
2019-09-05 09:00:00,7929.291071163586
2019-09-05 09:30:00,7781.9057486560305
2019-09-05 10:00:00,7655.023434961935
2019-09-05 10:30:00,7628.922429470553
2019-09-05 11:00:00,7421.623561891062
2019-09-05 11:30:00,7313.303569248329
2019-09-05 12:00:00,7199.408624863919
2019-09-05 12:30:00,7205.126319733338
2019-09-05 13:00:00,7257.6934468008985
2019-09-05 13:30:00,7288.797750592439
2019-09-05 14:00:00,7325.751327037599
2019-09-05 14:30:00,7410.876575455288
2019-09-05 15:00:00,7354.0476855364
2019-09-05 15:30:00,7391.031374413785
2019-09-05 16:00:00,7644.197965630455
2019-09-05 16:30:00,7994.884404990856
2019-09-05 17:00:00,8213.114148494868
2019-09-05 17:30:00,8415.168245537629
2019-09-05 18:00:00,8876.17878041233
2019-09-05 18:30:00,9118.914036343456
2019-09-05 19:00:00,9108.87921012158
2019-09-05 19:30:00,8865.624270743527
2019-09-05 20:00:00,8660.176347950975
2019-09-05 20:30:00,8570.910011478842
2019-09-05 21:00:00,8383.429751006954
2019-09-05 21:30:00,8215.351961039658
2019-09-05 22:00:00,7994.235536123946
2019-09-05 22:30:00,7990.841158982608
2019-09-05 23:00:00,7804.5078717543365
2019-09-05 23:30:00,7710.269340759145
2019-09-06 00:00:00,7627.593011088138
2019-09-06 00:30:00,7551.165574014889
2019-09-06 01:00:00,7413.52509428938
2019-09-06 01:30:00,7155.922213059639
2019-09-06 02:00:00,6999.885075421249
2019-09-06 02:30:00,6765.746873924764
2019-09-06 03:00:00,6551.4520894142215
2019-09-06 03:30:00,6401.21235394601
2019-09-06 04:00:00,6367.948953912274
2019-09-06 04:30:00,6370.5575133379725
2019-09-06 05:00:00,6570.05427596883
2019-09-06 05:30:00,6825.198143615797
2019-09-06 06:00:00,7115.407488643481
2019-09-06 06:30:00,7651.461721093123
2019-09-06 07:00:00,8230.146798854868
2019-09-06 07:30:00,8258.506497935085
2019-09-06 08:00:00,8190.519692534363
2019-09-06 08:30:00,8086.926015030342
2019-09-06 09:00:00,7860.647120895204
2019-09-06 09:30:00,7808.233842227944
2019-09-06 10:00:00,7653.369847781609
2019-09-06 10:30:00,7570.960259630005
2019-09-06 11:00:00,7535.163664304345
2019-09-06 11:30:00,7396.63075169913
2019-09-06 12:00:00,7275.690097519162
2019-09-06 12:30:00,7231.3282053108505
2019-09-06 13:00:00,7273.107646954939
2019-09-06 13:30:00,7239.41975316684
2019-09-06 14:00:00,7271.854842038593
2019-09-06 14:30:00,7360.660127648166
2019-09-06 15:00:00,7501.5763236749335
2019-09-06 15:30:00,7519.227568101044
2019-09-06 16:00:00,7758.335603411515
2019-09-06 16:30:00,7969.814240427934
2019-09-06 17:00:00,8121.405220593397
2019-09-06 17:30:00,8321.331482519188
2019-09-06 18:00:00,8591.589745550047
2019-09-06 18:30:00,8880.261855714252
2019-09-06 19:00:00,8844.366660696021
2019-09-06 19:30:00,8628.778960267757
2019-09-06 20:00:00,8450.636596667953
2019-09-06 20:30:00,8340.033207483026
2019-09-06 21:00:00,8290.310739795697
2019-09-06 21:30:00,8179.54056552199
2019-09-06 22:00:00,8006.15972264148
2019-09-06 22:30:00,7961.724521202705
2019-09-06 23:00:00,7878.768566120656
2019-09-06 23:30:00,7777.037879962708
2019-09-07 00:00:00,7578.681106856166
2019-09-07 00:30:00,7466.305401450248
2019-09-07 01:00:00,7400.229689769074
2019-09-07 01:30:00,7171.526423966085
2019-09-07 02:00:00,6949.649285822236
2019-09-07 02:30:00,6650.542444229922
2019-09-07 03:00:00,6400.824529937262
2019-09-07 03:30:00,6278.006132487916
2019-09-07 04:00:00,6115.8371491873495
2019-09-07 04:30:00,6123.771171485513
2019-09-07 05:00:00,6079.772192589311
2019-09-07 05:30:00,6325.799518749005
2019-09-07 06:00:00,6424.691600118882
2019-09-07 06:30:00,6665.74858451489
2019-09-07 07:00:00,6831.5638362117
2019-09-07 07:30:00,7001.992440821086
2019-09-07 08:00:00,7373.427303189922
2019-09-07 08:30:00,7291.512804179804
2019-09-07 09:00:00,7633.43206382876
2019-09-07 09:30:00,7723.556700954451
2019-09-07 10:00:00,7248.154361665393
2019-09-07 10:30:00,7273.965698287764
2019-09-07 11:00:00,7140.74923694391
2019-09-07 11:30:00,7040.862898821632
2019-09-07 12:00:00,6935.139522518747
2019-09-07 12:30:00,6937.182240299196
2019-09-07 13:00:00,6996.62546014875
2019-09-07 13:30:00,7048.729317226211
2019-09-07 14:00:00,7072.628555066587
2019-09-07 14:30:00,7188.19166918642
2019-09-07 15:00:00,7207.3104476203835
2019-09-07 15:30:00,7230.767357345741
2019-09-07 16:00:00,7350.539533884115
2019-09-07 16:30:00,7152.919237966622
2019-09-07 17:00:00,7395.778239415577
2019-09-07 17:30:00,7614.754243901617
2019-09-07 18:00:00,7959.364355304166
2019-09-07 18:30:00,8191.26374684598
2019-09-07 19:00:00,8101.158766424263
2019-09-07 19:30:00,7935.567768671962
2019-09-07 20:00:00,7645.592392364402
2019-09-07 20:30:00,7606.90965424014
2019-09-07 21:00:00,7529.0871032848645
2019-09-07 21:30:00,7478.443353270414
2019-09-07 22:00:00,7425.576820281426
2019-09-07 22:30:00,7450.952649134493
2019-09-07 23:00:00,7390.124332637614
2019-09-07 23:30:00,7390.124332637614
2019-09-08 00:00:00,7289.703505837487
2019-09-08 00:30:00,7152.536819341816
2019-09-08 01:00:00,6851.181169798963
2019-09-08 01:30:00,6734.6228238134745
2019-09-08 02:00:00,6478.704930250522
2019-09-08 02:30:00,6272.987171621827
2019-09-08 03:00:00,6135.501441759728
2019-09-08 03:30:00,5942.158200715795
2019-09-08 04:00:00,5845.796630725303
2019-09-08 04:30:00,5816.245554841288
2019-09-08 05:00:00,5820.966215655461
2019-09-08 05:30:00,5907.798798227851
2019-09-08 06:00:00,6009.326581045211
2019-09-08 06:30:00,6171.801403138852
2019-09-08 07:00:00,6465.56590143565
2019-09-08 07:30:00,6682.599675548013
2019-09-08 08:00:00,6811.842795078765
2019-09-08 08:30:00,6920.476576981508
2019-09-08 09:00:00,6985.666668257565
2019-09-08 09:30:00,6893.652214630921
2019-09-08 10:00:00,6879.319446454623
2019-09-08 10:30:00,6672.482747052116
2019-09-08 11:00:00,6492.1628827646455
2019-09-08 11:30:00,6359.929180502886
2019-09-08 12:00:00,6423.233617349757
2019-09-08 12:30:00,6329.058670281928
2019-09-08 13:00:00,6307.022367313833
2019-09-08 13:30:00,6307.022367313833
2019-09-08 14:00:00,6376.237016803926
2019-09-08 14:30:00,6376.237016803926
2019-09-08 15:00:00,6504.491952104714
2019-09-08 15:30:00,6700.419119263761
2019-09-08 16:00:00,6882.503544540945
2019-09-08 16:30:00,7076.972823702744
2019-09-08 17:00:00,7468.511271419097
2019-09-08 17:30:00,7808.252798802599
2019-09-08 18:00:00,8357.867398804483
2019-09-08 18:30:00,8802.687563586596
2019-09-08 19:00:00,8904.725092919733
2019-09-08 19:30:00,8775.933650299527
2019-09-08 20:00:00,8586.682793620006
2019-09-08 20:30:00,8502.587204012529
2019-09-08 21:00:00,8224.55527004841
2019-09-08 21:30:00,8140.251210140355
2019-09-08 22:00:00,7859.817132465597
2019-09-08 22:30:00,7805.475002636339
2019-09-08 23:00:00,7602.357514546588
2019-09-08 23:30:00,7401.586479182041
2019-09-09 00:00:00,7550.161161867385
2019-09-09 00:30:00,7502.691012988192
2019-09-09 01:00:00,7150.076289531758
2019-09-09 01:30:00,7126.533093334364
2019-09-09 02:00:00,6936.460218679207
2019-09-09 02:30:00,6691.025861128694
2019-09-09 03:00:00,6459.007647277802
2019-09-09 03:30:00,6345.020121678777
2019-09-09 04:00:00,6284.091915519519
2019-09-09 04:30:00,6240.338976425308
2019-09-09 05:00:00,6651.548320053516
2019-09-09 05:30:00,6741.5286055055385
2019-09-09 06:00:00,7470.590792717544
2019-09-09 06:30:00,7738.381019234814
2019-09-09 07:00:00,8503.513284079887
2019-09-09 07:30:00,8756.317827633005
2019-09-09 08:00:00,8617.121275817135
2019-09-09 08:30:00,8604.245361426505
2019-09-09 09:00:00,8129.427217855384
2019-09-09 09:30:00,8055.033360877536
2019-09-09 10:00:00,7861.202382690397
2019-09-09 10:30:00,7715.022485952523
2019-09-09 11:00:00,7403.270639721854
2019-09-09 11:30:00,7260.861982876787
2019-09-09 12:00:00,7202.962412114209
2019-09-09 12:30:00,7144.904207238719
2019-09-09 13:00:00,7041.735216801467
2019-09-09 13:30:00,7110.592012180838
2019-09-09 14:00:00,7102.592431330963
2019-09-09 14:30:00,7189.742068206245
2019-09-09 15:00:00,7306.539883048731
2019-09-09 15:30:00,7710.21154579371
2019-09-09 16:00:00,8164.139814783335
2019-09-09 16:30:00,8404.532723764234
2019-09-09 17:00:00,8714.606396207495
2019-09-09 17:30:00,9010.878451261011
2019-09-09 18:00:00,9474.41133257427
2019-09-09 18:30:00,9959.235612222183
2019-09-09 19:00:00,9960.936278969131
2019-09-09 19:30:00,9704.993906098529
2019-09-09 20:00:00,9512.707670424827
2019-09-09 20:30:00,9321.875400825895
2019-09-09 21:00:00,9172.842985640395
2019-09-09 21:30:00,9114.133451216034
2019-09-09 22:00:00,8729.707202583006
2019-09-09 22:30:00,8559.130880549472
2019-09-09 23:00:00,8293.997104788203
2019-09-09 23:30:00,8222.628140435241
2019-09-10 00:00:00,7882.886668605605
2019-09-10 00:30:00,7689.114128808994
2019-09-10 01:00:00,7619.398828135651
2019-09-10 01:30:00,7413.234646792114
2019-09-10 02:00:00,7215.589969303463
2019-09-10 02:30:00,6856.908792084219
2019-09-10 03:00:00,6656.949627822243
2019-09-10 03:30:00,6498.388413342289
2019-09-10 04:00:00,6429.513591084544
2019-09-10 04:30:00,6435.210658833501
2019-09-10 05:00:00,6611.260790098065
2019-09-10 05:30:00,6838.8011817983315
2019-09-10 06:00:00,7468.992310252713
2019-09-10 06:30:00,8015.202196186227
2019-09-10 07:00:00,8578.359947029985
2019-09-10 07:30:00,8616.019599377882
2019-09-10 08:00:00,8667.279302517127
2019-09-10 08:30:00,8502.584991416332
2019-09-10 09:00:00,8347.66612105427
2019-09-10 09:30:00,8124.49934665712
2019-09-10 10:00:00,8084.413548096328
2019-09-10 10:30:00,7927.0418233580285
2019-09-10 11:00:00,7866.42550864667
2019-09-10 11:30:00,7770.832063146865
2019-09-10 12:00:00,7718.428736008531
2019-09-10 12:30:00,7659.0865054520145
2019-09-10 13:00:00,7711.674645197433
2019-09-10 13:30:00,7751.099246297437
2019-09-10 14:00:00,7801.371121792326
2019-09-10 14:30:00,7915.843296808352
2019-09-10 15:00:00,8054.242977339456
2019-09-10 15:30:00,8058.068181240287
2019-09-10 16:00:00,8257.42933325097
2019-09-10 16:30:00,8573.903104345929
2019-09-10 17:00:00,8976.28851555624
2019-09-10 17:30:00,9533.131480830487
2019-09-10 18:00:00,10085.41029013751
2019-09-10 18:30:00,10496.168111947529
2019-09-10 19:00:00,10473.339391306536
2019-09-10 19:30:00,10218.64246523295
2019-09-10 20:00:00,9963.221692759635
2019-09-10 20:30:00,9725.624727592276
2019-09-10 21:00:00,9400.72334622374
2019-09-10 21:30:00,9167.541917973918
2019-09-10 22:00:00,8901.819280939068
2019-09-10 22:30:00,8785.078301932721
2019-09-10 23:00:00,8477.62845881318
2019-09-10 23:30:00,8397.377843743008
2019-09-11 00:00:00,8249.421538716188
2019-09-11 00:30:00,8129.551204035753
2019-09-11 01:00:00,7886.413324394875
2019-09-11 01:30:00,7654.019902053935
2019-09-11 02:00:00,7441.522937671389
2019-09-11 02:30:00,7194.303307617465
2019-09-11 03:00:00,6943.42232016808
2019-09-11 03:30:00,6737.226149929136
2019-09-11 04:00:00,6686.414481121217
2019-09-11 04:30:00,6683.331240695214
2019-09-11 05:00:00,6815.440738380699
2019-09-11 05:30:00,7134.031405717458
2019-09-11 06:00:00,7531.8601861585
2019-09-11 06:30:00,8299.790438054528
2019-09-11 07:00:00,8977.251001237702
2019-09-11 07:30:00,9097.09819427459
2019-09-11 08:00:00,9062.663210101093
2019-09-11 08:30:00,8850.079759526601
2019-09-11 09:00:00,8524.512436794224
2019-09-11 09:30:00,8263.83448322362
2019-09-11 10:00:00,8026.549187025501
2019-09-11 10:30:00,7981.021173386167
2019-09-11 11:00:00,7967.450360426874
2019-09-11 11:30:00,7778.427459278563
2019-09-11 12:00:00,7710.56778159782
2019-09-11 12:30:00,7640.008265688881
2019-09-11 13:00:00,7569.51983618711
2019-09-11 13:30:00,7490.504625176844
2019-09-11 14:00:00,7482.474425926105
2019-09-11 14:30:00,7543.224295613633
2019-09-11 15:00:00,7566.201906316581
2019-09-11 15:30:00,7695.799619479533
2019-09-11 16:00:00,7913.88253332578
2019-09-11 16:30:00,8156.617349464377
2019-09-11 17:00:00,8558.691950852384
2019-09-11 17:30:00,9031.072401224432
2019-09-11 18:00:00,9653.674753374793
2019-09-11 18:30:00,10173.46543992468
2019-09-11 19:00:00,10174.520266393698
2019-09-11 19:30:00,10143.668368315268
2019-09-11 20:00:00,9892.487664143126
2019-09-11 20:30:00,9762.726925376937
2019-09-11 21:00:00,9499.325731762812
2019-09-11 21:30:00,9272.764498771976
2019-09-11 22:00:00,8950.06815561427
2019-09-11 22:30:00,8812.46045193777
2019-09-11 23:00:00,8535.840905378798
2019-09-11 23:30:00,8336.314029891744
2019-09-12 00:00:00,8266.631233261794
2019-09-12 00:30:00,8153.985821664679
2019-09-12 01:00:00,7991.82128972985
2019-09-12 01:30:00,7763.497308652359
2019-09-12 02:00:00,7538.138787617551
2019-09-12 02:30:00,7287.044003700172
2019-09-12 03:00:00,6978.765963906832
2019-09-12 03:30:00,6888.137830511315
2019-09-12 04:00:00,6739.900379667413
2019-09-12 04:30:00,6764.980991956482
2019-09-12 05:00:00,6900.278514002762
2019-09-12 05:30:00,7268.959255202411
2019-09-12 06:00:00,7734.397924576519
2019-09-12 06:30:00,8386.15031940608
2019-09-12 07:00:00,9023.497551778579
2019-09-12 07:30:00,9125.379882915387
2019-09-12 08:00:00,9140.322590719752
2019-09-12 08:30:00,8923.770346557618
2019-09-12 09:00:00,8531.591966509695
2019-09-12 09:30:00,8189.082389821787
2019-09-12 10:00:00,7919.856126671739
2019-09-12 10:30:00,7826.239517904807
2019-09-12 11:00:00,7691.214527992721
2019-09-12 11:30:00,7442.3878063378015
2019-09-12 12:00:00,7307.034192408889
2019-09-12 12:30:00,7188.423726428507
2019-09-12 13:00:00,7230.613672635859
2019-09-12 13:30:00,7230.613672635859
2019-09-12 14:00:00,7286.3850781588435
2019-09-12 14:30:00,7258.623829951252
2019-09-12 15:00:00,7262.847626726152
2019-09-12 15:30:00,7323.653490710471
2019-09-12 16:00:00,7593.826540899655
2019-09-12 16:30:00,7849.021831762029
2019-09-12 17:00:00,8198.811418555073
2019-09-12 17:30:00,8536.59902497582
2019-09-12 18:00:00,9068.31082780222
2019-09-12 18:30:00,9501.570891869773
2019-09-12 19:00:00,9556.407656288984
2019-09-12 19:30:00,9526.226406317515
2019-09-12 20:00:00,9314.521783306905
2019-09-12 20:30:00,9204.65159912828
2019-09-12 21:00:00,8971.824886060398
2019-09-12 21:30:00,8764.952145728372
2019-09-12 22:00:00,8486.274603435202
2019-09-12 22:30:00,8486.274603435202
2019-09-12 23:00:00,8245.980970341667
2019-09-12 23:30:00,8093.486218439315
2019-09-13 00:00:00,8049.496625404992
2019-09-13 00:30:00,7854.192889192666
2019-09-13 01:00:00,7635.742251901587
2019-09-13 01:30:00,7515.67551036539
2019-09-13 02:00:00,7253.982129191445
2019-09-13 02:30:00,6947.196044376851
2019-09-13 03:00:00,6769.914641464763
2019-09-13 03:30:00,6629.281031924757
2019-09-13 04:00:00,6473.563181974056
2019-09-13 04:30:00,6473.563181974056
2019-09-13 05:00:00,6554.971978273867
2019-09-13 05:30:00,6918.422577458003
2019-09-13 06:00:00,7429.076031977742
2019-09-13 06:30:00,8061.930840572258
2019-09-13 07:00:00,8691.281848205881
2019-09-13 07:30:00,8813.007774399559
2019-09-13 08:00:00,8952.949110105294
2019-09-13 08:30:00,8752.874504107738
2019-09-13 09:00:00,8433.586172274701
2019-09-13 09:30:00,8272.78910297425
2019-09-13 10:00:00,7976.285763809432
2019-09-13 10:30:00,7723.473172583486
2019-09-13 11:00:00,7539.417019985684
2019-09-13 11:30:00,7392.477173757898
2019-09-13 12:00:00,7310.8882165435525
2019-09-13 12:30:00,7305.014191493795
2019-09-13 13:00:00,7374.5110073475325
2019-09-13 13:30:00,7395.217294073278
2019-09-13 14:00:00,7404.175312465397
2019-09-13 14:30:00,7521.950773417337
2019-09-13 15:00:00,7692.69059908815
2019-09-13 15:30:00,7753.100601855428
2019-09-13 16:00:00,7970.475859224025
2019-09-13 16:30:00,8098.989834226198
2019-09-13 17:00:00,8173.869175174011
2019-09-13 17:30:00,8398.980447359592
2019-09-13 18:00:00,8840.183474797906
2019-09-13 18:30:00,9112.909482351244
2019-09-13 19:00:00,9142.184768193809
2019-09-13 19:30:00,8946.106931630678
2019-09-13 20:00:00,8928.132527314803
2019-09-13 20:30:00,8807.859075580476
2019-09-13 21:00:00,8687.287178274159
2019-09-13 21:30:00,8419.755935944171
2019-09-13 22:00:00,8333.14346707411
2019-09-13 22:30:00,8303.676378719123
2019-09-13 23:00:00,8180.924194828203
2019-09-13 23:30:00,8022.592304221328
2019-09-14 00:00:00,7741.823900099554
2019-09-14 00:30:00,7621.551312712453
2019-09-14 01:00:00,7574.208200121355
2019-09-14 01:30:00,7403.662384770759
2019-09-14 02:00:00,7112.467544521249
2019-09-14 02:30:00,6910.956812540855
2019-09-14 03:00:00,6561.929922449495
2019-09-14 03:30:00,6507.893621171682
2019-09-14 04:00:00,6365.019888904668
2019-09-14 04:30:00,6365.019888904668
2019-09-14 05:00:00,6204.293162245393
2019-09-14 05:30:00,6401.77818423758
2019-09-14 06:00:00,6557.594006398529
2019-09-14 06:30:00,6778.028564392842
2019-09-14 07:00:00,7098.69041900086
2019-09-14 07:30:00,7224.410751834813
2019-09-14 08:00:00,7536.530981162057
2019-09-14 08:30:00,7489.726371352582
2019-09-14 09:00:00,7406.007942399829
2019-09-14 09:30:00,7375.199175482967
2019-09-14 10:00:00,7314.363916092926
2019-09-14 10:30:00,7201.988210687008
2019-09-14 11:00:00,7100.367662377235
2019-09-14 11:30:00,7006.2209230833005
2019-09-14 12:00:00,6872.427760714159
2019-09-14 12:30:00,6830.725288548645
2019-09-14 13:00:00,6818.777793367989
2019-09-14 13:30:00,6795.323275402212
2019-09-14 14:00:00,6743.401418073661
2019-09-14 14:30:00,6743.401418073661
2019-09-14 15:00:00,6831.3606959858225
2019-09-14 15:30:00,6865.3764940774445
2019-09-14 16:00:00,6968.7616482295425
2019-09-14 16:30:00,7138.848830342246
2019-09-14 17:00:00,7419.363226381175
2019-09-14 17:30:00,7476.9974499883465
2019-09-14 18:00:00,7789.0553022945
2019-09-14 18:30:00,8088.825042964843
2019-09-14 19:00:00,8073.637678049974
2019-09-14 19:30:00,8017.627663265556
2019-09-14 20:00:00,7730.7228430627965
2019-09-14 20:30:00,7673.589728582187
2019-09-14 21:00:00,7522.8725570038005
2019-09-14 21:30:00,7489.126355082952
2019-09-14 22:00:00,7410.99190093258
2019-09-14 22:30:00,7413.467353857762
2019-09-14 23:00:00,7390.851635722403
2019-09-14 23:30:00,7383.901259027948
2019-09-15 00:00:00,7238.855595728805
2019-09-15 00:30:00,7029.523148222928
2019-09-15 01:00:00,6830.637077082936
2019-09-15 01:30:00,6664.697349818116
2019-09-15 02:00:00,6480.392339533785
2019-09-15 02:30:00,6238.51502617611
2019-09-15 03:00:00,6119.251203312198
2019-09-15 03:30:00,6048.7595515263065
2019-09-15 04:00:00,5960.682822097941
2019-09-15 04:30:00,5937.295445638478
2019-09-15 05:00:00,5937.715480098994
2019-09-15 05:30:00,6084.569973300662
2019-09-15 06:00:00,6137.436284975537
2019-09-15 06:30:00,6384.774116160286
2019-09-15 07:00:00,6564.302976987579
2019-09-15 07:30:00,6594.278251778048
2019-09-15 08:00:00,6758.233102346698
2019-09-15 08:30:00,6758.233102346698
2019-09-15 09:00:00,6848.169439979811
2019-09-15 09:30:00,6777.148066539966
2019-09-15 10:00:00,6682.640101947466
2019-09-15 10:30:00,6556.145663912019
2019-09-15 11:00:00,6397.704837111865
2019-09-15 11:30:00,6272.382285493342
2019-09-15 12:00:00,6329.058670281928
2019-09-15 12:30:00,6287.750943588487
2019-09-15 13:00:00,6303.124505423342
2019-09-15 13:30:00,6256.785277780602
2019-09-15 14:00:00,6258.096930262715
2019-09-15 14:30:00,6258.096930262715
2019-09-15 15:00:00,6340.6949761076
2019-09-15 15:30:00,6438.927226095202
2019-09-15 16:00:00,6686.9921350084915
2019-09-15 16:30:00,6855.667076204699
2019-09-15 17:00:00,7219.287587817505
2019-09-15 17:30:00,7437.866164742054
2019-09-15 18:00:00,7983.427510065092
2019-09-15 18:30:00,8283.538586844541
2019-09-15 19:00:00,8426.859190962194
2019-09-15 19:30:00,8338.837584842286
2019-09-15 20:00:00,8142.369504246591
2019-09-15 20:30:00,8066.297077466704
2019-09-15 21:00:00,7872.838434025935
2019-09-15 21:30:00,7782.061300718627
2019-09-15 22:00:00,7473.653944648182
2019-09-15 22:30:00,7481.009898885752
2019-09-15 23:00:00,7222.030212621917
2019-09-15 23:30:00,7187.636642124602
2019-09-16 00:00:00,7380.786474788906
2019-09-16 00:30:00,7165.813214926255
2019-09-16 01:00:00,6903.931040164553
2019-09-16 01:30:00,6817.944301690157
2019-09-16 02:00:00,6749.009232072918
2019-09-16 02:30:00,6409.1742421293475
2019-09-16 03:00:00,6323.029609573711
2019-09-16 03:30:00,6118.869117114339
2019-09-16 04:00:00,6149.122767216546
2019-09-16 04:30:00,6146.914098738052
2019-09-16 05:00:00,6535.7231060017075
2019-09-16 05:30:00,6645.94712222935
2019-09-16 06:00:00,7318.782104044063
2019-09-16 06:30:00,7582.567102953268
2019-09-16 07:00:00,8400.773909678379
2019-09-16 07:30:00,8431.729598807253
2019-09-16 08:00:00,8326.05501174249
2019-09-16 08:30:00,8280.85488571967
2019-09-16 09:00:00,7628.07750695248
2019-09-16 09:30:00,7548.756971585845
2019-09-16 10:00:00,7483.992500872424
2019-09-16 10:30:00,7316.651696949181
2019-09-16 11:00:00,7211.952799056262
2019-09-16 11:30:00,7160.759823978669
2019-09-16 12:00:00,7011.870410959697
2019-09-16 12:30:00,6954.027653912212
2019-09-16 13:00:00,6916.387281665067
2019-09-16 13:30:00,6882.662257202338
2019-09-16 14:00:00,7068.424616434555
2019-09-16 14:30:00,7112.177555528766
2019-09-16 15:00:00,7205.034231112433
2019-09-16 15:30:00,7426.60355266341
2019-09-16 16:00:00,7646.189351892717
2019-09-16 16:30:00,8060.62310625379
2019-09-16 17:00:00,8362.877043218969
2019-09-16 17:30:00,8540.742630677722
2019-09-16 18:00:00,8705.256602955054
2019-09-16 18:30:00,9024.52267979322
2019-09-16 19:00:00,8904.698705615143
2019-09-16 19:30:00,8653.01528060942
2019-09-16 20:00:00,8346.725629089926
2019-09-16 20:30:00,8381.629551586488
2019-09-16 21:00:00,8213.522983008183
2019-09-16 21:30:00,8063.677168337388
2019-09-16 22:00:00,7766.667457674422
2019-09-16 22:30:00,7677.556666392991
2019-09-16 23:00:00,7381.346204725867
2019-09-16 23:30:00,7387.443549478749
2019-09-17 00:00:00,7278.559900325871
2019-09-17 00:30:00,7146.489972594216
2019-09-17 01:00:00,6976.580089695272
2019-09-17 01:30:00,6824.801143424293
2019-09-17 02:00:00,6603.567602202297
2019-09-17 02:30:00,6297.167902684488
2019-09-17 03:00:00,6052.700504509905
2019-09-17 03:30:00,5956.382010747436
2019-09-17 04:00:00,5906.0943667883885
2019-09-17 04:30:00,5951.484817006249
2019-09-17 05:00:00,6121.401358387953
2019-09-17 05:30:00,6436.689044089358
2019-09-17 06:00:00,7003.930877701256
2019-09-17 06:30:00,7422.594610846593
2019-09-17 07:00:00,7941.769332507815
2019-09-17 07:30:00,7816.060597725265
2019-09-17 08:00:00,7863.101648529799
2019-09-17 08:30:00,7993.797420974903
2019-09-17 09:00:00,8024.608468322095
2019-09-17 09:30:00,7959.767520371181
2019-09-17 10:00:00,7791.247337818
2019-09-17 10:30:00,7792.20492527598
2019-09-17 11:00:00,7812.238178451459
2019-09-17 11:30:00,7752.484515129606
2019-09-17 12:00:00,7611.7733691091635
2019-09-17 12:30:00,7661.967444425619
2019-09-17 13:00:00,7707.087733009895
2019-09-17 13:30:00,7696.743340340425
2019-09-17 14:00:00,7809.342271200139
2019-09-17 14:30:00,7817.1114166529815
2019-09-17 15:00:00,7801.687095348347
2019-09-17 15:30:00,7802.370208999155
2019-09-17 16:00:00,8032.635400153918
2019-09-17 16:30:00,8169.262531284468
2019-09-17 17:00:00,8401.21522237197
2019-09-17 17:30:00,8602.774030588758
2019-09-17 18:00:00,8991.132941400403
2019-09-17 18:30:00,9153.112619660993
2019-09-17 19:00:00,9068.380498456387
2019-09-17 19:30:00,8763.61835578512
2019-09-17 20:00:00,8535.15939731304
2019-09-17 20:30:00,8328.633354218655
2019-09-17 21:00:00,8239.335017902258
2019-09-17 21:30:00,8034.425455639104
2019-09-17 22:00:00,7934.062480583544
2019-09-17 22:30:00,7953.227753597063
2019-09-17 23:00:00,7668.918104248723
2019-09-17 23:30:00,7663.735408688076
2019-09-18 00:00:00,7528.998354947296
2019-09-18 00:30:00,7418.765584625598
2019-09-18 01:00:00,7276.202340400364
2019-09-18 01:30:00,7130.8403896942045
2019-09-18 02:00:00,6936.955123650379
2019-09-18 02:30:00,6672.234622411949
2019-09-18 03:00:00,6499.251774747896
2019-09-18 03:30:00,6358.880952822503
2019-09-18 04:00:00,6290.137967132763
2019-09-18 04:30:00,6338.882398663468
2019-09-18 05:00:00,6429.554444548452
2019-09-18 05:30:00,6793.356070925746
2019-09-18 06:00:00,7118.456018954293
2019-09-18 06:30:00,7716.5639165741395
2019-09-18 07:00:00,8349.194230262063
2019-09-18 07:30:00,8562.461636066835
2019-09-18 08:00:00,8864.814046965239
2019-09-18 08:30:00,8972.09565917021
2019-09-18 09:00:00,8739.39266547502
2019-09-18 09:30:00,8881.878209827435
2019-09-18 10:00:00,8862.128137185726
2019-09-18 10:30:00,8895.585220093722
2019-09-18 11:00:00,8690.108209648854
2019-09-18 11:30:00,8617.038236125067
2019-09-18 12:00:00,8592.591064091392
2019-09-18 12:30:00,8687.166267720533
2019-09-18 13:00:00,8626.426124411111
2019-09-18 13:30:00,8626.426124411111
2019-09-18 14:00:00,8576.52870749665
2019-09-18 14:30:00,8576.52870749665
2019-09-18 15:00:00,8591.20248354899
2019-09-18 15:30:00,8641.01974791709
2019-09-18 16:00:00,8803.62570744435
2019-09-18 16:30:00,9014.148400924078
2019-09-18 17:00:00,9527.457471372532
2019-09-18 17:30:00,9705.786430611095
2019-09-18 18:00:00,10225.582289146887
2019-09-18 18:30:00,10478.836632796358
2019-09-18 19:00:00,10284.26699944621
2019-09-18 19:30:00,10152.086410242475
2019-09-18 20:00:00,9898.832255752528
2019-09-18 20:30:00,9593.65121650829
2019-09-18 21:00:00,9327.383766443014
2019-09-18 21:30:00,8968.41742396781
2019-09-18 22:00:00,8584.979744764703
2019-09-18 22:30:00,8439.819921462036
2019-09-18 23:00:00,8270.229221281248
2019-09-18 23:30:00,8129.719364312935
2019-09-19 00:00:00,8095.7035026152325
2019-09-19 00:30:00,7953.159593526337
2019-09-19 01:00:00,7720.153170175944
2019-09-19 01:30:00,7590.292405555842
2019-09-19 02:00:00,7016.162930797478
2019-09-19 02:30:00,6832.445973342119
2019-09-19 03:00:00,6581.188716708631
2019-09-19 03:30:00,6375.8851626753285
2019-09-19 04:00:00,6465.420142966216
2019-09-19 04:30:00,6529.08341185675
2019-09-19 05:00:00,6673.635154659737
2019-09-19 05:30:00,6986.848087888548
2019-09-19 06:00:00,7354.3462651171
2019-09-19 06:30:00,8024.627395942339
2019-09-19 07:00:00,8567.107033064107
2019-09-19 07:30:00,8720.040245773607
2019-09-19 08:00:00,8931.415536766795
2019-09-19 08:30:00,8838.706452071647
2019-09-19 09:00:00,8641.744750426114
2019-09-19 09:30:00,8562.563856034503
2019-09-19 10:00:00,8434.497343695226
2019-09-19 10:30:00,8434.497343695226
2019-09-19 11:00:00,8317.351798648735
2019-09-19 11:30:00,8223.63612771711
2019-09-19 12:00:00,8225.001585199829
2019-09-19 12:30:00,8225.001585199829
2019-09-19 13:00:00,8155.217504181538
2019-09-19 13:30:00,8098.687361960019
2019-09-19 14:00:00,8038.130008660973
2019-09-19 14:30:00,8038.130008660973
2019-09-19 15:00:00,8038.476501388968
2019-09-19 15:30:00,8129.4817560109705
2019-09-19 16:00:00,8295.54633807735
2019-09-19 16:30:00,8498.864784598289
2019-09-19 17:00:00,8831.94423940906
2019-09-19 17:30:00,9071.834915888407
2019-09-19 18:00:00,9623.17119854049
2019-09-19 18:30:00,9850.228604020253
2019-09-19 19:00:00,9884.810356657084
2019-09-19 19:30:00,9739.800262438459
2019-09-19 20:00:00,9531.203899184708
2019-09-19 20:30:00,9348.345407654993
2019-09-19 21:00:00,9017.068733464099
2019-09-19 21:30:00,8774.073570160273
2019-09-19 22:00:00,8489.710856302747
2019-09-19 22:30:00,8446.200380060585
2019-09-19 23:00:00,8268.522415987114
2019-09-19 23:30:00,8067.6246560456675
2019-09-20 00:00:00,7906.589280864078
2019-09-20 00:30:00,7711.2419859391985
2019-09-20 01:00:00,7531.7957933695825
2019-09-20 01:30:00,7306.197497614415
2019-09-20 02:00:00,7061.741477647975
2019-09-20 02:30:00,6783.7675403319045
2019-09-20 03:00:00,6508.472772416849
2019-09-20 03:30:00,6424.585042541437
2019-09-20 04:00:00,6277.849822760813
2019-09-20 04:30:00,6359.967958686796
2019-09-20 05:00:00,6436.053339430875
2019-09-20 05:30:00,6729.030800216905
2019-09-20 06:00:00,7031.2313696157435
2019-09-20 06:30:00,7648.796219396643
2019-09-20 07:00:00,8193.474772897987
2019-09-20 07:30:00,8345.722781517847
2019-09-20 08:00:00,8421.847543776434
2019-09-20 08:30:00,8368.436876552394
2019-09-20 09:00:00,8231.065635351733
2019-09-20 09:30:00,8132.698193340089
2019-09-20 10:00:00,7807.314318054307
2019-09-20 10:30:00,7656.056886427278
2019-09-20 11:00:00,7581.81119540703
2019-09-20 11:30:00,7649.152205667758
2019-09-20 12:00:00,7604.462738014378
2019-09-20 12:30:00,7543.71286832685
2019-09-20 13:00:00,7487.475876881583
2019-09-20 13:30:00,7497.10205659399
2019-09-20 14:00:00,7512.700698514983
2019-09-20 14:30:00,7538.801704006365
2019-09-20 15:00:00,7600.698063596351
2019-09-20 15:30:00,7614.5752357519805
2019-09-20 16:00:00,7830.861881988019
2019-09-20 16:30:00,8047.963893924809
2019-09-20 17:00:00,8151.261997126494
2019-09-20 17:30:00,8362.514985242231
2019-09-20 18:00:00,8614.292174854332
2019-09-20 18:30:00,8997.543153291408
2019-09-20 19:00:00,8939.528047097498
2019-09-20 19:30:00,8856.253699821404
2019-09-20 20:00:00,8588.119928712644
2019-09-20 20:30:00,8488.037924110351
2019-09-20 21:00:00,8436.431942647388
2019-09-20 21:30:00,8231.963775445178
2019-09-20 22:00:00,8198.364689151053
2019-09-20 22:30:00,8103.609118327363
2019-09-20 23:00:00,7910.994996035076
2019-09-20 23:30:00,7809.264309877128
2019-09-21 00:00:00,7557.443635900521
2019-09-21 00:30:00,7404.366758178467
2019-09-21 01:00:00,7334.896669355955
2019-09-21 01:30:00,7074.988805573428
2019-09-21 02:00:00,6806.851181214967
2019-09-21 02:30:00,6622.29022144699
2019-09-21 03:00:00,6293.8961743367745
2019-09-21 03:30:00,6188.609405602075
2019-09-21 04:00:00,6016.021114155663
2019-09-21 04:30:00,6096.993788496382
2019-09-21 05:00:00,6050.896683010719
2019-09-21 05:30:00,6254.916857126385
2019-09-21 06:00:00,6403.038549814284
2019-09-21 06:30:00,6521.548717358582
2019-09-21 07:00:00,6833.684795507911
2019-09-21 07:30:00,6902.421250976762
2019-09-21 08:00:00,7279.943422436518
2019-09-21 08:30:00,7279.943422436518
2019-09-21 09:00:00,7436.134503098278
2019-09-21 09:30:00,7389.702680065465
2019-09-21 10:00:00,7251.498723012339
2019-09-21 10:30:00,7201.988210687008
2019-09-21 11:00:00,7058.804046660951
2019-09-21 11:30:00,7133.9745712303775
2019-09-21 12:00:00,6943.0120988105355
2019-09-21 12:30:00,6948.775745101678
2019-09-21 13:00:00,6966.131786168196
2019-09-21 13:30:00,6932.443892380095
2019-09-21 14:00:00,6885.3384263144635
2019-09-21 14:30:00,6895.358331824473
2019-09-21 15:00:00,6945.241014223925
2019-09-21 15:30:00,7033.906577275312
2019-09-21 16:00:00,7187.1454548805905
2019-09-21 16:30:00,7317.987580814132
2019-09-21 17:00:00,7482.881156798093
2019-09-21 17:30:00,7525.763083675986
2019-09-21 18:00:00,7847.140340492413
2019-09-21 18:30:00,8055.66650477288
2019-09-21 19:00:00,7993.174315270507
2019-09-21 19:30:00,7807.85808334863
2019-09-21 20:00:00,7543.8347594796505
2019-09-21 20:30:00,7461.920260469533
2019-09-21 21:00:00,7376.992419275349
2019-09-21 21:30:00,7338.850317711498
2019-09-21 22:00:00,7240.240024823125
2019-09-21 22:30:00,7293.5775329750295
2019-09-21 23:00:00,7146.7984822230155
2019-09-21 23:30:00,7094.459109877407
2019-09-22 00:00:00,7071.134209699853
2019-09-22 00:30:00,6902.611589043756
2019-09-22 01:00:00,6681.629239523301
2019-09-22 01:30:00,6452.962181069963
2019-09-22 02:00:00,6321.045474747173
2019-09-22 02:30:00,6115.647051027433
2019-09-22 03:00:00,6012.751015068377
2019-09-22 03:30:00,5840.0095092632255
2019-09-22 04:00:00,5796.330836665723
2019-09-22 04:30:00,5756.624875004406
2019-09-22 05:00:00,5783.796651564725
2019-09-22 05:30:00,5836.37496719198
2019-09-22 06:00:00,5950.121565600612
2019-09-22 06:30:00,6068.261652141822
2019-09-22 07:00:00,6177.476501510023
2019-09-22 07:30:00,6268.340701063662
2019-09-22 08:00:00,6667.6903848404745
2019-09-22 08:30:00,6694.766772203887
2019-09-22 09:00:00,6866.190106386951
2019-09-22 09:30:00,6909.2308144924455
2019-09-22 10:00:00,6840.687343383173
2019-09-22 10:30:00,6765.888318528815
2019-09-22 11:00:00,6700.591383243324
2019-09-22 11:30:00,6574.473391046097
2019-09-22 12:00:00,6569.40656363347
2019-09-22 12:30:00,6525.681900103677
2019-09-22 13:00:00,6532.265258923613
2019-09-22 13:30:00,6580.864688598568
2019-09-22 14:00:00,6621.304143332528
2019-09-22 14:30:00,6712.819208610254
2019-09-22 15:00:00,6914.5251020498445
2019-09-22 15:30:00,6941.821633160324
2019-09-22 16:00:00,7062.75396501929
2019-09-22 16:30:00,7172.286033526908
2019-09-22 17:00:00,7483.0219127815935
2019-09-22 17:30:00,7585.19442672822
2019-09-22 18:00:00,7942.830113324894
2019-09-22 18:30:00,8216.245488918432
2019-09-22 19:00:00,8260.734923827455
2019-09-22 19:30:00,7939.879571603865
2019-09-22 20:00:00,7774.71674464898
2019-09-22 20:30:00,7618.685254527084
2019-09-22 21:00:00,7371.520791458178
2019-09-22 21:30:00,7302.692488814663
2019-09-22 22:00:00,7066.849606490499
2019-09-22 22:30:00,7142.993530805711
2019-09-22 23:00:00,6967.955068387463
2019-09-22 23:30:00,6890.874304423412
2019-09-23 00:00:00,7176.2263821211145
2019-09-23 00:30:00,6925.205475941146
2019-09-23 01:00:00,6756.003237926971
2019-09-23 01:30:00,6520.349669729307
2019-09-23 02:00:00,6378.407799924064
2019-09-23 02:30:00,6100.103735405002
2019-09-23 03:00:00,5996.864149045614
2019-09-23 03:30:00,5937.567353962381
2019-09-23 04:00:00,5963.429011002593
2019-09-23 04:30:00,5963.429011002593
2019-09-23 05:00:00,6375.479152213404
2019-09-23 05:30:00,6430.437138049847
2019-09-23 06:00:00,7005.373007784969
2019-09-23 06:30:00,7143.004784870349
2019-09-23 07:00:00,7299.4100507749445
2019-09-23 07:30:00,7512.825547978525
2019-09-23 08:00:00,7390.216552235956
2019-09-23 08:30:00,7670.068898721383
2019-09-23 09:00:00,7242.53656415336
2019-09-23 09:30:00,7171.632840801437
2019-09-23 10:00:00,7187.882689645413
2019-09-23 10:30:00,7263.657263539596
2019-09-23 11:00:00,7132.133238138035
2019-09-23 11:30:00,6995.96132088343
2019-09-23 12:00:00,6989.2372617064475
2019-09-23 12:30:00,6949.8255084989105
2019-09-23 13:00:00,6884.151662597543
2019-09-23 13:30:00,6884.151662597543
2019-09-23 14:00:00,7034.32306847352
2019-09-23 14:30:00,7115.24410363364
2019-09-23 15:00:00,7136.812671352853
2019-09-23 15:30:00,7299.301248677975
2019-09-23 16:00:00,7483.174187541903
2019-09-23 16:30:00,7935.886418443374
2019-09-23 17:00:00,8204.237021671577
2019-09-23 17:30:00,8469.14432699644
2019-09-23 18:00:00,8667.605375083367
2019-09-23 18:30:00,9077.572555114031
2019-09-23 19:00:00,9036.227667485411
2019-09-23 19:30:00,8779.234221135595
2019-09-23 20:00:00,8513.495128067776
2019-09-23 20:30:00,8424.411233844014
2019-09-23 21:00:00,8242.09335109342
2019-09-23 21:30:00,8163.545316217454
2019-09-23 22:00:00,7950.1233565652865
2019-09-23 22:30:00,7848.9987137399
2019-09-23 23:00:00,7626.298902331784
2019-09-23 23:30:00,7626.298902331784
2019-09-24 00:00:00,7382.768430499464
2019-09-24 00:30:00,7266.161575833493
2019-09-24 01:00:00,7015.748166679268
2019-09-24 01:30:00,6925.023929873124
2019-09-24 02:00:00,6598.708961676838
2019-09-24 02:30:00,6418.082416092319
2019-09-24 03:00:00,6136.161843322245
2019-09-24 03:30:00,6112.1401500828815
2019-09-24 04:00:00,6010.924462579225
2019-09-24 04:30:00,6061.852506123834
2019-09-24 05:00:00,6179.507708283872
2019-09-24 05:30:00,6491.227824700153
2019-09-24 06:00:00,7000.129540806264
2019-09-24 06:30:00,7482.03425641957
2019-09-24 07:00:00,8272.934538550822
2019-09-24 07:30:00,8020.3337591300215
2019-09-24 08:00:00,8197.634167329781
2019-09-24 08:30:00,8058.872510780567
2019-09-24 09:00:00,8026.193796308576
2019-09-24 09:30:00,8028.650937086138
2019-09-24 10:00:00,7776.242717935392
2019-09-24 10:30:00,7739.76940947727
2019-09-24 11:00:00,7572.162877629113
2019-09-24 11:30:00,7556.647119860869
2019-09-24 12:00:00,7484.356177463988
2019-09-24 12:30:00,7471.861743991626
2019-09-24 13:00:00,7527.9335913665955
2019-09-24 13:30:00,7530.85402507832
2019-09-24 14:00:00,7536.5815264063
2019-09-24 14:30:00,7572.589351784061
2019-09-24 15:00:00,7595.919508114751
2019-09-24 15:30:00,7609.4265802190075
2019-09-24 16:00:00,7756.19907085271
2019-09-24 16:30:00,7976.210387686948
2019-09-24 17:00:00,8152.917665338494
2019-09-24 17:30:00,8324.600996806355
2019-09-24 18:00:00,8730.249405032757
2019-09-24 18:30:00,9105.712447327118
2019-09-24 19:00:00,9216.417087291098
2019-09-24 19:30:00,9031.099639407206
2019-09-24 20:00:00,8788.21334944285
2019-09-24 20:30:00,8621.001641138002
2019-09-24 21:00:00,8541.82107668201
2019-09-24 21:30:00,8369.449078640146
2019-09-24 22:00:00,8106.548380015431
2019-09-24 22:30:00,8144.159442215854
2019-09-24 23:00:00,7927.779890541399
2019-09-24 23:30:00,7871.685798418927
2019-09-25 00:00:00,7605.942051227301
2019-09-25 00:30:00,7481.7431136569085
2019-09-25 01:00:00,7294.139997638073
2019-09-25 01:30:00,7132.745706548771
2019-09-25 02:00:00,6923.256821447209
2019-09-25 02:30:00,6685.045913228387
2019-09-25 03:00:00,6514.2010133095955
2019-09-25 03:30:00,6361.352718415686
2019-09-25 04:00:00,6296.379698122879
2019-09-25 04:30:00,6278.358575496287
2019-09-25 05:00:00,6417.587851174932
2019-09-25 05:30:00,6710.001481429196
2019-09-25 06:00:00,7047.329433987327
2019-09-25 06:30:00,7723.682066393424
2019-09-25 07:00:00,8250.500308669547
2019-09-25 07:30:00,8223.555755811169
2019-09-25 08:00:00,8274.417288114748
2019-09-25 08:30:00,7982.540752990186
2019-09-25 09:00:00,7681.440031284263
2019-09-25 09:30:00,7611.134572805999
2019-09-25 10:00:00,7387.053105480405
2019-09-25 10:30:00,7200.633313651706
2019-09-25 11:00:00,7141.162311304417
2019-09-25 11:30:00,7087.290186198826
2019-09-25 12:00:00,7003.109595553575
2019-09-25 12:30:00,6933.084493567418
2019-09-25 13:00:00,6943.219073498492
2019-09-25 13:30:00,6984.565748524337
2019-09-25 14:00:00,7043.032611320673
2019-09-25 14:30:00,7146.757566352748
2019-09-25 15:00:00,7168.977790482609
2019-09-25 15:30:00,7225.448303767464
2019-09-25 16:00:00,7312.379817513502
2019-09-25 16:30:00,7546.2983661550015
2019-09-25 17:00:00,7866.872101860546
2019-09-25 17:30:00,8175.376875960257
2019-09-25 18:00:00,8565.65812832706
2019-09-25 18:30:00,8930.734573132935
2019-09-25 19:00:00,9079.334061237321
2019-09-25 19:30:00,8888.638726897814
2019-09-25 20:00:00,8669.20765063192
2019-09-25 20:30:00,8504.205811823602
2019-09-25 21:00:00,8374.971336799854
2019-09-25 21:30:00,8271.424570356698
2019-09-25 22:00:00,8057.451073322697
2019-09-25 22:30:00,7989.047330643384
2019-09-25 23:00:00,7859.6268124105445
2019-09-25 23:30:00,7685.8380431337555
2019-09-26 00:00:00,7594.944897437801
2019-09-26 00:30:00,7505.40919499488
2019-09-26 01:00:00,7251.880355139774
2019-09-26 01:30:00,7071.7156008302645
2019-09-26 02:00:00,6816.3423452205025
2019-09-26 02:30:00,6624.39601302789
2019-09-26 03:00:00,6396.878868840798
2019-09-26 03:30:00,6286.791605143597
2019-09-26 04:00:00,6196.331748390135
2019-09-26 04:30:00,6230.40327297471
2019-09-26 05:00:00,6347.5867257083355
2019-09-26 05:30:00,6641.8387851082625
2019-09-26 06:00:00,6957.507490317912
2019-09-26 06:30:00,7622.216584486096
2019-09-26 07:00:00,8056.845030759517
2019-09-26 07:30:00,8056.845030759517
2019-09-26 08:00:00,8177.346072831685
2019-09-26 08:30:00,7913.699693428775
2019-09-26 09:00:00,7723.26154421867
2019-09-26 09:30:00,7665.993850033083
2019-09-26 10:00:00,7391.932397823749
2019-09-26 10:30:00,7331.2609366158285
2019-09-26 11:00:00,7270.345913383321
2019-09-26 11:30:00,7179.72949743586
2019-09-26 12:00:00,7109.381174339518
2019-09-26 12:30:00,7109.601805632843
2019-09-26 13:00:00,7166.642092075456
2019-09-26 13:30:00,7166.642092075456
2019-09-26 14:00:00,7279.067456932426
2019-09-26 14:30:00,7251.3062087248345
2019-09-26 15:00:00,7261.360811922539
2019-09-26 15:30:00,7316.58320962396
2019-09-26 16:00:00,7583.934335886626
2019-09-26 16:30:00,7795.941637201183
2019-09-26 17:00:00,8125.445996996169
2019-09-26 17:30:00,8284.688353076994
2019-09-26 18:00:00,8644.743674551233
2019-09-26 18:30:00,9052.740676663381
2019-09-26 19:00:00,9078.018113339382
2019-09-26 19:30:00,8913.821627835701
2019-09-26 20:00:00,8767.24621072746
2019-09-26 20:30:00,8602.244371919141
2019-09-26 21:00:00,8393.606967498836
2019-09-26 21:30:00,8242.15218287257
2019-09-26 22:00:00,7932.43925708136
2019-09-26 22:30:00,8019.731472071722
2019-09-26 23:00:00,7787.771229853077
2019-09-26 23:30:00,7744.881096516345
2019-09-27 00:00:00,7616.043765184543
2019-09-27 00:30:00,7526.209698741135
2019-09-27 01:00:00,7283.762111029323
2019-09-27 01:30:00,7161.76220697528
2019-09-27 02:00:00,6937.601977450016
2019-09-27 02:30:00,6706.7470234687635
2019-09-27 03:00:00,6482.873791483241
2019-09-27 03:30:00,6363.586235266412
2019-09-27 04:00:00,6305.857637273595
2019-09-27 04:30:00,6334.368977753188
2019-09-27 05:00:00,6461.994867059918
2019-09-27 05:30:00,6693.917618381112
2019-09-27 06:00:00,6960.574655251106
2019-09-27 06:30:00,7531.055679549244
2019-09-27 07:00:00,7973.883202620356
2019-09-27 07:30:00,7973.883202620356
2019-09-27 08:00:00,8044.9364303658695
2019-09-27 08:30:00,7859.307906358897
2019-09-27 09:00:00,7680.1218923848965
2019-09-27 09:30:00,7620.186331617111
2019-09-27 10:00:00,7469.4191403042205
2019-09-27 10:30:00,7469.4191403042205
2019-09-27 11:00:00,7257.795663625543
2019-09-27 11:30:00,7224.429291714926
2019-09-27 12:00:00,7206.481774564779
2019-09-27 12:30:00,7195.022748220614
2019-09-27 13:00:00,7173.62036821818
2019-09-27 13:30:00,7157.747101864788
2019-09-27 14:00:00,7188.275228055734
2019-09-27 14:30:00,7222.107309214786
2019-09-27 15:00:00,7246.526548099742
2019-09-27 15:30:00,7246.526548099742
2019-09-27 16:00:00,7546.823866789226
2019-09-27 16:30:00,7764.175597327156
2019-09-27 17:00:00,7980.663704718184
2019-09-27 17:30:00,8127.245214509037
2019-09-27 18:00:00,8413.721399257845
2019-09-27 18:30:00,8741.138191715823
2019-09-27 19:00:00,8828.086743435982
2019-09-27 19:30:00,8573.187930975373
2019-09-27 20:00:00,8441.13902125869
2019-09-27 20:30:00,8349.88950076826
2019-09-27 21:00:00,8268.365140362022
2019-09-27 21:30:00,8162.452305948829
2019-09-27 22:00:00,8016.016015926718
2019-09-27 22:30:00,8016.016015926718
2019-09-27 23:00:00,7781.853150118333
2019-09-27 23:30:00,7688.236541351402
2019-09-28 00:00:00,7462.884913201188
2019-09-28 00:30:00,7263.919921915803
2019-09-28 01:00:00,7155.194270466931
2019-09-28 01:30:00,7041.746800688835
2019-09-28 02:00:00,6780.919281927414
2019-09-28 02:30:00,6559.182423437439
2019-09-28 03:00:00,6248.697569375914
2019-09-28 03:30:00,6181.052165750357
2019-09-28 04:00:00,6084.61383916611
2019-09-28 04:30:00,6038.2746115233695
2019-09-28 05:00:00,5922.598123893458
2019-09-28 05:30:00,6154.275706474876
2019-09-28 06:00:00,6389.000861591195
2019-09-28 06:30:00,6494.425133914932
2019-09-28 07:00:00,6729.759420859194
2019-09-28 07:30:00,6798.495876328045
2019-09-28 08:00:00,7213.517472492191
2019-09-28 08:30:00,7055.391175015083
2019-09-28 09:00:00,7235.783990814785
2019-09-28 09:30:00,7237.972614147171
2019-09-28 10:00:00,7017.174537726358
2019-09-28 10:30:00,6976.121453625413
2019-09-28 11:00:00,6804.537004053971
2019-09-28 11:30:00,6742.37086950059
2019-09-28 12:00:00,6706.141103745097
2019-09-28 12:30:00,6706.141103745097
2019-09-28 13:00:00,6805.670373119346
2019-09-28 13:30:00,6805.670373119346
2019-09-28 14:00:00,6763.454021367565
2019-09-28 14:30:00,6825.541461116115
2019-09-28 15:00:00,6883.180130129344
2019-09-28 15:30:00,6909.772711342768
2019-09-28 16:00:00,7004.473236670187
2019-09-28 16:30:00,7121.169051979883
2019-09-28 17:00:00,7487.2106080026715
2019-09-28 17:30:00,7505.01822895336
2019-09-28 18:00:00,7613.263979353553
2019-09-28 18:30:00,7900.313289190582
2019-09-28 19:00:00,7906.74392735478
2019-09-28 19:30:00,7686.740131587257
2019-09-28 20:00:00,7514.061804697735
2019-09-28 20:30:00,7441.814721284183
2019-09-28 21:00:00,7311.087147777708
2019-09-28 21:30:00,7279.168605306943
2019-09-28 22:00:00,7110.027988894801
2019-09-28 22:30:00,7251.415296352798
2019-09-28 23:00:00,7182.776993639413
2019-09-28 23:30:00,7121.192387164057
2019-09-29 00:00:00,6944.008520537197
2019-09-29 00:30:00,6827.450174551708
2019-09-29 01:00:00,6611.245915617904
2019-09-29 01:30:00,6470.43333746784
2019-09-29 02:00:00,6207.734835519023
2019-09-29 02:30:00,6036.64892151805
2019-09-29 03:00:00,5894.954497371206
2019-09-29 03:30:00,5856.203128967563
2019-09-29 04:00:00,5761.370240811293
2019-09-29 04:30:00,5807.077558841103
2019-09-29 05:00:00,5805.884907445271
2019-09-29 05:30:00,5931.406153381207
2019-09-29 06:00:00,5981.596739923133
2019-09-29 06:30:00,6132.604195512303
2019-09-29 07:00:00,6177.554551030697
2019-09-29 07:30:00,6265.024373442999
2019-09-29 08:00:00,6616.997726011658
2019-09-29 08:30:00,6585.149191416221
2019-09-29 09:00:00,6556.325087428585
2019-09-29 09:30:00,6532.471657316329
2019-09-29 10:00:00,6403.935943000758
2019-09-29 10:30:00,6333.436167179493
2019-09-29 11:00:00,6220.543031493897
2019-09-29 11:30:00,6147.023140674121
2019-09-29 12:00:00,6228.47737919491
2019-09-29 12:30:00,6233.549366185778
2019-09-29 13:00:00,6278.956262177782
2019-09-29 13:30:00,6276.0631051560995
2019-09-29 14:00:00,6253.715859349863
2019-09-29 14:30:00,6295.360384775189
2019-09-29 15:00:00,6331.0160271460345
2019-09-29 15:30:00,6446.97728371806
2019-09-29 16:00:00,6617.004716721491
2019-09-29 16:30:00,6873.297623589922
2019-09-29 17:00:00,7141.175973897878
2019-09-29 17:30:00,7289.815751796758
2019-09-29 18:00:00,7702.477252327092
2019-09-29 18:30:00,8101.7542734198
2019-09-29 19:00:00,8340.43729018828
2019-09-29 19:30:00,8206.328528506372
2019-09-29 20:00:00,8036.257967587773
2019-09-29 20:30:00,7823.4884684049275
2019-09-29 21:00:00,7588.04334361829
2019-09-29 21:30:00,7501.0819155182335
2019-09-29 22:00:00,7276.737419250299
2019-09-29 22:30:00,7228.872164108361
2019-09-29 23:00:00,7087.685814468064
2019-09-29 23:30:00,7087.685814468064
2019-09-30 00:00:00,7201.819054310278
2019-09-30 00:30:00,7048.051287908635
2019-09-30 01:00:00,6791.632405282946
2019-09-30 01:30:00,6554.545880519245
2019-09-30 02:00:00,6535.784740735814
2019-09-30 02:30:00,6177.048632310704
2019-09-30 03:00:00,6127.097977641521
2019-09-30 03:30:00,5968.517955866821
2019-09-30 04:00:00,6068.282597396614
2019-09-30 04:30:00,6068.282597396614
2019-09-30 05:00:00,6355.513675629464
2019-09-30 05:30:00,6491.247127339892
2019-09-30 06:00:00,7064.921121790234
2019-09-30 06:30:00,7211.821373532145
2019-09-30 07:00:00,7725.023828930516
2019-09-30 07:30:00,7882.468494699061
2019-09-30 08:00:00,7434.257116826962
2019-09-30 08:30:00,7596.121253991856
2019-09-30 09:00:00,7124.36387689473
2019-09-30 09:30:00,7063.309167429895
2019-09-30 10:00:00,7134.033690567661
2019-09-30 10:30:00,6997.21963966067
2019-09-30 11:00:00,6878.484357209332
2019-09-30 11:30:00,6713.216033713444
2019-09-30 12:00:00,6655.321902286075
2019-09-30 12:30:00,6529.391122321633
2019-09-30 13:00:00,6552.192358030064
2019-09-30 13:30:00,6625.91729499131
2019-09-30 14:00:00,6594.972167413775
2019-09-30 14:30:00,6658.884277373856
2019-09-30 15:00:00,6767.365612808671
2019-09-30 15:30:00,7028.7509802939685
2019-09-30 16:00:00,7294.213111340288
2019-09-30 16:30:00,7786.637313729227
2019-09-30 17:00:00,8231.694508496466
2019-09-30 17:30:00,8409.738907965842
2019-09-30 18:00:00,8607.734359661577
2019-09-30 18:30:00,9042.372232401693
2019-09-30 19:00:00,9022.646716387284
2019-09-30 19:30:00,8765.653270037468
2019-09-30 20:00:00,8469.357850060642
2019-09-30 20:30:00,8386.880053935245
2019-09-30 21:00:00,8301.1878096397
2019-09-30 21:30:00,8195.540588073913
2019-09-30 22:00:00,8038.560724725119
2019-09-30 22:30:00,7960.712325595591
2019-09-30 23:00:00,7816.589660093802
2019-09-30 23:30:00,7696.001302593986
2019-10-01 00:00:00,7601.241471902696
2019-10-01 00:30:00,7511.20256755656
2019-10-01 01:00:00,7428.474315321449
2019-10-01 01:30:00,7158.630199656442
2019-10-01 02:00:00,6919.485480036132
2019-10-01 02:30:00,6730.357567183642
2019-10-01 03:00:00,6474.051198578776
2019-10-01 03:30:00,6419.330175084268
2019-10-01 04:00:00,6309.176026467944
2019-10-01 04:30:00,6399.3637217159385
2019-10-01 05:00:00,6562.579783337933
2019-10-01 05:30:00,6783.227271647547
2019-10-01 06:00:00,7371.8210122484925
2019-10-01 06:30:00,7734.2190721030975
2019-10-01 07:00:00,7941.809971193907
2019-10-01 07:30:00,7871.148516846407
2019-10-01 08:00:00,8227.326432658687
2019-10-01 08:30:00,8272.032083110707
2019-10-01 09:00:00,8283.408127851017
2019-10-01 09:30:00,8282.094436637119
2019-10-01 10:00:00,7955.467234958942
2019-10-01 10:30:00,7914.057656935051
2019-10-01 11:00:00,7954.187005737957
2019-10-01 11:30:00,7841.660501962418
2019-10-01 12:00:00,7810.479473847627
2019-10-01 12:30:00,7842.96594651105
2019-10-01 13:00:00,7849.137679232936
2019-10-01 13:30:00,7816.651206569512
2019-10-01 14:00:00,7859.567253519716
2019-10-01 14:30:00,8084.013131130507
2019-10-01 15:00:00,8076.534513085529
2019-10-01 15:30:00,8127.604318952202
2019-10-01 16:00:00,8254.881130551139
2019-10-01 16:30:00,8260.02656697983
2019-10-01 17:00:00,8547.141176734774
2019-10-01 17:30:00,8757.612430314377
2019-10-01 18:00:00,9142.059477254636
2019-10-01 18:30:00,9319.116883129098
2019-10-01 19:00:00,9383.052642568904
2019-10-01 19:30:00,9172.538153786445
2019-10-01 20:00:00,8924.00108787798
2019-10-01 20:30:00,8767.178921599601
2019-10-01 21:00:00,8585.132433418778
2019-10-01 21:30:00,8433.677648792505
2019-10-01 22:00:00,8273.789539000622
2019-10-01 22:30:00,8229.354337561841
2019-10-01 23:00:00,7968.221693475622
2019-10-01 23:30:00,7959.697758208169
2019-10-02 00:00:00,7586.402588766178
2019-10-02 00:30:00,7497.633924860133
2019-10-02 01:00:00,7249.210051605791
2019-10-02 01:30:00,7087.627096955947
2019-10-02 02:00:00,6873.111295937198
2019-10-02 02:30:00,6599.452433853194
2019-10-02 03:00:00,6415.766541217709
2019-10-02 03:30:00,6296.47898500088
2019-10-02 04:00:00,6201.524460496769
2019-10-02 04:30:00,6201.524460496769
2019-10-02 05:00:00,6451.878491512976
2019-10-02 05:30:00,6676.16815889503
2019-10-02 06:00:00,6942.5410865071935
2019-10-02 06:30:00,7404.648809270037
2019-10-02 07:00:00,7608.199042526248
2019-10-02 07:30:00,7608.199042526248
2019-10-02 08:00:00,7816.766031001434
2019-10-02 08:30:00,7746.12766996906
2019-10-02 09:00:00,7759.388426318701
2019-10-02 09:30:00,7759.388426318701
2019-10-02 10:00:00,7575.412533849904
2019-10-02 10:30:00,7634.450731103918
2019-10-02 11:00:00,7570.2301969005575
2019-10-02 11:30:00,7578.28611987103
2019-10-02 12:00:00,7306.787055683969
2019-10-02 12:30:00,7179.807137869127
2019-10-02 13:00:00,7185.3604824852155
2019-10-02 13:30:00,7174.688907453614
2019-10-02 14:00:00,7249.563526308272
2019-10-02 14:30:00,7223.183473599217
2019-10-02 15:00:00,7237.828966980579
2019-10-02 15:30:00,7367.087661943729
2019-10-02 16:00:00,7584.398420264979
2019-10-02 16:30:00,7789.04540795582
2019-10-02 17:00:00,7962.272949689875
2019-10-02 17:30:00,8281.480881837086
2019-10-02 18:00:00,8544.947054928296
2019-10-02 18:30:00,8990.811471743631
2019-10-02 19:00:00,9089.715600644937
2019-10-02 19:30:00,8906.070997133083
2019-10-02 20:00:00,8613.158695929815
2019-10-02 20:30:00,8434.852026712208
2019-10-02 21:00:00,8303.51203663179
2019-10-02 21:30:00,8146.382885485615
2019-10-02 22:00:00,7979.616517209978
2019-10-02 22:30:00,7935.181315771203
2019-10-02 23:00:00,7789.439140434976
2019-10-02 23:30:00,7650.647286701507
2019-10-03 00:00:00,7651.415084179111
2019-10-03 00:30:00,7492.168254040241
2019-10-03 01:00:00,7216.23108074762
2019-10-03 01:30:00,6984.705564347221
2019-10-03 02:00:00,6813.757455159499
2019-10-03 02:30:00,6549.036953921069
2019-10-03 03:00:00,6407.33538271968
2019-10-03 03:30:00,6258.387682935775
2019-10-03 04:00:00,6208.1069640608885
2019-10-03 04:30:00,6200.172941762725
2019-10-03 05:00:00,6381.739796276922
2019-10-03 05:30:00,6654.887492624253
2019-10-03 06:00:00,6875.77708709921
2019-10-03 06:30:00,7258.793322201446
2019-10-03 07:00:00,7611.091251455867
2019-10-03 07:30:00,7595.609033625593
2019-10-03 08:00:00,7846.2567982344935
2019-10-03 08:30:00,7686.570505277634
2019-10-03 09:00:00,7544.420761006146
2019-10-03 09:30:00,7473.691472449461
2019-10-03 10:00:00,7277.730908922087
2019-10-03 10:30:00,7317.890002434869
2019-10-03 11:00:00,7332.687769542614
2019-10-03 11:30:00,7327.931095344291
2019-10-03 12:00:00,7259.393504618448
2019-10-03 12:30:00,7194.719113339899
2019-10-03 13:00:00,7363.155598187093
2019-10-03 13:30:00,7390.909378680347
2019-10-03 14:00:00,7514.323131325192
2019-10-03 14:30:00,7483.7872734007715
2019-10-03 15:00:00,7544.898434684174
2019-10-03 15:30:00,7645.203816620282
2019-10-03 16:00:00,7809.985998635077
2019-10-03 16:30:00,7858.247120386204
2019-10-03 17:00:00,8191.491237565699
2019-10-03 17:30:00,8335.352561591326
2019-10-03 18:00:00,8504.604603966654
2019-10-03 18:30:00,8764.38829003079
2019-10-03 19:00:00,8846.859149043565
2019-10-03 19:30:00,8635.544476767584
2019-10-03 20:00:00,8381.253354979162
2019-10-03 20:30:00,8268.60794338206
2019-10-03 21:00:00,8039.390607254812
2019-10-03 21:30:00,7853.8497725630405
2019-10-03 22:00:00,7688.566162210453
2019-10-03 22:30:00,7688.566162210453
2019-10-03 23:00:00,7564.7393215248385
2019-10-03 23:30:00,7532.460815399654
2019-10-04 00:00:00,7434.662233900069
2019-10-04 00:30:00,7275.44863669652
2019-10-04 01:00:00,7094.6985082649635
2019-10-04 01:30:00,6951.078943122172
2019-10-04 02:00:00,6734.084923379888
2019-10-04 02:30:00,6493.684843509419
2019-10-04 03:00:00,6256.526573239985
2019-10-04 03:30:00,6202.178545757305
2019-10-04 04:00:00,6089.058559448225
2019-10-04 04:30:00,6146.817897048337
2019-10-04 05:00:00,6314.587894567633
2019-10-04 05:30:00,6557.497542872315
2019-10-04 06:00:00,6823.436302216567
2019-10-04 06:30:00,7117.941910759227
2019-10-04 07:00:00,7478.129125361527
2019-10-04 07:30:00,7505.809126564321
2019-10-04 08:00:00,7705.841932362991
2019-10-04 08:30:00,7701.088506188351
2019-10-04 09:00:00,7667.864193110528
2019-10-04 09:30:00,7762.303859163012
2019-10-04 10:00:00,7439.1916540164775
2019-10-04 10:30:00,7418.671374148513
2019-10-04 11:00:00,7420.335575271527
2019-10-04 11:30:00,7400.7815949369615
2019-10-04 12:00:00,7470.059392715586
2019-10-04 12:30:00,7470.059392715586
2019-10-04 13:00:00,7423.9096964592645
2019-10-04 13:30:00,7496.203012634411
2019-10-04 14:00:00,7585.195370624954
2019-10-04 14:30:00,7608.968277537343
2019-10-04 15:00:00,7768.645091868108
2019-10-04 15:30:00,7927.794780847743
2019-10-04 16:00:00,8062.897878835321
2019-10-04 16:30:00,8274.690688214156
2019-10-04 17:00:00,8285.864823521648
2019-10-04 17:30:00,8382.49469009041
2019-10-04 18:00:00,8492.863119117383
2019-10-04 18:30:00,8694.159003698916
2019-10-04 19:00:00,8690.498467093172
2019-10-04 19:30:00,8461.749015849278
2019-10-04 20:00:00,8296.700115126334
2019-10-04 20:30:00,8100.301460312049
2019-10-04 21:00:00,7926.509261320573
2019-10-04 21:30:00,7743.3042029581065
2019-10-04 22:00:00,7654.096707236374
2019-10-04 22:30:00,7662.620642503826
2019-10-04 23:00:00,7525.023877704106
2019-10-04 23:30:00,7448.925680936519
2019-10-05 00:00:00,7207.154370567021
2019-10-05 00:30:00,7012.7724198977785
2019-10-05 01:00:00,6872.653594371879
2019-10-05 01:30:00,6722.971397966956
2019-10-05 02:00:00,6500.939709224392
2019-10-05 02:30:00,6197.5773955366885
2019-10-05 03:00:00,5932.919068242488
2019-10-05 03:30:00,5837.929894456284
2019-10-05 04:00:00,5720.022518045435
2019-10-05 04:30:00,5776.917595951068
2019-10-05 05:00:00,5648.221618340004
2019-10-05 05:30:00,5859.8963051250485
2019-10-05 06:00:00,6183.120819270247
2019-10-05 06:30:00,6295.335138348312
2019-10-05 07:00:00,6697.9278754315665
2019-10-05 07:30:00,6602.167365622292
2019-10-05 08:00:00,6911.980790504127
2019-10-05 08:30:00,6962.157166033877
2019-10-05 09:00:00,7312.874285000079
2019-10-05 09:30:00,7210.487374579122
2019-10-05 10:00:00,7164.99535593911
2019-10-05 10:30:00,7219.697040777792
2019-10-05 11:00:00,7195.677420295013
2019-10-05 11:30:00,7123.3495172203275
2019-10-05 12:00:00,6987.297285204861
2019-10-05 12:30:00,6973.28506553812
2019-10-05 13:00:00,7120.266011156373
2019-10-05 13:30:00,7174.987651895559
2019-10-05 14:00:00,7145.466977539438
2019-10-05 14:30:00,7186.1681498555745
2019-10-05 15:00:00,7183.098411896305
2019-10-05 15:30:00,7176.124391272121
2019-10-05 16:00:00,7264.685075700403
2019-10-05 16:30:00,7286.288409099505
2019-10-05 17:00:00,7496.203809379698
2019-10-05 17:30:00,7497.340060868407
2019-10-05 18:00:00,7840.11106759048
2019-10-05 18:30:00,7952.971635088087
2019-10-05 19:00:00,7842.279182777645
2019-10-05 19:30:00,7601.35561757687
2019-10-05 20:00:00,7377.464502334054
2019-10-05 20:30:00,7355.861168934952
2019-10-05 21:00:00,7263.8009728375055
2019-10-05 21:30:00,7187.1515321887
2019-10-05 22:00:00,7002.685214300981
2019-10-05 22:30:00,7150.090340629375
2019-10-05 23:00:00,7008.456086778319
2019-10-05 23:30:00,7006.058418675339
2019-10-06 00:00:00,6986.704649280618
2019-10-06 00:30:00,6815.906041121267
2019-10-06 01:00:00,6638.1917205510435
2019-10-06 01:30:00,6420.283417129982
2019-10-06 02:00:00,6258.418712034857
2019-10-06 02:30:00,6053.020288315117
2019-10-06 03:00:00,5907.145805901712
2019-10-06 03:30:00,5773.602054159616
2019-10-06 04:00:00,5753.759882494453
2019-10-06 04:30:00,5753.759882494453
2019-10-06 05:00:00,5751.3306248361405
2019-10-06 05:30:00,5803.908940463396
2019-10-06 06:00:00,5893.275574073276
2019-10-06 06:30:00,5964.76840223205
2019-10-06 07:00:00,6099.967306494792
2019-10-06 07:30:00,6248.205646096867
2019-10-06 08:00:00,6635.456247944472
2019-10-06 08:30:00,6688.309834051007
2019-10-06 09:00:00,6828.078010866823
2019-10-06 09:30:00,6908.216457835648
2019-10-06 10:00:00,6930.607158960968
2019-10-06 10:30:00,6850.663978787261
2019-10-06 11:00:00,6788.175502361195
2019-10-06 11:30:00,6653.586836305127
2019-10-06 12:00:00,6735.296883279434
2019-10-06 12:30:00,6735.296883279434
2019-10-06 13:00:00,6806.5713664304685
2019-10-06 13:30:00,6749.917407096484
2019-10-06 14:00:00,6799.709299864004
2019-10-06 14:30:00,6798.640591259171
2019-10-06 15:00:00,6768.024465127874
2019-10-06 15:30:00,6861.236692088156
2019-10-06 16:00:00,6934.297681957322
2019-10-06 16:30:00,6973.997409813533
2019-10-06 17:00:00,7258.8215502002
2019-10-06 17:30:00,7336.319050392212
2019-10-06 18:00:00,7590.12190097117
2019-10-06 18:30:00,7830.2319525418425
2019-10-06 19:00:00,8038.2613552228795
2019-10-06 19:30:00,7725.006422853648
2019-10-06 20:00:00,7641.683234678436
2019-10-06 20:30:00,7483.447844002247
2019-10-06 21:00:00,7365.382756360262
2019-10-06 21:30:00,7230.964897493928
2019-10-06 22:00:00,7017.923128204462
2019-10-06 22:30:00,7017.923128204462
2019-10-06 23:00:00,6931.994329826994
2019-10-06 23:30:00,6855.462925214638
2019-10-07 00:00:00,6825.679475379384
2019-10-07 00:30:00,6569.71247732722
2019-10-07 01:00:00,6500.0964071456565
2019-10-07 01:30:00,6266.531125978901
2019-10-07 02:00:00,6008.077663744155
2019-10-07 02:30:00,5851.514419873773
2019-10-07 03:00:00,5791.2609705917475
2019-10-07 03:30:00,5741.460833290967
2019-10-07 04:00:00,5775.945904859696
2019-10-07 04:30:00,5775.945904859696
2019-10-07 05:00:00,5889.835351898373
2019-10-07 05:30:00,5940.78411718896
2019-10-07 06:00:00,6139.05734078088
2019-10-07 06:30:00,6338.832821322936
2019-10-07 07:00:00,6398.095901208887
2019-10-07 07:30:00,6707.972022756634
2019-10-07 08:00:00,6612.377302542142
2019-10-07 08:30:00,6612.377302542142
2019-10-07 09:00:00,6563.271212926888
2019-10-07 09:30:00,6483.0895780832525
2019-10-07 10:00:00,6493.417685392933
2019-10-07 10:30:00,6390.643173840541
2019-10-07 11:00:00,6376.229702446744
2019-10-07 11:30:00,6504.100519509912
2019-10-07 12:00:00,6575.305452630652
2019-10-07 12:30:00,6434.051073285596
2019-10-07 13:00:00,6599.390580877881
2019-10-07 13:30:00,6747.256310752432
2019-10-07 14:00:00,6624.093097503224
2019-10-07 14:30:00,6548.442837116834
2019-10-07 15:00:00,6653.420437066504
2019-10-07 15:30:00,6913.693103343543
2019-10-07 16:00:00,7164.615349823924
2019-10-07 16:30:00,7381.84240430925
2019-10-07 17:00:00,7559.871778519088
2019-10-07 17:30:00,7640.0426254922495
2019-10-07 18:00:00,7786.44915936416
2019-10-07 18:30:00,7907.555962939662
2019-10-07 19:00:00,7826.774136930383
2019-10-07 19:30:00,7711.25238119411
2019-10-07 20:00:00,7491.686352851302
2019-10-07 20:30:00,7409.972101763097
2019-10-07 21:00:00,7384.46397057984
2019-10-07 21:30:00,7391.345202608235
2019-10-07 22:00:00,7188.92958294062
2019-10-07 22:30:00,7188.92958294062
2019-10-07 23:00:00,7156.209895400824
2019-10-07 23:30:00,6932.999747871967
2019-10-08 00:00:00,7478.303592212993
2019-10-08 00:30:00,7311.691936880544
2019-10-08 01:00:00,7115.050606225635
2019-10-08 01:30:00,6878.123863201588
2019-10-08 02:00:00,6566.8934354657395
2019-10-08 02:30:00,6470.7194000812815
2019-10-08 03:00:00,6357.2102033890005
2019-10-08 03:30:00,6306.282159844392
2019-10-08 04:00:00,6223.213513845037
2019-10-08 04:30:00,6278.0475641155645
2019-10-08 05:00:00,6493.91540165725
2019-10-08 05:30:00,6599.877897067431
2019-10-08 06:00:00,7116.98133678165
2019-10-08 06:30:00,7116.98133678165
2019-10-08 07:00:00,7463.113012444405
2019-10-08 07:30:00,7613.941472951675
2019-10-08 08:00:00,7605.518044147099
2019-10-08 08:30:00,7594.437950784229
2019-10-08 09:00:00,7463.98977770294
2019-10-08 09:30:00,7663.3899170073255
2019-10-08 10:00:00,7338.097659251501
2019-10-08 10:30:00,7263.57633292106
2019-10-08 11:00:00,7277.054300607988
2019-10-08 11:30:00,7223.118263369704
2019-10-08 12:00:00,7166.261977103703
2019-10-08 12:30:00,7158.66516750816
2019-10-08 13:00:00,7232.577940968982
2019-10-08 13:30:00,7318.593938785456
2019-10-08 14:00:00,7521.860984950653
2019-10-08 14:30:00,7582.200010790424
2019-10-08 15:00:00,7710.135981215355
2019-10-08 15:30:00,7933.7421701370195
2019-10-08 16:00:00,7989.817379129208
2019-10-08 16:30:00,7947.624074677531
2019-10-08 17:00:00,8223.488261839257
2019-10-08 17:30:00,8516.432322672787
2019-10-08 18:00:00,8577.926088656803
2019-10-08 18:30:00,8570.302195259117
2019-10-08 19:00:00,8597.365893632643
2019-10-08 19:30:00,8485.630117595027
2019-10-08 20:00:00,8169.916549033391
2019-10-08 20:30:00,8076.9354608797785
2019-10-08 21:00:00,7964.330806375581
2019-10-08 21:30:00,7927.067139950258
2019-10-08 22:00:00,7821.547891308273
2019-10-08 22:30:00,7865.853449166199
2019-10-08 23:00:00,7714.525474764427
2019-10-08 23:30:00,7615.635541477259
2019-10-09 00:00:00,6995.498272815404
2019-10-09 00:30:00,6888.724117484633
2019-10-09 01:00:00,6724.043345023991
2019-10-09 01:30:00,6455.161971024332
2019-10-09 02:00:00,6176.262249906943
2019-10-09 02:30:00,6069.225769265748
2019-10-09 03:00:00,6003.743262929088
2019-10-09 03:30:00,6003.743262929088
2019-10-09 04:00:00,6028.634223628884
2019-10-09 04:30:00,6149.557160030957
2019-10-09 05:00:00,6392.574985160346
2019-10-09 05:30:00,6715.577773252552
2019-10-09 06:00:00,7018.532976768381
2019-10-09 06:30:00,7368.877504847925
2019-10-09 07:00:00,7645.160782662239
2019-10-09 07:30:00,7613.5422404613655
2019-10-09 08:00:00,7829.152963285217
2019-10-09 08:30:00,7833.690300971507
2019-10-09 09:00:00,7927.345050671973
2019-10-09 09:30:00,7786.7420365103935
2019-10-09 10:00:00,7618.162493339871
2019-10-09 10:30:00,7477.453223856201
2019-10-09 11:00:00,7378.856624702394
2019-10-09 11:30:00,7326.231640786526
2019-10-09 12:00:00,7411.165697116217
2019-10-09 12:30:00,7352.75668822875
2019-10-09 13:00:00,7434.715118003016
2019-10-09 13:30:00,7354.85691100769
2019-10-09 14:00:00,7483.094322472997
2019-10-09 14:30:00,7592.261690257332
2019-10-09 15:00:00,7516.418218851469
2019-10-09 15:30:00,7715.2620874169315
2019-10-09 16:00:00,7890.6668557496605
2019-10-09 16:30:00,8011.327096379192
2019-10-09 17:00:00,8305.201111597644
2019-10-09 17:30:00,8359.849133874262
2019-10-09 18:00:00,8495.882792038245
2019-10-09 18:30:00,8530.84290969366
2019-10-09 19:00:00,8535.19435021041
2019-10-09 19:30:00,8434.176642366581
2019-10-09 20:00:00,8263.433628581486
2019-10-09 20:30:00,8074.582780181182
2019-10-09 21:00:00,7794.956129852885
2019-10-09 21:30:00,7703.32473122521
2019-10-09 22:00:00,7530.582079586707
2019-10-09 22:30:00,7589.62027684072
2019-10-09 23:00:00,7527.789457343179
2019-10-09 23:30:00,7396.962371094768
2019-10-10 00:00:00,7260.652259914664
2019-10-10 00:30:00,7098.789327716881
2019-10-10 01:00:00,6912.741771050451
2019-10-10 01:30:00,6696.63171257316
2019-10-10 02:00:00,6454.3810584153225
2019-10-10 02:30:00,6256.346590911029
2019-10-10 03:00:00,6157.766302053459
2019-10-10 03:30:00,6149.776903541618
2019-10-10 04:00:00,6225.057967558428
2019-10-10 04:30:00,6415.609501092924
2019-10-10 05:00:00,6677.309832169825
2019-10-10 05:30:00,7112.463881088072
2019-10-10 06:00:00,7535.639098113177
2019-10-10 06:30:00,7720.049099138902
2019-10-10 07:00:00,7850.02994000481
2019-10-10 07:30:00,7802.175005288291
2019-10-10 08:00:00,7990.9150637508465
2019-10-10 08:30:00,7885.314509298354
2019-10-10 09:00:00,7529.713592698155
2019-10-10 09:30:00,7517.439835899398
2019-10-10 10:00:00,7279.322693249825
2019-10-10 10:30:00,7167.986026763745
2019-10-10 11:00:00,7111.289634133285
2019-10-10 11:30:00,7054.6356747992995
2019-10-10 12:00:00,7024.426691345632
2019-10-10 12:30:00,6991.144480270468
2019-10-10 13:00:00,7046.861802134246
2019-10-10 13:30:00,7046.861802134246
2019-10-10 14:00:00,7085.652228322569
2019-10-10 14:30:00,7121.902948128481
2019-10-10 15:00:00,7156.2426406974
2019-10-10 15:30:00,7202.410986465392
2019-10-10 16:00:00,7281.8883473960095
2019-10-10 16:30:00,7541.163827110334
2019-10-10 17:00:00,7930.029821403503
2019-10-10 17:30:00,8167.818377548005
2019-10-10 18:00:00,8346.745873865355
2019-10-10 18:30:00,8475.799914663092
2019-10-10 19:00:00,8579.226201160667
2019-10-10 19:30:00,8501.792961665527
2019-10-10 20:00:00,8379.018445553178
2019-10-10 20:30:00,8213.709621877071
2019-10-10 21:00:00,7967.963919584143
2019-10-10 21:30:00,7883.4137275225585
2019-10-10 22:00:00,7676.4633413916
2019-10-10 22:30:00,7676.4633413916
2019-10-10 23:00:00,7605.169024575074
2019-10-10 23:30:00,7464.78664170682
2019-10-11 00:00:00,7265.1606907233845
2019-10-11 00:30:00,7143.160786669342
2019-10-11 01:00:00,6956.265210587737
2019-10-11 01:30:00,6738.187868402169
2019-10-11 02:00:00,6521.046747268605
2019-10-11 02:30:00,6340.3290418110455
2019-10-11 03:00:00,6246.49920348669
2019-10-11 03:30:00,6246.49920348669
2019-10-11 04:00:00,6311.945699137455
2019-10-11 04:30:00,6455.094024880419
2019-10-11 05:00:00,6753.474609342767
2019-10-11 05:30:00,7187.319585145001
2019-10-11 06:00:00,7560.372758291478
2019-10-11 06:30:00,7733.99831523861
2019-10-11 07:00:00,7816.679226329665
2019-10-11 07:30:00,7761.099452215847
2019-10-11 08:00:00,7885.737545980198
2019-10-11 08:30:00,7761.4615991801375
2019-10-11 09:00:00,7499.777553219297
2019-10-11 09:30:00,7527.086847016339
2019-10-11 10:00:00,7189.150338097633
2019-10-11 10:30:00,7189.150338097633
2019-10-11 11:00:00,7054.1011079147465
2019-10-11 11:30:00,6982.386250525205
2019-10-11 12:00:00,7041.711983845623
2019-10-11 12:30:00,7023.868872242224
2019-10-11 13:00:00,7046.7235766213025
2019-10-11 13:30:00,7096.741038681102
2019-10-11 14:00:00,7161.346607081377
2019-10-11 14:30:00,7211.28129943422
2019-10-11 15:00:00,7185.38499487491
2019-10-11 15:30:00,7296.304178664493
2019-10-11 16:00:00,7493.969143411933
2019-10-11 16:30:00,7690.868002692989
2019-10-11 17:00:00,7978.829619148728
2019-10-11 17:30:00,8074.701287563649
2019-10-11 18:00:00,8108.30077101814
2019-10-11 18:30:00,8225.701576511128
2019-10-11 19:00:00,8155.6085907637735
2019-10-11 19:30:00,8049.534511460721
2019-10-11 20:00:00,7968.731959915838
2019-10-11 20:30:00,7864.742199138217
2019-10-11 21:00:00,7695.262867285888
2019-10-11 21:30:00,7560.74133532148
2019-10-11 22:00:00,7562.9104352411305
2019-10-11 22:30:00,7628.223962303416
2019-10-11 23:00:00,7490.001653882906
2019-10-11 23:30:00,7375.588297251917
2019-10-12 00:00:00,7144.246800483139
2019-10-12 00:30:00,7008.280955275075
2019-10-12 01:00:00,6896.134510639446
2019-10-12 01:30:00,6599.0083208543465
2019-10-12 02:00:00,6355.801348728322
2019-10-12 02:30:00,6255.128091192775
2019-10-12 03:00:00,6105.079240689752
2019-10-12 03:30:00,6105.079240689752
2019-10-12 04:00:00,6028.830812361593
2019-10-12 04:30:00,6209.038768489753
2019-10-12 05:00:00,6197.342991434453
2019-10-12 05:30:00,6571.883546693876
2019-10-12 06:00:00,6518.237892076707
2019-10-12 06:30:00,6671.3147697987615
2019-10-12 07:00:00,6716.224786926803
2019-10-12 07:30:00,6799.155065677708
2019-10-12 08:00:00,7116.929057504212
2019-10-12 08:30:00,7093.9704551469085
2019-10-12 09:00:00,7550.072160190083
2019-10-12 09:30:00,7553.466537331421
2019-10-12 10:00:00,7200.9616385396075
2019-10-12 10:30:00,7254.299146691512
2019-10-12 11:00:00,7167.186574544403
2019-10-12 11:30:00,7071.055418024254
2019-10-12 12:00:00,7067.981445961782
2019-10-12 12:30:00,7007.051707542186
2019-10-12 13:00:00,6898.374137360725
2019-10-12 13:30:00,6890.931904856971
2019-10-12 14:00:00,6796.643095843749
2019-10-12 14:30:00,6794.635733428074
2019-10-12 15:00:00,6989.297202257255
2019-10-12 15:30:00,7046.185202907908
2019-10-12 16:00:00,7240.404441565213
2019-10-12 16:30:00,7263.28061795997
2019-10-12 17:00:00,7484.753395353771
2019-10-12 17:30:00,7474.315597171201
2019-10-12 18:00:00,7735.601201814378
2019-10-12 18:30:00,7814.14704382653
2019-10-12 19:00:00,7819.829031622644
2019-10-12 19:30:00,7795.973850667068
2019-10-12 20:00:00,7698.996246548784
2019-10-12 20:30:00,7561.697429188231
2019-10-12 21:00:00,7416.72617268317
2019-10-12 21:30:00,7397.459702267532
2019-10-12 22:00:00,7259.3354646273165
2019-10-12 22:30:00,7259.3354646273165
2019-10-12 23:00:00,7239.09101364899
2019-10-12 23:30:00,7158.595294912257
2019-10-13 00:00:00,6987.880771971388
2019-10-13 00:30:00,6821.267313688365
2019-10-13 01:00:00,6516.02323772441
2019-10-13 01:30:00,6287.327680636611
2019-10-13 02:00:00,6129.443951143121
2019-10-13 02:30:00,5966.2591298001935
2019-10-13 03:00:00,5862.353798549839
2019-10-13 03:30:00,5832.844884642737
2019-10-13 04:00:00,5867.129406651726
2019-10-13 04:30:00,5905.880775055369
2019-10-13 05:00:00,5992.697312211632
2019-10-13 05:30:00,6158.848817905265
2019-10-13 06:00:00,6263.604686373589
2019-10-13 06:30:00,6439.0157979335245
2019-10-13 07:00:00,6637.330776561506
2019-10-13 07:30:00,6745.82282284472
2019-10-13 08:00:00,6901.812737888511
2019-10-13 08:30:00,6980.95346081288
2019-10-13 09:00:00,7007.690922520686
2019-10-13 09:30:00,7085.489968481238
2019-10-13 10:00:00,7149.767080308496
2019-10-13 10:30:00,7154.58094666613
2019-10-13 11:00:00,7143.835292737159
2019-10-13 11:30:00,7046.705224814352
2019-10-13 12:00:00,6968.086293689525
2019-10-13 12:30:00,6922.714085439087
2019-10-13 13:00:00,6938.192957566334
2019-10-13 13:30:00,6942.187480219947
2019-10-13 14:00:00,6980.364446451599
2019-10-13 14:30:00,7030.687938344524
2019-10-13 15:00:00,7055.614701157379
2019-10-13 15:30:00,7196.609886353181
2019-10-13 16:00:00,7403.401853131588
2019-10-13 16:30:00,7490.363281231645
2019-10-13 17:00:00,7833.476497027794
2019-10-13 17:30:00,7966.0923927925
2019-10-13 18:00:00,8192.797584820692
2019-10-13 18:30:00,8290.955683778575
2019-10-13 19:00:00,8354.746383682334
2019-10-13 19:30:00,8250.221259147971
2019-10-13 20:00:00,8057.627862704464
2019-10-13 20:30:00,8013.192661265689
2019-10-13 21:00:00,7730.502745687589
2019-10-13 21:30:00,7567.096276808868
2019-10-13 22:00:00,7296.501632412578
2019-10-13 22:30:00,7296.501632412578
2019-10-13 23:00:00,7082.097359223166
2019-10-13 23:30:00,6921.592916922657
2019-10-14 00:00:00,7018.960957581148
2019-10-14 00:30:00,6790.28198198246
2019-10-14 01:00:00,6567.2057942309875
2019-10-14 01:30:00,6388.088284801579
2019-10-14 02:00:00,6092.817702485888
2019-10-14 02:30:00,6017.2271329562245
2019-10-14 03:00:00,6105.715826405985
2019-10-14 03:30:00,5970.671390963913
2019-10-14 04:00:00,6127.4643386002335
2019-10-14 04:30:00,6136.438314460349
2019-10-14 05:00:00,6660.722308895579
2019-10-14 05:30:00,6821.256760872482
2019-10-14 06:00:00,7730.150729034633
2019-10-14 06:30:00,7939.882750676415
2019-10-14 07:00:00,8456.664745145974
2019-10-14 07:30:00,8690.398015899162
2019-10-14 08:00:00,8462.7127180982
2019-10-14 08:30:00,8385.264087717556
2019-10-14 09:00:00,7697.1948066101895
2019-10-14 09:30:00,7620.380047149627
2019-10-14 10:00:00,7432.6817770294
2019-10-14 10:30:00,7385.066742486453
2019-10-14 11:00:00,7254.265369032056
2019-10-14 11:30:00,7184.1100432046
2019-10-14 12:00:00,6981.269081502119
2019-10-14 12:30:00,6934.929853859378
2019-10-14 13:00:00,7061.253369614598
2019-10-14 13:30:00,7061.253369614598
2019-10-14 14:00:00,7029.744186689002
2019-10-14 14:30:00,7018.620342066745
2019-10-14 15:00:00,7073.4528293222675
2019-10-14 15:30:00,7338.480410932205
2019-10-14 16:00:00,7678.668497458018
2019-10-14 16:30:00,7985.37258400063
2019-10-14 17:00:00,8348.112500760724
2019-10-14 17:30:00,8518.15519091504
2019-10-14 18:00:00,8628.841113346713
2019-10-14 18:30:00,8959.345877416867
2019-10-14 19:00:00,8866.775383400973
2019-10-14 19:30:00,8776.225341148769
2019-10-14 20:00:00,8557.65585051257
2019-10-14 20:30:00,8423.23679965005
2019-10-14 21:00:00,8151.141516344272
2019-10-14 21:30:00,8088.185808780897
2019-10-14 22:00:00,7882.779429550844
2019-10-14 22:30:00,7832.758325845215
2019-10-14 23:00:00,7747.557936001018
2019-10-14 23:30:00,7460.530976477242
2019-10-15 00:00:00,7405.496616288351
2019-10-15 00:30:00,7223.017568373091
2019-10-15 01:00:00,7088.32788922865
2019-10-15 01:30:00,6806.517258283672
2019-10-15 02:00:00,6540.778642794829
2019-10-15 02:30:00,6464.500670671524
2019-10-15 03:00:00,6282.712247938426
2019-10-15 03:30:00,6351.4909638105955
2019-10-15 04:00:00,6352.115744938579
2019-10-15 04:30:00,6671.836266674822
2019-10-15 05:00:00,6956.595772206928
2019-10-15 05:30:00,7324.719413896034
2019-10-15 06:00:00,7740.777787675377
2019-10-15 06:30:00,7988.84481966856
2019-10-15 07:00:00,8260.280773554792
2019-10-15 07:30:00,8097.2039346464835
2019-10-15 08:00:00,8012.861918550181
2019-10-15 08:30:00,8058.581291665234
2019-10-15 09:00:00,7891.4055324078945
2019-10-15 09:30:00,7875.228154090848
2019-10-15 10:00:00,7978.486871065304
2019-10-15 10:30:00,7886.023769862135
2019-10-15 11:00:00,7770.794882568113
2019-10-15 11:30:00,7771.221731296104
2019-10-15 12:00:00,7674.754047841352
2019-10-15 12:30:00,7674.754047841352
2019-10-15 13:00:00,7735.889578067022
2019-10-15 13:30:00,7781.145053695585
2019-10-15 14:00:00,7816.719894587031
2019-10-15 14:30:00,7787.2453754124
2019-10-15 15:00:00,7800.390987879927
2019-10-15 15:30:00,7721.464091572423
2019-10-15 16:00:00,7864.845270661094
2019-10-15 16:30:00,8008.845150896223
2019-10-15 17:00:00,8145.44601354814
2019-10-15 17:30:00,8284.272963388876
2019-10-15 18:00:00,8470.218171187395
2019-10-15 18:30:00,8481.544897377342
2019-10-15 19:00:00,8564.798186119393
2019-10-15 19:30:00,8423.772708311873
2019-10-15 20:00:00,8241.214033755647
2019-10-15 20:30:00,8037.012648538295
2019-10-15 21:00:00,7852.258304888418
2019-10-15 21:30:00,7746.310065139845
2019-10-15 22:00:00,7662.794642115289
2019-10-15 22:30:00,7686.176537258077
2019-10-15 23:00:00,7489.823459849318
2019-10-15 23:30:00,7440.470080307152
2019-10-16 00:00:00,7138.725194938821
2019-10-16 00:30:00,6995.1056297960295
2019-10-16 01:00:00,6864.348076902297
2019-10-16 01:30:00,6651.577491265639
2019-10-16 02:00:00,6374.871579692809
2019-10-16 02:30:00,6266.4054671235845
2019-10-16 03:00:00,6078.430921017466
2019-10-16 03:30:00,6112.924042524871
2019-10-16 04:00:00,6156.74640272493
2019-10-16 04:30:00,6327.771235289795
2019-10-16 05:00:00,6706.580043200393
2019-10-16 05:30:00,7113.19846999088
2019-10-16 06:00:00,7554.94299237361
2019-10-16 06:30:00,7829.4606815515335
2019-10-16 07:00:00,7973.157108939586
2019-10-16 07:30:00,7902.158655067012
2019-10-16 08:00:00,7884.223501913318
2019-10-16 08:30:00,7924.74637923923
2019-10-16 09:00:00,7646.7784845747965
2019-10-16 09:30:00,7690.414487040555
2019-10-16 10:00:00,7553.80562125311
2019-10-16 10:30:00,7478.84728768301
2019-10-16 11:00:00,7488.290651901984
2019-10-16 11:30:00,7456.968066336876
2019-10-16 12:00:00,7379.163850315774
2019-10-16 12:30:00,7436.747016191353
2019-10-16 13:00:00,7471.739285569944
2019-10-16 13:30:00,7440.416700004836
2019-10-16 14:00:00,7500.1548586850795
2019-10-16 14:30:00,7539.73790928088
2019-10-16 15:00:00,7607.445172732349
2019-10-16 15:30:00,7796.082178999563
2019-10-16 16:00:00,7957.239427526938
2019-10-16 16:30:00,8070.94644331583
2019-10-16 17:00:00,8306.997860609814
2019-10-16 17:30:00,8335.33829957092
2019-10-16 18:00:00,8432.340341976951
2019-10-16 18:30:00,8474.826827233423
2019-10-16 19:00:00,8498.86131068863
2019-10-16 19:30:00,8317.636107314385
2019-10-16 20:00:00,8147.669024649209
2019-10-16 20:30:00,7960.739180682185
2019-10-16 21:00:00,7695.843564454938
2019-10-16 21:30:00,7625.284048545999
2019-10-16 22:00:00,7473.001194089198
2019-10-16 22:30:00,7473.001194089198
2019-10-16 23:00:00,7323.471396775557
2019-10-16 23:30:00,7174.471271894183
2019-10-17 00:00:00,7041.868740378611
2019-10-17 00:30:00,6952.431066162385
2019-10-17 01:00:00,6799.857697291393
2019-10-17 01:30:00,6573.419366416194
2019-10-17 02:00:00,6294.925542277675
2019-10-17 02:30:00,6203.878043511903
2019-10-17 03:00:00,6099.488017373068
2019-10-17 03:30:00,6138.239385776711
2019-10-17 04:00:00,6188.9818808198725
2019-10-17 04:30:00,6349.947327337402
2019-10-17 05:00:00,6714.309502033397
2019-10-17 05:30:00,7037.040312899651
2019-10-17 06:00:00,7454.4192501574225
2019-10-17 06:30:00,7640.338224973672
2019-10-17 07:00:00,7900.403176714745
2019-10-17 07:30:00,7848.908831872526
2019-10-17 08:00:00,7860.724397201201
2019-10-17 08:30:00,7841.160076860453
2019-10-17 09:00:00,7764.768677219142
2019-10-17 09:30:00,7696.392552790929
2019-10-17 10:00:00,7559.570562908889
2019-10-17 10:30:00,7529.8223851557395
2019-10-17 11:00:00,7558.616021194839
2019-10-17 11:30:00,7578.332334180162
2019-10-17 12:00:00,7427.1731870188005
2019-10-17 12:30:00,7430.124128529621
2019-10-17 13:00:00,7647.733538511402
2019-10-17 13:30:00,7718.829501728702
2019-10-17 14:00:00,7738.165148206876
2019-10-17 14:30:00,7799.859359564032
2019-10-17 15:00:00,7981.174913053459
2019-10-17 15:30:00,8089.634145935994
2019-10-17 16:00:00,8188.733085081564
2019-10-17 16:30:00,8196.013037651173
2019-10-17 17:00:00,8471.61794135097
2019-10-17 17:30:00,8515.957332554364
2019-10-17 18:00:00,8502.392289582522
2019-10-17 18:30:00,8579.82552907766
2019-10-17 19:00:00,8438.592578046897
2019-10-17 19:30:00,8375.373856129343
2019-10-17 20:00:00,8235.51952303118
2019-10-17 20:30:00,7952.589134464928
2019-10-17 21:00:00,7677.321813689187
2019-10-17 21:30:00,7562.611652810837
2019-10-17 22:00:00,7448.3321282245
2019-10-17 22:30:00,7482.60637014904
2019-10-17 23:00:00,7346.618646922873
2019-10-17 23:30:00,7187.019162182991
2019-10-18 00:00:00,7145.411455591528
2019-10-18 00:30:00,7021.446161193226
2019-10-18 01:00:00,6825.900156624561
2019-10-18 01:30:00,6588.220225002444
2019-10-18 02:00:00,6348.898010731963
2019-10-18 02:30:00,6209.200063624273
2019-10-18 03:00:00,6125.064454935903
2019-10-18 03:30:00,6125.064454935903
2019-10-18 04:00:00,6195.152748368422
2019-10-18 04:30:00,6379.550433608299
2019-10-18 05:00:00,6654.83711838578
2019-10-18 05:30:00,7068.248803168521
2019-10-18 06:00:00,7510.37632528923
2019-10-18 06:30:00,7653.205516410723
2019-10-18 07:00:00,7734.108114198365
2019-10-18 07:30:00,7776.482154896795
2019-10-18 08:00:00,7916.053521910326
2019-10-18 08:30:00,8053.311057135918
2019-10-18 09:00:00,7722.669698017214
2019-10-18 09:30:00,7756.9620942645915
2019-10-18 10:00:00,7674.706122569112
2019-10-18 10:30:00,7616.039142541083
2019-10-18 11:00:00,7601.248353952694
2019-10-18 11:30:00,7538.016509958791
2019-10-18 12:00:00,7502.404293668486
2019-10-18 12:30:00,7469.547393997281
2019-10-18 13:00:00,7534.308713045173
2019-10-18 13:30:00,7470.5862014643435
2019-10-18 14:00:00,7515.565227118134
2019-10-18 14:30:00,7460.927185601405
2019-10-18 15:00:00,7473.1659695281
2019-10-18 15:30:00,7577.258937805708
2019-10-18 16:00:00,7789.770892199268
2019-10-18 16:30:00,7885.448989578596
2019-10-18 17:00:00,8073.615513359342
2019-10-18 17:30:00,8137.089430352031
2019-10-18 18:00:00,8056.166679537131
2019-10-18 18:30:00,8056.387310830456
2019-10-18 19:00:00,8101.361544981886
2019-10-18 19:30:00,8007.2662674052835
2019-10-18 20:00:00,7882.479153690971
2019-10-18 20:30:00,7746.237016892073
2019-10-18 21:00:00,7559.8996450787445
2019-10-18 21:30:00,7483.472208005495
2019-10-18 22:00:00,7464.465227284273
2019-10-18 22:30:00,7464.465227284273
2019-10-18 23:00:00,7304.541289929125
2019-10-18 23:30:00,7169.912576917474
2019-10-19 00:00:00,6975.652689538496
2019-10-19 00:30:00,6905.1575375311795
2019-10-19 01:00:00,6678.432497330098
2019-10-19 01:30:00,6518.490916580758
2019-10-19 02:00:00,6220.175994067997
2019-10-19 02:30:00,6071.55791610172
2019-10-19 03:00:00,5912.63787864167
2019-10-19 03:30:00,5938.163962221115
2019-10-19 04:00:00,5910.775597453216
2019-10-19 04:30:00,6068.283291897354
2019-10-19 05:00:00,6043.552988981619
2019-10-19 05:30:00,6435.967437614481
2019-10-19 06:00:00,6490.446451949772
2019-10-19 06:30:00,6656.763079784088
2019-10-19 07:00:00,6777.489721949447
2019-10-19 07:30:00,6753.494143832579
2019-10-19 08:00:00,7002.939843612814
2019-10-19 08:30:00,6868.00328559537
2019-10-19 09:00:00,7176.17666902105
2019-10-19 09:30:00,7146.238128092762
2019-10-19 10:00:00,6771.837697822565
2019-10-19 10:30:00,6761.012388390766
2019-10-19 11:00:00,6633.5643351247045
2019-10-19 11:30:00,6603.701542646939
2019-10-19 12:00:00,6567.1225402815835
2019-10-19 12:30:00,6547.902131205006
2019-10-19 13:00:00,6533.924355540076
2019-10-19 13:30:00,6566.841753617649
2019-10-19 14:00:00,6575.807782691916
2019-10-19 14:30:00,6643.018881610041
2019-10-19 15:00:00,6725.367956872584
2019-10-19 15:30:00,6910.571795734237
2019-10-19 16:00:00,6885.096496305784
2019-10-19 16:30:00,6988.66681753952
2019-10-19 17:00:00,7352.214264446324
2019-10-19 17:30:00,7397.32051051386
2019-10-19 18:00:00,7409.269297061189
2019-10-19 18:30:00,7453.438972901581
2019-10-19 19:00:00,7484.036138739975
2019-10-19 19:30:00,7484.036138739975
2019-10-19 20:00:00,7352.704045091774
2019-10-19 20:30:00,7277.5623785202215
2019-10-19 21:00:00,7019.131532936792
2019-10-19 21:30:00,7019.131532936792
2019-10-19 22:00:00,6991.612720485909
2019-10-19 22:30:00,6974.000485147441
2019-10-19 23:00:00,6898.862893074397
2019-10-19 23:30:00,6809.552496684254
2019-10-20 00:00:00,6557.905817252358
2019-10-20 00:30:00,6414.621153120628
2019-10-20 01:00:00,6188.965852961897
2019-10-20 01:30:00,5965.431528718819
2019-10-20 02:00:00,5881.964730061486
2019-10-20 02:30:00,5729.471665619346
2019-10-20 03:00:00,5651.745546481328
2019-10-20 03:30:00,5664.205009591601
2019-10-20 04:00:00,5666.293890658241
2019-10-20 04:30:00,5717.6930070459775
2019-10-20 05:00:00,5817.427577642732
2019-10-20 05:30:00,5933.116244259429
2019-10-20 06:00:00,6113.590727757667
2019-10-20 06:30:00,6188.9312775816525
2019-10-20 07:00:00,6273.036177430799
2019-10-20 07:30:00,6296.788831010664
2019-10-20 08:00:00,6718.954494526667
2019-10-20 08:30:00,6719.381343254658
2019-10-20 09:00:00,6457.598965286197
2019-10-20 09:30:00,6427.969312681904
2019-10-20 10:00:00,6332.220645738464
2019-10-20 10:30:00,6305.359192319738
2019-10-20 11:00:00,6264.667887791508
2019-10-20 11:30:00,6254.20058195733
2019-10-20 12:00:00,6364.384481287951
2019-10-20 12:30:00,6415.0908067749615
2019-10-20 13:00:00,6474.505628491851
2019-10-20 13:30:00,6487.469872835326
2019-10-20 14:00:00,6552.54769885269
2019-10-20 14:30:00,6637.912143156993
2019-10-20 15:00:00,6802.44974128624
2019-10-20 15:30:00,7004.118084767172
2019-10-20 16:00:00,7213.941711613703
2019-10-20 16:30:00,7196.8350565629535
2019-10-20 17:00:00,7397.5342974197465
2019-10-20 17:30:00,7453.661547000373
2019-10-20 18:00:00,7481.609483539632
2019-10-20 18:30:00,7550.891115037352
2019-10-20 19:00:00,7780.761553228274
2019-10-20 19:30:00,7654.393879211789
2019-10-20 20:00:00,7547.78709514805
2019-10-20 20:30:00,7438.2889232010975
2019-10-20 21:00:00,7210.442401595721
2019-10-20 21:30:00,7131.598338911076
2019-10-20 22:00:00,6907.799346798262
2019-10-20 22:30:00,6859.969088325063
2019-10-20 23:00:00,6727.805093568566
2019-10-20 23:30:00,6634.592866608284
2019-10-21 00:00:00,6787.797067424293
2019-10-21 00:30:00,6608.12470538969
2019-10-21 01:00:00,6389.276599159527
2019-10-21 01:30:00,6184.540464399876
2019-10-21 02:00:00,5992.11261728741
2019-10-21 02:30:00,5983.138641427295
2019-10-21 03:00:00,5972.991855818568
2019-10-21 03:30:00,5916.280926501546
2019-10-21 04:00:00,5986.387844543363
2019-10-21 04:30:00,6098.160375240598
2019-10-21 05:00:00,6554.170778675464
2019-10-21 05:30:00,6677.971837216069
2019-10-21 06:00:00,7525.618359882465
2019-10-21 06:30:00,7735.55520206085
2019-10-21 07:00:00,7903.136172261928
2019-10-21 07:30:00,8087.346011498053
2019-10-21 08:00:00,7543.992550306817
2019-10-21 08:30:00,7541.445412349164
2019-10-21 09:00:00,7176.532544207237
2019-10-21 09:30:00,7073.830936379759
2019-10-21 10:00:00,7037.593387684011
2019-10-21 10:30:00,6885.927103877501
2019-10-21 11:00:00,6785.138842857986
2019-10-21 11:30:00,6682.639728767696
2019-10-21 12:00:00,6610.162146668363
2019-10-21 12:30:00,6633.039598324662
2019-10-21 13:00:00,6716.042583088032
2019-10-21 13:30:00,6716.042583088032
2019-10-21 14:00:00,6783.010587515814
2019-10-21 14:30:00,6752.935184948836
2019-10-21 15:00:00,7144.477620121686
2019-10-21 15:30:00,7362.264345369397
2019-10-21 16:00:00,7560.561400013098
2019-10-21 16:30:00,7873.618849720424
2019-10-21 17:00:00,8363.136341767531
2019-10-21 17:30:00,8536.956301881726
2019-10-21 18:00:00,8634.793433447892
2019-10-21 18:30:00,8634.793433447892
2019-10-21 19:00:00,8484.958228856922
2019-10-21 19:30:00,8465.937512838
2019-10-21 20:00:00,8198.848126141975
2019-10-21 20:30:00,8104.584558907402
2019-10-21 21:00:00,7796.4632926281
2019-10-21 21:30:00,7723.922995964089
2019-10-21 22:00:00,7550.576741511011
2019-10-21 22:30:00,7469.826903095054
2019-10-21 23:00:00,7353.223470275768
2019-10-21 23:30:00,7346.504203294626
2019-10-22 00:00:00,7315.985504990346
2019-10-22 00:30:00,7246.368637780406
2019-10-22 01:00:00,7022.174130522178
2019-10-22 01:30:00,6824.969088130126
2019-10-22 02:00:00,6521.703868921621
2019-10-22 02:30:00,6429.07822788869
2019-10-22 03:00:00,6194.88045213522
2019-10-22 03:30:00,6231.678036133388
2019-10-22 04:00:00,6328.475965164058
2019-10-22 04:30:00,6608.997530743454
2019-10-22 05:00:00,6879.201769747388
2019-10-22 05:30:00,7362.167758968837
2019-10-22 06:00:00,7769.36204877163
2019-10-22 06:30:00,7926.886198809894
2019-10-22 07:00:00,8070.119523060814
2019-10-22 07:30:00,7922.6276048008995
2019-10-22 08:00:00,8058.240711045216
2019-10-22 08:30:00,8135.195790834121
2019-10-22 09:00:00,7882.864212925368
2019-10-22 09:30:00,7958.054474991537
2019-10-22 10:00:00,7939.847511276675
2019-10-22 10:30:00,7819.252113990082
2019-10-22 11:00:00,7791.437246236038
2019-10-22 11:30:00,7742.345776267922
2019-10-22 12:00:00,7721.713414021142
2019-10-22 12:30:00,7798.782132628729
2019-10-22 13:00:00,7806.845164141325
2019-10-22 13:30:00,7833.54222990982
2019-10-22 14:00:00,7871.781413452885
2019-10-22 14:30:00,7900.005980022185
2019-10-22 15:00:00,7924.417073751003
2019-10-22 15:30:00,7836.039015974224
2019-10-22 16:00:00,8024.032465994151
2019-10-22 16:30:00,8166.172332280014
2019-10-22 17:00:00,8281.109458747354
2019-10-22 17:30:00,8353.159241097135
2019-10-22 18:00:00,8450.984931225365
2019-10-22 18:30:00,8432.434797204867
2019-10-22 19:00:00,8477.22758012263
2019-10-22 19:30:00,8431.732893243754
2019-10-22 20:00:00,8177.26506158575
2019-10-22 20:30:00,8071.319198416654
2019-10-22 21:00:00,7878.116863187931
2019-10-22 21:30:00,7822.682885425919
2019-10-22 22:00:00,7666.640465446777
2019-10-22 22:30:00,7666.640465446777
2019-10-22 23:00:00,7461.286698603626
2019-10-22 23:30:00,7458.135296060218
2019-10-23 00:00:00,7148.314789967517
2019-10-23 00:30:00,7088.192688111292
2019-10-23 01:00:00,6862.448409793012
2019-10-23 01:30:00,6619.272315415049
2019-10-23 02:00:00,6389.643729584741
2019-10-23 02:30:00,6234.838389372776
2019-10-23 03:00:00,6122.868769520678
2019-10-23 03:30:00,6102.1701088373575
2019-10-23 04:00:00,6202.183205727198
2019-10-23 04:30:00,6349.400083179211
2019-10-23 05:00:00,6712.405004100785
2019-10-23 05:30:00,7101.423095732263
2019-10-23 06:00:00,7577.704540777383
2019-10-23 06:30:00,7731.224347836744
2019-10-23 07:00:00,7806.6489081808995
2019-10-23 07:30:00,7741.570090546195
2019-10-23 08:00:00,7984.036132625703
2019-10-23 08:30:00,7907.964374081647
2019-10-23 09:00:00,7661.89887760515
2019-10-23 09:30:00,7643.686076085006
2019-10-23 10:00:00,7474.702456089758
2019-10-23 10:30:00,7479.752934394166
2019-10-23 11:00:00,7391.580014902558
2019-10-23 11:30:00,7390.578442790836
2019-10-23 12:00:00,7481.7670915961535
2019-10-23 12:30:00,7481.7670915961535
2019-10-23 13:00:00,7550.7906100318705
2019-10-23 13:30:00,7566.316834925041
2019-10-23 14:00:00,7576.019742427242
2019-10-23 14:30:00,7605.181673020928
2019-10-23 15:00:00,7705.291251298862
2019-10-23 15:30:00,7845.387541031812
2019-10-23 16:00:00,8038.482832730206
2019-10-23 16:30:00,8180.978877169198
2019-10-23 17:00:00,8372.027067728317
2019-10-23 17:30:00,8365.435927155118
2019-10-23 18:00:00,8390.600873141764
2019-10-23 18:30:00,8372.050739121267
2019-10-23 19:00:00,8393.04905954146
2019-10-23 19:30:00,8280.403647944357
2019-10-23 20:00:00,8177.587289997406
2019-10-23 20:30:00,7941.41273691736
2019-10-23 21:00:00,7719.480807847781
2019-10-23 21:30:00,7589.883094684828
2019-10-23 22:00:00,7442.092082887643
2019-10-23 22:30:00,7491.574983521813
2019-10-23 23:00:00,7313.5400010454905
2019-10-23 23:30:00,7258.212679550239
2019-10-24 00:00:00,7185.779914796278
2019-10-24 00:30:00,7081.822077120467
2019-10-24 01:00:00,6905.960247397193
2019-10-24 01:30:00,6709.86399127988
2019-10-24 02:00:00,6453.750709232789
2019-10-24 02:30:00,6339.584570275808
2019-10-24 03:00:00,6186.2529989689365
2019-10-24 03:30:00,6230.250356219233
2019-10-24 04:00:00,6311.0480335097145
2019-10-24 04:30:00,6503.063618713467
2019-10-24 05:00:00,6791.418834467417
2019-10-24 05:30:00,7150.1570008105455
2019-10-24 06:00:00,7583.246080710287
2019-10-24 06:30:00,7752.329668605331
2019-10-24 07:00:00,7919.119407678985
2019-10-24 07:30:00,7836.6266435343105
2019-10-24 08:00:00,7986.228448272963
2019-10-24 08:30:00,8038.8557516379
2019-10-24 09:00:00,7776.243744613769
2019-10-24 09:30:00,7855.250712384835
2019-10-24 10:00:00,7774.787981665937
2019-10-24 10:30:00,7743.87675238038
2019-10-24 11:00:00,7802.976256371105
2019-10-24 11:30:00,7613.891845273858
2019-10-24 12:00:00,7620.435630046718
2019-10-24 12:30:00,7764.352440985434
2019-10-24 13:00:00,7790.415411339725
2019-10-24 13:30:00,7834.315564714506
2019-10-24 14:00:00,8011.112444897835
2019-10-24 14:30:00,8097.52124808438
2019-10-24 15:00:00,8226.538521741586
2019-10-24 15:30:00,8370.551044436957
2019-10-24 16:00:00,8615.096266186847
2019-10-24 16:30:00,8772.410265681006
2019-10-24 17:00:00,8952.099651710643
2019-10-24 17:30:00,8881.1271453856
2019-10-24 18:00:00,8757.5774380594
2019-10-24 18:30:00,8711.463964257326
2019-10-24 19:00:00,8767.704473558193
2019-10-24 19:30:00,8635.808042823961
2019-10-24 20:00:00,8351.73531413405
2019-10-24 20:30:00,8149.188853381702
2019-10-24 21:00:00,7826.610704640352
2019-10-24 21:30:00,7764.916493283196
2019-10-24 22:00:00,7575.507691887671
2019-10-24 22:30:00,7522.630414112164
2019-10-24 23:00:00,7377.219900981625
2019-10-24 23:30:00,7255.219996927582
2019-10-25 00:00:00,7121.658802011663
2019-10-25 00:30:00,7010.322316570969
2019-10-25 01:00:00,6814.776312002304
2019-10-25 01:30:00,6577.096380380187
2019-10-25 02:00:00,6296.963756877165
2019-10-25 02:30:00,6211.075706336465
2019-10-25 03:00:00,6112.435645978296
2019-10-25 03:30:00,6150.590538515348
2019-10-25 04:00:00,6198.219498896425
2019-10-25 04:30:00,6393.8183921119335
2019-10-25 05:00:00,6667.465927343387
2019-10-25 05:30:00,7048.398826321619
2019-10-25 06:00:00,7458.762606327021
2019-10-25 06:30:00,7655.805425765528
2019-10-25 07:00:00,7725.3635476375875
2019-10-25 07:30:00,7805.972554712582
2019-10-25 08:00:00,7913.204099133074
2019-10-25 08:30:00,7923.55101581647
2019-10-25 09:00:00,7761.064390039991
2019-10-25 09:30:00,7755.7136793323825
2019-10-25 10:00:00,7719.957739709011
2019-10-25 10:30:00,7746.058745200393
2019-10-25 11:00:00,7731.8538213739375
2019-10-25 11:30:00,7791.538288524102
2019-10-25 12:00:00,7819.693367989491
2019-10-25 12:30:00,7893.741624075719
2019-10-25 13:00:00,8044.588618285817
2019-10-25 13:30:00,8141.636257286562
2019-10-25 14:00:00,8309.510418662705
2019-10-25 14:30:00,8403.60569623931
2019-10-25 15:00:00,8521.63987111095
2019-10-25 15:30:00,8640.20223725345
2019-10-25 16:00:00,8695.5165500516
2019-10-25 16:30:00,8699.831997150388
2019-10-25 17:00:00,8753.998439798439
2019-10-25 17:30:00,8724.95484266685
2019-10-25 18:00:00,8765.064258773768
2019-10-25 18:30:00,8673.084195831112
2019-10-25 19:00:00,8704.673643454436
2019-10-25 19:30:00,8511.40060276444
2019-10-25 20:00:00,8273.479228956385
2019-10-25 20:30:00,8055.559150559765
2019-10-25 21:00:00,7762.985619524174
2019-10-25 21:30:00,7706.686529935379
2019-10-25 22:00:00,7622.236849971763
2019-10-25 22:30:00,7545.809412898514
2019-10-25 23:00:00,7418.737113922771
2019-10-25 23:30:00,7304.541289929125
2019-10-26 00:00:00,7050.679398034313
2019-10-26 00:30:00,6937.096306117143
2019-10-26 01:00:00,6654.345054863513
2019-10-26 01:30:00,6475.695440820065
2019-10-26 02:00:00,6137.586998712998
2019-10-26 02:30:00,6052.716462481789
2019-10-26 03:00:00,5991.372113744456
2019-10-26 03:30:00,5952.620745340813
2019-10-26 04:00:00,5962.60923693608
2019-10-26 04:30:00,6118.4487019763865
2019-10-26 05:00:00,6084.337199345897
2019-10-26 05:30:00,6365.715731330579
2019-10-26 06:00:00,6518.802651849252
2019-10-26 06:30:00,6636.216483373151
2019-10-26 07:00:00,6829.732889103389
2019-10-26 07:30:00,6785.654860903979
2019-10-26 08:00:00,7209.048380313148
2019-10-26 08:30:00,7108.869150422873
2019-10-26 09:00:00,7158.746404827005
2019-10-26 09:30:00,7112.79325492931
2019-10-26 10:00:00,6832.1911973661045
2019-10-26 10:30:00,6771.190508702862
2019-10-26 11:00:00,6557.609146759154
2019-10-26 11:30:00,6628.568050409449
2019-10-26 12:00:00,6670.034631572367
2019-10-26 12:30:00,6752.2603770128
2019-10-26 13:00:00,7472.283315057959
2019-10-26 13:30:00,7322.454161649816
2019-10-26 14:00:00,7216.72540694581
2019-10-26 14:30:00,6952.077834891625
2019-10-26 15:00:00,7153.318717567673
2019-10-26 15:30:00,7355.584448733373
2019-10-26 16:00:00,7940.085264508145
2019-10-26 16:30:00,8209.605345828535
2019-10-26 17:00:00,7907.736924055168
2019-10-26 17:30:00,7763.254599060187
2019-10-26 18:00:00,7975.920397241227
2019-10-26 18:30:00,8011.007447276217
2019-10-26 19:00:00,7778.687408086761
2019-10-26 19:30:00,7975.403046103794
2019-10-26 20:00:00,7943.42847676059
2019-10-26 20:30:00,7778.859170057864
2019-10-26 21:00:00,7502.677009566142
2019-10-26 21:30:00,7430.23346024777
2019-10-26 22:00:00,7290.338919109812
2019-10-26 22:30:00,7285.566021881441
2019-10-26 23:00:00,7194.537729835487
2019-10-26 23:30:00,7019.786772545444
2019-10-27 00:00:00,6991.470103839664
2019-10-27 00:30:00,6779.368864803047
2019-10-27 01:00:00,6415.991963534047
2019-10-27 01:30:00,6346.112866102986
2019-10-27 02:00:00,6038.384277193504
2019-10-27 02:30:00,5944.323832265763
2019-10-27 03:00:00,5758.229923252955
2019-10-27 03:30:00,5721.766356717546
2019-10-27 04:00:00,5894.76144066833
2019-10-27 04:30:00,5894.76144066833
2019-10-27 05:00:00,5992.085782981394
2019-10-27 05:30:00,6068.918142829163
2019-10-27 06:00:00,6241.45834817276
2019-10-27 06:30:00,6381.602845735492
2019-10-27 07:00:00,6519.629396589107
2019-10-27 07:30:00,6698.853204712343
2019-10-27 08:00:00,6769.317902889605
2019-10-27 08:30:00,6926.698224623825
2019-10-27 09:00:00,7024.168109720453
2019-10-27 09:30:00,6973.061790790285
2019-10-27 10:00:00,6794.92828191997
2019-10-27 10:30:00,6808.5962359349305
2019-10-27 11:00:00,6770.885101666521
2019-10-27 11:30:00,6887.650467736753
2019-10-27 12:00:00,7067.177776396208
2019-10-27 12:30:00,7098.897313649509
2019-10-27 13:00:00,7031.862826667363
2019-10-27 13:30:00,7031.862826667363
2019-10-27 14:00:00,7065.376175210985
2019-10-27 14:30:00,7180.274406004409
2019-10-27 15:00:00,7248.949899374872
2019-10-27 15:30:00,7309.395680216414
2019-10-27 16:00:00,7545.269990130472
2019-10-27 16:30:00,7634.568911566394
2019-10-27 17:00:00,7890.689191147742
2019-10-27 17:30:00,7956.793132919733
2019-10-27 18:00:00,7964.5468828587655
2019-10-27 18:30:00,7833.229460445941
2019-10-27 19:00:00,7931.892039180228
2019-10-27 19:30:00,7784.798369558408
2019-10-27 20:00:00,7618.084481297362
2019-10-27 20:30:00,7500.426519742108
2019-10-27 21:00:00,7314.3188386740085
2019-10-27 21:30:00,7224.069972821428
2019-10-27 22:00:00,6920.659653596374
2019-10-27 22:30:00,6825.974649533501
2019-10-27 23:00:00,6694.903787814445
2019-10-27 23:30:00,6581.251801674834
2019-10-28 00:00:00,6636.3446070161945
2019-10-28 00:30:00,6455.982743914595
2019-10-28 01:00:00,6247.975749046865
2019-10-28 01:30:00,6091.412505176482
2019-10-28 02:00:00,5941.72712692436
2019-10-28 02:30:00,5867.562337760081
2019-10-28 03:00:00,5860.453225096738
2019-10-28 03:30:00,5860.453225096738
2019-10-28 04:00:00,6049.4667524962815
2019-10-28 04:30:00,6049.4667524962815
2019-10-28 05:00:00,6690.774168765635
2019-10-28 05:30:00,6693.000890837933
2019-10-28 06:00:00,7391.1851294582475
2019-10-28 06:30:00,7624.605488018324
2019-10-28 07:00:00,7690.423046457777
2019-10-28 07:30:00,7803.27819286952
2019-10-28 08:00:00,7248.375320208072
2019-10-28 08:30:00,7248.375320208072
2019-10-28 09:00:00,6938.054162867703
2019-10-28 09:30:00,6972.141881204876
2019-10-28 10:00:00,6954.495547895537
2019-10-28 10:30:00,6943.566295953951
2019-10-28 11:00:00,6889.226823682734
2019-10-28 11:30:00,6829.906224929983
2019-10-28 12:00:00,6758.218282585169
2019-10-28 12:30:00,6721.80041044806
2019-10-28 13:00:00,6694.715485850279
2019-10-28 13:30:00,6786.80393622521
2019-10-28 14:00:00,6959.184750101531
2019-10-28 14:30:00,7006.72421842605
2019-10-28 15:00:00,7253.810242087222
2019-10-28 15:30:00,7456.3357286847295
2019-10-28 16:00:00,7593.932168520127
2019-10-28 16:30:00,8029.311394658428
2019-10-28 17:00:00,8347.182127809674
2019-10-28 17:30:00,8406.82242590626
2019-10-28 18:00:00,8440.266448310595
2019-10-28 18:30:00,8492.0983112517
2019-10-28 19:00:00,8403.204465476616
2019-10-28 19:30:00,8403.204465476616
2019-10-28 20:00:00,8211.115018702782
2019-10-28 20:30:00,8015.848468174766
2019-10-28 21:00:00,7749.805789278512
2019-10-28 21:30:00,7628.787885532441
2019-10-28 22:00:00,7419.121895779434
2019-10-28 22:30:00,7419.121895779434
2019-10-28 23:00:00,7306.536468380938
2019-10-28 23:30:00,7177.081391229713
2019-10-29 00:00:00,7125.60154342595
2019-10-29 00:30:00,7033.632639188706
2019-10-29 01:00:00,6901.842434036693
2019-10-29 01:30:00,6699.833735306609
2019-10-29 02:00:00,6360.874653557973
2019-10-29 02:30:00,6324.077069559806
2019-10-29 03:00:00,6178.630894175403
2019-10-29 03:30:00,6238.897908769085
2019-10-29 04:00:00,6339.036079017087
2019-10-29 04:30:00,6538.585926924548
2019-10-29 05:00:00,6740.22894373328
2019-10-29 05:30:00,7194.9657252572215
2019-10-29 06:00:00,7617.6500848534
2019-10-29 06:30:00,7693.4321687679585
2019-10-29 07:00:00,8164.277858734893
2019-10-29 07:30:00,8224.915256037697
2019-10-29 08:00:00,8126.011993091827
2019-10-29 08:30:00,8228.763595700046
2019-10-29 09:00:00,7958.598428081632
2019-10-29 09:30:00,7846.8438426344
2019-10-29 10:00:00,7859.300934676366
2019-10-29 10:30:00,7859.300934676366
2019-10-29 11:00:00,7766.314506003382
2019-10-29 11:30:00,7751.6132499059595
2019-10-29 12:00:00,7683.125903317636
2019-10-29 12:30:00,7660.5797886870805
2019-10-29 13:00:00,7764.389057634029
2019-10-29 13:30:00,7717.385452367731
2019-10-29 14:00:00,7839.131646658535
2019-10-29 14:30:00,7709.237355897339
2019-10-29 15:00:00,7698.723999329428
2019-10-29 15:30:00,7811.425744674264
2019-10-29 16:00:00,7998.53206011262
2019-10-29 16:30:00,8134.80301715929
2019-10-29 17:00:00,8244.009656290915
2019-10-29 17:30:00,8310.274750255745
2019-10-29 18:00:00,8376.031109758407
2019-10-29 18:30:00,8308.88038504018
2019-10-29 19:00:00,8429.21831151405
2019-10-29 19:30:00,8335.123033937445
2019-10-29 20:00:00,8075.375364160771
2019-10-29 20:30:00,7984.393058650878
2019-10-29 21:00:00,7744.183467014139
2019-10-29 21:30:00,7705.8776895666115
2019-10-29 22:00:00,7551.964772502636
2019-10-29 22:30:00,7606.706714334254
2019-10-29 23:00:00,7441.07449090071
2019-10-29 23:30:00,7441.175345480155
2019-10-30 00:00:00,7067.082406695278
2019-10-30 00:30:00,6950.199998396561
2019-10-30 01:00:00,6747.107290351812
2019-10-30 01:30:00,6574.560739676761
2019-10-30 02:00:00,6271.954596001834
2019-10-30 02:30:00,6184.190902748942
2019-10-30 03:00:00,6080.082188005225
2019-10-30 03:30:00,6089.049225933185
2019-10-30 04:00:00,6154.519209150297
2019-10-30 04:30:00,6347.434765398331
2019-10-30 05:00:00,6623.165963102502
2019-10-30 05:30:00,6957.683709855394
2019-10-30 06:00:00,7374.362660000653
2019-10-30 06:30:00,7493.338775663197
2019-10-30 07:00:00,7707.831000172574
2019-10-30 07:30:00,7838.525639493769
2019-10-30 08:00:00,7974.049695831946
2019-10-30 08:30:00,7913.052573770696
2019-10-30 09:00:00,7650.820460956962
2019-10-30 09:30:00,7647.787871848317
2019-10-30 10:00:00,7508.842682328503
2019-10-30 10:30:00,7537.515319846267
2019-10-30 11:00:00,7630.262282137202
2019-10-30 11:30:00,7540.5771849913735
2019-10-30 12:00:00,7536.85768707764
2019-10-30 12:30:00,7505.535101512532
2019-10-30 13:00:00,7560.526755173559
2019-10-30 13:30:00,7578.118386510023
2019-10-30 14:00:00,7679.816680221247
2019-10-30 14:30:00,7736.920411581438
2019-10-30 15:00:00,7899.364042740184
2019-10-30 15:30:00,8040.806752527653
2019-10-30 16:00:00,8264.328071837652
2019-10-30 16:30:00,8370.62462832485
2019-10-30 17:00:00,8564.936382018217
2019-10-30 17:30:00,8495.380436836054
2019-10-30 18:00:00,8484.05631352467
2019-10-30 18:30:00,8413.809984178275
2019-10-30 19:00:00,8475.26491327528
2019-10-30 19:30:00,8410.527519861293
2019-10-30 20:00:00,8214.655851613814
2019-10-30 20:30:00,8012.1093908614685
2019-10-30 21:00:00,7741.260659768499
2019-10-30 21:30:00,7698.370526431767
2019-10-30 22:00:00,7470.464702105799
2019-10-30 22:30:00,7420.981801471629
2019-10-30 23:00:00,7305.058528587084
2019-10-30 23:30:00,7159.499207270722
2019-10-31 00:00:00,7049.098299794145
2019-10-31 00:30:00,6953.777822633398
2019-10-31 01:00:00,6793.742956507774
2019-10-31 01:30:00,6519.460582956703
2019-10-31 02:00:00,6311.4665346394495
2019-10-31 02:30:00,6144.141063750374
2019-10-31 03:00:00,6084.179559548796
2019-10-31 03:30:00,6093.146597476755
2019-10-31 04:00:00,6162.505765663039
2019-10-31 04:30:00,6359.532259860522
2019-10-31 05:00:00,6631.224853890179
2019-10-31 05:30:00,6982.8116033639035
2019-10-31 06:00:00,7313.153922044036
2019-10-31 06:30:00,7527.281504172494
2019-10-31 07:00:00,7737.781815123089
2019-10-31 07:30:00,7737.781815123089
2019-10-31 08:00:00,7939.6232603608705
2019-10-31 08:30:00,7944.323651272747
2019-10-31 09:00:00,7823.004484339827
2019-10-31 09:30:00,7867.504196222467
2019-10-31 10:00:00,7791.554534040164
2019-10-31 10:30:00,7884.508722114822
2019-10-31 11:00:00,7820.014541812947
2019-10-31 11:30:00,7758.326562167082
2019-10-31 12:00:00,7748.235458516273
2019-10-31 12:30:00,7809.749648261516
2019-10-31 13:00:00,7928.218272947774
2019-10-31 13:30:00,7946.952617129664
2019-10-31 14:00:00,7984.546277915996
2019-10-31 14:30:00,8140.824233395888
2019-10-31 15:00:00,8348.828516947107
2019-10-31 15:30:00,8521.840580060105
2019-10-31 16:00:00,8700.932676727114
2019-10-31 16:30:00,8730.346157630362
2019-10-31 17:00:00,8993.6639255516
2019-10-31 17:30:00,8833.360972849534
2019-10-31 18:00:00,8753.561357460456
2019-10-31 18:30:00,8718.919782419098
2019-10-31 19:00:00,8708.734180563984
2019-10-31 19:30:00,8520.308072192207
2019-10-31 20:00:00,8358.364892178368
2019-10-31 20:30:00,8150.247989056303
2019-10-31 21:00:00,7873.129855879695
2019-10-31 21:30:00,7731.335029060473
2019-10-31 22:00:00,7569.3677035027995
2019-10-31 22:30:00,7580.4915481250555
2019-10-31 23:00:00,7457.45359623651
2019-10-31 23:30:00,7314.436213976552
2019-11-01 00:00:00,7279.998522371775
2019-11-01 00:30:00,7075.205955142209
2019-11-01 01:00:00,6944.467524256021
2019-11-01 01:30:00,6665.120861455433
2019-11-01 02:00:00,6398.500858845919
2019-11-01 02:30:00,6307.453360080147
2019-11-01 03:00:00,6174.1798530239985
2019-11-01 03:30:00,6182.140434637984
2019-11-01 04:00:00,6278.901593154496
2019-11-01 04:30:00,6443.9032000797
2019-11-01 05:00:00,6761.814375535613
2019-11-01 05:30:00,7127.864068781597
2019-11-01 06:00:00,7504.878737320661
2019-11-01 06:30:00,7795.498343655759
2019-11-01 07:00:00,7991.096376505513
2019-11-01 07:30:00,8012.850065250681
2019-11-01 08:00:00,8042.614260236375
2019-11-01 08:30:00,8025.100019398371
2019-11-01 09:00:00,8068.795802928214
2019-11-01 09:30:00,8094.297687331021
2019-11-01 10:00:00,8176.579879088737
2019-11-01 10:30:00,8353.244507706551
2019-11-01 11:00:00,8429.549460541672
2019-11-01 11:30:00,8489.895317295623
2019-11-01 12:00:00,8438.467585843237
2019-11-01 12:30:00,8607.309663936136
2019-11-01 13:00:00,8729.116514300611
2019-11-01 13:30:00,8830.205234476942
2019-11-01 14:00:00,8906.589428114827
2019-11-01 14:30:00,9066.576599312099
2019-11-01 15:00:00,9345.87799062366
2019-11-01 15:30:00,9280.313502629593
2019-11-01 16:00:00,9363.219926588486
2019-11-01 16:30:00,9383.673279379182
2019-11-01 17:00:00,9325.50720576871
2019-11-01 17:30:00,9135.244899589637
2019-11-01 18:00:00,9014.396629645515
2019-11-01 18:30:00,8898.125928271516
2019-11-01 19:00:00,8802.328312000891
2019-11-01 19:30:00,8601.61157235095
2019-11-01 20:00:00,8490.174043301296
2019-11-01 20:30:00,8310.154513278954
2019-11-01 21:00:00,8199.126239108755
2019-11-01 21:30:00,7996.3591470631045
2019-11-01 22:00:00,7912.710219677435
2019-11-01 22:30:00,7771.582589614662
2019-11-01 23:00:00,7618.043879818585
2019-11-01 23:30:00,7380.984291896011
2019-11-02 00:00:00,7206.263932778683
2019-11-02 00:30:00,7088.676920498296
2019-11-02 01:00:00,6833.561644313721
2019-11-02 01:30:00,6612.913949997674
2019-11-02 02:00:00,6367.464262646275
2019-11-02 02:30:00,6220.988013852586
2019-11-02 03:00:00,6082.990046390823
2019-11-02 03:30:00,6190.7260095553665
2019-11-02 04:00:00,6101.788394836631
2019-11-02 04:30:00,6331.652447252845
2019-11-02 05:00:00,6218.356650062587
2019-11-02 05:30:00,6540.019133769212
2019-11-02 06:00:00,6571.932142955519
2019-11-02 06:30:00,6749.06344205407
2019-11-02 07:00:00,6972.1486516502
2019-11-02 07:30:00,6974.300624359007
2019-11-02 08:00:00,7351.511710700315
2019-11-02 08:30:00,7347.05384728556
2019-11-02 09:00:00,7462.538629760171
2019-11-02 09:30:00,7416.034343134087
2019-11-02 10:00:00,7362.113545975266
2019-11-02 10:30:00,7402.814718291403
2019-11-02 11:00:00,7335.467334630634
2019-11-02 11:30:00,7346.743652727193
2019-11-02 12:00:00,7339.8947670468415
2019-11-02 12:30:00,7362.998337435255
2019-11-02 13:00:00,7405.719859262186
2019-11-02 13:30:00,7452.591113822671
2019-11-02 14:00:00,7477.12030621905
2019-11-02 14:30:00,7626.780241846545
2019-11-02 15:00:00,7855.990424053385
2019-11-02 15:30:00,7977.708990955734
2019-11-02 16:00:00,8113.9008786743825
2019-11-02 16:30:00,8156.316825470378
2019-11-02 17:00:00,8333.605956080546
2019-11-02 17:30:00,8269.566852293969
2019-11-02 18:00:00,8263.13364844022
2019-11-02 18:30:00,8208.366320232379
2019-11-02 19:00:00,8156.602496108736
2019-11-02 19:30:00,8031.94385027813
2019-11-02 20:00:00,7783.249281296455
2019-11-02 20:30:00,7672.2170094722915
2019-11-02 21:00:00,7484.891676155801
2019-11-02 21:30:00,7494.419361084484
2019-11-02 22:00:00,7434.9965266903455
2019-11-02 22:30:00,7366.985306048399
2019-11-02 23:00:00,7279.638370799243
2019-11-02 23:30:00,7187.808371084519
2019-11-03 00:00:00,6904.811098673652
2019-11-03 00:30:00,6721.183014760418
2019-11-03 01:00:00,6425.039240962378
2019-11-03 01:30:00,6191.61598178825
2019-11-03 02:00:00,6073.416203358015
2019-11-03 02:30:00,5953.557084895499
2019-11-03 03:00:00,5884.9737007088115
2019-11-03 03:30:00,5859.447617129366
2019-11-03 04:00:00,5869.9578717816075
2019-11-03 04:30:00,5927.717209381719
2019-11-03 05:00:00,5932.309483280425
2019-11-03 05:30:00,6048.270739852451
2019-11-03 06:00:00,6139.276192301537
2019-11-03 06:30:00,6273.471682943456
2019-11-03 07:00:00,6376.504999536114
2019-11-03 07:30:00,6568.246944003294
2019-11-03 08:00:00,6650.81762135305
2019-11-03 08:30:00,6714.628587620959
2019-11-03 09:00:00,6754.027199973963
2019-11-03 09:30:00,6823.148014011452
2019-11-03 10:00:00,6808.318346560873
2019-11-03 10:30:00,6852.154082380459
2019-11-03 11:00:00,7054.635631937296
2019-11-03 11:30:00,7011.980183500592
2019-11-03 12:00:00,7054.765069905009
2019-11-03 12:30:00,7109.471379090147
2019-11-03 13:00:00,7250.371276109102
2019-11-03 13:30:00,7276.605056998115
2019-11-03 14:00:00,7373.989648354754
2019-11-03 14:30:00,7557.398145890589
2019-11-03 15:00:00,7756.256139015512
2019-11-03 15:30:00,7874.182711996684
2019-11-03 16:00:00,8149.880169155688
2019-11-03 16:30:00,8162.682903937981
2019-11-03 17:00:00,8296.32722857658
2019-11-03 17:30:00,8238.275239203173
2019-11-03 18:00:00,8335.521458892554
2019-11-03 18:30:00,8268.370734174328
2019-11-03 19:00:00,8394.562378619627
2019-11-03 19:30:00,8260.453616937713
2019-11-03 20:00:00,8084.325721619843
2019-11-03 20:30:00,7867.081970010778
2019-11-03 21:00:00,7547.014503961315
2019-11-03 21:30:00,7444.154599721056
2019-11-03 22:00:00,7233.814878198156
2019-11-03 22:30:00,7171.306668136282
2019-11-03 23:00:00,6958.1556645143555
2019-11-03 23:30:00,6834.630638829589
2019-11-04 00:00:00,6953.6967871333845
2019-11-04 00:30:00,6736.330566154961
2019-11-04 01:00:00,6586.244244505246
2019-11-04 01:30:00,6339.609797174613
2019-11-04 02:00:00,6187.787528133574
2019-11-04 02:30:00,6105.28322063572
2019-11-04 03:00:00,6153.349523410942
2019-11-04 03:30:00,6004.797416267724
2019-11-04 04:00:00,6166.940207972582
2019-11-04 04:30:00,6166.940207972582
2019-11-04 05:00:00,6714.504278314442
2019-11-04 05:30:00,6714.504278314442
2019-11-04 06:00:00,7573.035517164227
2019-11-04 06:30:00,7694.818600737488
2019-11-04 07:00:00,8015.656167460253
2019-11-04 07:30:00,8293.564876603668
2019-11-04 08:00:00,8053.133612089925
2019-11-04 08:30:00,8235.926939907906
2019-11-04 09:00:00,7935.152986633948
2019-11-04 09:30:00,7957.919911517733
2019-11-04 10:00:00,8143.600917455994
2019-11-04 10:30:00,8266.34964951451
2019-11-04 11:00:00,8437.835599913313
2019-11-04 11:30:00,8538.957324498555
2019-11-04 12:00:00,8641.888424356344
2019-11-04 12:30:00,8750.502597738461
2019-11-04 13:00:00,8857.449518813914
2019-11-04 13:30:00,8822.06245902029
2019-11-04 14:00:00,8998.298187743714
2019-11-04 14:30:00,9185.298035369862
2019-11-04 15:00:00,9331.149310565728
2019-11-04 15:30:00,9246.108392836217
2019-11-04 16:00:00,9323.220901687864
2019-11-04 16:30:00,9312.843065786175
2019-11-04 17:00:00,9373.47019563391
2019-11-04 17:30:00,9436.94310591163
2019-11-04 18:00:00,9362.181403699753
2019-11-04 18:30:00,9394.127585479599
2019-11-04 19:00:00,9244.284783311336
2019-11-04 19:30:00,9039.256380364963
2019-11-04 20:00:00,8822.029331430122
2019-11-04 20:30:00,8601.82749526778
2019-11-04 21:00:00,8329.620929325461
2019-11-04 21:30:00,8169.088748384269
2019-11-04 22:00:00,7964.881479352092
2019-11-04 22:30:00,7915.141597991234
2019-11-04 23:00:00,7655.757689872298
2019-11-04 23:30:00,7420.8227761689905
2019-11-05 00:00:00,7311.809833056451
2019-11-05 00:30:00,7172.375215292882
2019-11-05 01:00:00,6912.641227181965
2019-11-05 01:30:00,6640.681364548248
2019-11-05 02:00:00,6317.110690525921
2019-11-05 02:30:00,6310.196952557731
2019-11-05 03:00:00,6108.488418140231
2019-11-05 03:30:00,6145.2860021383985
2019-11-05 04:00:00,6269.52425126429
2019-11-05 04:30:00,6477.063497683593
2019-11-05 05:00:00,6750.459616348422
2019-11-05 05:30:00,7211.600009587828
2019-11-05 06:00:00,7573.967542247378
2019-11-05 06:30:00,7733.775555134737
2019-11-05 07:00:00,7921.565417602501
2019-11-05 07:30:00,7921.344786309176
2019-11-05 08:00:00,7876.32434675055
2019-11-05 08:30:00,7916.452552815932
2019-11-05 09:00:00,7897.619686079263
2019-11-05 09:30:00,7824.424298482468
2019-11-05 10:00:00,7801.599970069711
2019-11-05 10:30:00,7742.561772815698
2019-11-05 11:00:00,7801.642576223266
2019-11-05 11:30:00,7735.279051493883
2019-11-05 12:00:00,7678.855414955247
2019-11-05 12:30:00,7678.855414955247
2019-11-05 13:00:00,7733.117853160082
2019-11-05 13:30:00,7762.722404351936
2019-11-05 14:00:00,7838.59803975685
2019-11-05 14:30:00,7849.311699066978
2019-11-05 15:00:00,7980.105111001903
2019-11-05 15:30:00,8044.282656228011
2019-11-05 16:00:00,8203.660036004083
2019-11-05 16:30:00,8363.074004691622
2019-11-05 17:00:00,8487.39570655285
2019-11-05 17:30:00,8456.159032489728
2019-11-05 18:00:00,8467.851476966141
2019-11-05 18:30:00,8394.562947010412
2019-11-05 19:00:00,8493.196776251727
2019-11-05 19:30:00,8450.288788636191
2019-11-05 20:00:00,8216.236360244397
2019-11-05 20:30:00,8013.469268198735
2019-11-05 21:00:00,7812.33859658409
2019-11-05 21:30:00,7765.428554089531
2019-11-05 22:00:00,7627.220143363039
2019-11-05 22:30:00,7678.833862325248
2019-11-05 23:00:00,7424.241936861938
2019-11-05 23:30:00,7386.978270436614
2019-11-06 00:00:00,7172.923417742832
2019-11-06 00:30:00,7025.378609108003
2019-11-06 01:00:00,6837.542207144544
2019-11-06 01:30:00,6578.323476273624
2019-11-06 02:00:00,6376.70214386591
2019-11-06 02:30:00,6228.617483225974
2019-11-06 03:00:00,6114.143762923697
2019-11-06 03:30:00,6132.877671064785
2019-11-06 04:00:00,6253.537087676518
2019-11-06 04:30:00,6442.1040780623725
2019-11-06 05:00:00,6730.316435803252
2019-11-06 05:30:00,7075.577915547868
2019-11-06 06:00:00,7394.409255550379
2019-11-06 06:30:00,7593.203266183273
2019-11-06 07:00:00,7817.6394056395075
2019-11-06 07:30:00,7722.796286054804
2019-11-06 08:00:00,7757.951594173315
2019-11-06 08:30:00,7788.923415101257
2019-11-06 09:00:00,7776.341908649071
2019-11-06 09:30:00,7767.817973381619
2019-11-06 10:00:00,7642.8802781668355
2019-11-06 10:30:00,7587.23645805416
2019-11-06 11:00:00,7482.443779290766
2019-11-06 11:30:00,7375.230032547514
2019-11-06 12:00:00,7146.4983714880755
2019-11-06 12:30:00,7089.250612893338
2019-11-06 13:00:00,7144.969969492142
2019-11-06 13:30:00,7095.035277139299
2019-11-06 14:00:00,7146.202311577291
2019-11-06 14:30:00,7059.582407588536
2019-11-06 15:00:00,7166.842809782846
2019-11-06 15:30:00,7224.832650417984
2019-11-06 16:00:00,7505.301337430563
2019-11-06 16:30:00,7637.193826216337
2019-11-06 17:00:00,7913.271110933658
2019-11-06 17:30:00,8013.096211920715
2019-11-06 18:00:00,8163.270616804851
2019-11-06 18:30:00,8196.232336161478
2019-11-06 19:00:00,8380.810540355425
2019-11-06 19:30:00,8362.260406334928
2019-11-06 20:00:00,8093.314197130514
2019-11-06 20:30:00,7939.0083004893195
2019-11-06 21:00:00,7678.422493453579
2019-11-06 21:30:00,7677.800571225319
2019-11-06 22:00:00,7606.9862501775615
2019-11-06 22:30:00,7547.948052923548
2019-11-06 23:00:00,7434.974527932188
2019-11-06 23:30:00,7319.310371265253
2019-11-07 00:00:00,7214.208705321864
2019-11-07 00:30:00,7009.416138092298
2019-11-07 01:00:00,6815.8713557381725
2019-11-07 01:30:00,6569.232487566445
2019-11-07 02:00:00,6283.990441905573
2019-11-07 02:30:00,6166.865396446718
2019-11-07 03:00:00,6082.70742059316
2019-11-07 03:30:00,6037.504894245782
2019-11-07 04:00:00,6167.936640268815
2019-11-07 04:30:00,6256.843336907697
2019-11-07 05:00:00,6482.853541628256
2019-11-07 05:30:00,6913.046928565728
2019-11-07 06:00:00,7256.2374928189865
2019-11-07 06:30:00,7443.338578071332
2019-11-07 07:00:00,7851.0690313105715
2019-11-07 07:30:00,7823.607365424707
2019-11-07 08:00:00,7723.12363079965
2019-11-07 08:30:00,7791.888050122602
2019-11-07 09:00:00,7451.828748483387
2019-11-07 09:30:00,7378.250804676837
2019-11-07 10:00:00,7176.390808564043
2019-11-07 10:30:00,7053.339373914551
2019-11-07 11:00:00,7088.878638925139
2019-11-07 11:30:00,7110.59088449217
2019-11-07 12:00:00,7115.772791386687
2019-11-07 12:30:00,7133.775636618955
2019-11-07 13:00:00,7326.125253692894
2019-11-07 13:30:00,7266.6758121940275
2019-11-07 14:00:00,7394.189286920466
2019-11-07 14:30:00,7495.513718415419
2019-11-07 15:00:00,7526.503207541163
2019-11-07 15:30:00,7790.686880364302
2019-11-07 16:00:00,8036.772544529469
2019-11-07 16:30:00,8234.983209801769
2019-11-07 17:00:00,8449.062993177125
2019-11-07 17:30:00,8553.8197744705
2019-11-07 18:00:00,8578.629682444202
2019-11-07 18:30:00,8485.304424858425
2019-11-07 19:00:00,8468.567159867926
2019-11-07 19:30:00,8441.622607009547
2019-11-07 20:00:00,8107.041410293804
2019-11-07 20:30:00,7966.325127825841
2019-11-07 21:00:00,7638.489363579481
2019-11-07 21:30:00,7552.685398286539
2019-11-07 22:00:00,7306.705119999712
2019-11-07 22:30:00,7305.899932994157
2019-11-07 23:00:00,7191.843012683312
2019-11-07 23:30:00,7028.839891230985
2019-11-08 00:00:00,7079.315502516896
2019-11-08 00:30:00,6986.351747378164
2019-11-08 01:00:00,6750.55652261042
2019-11-08 01:30:00,6513.261139471445
2019-11-08 02:00:00,6281.484923961724
2019-11-08 02:30:00,6192.766885513101
2019-11-08 03:00:00,6195.435189882326
2019-11-08 03:30:00,6150.856839457635
2019-11-08 04:00:00,6221.159797469093
2019-11-08 04:30:00,6404.776869419893
2019-11-08 05:00:00,6653.247322860109
2019-11-08 05:30:00,7049.931690549176
2019-11-08 06:00:00,7418.222838563974
2019-11-08 06:30:00,7676.456039050198
2019-11-08 07:00:00,7886.473644560672
2019-11-08 07:30:00,7862.525284828857
2019-11-08 08:00:00,8020.082296286762
2019-11-08 08:30:00,8147.886681303616
2019-11-08 09:00:00,7999.563850548838
2019-11-08 09:30:00,7960.327631561113
2019-11-08 10:00:00,8178.33056317893
2019-11-08 10:30:00,8554.542287568933
2019-11-08 11:00:00,7978.473326661494
2019-11-08 11:30:00,8794.966307111947
2019-11-08 12:00:00,8753.24300721754
2019-11-08 12:30:00,8779.344012708918
2019-11-08 13:00:00,8785.179494469106
2019-11-08 13:30:00,8068.042008337524
2019-11-08 14:00:00,8042.5134015389685
2019-11-08 14:30:00,8215.710622652794
2019-11-08 15:00:00,8476.409910959128
2019-11-08 15:30:00,8660.166146089201
2019-11-08 16:00:00,9556.449534399222
2019-11-08 16:30:00,9668.459074259585
2019-11-08 17:00:00,9220.38567512641
2019-11-08 17:30:00,8929.374704607944
2019-11-08 18:00:00,8833.605328746115
2019-11-08 18:30:00,8723.982500155076
2019-11-08 19:00:00,8661.054708147583
2019-11-08 19:30:00,8605.665772078566
2019-11-08 20:00:00,8392.664708617473
2019-11-08 20:30:00,8223.092881232005
2019-11-08 21:00:00,7933.327340728503
2019-11-08 21:30:00,7841.2299758404715
2019-11-08 22:00:00,7698.486132860144
2019-11-08 22:30:00,7639.44793560613
2019-11-08 23:00:00,7505.274168651308
2019-11-08 23:30:00,7256.447446996389
2019-11-09 00:00:00,7119.391406066984
2019-11-09 00:30:00,6956.356493941284
2019-11-09 01:00:00,6690.913789811297
2019-11-09 01:30:00,6536.558084581801
2019-11-09 02:00:00,6266.49316567208
2019-11-09 02:30:00,6145.104844304331
2019-11-09 03:00:00,6017.622733968988
2019-11-09 03:30:00,6008.095049040305
2019-11-09 04:00:00,5988.672788093606
2019-11-09 04:30:00,6127.763181131199
2019-11-09 05:00:00,6094.118074447488
2019-11-09 05:30:00,6370.2096953315195
2019-11-09 06:00:00,6434.483231829467
2019-11-09 06:30:00,6452.156606564697
2019-11-09 07:00:00,6770.602234748204
2019-11-09 07:30:00,6771.645213840979
2019-11-09 08:00:00,7129.852585712467
2019-11-09 08:30:00,7129.852585712467
2019-11-09 09:00:00,7250.559570913914
2019-11-09 09:30:00,7213.466611647779
2019-11-09 10:00:00,7150.073900426534
2019-11-09 10:30:00,7197.300862961674
2019-11-09 11:00:00,7002.181099837598
2019-11-09 11:30:00,6997.8841266326035
2019-11-09 12:00:00,7052.2223747828
2019-11-09 12:30:00,7080.218069160506
2019-11-09 13:00:00,7139.492171619161
2019-11-09 13:30:00,7177.6123922465795
2019-11-09 14:00:00,7118.55634935423
2019-11-09 14:30:00,7085.4697077336605
2019-11-09 15:00:00,7259.839517198079
2019-11-09 15:30:00,7383.389911501935
2019-11-09 16:00:00,7600.678606664569
2019-11-09 16:30:00,7790.75595275977
2019-11-09 17:00:00,7905.840052944647
2019-11-09 17:30:00,7882.640186091709
2019-11-09 18:00:00,7828.732967589447
2019-11-09 18:30:00,7846.964572692431
2019-11-09 19:00:00,7799.5305458910925
2019-11-09 19:30:00,7743.57559932526
2019-11-09 20:00:00,7561.832593105625
2019-11-09 20:30:00,7472.017037657981
2019-11-09 21:00:00,7284.148682186265
2019-11-09 21:30:00,7284.148682186265
2019-11-09 22:00:00,7154.559785849119
2019-11-09 22:30:00,7102.220413503511
2019-11-09 23:00:00,7034.238446829893
2019-11-09 23:30:00,6930.7562912940875
2019-11-10 00:00:00,6666.659970926235
2019-11-10 00:30:00,6476.983203537696
2019-11-10 01:00:00,6220.4020607156945
2019-11-10 01:30:00,6030.9361664264
2019-11-10 02:00:00,5952.480005431875
2019-11-10 02:30:00,5836.086289133218
2019-11-10 03:00:00,5731.9131909559255
2019-11-10 03:30:00,5743.606345682345
2019-11-10 04:00:00,5759.873686897272
2019-11-10 04:30:00,5870.433418481998
2019-11-10 05:00:00,5896.953272098016
2019-11-10 05:30:00,5987.115855135267
2019-11-10 06:00:00,6137.539085672661
2019-11-10 06:30:00,6212.637412128168
2019-11-10 07:00:00,6229.540262362505
2019-11-10 07:30:00,6233.564253597716
2019-11-10 08:00:00,6599.402222076896
2019-11-10 08:30:00,6528.797606536372
2019-11-10 09:00:00,6363.2049667774145
2019-11-10 09:30:00,6297.6402407679025
2019-11-10 10:00:00,6217.5095960268745
2019-11-10 10:30:00,6185.297431900541
2019-11-10 11:00:00,6186.233029583006
2019-11-10 11:30:00,6005.279988066954
2019-11-10 12:00:00,6092.40224814749
2019-11-10 12:30:00,6065.45995062595
2019-11-10 13:00:00,6006.228426480777
2019-11-10 13:30:00,6006.228426480777
2019-11-10 14:00:00,6102.139892146982
2019-11-10 14:30:00,6153.272687183745
2019-11-10 15:00:00,6291.151167831611
2019-11-10 15:30:00,6458.956098763876
2019-11-10 16:00:00,6610.378087040114
2019-11-10 16:30:00,6736.822967126403
2019-11-10 17:00:00,7055.503685858593
2019-11-10 17:30:00,7275.554805171999
2019-11-10 18:00:00,7363.0786386894815
2019-11-10 18:30:00,7535.320084802616
2019-11-10 19:00:00,7668.180849865133
2019-11-10 19:30:00,7583.421773588915
2019-11-10 20:00:00,7511.649110837382
2019-11-10 20:30:00,7345.054868508736
2019-11-10 21:00:00,7144.098456588537
2019-11-10 21:30:00,7107.625148130413
2019-11-10 22:00:00,6840.7764352877175
2019-11-10 22:30:00,6840.7764352877175
2019-11-10 23:00:00,6666.153696746052
2019-11-10 23:30:00,6596.269043741932
2019-11-11 00:00:00,6689.913102688455
2019-11-11 00:30:00,6541.5572703456555
2019-11-11 01:00:00,6304.20535888301
2019-11-11 01:30:00,6099.917967811896
2019-11-11 02:00:00,5969.03419940564
2019-11-11 02:30:00,5920.440595995804
2019-11-11 03:00:00,5857.149854130036
2019-11-11 03:30:00,5853.125862894825
2019-11-11 04:00:00,6002.937160511669
2019-11-11 04:30:00,6066.316750571111
2019-11-11 05:00:00,6631.1161931456145
2019-11-11 05:30:00,6692.785514259747
2019-11-11 06:00:00,7332.58470404348
2019-11-11 06:30:00,7532.360184585536
2019-11-11 07:00:00,7557.675803399244
2019-11-11 07:30:00,7773.899875024152
2019-11-11 08:00:00,7301.943815880332
2019-11-11 08:30:00,7301.943815880332
2019-11-11 09:00:00,7048.00979398311
2019-11-11 09:30:00,7049.3661010276455
2019-11-11 10:00:00,7210.863538887499
2019-11-11 10:30:00,6973.541742910222
2019-11-11 11:00:00,7071.9629345214325
2019-11-11 11:30:00,7025.734777066459
2019-11-11 12:00:00,6945.128612393799
2019-11-11 12:30:00,6869.177464650359
2019-11-11 13:00:00,6943.800065219882
2019-11-11 13:30:00,6950.143916369859
2019-11-11 14:00:00,7141.3513887693325
2019-11-11 14:30:00,7187.579546224306
2019-11-11 15:00:00,7279.104716254688
2019-11-11 15:30:00,7424.237456792115
2019-11-11 16:00:00,7617.379026365865
2019-11-11 16:30:00,8003.90242942786
2019-11-11 17:00:00,8320.853687478539
2019-11-11 17:30:00,8560.084073238846
2019-11-11 18:00:00,8539.216148598809
2019-11-11 18:30:00,8594.101107974217
2019-11-11 19:00:00,8491.881538790021
2019-11-11 19:30:00,8491.881538790021
2019-11-11 20:00:00,8428.671445787255
2019-11-11 20:30:00,8255.668718113846
2019-11-11 21:00:00,8035.478148848617
2019-11-11 21:30:00,7861.410669524192
2019-11-11 22:00:00,7686.535977249992
2019-11-11 22:30:00,7686.535977249992
2019-11-11 23:00:00,7509.600154490184
2019-11-11 23:30:00,7308.120900819446
2019-11-12 00:00:00,7220.314310063031
2019-11-12 00:30:00,7053.702654730582
2019-11-12 01:00:00,6932.0986512231675
2019-11-12 01:30:00,6715.374470670989
2019-11-12 02:00:00,6398.585870277836
2019-11-12 02:30:00,6286.364839313254
2019-11-12 03:00:00,6148.908062440693
2019-11-12 03:30:00,6148.908062440693
2019-11-12 04:00:00,6181.251888470547
2019-11-12 04:30:00,6525.002592453742
2019-11-12 05:00:00,6694.9484915096955
2019-11-12 05:30:00,7214.063190319408
2019-11-12 06:00:00,7571.81451723184
2019-11-12 06:30:00,7734.1953882588095
2019-11-12 07:00:00,7885.11982160685
2019-11-12 07:30:00,7885.11982160685
2019-11-12 08:00:00,8095.335269875973
2019-11-12 08:30:00,8109.64916270472
2019-11-12 09:00:00,7923.148042155043
2019-11-12 09:30:00,7905.861045773296
2019-11-12 10:00:00,7825.15314556853
2019-11-12 10:30:00,7757.439500134914
2019-11-12 11:00:00,7630.457894065546
2019-11-12 11:30:00,7687.060593697074
2019-11-12 12:00:00,7618.696727656953
2019-11-12 12:30:00,7696.615271940571
2019-11-12 13:00:00,7718.658304509648
2019-11-12 13:30:00,7739.570699150979
2019-11-12 14:00:00,7773.111857297475
2019-11-12 14:30:00,7891.776768440249
2019-11-12 15:00:00,8056.177632046939
2019-11-12 15:30:00,8227.514721889102
2019-11-12 16:00:00,8417.427777379356
2019-11-12 16:30:00,8558.747226175907
2019-11-12 17:00:00,8656.266358414621
2019-11-12 17:30:00,8691.39973765503
2019-11-12 18:00:00,8726.537826866102
2019-11-12 18:30:00,8589.685230210644
2019-11-12 19:00:00,8603.703803306282
2019-11-12 19:30:00,8548.59641757855
2019-11-12 20:00:00,8364.868514202119
2019-11-12 20:30:00,8125.357281850046
2019-11-12 21:00:00,7878.033544622823
2019-11-12 21:30:00,7869.50960935537
2019-11-12 22:00:00,7745.1410258218475
2019-11-12 22:30:00,7684.391156134319
2019-11-12 23:00:00,7444.149283207895
2019-11-12 23:30:00,7395.888113947194
2019-11-13 00:00:00,7163.9567167481955
2019-11-13 00:30:00,6987.937889541956
2019-11-13 01:00:00,6801.228342304473
2019-11-13 01:30:00,6463.022500448845
2019-11-13 02:00:00,6276.706748320292
2019-11-13 02:30:00,6128.563464974802
2019-11-13 03:00:00,6081.818464245983
2019-11-13 03:30:00,6081.818464245983
2019-11-13 04:00:00,6128.296315517994
2019-11-13 04:30:00,6338.0725164865025
2019-11-13 05:00:00,6413.113794234777
2019-11-13 05:30:00,6831.208571976883
2019-11-13 06:00:00,7131.8845807485095
2019-11-13 06:30:00,7302.467477148941
2019-11-13 07:00:00,7943.549587622063
2019-11-13 07:30:00,7864.5054570425045
2019-11-13 08:00:00,8064.615701051072
2019-11-13 08:30:00,8004.326268086124
2019-11-13 09:00:00,7859.439728350397
2019-11-13 09:30:00,8017.624788331261
2019-11-13 10:00:00,7966.876201705615
2019-11-13 10:30:00,8028.402501460138
2019-11-13 11:00:00,8125.749506767947
2019-11-13 11:30:00,8178.024860062483
2019-11-13 12:00:00,8474.688976261265
2019-11-13 12:30:00,8210.446353155046
2019-11-13 13:00:00,8344.857204822101
2019-11-13 13:30:00,8443.23224405664
2019-11-13 14:00:00,8672.76049972352
2019-11-13 14:30:00,8869.187863848683
2019-11-13 15:00:00,9334.725748867882
2019-11-13 15:30:00,9527.696368322115
2019-11-13 16:00:00,9441.631501488435
2019-11-13 16:30:00,9661.340157724213
2019-11-13 17:00:00,9401.331963921746
2019-11-13 17:30:00,9564.966746432903
2019-11-13 18:00:00,9309.765847855122
2019-11-13 18:30:00,9671.146104055284
2019-11-13 19:00:00,9412.913840848392
2019-11-13 19:30:00,9190.695625827902
2019-11-13 20:00:00,8896.346778301404
2019-11-13 20:30:00,8475.792517610396
2019-11-13 21:00:00,8074.683814818552
2019-11-13 21:30:00,7836.751459805247
2019-11-13 22:00:00,7596.573212326588
2019-11-13 22:30:00,7514.163624174984
2019-11-13 23:00:00,7254.226444840048
2019-11-13 23:30:00,7168.5074369574795
2019-11-14 00:00:00,7092.738326550973
2019-11-14 00:30:00,6886.697711316222
2019-11-14 01:00:00,6700.738718619897
2019-11-14 01:30:00,6431.857344620238
2019-11-14 02:00:00,6268.326913115777
2019-11-14 02:30:00,6116.159638535076
2019-11-14 03:00:00,6013.789271582842
2019-11-14 03:30:00,6058.99179793022
2019-11-14 04:00:00,6105.469649202231
2019-11-14 04:30:00,6315.24585017074
2019-11-14 05:00:00,6547.405301005419
2019-11-14 05:30:00,6916.2068182717785
2019-11-14 06:00:00,7239.97816202272
2019-11-14 06:30:00,7426.7992697271275
2019-11-14 07:00:00,7836.808757269719
2019-11-14 07:30:00,7920.7229213063
2019-11-14 08:00:00,7812.574576171697
2019-11-14 08:30:00,7748.40008957941
2019-11-14 09:00:00,7455.550952219132
2019-11-14 09:30:00,7398.303193624395
2019-11-14 10:00:00,7225.462588022752
2019-11-14 10:30:00,7192.166932904326
2019-11-14 11:00:00,7171.839298629885
2019-11-14 11:30:00,7107.958339174665
2019-11-14 12:00:00,7044.485308204749
2019-11-14 12:30:00,7111.98413708342
2019-11-14 13:00:00,7145.98341399448
2019-11-14 13:30:00,7181.282319507867
2019-11-14 14:00:00,7297.6787830870735
2019-11-14 14:30:00,7276.588855450835
2019-11-14 15:00:00,7358.77613816216
2019-11-14 15:30:00,7507.004344145377
2019-11-14 16:00:00,7751.70497816042
2019-11-14 16:30:00,7880.47590677102
2019-11-14 17:00:00,8129.774884659106
2019-11-14 17:30:00,8156.760788958986
2019-11-14 18:00:00,8235.827160164046
2019-11-14 18:30:00,8226.592970210115
2019-11-14 19:00:00,8282.966769104967
2019-11-14 19:30:00,8341.366243430699
2019-11-14 20:00:00,8118.370972871959
2019-11-14 20:30:00,7936.431209922249
2019-11-14 21:00:00,7661.027544831536
2019-11-14 21:30:00,7580.329629113447
2019-11-14 22:00:00,7460.536694339885
2019-11-14 22:30:00,7426.509724320079
2019-11-14 23:00:00,7264.954871123249
2019-11-14 23:30:00,7190.746057401084
2019-11-15 00:00:00,7173.752508710953
2019-11-15 00:30:00,7030.812612821498
2019-11-15 01:00:00,6813.3393783686215
2019-11-15 01:30:00,6520.604574256707
2019-11-15 02:00:00,6248.491879620306
2019-11-15 02:30:00,6206.84735419498
2019-11-15 03:00:00,6157.8124008761215
2019-11-15 03:30:00,6157.8124008761215
2019-11-15 04:00:00,6300.912787035374
2019-11-15 04:30:00,6500.85433676755
2019-11-15 05:00:00,6738.564201317271
2019-11-15 05:30:00,7122.380996244327
2019-11-15 06:00:00,7492.5006593224325
2019-11-15 06:30:00,7682.770734687873
2019-11-15 07:00:00,7792.968251768889
2019-11-15 07:30:00,7874.264589738397
2019-11-15 08:00:00,7939.656357235058
2019-11-15 08:30:00,8103.964826850254
2019-11-15 09:00:00,7785.425203140445
2019-11-15 09:30:00,7759.166251153806
2019-11-15 10:00:00,7496.311359085316
2019-11-15 10:30:00,7432.185336865874
2019-11-15 11:00:00,7359.250522295276
2019-11-15 11:30:00,7322.905550479399
2019-11-15 12:00:00,7382.42423555775
2019-11-15 12:30:00,7372.514089123186
2019-11-15 13:00:00,7451.174122607502
2019-11-15 13:30:00,7479.216543823273
2019-11-15 14:00:00,7558.520207736042
2019-11-15 14:30:00,7564.237902605461
2019-11-15 15:00:00,7878.395696943602
2019-11-15 15:30:00,7937.381367094661
2019-11-15 16:00:00,8177.653111526086
2019-11-15 16:30:00,8306.72357465737
2019-11-15 17:00:00,8411.347285447342
2019-11-15 17:30:00,8411.347285447342
2019-11-15 18:00:00,8346.112549188088
2019-11-15 18:30:00,8267.580534422601
2019-11-15 19:00:00,8253.90834843467
2019-11-15 19:30:00,8285.71024115358
2019-11-15 20:00:00,8201.55982378016
2019-11-15 20:30:00,8039.653528238235
2019-11-15 21:00:00,7847.836073938837
2019-11-15 21:30:00,7703.314066734726
2019-11-15 22:00:00,7636.053558464792
2019-11-15 22:30:00,7605.257689275398
2019-11-15 23:00:00,7501.87979150997
2019-11-15 23:30:00,7241.1031140914165
2019-11-16 00:00:00,7061.10612466602
2019-11-16 00:30:00,6917.800822875274
2019-11-16 01:00:00,6607.87124346276
2019-11-16 01:30:00,6488.648242117592
2019-11-16 02:00:00,6229.219029660079
2019-11-16 02:30:00,6106.601829894034
2019-11-16 03:00:00,5902.143578127388
2019-11-16 03:30:00,5965.372295718549
2019-11-16 04:00:00,5932.748044638293
2019-11-16 04:30:00,6130.724674300949
2019-11-16 05:00:00,6070.600418028193
2019-11-16 05:30:00,6308.792580620378
2019-11-16 06:00:00,6479.164035699038
2019-11-16 06:30:00,6554.802006494015
2019-11-16 07:00:00,6814.284576634746
2019-11-16 07:30:00,6707.307288881429
2019-11-16 08:00:00,7046.593854285035
2019-11-16 08:30:00,7046.593854285035
2019-11-16 09:00:00,7218.4056243918
2019-11-16 09:30:00,7185.514636700539
2019-11-16 10:00:00,7122.401792837729
2019-11-16 10:30:00,7059.899559150832
2019-11-16 11:00:00,7033.098333437184
2019-11-16 11:30:00,6891.924450503966
2019-11-16 12:00:00,6853.097901669838
2019-11-16 12:30:00,6949.007820992266
2019-11-16 13:00:00,6990.445117757671
2019-11-16 13:30:00,6998.533615799684
2019-11-16 14:00:00,6999.690294756771
2019-11-16 14:30:00,7101.773053223914
2019-11-16 15:00:00,7125.674487752326
2019-11-16 15:30:00,7287.958086116379
2019-11-16 16:00:00,7396.994918334488
2019-11-16 16:30:00,7554.576498223867
2019-11-16 17:00:00,7333.631104172055
2019-11-16 17:30:00,7328.764644384017
2019-11-16 18:00:00,7342.750220607353
2019-11-16 18:30:00,7236.250921380497
2019-11-16 19:00:00,7304.08665319464
2019-11-16 19:30:00,7381.5804076482
2019-11-16 20:00:00,7005.307027916523
2019-11-16 20:30:00,6838.398288486263
2019-11-16 21:00:00,7015.875767247419
2019-11-16 21:30:00,7416.19128490444
2019-11-16 22:00:00,7325.594963122848
2019-11-16 22:30:00,7289.646694790179
2019-11-16 23:00:00,7119.107979833158
2019-11-16 23:30:00,7055.804959431569
2019-11-17 00:00:00,6721.183014760418
2019-11-17 00:30:00,6501.131895447012
2019-11-17 01:00:00,6279.085804200551
2019-11-17 01:30:00,6052.942920531775
2019-11-17 02:00:00,5953.557084895499
2019-11-17 02:30:00,5884.207645921543
2019-11-17 03:00:00,5793.594789043692
2019-11-17 03:30:00,5793.594789043692
2019-11-17 04:00:00,5795.584741031345
2019-11-17 04:30:00,5866.438510954755
2019-11-17 05:00:00,5866.354421447807
2019-11-17 05:30:00,5982.0430880645035
2019-11-17 06:00:00,6016.583038948211
2019-11-17 06:30:00,6139.055561008212
2019-11-17 07:00:00,6137.751924276718
2019-11-17 07:30:00,6222.511518587427
2019-11-17 08:00:00,6579.354526274953
2019-11-17 08:30:00,6536.619004998455
2019-11-17 09:00:00,6632.791243119224
2019-11-17 09:30:00,6667.099418157333
2019-11-17 10:00:00,6573.3194546008235
2019-11-17 10:30:00,6483.547681711079
2019-11-17 11:00:00,6514.596815952664
2019-11-17 11:30:00,6312.720641872804
2019-11-17 12:00:00,6392.906492382069
2019-11-17 12:30:00,6441.559303070342
2019-11-17 13:00:00,6448.453806327389
2019-11-17 13:30:00,6431.603350393249
2019-11-17 14:00:00,6436.184840619781
2019-11-17 14:30:00,6525.849771142934
2019-11-17 15:00:00,6779.875963173424
2019-11-17 15:30:00,6862.476441510764
2019-11-17 16:00:00,7072.039944244065
2019-11-17 16:30:00,7179.079276171863
2019-11-17 17:00:00,7433.8193092000465
2019-11-17 17:30:00,7440.1394017816865
2019-11-17 18:00:00,7604.8017397525955
2019-11-17 18:30:00,7681.229176825845
2019-11-17 19:00:00,7789.931142800646
2019-11-17 19:30:00,7789.931142800646
2019-11-17 20:00:00,7673.239124353401
2019-11-17 20:30:00,7547.09128196898
2019-11-17 21:00:00,7375.119017650332
2019-11-17 21:30:00,7275.347141163133
2019-11-17 22:00:00,7050.385276431575
2019-11-17 22:30:00,7050.385276431575
2019-11-17 23:00:00,6914.093647996906
2019-11-17 23:30:00,6676.867039786516
2019-11-18 00:00:00,6739.464968970907
2019-11-18 00:30:00,6566.487400430431
2019-11-18 01:00:00,6377.9582783205315
2019-11-18 01:30:00,6126.118916264592
2019-11-18 02:00:00,6055.064270392139
2019-11-18 02:30:00,5862.75922415471
2019-11-18 03:00:00,5834.594739037008
2019-11-18 03:30:00,5834.594739037008
2019-11-18 04:00:00,6037.80576817217
2019-11-18 04:30:00,6077.511729833487
2019-11-18 05:00:00,6593.900921294495
2019-11-18 05:30:00,6742.453028437713
2019-11-18 06:00:00,7487.406188805564
2019-11-18 06:30:00,7560.791003907186
2019-11-18 07:00:00,7937.114668439141
2019-11-18 07:30:00,8114.691921247319
2019-11-18 08:00:00,7842.926297200241
2019-11-18 08:30:00,7952.555716801213
2019-11-18 09:00:00,7493.964900610994
2019-11-18 09:30:00,7493.964900610994
2019-11-18 10:00:00,7377.931994154162
2019-11-18 10:30:00,7244.727493672508
2019-11-18 11:00:00,7168.6395459894475
2019-11-18 11:30:00,7167.997412337061
2019-11-18 12:00:00,7117.623295564333
2019-11-18 12:30:00,6985.327016233927
2019-11-18 13:00:00,7164.788972657526
2019-11-18 13:30:00,7124.196711426611
2019-11-18 14:00:00,7297.978204548949
2019-11-18 14:30:00,7439.194070046149
2019-11-18 15:00:00,7620.291761058801
2019-11-18 15:30:00,7830.767953781527
2019-11-18 16:00:00,8089.116724611279
2019-11-18 16:30:00,8275.368557147047
2019-11-18 17:00:00,8307.387152789637
2019-11-18 17:30:00,8465.421415564238
2019-11-18 18:00:00,8372.396074386728
2019-11-18 18:30:00,8439.75158049435
2019-11-18 19:00:00,8359.972432400631
2019-11-18 19:30:00,8338.35306078642
2019-11-18 20:00:00,8167.793829377518
2019-11-18 20:30:00,8080.390824134
2019-11-18 21:00:00,7924.410920318568
2019-11-18 21:30:00,7828.5338368741095
2019-11-18 22:00:00,7702.493454702662
2019-11-18 22:30:00,7597.633302567335
2019-11-18 23:00:00,7447.2447678122335
2019-11-18 23:30:00,7319.537214231612
2019-11-19 00:00:00,7257.053520124504
2019-11-19 00:30:00,7113.891933071765
2019-11-19 01:00:00,6921.482305903019
2019-11-19 01:30:00,6684.533664365962
2019-11-19 02:00:00,6376.472146882243
2019-11-19 02:30:00,6398.396937215891
2019-11-19 03:00:00,6292.300968323153
2019-11-19 03:30:00,6346.784460103959
2019-11-19 04:00:00,6391.268447225634
2019-11-19 04:30:00,6587.834582001758
2019-11-19 05:00:00,6737.831566653498
2019-11-19 05:30:00,7162.631264236239
2019-11-19 06:00:00,7508.174542822007
2019-11-19 06:30:00,7734.6156743483825
2019-11-19 07:00:00,7885.540107696423
2019-11-19 07:30:00,7953.827323481541
2019-11-19 08:00:00,8095.755555965546
2019-11-19 08:30:00,8134.564624636142
2019-11-19 09:00:00,7846.614026263281
2019-11-19 09:30:00,7847.175538458831
2019-11-19 10:00:00,7832.844085687643
2019-11-19 10:30:00,7832.965367192403
2019-11-19 11:00:00,7843.373807988643
2019-11-19 11:30:00,7815.721094227323
2019-11-19 12:00:00,7724.467932107639
2019-11-19 12:30:00,7708.289462792489
2019-11-19 13:00:00,7720.056617730258
2019-11-19 13:30:00,7740.46952540512
2019-11-19 14:00:00,7886.846343822213
2019-11-19 14:30:00,7933.058081048306
2019-11-19 15:00:00,8148.181716815736
2019-11-19 15:30:00,8249.132457043643
2019-11-19 16:00:00,8508.781229499005
2019-11-19 16:30:00,8576.957862823141
2019-11-19 17:00:00,8766.668111460864
2019-11-19 17:30:00,8747.936164994624
2019-11-19 18:00:00,8793.60940204262
2019-11-19 18:30:00,8616.976645999006
2019-11-19 19:00:00,8630.995219094644
2019-11-19 19:30:00,8549.016703668123
2019-11-19 20:00:00,8383.838934312189
2019-11-19 20:30:00,8215.428184779521
2019-11-19 21:00:00,8029.068848426659
2019-11-19 21:30:00,7912.820028781675
2019-11-19 22:00:00,7806.05592740161
2019-11-19 22:30:00,7747.017730147596
2019-11-19 23:00:00,7567.27647177069
2019-11-19 23:30:00,7434.789571555937
2019-11-20 00:00:00,7317.012891511561
2019-11-20 00:30:00,7119.308134354753
2019-11-20 01:00:00,6921.630595238645
2019-11-20 01:30:00,6654.485899839301
2019-11-20 02:00:00,6461.867302654006
2019-11-20 02:30:00,6316.391201439768
2019-11-20 03:00:00,6212.4344717718
2019-11-20 03:30:00,6212.4344717718
2019-11-20 04:00:00,6287.704811381833
2019-11-20 04:30:00,6487.646361114009
2019-11-20 05:00:00,6661.411376944055
2019-11-20 05:30:00,7072.269107118582
2019-11-20 06:00:00,7436.433111386859
2019-11-20 06:30:00,7549.982751364855
2019-11-20 07:00:00,7817.368470935833
2019-11-20 07:30:00,7894.995565488365
2019-11-20 08:00:00,8093.184156419624
2019-11-20 08:30:00,8162.040614899977
2019-11-20 09:00:00,8276.228060711885
2019-11-20 09:30:00,8381.682751626548
2019-11-20 10:00:00,8417.640541534542
2019-11-20 10:30:00,8385.261663878593
2019-11-20 11:00:00,8430.397074342336
2019-11-20 11:30:00,8544.354798612954
2019-11-20 12:00:00,8498.674071943611
2019-11-20 12:30:00,8594.555041588961
2019-11-20 13:00:00,9145.186595807592
2019-11-20 13:30:00,9304.98986997783
2019-11-20 14:00:00,9473.642538652015
2019-11-20 14:30:00,9603.915612207062
2019-11-20 15:00:00,9949.968862966554
2019-11-20 15:30:00,10198.81080090491
2019-11-20 16:00:00,10078.163786770581
2019-11-20 16:30:00,10302.501289566086
2019-11-20 17:00:00,10066.413119868708
2019-11-20 17:30:00,9867.32175198042
2019-11-20 18:00:00,9849.950325266238
2019-11-20 18:30:00,9601.307421454836
2019-11-20 19:00:00,9374.430934790003
2019-11-20 19:30:00,9239.45186179865
2019-11-20 20:00:00,9003.297875622291
2019-11-20 20:30:00,8689.935494358017
2019-11-20 21:00:00,8289.390393329846
2019-11-20 21:30:00,8131.058502722968
2019-11-20 22:00:00,7904.647232342486
2019-11-20 22:30:00,7808.745511945749
2019-11-20 23:00:00,7704.9215881866985
2019-11-20 23:30:00,7522.702667819058
2019-11-21 00:00:00,7373.925932473722
2019-11-21 00:30:00,7147.9369780564975
2019-11-21 01:00:00,6977.786481658921
2019-11-21 01:30:00,6787.764584173617
2019-11-21 02:00:00,6533.902635367663
2019-11-21 02:30:00,6380.557037658302
2019-11-21 03:00:00,6333.62398799725
2019-11-21 03:30:00,6329.72612610676
2019-11-21 04:00:00,6371.95525932176
2019-11-21 04:30:00,6592.11294254173
2019-11-21 05:00:00,6851.844774614279
2019-11-21 05:30:00,7197.106254358895
2019-11-21 06:00:00,7630.1413175960115
2019-11-21 06:30:00,7972.757667784549
2019-11-21 07:00:00,8117.085213082229
2019-11-21 07:30:00,8117.085213082229
2019-11-21 08:00:00,8177.8388950364015
2019-11-21 08:30:00,8177.8388950364015
2019-11-21 09:00:00,8148.047147373113
2019-11-21 09:30:00,8162.407883222408
2019-11-21 10:00:00,8180.294778082802
2019-11-21 10:30:00,8136.106977988521
2019-11-21 11:00:00,7919.923307340784
2019-11-21 11:30:00,7881.313877172932
2019-11-21 12:00:00,7802.071640073181
2019-11-21 12:30:00,7830.112374202994
2019-11-21 13:00:00,7902.4327490682435
2019-11-21 13:30:00,7979.078740461645
2019-11-21 14:00:00,8193.549576743551
2019-11-21 14:30:00,8300.46406564694
2019-11-21 15:00:00,8613.338557064491
2019-11-21 15:30:00,9092.804482422232
2019-11-21 16:00:00,9295.932153164797
2019-11-21 16:30:00,9404.627775485069
2019-11-21 17:00:00,9640.316524284492
2019-11-21 17:30:00,9538.273423676694
2019-11-21 18:00:00,9610.688201696115
2019-11-21 18:30:00,9334.955765506309
2019-11-21 19:00:00,9311.71748163628
2019-11-21 19:30:00,9311.71748163628
2019-11-21 20:00:00,9068.532706014883
2019-11-21 20:30:00,8603.629066685218
2019-11-21 21:00:00,8260.134663138902
2019-11-21 21:30:00,8123.932994283548
2019-11-21 22:00:00,7882.111873612551
2019-11-21 22:30:00,7788.495264845619
2019-11-21 23:00:00,7719.68881785483
2019-11-21 23:30:00,7554.859137306425
2019-11-22 00:00:00,7399.461485580239
2019-11-22 00:30:00,7237.878530930396
2019-11-22 01:00:00,7050.387440921518
2019-11-22 01:30:00,6801.43590402
2019-11-22 02:00:00,6562.561423307529
2019-11-22 02:30:00,6449.880622293884
2019-11-22 03:00:00,6419.6166670332495
2019-11-22 03:30:00,6419.6166670332495
2019-11-22 04:00:00,6431.525122081472
2019-11-22 04:30:00,6628.842183292205
2019-11-22 05:00:00,6888.555596999194
2019-11-22 05:30:00,7316.528282034982
2019-11-22 06:00:00,7612.211218778934
2019-11-22 06:30:00,7890.946194401016
2019-11-22 07:00:00,8160.875529109753
2019-11-22 07:30:00,8245.199481871698
2019-11-22 08:00:00,8271.859813353924
2019-11-22 08:30:00,8340.291127284328
2019-11-22 09:00:00,8390.173308044035
2019-11-22 09:30:00,8484.928878867724
2019-11-22 10:00:00,8673.360341074143
2019-11-22 10:30:00,8673.360341074143
2019-11-22 11:00:00,8807.172670016167
2019-11-22 11:30:00,8957.080449313065
2019-11-22 12:00:00,8984.654811616112
2019-11-22 12:30:00,9120.834113724693
2019-11-22 13:00:00,9306.771835663698
2019-11-22 13:30:00,9484.833123888267
2019-11-22 14:00:00,9666.944802905922
2019-11-22 14:30:00,9882.501433829968
2019-11-22 15:00:00,10263.906013212965
2019-11-22 15:30:00,10438.72217710166
2019-11-22 16:00:00,10595.409177957295
2019-11-22 16:30:00,10694.272251728118
2019-11-22 17:00:00,10587.83211160187
2019-11-22 17:30:00,10378.611987527043
2019-11-22 18:00:00,10108.124017911634
2019-11-22 18:30:00,9981.197040182546
2019-11-22 19:00:00,9751.080510645186
2019-11-22 19:30:00,9620.227176251401
2019-11-22 20:00:00,9336.690666921562
2019-11-22 20:30:00,9070.517987009829
2019-11-22 21:00:00,8758.597576848946
2019-11-22 21:30:00,8568.05276419533
2019-11-22 22:00:00,8378.464489838847
2019-11-22 22:30:00,8189.6136414385555
2019-11-22 23:00:00,7970.354663328746
2019-11-22 23:30:00,7766.764370600034
2019-11-23 00:00:00,7407.849594825163
2019-11-23 00:30:00,7202.0514051300315
2019-11-23 01:00:00,7037.0877777071555
2019-11-23 01:30:00,6800.281813033048
2019-11-23 02:00:00,6585.417230362518
2019-11-23 02:30:00,6462.498130810895
2019-11-23 03:00:00,6364.003819112107
2019-11-23 03:30:00,6364.003819112107
2019-11-23 04:00:00,6338.499995239167
2019-11-23 04:30:00,6583.251543079578
2019-11-23 05:00:00,6366.7944961463245
2019-11-23 05:30:00,6690.108359392719
2019-11-23 06:00:00,6797.191065223809
2019-11-23 06:30:00,6917.203062012929
2019-11-23 07:00:00,7651.957067398897
2019-11-23 07:30:00,7703.998105013907
2019-11-23 08:00:00,8075.960501816231
2019-11-23 08:30:00,8235.684550940809
2019-11-23 09:00:00,8242.805498016382
2019-11-23 09:30:00,8313.077907205015
2019-11-23 10:00:00,8222.523160713004
2019-11-23 10:30:00,8227.193241539568
2019-11-23 11:00:00,8276.23719180971
2019-11-23 11:30:00,8291.084251961865
2019-11-23 12:00:00,8208.975315451708
2019-11-23 12:30:00,8314.756503068029
2019-11-23 13:00:00,8383.724370069276
2019-11-23 13:30:00,8097.5545810795875
2019-11-23 14:00:00,8201.56255208669
2019-11-23 14:30:00,8099.723296152964
2019-11-23 15:00:00,8174.602462497569
2019-11-23 15:30:00,8272.178967199086
2019-11-23 16:00:00,8200.336892476984
2019-11-23 16:30:00,8256.828345136337
2019-11-23 17:00:00,8296.558792411211
2019-11-23 17:30:00,8190.126238526657
2019-11-23 18:00:00,8249.070254126937
2019-11-23 18:30:00,8136.750689501202
2019-11-23 19:00:00,8110.3944503886605
2019-11-23 19:30:00,7957.340474804616
2019-11-23 20:00:00,7747.9576392263525
2019-11-23 20:30:00,7690.824524745743
2019-11-23 21:00:00,7508.836604171689
2019-11-23 21:30:00,7461.965349611204
2019-11-23 22:00:00,7366.071871358626
2019-11-23 22:30:00,7360.044297082084
2019-11-23 23:00:00,7294.26420341507
2019-11-23 23:30:00,7217.836766341821
2019-11-24 00:00:00,6959.339273252202
2019-11-24 00:30:00,6808.8505909928235
2019-11-24 01:00:00,6570.151458389708
2019-11-24 01:30:00,6285.176499350535
2019-11-24 02:00:00,6175.870738829224
2019-11-24 02:30:00,6041.345447801215
2019-11-24 03:00:00,5957.714931284154
2019-11-24 03:30:00,5929.40062904831
2019-11-24 04:00:00,5923.240893199796
2019-11-24 04:30:00,5996.7607840195715
2019-11-24 05:00:00,6030.619343172803
2019-11-24 05:30:00,6166.926501677695
2019-11-24 06:00:00,6222.187866001104
2019-11-24 06:30:00,6397.875184464749
2019-11-24 07:00:00,6548.641336739549
2019-11-24 07:30:00,6734.794441781121
2019-11-24 08:00:00,6935.23592079286
2019-11-24 08:30:00,6929.414873873428
2019-11-24 09:00:00,7057.050596666325
2019-11-24 09:30:00,6966.698050927571
2019-11-24 10:00:00,7105.700086109253
2019-11-24 10:30:00,7027.85258625803
2019-11-24 11:00:00,7076.71428198826
2019-11-24 11:30:00,6849.066184955038
2019-11-24 12:00:00,6813.72200908083
2019-11-24 12:30:00,6712.441958378928
2019-11-24 13:00:00,6779.627757045481
2019-11-24 13:30:00,6878.951673491125
2019-11-24 14:00:00,6956.305617373049
2019-11-24 14:30:00,7046.498645983814
2019-11-24 15:00:00,7160.016614512878
2019-11-24 15:30:00,7321.2273257135175
2019-11-24 16:00:00,7491.764304104093
2019-11-24 16:30:00,7644.244773559446
2019-11-24 17:00:00,7858.982491087986
2019-11-24 17:30:00,7903.417692526761
2019-11-24 18:00:00,7935.833275880016
2019-11-24 18:30:00,7899.251775887969
2019-11-24 19:00:00,7955.284620015814
2019-11-24 19:30:00,7942.190400407941
2019-11-24 20:00:00,7702.549015625634
2019-11-24 20:30:00,7711.310911499514
2019-11-24 21:00:00,7459.406477049222
2019-11-24 21:30:00,7350.913870520956
2019-11-24 22:00:00,7152.926717658935
2019-11-24 22:30:00,7073.736116273559
2019-11-24 23:00:00,6845.99926769234
2019-11-24 23:30:00,6695.180660292917
2019-11-25 00:00:00,6855.433033847335
2019-11-25 00:30:00,6778.4240302580865
2019-11-25 01:00:00,6560.296187456906
2019-11-25 01:30:00,6338.151454747473
2019-11-25 02:00:00,6186.329185706433
2019-11-25 02:30:00,6103.824878208579
2019-11-25 03:00:00,5980.05553243939
2019-11-25 03:30:00,5980.05553243939
2019-11-25 04:00:00,6165.071804172437
2019-11-25 04:30:00,6326.127044307899
2019-11-25 05:00:00,6762.319075578214
2019-11-25 05:30:00,6837.909645107878
2019-11-25 06:00:00,7580.99161646624
2019-11-25 06:30:00,7771.484513872931
2019-11-25 07:00:00,8076.599980807738
2019-11-25 07:30:00,8352.665663821088
2019-11-25 08:00:00,8162.29897662465
2019-11-25 08:30:00,8304.672962794362
2019-11-25 09:00:00,8091.235577569975
2019-11-25 09:30:00,8117.261261084079
2019-11-25 10:00:00,7932.568888774327
2019-11-25 10:30:00,7910.833188315777
2019-11-25 11:00:00,7849.471654752559
2019-11-25 11:30:00,7729.211725927872
2019-11-25 12:00:00,7776.261273578993
2019-11-25 12:30:00,7801.880360197352
2019-11-25 13:00:00,7843.809623351337
2019-11-25 13:30:00,7859.792591517864
2019-11-25 14:00:00,8061.1142404818265
2019-11-25 14:30:00,8214.481370536552
2019-11-25 15:00:00,8329.645483403427
2019-11-25 15:30:00,8478.394157989198
2019-11-25 16:00:00,8578.853654705385
2019-11-25 16:30:00,8713.581236178594
2019-11-25 17:00:00,8845.980143399942
2019-11-25 17:30:00,9110.197648097863
2019-11-25 18:00:00,9104.250334853252
2019-11-25 18:30:00,9013.92092389437
2019-11-25 19:00:00,8817.474664217161
2019-11-25 19:30:00,8817.474664217161
2019-11-25 20:00:00,8701.717060663132
2019-11-25 20:30:00,8440.137028075003
2019-11-25 21:00:00,8335.489666148182
2019-11-25 21:30:00,8229.842444582395
2019-11-25 22:00:00,8041.6147776017515
2019-11-25 22:30:00,7957.618239416229
2019-11-25 23:00:00,7898.77893034666
2019-11-25 23:30:00,7707.0877359354845
2019-11-26 00:00:00,7381.54301691101
2019-11-26 00:30:00,7296.135355377632
2019-11-26 01:00:00,7045.910178774976
2019-11-26 01:30:00,6829.928175522984
2019-11-26 02:00:00,6437.101304374596
2019-11-26 02:30:00,6470.022655234301
2019-11-26 03:00:00,6366.763021306267
2019-11-26 03:30:00,6324.314714882177
2019-11-26 04:00:00,6361.192625031856
2019-11-26 04:30:00,6601.827194471078
2019-11-26 05:00:00,6734.785138669603
2019-11-26 05:30:00,7152.089796089423
2019-11-26 06:00:00,7508.8101639343895
2019-11-26 06:30:00,7718.101077455918
2019-11-26 07:00:00,7893.3965064513195
2019-11-26 07:30:00,7975.4969497924085
2019-11-26 08:00:00,8030.706078913977
2019-11-26 08:30:00,8026.462846815404
2019-11-26 09:00:00,8074.3630799930825
2019-11-26 09:30:00,8008.2424525685365
2019-11-26 10:00:00,8012.881784107263
2019-11-26 10:30:00,7979.176562169645
2019-11-26 11:00:00,7955.847698187153
2019-11-26 11:30:00,7881.348358678341
2019-11-26 12:00:00,8043.840572612093
2019-11-26 12:30:00,8213.202354919786
2019-11-26 13:00:00,8371.933637966762
2019-11-26 13:30:00,8622.120316603014
2019-11-26 14:00:00,8980.151530498437
2019-11-26 14:30:00,9009.279068333117
2019-11-26 15:00:00,9264.940064414826
2019-11-26 15:30:00,9330.948836164855
2019-11-26 16:00:00,9292.08046613128
2019-11-26 16:30:00,9292.08046613128
2019-11-26 17:00:00,9262.691909036126
2019-11-26 17:30:00,9109.392745249623
2019-11-26 18:00:00,8952.033978366975
2019-11-26 18:30:00,8999.659672126782
2019-11-26 19:00:00,8907.810390638659
2019-11-26 19:30:00,8907.605217469267
2019-11-26 20:00:00,8667.089462206794
2019-11-26 20:30:00,8437.678952712056
2019-11-26 21:00:00,8216.53936746472
2019-11-26 21:30:00,8098.585978016293
2019-11-26 22:00:00,7954.8444074234385
2019-11-26 22:30:00,7911.066561778928
2019-11-26 23:00:00,7688.721530382729
2019-11-26 23:30:00,7592.947789633276
2019-11-27 00:00:00,7410.468043830985
2019-11-27 00:30:00,7165.357577599649
2019-11-27 01:00:00,6945.054837561634
2019-11-27 01:30:00,6708.043182044939
2019-11-27 02:00:00,6435.746444316058
2019-11-27 02:30:00,6245.132623159101
2019-11-27 03:00:00,6223.096216135376
2019-11-27 03:30:00,6223.096216135376
2019-11-27 04:00:00,6231.135002684063
2019-11-27 04:30:00,6460.512402302458
2019-11-27 05:00:00,6668.2285801115095
2019-11-27 05:30:00,7034.278273357494
2019-11-27 06:00:00,7431.372787156847
2019-11-27 06:30:00,7791.5930455189
2019-11-27 07:00:00,8056.387939094303
2019-11-27 07:30:00,8069.293034016773
2019-11-27 08:00:00,8078.779955678933
2019-11-27 08:30:00,8159.264419938364
2019-11-27 09:00:00,8219.2933213286
2019-11-27 09:30:00,8141.391281186688
2019-11-27 10:00:00,8153.109436288802
2019-11-27 10:30:00,8279.659665154646
2019-11-27 11:00:00,8082.460151576802
2019-11-27 11:30:00,8405.925244352295
2019-11-27 12:00:00,8821.272473890687
2019-11-27 12:30:00,8616.61651716391
2019-11-27 13:00:00,8361.996679146903
2019-11-27 13:30:00,8516.645672873161
2019-11-27 14:00:00,8438.429897870132
2019-11-27 14:30:00,8545.55539378859
2019-11-27 15:00:00,8557.973536803354
2019-11-27 15:30:00,8708.60134970831
2019-11-27 16:00:00,8795.239160592137
2019-11-27 16:30:00,8786.977987755357
2019-11-27 17:00:00,8906.272412367493
2019-11-27 17:30:00,8725.003959809877
2019-11-27 18:00:00,8774.287006082648
2019-11-27 18:30:00,8813.230413615396
2019-11-27 19:00:00,8660.049241876372
2019-11-27 19:30:00,8675.08817924563
2019-11-27 20:00:00,8432.653721501532
2019-11-27 20:30:00,8218.550182812658
2019-11-27 21:00:00,7890.405226978548
2019-11-27 21:30:00,7788.6745408206
2019-11-27 22:00:00,7617.925901531524
2019-11-27 22:30:00,7537.227985813435
2019-11-27 23:00:00,7333.702897070767
2019-11-27 23:30:00,7174.4393265914
2019-11-28 00:00:00,7165.469575823829
2019-11-28 00:30:00,7058.484246105092
2019-11-28 01:00:00,6883.21265652857
2019-11-28 01:30:00,6671.757022866368
2019-11-28 02:00:00,6426.947420912194
2019-11-28 02:30:00,6334.02479080784
2019-11-28 03:00:00,6297.770533605875
2019-11-28 03:30:00,6308.543860132978
2019-11-28 04:00:00,6368.678733017583
2019-11-28 04:30:00,6568.620282749759
2019-11-28 05:00:00,6800.227769975338
2019-11-28 05:30:00,7258.155736631942
2019-11-28 06:00:00,7582.0254003822065
2019-11-28 06:30:00,7701.735959838708
2019-11-28 07:00:00,7877.363434702548
2019-11-28 07:30:00,7978.88260021753
2019-11-28 08:00:00,8023.101859998372
2019-11-28 08:30:00,8086.087413313841
2019-11-28 09:00:00,7772.843513883373
2019-11-28 09:30:00,7727.712454023122
2019-11-28 10:00:00,7571.7076195117015
2019-11-28 10:30:00,7509.936393351124
2019-11-28 11:00:00,7375.65985560919
2019-11-28 11:30:00,7411.087609011458
2019-11-28 12:00:00,7424.698260886685
2019-11-28 12:30:00,7443.784938127962
2019-11-28 13:00:00,7572.472373386676
2019-11-28 13:30:00,7641.786747329869
2019-11-28 14:00:00,7708.439778256135
2019-11-28 14:30:00,7696.878558933736
2019-11-28 15:00:00,7896.752847401168
2019-11-28 15:30:00,8061.582527949573
2019-11-28 16:00:00,8254.740074554747
2019-11-28 16:30:00,8419.579674048113
2019-11-28 17:00:00,8633.927898968926
2019-11-28 17:30:00,8896.880867622769
2019-11-28 18:00:00,8871.718188871077
2019-11-28 18:30:00,8837.459354330655
2019-11-28 19:00:00,8589.96322817022
2019-11-28 19:30:00,8867.497563966685
2019-11-28 20:00:00,8468.555321005126
2019-11-28 20:30:00,8310.22343039824
2019-11-28 21:00:00,8020.450504175025
2019-11-28 21:30:00,7893.60194567823
2019-11-28 22:00:00,7732.367053807242
2019-11-28 22:30:00,7646.5630885143
2019-11-28 23:00:00,7505.235758535529
2019-11-28 23:30:00,7468.252069658145
2019-11-29 00:00:00,7194.683445955168
2019-11-29 00:30:00,7021.547964792979
2019-11-29 01:00:00,6847.6861856789765
2019-11-29 01:30:00,6566.107028107741
2019-11-29 02:00:00,6297.585699252836
2019-11-29 02:30:00,6209.822005999944
2019-11-29 03:00:00,6122.035684277443
2019-11-29 03:30:00,6122.035684277443
2019-11-29 04:00:00,6184.163396095976
2019-11-29 04:30:00,6383.798449719158
2019-11-29 05:00:00,6585.685056989913
2019-11-29 05:30:00,6998.3692708395165
2019-11-29 06:00:00,7309.565483829804
2019-11-29 06:30:00,7576.434502180256
2019-11-29 07:00:00,7748.6675999027575
2019-11-29 07:30:00,7821.319264613808
2019-11-29 08:00:00,7927.698420100849
2019-11-29 08:30:00,7940.100318877411
2019-11-29 09:00:00,7786.441814440725
2019-11-29 09:30:00,7895.2249707797755
2019-11-29 10:00:00,7905.160315648431
2019-11-29 10:30:00,7859.826872312048
2019-11-29 11:00:00,7919.51528554379
2019-11-29 11:30:00,7969.343614376403
2019-11-29 12:00:00,7937.4261942498415
2019-11-29 12:30:00,8067.023907412794
2019-11-29 13:00:00,8143.050850862952
2019-11-29 13:30:00,8228.718128922237
2019-11-29 14:00:00,8345.308103814348
2019-11-29 14:30:00,8476.94292865273
2019-11-29 15:00:00,8651.398096933237
2019-11-29 15:30:00,8823.70033977934
2019-11-29 16:00:00,9104.952831710594
2019-11-29 16:30:00,9296.030285491823
2019-11-29 17:00:00,9328.260660686785
2019-11-29 17:30:00,9328.260660686785
2019-11-29 18:00:00,9142.146016963654
2019-11-29 18:30:00,8968.918162175485
2019-11-29 19:00:00,8722.845827863408
2019-11-29 19:30:00,8598.141278658071
2019-11-29 20:00:00,8489.350695873782
2019-11-29 20:30:00,8256.63030549338
2019-11-29 21:00:00,8094.6855633876385
2019-11-29 21:30:00,7995.908232119606
2019-11-29 22:00:00,7898.510396993419
2019-11-29 22:30:00,7772.512800296464
2019-11-29 23:00:00,7669.460054362375
2019-11-29 23:30:00,7579.6259879189665
2019-11-30 00:00:00,7211.889246762159
2019-11-30 00:30:00,7072.540296054135
2019-11-30 01:00:00,6866.044161649237
2019-11-30 01:30:00,6588.424095191515
2019-11-30 02:00:00,6408.922522459675
2019-11-30 02:30:00,6271.846858044294
2019-11-30 03:00:00,6183.553959998071
2019-11-30 03:30:00,6225.093186997704
2019-11-30 04:00:00,6221.960908021865
2019-11-30 04:30:00,6391.268574252734
2019-11-30 05:00:00,6235.899526058119
2019-11-30 05:30:00,6506.095809980526
2019-11-30 06:00:00,6634.195071204453
2019-11-30 06:30:00,6782.8674265443315
2019-11-30 07:00:00,7012.993652260203
2019-11-30 07:30:00,7117.159021878981
2019-11-30 08:00:00,7454.623751633047
2019-11-30 08:30:00,7501.725001345831
2019-11-30 09:00:00,7429.145576482607
2019-11-30 09:30:00,7388.418486143141
2019-11-30 10:00:00,7382.109487304871
2019-11-30 10:30:00,7361.414592161921
2019-11-30 11:00:00,7247.21796418906
2019-11-30 11:30:00,7247.21796418906
2019-11-30 12:00:00,7189.335343174443
2019-11-30 12:30:00,7179.035676612476
2019-11-30 13:00:00,7345.605248976443
2019-11-30 13:30:00,7369.027261724435
2019-11-30 14:00:00,7706.052814135677
2019-11-30 14:30:00,7848.376736314454
2019-11-30 15:00:00,7984.621909795314
2019-11-30 15:30:00,8187.243753229415
2019-11-30 16:00:00,8412.122523098258
2019-11-30 16:30:00,8595.502695300283
2019-11-30 17:00:00,8654.105081392376
2019-11-30 17:30:00,8579.900270972863
2019-11-30 18:00:00,8589.624421901806
2019-11-30 18:30:00,8403.821709030706
2019-11-30 19:00:00,8267.161491183831
2019-11-30 19:30:00,8253.511616794845
2019-11-30 20:00:00,8139.581005390263
2019-11-30 20:30:00,8043.822928944131
2019-11-30 21:00:00,7830.6904062276835
2019-11-30 21:30:00,7712.20753848751
2019-11-30 22:00:00,7449.974169489437
2019-11-30 22:30:00,7463.806311617206
2019-11-30 23:00:00,7381.9028403514385
2019-11-30 23:30:00,7281.992115037537
2019-12-01 00:00:00,7054.9150940458485
2019-12-01 00:30:00,6838.522618046283
2019-12-01 01:00:00,6527.3288234342
2019-12-01 01:30:00,6286.259403004594
2019-12-01 02:00:00,6160.857573012445
2019-12-01 02:30:00,6029.884915795851
2019-12-01 03:00:00,5945.250675556857
2019-12-01 03:30:00,5866.495699392998
2019-12-01 04:00:00,5924.72019773746
2019-12-01 04:30:00,5973.461679239211
2019-12-01 05:00:00,5980.2770708668795
2019-12-01 05:30:00,6089.193894207042
2019-12-01 06:00:00,6209.82003491365
2019-12-01 06:30:00,6386.271490216355
2019-12-01 07:00:00,6471.322745835308
2019-12-01 07:30:00,6716.422107996265
2019-12-01 08:00:00,6978.293588770685
2019-12-01 08:30:00,7148.654919854244
2019-12-01 09:00:00,7189.329214547084
2019-12-01 09:30:00,7109.677775383853
2019-12-01 10:00:00,7067.738819134832
2019-12-01 10:30:00,7300.945318969613
2019-12-01 11:00:00,7224.98318934351
2019-12-01 11:30:00,7125.491290404249
2019-12-01 12:00:00,7084.326210536448
2019-12-01 12:30:00,7066.500567256514
2019-12-01 13:00:00,7099.54620212787
2019-12-01 13:30:00,7091.110289963375
2019-12-01 14:00:00,7037.896090649878
2019-12-01 14:30:00,6926.719037298103
2019-12-01 15:00:00,6962.24797603386
2019-12-01 15:30:00,7052.148072121491
2019-12-01 16:00:00,7305.420317622004
2019-12-01 16:30:00,7315.87903111782
2019-12-01 17:00:00,7545.751437240032
2019-12-01 17:30:00,7583.584827614144
2019-12-01 18:00:00,7604.929133900946
2019-12-01 18:30:00,7564.586556482818
2019-12-01 19:00:00,7674.900198019026
2019-12-01 19:30:00,7801.4885033288365
2019-12-01 20:00:00,7803.98536914927
2019-12-01 20:30:00,7716.803309755888
2019-12-01 21:00:00,7468.927178662333
2019-12-01 21:30:00,7442.69339777332
2019-12-01 22:00:00,7117.272747360941
2019-12-01 22:30:00,7078.011735272098
2019-12-01 23:00:00,6864.148827613341
2019-12-01 23:30:00,6756.319920923112
2019-12-02 00:00:00,6768.085674656525
2019-12-02 00:30:00,6633.764239830073
2019-12-02 01:00:00,6472.087982477818
2019-12-02 01:30:00,6194.133853764016
2019-12-02 02:00:00,6010.838413759603
2019-12-02 02:30:00,5924.904294643313
2019-12-02 03:00:00,5942.451528021159
2019-12-02 03:30:00,5942.451528021159
2019-12-02 04:00:00,6070.325470901178
2019-12-02 04:30:00,6164.076878971821
2019-12-02 05:00:00,6706.170119437518
2019-12-02 05:30:00,6745.600324480986
2019-12-02 06:00:00,7476.211321727154
2019-12-02 06:30:00,7640.511722351371
2019-12-02 07:00:00,8051.691473477353
2019-12-02 07:30:00,8170.657739786557
2019-12-02 08:00:00,7745.017809295448
2019-12-02 08:30:00,7763.584459705892
2019-12-02 09:00:00,7556.252830627878
2019-12-02 09:30:00,7389.752421968352
2019-12-02 10:00:00,7408.902002304189
2019-12-02 10:30:00,7350.230942388729
2019-12-02 11:00:00,7275.98426741803
2019-12-02 11:30:00,7347.575810587373
2019-12-02 12:00:00,7258.852498521932
2019-12-02 12:30:00,7117.368366788377
2019-12-02 13:00:00,7177.703533852818
2019-12-02 13:30:00,7241.376515630835
2019-12-02 14:00:00,7391.815575364636
2019-12-02 14:30:00,7557.850016458334
2019-12-02 15:00:00,7742.368146752518
2019-12-02 15:30:00,8171.70171829163
2019-12-02 16:00:00,8544.758102365975
2019-12-02 16:30:00,8789.983865777573
2019-12-02 17:00:00,8802.213892220865
2019-12-02 17:30:00,8952.379841363385
2019-12-02 18:00:00,8822.380585177636
2019-12-02 18:30:00,8789.367553283859
2019-12-02 19:00:00,8592.92129360665
2019-12-02 19:30:00,8672.11948396987
2019-12-02 20:00:00,8475.85630520574
2019-12-02 20:30:00,8449.247402146806
2019-12-02 21:00:00,8168.3723504035015
2019-12-02 21:30:00,8007.328476782218
2019-12-02 22:00:00,7770.653018959527
2019-12-02 22:30:00,7709.455872450466
2019-12-02 23:00:00,7447.946056954767
2019-12-02 23:30:00,7265.462313902571
2019-12-03 00:00:00,7019.151814956634
2019-12-03 00:30:00,6895.0851948646305
2019-12-03 01:00:00,6659.755742471487
2019-12-03 01:30:00,6431.642260984931
2019-12-03 02:00:00,6110.424634199622
2019-12-03 02:30:00,6155.148876957951
2019-12-03 03:00:00,6009.00439451681
2019-12-03 03:30:00,6009.00439451681
2019-12-03 04:00:00,6048.885927603014
2019-12-03 04:30:00,6307.498187157155
2019-12-03 05:00:00,6462.825582737026
2019-12-03 05:30:00,6922.596765966251
2019-12-03 06:00:00,7468.331268540642
2019-12-03 06:30:00,7663.414302900486
2019-12-03 07:00:00,7989.927229664852
2019-12-03 07:30:00,7996.187463259997
2019-12-03 08:00:00,8134.7098197999685
2019-12-03 08:30:00,8123.912248518534
2019-12-03 09:00:00,7902.919624522976
2019-12-03 09:30:00,7876.6872866982
2019-12-03 10:00:00,7977.561819311489
2019-12-03 10:30:00,7884.75329883316
2019-12-03 11:00:00,7855.016357272702
2019-12-03 11:30:00,7914.358587829219
2019-12-03 12:00:00,7672.667440983227
2019-12-03 12:30:00,7637.471340537861
2019-12-03 13:00:00,7684.008966790082
2019-12-03 13:30:00,7669.558058759632
2019-12-03 14:00:00,7693.749634707576
2019-12-03 14:30:00,7688.243213558633
2019-12-03 15:00:00,7728.484045909019
2019-12-03 15:30:00,7755.679605643287
2019-12-03 16:00:00,8003.71061970728
2019-12-03 16:30:00,8090.355372165549
2019-12-03 17:00:00,8182.68771739415
2019-12-03 17:30:00,8219.49744681149
2019-12-03 18:00:00,8271.8592952931
2019-12-03 18:30:00,8271.8592952931
2019-12-03 19:00:00,8294.850903178141
2019-12-03 19:30:00,8294.850903178141
2019-12-03 20:00:00,8150.955122930836
2019-12-03 20:30:00,8048.697209085903
2019-12-03 21:00:00,7811.641021993146
2019-12-03 21:30:00,7810.18460375697
2019-12-03 22:00:00,7703.4376183562335
2019-12-03 22:30:00,7606.209799146134
2019-12-03 23:00:00,7457.318862534539
2019-12-03 23:30:00,7354.425008884154
2019-12-04 00:00:00,7054.609532700394
2019-12-04 00:30:00,6949.652411879966
2019-12-04 01:00:00,6772.063449036782
2019-12-04 01:30:00,6493.283123641849
2019-12-04 02:00:00,6231.066225671727
2019-12-04 02:30:00,6156.981878698765
2019-12-04 03:00:00,6040.567910571113
2019-12-04 03:30:00,6053.071043563357
2019-12-04 04:00:00,6129.129882186978
2019-12-04 04:30:00,6291.286532252674
2019-12-04 05:00:00,6497.618556009567
2019-12-04 05:30:00,6911.639519871287
2019-12-04 06:00:00,7212.935992978933
2019-12-04 06:30:00,7489.0729783736315
2019-12-04 07:00:00,7868.866633691939
2019-12-04 07:30:00,8001.901795948599
2019-12-04 08:00:00,7735.211722872613
2019-12-04 08:30:00,7695.628672276811
2019-12-04 09:00:00,7443.37878026746
2019-12-04 09:30:00,7406.3635147658115
2019-12-04 10:00:00,7371.827068224361
2019-12-04 10:30:00,7370.559218511827
2019-12-04 11:00:00,7307.209346666185
2019-12-04 11:30:00,7395.244621496655
2019-12-04 12:00:00,7406.712986866765
2019-12-04 12:30:00,7473.208083353399
2019-12-04 13:00:00,7578.032947210331
2019-12-04 13:30:00,7674.185824546234
2019-12-04 14:00:00,7706.072144849066
2019-12-04 14:30:00,7966.572965894029
2019-12-04 15:00:00,8024.812538409067
2019-12-04 15:30:00,8271.916063517447
2019-12-04 16:00:00,8432.365509984998
2019-12-04 16:30:00,8603.47977302987
2019-12-04 17:00:00,8730.70913442602
2019-12-04 17:30:00,8705.089102213755
2019-12-04 18:00:00,8407.237140595496
2019-12-04 18:30:00,8390.923868620659
2019-12-04 19:00:00,8192.929096280688
2019-12-04 19:30:00,8444.950952099713
2019-12-04 20:00:00,8408.0346925602
2019-12-04 20:30:00,8340.659224143843
2019-12-04 21:00:00,8002.202527180819
2019-12-04 21:30:00,7841.705912046366
2019-12-04 22:00:00,7700.726393067862
2019-12-04 22:30:00,7627.902305789914
2019-12-04 23:00:00,7448.586136197362
2019-12-04 23:30:00,7233.07567354779
2019-12-05 00:00:00,7171.425489809836
2019-12-05 00:30:00,6998.660023187832
2019-12-05 01:00:00,6778.0331480530685
2019-12-05 01:30:00,6509.15177405341
2019-12-05 02:00:00,6323.056763936152
2019-12-05 02:30:00,6203.500130648677
2019-12-05 03:00:00,6139.112870542074
2019-12-05 03:30:00,6135.088879306863
2019-12-05 04:00:00,6226.047034426132
2019-12-05 04:30:00,6389.145902462574
2019-12-05 05:00:00,6583.243916784109
2019-12-05 05:30:00,6886.038815022617
2019-12-05 06:00:00,7271.883368459876
2019-12-05 06:30:00,7508.891186326114
2019-12-05 07:00:00,7812.911585755701
2019-12-05 07:30:00,7804.77136446757
2019-12-05 08:00:00,8120.822348696935
2019-12-05 08:30:00,8119.425408414485
2019-12-05 09:00:00,7743.397904451788
2019-12-05 09:30:00,7699.001191261248
2019-12-05 10:00:00,7860.561592748293
2019-12-05 10:30:00,7726.02517687747
2019-12-05 11:00:00,7815.751138695271
2019-12-05 11:30:00,7775.36228511943
2019-12-05 12:00:00,7630.731290571369
2019-12-05 12:30:00,7721.805155709087
2019-12-05 13:00:00,7783.507264786193
2019-12-05 13:30:00,7862.590715962585
2019-12-05 14:00:00,8042.514320440456
2019-12-05 14:30:00,8198.491615936526
2019-12-05 15:00:00,8459.979640077398
2019-12-05 15:30:00,8623.011334440975
2019-12-05 16:00:00,8942.179805612173
2019-12-05 16:30:00,8994.219878363036
2019-12-05 17:00:00,9130.892176004378
2019-12-05 17:30:00,9032.533418955343
2019-12-05 18:00:00,8932.773144654899
2019-12-05 18:30:00,8830.963239696257
2019-12-05 19:00:00,8772.19778203634
2019-12-05 19:30:00,8720.525698533464
2019-12-05 20:00:00,8547.268831629772
2019-12-05 20:30:00,8398.22737830774
2019-12-05 21:00:00,8084.3617078200405
2019-12-05 21:30:00,7942.849827967571
2019-12-05 22:00:00,7699.525503287824
2019-12-05 22:30:00,7640.4873060338105
2019-12-05 23:00:00,7506.3135390789885
2019-12-05 23:30:00,7254.092440282731
2019-12-06 00:00:00,7171.866742743274
2019-12-06 00:30:00,7064.077412209939
2019-12-06 01:00:00,6867.478319554842
2019-12-06 01:30:00,6610.551648148927
2019-12-06 02:00:00,6349.956283822446
2019-12-06 02:30:00,6291.793229760791
2019-12-06 03:00:00,6225.028820858102
2019-12-06 03:30:00,6225.028820858102
2019-12-06 04:00:00,6309.580690477881
2019-12-06 04:30:00,6428.243069760344
2019-12-06 05:00:00,6550.317107917324
2019-12-06 05:30:00,6947.406716096658
2019-12-06 06:00:00,7191.355041201013
2019-12-06 06:30:00,7454.36750701457
2019-12-06 07:00:00,7905.529701398308
2019-12-06 07:30:00,8011.642439111203
2019-12-06 08:00:00,8175.879584640816
2019-12-06 08:30:00,8195.262571979443
2019-12-06 09:00:00,7971.2384461183465
2019-12-06 09:30:00,7971.2384461183465
2019-12-06 10:00:00,8028.621308777751
2019-12-06 10:30:00,8075.590668575982
2019-12-06 11:00:00,8199.643693762502
2019-12-06 11:30:00,8205.102571117408
2019-12-06 12:00:00,8060.574347573121
2019-12-06 12:30:00,8002.081066810463
2019-12-06 13:00:00,8079.78585190397
2019-12-06 13:30:00,8386.867565935467
2019-12-06 14:00:00,8533.975170697438
2019-12-06 14:30:00,8788.772371383126
2019-12-06 15:00:00,8833.603816938003
2019-12-06 15:30:00,8855.191120474543
2019-12-06 16:00:00,8562.737447726613
2019-12-06 16:30:00,8725.306549586267
2019-12-06 17:00:00,8723.010479441282
2019-12-06 17:30:00,8915.602894225822
2019-12-06 18:00:00,8734.460612395887
2019-12-06 18:30:00,8854.759503876718
2019-12-06 19:00:00,8675.367402240525
2019-12-06 19:30:00,8694.771629994319
2019-12-06 20:00:00,8731.572555908204
2019-12-06 20:30:00,8744.290711989157
2019-12-06 21:00:00,8304.038699547356
2019-12-06 21:30:00,8191.790572598355
2019-12-06 22:00:00,8266.108254358975
2019-12-06 22:30:00,8048.032073792907
2019-12-06 23:00:00,7754.7622908323565
2019-12-06 23:30:00,7617.015550146664
2019-12-07 00:00:00,7246.895580450239
2019-12-07 00:30:00,7106.925814878958
2019-12-07 01:00:00,6842.444143469455
2019-12-07 01:30:00,6608.397439264762
2019-12-07 02:00:00,6359.110515318986
2019-12-07 02:30:00,6200.293467710248
2019-12-07 03:00:00,6121.185878963167
2019-12-07 03:30:00,6209.973413029997
2019-12-07 04:00:00,6177.843715312905
2019-12-07 04:30:00,6335.61185639944
2019-12-07 05:00:00,6160.336694297824
2019-12-07 05:30:00,6442.647821942244
2019-12-07 06:00:00,6546.993743622993
2019-12-07 06:30:00,6666.589105625563
2019-12-07 07:00:00,6926.450587167503
2019-12-07 07:30:00,6935.468120168601
2019-12-07 08:00:00,7335.956734029217
2019-12-07 08:30:00,7359.251775440913
2019-12-07 09:00:00,7452.626330998569
2019-12-07 09:30:00,7458.377408698435
2019-12-07 10:00:00,7538.44270834323
2019-12-07 10:30:00,7533.4662170835245
2019-12-07 11:00:00,7545.888819635792
2019-12-07 11:30:00,7541.075692238307
2019-12-07 12:00:00,7532.741426841229
2019-12-07 12:30:00,7642.582372855754
2019-12-07 13:00:00,7736.385336434767
2019-12-07 13:30:00,7696.972895446949
2019-12-07 14:00:00,7796.639962736065
2019-12-07 14:30:00,7884.437264111145
2019-12-07 15:00:00,7871.112807754602
2019-12-07 15:30:00,8216.68991394078
2019-12-07 16:00:00,8437.00784235007
2019-12-07 16:30:00,8553.076944980303
2019-12-07 17:00:00,8714.819820765884
2019-12-07 17:30:00,8519.695925458253
2019-12-07 18:00:00,8566.113126802587
2019-12-07 18:30:00,8395.786007279325
2019-12-07 19:00:00,8269.945292780463
2019-12-07 19:30:00,8186.5500924687
2019-12-07 20:00:00,8019.863912056042
2019-12-07 20:30:00,7768.176478814993
2019-12-07 21:00:00,7589.299786696789
2019-12-07 21:30:00,7511.157783140637
2019-12-07 22:00:00,7404.888472402292
2019-12-07 22:30:00,7414.7965253056145
2019-12-07 23:00:00,7339.108378735278
2019-12-07 23:30:00,7170.850941947306
2019-12-08 00:00:00,6953.29266717684
2019-12-08 00:30:00,6689.635516533835
2019-12-08 01:00:00,6419.142459389168
2019-12-08 01:30:00,6237.695682955577
2019-12-08 02:00:00,6078.1881778319
2019-12-08 02:30:00,5997.457956093641
2019-12-08 03:00:00,5903.1927599944165
2019-12-08 03:30:00,5888.901814557232
2019-12-08 04:00:00,5909.123834980744
2019-12-08 04:30:00,5973.796910549046
2019-12-08 05:00:00,5970.8174703430595
2019-12-08 05:30:00,6047.649830190829
2019-12-08 06:00:00,6119.7911674593515
2019-12-08 06:30:00,6240.235957037528
2019-12-08 07:00:00,6341.253120722273
2019-12-08 07:30:00,6493.596838945681
2019-12-08 08:00:00,6596.847182438877
2019-12-08 08:30:00,6713.270921451158
2019-12-08 09:00:00,6786.530512345184
2019-12-08 09:30:00,6919.133907859711
2019-12-08 10:00:00,6934.070149798963
2019-12-08 10:30:00,6882.285900070605
2019-12-08 11:00:00,6953.08582290917
2019-12-08 11:30:00,7057.047718494872
2019-12-08 12:00:00,7212.697232339574
2019-12-08 12:30:00,7314.251178074663
2019-12-08 13:00:00,7374.031479049878
2019-12-08 13:30:00,7442.8597816933925
2019-12-08 14:00:00,7485.474729658479
2019-12-08 14:30:00,7567.733555297732
2019-12-08 15:00:00,7657.268500656952
2019-12-08 15:30:00,7781.638800938774
2019-12-08 16:00:00,7928.530828940798
2019-12-08 16:30:00,7984.6629687475115
2019-12-08 17:00:00,8162.54023965908
2019-12-08 17:30:00,8274.7250654707
2019-12-08 18:00:00,8236.721784032556
2019-12-08 18:30:00,8141.410389771351
2019-12-08 19:00:00,8209.684801515115
2019-12-08 19:30:00,8209.684801515115
2019-12-08 20:00:00,8154.0645344159075
2019-12-08 20:30:00,8014.011341927532
2019-12-08 21:00:00,7685.631132913444
2019-12-08 21:30:00,7598.027571161001
2019-12-08 22:00:00,7309.5975159940335
2019-12-08 22:30:00,7271.68407746753
2019-12-08 23:00:00,7046.5002611612845
2019-12-08 23:30:00,6817.656147618672
2019-12-09 00:00:00,6938.111022273518
2019-12-09 00:30:00,6838.772662283698
2019-12-09 01:00:00,6641.16799728674
2019-12-09 01:30:00,6411.785628442488
2019-12-09 02:00:00,6168.534136555821
2019-12-09 02:30:00,6046.793315907141
2019-12-09 03:00:00,6077.139150132368
2019-12-09 03:30:00,6039.891282881016
2019-12-09 04:00:00,6186.384559120017
2019-12-09 04:30:00,6210.40625235938
2019-12-09 05:00:00,6765.201311035838
2019-12-09 05:30:00,6804.6315160793065
2019-12-09 06:00:00,7562.160919348721
2019-12-09 06:30:00,7778.160623223265
2019-12-09 07:00:00,8115.514827998749
2019-12-09 07:30:00,8270.648307038675
2019-12-09 08:00:00,8130.143766868879
2019-12-09 08:30:00,8347.878724503093
2019-12-09 09:00:00,7923.17695555577
2019-12-09 09:30:00,8037.018498694142
2019-12-09 10:00:00,7980.007738885719
2019-12-09 10:30:00,8049.376827140685
2019-12-09 11:00:00,7724.518500445952
2019-12-09 11:30:00,7730.236195315371
2019-12-09 12:00:00,7733.665959166034
2019-12-09 12:30:00,7847.73833137543
2019-12-09 13:00:00,8051.715823898239
2019-12-09 13:30:00,8235.906143391087
2019-12-09 14:00:00,8392.388730341265
2019-12-09 14:30:00,8447.831475640525
2019-12-09 15:00:00,8771.357567872972
2019-12-09 15:30:00,8896.592562434698
2019-12-09 16:00:00,9170.229813038783
2019-12-09 16:30:00,9143.30742602358
2019-12-09 17:00:00,9298.207426306357
2019-12-09 17:30:00,9363.672767415295
2019-12-09 18:00:00,9299.785903699101
2019-12-09 18:30:00,9288.154986463805
2019-12-09 19:00:00,8994.515206178803
2019-12-09 19:30:00,8958.222568522848
2019-12-09 20:00:00,8794.06646547511
2019-12-09 20:30:00,8609.686121705654
2019-12-09 21:00:00,8248.349296198507
2019-12-09 21:30:00,8169.801261322544
2019-12-09 22:00:00,7988.567166483394
2019-12-09 22:30:00,8025.1410264841215
2019-12-09 23:00:00,7710.105888919225
2019-12-09 23:30:00,7578.664254155205
2019-12-10 00:00:00,7386.443265784396
2019-12-10 00:30:00,7194.631313080033
2019-12-10 01:00:00,6944.092437313131
2019-12-10 01:30:00,6789.704931616453
2019-12-10 02:00:00,6516.207243353282
2019-12-10 02:30:00,6432.34141199088
2019-12-10 03:00:00,6272.210491200083
2019-12-10 03:30:00,6364.836132233014
2019-12-10 04:00:00,6414.401492935822
2019-12-10 04:30:00,6651.350134472878
2019-12-10 05:00:00,6855.277735608021
2019-12-10 05:30:00,7352.100164399289
2019-12-10 06:00:00,7734.000826381519
2019-12-10 06:30:00,8023.547101135367
2019-12-10 07:00:00,8308.265815971396
2019-12-10 07:30:00,8423.437500675986
2019-12-10 08:00:00,8471.52498437612
2019-12-10 08:30:00,8553.713159861503
2019-12-10 09:00:00,8555.823786584488
2019-12-10 09:30:00,8561.541481453905
2019-12-10 10:00:00,8543.247584901648
2019-12-10 10:30:00,8518.860725096672
2019-12-10 11:00:00,8565.881210841746
2019-12-10 11:30:00,8565.881210841746
2019-12-10 12:00:00,8618.59002122761
2019-12-10 12:30:00,8698.840636297782
2019-12-10 13:00:00,8913.619783168497
2019-12-10 13:30:00,9082.018441598375
2019-12-10 14:00:00,9185.957350218901
2019-12-10 14:30:00,9320.936423210254
2019-12-10 15:00:00,9522.220316896653
2019-12-10 15:30:00,9753.695765339493
2019-12-10 16:00:00,9870.766638594008
2019-12-10 16:30:00,9865.04894372459
2019-12-10 17:00:00,9801.042893413647
2019-12-10 17:30:00,9728.78603736143
2019-12-10 18:00:00,9766.446553949967
2019-12-10 18:30:00,9715.785665358228
2019-12-10 19:00:00,9498.135290421029
2019-12-10 19:30:00,9500.325915767307
2019-12-10 20:00:00,9251.108840158282
2019-12-10 20:30:00,9014.086666559131
2019-12-10 21:00:00,8689.250802011295
2019-12-10 21:30:00,8579.269335054625
2019-12-10 22:00:00,8362.846949097702
2019-12-10 22:30:00,8181.592910292951
2019-12-10 23:00:00,7946.946078784526
2019-12-10 23:30:00,7809.891077539788
2019-12-11 00:00:00,7614.1788598836565
2019-12-11 00:30:00,7414.382938386406
2019-12-11 01:00:00,7115.937635390854
2019-12-11 01:30:00,6868.916963304
2019-12-11 02:00:00,6609.371535808288
2019-12-11 02:30:00,6517.270958611153
2019-12-11 03:00:00,6414.908554079349
2019-12-11 03:30:00,6414.908554079349
2019-12-11 04:00:00,6470.773581843861
2019-12-11 04:30:00,6600.1473310129195
2019-12-11 05:00:00,6867.773963132062
2019-12-11 05:30:00,7288.5873558990015
2019-12-11 06:00:00,7670.269658221366
2019-12-11 06:30:00,7965.737332924871
2019-12-11 07:00:00,8182.8059472633595
2019-12-11 07:30:00,8406.824206527699
2019-12-11 08:00:00,8510.896533324903
2019-12-11 08:30:00,8596.388871740826
2019-12-11 09:00:00,8775.787713342657
2019-12-11 09:30:00,8788.231790003334
2019-12-11 10:00:00,8907.647630669471
2019-12-11 10:30:00,8874.212082605598
2019-12-11 11:00:00,8825.99871923512
2019-12-11 11:30:00,8801.630769103182
2019-12-11 12:00:00,8734.547142398538
2019-12-11 12:30:00,10065.103617878985
2019-12-11 13:00:00,10185.072925494047
2019-12-11 13:30:00,10179.35523062463
2019-12-11 14:00:00,10129.283667792388
2019-12-11 14:30:00,10022.19940386697
2019-12-11 15:00:00,10292.733674094288
2019-12-11 15:30:00,10318.585131416437
2019-12-11 16:00:00,10141.933735260858
2019-12-11 16:30:00,10175.692530200617
2019-12-11 17:00:00,9971.270846211848
2019-12-11 17:30:00,9851.501365748947
2019-12-11 18:00:00,9795.556171792983
2019-12-11 18:30:00,9592.362179146665
2019-12-11 19:00:00,9410.249923610667
2019-12-11 19:30:00,9236.333468223946
2019-12-11 20:00:00,9003.466861312296
2019-12-11 20:30:00,8705.451326156819
2019-12-11 21:00:00,8400.528747285874
2019-12-11 21:30:00,8190.674488333866
2019-12-11 22:00:00,7942.050730074806
2019-12-11 22:30:00,7755.227370417379
2019-12-11 23:00:00,7668.380404908372
2019-12-11 23:30:00,7477.449718868585
2019-12-12 00:00:00,7217.270386716969
2019-12-12 00:30:00,7113.561313901727
2019-12-12 01:00:00,6871.982453879426
2019-12-12 01:30:00,6668.58941374195
2019-12-12 02:00:00,6408.498449723628
2019-12-12 02:30:00,6288.663184862378
2019-12-12 03:00:00,6268.227059651408
2019-12-12 03:30:00,6268.227059651408
2019-12-12 04:00:00,6344.140168793207
2019-12-12 04:30:00,6529.146376242364
2019-12-12 05:00:00,6760.699380104307
2019-12-12 05:30:00,7105.662096065878
2019-12-12 06:00:00,7524.634896780289
2019-12-12 06:30:00,7754.5821409128985
2019-12-12 07:00:00,8133.299933874382
2019-12-12 07:30:00,8133.299933874382
2019-12-12 08:00:00,8166.487670209977
2019-12-12 08:30:00,8166.487670209977
2019-12-12 09:00:00,8100.695328513547
2019-12-12 09:30:00,8112.374986151037
2019-12-12 10:00:00,8106.819528711328
2019-12-12 10:30:00,8058.52665174755
2019-12-12 11:00:00,8109.55239079239
2019-12-12 11:30:00,8012.228311034201
2019-12-12 12:00:00,7991.505633562704
2019-12-12 12:30:00,7950.380188308471
2019-12-12 13:00:00,8019.174992967062
2019-12-12 13:30:00,8118.524973920711
2019-12-12 14:00:00,8323.589319069668
2019-12-12 14:30:00,8429.74236260956
2019-12-12 15:00:00,8562.969068884411
2019-12-12 15:30:00,8663.890469643466
2019-12-12 16:00:00,8906.57846182821
2019-12-12 16:30:00,8869.559037212126
2019-12-12 17:00:00,8899.656476301987
2019-12-12 17:30:00,8866.140062545805
2019-12-12 18:00:00,8928.911024480974
2019-12-12 18:30:00,8795.091974829178
2019-12-12 19:00:00,8698.017905725847
2019-12-12 19:30:00,8698.017905725847
2019-12-12 20:00:00,8519.290895565244
2019-12-12 20:30:00,8314.425443714932
2019-12-12 21:00:00,8014.738027790926
2019-12-12 21:30:00,7960.750398380659
2019-12-12 22:00:00,7747.720967342181
2019-12-12 22:30:00,7677.161451433242
2019-12-12 23:00:00,7508.390913744715
2019-12-12 23:30:00,7311.066377461917
2019-12-13 00:00:00,7204.372034934926
2019-12-13 00:30:00,6996.89762282156
2019-12-13 01:00:00,6796.274538931251
2019-12-13 01:30:00,6621.797599110238
2019-12-13 02:00:00,6311.97560901849
2019-12-13 02:30:00,6220.928110252718
2019-12-13 03:00:00,6148.855093120305
2019-12-13 03:30:00,6148.855093120305
2019-12-13 04:00:00,6239.694019793308
2019-12-13 04:30:00,6469.071419411704
2019-12-13 05:00:00,6671.583069238022
2019-12-13 05:30:00,7040.314607367806
2019-12-13 06:00:00,7480.865968846021
2019-12-13 06:30:00,7719.87185621891
2019-12-13 07:00:00,7983.404063188484
2019-12-13 07:30:00,8027.839264627259
2019-12-13 08:00:00,8072.400185582699
2019-12-13 08:30:00,8077.910205006051
2019-12-13 09:00:00,7991.3717636995725
2019-12-13 09:30:00,7991.3717636995725
2019-12-13 10:00:00,8024.847233201599
2019-12-13 10:30:00,7958.259927242362
2019-12-13 11:00:00,7936.82503742959
2019-12-13 11:30:00,7832.917071463748
2019-12-13 12:00:00,7794.659697263765
2019-12-13 12:30:00,7915.669903614482
2019-12-13 13:00:00,7959.444552121566
2019-12-13 13:30:00,8046.736767111928
2019-12-13 14:00:00,8061.091786178501
2019-12-13 14:30:00,8105.526987617276
2019-12-13 15:00:00,8297.078314766473
2019-12-13 15:30:00,8296.436181114088
2019-12-13 16:00:00,8477.242047754724
2019-12-13 16:30:00,8563.156261101436
2019-12-13 17:00:00,8529.355266859582
2019-12-13 17:30:00,8577.214484285438
2019-12-13 18:00:00,8375.340782383902
2019-12-13 18:30:00,8330.091292940975
2019-12-13 19:00:00,8178.046466257525
2019-12-13 19:30:00,8178.046466257525
2019-12-13 20:00:00,8169.490711641543
2019-12-13 20:30:00,7962.0897292207455
2019-12-13 21:00:00,7816.217432662224
2019-12-13 21:30:00,7727.580966112149
2019-12-13 22:00:00,7642.4511667392535
2019-12-13 22:30:00,7561.753251021164
2019-12-13 23:00:00,7449.820675166065
2019-12-13 23:30:00,7161.410902915345
2019-12-14 00:00:00,7087.880171098602
2019-12-14 00:30:00,6899.884296599635
2019-12-14 01:00:00,6649.730546692614
2019-12-14 01:30:00,6437.572849213427
2019-12-14 02:00:00,6227.587051572632
2019-12-14 02:30:00,6104.969851806587
2019-12-14 03:00:00,6000.888162858226
2019-12-14 03:30:00,6018.914354102009
2019-12-14 04:00:00,6044.599117682875
2019-12-14 04:30:00,6228.398439592531
2019-12-14 05:00:00,6172.281540410051
2019-12-14 05:30:00,6468.3709935053375
2019-12-14 06:00:00,6527.948099842637
2019-12-14 06:30:00,6664.932701664443
2019-12-14 07:00:00,6960.113950265879
2019-12-14 07:30:00,6998.583998726819
2019-12-14 08:00:00,7346.632266595975
2019-12-14 08:30:00,7337.104581667292
2019-12-14 09:00:00,7462.723288830381
2019-12-14 09:30:00,7465.2239001980715
2019-12-14 10:00:00,7461.464367015337
2019-12-14 10:30:00,7452.950860289032
2019-12-14 11:00:00,7355.079178786086
2019-12-14 11:30:00,7329.188210591863
2019-12-14 12:00:00,7382.86186660534
2019-12-14 12:30:00,7370.057524233634
2019-12-14 13:00:00,7402.214752412632
2019-12-14 13:30:00,7396.210716564476
2019-12-14 14:00:00,7342.89844838721
2019-12-14 14:30:00,7332.200793284105
2019-12-14 15:00:00,7451.875851489114
2019-12-14 15:30:00,7494.077025223036
2019-12-14 16:00:00,7575.52224223354
2019-12-14 16:30:00,7576.658493722249
2019-12-14 17:00:00,7674.240075573313
2019-12-14 17:30:00,7664.208210805487
2019-12-14 18:00:00,7705.3128184283005
2019-12-14 18:30:00,7697.260993524519
2019-12-14 19:00:00,7693.0850964313395
2019-12-14 19:30:00,7693.0850964313395
2019-12-14 20:00:00,7606.808260386364
2019-12-14 20:30:00,7525.3230901342495
2019-12-14 21:00:00,7407.808700946647
2019-12-14 21:30:00,7412.710852165238
2019-12-14 22:00:00,7356.154826215707
2019-12-14 22:30:00,7324.003592095044
2019-12-14 23:00:00,7208.0577368388595
2019-12-14 23:30:00,7053.4796629467555
2019-12-15 00:00:00,6881.161440849577
2019-12-15 00:30:00,6701.162015485953
2019-12-15 01:00:00,6420.827821188637
2019-12-15 01:30:00,6239.381044755046
2019-12-15 02:00:00,6121.181266324811
2019-12-15 02:30:00,6001.322147862295
2019-12-15 03:00:00,5930.404205373331
2019-12-15 03:30:00,5930.404205373331
2019-12-15 04:00:00,5976.024207320686
2019-12-15 04:30:00,6033.002318529417
2019-12-15 05:00:00,6024.415266895792
2019-12-15 05:30:00,6127.601439519278
2019-12-15 06:00:00,6249.70360065074
2019-12-15 06:30:00,6326.746765333603
2019-12-15 07:00:00,6440.356141767515
2019-12-15 07:30:00,6539.230714353859
2019-12-15 08:00:00,6724.797420403276
2019-12-15 08:30:00,6761.2707288614
2019-12-15 09:00:00,6904.233601700974
2019-12-15 09:30:00,6920.228152398585
2019-12-15 10:00:00,6935.164394337837
2019-12-15 10:30:00,6862.720844122399
2019-12-15 11:00:00,6872.883590874089
2019-12-15 11:30:00,6802.3958446825345
2019-12-15 12:00:00,7147.19587447642
2019-12-15 12:30:00,7040.250874204461
2019-12-15 13:00:00,7268.388373084229
2019-12-15 13:30:00,7460.949389602248
2019-12-15 14:00:00,7572.583698031749
2019-12-15 14:30:00,7714.827425190676
2019-12-15 15:00:00,7935.059393792248
2019-12-15 15:30:00,8086.859293478847
2019-12-15 16:00:00,8323.409204658685
2019-12-15 16:30:00,8323.409204658685
2019-12-15 17:00:00,8418.88814795279
2019-12-15 17:30:00,8385.721694689491
2019-12-15 18:00:00,8491.8573385321
2019-12-15 18:30:00,8405.027005516566
2019-12-15 19:00:00,8408.676965649587
2019-12-15 19:30:00,8475.827690367816
2019-12-15 20:00:00,8353.056698550385
2019-12-15 20:30:00,8210.026234806799
2019-12-15 21:00:00,7921.054751605809
2019-12-15 21:30:00,7819.659177546807
2019-12-15 22:00:00,7479.138494490414
2019-12-15 22:30:00,7368.31748691985
2019-12-15 23:00:00,7120.1119964916315
2019-12-15 23:30:00,6920.0521510644585
2019-12-16 00:00:00,7090.121863937462
2019-12-16 00:30:00,6868.529093506446
2019-12-16 01:00:00,6751.31194164396
2019-12-16 01:30:00,6486.79874424388
2019-12-16 02:00:00,6360.684574949282
2019-12-16 02:30:00,6279.711900608563
2019-12-16 03:00:00,6329.146854972192
2019-12-16 03:30:00,6290.395486568549
2019-12-16 04:00:00,6418.292719623879
2019-12-16 04:30:00,6455.131920749899
2019-12-16 05:00:00,7037.001718665371
2019-12-16 05:30:00,7117.97439300609
2019-12-16 06:00:00,7820.484659008565
2019-12-16 06:30:00,7960.035821284115
2019-12-16 07:00:00,8242.929251514472
2019-12-16 07:30:00,8413.74669562698
2019-12-16 08:00:00,8363.490679518844
2019-12-16 08:30:00,8558.534990078402
2019-12-16 09:00:00,8293.144951751967
2019-12-16 09:30:00,8256.500181719462
2019-12-16 10:00:00,8372.648014915701
2019-12-16 10:30:00,8265.622905280627
2019-12-16 11:00:00,8463.182901725204
2019-12-16 11:30:00,8650.233801197437
2019-12-16 12:00:00,8766.310097360976
2019-12-16 12:30:00,8855.879350874022
2019-12-16 13:00:00,9169.48871864079
2019-12-16 13:30:00,9135.837979380323
2019-12-16 14:00:00,9435.937150257148
2019-12-16 14:30:00,9554.478062476348
2019-12-16 15:00:00,9722.56827887667
2019-12-16 15:30:00,9771.784282020046
2019-12-16 16:00:00,9928.466090649297
2019-12-16 16:30:00,9960.99325587165
2019-12-16 17:00:00,9949.908539360222
2019-12-16 17:30:00,10072.349939109248
2019-12-16 18:00:00,9940.905097216673
2019-12-16 18:30:00,9834.117952428094
2019-12-16 19:00:00,9468.496650661804
2019-12-16 19:30:00,9462.778955792386
2019-12-16 20:00:00,9350.608499548733
2019-12-16 20:30:00,9256.840439460346
2019-12-16 21:00:00,8997.422371679806
2019-12-16 21:30:00,8657.608228275001
2019-12-16 22:00:00,8398.24293369584
2019-12-16 22:30:00,8342.883162630125
2019-12-16 23:00:00,8145.012051688417
2019-12-16 23:30:00,7965.699931223202
2019-12-17 00:00:00,7629.663362717271
2019-12-17 00:30:00,7393.162532765538
2019-12-17 01:00:00,7165.556238916208
2019-12-17 01:30:00,6908.1433554030455
2019-12-17 02:00:00,6676.058289241501
2019-12-17 02:30:00,6512.508295648229
2019-12-17 03:00:00,6457.509713036906
2019-12-17 03:30:00,6467.192263312351
2019-12-17 04:00:00,6532.152014278429
2019-12-17 04:30:00,6752.045223017511
2019-12-17 05:00:00,6859.8734020208485
2019-12-17 05:30:00,7303.776774459236
2019-12-17 06:00:00,7658.859163560959
2019-12-17 06:30:00,7861.051655724144
2019-12-17 07:00:00,8118.78171093112
2019-12-17 07:30:00,8118.78171093112
2019-12-17 08:00:00,8231.915173122821
2019-12-17 08:30:00,8175.849054448742
2019-12-17 09:00:00,8183.647779886103
2019-12-17 09:30:00,8141.738851554815
2019-12-17 10:00:00,8168.189572765211
2019-12-17 10:30:00,8170.715845872697
2019-12-17 11:00:00,8166.107638041589
2019-12-17 11:30:00,8151.950447698807
2019-12-17 12:00:00,8164.525559096887
2019-12-17 12:30:00,8164.525559096887
2019-12-17 13:00:00,8260.666473166886
2019-12-17 13:30:00,8266.535382406082
2019-12-17 14:00:00,8360.86679138449
2019-12-17 14:30:00,8314.098234294053
2019-12-17 15:00:00,8390.7299220875
2019-12-17 15:30:00,8503.375333684602
2019-12-17 16:00:00,8595.978383464811
2019-12-17 16:30:00,8712.38078048582
2019-12-17 17:00:00,8792.961035925846
2019-12-17 17:30:00,8786.502891638644
2019-12-17 18:00:00,8687.569564573394
2019-12-17 18:30:00,8607.539580796543
2019-12-17 19:00:00,8610.231427702234
2019-12-17 19:30:00,8578.429534983325
2019-12-17 20:00:00,8457.022518188633
2019-12-17 20:30:00,8344.37710659153
2019-12-17 21:00:00,8110.849064300698
2019-12-17 21:30:00,8086.2316432833895
2019-12-17 22:00:00,7934.746185770207
2019-12-17 22:30:00,7887.836143275648
2019-12-17 23:00:00,7649.368368744686
2019-12-17 23:30:00,7513.368260226971
2019-12-18 00:00:00,7240.304512738368
2019-12-18 00:30:00,7132.34275469934
2019-12-18 01:00:00,6915.248119714796
2019-12-18 01:30:00,6672.7646398285115
2019-12-18 02:00:00,6431.524759350086
2019-12-18 02:30:00,6284.936336644901
2019-12-18 03:00:00,6210.816572648956
2019-12-18 03:30:00,6264.038205600148
2019-12-18 04:00:00,6292.819732466747
2019-12-18 04:30:00,6484.8353176704995
2019-12-18 05:00:00,6730.393108126802
2019-12-18 05:30:00,7084.442430714747
2019-12-18 06:00:00,7351.1625593777935
2019-12-18 06:30:00,7685.196716495846
2019-12-18 07:00:00,7869.676059146091
2019-12-18 07:30:00,7970.634316986042
2019-12-18 08:00:00,7945.8324875762455
2019-12-18 08:30:00,7952.438585674611
2019-12-18 09:00:00,7939.549250285763
2019-12-18 09:30:00,7857.836758284732
2019-12-18 10:00:00,7807.031655426755
2019-12-18 10:30:00,7883.899370685358
2019-12-18 11:00:00,7828.068989641253
2019-12-18 11:30:00,7897.4380778962195
2019-12-18 12:00:00,7959.89217365375
2019-12-18 12:30:00,8120.315561608122
2019-12-18 13:00:00,8100.321564793638
2019-12-18 13:30:00,8216.702550089489
2019-12-18 14:00:00,8264.273278762712
2019-12-18 14:30:00,8447.064277621712
2019-12-18 15:00:00,8586.41927739614
2019-12-18 15:30:00,8752.13439871434
2019-12-18 16:00:00,8969.045151186156
2019-12-18 16:30:00,9228.605462975296
2019-12-18 17:00:00,9283.898547616913
2019-12-18 17:30:00,9181.855447009115
2019-12-18 18:00:00,9145.297245125184
2019-12-18 18:30:00,9104.108664336116
2019-12-18 19:00:00,8834.801886401117
2019-12-18 19:30:00,8774.271495126111
2019-12-18 20:00:00,8711.487575117704
2019-12-18 20:30:00,8505.071612788422
2019-12-18 21:00:00,8273.842158086727
2019-12-18 21:30:00,8115.510267479847
2019-12-18 22:00:00,7912.599260639829
2019-12-18 22:30:00,7861.693862202649
2019-12-18 23:00:00,7689.754223194163
2019-12-18 23:30:00,7524.924542645758
2019-12-19 00:00:00,7405.688121552172
2019-12-19 00:30:00,7179.979144682886
2019-12-19 01:00:00,6922.060007160666
2019-12-19 01:30:00,6671.589641280668
2019-12-19 02:00:00,6473.054961887906
2019-12-19 02:30:00,6356.280263505227
2019-12-19 03:00:00,6286.546029470121
2019-12-19 03:30:00,6328.86126587765
2019-12-19 04:00:00,6323.261578634883
2019-12-19 04:30:00,6552.638978253279
2019-12-19 05:00:00,6677.043093001883
2019-12-19 05:30:00,7058.696888004259
2019-12-19 06:00:00,7370.276006106428
2019-12-19 06:30:00,7637.14502445688
2019-12-19 07:00:00,7892.183883016063
2019-12-19 07:30:00,7904.5056743059395
2019-12-19 08:00:00,7922.915405990648
2019-12-19 08:30:00,8083.514493227536
2019-12-19 09:00:00,8065.07985060613
2019-12-19 09:30:00,8146.225932044534
2019-12-19 10:00:00,8158.321171891612
2019-12-19 10:30:00,8258.720815401604
2019-12-19 11:00:00,8497.265815003571
2019-12-19 11:30:00,8482.100211308687
2019-12-19 12:00:00,8575.220195523389
2019-12-19 12:30:00,8527.936620247581
2019-12-19 13:00:00,8641.933296435422
2019-12-19 13:30:00,8801.478642470507
2019-12-19 14:00:00,8914.595636661621
2019-12-19 14:30:00,9250.676443545191
2019-12-19 15:00:00,9508.446773140813
2019-12-19 15:30:00,9740.451267911812
2019-12-19 16:00:00,9992.05456148483
2019-12-19 16:30:00,10031.533999691319
2019-12-19 17:00:00,10032.949931606325
2019-12-19 17:30:00,10064.151412773697
2019-12-19 18:00:00,9882.557158323098
2019-12-19 18:30:00,9752.260825162097
2019-12-19 19:00:00,9540.710114239104
2019-12-19 19:30:00,9500.929096820617
2019-12-19 20:00:00,9365.754483029641
2019-12-19 20:30:00,9123.832715630193
2019-12-19 21:00:00,8722.275945692358
2019-12-19 21:30:00,8588.806317471774
2019-12-19 22:00:00,8373.596861672042
2019-12-19 22:30:00,8179.468789519169
2019-12-19 23:00:00,7987.0454712028595
2019-12-19 23:30:00,7791.69817627798
2019-12-20 00:00:00,7615.268136272698
2019-12-20 00:30:00,7378.208548350124
2019-12-20 01:00:00,7197.738397466506
2019-12-20 01:30:00,6917.995801296526
2019-12-20 02:00:00,6667.421220301042
2019-12-20 02:30:00,6528.243317361385
2019-12-20 03:00:00,6433.236267922837
2019-12-20 03:30:00,6433.236267922837
2019-12-20 04:00:00,6420.825854261543
2019-12-20 04:30:00,6618.142915472276
2019-12-20 05:00:00,6784.765681511482
2019-12-20 05:30:00,7129.7283974730535
2019-12-20 06:00:00,7457.706964102179
2019-12-20 06:30:00,7683.460094606959
2019-12-20 07:00:00,8024.96591104937
2019-12-20 07:30:00,8205.531300053839
2019-12-20 08:00:00,8340.962066500166
2019-12-20 08:30:00,8480.445710969614
2019-12-20 09:00:00,8674.169201354063
2019-12-20 09:30:00,8675.12055344446
2019-12-20 10:00:00,8599.450799919256
2019-12-20 10:30:00,8543.822184418192
2019-12-20 11:00:00,8975.447754667774
2019-12-20 11:30:00,8786.835862237367
2019-12-20 12:00:00,8892.765954298035
2019-12-20 12:30:00,9174.338415862383
2019-12-20 13:00:00,9302.664192051898
2019-12-20 13:30:00,9416.997798144994
2019-12-20 14:00:00,9532.97801025484
2019-12-20 14:30:00,10105.02251144171
2019-12-20 15:00:00,10895.692566136504
2019-12-20 15:30:00,10803.795777920088
2019-12-20 16:00:00,10672.562077702156
2019-12-20 16:30:00,10606.21937757303
2019-12-20 17:00:00,10242.904431769117
2019-12-20 17:30:00,9982.668143021183
2019-12-20 18:00:00,9860.218511441388
2019-12-20 18:30:00,9613.163121989055
2019-12-20 19:00:00,9292.472691644374
2019-12-20 19:30:00,9225.096746053325
2019-12-20 20:00:00,9095.923237440153
2019-12-20 20:30:00,8891.471568307803
2019-12-20 21:00:00,8660.23586354413
2019-12-20 21:30:00,8442.161672374838
2019-12-20 22:00:00,8300.3500382181
2019-12-20 22:30:00,8138.443742676173
2019-12-20 23:00:00,7933.07868807014
2019-12-20 23:30:00,7661.441226519644
2019-12-21 00:00:00,7345.1169084142175
2019-12-21 00:30:00,7164.361238009062
2019-12-21 01:00:00,6977.0076957992815
2019-12-21 01:30:00,6666.472630101878
2019-12-21 02:00:00,6520.549354923956
2019-12-21 02:30:00,6398.267510179546
2019-12-21 03:00:00,6275.881150831489
2019-12-21 03:30:00,6278.11861394813
2019-12-21 04:00:00,6181.609837244149
2019-12-21 04:30:00,6367.296283573261
2019-12-21 05:00:00,6180.88924452191
2019-12-21 05:30:00,6515.562285137045
2019-12-21 06:00:00,6581.599702975755
2019-12-21 06:30:00,6684.241938365439
2019-12-21 07:00:00,6971.803634259355
2019-12-21 07:30:00,7008.939228236598
2019-12-21 08:00:00,7423.854407814908
2019-12-21 08:30:00,7455.125156810575
2019-12-21 09:00:00,7579.119230599889
2019-12-21 09:30:00,7579.119230599889
2019-12-21 10:00:00,7588.043506859959
2019-12-21 10:30:00,7588.043506859959
2019-12-21 11:00:00,7561.823337414829
2019-12-21 11:30:00,7585.811911782106
2019-12-21 12:00:00,7790.974311829844
2019-12-21 12:30:00,7857.4335393591955
2019-12-21 13:00:00,8019.439540778649
2019-12-21 13:30:00,8082.863437162759
2019-12-21 14:00:00,8148.62802431436
2019-12-21 14:30:00,8303.307899223544
2019-12-21 15:00:00,8432.748485014057
2019-12-21 15:30:00,8604.439063591833
2019-12-21 16:00:00,8790.570911283845
2019-12-21 16:30:00,8911.033233493432
2019-12-21 17:00:00,8877.994271216421
2019-12-21 17:30:00,8709.338425121874
2019-12-21 18:00:00,8806.869455020827
2019-12-21 18:30:00,8713.692959082548
2019-12-21 19:00:00,8507.144520954318
2019-12-21 19:30:00,8349.584666603361
2019-12-21 20:00:00,8217.89459352034
2019-12-21 20:30:00,8051.906710795803
2019-12-21 21:00:00,7821.011771203824
2019-12-21 21:30:00,7767.068909695568
2019-12-21 22:00:00,7528.587577077698
2019-12-21 22:30:00,7527.45132558899
2019-12-21 23:00:00,7432.037163381886
2019-12-21 23:30:00,7328.538892534387
2019-12-22 00:00:00,7145.981450943283
2019-12-22 00:30:00,6974.980634353142
2019-12-22 01:00:00,6818.084771440253
2019-12-22 01:30:00,6472.355891705539
2019-12-22 02:00:00,6287.3825271181
2019-12-22 02:30:00,6227.336767056733
2019-12-22 03:00:00,6150.057939379235
2019-12-22 03:30:00,6114.658113037817
2019-12-22 04:00:00,6076.040375042159
2019-12-22 04:30:00,6117.330145954255
2019-12-22 05:00:00,6126.691473256087
2019-12-22 05:30:00,6233.1358392832135
2019-12-22 06:00:00,6258.554616375118
2019-12-22 06:30:00,6437.53234478531
2019-12-22 07:00:00,6526.855815472368
2019-12-22 07:30:00,6796.48641102919
2019-12-22 08:00:00,6968.360319880391
2019-12-22 08:30:00,7129.966337020822
2019-12-22 09:00:00,7403.589575874262
2019-12-22 09:30:00,7432.37652412283
2019-12-22 10:00:00,7430.709772732161
2019-12-22 10:30:00,7527.341269704035
2019-12-22 11:00:00,7681.579652010582
2019-12-22 11:30:00,7786.509077893832
2019-12-22 12:00:00,7995.23877822786
2019-12-22 12:30:00,8430.17035478953
2019-12-22 13:00:00,8375.756542871426
2019-12-22 13:30:00,8601.4142114789
2019-12-22 14:00:00,8714.864181706622
2019-12-22 14:30:00,9134.08187900293
2019-12-22 15:00:00,9468.939769916975
2019-12-22 15:30:00,9540.334452601579
2019-12-22 16:00:00,9440.543829160637
2019-12-22 16:30:00,10367.43757851414
2019-12-22 17:00:00,10172.71176539854
2019-12-22 17:30:00,9989.196158832061
2019-12-22 18:00:00,10120.79844145121
2019-12-22 18:30:00,9875.311465299606
2019-12-22 19:00:00,9623.328861707772
2019-12-22 19:30:00,9334.996337011638
2019-12-22 20:00:00,9052.318569448924
2019-12-22 20:30:00,8765.1425295796
2019-12-22 21:00:00,8306.397215366229
2019-12-22 21:30:00,8087.984393776259
2019-12-22 22:00:00,7719.985886444212
2019-12-22 22:30:00,7519.886634247905
2019-12-22 23:00:00,7210.5005825453945
2019-12-22 23:30:00,6981.1678376013715
2019-12-23 00:00:00,7005.345005586224
2019-12-23 00:30:00,6795.273516440768
2019-12-23 01:00:00,6590.2405648086315
2019-12-23 01:30:00,6294.220325352932
2019-12-23 02:00:00,6160.660718359184
2019-12-23 02:30:00,6078.15641086133
2019-12-23 03:00:00,6014.008660075904
2019-12-23 03:30:00,5964.494886224014
2019-12-23 04:00:00,6112.4091982725495
2019-12-23 04:30:00,6164.61829292611
2019-12-23 05:00:00,6523.409222462173
2019-12-23 05:30:00,6684.464462597635
2019-12-23 06:00:00,7334.525379808358
2019-12-23 06:30:00,7454.24942255272
2019-12-23 07:00:00,7976.446055970121
2019-12-23 07:30:00,8241.176220674004
2019-12-23 08:00:00,8136.232085079292
2019-12-23 08:30:00,8317.472088149036
2019-12-23 09:00:00,8106.7165478084535
2019-12-23 09:30:00,7983.630366740613
2019-12-23 10:00:00,7956.037682302117
2019-12-23 10:30:00,7884.210022020659
2019-12-23 11:00:00,7681.409187145355
2019-12-23 11:30:00,7645.116549489399
2019-12-23 12:00:00,7549.806925937849
2019-12-23 12:30:00,7549.806925937849
2019-12-23 13:00:00,7661.669388426655
2019-12-23 13:30:00,7736.567418446715
2019-12-23 14:00:00,7816.223881556967
2019-12-23 14:30:00,7913.051642074525
2019-12-23 15:00:00,8106.735965944972
2019-12-23 15:30:00,8242.100794440163
2019-12-23 16:00:00,8434.971398121626
2019-12-23 16:30:00,8610.267672066366
2019-12-23 17:00:00,8614.479195312078
2019-12-23 17:30:00,8585.277863250427
2019-12-23 18:00:00,8486.35961594164
2019-12-23 18:30:00,8553.715122049261
2019-12-23 19:00:00,8346.669380775544
2019-12-23 19:30:00,8452.31660234133
2019-12-23 20:00:00,8458.612113770345
2019-12-23 20:30:00,8352.964892204558
2019-12-23 21:00:00,8203.734845278868
2019-12-23 21:30:00,8066.7259288026335
2019-12-23 22:00:00,7858.784683989836
2019-12-23 22:30:00,7753.924531854508
2019-12-23 23:00:00,7507.388489393272
2019-12-23 23:30:00,7309.90644632475
2019-12-24 00:00:00,7090.623116077552
2019-12-24 00:30:00,6959.745128853157
2019-12-24 01:00:00,6725.250933480903
2019-12-24 01:30:00,6557.925462591826
2019-12-24 02:00:00,6182.358629906971
2019-12-24 02:30:00,6107.408893122999
2019-12-24 03:00:00,5950.3713324387445
2019-12-24 03:30:00,6012.192454226467
2019-12-24 04:00:00,6044.176682155983
2019-12-24 04:30:00,6164.372410779804
2019-12-24 05:00:00,6302.586033448096
2019-12-24 05:30:00,6547.281297519735
2019-12-24 06:00:00,7082.587780885486
2019-12-24 06:30:00,7250.956520145137
2019-12-24 07:00:00,7726.335492113089
2019-12-24 07:30:00,7777.279512765877
2019-12-24 08:00:00,7998.289516959122
2019-12-24 08:30:00,8070.308882212727
2019-12-24 09:00:00,7853.649168237692
2019-12-24 09:30:00,7900.712963983341
2019-12-24 10:00:00,7992.174875650863
2019-12-24 10:30:00,7966.793514078955
2019-12-24 11:00:00,7855.548473492434
2019-12-24 11:30:00,7936.917688990882
2019-12-24 12:00:00,7867.500058426963
2019-12-24 12:30:00,7814.129714819609
2019-12-24 13:00:00,7808.627534680404
2019-12-24 13:30:00,7832.685822391338
2019-12-24 14:00:00,7867.778492056721
2019-12-24 14:30:00,7924.267085111005
2019-12-24 15:00:00,8059.326028996402
2019-12-24 15:30:00,8165.772486091395
2019-12-24 16:00:00,8268.846410747949
2019-12-24 16:30:00,8451.979564278827
2019-12-24 17:00:00,8576.412100263406
2019-12-24 17:30:00,8576.412100263406
2019-12-24 18:00:00,8538.226644984441
2019-12-24 18:30:00,8445.367099221909
2019-12-24 19:00:00,8428.943465897228
2019-12-24 19:30:00,8401.99891303885
2019-12-24 20:00:00,8324.326398840105
2019-12-24 20:30:00,8162.420103298179
2019-12-24 21:00:00,8030.189396901081
2019-12-24 21:30:00,8022.592587305538
2019-12-24 22:00:00,7872.176764405847
2019-12-24 22:30:00,7895.4186671150255
2019-12-24 23:00:00,7669.235403669237
2019-12-24 23:30:00,7580.520450476953
2019-12-25 00:00:00,6694.451089673214
2019-12-25 00:30:00,6543.476027101593
2019-12-25 01:00:00,6347.654314989176
2019-12-25 01:30:00,6116.172528041953
2019-12-25 02:00:00,5877.627592517123
2019-12-25 02:30:00,5766.000653801497
2019-12-25 03:00:00,5698.74645913439
2019-12-25 03:30:00,5698.104325482003
2019-12-25 04:00:00,5719.491741462668
2019-12-25 04:30:00,5865.137491371689
2019-12-25 05:00:00,5799.382557153686
2019-12-25 05:30:00,5995.269463313348
2019-12-25 06:00:00,6149.152854062369
2019-12-25 06:30:00,6190.580490864559
2019-12-25 07:00:00,6295.895001204275
2019-12-25 07:30:00,6482.577207999983
2019-12-25 08:00:00,6636.364266390416
2019-12-25 08:30:00,6693.44723088971
2019-12-25 09:00:00,6819.612279408076
2019-12-25 09:30:00,6807.370218286148
2019-12-25 10:00:00,6984.864783435269
2019-12-25 10:30:00,6968.8243702084965
2019-12-25 11:00:00,7049.051386625464
2019-12-25 11:30:00,6975.345358998931
2019-12-25 12:00:00,6819.601243491622
2019-12-25 12:30:00,6954.713417919047
2019-12-25 13:00:00,7074.335598856229
2019-12-25 13:30:00,7168.085191087606
2019-12-25 14:00:00,7182.591668468881
2019-12-25 14:30:00,7249.742393187108
2019-12-25 15:00:00,7244.732222258614
2019-12-25 15:30:00,7283.819369281744
2019-12-25 16:00:00,7381.448980158053
2019-12-25 16:30:00,7496.589956221772
2019-12-25 17:00:00,7580.634213535009
2019-12-25 17:30:00,7400.725473824803
2019-12-25 18:00:00,7368.274641152323
2019-12-25 18:30:00,7337.734086651
2019-12-25 19:00:00,7308.173132965923
2019-12-25 19:30:00,7118.924679286811
2019-12-25 20:00:00,7046.657850297692
2019-12-25 20:30:00,7129.582727045328
2019-12-25 21:00:00,6953.116610990264
2019-12-25 21:30:00,6957.786691816827
2019-12-25 22:00:00,6877.094774244506
2019-12-25 22:30:00,6803.151531890472
2019-12-25 23:00:00,6779.139668149207
2019-12-25 23:30:00,6606.528754148249
2019-12-26 00:00:00,6645.803191937451
2019-12-26 00:30:00,6491.655899557322
2019-12-26 01:00:00,6334.53392655369
2019-12-26 01:30:00,6137.679033674897
2019-12-26 02:00:00,5827.225547413161
2019-12-26 02:30:00,5723.781782907576
2019-12-26 03:00:00,5616.613690047278
2019-12-26 03:30:00,5616.613690047278
2019-12-26 04:00:00,5624.149894216875
2019-12-26 04:30:00,5697.844723468326
2019-12-26 05:00:00,5607.515831255677
2019-12-26 05:30:00,5676.986785619997
2019-12-26 06:00:00,5876.88431682706
2019-12-26 06:30:00,5929.639522656302
2019-12-26 07:00:00,6083.597212662726
2019-12-26 07:30:00,6082.027564886678
2019-12-26 08:00:00,6314.4822764008595
2019-12-26 08:30:00,6425.816392925186
2019-12-26 09:00:00,6691.245857386661
2019-12-26 09:30:00,6718.143428261382
2019-12-26 10:00:00,6638.346740896576
2019-12-26 10:30:00,6726.956100516509
2019-12-26 11:00:00,6723.989949458753
2019-12-26 11:30:00,6638.721541545168
2019-12-26 12:00:00,6590.492486883311
2019-12-26 12:30:00,6440.178075929255
2019-12-26 13:00:00,6497.401068800797
2019-12-26 13:30:00,6411.328821172656
2019-12-26 14:00:00,6543.8801995821495
2019-12-26 14:30:00,6696.310528269263
2019-12-26 15:00:00,6748.39474286585
2019-12-26 15:30:00,6878.635616726456
2019-12-26 16:00:00,6926.282889096215
2019-12-26 16:30:00,6981.354666839104
2019-12-26 17:00:00,7141.331880052271
2019-12-26 17:30:00,7141.331880052271
2019-12-26 18:00:00,7115.948793873293
2019-12-26 18:30:00,7116.787949047659
2019-12-26 19:00:00,7059.756737947668
2019-12-26 19:30:00,7002.65931987447
2019-12-26 20:00:00,7069.780178428253
2019-12-26 20:30:00,7100.776591010068
2019-12-26 21:00:00,6890.116120633276
2019-12-26 21:30:00,6919.522287633722
2019-12-26 22:00:00,6829.108551390515
2019-12-26 22:30:00,6783.4951440611585
2019-12-26 23:00:00,6706.769250948043
2019-12-26 23:30:00,6569.7535192925
2019-12-27 00:00:00,6915.063450182611
2019-12-27 00:30:00,6758.693422342653
2019-12-27 01:00:00,6532.575419733477
2019-12-27 01:30:00,6277.575736181561
2019-12-27 02:00:00,6064.524566819535
2019-12-27 02:30:00,5945.412060030234
2019-12-27 03:00:00,5890.519508372046
2019-12-27 03:30:00,5886.161119296076
2019-12-27 04:00:00,5910.315050174487
2019-12-27 04:30:00,5910.315050174487
2019-12-27 05:00:00,6007.265076604377
2019-12-27 05:30:00,6073.980346024227
2019-12-27 06:00:00,6435.853858242769
2019-12-27 06:30:00,6540.771460876291
2019-12-27 07:00:00,7026.144635685305
2019-12-27 07:30:00,7114.271087824704
2019-12-27 08:00:00,7129.36413978031
2019-12-27 08:30:00,7313.567411846987
2019-12-27 09:00:00,7303.632026496385
2019-12-27 09:30:00,7381.402747520357
2019-12-27 10:00:00,7270.287749432717
2019-12-27 10:30:00,7435.693997880547
2019-12-27 11:00:00,7327.189485636152
2019-12-27 11:30:00,7392.37398150694
2019-12-27 12:00:00,7494.416137141705
2019-12-27 12:30:00,7526.763182872542
2019-12-27 13:00:00,7697.651722559806
2019-12-27 13:30:00,7744.243806971825
2019-12-27 14:00:00,7927.24487818249
2019-12-27 14:30:00,8240.912273642234
2019-12-27 15:00:00,8328.54216807244
2019-12-27 15:30:00,8568.666282694829
2019-12-27 16:00:00,8784.52883211086
2019-12-27 16:30:00,8935.983616737132
2019-12-27 17:00:00,8787.643877777813
2019-12-27 17:30:00,8842.751263505545
2019-12-27 18:00:00,8816.038198792536
2019-12-27 18:30:00,8655.993628427015
2019-12-27 19:00:00,8472.479633851342
2019-12-27 19:30:00,8470.056260694802
2019-12-27 20:00:00,8433.072501149614
2019-12-27 20:30:00,8223.568460022692
2019-12-27 21:00:00,7996.9628848464035
2019-12-27 21:30:00,7903.346276079472
2019-12-27 22:00:00,7676.774717343641
2019-12-27 22:30:00,7570.8906254197445
2019-12-27 23:00:00,7291.715606524385
2019-12-27 23:30:00,7113.642888654436
2019-12-28 00:00:00,7014.252883328892
2019-12-28 00:30:00,6900.199146148959
2019-12-28 01:00:00,6579.28227856541
2019-12-28 01:30:00,6353.6803554327325
2019-12-28 02:00:00,6078.5985944336
2019-12-28 02:30:00,6052.947350857568
2019-12-28 03:00:00,5918.868648814659
2019-12-28 03:30:00,5922.317044367781
2019-12-28 04:00:00,5862.746797920911
2019-12-28 04:30:00,5949.090153614581
2019-12-28 05:00:00,5796.683893737138
2019-12-28 05:30:00,5944.827177082628
2019-12-28 06:00:00,6229.208032451508
2019-12-28 06:30:00,6424.398002336268
2019-12-28 07:00:00,6743.325119787104
2019-12-28 07:30:00,6768.24038054634
2019-12-28 08:00:00,7033.99981983693
2019-12-28 08:30:00,7096.213393062918
2019-12-28 09:00:00,7360.641709891013
2019-12-28 09:30:00,7436.826372836408
2019-12-28 10:00:00,7403.749337485032
2019-12-28 10:30:00,7460.821174587031
2019-12-28 11:00:00,7327.164523863867
2019-12-28 11:30:00,7432.59984093739
2019-12-28 12:00:00,7645.357679395952
2019-12-28 12:30:00,7645.884453197878
2019-12-28 13:00:00,7790.568088901637
2019-12-28 13:30:00,7845.491168365903
2019-12-28 14:00:00,7975.8161559907
2019-12-28 14:30:00,8142.63130926329
2019-12-28 15:00:00,8275.249928171866
2019-12-28 15:30:00,8444.782579474446
2019-12-28 16:00:00,8688.936233574503
2019-12-28 16:30:00,8780.738222777316
2019-12-28 17:00:00,8936.61841123551
2019-12-28 17:30:00,8799.772357020216
2019-12-28 18:00:00,8833.41264579158
2019-12-28 18:30:00,8653.241894778683
2019-12-28 19:00:00,8525.04787996421
2019-12-28 19:30:00,8431.81135295484
2019-12-28 20:00:00,8316.042169322527
2019-12-28 20:30:00,8156.318120197952
2019-12-28 21:00:00,7883.065936530759
2019-12-28 21:30:00,7851.795187535092
2019-12-28 22:00:00,7712.5224423225845
2019-12-28 22:30:00,7593.422894033588
2019-12-28 23:00:00,7415.6526670388
2019-12-28 23:30:00,7181.504604207981
2019-12-29 00:00:00,6886.547407153139
2019-12-29 00:30:00,6598.22677845829
2019-12-29 01:00:00,6436.542306709773
2019-12-29 01:30:00,6249.146523355368
2019-12-29 02:00:00,6070.067457841001
2019-12-29 02:30:00,5987.799810648343
2019-12-29 03:00:00,5892.269934869214
2019-12-29 03:30:00,5873.704087251304
2019-12-29 04:00:00,5835.575470743651
2019-12-29 04:30:00,5893.926107674816
2019-12-29 05:00:00,5889.5269935758815
2019-12-29 05:30:00,5915.053077155327
2019-12-29 06:00:00,5969.417105789688
2019-12-29 06:30:00,6065.69880929177
2019-12-29 07:00:00,6161.561220358779
2019-12-29 07:30:00,6226.527008191396
2019-12-29 08:00:00,6633.9062804136
2019-12-29 08:30:00,6655.639368770136
2019-12-29 09:00:00,6792.3116653088855
2019-12-29 09:30:00,6796.845569034562
2019-12-29 10:00:00,6973.169103265286
2019-12-29 10:30:00,7010.9892049588825
2019-12-29 11:00:00,7241.064994075942
2019-12-29 11:30:00,7322.779762645203
2019-12-29 12:00:00,7584.80924756585
2019-12-29 12:30:00,7805.649148936479
2019-12-29 13:00:00,7968.995751877608
2019-12-29 13:30:00,8081.937962136549
2019-12-29 14:00:00,8379.51264214023
2019-12-29 14:30:00,8762.084422800097
2019-12-29 15:00:00,9012.142696638359
2019-12-29 15:30:00,9244.147191409358
2019-12-29 16:00:00,9292.203556990698
2019-12-29 16:30:00,9547.31842820779
2019-12-29 17:00:00,9421.595624800813
2019-12-29 17:30:00,9899.859918181324
2019-12-29 18:00:00,9577.01866001934
2019-12-29 18:30:00,9327.829564244967
2019-12-29 19:00:00,9148.805487180645
2019-12-29 19:30:00,9066.450148405762
2019-12-29 20:00:00,9047.894904268123
2019-12-29 20:30:00,8713.529977256243
2019-12-29 21:00:00,8440.572575522947
2019-12-29 21:30:00,8268.28793852921
2019-12-29 22:00:00,7863.210502439269
2019-12-29 22:30:00,7719.731370981436
2019-12-29 23:00:00,7291.057147553912
2019-12-29 23:30:00,7082.792664538446
2019-12-30 00:00:00,7266.743174667244
2019-12-30 00:30:00,7024.228983772619
2019-12-30 01:00:00,6820.543934979633
2019-12-30 01:30:00,6504.487971670111
2019-12-30 02:00:00,6376.92515002348
2019-12-30 02:30:00,6193.7718714737475
2019-12-30 03:00:00,6259.0858226055
2019-12-30 03:30:00,6206.948543012071
2019-12-30 04:00:00,6351.553647184897
2019-12-30 04:30:00,6398.321014002195
2019-12-30 05:00:00,6796.353273999392
2019-12-30 05:30:00,6835.104642403035
2019-12-30 06:00:00,7401.406031580955
2019-12-30 06:30:00,7536.996528703063
2019-12-30 07:00:00,7933.88517332034
2019-12-30 07:30:00,8237.261931574938
2019-12-30 08:00:00,8146.748332142653
2019-12-30 08:30:00,8441.535358970601
2019-12-30 09:00:00,8374.247280918109
2019-12-30 09:30:00,8553.406350818277
2019-12-30 10:00:00,8588.525498225488
2019-12-30 10:30:00,8732.279333979022
2019-12-30 11:00:00,8846.833139458615
2019-12-30 11:30:00,9015.492877305882
2019-12-30 12:00:00,9012.956131055475
2019-12-30 12:30:00,9310.384480457724
2019-12-30 13:00:00,9549.064266500094
2019-12-30 13:30:00,9604.930007443212
2019-12-30 14:00:00,9622.086315342287
2019-12-30 14:30:00,9859.344532488363
2019-12-30 15:00:00,9812.05153820272
2019-12-30 15:30:00,9991.106357799348
2019-12-30 16:00:00,10090.651706875176
2019-12-30 16:30:00,9852.866026488005
2019-12-30 17:00:00,9673.876310937503
2019-12-30 17:30:00,9684.361559999752
2019-12-30 18:00:00,9794.16452004312
2019-12-30 18:30:00,9857.202668246224
2019-12-30 19:00:00,9726.354131359181
2019-12-30 19:30:00,9768.441950117915
2019-12-30 20:00:00,9570.588517805021
2019-12-30 20:30:00,9388.9391567838
2019-12-30 21:00:00,9078.014423958537
2019-12-30 21:30:00,8956.772625248208
2019-12-30 22:00:00,8635.19034875015
2019-12-30 22:30:00,8494.589961905993
2019-12-30 23:00:00,8212.98737260158
2019-12-30 23:30:00,7985.54247047315
2019-12-31 00:00:00,7674.008288749325
2019-12-31 00:30:00,7467.576014151464
2019-12-31 01:00:00,7246.518803544587
2019-12-31 01:30:00,6904.0213104350405
2019-12-31 02:00:00,6567.533477939235
2019-12-31 02:30:00,6474.9605758169055
2019-12-31 03:00:00,6378.17312815241
2019-12-31 03:30:00,6331.397955229059
2019-12-31 04:00:00,6369.05023421194
2019-12-31 04:30:00,6469.841798864937
2019-12-31 05:00:00,6572.556633520751
2019-12-31 05:30:00,6715.508650709216
2019-12-31 06:00:00,7200.380103303271
2019-12-31 06:30:00,7355.882435773652
2019-12-31 07:00:00,7713.375423242512
2019-12-31 07:30:00,7757.441429063847
2019-12-31 08:00:00,8102.112286572127
2019-12-31 08:30:00,8156.101083371169
2019-12-31 09:00:00,8151.957416320313
2019-12-31 09:30:00,8239.138806972813
2019-12-31 10:00:00,8292.535274642692
2019-12-31 10:30:00,8330.135507586707
2019-12-31 11:00:00,8483.02463117258
2019-12-31 11:30:00,8601.215115425464
2019-12-31 12:00:00,8834.776388559118
2019-12-31 12:30:00,9023.42123096653
2019-12-31 13:00:00,9134.577536295326
2019-12-31 13:30:00,9305.998299278715
2019-12-31 14:00:00,9470.803461781226
2019-12-31 14:30:00,9638.011394103683
2019-12-31 15:00:00,10043.55137857248
2019-12-31 15:30:00,9969.55876843621
2019-12-31 16:00:00,10007.289714135071
2019-12-31 16:30:00,10117.511951365184
2019-12-31 17:00:00,9812.565342534894
2019-12-31 17:30:00,9855.674094957112
2019-12-31 18:00:00,10179.030622211238
2019-12-31 18:30:00,10002.714636293776
2019-12-31 19:00:00,9376.530728840246
2019-12-31 19:30:00,9606.239627536761
2019-12-31 20:00:00,9621.22036778832
2019-12-31 20:30:00,9403.020238288864
2019-12-31 21:00:00,9057.20970328531
2019-12-31 21:30:00,8827.89781658562
2019-12-31 22:00:00,8551.17566351427
2019-12-31 22:30:00,8377.410146768767
2019-12-31 23:00:00,7991.60580280564
2019-12-31 23:30:00,7791.011016650815
