DATETIME,lightgbm_no_radiation_day_before
2019-01-01 00:00:00,7394.147061365682
2019-01-01 00:30:00,7309.683317704827
2019-01-01 01:00:00,7299.645208914708
2019-01-01 01:30:00,7080.241196664878
2019-01-01 02:00:00,6743.55044573833
2019-01-01 02:30:00,6660.133390384131
2019-01-01 03:00:00,6604.619136596259
2019-01-01 03:30:00,6589.634472419405
2019-01-01 04:00:00,6490.170745898473
2019-01-01 04:30:00,6559.860099917624
2019-01-01 05:00:00,6511.565185560753
2019-01-01 05:30:00,6806.710481116562
2019-01-01 06:00:00,6745.967456060694
2019-01-01 06:30:00,6787.518887459454
2019-01-01 07:00:00,7178.42691140676
2019-01-01 07:30:00,7228.008493611991
2019-01-01 08:00:00,7583.897968377475
2019-01-01 08:30:00,7588.492902659103
2019-01-01 09:00:00,7933.9167613452755
2019-01-01 09:30:00,7950.89788610875
2019-01-01 10:00:00,8165.856275822965
2019-01-01 10:30:00,8013.843807654495
2019-01-01 11:00:00,8120.759453604454
2019-01-01 11:30:00,8069.204133516607
2019-01-01 12:00:00,8524.021276756705
2019-01-01 12:30:00,8875.790705454097
2019-01-01 13:00:00,9251.20878422999
2019-01-01 13:30:00,9478.228663937485
2019-01-01 14:00:00,9575.990590703366
2019-01-01 14:30:00,10205.291103290481
2019-01-01 15:00:00,10488.949425973246
2019-01-01 15:30:00,10485.555287475467
2019-01-01 16:00:00,9796.443032959527
2019-01-01 16:30:00,9645.855590533485
2019-01-01 17:00:00,9509.555107290087
2019-01-01 17:30:00,9104.751667877577
2019-01-01 18:00:00,8723.570629393269
2019-01-01 18:30:00,8278.770932305963
2019-01-01 19:00:00,8257.6487615977
2019-01-01 19:30:00,8026.339749840406
2019-01-01 20:00:00,8043.097415594721
2019-01-01 20:30:00,7907.55349096613
2019-01-01 21:00:00,7566.073455934696
2019-01-01 21:30:00,7610.690697121571
2019-01-01 22:00:00,7556.009553247901
2019-01-01 22:30:00,7471.4744857482265
2019-01-01 23:00:00,7318.774326031329
2019-01-01 23:30:00,7295.537797424466
2019-01-02 00:00:00,7789.515612875242
2019-01-02 00:30:00,7607.0771323842955
2019-01-02 01:00:00,7370.200908573914
2019-01-02 01:30:00,7073.65140373103
2019-01-02 02:00:00,6796.722471509802
2019-01-02 02:30:00,6598.055205408296
2019-01-02 03:00:00,6517.222423147773
2019-01-02 03:30:00,6495.584946237158
2019-01-02 04:00:00,6342.266057992839
2019-01-02 04:30:00,6347.629181352825
2019-01-02 05:00:00,6346.385522152751
2019-01-02 05:30:00,6392.724749795491
2019-01-02 06:00:00,6625.3401439852705
2019-01-02 06:30:00,6692.548431104335
2019-01-02 07:00:00,7366.832825487641
2019-01-02 07:30:00,7470.886944885335
2019-01-02 08:00:00,7516.663826537134
2019-01-02 08:30:00,7537.9280541223625
2019-01-02 09:00:00,8115.573909031674
2019-01-02 09:30:00,8371.662778157095
2019-01-02 10:00:00,8585.750410001952
2019-01-02 10:30:00,8771.111802042644
2019-01-02 11:00:00,8742.454456044135
2019-01-02 11:30:00,8793.940876903951
2019-01-02 12:00:00,9094.185551359855
2019-01-02 12:30:00,9069.503328668281
2019-01-02 13:00:00,9232.535349923792
2019-01-02 13:30:00,9385.834513710295
2019-01-02 14:00:00,9784.93175618168
2019-01-02 14:30:00,9897.216995328678
2019-01-02 15:00:00,9958.497686647925
2019-01-02 15:30:00,10062.566198999351
2019-01-02 16:00:00,10519.356154954994
2019-01-02 16:30:00,10495.179788761947
2019-01-02 17:00:00,10565.287469086634
2019-01-02 17:30:00,10650.318416698516
2019-01-02 18:00:00,10354.29407843776
2019-01-02 18:30:00,10423.985755171057
2019-01-02 19:00:00,10061.831625722103
2019-01-02 19:30:00,9781.98540947085
2019-01-02 20:00:00,9560.932817466308
2019-01-02 20:30:00,9667.715631289051
2019-01-02 21:00:00,9200.484181245363
2019-01-02 21:30:00,9059.498197545654
2019-01-02 22:00:00,8718.175189928943
2019-01-02 22:30:00,8582.761264527677
2019-01-02 23:00:00,8305.363417850065
2019-01-02 23:30:00,7996.7079291506025
2019-01-03 00:00:00,7847.4064838190225
2019-01-03 00:30:00,7586.331467945772
2019-01-03 01:00:00,7243.361815836299
2019-01-03 01:30:00,6973.202102644941
2019-01-03 02:00:00,6681.1573364794585
2019-01-03 02:30:00,6508.235825276246
2019-01-03 03:00:00,6455.034771635507
2019-01-03 03:30:00,6455.034771635507
2019-01-03 04:00:00,6524.32447872757
2019-01-03 04:30:00,6663.1189458652225
2019-01-03 05:00:00,6739.869888931466
2019-01-03 05:30:00,7026.923190580862
2019-01-03 06:00:00,7281.938924875867
2019-01-03 06:30:00,7646.790378186617
2019-01-03 07:00:00,8005.325669009178
2019-01-03 07:30:00,8224.398561642844
2019-01-03 08:00:00,8619.85648972171
2019-01-03 08:30:00,8881.9694424755
2019-01-03 09:00:00,9078.925324103411
2019-01-03 09:30:00,9301.501455664682
2019-01-03 10:00:00,9518.696919280617
2019-01-03 10:30:00,9748.600634454406
2019-01-03 11:00:00,9907.680467581198
2019-01-03 11:30:00,10082.517702617359
2019-01-03 12:00:00,10421.875750953253
2019-01-03 12:30:00,10479.76755634316
2019-01-03 13:00:00,10532.560373470518
2019-01-03 13:30:00,10765.268599598221
2019-01-03 14:00:00,10947.275672166454
2019-01-03 14:30:00,10989.781622708331
2019-01-03 15:00:00,11043.5383638135
2019-01-03 15:30:00,10757.149597422358
2019-01-03 16:00:00,10759.091792593246
2019-01-03 16:30:00,10700.23806020548
2019-01-03 17:00:00,10623.484481076444
2019-01-03 17:30:00,10551.305832501814
2019-01-03 18:00:00,10245.812961426042
2019-01-03 18:30:00,10210.648752597373
2019-01-03 19:00:00,9966.391524260936
2019-01-03 19:30:00,9816.761739739382
2019-01-03 20:00:00,9617.905798344762
2019-01-03 20:30:00,9435.047306815048
2019-01-03 21:00:00,9110.862531009338
2019-01-03 21:30:00,8967.036865538206
2019-01-03 22:00:00,8583.69598900624
2019-01-03 22:30:00,8533.379675224007
2019-01-03 23:00:00,8167.872317184463
2019-01-03 23:30:00,8019.210305274211
2019-01-04 00:00:00,7891.828608876652
2019-01-04 00:30:00,7630.328025416615
2019-01-04 01:00:00,7323.556049657525
2019-01-04 01:30:00,7128.708840491201
2019-01-04 02:00:00,6821.647089144627
2019-01-04 02:30:00,6727.08036455596
2019-01-04 03:00:00,6665.612271742869
2019-01-04 03:30:00,6652.684331407879
2019-01-04 04:00:00,6604.704213653299
2019-01-04 04:30:00,6706.128808606569
2019-01-04 05:00:00,6841.220240734386
2019-01-04 05:30:00,7064.492895587866
2019-01-04 06:00:00,7295.6477200409045
2019-01-04 06:30:00,7699.695835888323
2019-01-04 07:00:00,8078.885258809452
2019-01-04 07:30:00,8347.270672853183
2019-01-04 08:00:00,8666.100545228413
2019-01-04 08:30:00,8817.338259769702
2019-01-04 09:00:00,9033.455330014192
2019-01-04 09:30:00,9205.858999455371
2019-01-04 10:00:00,9387.920517671579
2019-01-04 10:30:00,9462.614550276365
2019-01-04 11:00:00,9596.228769238987
2019-01-04 11:30:00,9663.17562797301
2019-01-04 12:00:00,9835.562544917899
2019-01-04 12:30:00,9926.353429537334
2019-01-04 13:00:00,9999.872658769931
2019-01-04 13:30:00,10100.620357190155
2019-01-04 14:00:00,10218.532248476356
2019-01-04 14:30:00,10627.57099095472
2019-01-04 15:00:00,10840.078146270062
2019-01-04 15:30:00,10727.31080585993
2019-01-04 16:00:00,10778.896346650154
2019-01-04 16:30:00,10696.838770092849
2019-01-04 17:00:00,10553.582596960357
2019-01-04 17:30:00,10414.717575898518
2019-01-04 18:00:00,10027.349975880446
2019-01-04 18:30:00,10008.305813025001
2019-01-04 19:00:00,9723.505127550532
2019-01-04 19:30:00,9618.307629301458
2019-01-04 20:00:00,9532.382342193714
2019-01-04 20:30:00,9335.345645394586
2019-01-04 21:00:00,8961.261599322786
2019-01-04 21:30:00,8909.799799433293
2019-01-04 22:00:00,8825.610594715294
2019-01-04 22:30:00,8614.707876769457
2019-01-04 23:00:00,8386.924099096457
2019-01-04 23:30:00,8176.28613363747
2019-01-05 00:00:00,7735.46928600267
2019-01-05 00:30:00,7453.698857227143
2019-01-05 01:00:00,7161.736004433604
2019-01-05 01:30:00,6950.879032118887
2019-01-05 02:00:00,6574.6118723352465
2019-01-05 02:30:00,6537.842608156183
2019-01-05 03:00:00,6384.11108305956
2019-01-05 03:30:00,6416.090379177773
2019-01-05 04:00:00,6406.032887577944
2019-01-05 04:30:00,6461.736382126755
2019-01-05 05:00:00,6310.630411524209
2019-01-05 05:30:00,6551.390982505786
2019-01-05 06:00:00,6656.382979793085
2019-01-05 06:30:00,6756.931219297723
2019-01-05 07:00:00,7028.265766904518
2019-01-05 07:30:00,7066.136598111567
2019-01-05 08:00:00,7732.844111570014
2019-01-05 08:30:00,7960.112152112747
2019-01-05 09:00:00,8204.163213847076
2019-01-05 09:30:00,8241.588671910402
2019-01-05 10:00:00,8440.526983696946
2019-01-05 10:30:00,8643.151127179588
2019-01-05 11:00:00,8770.858142645839
2019-01-05 11:30:00,9001.822631522817
2019-01-05 12:00:00,9131.487608812435
2019-01-05 12:30:00,9270.230410863238
2019-01-05 13:00:00,9348.114809588898
2019-01-05 13:30:00,9495.408928124607
2019-01-05 14:00:00,9709.00918750062
2019-01-05 14:30:00,9921.733905693314
2019-01-05 15:00:00,9925.906666673704
2019-01-05 15:30:00,10215.39677015661
2019-01-05 16:00:00,10217.136597326831
2019-01-05 16:30:00,10239.742213957954
2019-01-05 17:00:00,10159.948424394115
2019-01-05 17:30:00,10197.556488100474
2019-01-05 18:00:00,9906.9944383269
2019-01-05 18:30:00,9813.165142254149
2019-01-05 19:00:00,9481.52131122569
2019-01-05 19:30:00,9449.014570995963
2019-01-05 20:00:00,9313.62820762966
2019-01-05 20:30:00,9288.001009117745
2019-01-05 21:00:00,9007.881493359338
2019-01-05 21:30:00,8844.274508282364
2019-01-05 22:00:00,8569.564024280873
2019-01-05 22:30:00,8356.302763263773
2019-01-05 23:00:00,8235.954078275801
2019-01-05 23:30:00,7986.124029024
2019-01-06 00:00:00,7815.225769193924
2019-01-06 00:30:00,7567.35763298099
2019-01-06 01:00:00,7220.8294384173405
2019-01-06 01:30:00,6944.531177559878
2019-01-06 02:00:00,6746.899887531134
2019-01-06 02:30:00,6572.580366177883
2019-01-06 03:00:00,6486.824984898467
2019-01-06 03:30:00,6416.453618763997
2019-01-06 04:00:00,6340.61821343159
2019-01-06 04:30:00,6396.390207002266
2019-01-06 05:00:00,6424.731079305845
2019-01-06 05:30:00,6521.214084704103
2019-01-06 06:00:00,6580.843246705835
2019-01-06 06:30:00,6876.05093869624
2019-01-06 07:00:00,7104.0334781671745
2019-01-06 07:30:00,7421.721008168418
2019-01-06 08:00:00,7353.332202856399
2019-01-06 08:30:00,7767.86050624285
2019-01-06 09:00:00,7696.925921698774
2019-01-06 09:30:00,7995.075478337538
2019-01-06 10:00:00,8867.698903967532
2019-01-06 10:30:00,9154.487710469544
2019-01-06 11:00:00,9255.41924646891
2019-01-06 11:30:00,9606.766784643716
2019-01-06 12:00:00,10014.356608972024
2019-01-06 12:30:00,10047.087266532442
2019-01-06 13:00:00,10158.287986215468
2019-01-06 13:30:00,10052.811514244686
2019-01-06 14:00:00,9805.415012013802
2019-01-06 14:30:00,9555.864321039153
2019-01-06 15:00:00,9453.287169645424
2019-01-06 15:30:00,9399.843709799668
2019-01-06 16:00:00,9340.26104336561
2019-01-06 16:30:00,9276.664686535121
2019-01-06 17:00:00,9245.266451584856
2019-01-06 17:30:00,9048.229754785727
2019-01-06 18:00:00,8934.965112642882
2019-01-06 18:30:00,8717.53354830886
2019-01-06 19:00:00,8530.728760285154
2019-01-06 19:30:00,8463.498386193152
2019-01-06 20:00:00,8384.522299197475
2019-01-06 20:30:00,8234.883162797536
2019-01-06 21:00:00,7860.545791960818
2019-01-06 21:30:00,7759.174605826796
2019-01-06 22:00:00,7419.972570750631
2019-01-06 22:30:00,7348.473187253749
2019-01-06 23:00:00,7143.0664156669145
2019-01-06 23:30:00,7018.733179092068
2019-01-07 00:00:00,7108.451339425601
2019-01-07 00:30:00,6934.64790380865
2019-01-07 01:00:00,6666.068646648606
2019-01-07 01:30:00,6395.424284287482
2019-01-07 02:00:00,6304.3053691915275
2019-01-07 02:30:00,6223.332694850808
2019-01-07 03:00:00,6276.567469343712
2019-01-07 03:30:00,6276.567469343712
2019-01-07 04:00:00,6321.277048565075
2019-01-07 04:30:00,6358.116249691096
2019-01-07 05:00:00,6818.049382877813
2019-01-07 05:30:00,6852.682829575791
2019-01-07 06:00:00,7451.420249436603
2019-01-07 06:30:00,7643.962183944833
2019-01-07 07:00:00,8068.361313967793
2019-01-07 07:30:00,8316.410450716603
2019-01-07 08:00:00,8132.613030546806
2019-01-07 08:30:00,8319.477122374057
2019-01-07 09:00:00,8222.988299203886
2019-01-07 09:30:00,8345.249668142831
2019-01-07 10:00:00,8384.111315287866
2019-01-07 10:30:00,8384.111315287866
2019-01-07 11:00:00,8320.25892038053
2019-01-07 11:30:00,8123.009992151984
2019-01-07 12:00:00,8171.955346553532
2019-01-07 12:30:00,8070.135461878659
2019-01-07 13:00:00,8204.069233581742
2019-01-07 13:30:00,8233.057682531336
2019-01-07 14:00:00,8204.84730960363
2019-01-07 14:30:00,8310.578016023625
2019-01-07 15:00:00,8456.976723941878
2019-01-07 15:30:00,8529.51702060589
2019-01-07 16:00:00,8595.365813249811
2019-01-07 16:30:00,8711.87600943843
2019-01-07 17:00:00,8767.75604859398
2019-01-07 17:30:00,8876.561887746297
2019-01-07 18:00:00,8810.993561574734
2019-01-07 18:30:00,8745.701631565938
2019-01-07 19:00:00,8560.267955470683
2019-01-07 19:30:00,8453.248957034297
2019-01-07 20:00:00,8349.624597486863
2019-01-07 20:30:00,8230.777519208501
2019-01-07 21:00:00,8166.35002883472
2019-01-07 21:30:00,8036.060019306885
2019-01-07 22:00:00,7904.992925563891
2019-01-07 22:30:00,7782.731556624941
2019-01-07 23:00:00,7469.562218248254
2019-01-07 23:30:00,7361.313791160958
2019-01-08 00:00:00,7159.3463177700705
2019-01-08 00:30:00,7076.8904184204075
2019-01-08 01:00:00,6836.654775125739
2019-01-08 01:30:00,6634.83744015047
2019-01-08 02:00:00,6406.847553534847
2019-01-08 02:30:00,6313.378159771656
2019-01-08 03:00:00,6220.551660547578
2019-01-08 03:30:00,6276.799846811473
2019-01-08 04:00:00,6297.119562090599
2019-01-08 04:30:00,6502.878311223503
2019-01-08 05:00:00,6740.632916115903
2019-01-08 05:30:00,7148.15580839035
2019-01-08 06:00:00,7563.2787026465
2019-01-08 06:30:00,7718.336293003324
2019-01-08 07:00:00,8089.683512992415
2019-01-08 07:30:00,8261.51978110314
2019-01-08 08:00:00,8454.260386788317
2019-01-08 08:30:00,8607.016939887526
2019-01-08 09:00:00,8634.427831992984
2019-01-08 09:30:00,8640.467853090804
2019-01-08 10:00:00,8649.172036561187
2019-01-08 10:30:00,8648.02436278563
2019-01-08 11:00:00,8638.68168036262
2019-01-08 11:30:00,8681.810299271478
2019-01-08 12:00:00,8686.000779414551
2019-01-08 12:30:00,8729.511255656711
2019-01-08 13:00:00,8721.727673979049
2019-01-08 13:30:00,8715.687652881228
2019-01-08 14:00:00,8727.803015559515
2019-01-08 14:30:00,8727.803015559515
2019-01-08 15:00:00,8860.81668722315
2019-01-08 15:30:00,8892.436318473226
2019-01-08 16:00:00,8937.500181943376
2019-01-08 16:30:00,8950.192107311796
2019-01-08 17:00:00,9162.508652570523
2019-01-08 17:30:00,9062.42664796823
2019-01-08 18:00:00,9014.934600032844
2019-01-08 18:30:00,8921.22266337421
2019-01-08 19:00:00,8808.456815599104
2019-01-08 19:30:00,8808.456815599104
2019-01-08 20:00:00,8814.454554242699
2019-01-08 20:30:00,8725.328867431295
2019-01-08 21:00:00,8420.615022405529
2019-01-08 21:30:00,8384.258925907568
2019-01-08 22:00:00,8257.725295874594
2019-01-08 22:30:00,8257.725295874594
2019-01-08 23:00:00,8045.149246050992
2019-01-08 23:30:00,7883.023009863561
2019-01-09 00:00:00,7607.356484827827
2019-01-09 00:30:00,7313.647736743536
2019-01-09 01:00:00,7087.137251274812
2019-01-09 01:30:00,6922.29971390531
2019-01-09 02:00:00,6616.40366222107
2019-01-09 02:30:00,6456.4600660992155
2019-01-09 03:00:00,6416.28409477707
2019-01-09 03:30:00,6410.091916245602
2019-01-09 04:00:00,6459.157162352787
2019-01-09 04:30:00,6624.368269006785
2019-01-09 05:00:00,6824.818515821655
2019-01-09 05:30:00,7174.044651235759
2019-01-09 06:00:00,7521.348873011775
2019-01-09 06:30:00,7843.200524052586
2019-01-09 07:00:00,8324.274754748978
2019-01-09 07:30:00,8553.33469329253
2019-01-09 08:00:00,8858.607233392528
2019-01-09 08:30:00,9029.051582664997
2019-01-09 09:00:00,9087.629759922085
2019-01-09 09:30:00,9185.325680884514
2019-01-09 10:00:00,9318.584769370767
2019-01-09 10:30:00,9348.169047778374
2019-01-09 11:00:00,9443.800277996184
2019-01-09 11:30:00,9544.662121755675
2019-01-09 12:00:00,9702.302552476913
2019-01-09 12:30:00,9817.672961386494
2019-01-09 13:00:00,9937.22950104295
2019-01-09 13:30:00,10030.957735917513
2019-01-09 14:00:00,10233.850808558609
2019-01-09 14:30:00,10366.473369451987
2019-01-09 15:00:00,10631.505133406452
2019-01-09 15:30:00,10810.299073962162
2019-01-09 16:00:00,10788.347097137033
2019-01-09 16:30:00,10768.75902508182
2019-01-09 17:00:00,10775.812792915678
2019-01-09 17:30:00,10622.183008236565
2019-01-09 18:00:00,10285.26535193083
2019-01-09 18:30:00,9951.240625441895
2019-01-09 19:00:00,9717.49633422596
2019-01-09 19:30:00,9638.798563723167
2019-01-09 20:00:00,9623.238416493941
2019-01-09 20:30:00,9302.563984705552
2019-01-09 21:00:00,8916.350332824934
2019-01-09 21:30:00,8682.988341842021
2019-01-09 22:00:00,8494.090974952836
2019-01-09 22:30:00,8336.444011795096
2019-01-09 23:00:00,8077.899797133126
2019-01-09 23:30:00,7808.302360360236
2019-01-10 00:00:00,7807.123413009956
2019-01-10 00:30:00,7522.380307016095
2019-01-10 01:00:00,7233.650572182081
2019-01-10 01:30:00,6944.388910949931
2019-01-10 02:00:00,6711.924131577167
2019-01-10 02:30:00,6584.6609410989195
2019-01-10 03:00:00,6533.364591672575
2019-01-10 03:30:00,6495.9947194881925
2019-01-10 04:00:00,6566.622550484683
2019-01-10 04:30:00,6748.388510036438
2019-01-10 05:00:00,6933.723311818555
2019-01-10 05:30:00,7173.050280697862
2019-01-10 06:00:00,7612.699485909018
2019-01-10 06:30:00,7963.613873121067
2019-01-10 07:00:00,8313.736228164962
2019-01-10 07:30:00,8488.909003743964
2019-01-10 08:00:00,8840.868631030206
2019-01-10 08:30:00,8959.733767548423
2019-01-10 09:00:00,9247.020553162734
2019-01-10 09:30:00,9435.773459170608
2019-01-10 10:00:00,9650.119602853832
2019-01-10 10:30:00,9831.669122275705
2019-01-10 11:00:00,9786.854948694721
2019-01-10 11:30:00,9863.031109543788
2019-01-10 12:00:00,9986.908238592603
2019-01-10 12:30:00,10045.807436482599
2019-01-10 13:00:00,10237.215783201622
2019-01-10 13:30:00,10236.183380211496
2019-01-10 14:00:00,10289.506142222825
2019-01-10 14:30:00,10293.954487766976
2019-01-10 15:00:00,10241.15881881491
2019-01-10 15:30:00,10245.607164359062
2019-01-10 16:00:00,10300.992819375706
2019-01-10 16:30:00,10149.355322815065
2019-01-10 17:00:00,9983.693648053819
2019-01-10 17:30:00,9738.577099916434
2019-01-10 18:00:00,9576.798769970203
2019-01-10 18:30:00,9542.764394754082
2019-01-10 19:00:00,9304.43326060461
2019-01-10 19:30:00,9239.049679869511
2019-01-10 20:00:00,9174.758926067278
2019-01-10 20:30:00,9035.239493113131
2019-01-10 21:00:00,8684.617389765295
2019-01-10 21:30:00,8494.570302194837
2019-01-10 22:00:00,8256.735964681671
2019-01-10 22:30:00,8149.393355200256
2019-01-10 23:00:00,7975.749083690674
2019-01-10 23:30:00,7839.067125363953
2019-01-11 00:00:00,7750.292370154354
2019-01-11 00:30:00,7589.448333861329
2019-01-11 01:00:00,7280.453933938976
2019-01-11 01:30:00,6991.766447907519
2019-01-11 02:00:00,6755.064266532147
2019-01-11 02:30:00,6614.873135718909
2019-01-11 03:00:00,6622.510156024319
2019-01-11 03:30:00,6577.602919571116
2019-01-11 04:00:00,6606.849520104508
2019-01-11 04:30:00,6788.615479656262
2019-01-11 05:00:00,6927.550503004184
2019-01-11 05:30:00,7216.237989035641
2019-01-11 06:00:00,7633.256111625757
2019-01-11 06:30:00,7952.152637136791
2019-01-11 07:00:00,8249.149486596407
2019-01-11 07:30:00,8467.559176560226
2019-01-11 08:00:00,8600.263876753428
2019-01-11 08:30:00,8669.00152746027
2019-01-11 09:00:00,8814.413421177143
2019-01-11 09:30:00,8868.00313954979
2019-01-11 10:00:00,8856.725227519388
2019-01-11 10:30:00,8788.478642467082
2019-01-11 11:00:00,8760.11398954741
2019-01-11 11:30:00,8737.111203879173
2019-01-11 12:00:00,8729.393119268048
2019-01-11 12:30:00,8729.393119268048
2019-01-11 13:00:00,8747.753266544778
2019-01-11 13:30:00,8830.02756561233
2019-01-11 14:00:00,8915.895246608507
2019-01-11 14:30:00,8946.30001267949
2019-01-11 15:00:00,9046.565495002318
2019-01-11 15:30:00,9111.390895351678
2019-01-11 16:00:00,9158.754214908433
2019-01-11 16:30:00,9198.836904364493
2019-01-11 17:00:00,9097.152957807937
2019-01-11 17:30:00,9081.799931635123
2019-01-11 18:00:00,8958.406637781709
2019-01-11 18:30:00,8802.982758515467
2019-01-11 19:00:00,8650.76203117488
2019-01-11 19:30:00,8601.933837854698
2019-01-11 20:00:00,8663.911115435716
2019-01-11 20:30:00,8428.611725047262
2019-01-11 21:00:00,8305.175281806398
2019-01-11 21:30:00,8298.98310327493
2019-01-11 22:00:00,8087.5939467500175
2019-01-11 22:30:00,8044.782937585716
2019-01-11 23:00:00,7814.051716525138
2019-01-11 23:30:00,7692.971691733785
2019-01-12 00:00:00,7309.015264137151
2019-01-12 00:30:00,7202.1428998241145
2019-01-12 01:00:00,6950.879032118887
2019-01-12 01:30:00,6749.439052820432
2019-01-12 02:00:00,6452.492229432218
2019-01-12 02:30:00,6333.843186798122
2019-01-12 03:00:00,6261.620878425474
2019-01-12 03:30:00,6261.620878425474
2019-01-12 04:00:00,6309.377364699791
2019-01-12 04:30:00,6423.47697247918
2019-01-12 05:00:00,6316.822590055677
2019-01-12 05:30:00,6636.09092911534
2019-01-12 06:00:00,6668.08420897711
2019-01-12 06:30:00,6784.982613854259
2019-01-12 07:00:00,7103.646626763388
2019-01-12 07:30:00,7210.397198735346
2019-01-12 08:00:00,7713.2046935314465
2019-01-12 08:30:00,7879.9875294057465
2019-01-12 09:00:00,8044.823982570279
2019-01-12 09:30:00,8044.823982570279
2019-01-12 10:00:00,8196.202821363213
2019-01-12 10:30:00,8206.903365986502
2019-01-12 11:00:00,8223.284582766748
2019-01-12 11:30:00,8194.477398835626
2019-01-12 12:00:00,8393.865666192463
2019-01-12 12:30:00,8512.804350063101
2019-01-12 13:00:00,8661.5417203873
2019-01-12 13:30:00,8963.413266784617
2019-01-12 14:00:00,9099.291301925343
2019-01-12 14:30:00,8876.06855742091
2019-01-12 15:00:00,8872.943166685309
2019-01-12 15:30:00,8828.171039927769
2019-01-12 16:00:00,8779.119687800521
2019-01-12 16:30:00,8779.119687800521
2019-01-12 17:00:00,8873.319966332934
2019-01-12 17:30:00,8717.330484207565
2019-01-12 18:00:00,8791.31930743776
2019-01-12 18:30:00,8599.43090637324
2019-01-12 19:00:00,8424.410235427767
2019-01-12 19:30:00,8414.17835141925
2019-01-12 20:00:00,8232.791165374781
2019-01-12 20:30:00,8189.102354912201
2019-01-12 21:00:00,7753.082664523985
2019-01-12 21:30:00,7701.5366551306
2019-01-12 22:00:00,7527.789120185116
2019-01-12 22:30:00,7478.808132891309
2019-01-12 23:00:00,7424.715660846636
2019-01-12 23:30:00,7363.1367650914
2019-01-13 00:00:00,7114.466462351272
2019-01-13 00:30:00,6959.272838197665
2019-01-13 01:00:00,6762.480875053838
2019-01-13 01:30:00,6374.330633814633
2019-01-13 02:00:00,6266.046668095759
2019-01-13 02:30:00,6117.864647732107
2019-01-13 03:00:00,6072.015923828493
2019-01-13 03:30:00,6109.386358793411
2019-01-13 04:00:00,6100.284961987652
2019-01-13 04:30:00,6097.570776258824
2019-01-13 05:00:00,6179.434085746697
2019-01-13 05:30:00,6249.123439765846
2019-01-13 06:00:00,6312.736528548555
2019-01-13 06:30:00,6594.916390145397
2019-01-13 07:00:00,6780.643759811174
2019-01-13 07:30:00,6969.268204028435
2019-01-13 08:00:00,7228.706764465937
2019-01-13 08:30:00,7447.026254618308
2019-01-13 09:00:00,7591.557445412962
2019-01-13 09:30:00,7667.495340670918
2019-01-13 10:00:00,7858.014507410064
2019-01-13 10:30:00,7969.774891927989
2019-01-13 11:00:00,8088.995501402166
2019-01-13 11:30:00,8188.845711618718
2019-01-13 12:00:00,8448.235711508349
2019-01-13 12:30:00,8499.483725726952
2019-01-13 13:00:00,8538.034372633976
2019-01-13 13:30:00,8913.831103441165
2019-01-13 14:00:00,9203.430237747867
2019-01-13 14:30:00,9341.87573758982
2019-01-13 15:00:00,9532.77264157855
2019-01-13 15:30:00,9571.72679710413
2019-01-13 16:00:00,9690.194087920978
2019-01-13 16:30:00,9819.61433127529
2019-01-13 17:00:00,9964.547916461926
2019-01-13 17:30:00,9920.26834101045
2019-01-13 18:00:00,10091.15791622659
2019-01-13 18:30:00,9970.582906260292
2019-01-13 19:00:00,9764.038255414793
2019-01-13 19:30:00,9488.325692683855
2019-01-13 20:00:00,9391.261762592485
2019-01-13 20:30:00,9079.782765202537
2019-01-13 21:00:00,8958.088070325723
2019-01-13 21:30:00,8648.115769809176
2019-01-13 22:00:00,8491.843297207452
2019-01-13 22:30:00,8209.73605090431
2019-01-13 23:00:00,7897.154644152848
2019-01-13 23:30:00,7592.447635406988
2019-01-14 00:00:00,7699.519608999344
2019-01-14 00:30:00,7563.122043655073
2019-01-14 01:00:00,7346.737465605941
2019-01-14 01:30:00,7087.063473283687
2019-01-14 02:00:00,6949.5044983472435
2019-01-14 02:30:00,6766.34259724808
2019-01-14 03:00:00,6635.325020643452
2019-01-14 03:30:00,6655.520727703281
2019-01-14 04:00:00,6749.187084282887
2019-01-14 04:30:00,6728.9913772230575
2019-01-14 05:00:00,7211.227851470967
2019-01-14 05:30:00,7150.1731420061315
2019-01-14 06:00:00,7911.397508956443
2019-01-14 06:30:00,8022.752006207259
2019-01-14 07:00:00,8591.935043735159
2019-01-14 07:30:00,8810.238014813887
2019-01-14 08:00:00,8740.452447977186
2019-01-14 08:30:00,8927.82060175886
2019-01-14 09:00:00,8895.570119646658
2019-01-14 09:30:00,9136.630608878484
2019-01-14 10:00:00,9122.022053436922
2019-01-14 10:30:00,9339.400152908014
2019-01-14 11:00:00,9331.867284031112
2019-01-14 11:30:00,9376.386011607845
2019-01-14 12:00:00,9454.03740926799
2019-01-14 12:30:00,9554.109049047258
2019-01-14 13:00:00,9631.01681846135
2019-01-14 13:30:00,9663.917362463104
2019-01-14 14:00:00,9748.982606399231
2019-01-14 14:30:00,9971.894200429811
2019-01-14 15:00:00,10074.285505217013
2019-01-14 15:30:00,10121.213995071841
2019-01-14 16:00:00,10136.05574303131
2019-01-14 16:30:00,10175.423331726532
2019-01-14 17:00:00,10217.37307150755
2019-01-14 17:30:00,10199.256530442095
2019-01-14 18:00:00,9969.870335605905
2019-01-14 18:30:00,9866.994722330366
2019-01-14 19:00:00,9462.795237658676
2019-01-14 19:30:00,9415.955817195005
2019-01-14 20:00:00,9282.477875360895
2019-01-14 20:30:00,9235.638454897224
2019-01-14 21:00:00,9219.884889451945
2019-01-14 21:30:00,8996.973295421365
2019-01-14 22:00:00,8859.962394924594
2019-01-14 22:30:00,8607.423338668215
2019-01-14 23:00:00,8333.058472757582
2019-01-14 23:30:00,8080.468779845679
2019-01-15 00:00:00,7741.485878735076
2019-01-15 00:30:00,7605.502364879987
2019-01-15 01:00:00,7494.103132206856
2019-01-15 01:30:00,7164.314385579867
2019-01-15 02:00:00,6888.338068966915
2019-01-15 02:30:00,6856.018587132146
2019-01-15 03:00:00,6780.469278817805
2019-01-15 03:30:00,6851.966195067748
2019-01-15 04:00:00,6848.8640520637755
2019-01-15 04:30:00,7262.393930392923
2019-01-15 05:00:00,7373.551864997084
2019-01-15 05:30:00,7664.663244636973
2019-01-15 06:00:00,8123.665788365327
2019-01-15 06:30:00,8438.812889155492
2019-01-15 07:00:00,8784.74769220624
2019-01-15 07:30:00,9107.36603851116
2019-01-15 08:00:00,9374.152335112942
2019-01-15 08:30:00,9609.52124400361
2019-01-15 09:00:00,9667.53053909834
2019-01-15 09:30:00,9764.644677691304
2019-01-15 10:00:00,9940.504947744184
2019-01-15 10:30:00,10091.61597304389
2019-01-15 11:00:00,10178.928572406434
2019-01-15 11:30:00,10277.062890374837
2019-01-15 12:00:00,10432.218690058931
2019-01-15 12:30:00,10541.859040399317
2019-01-15 13:00:00,10712.138867487127
2019-01-15 13:30:00,10895.944773735335
2019-01-15 14:00:00,11130.13646442114
2019-01-15 14:30:00,11190.671161200824
2019-01-15 15:00:00,11429.138638265273
2019-01-15 15:30:00,11489.896733253487
2019-01-15 16:00:00,11546.564923000797
2019-01-15 16:30:00,11682.788987726699
2019-01-15 17:00:00,11745.389301302352
2019-01-15 17:30:00,11745.389301302352
2019-01-15 18:00:00,11362.206610418149
2019-01-15 18:30:00,11264.65104465637
2019-01-15 19:00:00,10917.885175740259
2019-01-15 19:30:00,10599.164956733992
2019-01-15 20:00:00,10677.097994286949
2019-01-15 20:30:00,10521.431181065418
2019-01-15 21:00:00,9804.800062911747
2019-01-15 21:30:00,9577.5723895132
2019-01-15 22:00:00,9277.466638150794
2019-01-15 22:30:00,9209.328272666859
2019-01-15 23:00:00,8802.193400573555
2019-01-15 23:30:00,8566.509611811287
2019-01-16 00:00:00,8255.801240203107
2019-01-16 00:30:00,8083.539133121513
2019-01-16 01:00:00,7862.899309053427
2019-01-16 01:30:00,7549.470383649801
2019-01-16 02:00:00,7235.057326294254
2019-01-16 02:30:00,7126.591761861727
2019-01-16 03:00:00,7074.7651745327
2019-01-16 03:30:00,7006.034392248496
2019-01-16 04:00:00,6994.105236596286
2019-01-16 04:30:00,7188.24546625722
2019-01-16 05:00:00,7352.149680487513
2019-01-16 05:30:00,7806.149340798135
2019-01-16 06:00:00,8133.3786660513715
2019-01-16 06:30:00,8460.075731293795
2019-01-16 07:00:00,8904.570874022162
2019-01-16 07:30:00,9288.991568256799
2019-01-16 08:00:00,9634.70906054455
2019-01-16 08:30:00,9917.166364595909
2019-01-16 09:00:00,10091.108840045628
2019-01-16 09:30:00,10161.451429906649
2019-01-16 10:00:00,10403.882806592334
2019-01-16 10:30:00,10611.408786631468
2019-01-16 11:00:00,10870.076131535609
2019-01-16 11:30:00,10868.266466542127
2019-01-16 12:00:00,11080.377247399194
2019-01-16 12:30:00,11197.778470899808
2019-01-16 13:00:00,11477.002599639436
2019-01-16 13:30:00,11395.23360293929
2019-01-16 14:00:00,11296.878335895748
2019-01-16 14:30:00,11408.346460633184
2019-01-16 15:00:00,11294.39251867502
2019-01-16 15:30:00,11294.39251867502
2019-01-16 16:00:00,11411.102287096941
2019-01-16 16:30:00,11411.102287096941
2019-01-16 17:00:00,11179.899285387799
2019-01-16 17:30:00,11178.657610199185
2019-01-16 18:00:00,10772.169160441075
2019-01-16 18:30:00,10772.169160441075
2019-01-16 19:00:00,10249.011525764761
2019-01-16 19:30:00,9866.491601469223
2019-01-16 20:00:00,10467.254640525893
2019-01-16 20:30:00,10960.947475369527
2019-01-16 21:00:00,10287.427389149443
2019-01-16 21:30:00,9919.516853633839
2019-01-16 22:00:00,9561.295411680485
2019-01-16 22:30:00,9400.009428743513
2019-01-16 23:00:00,9158.816641456684
2019-01-16 23:30:00,8888.848251096679
2019-01-17 00:00:00,8665.392312016387
2019-01-17 00:30:00,8498.833385709844
2019-01-17 01:00:00,8184.084531787512
2019-01-17 01:30:00,7855.335779776937
2019-01-17 02:00:00,7585.298248890794
2019-01-17 02:30:00,7388.101234176636
2019-01-17 03:00:00,7206.079409408391
2019-01-17 03:30:00,7206.079409408391
2019-01-17 04:00:00,7284.137390168773
2019-01-17 04:30:00,7460.687390591924
2019-01-17 05:00:00,7612.263910053017
2019-01-17 05:30:00,7961.694414973105
2019-01-17 06:00:00,8394.554992316822
2019-01-17 06:30:00,8787.760206495232
2019-01-17 07:00:00,9203.699985186293
2019-01-17 07:30:00,9595.311604009288
2019-01-17 08:00:00,9957.48460477599
2019-01-17 08:30:00,10243.360195655461
2019-01-17 09:00:00,10452.280039874495
2019-01-17 09:30:00,10711.844874191464
2019-01-17 10:00:00,10909.81694718258
2019-01-17 10:30:00,11092.874135551843
2019-01-17 11:00:00,11136.092247568113
2019-01-17 11:30:00,11258.51320644934
2019-01-17 12:00:00,11233.002173409175
2019-01-17 12:30:00,11233.002173409175
2019-01-17 13:00:00,11199.696665463034
2019-01-17 13:30:00,11123.641535172015
2019-01-17 14:00:00,11233.424465567821
2019-01-17 14:30:00,11233.424465567821
2019-01-17 15:00:00,11112.80124455707
2019-01-17 15:30:00,11112.80124455707
2019-01-17 16:00:00,11100.065685427628
2019-01-17 16:30:00,11105.688447476266
2019-01-17 17:00:00,11005.245977293453
2019-01-17 17:30:00,11154.910098502723
2019-01-17 18:00:00,10665.079995010465
2019-01-17 18:30:00,10499.233483310109
2019-01-17 19:00:00,10014.909940001418
2019-01-17 19:30:00,9855.111863657054
2019-01-17 20:00:00,10644.186163056618
2019-01-17 20:30:00,10566.199260455134
2019-01-17 21:00:00,10145.517354170686
2019-01-17 21:30:00,10082.950819805083
2019-01-17 22:00:00,9689.458394154935
2019-01-17 22:30:00,9520.143843026626
2019-01-17 23:00:00,9155.690903440154
2019-01-17 23:30:00,8834.723860644626
2019-01-18 00:00:00,8614.707876769457
2019-01-18 00:30:00,8412.93677836095
2019-01-18 01:00:00,8204.138527012406
2019-01-18 01:30:00,7902.151655631176
2019-01-18 02:00:00,7707.722951145634
2019-01-18 02:30:00,7577.914810930514
2019-01-18 03:00:00,7428.58896399971
2019-01-18 03:30:00,7428.58896399971
2019-01-18 04:00:00,7518.4776803921295
2019-01-18 04:30:00,7723.703047259509
2019-01-18 05:00:00,7869.295015857893
2019-01-18 05:30:00,8191.713314168033
2019-01-18 06:00:00,8629.901018155986
2019-01-18 06:30:00,8721.15038887653
2019-01-18 07:00:00,9368.361296460698
2019-01-18 07:30:00,9701.024389531021
2019-01-18 08:00:00,10064.433997736156
2019-01-18 08:30:00,10322.018482100135
2019-01-18 09:00:00,10763.454309219405
2019-01-18 09:30:00,10972.881546014085
2019-01-18 10:00:00,11592.596400253662
2019-01-18 10:30:00,11398.132860967446
2019-01-18 11:00:00,10683.983797397408
2019-01-18 11:30:00,10881.727541586071
2019-01-18 12:00:00,10955.150569855112
2019-01-18 12:30:00,10637.819880430718
2019-01-18 13:00:00,11085.299648144948
2019-01-18 13:30:00,11179.20909188948
2019-01-18 14:00:00,11852.555524443384
2019-01-18 14:30:00,11852.555524443384
2019-01-18 15:00:00,11807.98743372365
2019-01-18 15:30:00,11807.98743372365
2019-01-18 16:00:00,11719.19674430319
2019-01-18 16:30:00,11719.19674430319
2019-01-18 17:00:00,11593.028546976488
2019-01-18 17:30:00,11957.16845968794
2019-01-18 18:00:00,11497.28259320281
2019-01-18 18:30:00,11225.153726472989
2019-01-18 19:00:00,10564.38727788739
2019-01-18 19:30:00,10609.693278792307
2019-01-18 20:00:00,10792.510875012917
2019-01-18 20:30:00,11087.292847155735
2019-01-18 21:00:00,10344.173319993239
2019-01-18 21:30:00,10118.791468732741
2019-01-18 22:00:00,9776.050939527637
2019-01-18 22:30:00,9577.906628601568
2019-01-18 23:00:00,9341.501633067073
2019-01-18 23:30:00,9113.515812353597
2019-01-19 00:00:00,8355.469835869366
2019-01-19 00:30:00,8097.4047603326835
2019-01-19 01:00:00,7700.088733285935
2019-01-19 01:30:00,7427.4412165749
2019-01-19 02:00:00,7358.883037570348
2019-01-19 02:30:00,7253.77821100984
2019-01-19 03:00:00,7017.664393769126
2019-01-19 03:30:00,6979.591106532837
2019-01-19 04:00:00,6802.003182403342
2019-01-19 04:30:00,6906.546822551193
2019-01-19 05:00:00,7056.5552602208145
2019-01-19 05:30:00,7210.78336367781
2019-01-19 06:00:00,7140.713408204913
2019-01-19 06:30:00,7670.964510033777
2019-01-19 07:00:00,7904.868570737702
2019-01-19 07:30:00,8215.032307313952
2019-01-19 08:00:00,8978.570694305456
2019-01-19 08:30:00,9100.135871817305
2019-01-19 09:00:00,9239.491447345972
2019-01-19 09:30:00,9330.89472149789
2019-01-19 10:00:00,9607.251281169887
2019-01-19 10:30:00,9734.977101848428
2019-01-19 11:00:00,9775.810002044367
2019-01-19 11:30:00,9559.385083091094
2019-01-19 12:00:00,9746.308172090237
2019-01-19 12:30:00,9769.86918412553
2019-01-19 13:00:00,9558.892734854438
2019-01-19 13:30:00,9876.826427515995
2019-01-19 14:00:00,10407.707556033307
2019-01-19 14:30:00,10380.138704744984
2019-01-19 15:00:00,10334.674244844873
2019-01-19 15:30:00,10497.063252400976
2019-01-19 16:00:00,10417.069134726564
2019-01-19 16:30:00,10417.069134726564
2019-01-19 17:00:00,10186.172516402623
2019-01-19 17:30:00,10186.172516402623
2019-01-19 18:00:00,9773.162063627378
2019-01-19 18:30:00,9773.162063627378
2019-01-19 19:00:00,9571.908977075373
2019-01-19 19:30:00,9287.132743293905
2019-01-19 20:00:00,9041.063183372667
2019-01-19 20:30:00,9041.063183372667
2019-01-19 21:00:00,8720.836043719099
2019-01-19 21:30:00,8499.872739155917
2019-01-19 22:00:00,8876.28867089364
2019-01-19 22:30:00,8668.217205887519
2019-01-19 23:00:00,8490.656569377124
2019-01-19 23:30:00,8137.354483510964
2019-01-20 00:00:00,7946.213621091833
2019-01-20 00:30:00,7820.279095461867
2019-01-20 01:00:00,7625.5075738228
2019-01-20 01:30:00,7382.234425763908
2019-01-20 02:00:00,7271.155449921439
2019-01-20 02:30:00,7133.2710951166355
2019-01-20 03:00:00,7088.358603932064
2019-01-20 03:30:00,7062.003003658807
2019-01-20 04:00:00,7021.783680901053
2019-01-20 04:30:00,7002.190131480053
2019-01-20 05:00:00,7063.353246989546
2019-01-20 05:30:00,7125.76304211722
2019-01-20 06:00:00,7240.812652276722
2019-01-20 06:30:00,7455.690983331694
2019-01-20 07:00:00,7634.377099569988
2019-01-20 07:30:00,7894.596232601428
2019-01-20 08:00:00,8014.621273114119
2019-01-20 08:30:00,8261.110347837894
2019-01-20 09:00:00,8342.119031823866
2019-01-20 09:30:00,8527.9914107771
2019-01-20 10:00:00,8850.24462152315
2019-01-20 10:30:00,8942.371561918992
2019-01-20 11:00:00,9002.422477818096
2019-01-20 11:30:00,8786.358370673563
2019-01-20 12:00:00,8738.0754560582
2019-01-20 12:30:00,8794.367782902322
2019-01-20 13:00:00,8722.978520426934
2019-01-20 13:30:00,8653.38126057835
2019-01-20 14:00:00,8610.877884387332
2019-01-20 14:30:00,8694.95301181475
2019-01-20 15:00:00,8679.463383221579
2019-01-20 15:30:00,8731.107945517086
2019-01-20 16:00:00,8746.33298152986
2019-01-20 16:30:00,8690.425335719347
2019-01-20 17:00:00,8863.089288517527
2019-01-20 17:30:00,8818.215205287563
2019-01-20 18:00:00,8900.449520453472
2019-01-20 18:30:00,8851.057288679827
2019-01-20 19:00:00,8730.225122326978
2019-01-20 19:30:00,8683.021434510334
2019-01-20 20:00:00,8583.075493337772
2019-01-20 20:30:00,8501.631194093268
2019-01-20 21:00:00,8266.344322673
2019-01-20 21:30:00,8114.889538046735
2019-01-20 22:00:00,7925.206719975138
2019-01-20 22:30:00,7805.1250282772135
2019-01-20 23:00:00,7551.5427122095125
2019-01-20 23:30:00,7365.0297704020995
2019-01-21 00:00:00,7583.363841735657
2019-01-21 00:30:00,7453.511558122395
2019-01-21 01:00:00,7201.577688154277
2019-01-21 01:30:00,6897.7589013771285
2019-01-21 02:00:00,6723.24048152953
2019-01-21 02:30:00,6593.633508710291
2019-01-21 03:00:00,6673.502075374616
2019-01-21 03:30:00,6592.222904924903
2019-01-21 04:00:00,6767.168431954221
2019-01-21 04:30:00,6685.889261504508
2019-01-21 05:00:00,7188.350196737295
2019-01-21 05:30:00,7344.0343092292
2019-01-21 06:00:00,7979.649890488709
2019-01-21 06:30:00,8199.21306014791
2019-01-21 07:00:00,8792.290239679074
2019-01-21 07:30:00,9006.829735049536
2019-01-21 08:00:00,8928.557613853609
2019-01-21 08:30:00,9321.580592703503
2019-01-21 09:00:00,9130.230126790679
2019-01-21 09:30:00,9157.12916005565
2019-01-21 10:00:00,9102.578470996961
2019-01-21 10:30:00,9176.072154120156
2019-01-21 11:00:00,9244.283176923695
2019-01-21 11:30:00,9339.170557480395
2019-01-21 12:00:00,9446.085508454089
2019-01-21 12:30:00,9501.694354514913
2019-01-21 13:00:00,9589.389053537661
2019-01-21 13:30:00,9669.426486985796
2019-01-21 14:00:00,9748.982606399231
2019-01-21 14:30:00,9975.104083674707
2019-01-21 15:00:00,10121.213995071841
2019-01-21 15:30:00,10209.683221937812
2019-01-21 16:00:00,10341.206751308471
2019-01-21 16:30:00,10393.210933134751
2019-01-21 17:00:00,10505.721480634958
2019-01-21 17:30:00,10355.03331550454
2019-01-21 18:00:00,10160.850932598665
2019-01-21 18:30:00,10051.07771814363
2019-01-21 19:00:00,9748.991925204671
2019-01-21 19:30:00,9748.991925204671
2019-01-21 20:00:00,9618.56733650303
2019-01-21 20:30:00,9344.369342692191
2019-01-21 21:00:00,9359.29939911375
2019-01-21 21:30:00,9296.18147138104
2019-01-21 22:00:00,9073.29453300808
2019-01-21 22:30:00,8948.066955519314
2019-01-21 23:00:00,8619.024431879172
2019-01-21 23:30:00,8413.501725548509
2019-01-22 00:00:00,7963.275214015947
2019-01-22 00:30:00,7814.105554921493
2019-01-22 01:00:00,7779.1998430177955
2019-01-22 01:30:00,7509.258326466622
2019-01-22 02:00:00,7127.40223147642
2019-01-22 02:30:00,6957.718911251616
2019-01-22 03:00:00,6919.199289405103
2019-01-22 03:30:00,6975.376462188614
2019-01-22 04:00:00,7145.567567719139
2019-01-22 04:30:00,7321.469989825392
2019-01-22 05:00:00,7489.392580051137
2019-01-22 05:30:00,7882.730416860579
2019-01-22 06:00:00,8248.600472611284
2019-01-22 06:30:00,8640.583987563998
2019-01-22 07:00:00,8965.596336526378
2019-01-22 07:30:00,9193.335814702135
2019-01-22 08:00:00,9494.454233623268
2019-01-22 08:30:00,9707.585790540556
2019-01-22 09:00:00,9867.921201244524
2019-01-22 09:30:00,9827.706102220527
2019-01-22 10:00:00,10050.154615483541
2019-01-22 10:30:00,10094.803973520951
2019-01-22 11:00:00,10151.033742772252
2019-01-22 11:30:00,10205.649426217256
2019-01-22 12:00:00,10220.103098701717
2019-01-22 12:30:00,10190.590045674113
2019-01-22 13:00:00,10137.951512997739
2019-01-22 13:30:00,10386.281906838127
2019-01-22 14:00:00,10418.367480182615
2019-01-22 14:30:00,10531.31278361556
2019-01-22 15:00:00,10583.641011507763
2019-01-22 15:30:00,10722.001496335517
2019-01-22 16:00:00,10783.453474002514
2019-01-22 16:30:00,10799.820952881255
2019-01-22 17:00:00,10932.694645083728
2019-01-22 17:30:00,10916.327166204986
2019-01-22 18:00:00,10621.08921077385
2019-01-22 18:30:00,10593.41385371026
2019-01-22 19:00:00,10389.027939999378
2019-01-22 19:30:00,10273.334662632516
2019-01-22 20:00:00,10179.087842399415
2019-01-22 20:30:00,10045.204013915569
2019-01-22 21:00:00,9380.099174213117
2019-01-22 21:30:00,9270.037539917836
2019-01-22 22:00:00,9092.835234172231
2019-01-22 22:30:00,8988.768233668914
2019-01-22 23:00:00,8643.277177696735
2019-01-22 23:30:00,8423.739743281429
2019-01-23 00:00:00,8144.195547206686
2019-01-23 00:30:00,7955.659031764119
2019-01-23 01:00:00,7695.657553263167
2019-01-23 01:30:00,7372.310683235862
2019-01-23 02:00:00,7100.435108408227
2019-01-23 02:30:00,6970.147879162141
2019-01-23 03:00:00,6850.021710368097
2019-01-23 03:30:00,6833.286459383462
2019-01-23 04:00:00,6830.43854494144
2019-01-23 04:30:00,7027.28176533493
2019-01-23 05:00:00,7288.198519557836
2019-01-23 05:30:00,7705.302815842913
2019-01-23 06:00:00,8068.868036805266
2019-01-23 06:30:00,8481.443195450198
2019-01-23 07:00:00,8879.231107043568
2019-01-23 07:30:00,9267.363790197844
2019-01-23 08:00:00,9513.895991400932
2019-01-23 08:30:00,9744.455365307203
2019-01-23 09:00:00,9783.748195293196
2019-01-23 09:30:00,10010.246197692362
2019-01-23 10:00:00,10215.117451885622
2019-01-23 10:30:00,10318.276477852032
2019-01-23 11:00:00,10411.082894971296
2019-01-23 11:30:00,10529.156147955478
2019-01-23 12:00:00,10622.754306905837
2019-01-23 12:30:00,10877.906279369081
2019-01-23 13:00:00,11138.50424472271
2019-01-23 13:30:00,11274.106092307982
2019-01-23 14:00:00,11428.56782627105
2019-01-23 14:30:00,11428.961403044077
2019-01-23 15:00:00,11384.393312324344
2019-01-23 15:30:00,11288.769756626381
2019-01-23 16:00:00,11199.97906720592
2019-01-23 16:30:00,11205.60182925456
2019-01-23 17:00:00,11251.434596905943
2019-01-23 17:30:00,11313.19163840985
2019-01-23 18:00:00,10938.015672141431
2019-01-23 18:30:00,10817.475161345992
2019-01-23 19:00:00,10249.011525764761
2019-01-23 19:30:00,10728.7130389482
2019-01-23 20:00:00,10612.884583120736
2019-01-23 20:30:00,10330.259512763729
2019-01-23 21:00:00,10037.045241192935
2019-01-23 21:30:00,9803.343589369308
2019-01-23 22:00:00,9476.18558959258
2019-01-23 22:30:00,9182.223988900267
2019-01-23 23:00:00,9056.878993932074
2019-01-23 23:30:00,8653.406902507231
2019-01-24 00:00:00,8494.570302194837
2019-01-24 00:30:00,8256.735964681671
2019-01-24 01:00:00,7924.956161452682
2019-01-24 01:30:00,7576.374262072858
2019-01-24 02:00:00,7388.101234176636
2019-01-24 02:30:00,7174.515430238525
2019-01-24 03:00:00,7044.257082219088
2019-01-24 03:30:00,7097.03966977517
2019-01-24 04:00:00,7085.11051412296
2019-01-24 04:30:00,7328.814080907252
2019-01-24 05:00:00,7523.062026456565
2019-01-24 05:30:00,8052.770566026785
2019-01-24 06:00:00,8413.10512633732
2019-01-24 06:30:00,8732.739834643582
2019-01-24 07:00:00,9155.031746705185
2019-01-24 07:30:00,9450.869275886147
2019-01-24 08:00:00,9651.93619444459
2019-01-24 08:30:00,9952.041944541952
2019-01-24 09:00:00,10044.290814298854
2019-01-24 09:30:00,10257.578665496118
2019-01-24 10:00:00,10517.770647712341
2019-01-24 10:30:00,10703.578846039998
2019-01-24 11:00:00,10929.396796900313
2019-01-24 11:30:00,11104.834042363294
2019-01-24 12:00:00,11253.529990754292
2019-01-24 12:30:00,11244.23810690473
2019-01-24 13:00:00,11263.84833546575
2019-01-24 13:30:00,11263.84833546575
2019-01-24 14:00:00,11194.697134941964
2019-01-24 14:30:00,10984.192496667418
2019-01-24 15:00:00,10942.492429631393
2019-01-24 15:30:00,10757.149597422358
2019-01-24 16:00:00,10759.091792593246
2019-01-24 16:30:00,10698.304839352353
2019-01-24 17:00:00,10239.465247164359
2019-01-24 17:30:00,10043.822294147198
2019-01-24 18:00:00,10161.661181905405
2019-01-24 18:30:00,9796.496789264735
2019-01-24 19:00:00,9870.818711140155
2019-01-24 19:30:00,9816.20302769515
2019-01-24 20:00:00,9708.696682964197
2019-01-24 20:30:00,9522.337698851523
2019-01-24 21:00:00,9110.81938200736
2019-01-24 21:30:00,8925.81122433351
2019-01-24 22:00:00,8688.880473280302
2019-01-24 22:30:00,8620.14282257346
2019-01-24 23:00:00,8511.63007947452
2019-01-24 23:30:00,8198.292054152957
2019-01-25 00:00:00,8102.391525755417
2019-01-25 00:30:00,7848.7253760298645
2019-01-25 01:00:00,7607.573649345078
2019-01-25 01:30:00,7241.247138678497
2019-01-25 02:00:00,7081.781706344319
2019-01-25 02:30:00,6967.460326924179
2019-01-25 03:00:00,6874.843644580991
2019-01-25 03:30:00,6911.446086509946
2019-01-25 04:00:00,6944.547916526191
2019-01-25 04:30:00,7075.337789308224
2019-01-25 05:00:00,7340.041350574304
2019-01-25 05:30:00,7734.485318528313
2019-01-25 06:00:00,8134.849101514717
2019-01-25 06:30:00,8481.587914973068
2019-01-25 07:00:00,8755.68140569252
2019-01-25 07:30:00,8928.119564278648
2019-01-25 08:00:00,9125.031328464927
2019-01-25 08:30:00,9270.99499140241
2019-01-25 09:00:00,9439.87611308396
2019-01-25 09:30:00,9469.116019981795
2019-01-25 10:00:00,9607.714055004953
2019-01-25 10:30:00,9579.634038131848
2019-01-25 11:00:00,9583.129917488328
2019-01-25 11:30:00,9586.571076585726
2019-01-25 12:00:00,9652.704053388185
2019-01-25 12:30:00,9816.703761797977
2019-01-25 13:00:00,9906.144423895368
2019-01-25 13:30:00,10133.034588128125
2019-01-25 14:00:00,10418.066756770455
2019-01-25 14:30:00,10573.291948466864
2019-01-25 15:00:00,10727.31080585993
2019-01-25 15:30:00,10824.316818276273
2019-01-25 16:00:00,10906.381782282058
2019-01-25 16:30:00,10924.53086961414
2019-01-25 17:00:00,11037.648181889761
2019-01-25 17:30:00,10852.305349680726
2019-01-25 18:00:00,10665.131296055439
2019-01-25 18:30:00,10453.85950058
2019-01-25 19:00:00,10293.24424359825
2019-01-25 19:30:00,10205.625283417214
2019-01-25 20:00:00,10190.53439444562
2019-01-25 20:30:00,9938.891511453088
2019-01-25 21:00:00,9513.892915651884
2019-01-25 21:30:00,9375.990629263742
2019-01-25 22:00:00,9096.723838197511
2019-01-25 22:30:00,9005.092283726737
2019-01-25 23:00:00,8709.250357486238
2019-01-25 23:30:00,8481.543617567884
2019-01-26 00:00:00,7712.480045548189
2019-01-26 00:30:00,7686.76502515306
2019-01-26 01:00:00,7289.450687597957
2019-01-26 01:30:00,7168.651152655481
2019-01-26 02:00:00,7065.076723432435
2019-01-26 02:30:00,6972.383913066371
2019-01-26 03:00:00,6756.502703104436
2019-01-26 03:30:00,6799.07683193514
2019-01-26 04:00:00,6830.955192186022
2019-01-26 04:30:00,6908.755980758718
2019-01-26 05:00:00,6833.854422641377
2019-01-26 05:30:00,7042.6797875191005
2019-01-26 06:00:00,6923.674356441001
2019-01-26 06:30:00,7286.580967524022
2019-01-26 07:00:00,7634.870645341446
2019-01-26 07:30:00,7935.6783756968425
2019-01-26 08:00:00,8732.609067542011
2019-01-26 08:30:00,8902.324394396088
2019-01-26 09:00:00,9066.300418441184
2019-01-26 09:30:00,9073.990488823518
2019-01-26 10:00:00,9449.530506838604
2019-01-26 10:30:00,9377.496446551235
2019-01-26 11:00:00,9775.810002044367
2019-01-26 11:30:00,9775.810002044367
2019-01-26 12:00:00,9733.220470539336
2019-01-26 12:30:00,9922.909420507664
2019-01-26 13:00:00,10111.253813306972
2019-01-26 13:30:00,10301.263581537567
2019-01-26 14:00:00,10234.77548939843
2019-01-26 14:30:00,10542.527712301087
2019-01-26 15:00:00,10497.063252400976
2019-01-26 15:30:00,10497.063252400976
2019-01-26 16:00:00,10417.069134726564
2019-01-26 16:30:00,10417.069134726564
2019-01-26 17:00:00,10186.172516402623
2019-01-26 17:30:00,10186.172516402623
2019-01-26 18:00:00,10021.578000667838
2019-01-26 18:30:00,10021.578000667838
2019-01-26 19:00:00,9763.451714023513
2019-01-26 19:30:00,9441.077806554194
2019-01-26 20:00:00,9276.013839939276
2019-01-26 20:30:00,9631.030005380166
2019-01-26 21:00:00,9600.242235053738
2019-01-26 21:30:00,9548.005243630154
2019-01-26 22:00:00,9074.448293302157
2019-01-26 22:30:00,9049.95543631644
2019-01-26 23:00:00,8865.480797138955
2019-01-26 23:30:00,8488.471436532054
2019-01-27 00:00:00,8176.793525563304
2019-01-27 00:30:00,7891.134184583603
2019-01-27 01:00:00,7784.330345786597
2019-01-27 01:30:00,7565.555461217115
2019-01-27 02:00:00,7221.529125817291
2019-01-27 02:30:00,7143.687412437552
2019-01-27 03:00:00,7090.659435053524
2019-01-27 03:30:00,7024.2312063008485
2019-01-27 04:00:00,6965.857750169629
2019-01-27 04:30:00,6965.857750169629
2019-01-27 05:00:00,7042.366946226697
2019-01-27 05:30:00,7116.1348613801665
2019-01-27 06:00:00,7099.894964382694
2019-01-27 06:30:00,7364.803436420295
2019-01-27 07:00:00,7571.457658522816
2019-01-27 07:30:00,7850.892401959968
2019-01-27 08:00:00,8084.079680762253
2019-01-27 08:30:00,8294.85392140327
2019-01-27 09:00:00,8852.633063074936
2019-01-27 09:30:00,9046.069979294878
2019-01-27 10:00:00,9609.121295058712
2019-01-27 10:30:00,9605.061369332629
2019-01-27 11:00:00,10020.739376730475
2019-01-27 11:30:00,10119.97621711486
2019-01-27 12:00:00,10309.101133808188
2019-01-27 12:30:00,10388.44182946239
2019-01-27 13:00:00,10437.077574135114
2019-01-27 13:30:00,10432.122655287212
2019-01-27 14:00:00,10310.935679760423
2019-01-27 14:30:00,10316.059988070821
2019-01-27 15:00:00,10255.260931349447
2019-01-27 15:30:00,9968.583531011473
2019-01-27 16:00:00,9630.947722529503
2019-01-27 16:30:00,9630.947722529503
2019-01-27 17:00:00,9810.55646123244
2019-01-27 17:30:00,9726.630928289991
2019-01-27 18:00:00,10292.803150587386
2019-01-27 18:30:00,10362.825166402845
2019-01-27 19:00:00,10197.459951161545
2019-01-27 19:30:00,10078.342036980124
2019-01-27 20:00:00,10092.826354908182
2019-01-27 20:30:00,9775.053283956091
2019-01-27 21:00:00,9392.839966013124
2019-01-27 21:30:00,9354.783363194774
2019-01-27 22:00:00,9154.919821536407
2019-01-27 22:30:00,8880.622745026076
2019-01-27 23:00:00,8378.071053657763
2019-01-27 23:30:00,8191.712310102972
2019-01-28 00:00:00,7688.2463227881735
2019-01-28 00:30:00,7480.8805224434645
2019-01-28 01:00:00,7237.926325572186
2019-01-28 01:30:00,7006.856384695456
2019-01-28 02:00:00,7123.869053727758
2019-01-28 02:30:00,7134.493399800685
2019-01-28 03:00:00,7228.868512695443
2019-01-28 03:30:00,7031.61958446688
2019-01-28 04:00:00,7205.068180111185
2019-01-28 04:30:00,7205.068180111185
2019-01-28 05:00:00,7092.256190945944
2019-01-28 05:30:00,7092.256190945944
2019-01-28 06:00:00,7167.8361183170255
2019-01-28 06:30:00,7291.2618350360135
2019-01-28 07:00:00,7668.75634725608
2019-01-28 07:30:00,7740.102298680295
2019-01-28 08:00:00,8164.7459532126795
2019-01-28 08:30:00,8222.907593039188
2019-01-28 09:00:00,8098.9130092189425
2019-01-28 09:30:00,8243.9455932494
2019-01-28 10:00:00,8015.697317795914
2019-01-28 10:30:00,8263.645877217336
2019-01-28 11:00:00,8448.394881208327
2019-01-28 11:30:00,8595.016340440996
2019-01-28 12:00:00,8851.772140653606
2019-01-28 12:30:00,9435.061570825088
2019-01-28 13:00:00,9790.418876546682
2019-01-28 13:30:00,10150.030840281855
2019-01-28 14:00:00,10138.81524976884
2019-01-28 14:30:00,10138.81524976884
2019-01-28 15:00:00,10190.930510322229
2019-01-28 15:30:00,10124.510707544592
2019-01-28 16:00:00,10096.69819171891
2019-01-28 16:30:00,9457.805984214136
2019-01-28 17:00:00,9601.85908369238
2019-01-28 17:30:00,9533.718569878729
2019-01-28 18:00:00,9420.906927670389
2019-01-28 18:30:00,8850.968449015654
2019-01-28 19:00:00,8654.503803589689
2019-01-28 19:30:00,8517.044859809292
2019-01-28 20:00:00,8339.741469615596
2019-01-28 20:30:00,8234.306298919453
2019-01-28 21:00:00,8364.472269273896
2019-01-28 21:30:00,8148.320859389072
2019-01-28 22:00:00,8052.628893708811
2019-01-28 22:30:00,7937.976579573974
2019-01-28 23:00:00,7817.788223413789
2019-01-28 23:30:00,7848.955325106757
2019-01-29 00:00:00,8683.611151676727
2019-01-29 00:30:00,8381.71531123558
2019-01-29 01:00:00,8150.137851136146
2019-01-29 01:30:00,7895.983262732124
2019-01-29 02:00:00,7699.418604619098
2019-01-29 02:30:00,7605.412032327329
2019-01-29 03:00:00,7485.2960799501525
2019-01-29 03:30:00,7485.2960799501525
2019-01-29 04:00:00,7345.478669340362
2019-01-29 04:30:00,7453.500164574957
2019-01-29 05:00:00,7422.100974452323
2019-01-29 05:30:00,7516.107546744091
2019-01-29 06:00:00,7752.262361203984
2019-01-29 06:30:00,7948.440972391924
2019-01-29 07:00:00,8411.578516858215
2019-01-29 07:30:00,8477.506913708223
2019-01-29 08:00:00,8852.834689997739
2019-01-29 08:30:00,8898.795676833586
2019-01-29 09:00:00,9005.140492971766
2019-01-29 09:30:00,9019.932042000619
2019-01-29 10:00:00,9131.682267768054
2019-01-29 10:30:00,9276.338625294638
2019-01-29 11:00:00,9342.740552860261
2019-01-29 11:30:00,9442.822557462554
2019-01-29 12:00:00,9664.23209505164
2019-01-29 12:30:00,9722.00889628947
2019-01-29 13:00:00,9867.29599480924
2019-01-29 13:30:00,9964.410133402203
2019-01-29 14:00:00,10066.325507262893
2019-01-29 14:30:00,10077.522298376718
2019-01-29 15:00:00,10102.524482769108
2019-01-29 15:30:00,10229.233921160223
2019-01-29 16:00:00,10294.657167690664
2019-01-29 16:30:00,10391.818801415424
2019-01-29 17:00:00,10537.335592194482
2019-01-29 17:30:00,10483.892132348727
2019-01-29 18:00:00,10172.468716185476
2019-01-29 18:30:00,10090.575979144254
2019-01-29 19:00:00,9900.802294281066
2019-01-29 19:30:00,9900.802294281066
2019-01-29 20:00:00,9844.823972555714
2019-01-29 20:30:00,9686.241827851063
2019-01-29 21:00:00,9416.020038573412
2019-01-29 21:30:00,9258.320765627801
2019-01-29 22:00:00,9003.628778820836
2019-01-29 22:30:00,8870.159300370138
2019-01-29 23:00:00,8701.572076869763
2019-01-29 23:30:00,8647.96987543549
2019-01-30 00:00:00,8411.690498503227
2019-01-30 00:30:00,8172.698329758118
2019-01-30 01:00:00,7782.384335764396
2019-01-30 01:30:00,7471.82799827203
2019-01-30 02:00:00,7240.37941490211
2019-01-30 02:30:00,7186.729174750478
2019-01-30 03:00:00,7170.198957809864
2019-01-30 03:30:00,7120.264265457021
2019-01-30 04:00:00,7152.5448873996675
2019-01-30 04:30:00,7282.883134630441
2019-01-30 05:00:00,7484.17397242762
2019-01-30 05:30:00,7991.060534530755
2019-01-30 06:00:00,8488.628448445113
2019-01-30 06:30:00,8868.403349872016
2019-01-30 07:00:00,9438.325687935365
2019-01-30 07:30:00,9713.263018979022
2019-01-30 08:00:00,9796.058007271597
2019-01-30 08:30:00,9891.841116819685
2019-01-30 09:00:00,10153.03155497361
2019-01-30 09:30:00,10169.443264696196
2019-01-30 10:00:00,10257.038452817897
2019-01-30 10:30:00,10375.509311077363
2019-01-30 11:00:00,10555.42349795355
2019-01-30 11:30:00,10712.295224268473
2019-01-30 12:00:00,10817.553503240242
2019-01-30 12:30:00,10931.131822707344
2019-01-30 13:00:00,11210.355951446973
2019-01-30 13:30:00,11138.118817356002
2019-01-30 14:00:00,11145.608913001257
2019-01-30 14:30:00,11333.608867314404
2019-01-30 15:00:00,11315.278481054203
2019-01-30 15:30:00,11242.634018638515
2019-01-30 16:00:00,11359.343787060436
2019-01-30 16:30:00,11359.343787060436
2019-01-30 17:00:00,11199.676096869438
2019-01-30 17:30:00,11126.89911016268
2019-01-30 18:00:00,10886.257172104926
2019-01-30 18:30:00,10897.14066394887
2019-01-30 19:00:00,10271.810965518414
2019-01-30 19:30:00,10444.942573756107
2019-01-30 20:00:00,10468.305480956189
2019-01-30 20:30:00,10585.320094608
2019-01-30 21:00:00,9738.514403471672
2019-01-30 21:30:00,9620.038321233635
2019-01-30 22:00:00,9706.238546479246
2019-01-30 22:30:00,9555.01341294502
2019-01-30 23:00:00,9250.245535630542
2019-01-30 23:30:00,8851.036527720706
2019-01-31 00:00:00,8698.400231265605
2019-01-31 00:30:00,8458.11261722123
2019-01-31 01:00:00,8209.330651821652
2019-01-31 01:30:00,7945.726868543895
2019-01-31 02:00:00,7575.015360156726
2019-01-31 02:30:00,7357.729011509308
2019-01-31 03:00:00,7240.670200450153
2019-01-31 03:30:00,7310.126889487574
2019-01-31 04:00:00,7337.073804925773
2019-01-31 04:30:00,7647.388335550609
2019-01-31 05:00:00,7855.69151816627
2019-01-31 05:30:00,8259.528398276436
2019-01-31 06:00:00,8690.90895221252
2019-01-31 06:30:00,9156.264316753819
2019-01-31 07:00:00,9554.686752481188
2019-01-31 07:30:00,9684.703581354372
2019-01-31 08:00:00,9735.862370615281
2019-01-31 08:30:00,9937.796889663356
2019-01-31 09:00:00,10162.460677511026
2019-01-31 09:30:00,10323.812787997693
2019-01-31 10:00:00,10426.30696674554
2019-01-31 10:30:00,10495.370495685453
2019-01-31 11:00:00,10599.841348048469
2019-01-31 11:30:00,10808.088431395503
2019-01-31 12:00:00,10975.293248318923
2019-01-31 12:30:00,10918.807857579417
2019-01-31 13:00:00,11246.024201617991
2019-01-31 13:30:00,11202.817499599652
2019-01-31 14:00:00,11186.899925220914
2019-01-31 14:30:00,11211.85416794853
2019-01-31 15:00:00,11191.977208984707
2019-01-31 15:30:00,11173.69833007464
2019-01-31 16:00:00,11159.781473389405
2019-01-31 16:30:00,11158.53979820079
2019-01-31 17:00:00,11041.99093371549
2019-01-31 17:30:00,11099.905225456607
2019-01-31 18:00:00,10899.350521294657
2019-01-31 18:30:00,10961.629548770738
2019-01-31 19:00:00,10470.2484836088
2019-01-31 19:30:00,10430.230274286148
2019-01-31 20:00:00,10303.343901498787
2019-01-31 20:30:00,10218.85495533326
2019-01-31 21:00:00,9899.339775345741
2019-01-31 21:30:00,9700.379319262653
2019-01-31 22:00:00,9533.008562465451
2019-01-31 22:30:00,9272.391691317813
2019-01-31 23:00:00,9185.313130068065
2019-01-31 23:30:00,8762.615960894314
2019-02-01 00:00:00,8231.231051349941
2019-02-01 00:30:00,8050.2643056877605
2019-02-01 01:00:00,7856.976583694427
2019-02-01 01:30:00,7596.659908406678
2019-02-01 02:00:00,7287.733586546486
2019-02-01 02:30:00,7190.353824786415
2019-02-01 03:00:00,7106.110723214386
2019-02-01 03:30:00,7106.110723214386
2019-02-01 04:00:00,7090.170209283459
2019-02-01 04:30:00,7364.727128100159
2019-02-01 05:00:00,7567.8203948746
2019-02-01 05:30:00,8023.19506261424
2019-02-01 06:00:00,8484.832220943174
2019-02-01 06:30:00,8870.393663528612
2019-02-01 07:00:00,9227.363736302157
2019-02-01 07:30:00,9403.936753464934
2019-02-01 08:00:00,9756.389979335909
2019-02-01 08:30:00,9747.574163113775
2019-02-01 09:00:00,10202.431654243264
2019-02-01 09:30:00,10135.75436203887
2019-02-01 10:00:00,10455.257140741478
2019-02-01 10:30:00,10450.401683801874
2019-02-01 11:00:00,10507.392168897224
2019-02-01 11:30:00,10379.553070739039
2019-02-01 12:00:00,10551.66546460996
2019-02-01 12:30:00,10883.397185204749
2019-02-01 13:00:00,11205.127300596034
2019-02-01 13:30:00,11829.484650908618
2019-02-01 14:00:00,11830.836638704328
2019-02-01 14:30:00,11830.836638704328
2019-02-01 15:00:00,11800.596070065107
2019-02-01 15:30:00,11800.596070065107
2019-02-01 16:00:00,11811.631454018494
2019-02-01 16:30:00,11915.58692452382
2019-02-01 17:00:00,11669.814135842855
2019-02-01 17:30:00,11571.019422249843
2019-02-01 18:00:00,10994.227501523867
2019-02-01 18:30:00,10741.477539779331
2019-02-01 19:00:00,10386.528515550417
2019-02-01 19:30:00,10035.90223015066
2019-02-01 20:00:00,9821.470159988428
2019-02-01 20:30:00,9370.790977411789
2019-02-01 21:00:00,9086.509066233632
2019-02-01 21:30:00,8905.06442285013
2019-02-01 22:00:00,8593.354318134903
2019-02-01 22:30:00,8404.456951245718
2019-02-01 23:00:00,8123.518979623892
2019-02-01 23:30:00,7881.035196435349
2019-02-02 00:00:00,7629.355834903879
2019-02-02 00:30:00,7372.678829436557
2019-02-02 01:00:00,7111.347404532235
2019-02-02 01:30:00,6947.940241240393
2019-02-02 02:00:00,6662.392833106329
2019-02-02 02:30:00,6533.2491334276365
2019-02-02 03:00:00,6424.4248447842165
2019-02-02 03:30:00,6427.325390658351
2019-02-02 04:00:00,6460.043453272344
2019-02-02 04:30:00,6611.68525529094
2019-02-02 05:00:00,6535.755612776978
2019-02-02 05:30:00,6856.050067754896
2019-02-02 06:00:00,6790.278275397555
2019-02-02 06:30:00,6934.125254909859
2019-02-02 07:00:00,7412.463481785096
2019-02-02 07:30:00,7496.331151501927
2019-02-02 08:00:00,7899.840204028803
2019-02-02 08:30:00,7899.840204028803
2019-02-02 09:00:00,7968.57098157904
2019-02-02 09:30:00,7974.763160110508
2019-02-02 10:00:00,7972.999897419703
2019-02-02 10:30:00,7979.192075951171
2019-02-02 11:00:00,7962.661698654782
2019-02-02 11:30:00,7872.601850406483
2019-02-02 12:00:00,7916.31101183703
2019-02-02 12:30:00,7788.203970453302
2019-02-02 13:00:00,7744.2627055272815
2019-02-02 13:30:00,7744.2627055272815
2019-02-02 14:00:00,7876.132152582781
2019-02-02 14:30:00,7788.203970453302
2019-02-02 15:00:00,7916.31101183703
2019-02-02 15:30:00,7916.31101183703
2019-02-02 16:00:00,7967.991072036656
2019-02-02 16:30:00,7967.991072036656
2019-02-02 17:00:00,7993.280194914099
2019-02-02 17:30:00,7862.542143301437
2019-02-02 18:00:00,8004.003507864944
2019-02-02 18:30:00,7948.531319168522
2019-02-02 19:00:00,7925.306159449377
2019-02-02 19:30:00,7910.674664771026
2019-02-02 20:00:00,7795.2686447544575
2019-02-02 20:30:00,7645.286998962789
2019-02-02 21:00:00,7472.115846339496
2019-02-02 21:30:00,7472.115846339496
2019-02-02 22:00:00,7420.153188197379
2019-02-02 22:30:00,7421.873240461847
2019-02-02 23:00:00,7298.013803949718
2019-02-02 23:30:00,7172.196504752616
2019-02-03 00:00:00,6995.6854613638825
2019-02-03 00:30:00,6871.352224789036
2019-02-03 01:00:00,6757.827156169129
2019-02-03 01:30:00,6442.752665317003
2019-02-03 02:00:00,6296.211573819121
2019-02-03 02:30:00,6250.964151649363
2019-02-03 03:00:00,6207.467007057764
2019-02-03 03:30:00,6141.902281048252
2019-02-03 04:00:00,6136.711705987628
2019-02-03 04:30:00,6271.96578601629
2019-02-03 05:00:00,6294.880028905525
2019-02-03 05:30:00,6487.900331762876
2019-02-03 06:00:00,6585.446028489916
2019-02-03 06:30:00,6855.3501137552
2019-02-03 07:00:00,7048.543494412686
2019-02-03 07:30:00,7287.078669492094
2019-02-03 08:00:00,7459.538132819557
2019-02-03 08:30:00,7592.0563666796625
2019-02-03 09:00:00,7739.493230730985
2019-02-03 09:30:00,7816.456046378912
2019-02-03 10:00:00,8026.477466530585
2019-02-03 10:30:00,8120.572744107189
2019-02-03 11:00:00,8065.70901366292
2019-02-03 11:30:00,8075.866388582717
2019-02-03 12:00:00,7939.668475677377
2019-02-03 12:30:00,7852.5859941570725
2019-02-03 13:00:00,7869.775620163219
2019-02-03 13:30:00,8060.473466756033
2019-02-03 14:00:00,8044.390080803366
2019-02-03 14:30:00,8129.516884669018
2019-02-03 15:00:00,8200.218609882888
2019-02-03 15:30:00,8291.710364664305
2019-02-03 16:00:00,8439.33634443307
2019-02-03 16:30:00,8437.92568606482
2019-02-03 17:00:00,8846.046612563612
2019-02-03 17:30:00,8917.757987080478
2019-02-03 18:00:00,9137.645227067263
2019-02-03 18:30:00,9092.535472870084
2019-02-03 19:00:00,9023.341820560165
2019-02-03 19:30:00,8961.065440223547
2019-02-03 20:00:00,8929.822600429063
2019-02-03 20:30:00,8719.940177781102
2019-02-03 21:00:00,8500.638923972972
2019-02-03 21:30:00,8339.736828594521
2019-02-03 22:00:00,8066.599871941063
2019-02-03 22:30:00,7978.426499184296
2019-02-03 23:00:00,7634.971854471576
2019-02-03 23:30:00,7368.090200709432
2019-02-04 00:00:00,7631.113782469275
2019-02-04 00:30:00,7443.064790543223
2019-02-04 01:00:00,7269.255413234812
2019-02-04 01:30:00,7007.140697796942
2019-02-04 02:00:00,6794.789828639856
2019-02-04 02:30:00,6713.465368906739
2019-02-04 03:00:00,6641.098445559634
2019-02-04 03:30:00,6620.873984574756
2019-02-04 04:00:00,6795.768278396714
2019-02-04 04:30:00,6882.599162589338
2019-02-04 05:00:00,7329.0189318026
2019-02-04 05:30:00,7446.240152455509
2019-02-04 06:00:00,8168.226727572141
2019-02-04 06:30:00,8250.118486028261
2019-02-04 07:00:00,8892.800756801495
2019-02-04 07:30:00,9106.879114244723
2019-02-04 08:00:00,9174.255429954397
2019-02-04 08:30:00,9347.632056182018
2019-02-04 09:00:00,9386.872112609213
2019-02-04 09:30:00,9521.027279091833
2019-02-04 10:00:00,9510.631348435923
2019-02-04 10:30:00,9569.658518235938
2019-02-04 11:00:00,9801.687937566028
2019-02-04 11:30:00,9895.352247218121
2019-02-04 12:00:00,9972.442666713829
2019-02-04 12:30:00,10072.365220715297
2019-02-04 13:00:00,10226.585471602773
2019-02-04 13:30:00,10300.877696055484
2019-02-04 14:00:00,10366.132910494513
2019-02-04 14:30:00,10420.860899970798
2019-02-04 15:00:00,10579.91612210094
2019-02-04 15:30:00,10568.60272028694
2019-02-04 16:00:00,10611.125868451501
2019-02-04 16:30:00,10728.225226105678
2019-02-04 17:00:00,10838.837283658771
2019-02-04 17:30:00,10997.18345568048
2019-02-04 18:00:00,10608.045999253543
2019-02-04 18:30:00,10519.140568849582
2019-02-04 19:00:00,10236.312338669282
2019-02-04 19:30:00,10277.81941175521
2019-02-04 20:00:00,9961.156192524246
2019-02-04 20:30:00,9910.306669318083
2019-02-04 21:00:00,9728.012666173592
2019-02-04 21:30:00,9544.394003151989
2019-02-04 22:00:00,9331.235212115074
2019-02-04 22:30:00,9206.225817051069
2019-02-04 23:00:00,8743.24143695847
2019-02-04 23:30:00,8437.025680590976
2019-02-05 00:00:00,7965.2474651441635
2019-02-05 00:30:00,7814.692504866852
2019-02-05 01:00:00,7578.161124233639
2019-02-05 01:30:00,7300.893080976154
2019-02-05 02:00:00,6984.953820510582
2019-02-05 02:30:00,6950.826776445022
2019-02-05 03:00:00,6804.841028255037
2019-02-05 03:30:00,6912.346689934208
2019-02-05 04:00:00,6975.1324627849945
2019-02-05 04:30:00,7227.282774064971
2019-02-05 05:00:00,7364.050389529915
2019-02-05 05:30:00,7823.705246553933
2019-02-05 06:00:00,8263.568191994504
2019-02-05 06:30:00,8588.764351002286
2019-02-05 07:00:00,8920.382970505343
2019-02-05 07:30:00,9104.091883409243
2019-02-05 08:00:00,9259.754897183942
2019-02-05 08:30:00,9456.791593983071
2019-02-05 09:00:00,9330.925327640809
2019-02-05 09:30:00,9522.747198189743
2019-02-05 10:00:00,9767.547340559613
2019-02-05 10:30:00,9907.56243843331
2019-02-05 11:00:00,9990.995505506144
2019-02-05 11:30:00,10144.545456783764
2019-02-05 12:00:00,10302.184179302243
2019-02-05 12:30:00,10530.148789069674
2019-02-05 13:00:00,10735.816623986413
2019-02-05 13:30:00,10846.999850329654
2019-02-05 14:00:00,10893.009910867326
2019-02-05 14:30:00,11094.76127129873
2019-02-05 15:00:00,11246.621318016287
2019-02-05 15:30:00,11248.379862201884
2019-02-05 16:00:00,11778.282664630387
2019-02-05 16:30:00,11819.36545178686
2019-02-05 17:00:00,11764.280120027635
2019-02-05 17:30:00,11083.568703589168
2019-02-05 18:00:00,11043.244556544922
2019-02-05 18:30:00,10928.072258817738
2019-02-05 19:00:00,10757.346261808598
2019-02-05 19:30:00,10646.163035465357
2019-02-05 20:00:00,10387.600138948363
2019-02-05 20:30:00,9964.291506594138
2019-02-05 21:00:00,9617.627145300408
2019-02-05 21:30:00,9468.430245156842
2019-02-05 22:00:00,9017.922141557963
2019-02-05 22:30:00,8858.043242894584
2019-02-05 23:00:00,8527.967928434307
2019-02-05 23:30:00,8288.255759120417
2019-02-06 00:00:00,8255.307787465448
2019-02-06 00:30:00,8005.070566258729
2019-02-06 01:00:00,7698.468562591817
2019-02-06 01:30:00,7520.037710954023
2019-02-06 02:00:00,7153.291627180488
2019-02-06 02:30:00,7066.909982446691
2019-02-06 03:00:00,6933.793807352321
2019-02-06 03:30:00,6915.691705671469
2019-02-06 04:00:00,6937.2648987119155
2019-02-06 04:30:00,7168.869525255809
2019-02-06 05:00:00,7413.826527801303
2019-02-06 05:30:00,7944.765702233721
2019-02-06 06:00:00,8356.197928381695
2019-02-06 06:30:00,8715.41068953944
2019-02-06 07:00:00,9149.874445630767
2019-02-06 07:30:00,9313.769389054527
2019-02-06 08:00:00,9448.5856342701
2019-02-06 08:30:00,9570.020065494882
2019-02-06 09:00:00,9588.341878398012
2019-02-06 09:30:00,9687.881357434095
2019-02-06 10:00:00,9771.7395958737
2019-02-06 10:30:00,9840.51218556358
2019-02-06 11:00:00,9834.592448290317
2019-02-06 11:30:00,9847.712595641658
2019-02-06 12:00:00,9843.431588062691
2019-02-06 12:30:00,9944.37833253964
2019-02-06 13:00:00,10056.630921906923
2019-02-06 13:30:00,10110.074381752678
2019-02-06 14:00:00,10114.072739262376
2019-02-06 14:30:00,10283.024063383187
2019-02-06 15:00:00,10372.696239597011
2019-02-06 15:30:00,10422.339585216347
2019-02-06 16:00:00,10494.807612222166
2019-02-06 16:30:00,10415.03071448719
2019-02-06 17:00:00,10477.466336605748
2019-02-06 17:30:00,10253.74972870353
2019-02-06 18:00:00,10058.659230549545
2019-02-06 18:30:00,9856.319776196595
2019-02-06 19:00:00,9779.457420092953
2019-02-06 19:30:00,9875.40455807306
2019-02-06 20:00:00,9648.624671177657
2019-02-06 20:30:00,9377.560455431321
2019-02-06 21:00:00,9031.92179046856
2019-02-06 21:30:00,8880.061425492664
2019-02-06 22:00:00,8565.973768131898
2019-02-06 22:30:00,8425.87674191853
2019-02-06 23:00:00,8233.625585076981
2019-02-06 23:30:00,8124.293901353163
2019-02-07 00:00:00,8047.805584587024
2019-02-07 00:30:00,7845.415001329842
2019-02-07 01:00:00,7580.045092286883
2019-02-07 01:30:00,7272.976118482418
2019-02-07 02:00:00,7042.373631748367
2019-02-07 02:30:00,6851.132743154375
2019-02-07 03:00:00,6775.889436911234
2019-02-07 03:30:00,6732.787321192684
2019-02-07 04:00:00,6788.723012324421
2019-02-07 04:30:00,6953.1666354981735
2019-02-07 05:00:00,7242.661423445201
2019-02-07 05:30:00,7683.64449292256
2019-02-07 06:00:00,8089.793277972038
2019-02-07 06:30:00,8552.605075375839
2019-02-07 07:00:00,8894.014120860256
2019-02-07 07:30:00,9114.676456284895
2019-02-07 08:00:00,9257.642551353241
2019-02-07 08:30:00,9454.994577684998
2019-02-07 09:00:00,9533.661396268555
2019-02-07 09:30:00,9449.170545348083
2019-02-07 10:00:00,9604.776666362042
2019-02-07 10:30:00,9629.69998232228
2019-02-07 11:00:00,9631.71363046239
2019-02-07 11:30:00,9788.713469942708
2019-02-07 12:00:00,9750.57582883741
2019-02-07 12:30:00,9864.6427206657
2019-02-07 13:00:00,10005.193457460651
2019-02-07 13:30:00,10026.860106625745
2019-02-07 14:00:00,10026.958071949468
2019-02-07 14:30:00,10209.5561862276
2019-02-07 15:00:00,10584.187555856624
2019-02-07 15:30:00,10813.809963517137
2019-02-07 16:00:00,11020.429452936694
2019-02-07 16:30:00,11020.429452936694
2019-02-07 17:00:00,11247.22312830847
2019-02-07 17:30:00,10976.366791200075
2019-02-07 18:00:00,10813.115380577125
2019-02-07 18:30:00,10538.389805060031
2019-02-07 19:00:00,10297.150749480345
2019-02-07 19:30:00,10248.251053115959
2019-02-07 20:00:00,10055.721602799162
2019-02-07 20:30:00,9806.652735156666
2019-02-07 21:00:00,9408.433196131451
2019-02-07 21:30:00,9210.959980831369
2019-02-07 22:00:00,8811.816825110402
2019-02-07 22:30:00,8659.85498702449
2019-02-07 23:00:00,8406.351748545176
2019-02-07 23:30:00,8189.671898936565
2019-02-08 00:00:00,8009.150079797173
2019-02-08 00:30:00,7733.360464492815
2019-02-08 01:00:00,7637.158518566247
2019-02-08 01:30:00,7255.170337463879
2019-02-08 02:00:00,7022.386873447955
2019-02-08 02:30:00,6881.908840574315
2019-02-08 03:00:00,6850.688452712608
2019-02-08 03:30:00,6816.561408647048
2019-02-08 04:00:00,6830.183238481318
2019-02-08 04:30:00,7116.73251347203
2019-02-08 05:00:00,7388.774712446873
2019-02-08 05:30:00,7782.65503236305
2019-02-08 06:00:00,8255.177006292059
2019-02-08 06:30:00,8673.32207124552
2019-02-08 07:00:00,9067.484837638778
2019-02-08 07:30:00,9186.151313621687
2019-02-08 08:00:00,9485.325763589573
2019-02-08 08:30:00,9529.063296602199
2019-02-08 09:00:00,9699.023642631004
2019-02-08 09:30:00,9574.00234036442
2019-02-08 10:00:00,9869.070983869096
2019-02-08 10:30:00,9926.28165753465
2019-02-08 11:00:00,9932.517895502702
2019-02-08 11:30:00,10123.694957755291
2019-02-08 12:00:00,10097.011930692295
2019-02-08 12:30:00,10272.95293272115
2019-02-08 13:00:00,10247.744752250705
2019-02-08 13:30:00,10464.783955786053
2019-02-08 14:00:00,10503.539917315306
2019-02-08 14:30:00,10630.437322803686
2019-02-08 15:00:00,10753.451070810193
2019-02-08 15:30:00,10964.035217291326
2019-02-08 16:00:00,11017.291097616522
2019-02-08 16:30:00,11017.291097616522
2019-02-08 17:00:00,11003.641473889948
2019-02-08 17:30:00,10925.005346660999
2019-02-08 18:00:00,10839.263768946474
2019-02-08 18:30:00,10258.534820089857
2019-02-08 19:00:00,10166.10133353834
2019-02-08 19:30:00,10149.237229724653
2019-02-08 20:00:00,9875.59242026613
2019-02-08 20:30:00,9601.531595820086
2019-02-08 21:00:00,9335.252447518182
2019-02-08 21:30:00,9117.467007674935
2019-02-08 22:00:00,8788.834762524159
2019-02-08 22:30:00,8611.485036013117
2019-02-08 23:00:00,8357.9441683591
2019-02-08 23:30:00,8146.817209248531
2019-02-09 00:00:00,7760.097265203201
2019-02-09 00:30:00,7714.25122120065
2019-02-09 01:00:00,7360.930338867821
2019-02-09 01:30:00,7209.08019768824
2019-02-09 02:00:00,6944.1223482172145
2019-02-09 02:30:00,6833.66924677829
2019-02-09 03:00:00,6635.8116746484375
2019-02-09 03:30:00,6635.8116746484375
2019-02-09 04:00:00,6739.980072723679
2019-02-09 04:30:00,6863.097205914328
2019-02-09 05:00:00,6816.922502689131
2019-02-09 05:30:00,6992.406304477604
2019-02-09 06:00:00,6947.761233246302
2019-02-09 06:30:00,7338.236859287918
2019-02-09 07:00:00,7612.934167442997
2019-02-09 07:30:00,7817.049362153494
2019-02-09 08:00:00,8342.56976910635
2019-02-09 08:30:00,8437.112815906763
2019-02-09 09:00:00,8638.930081594957
2019-02-09 09:30:00,8642.945643759356
2019-02-09 10:00:00,8622.963724851823
2019-02-09 10:30:00,8685.62718032989
2019-02-09 11:00:00,8840.006243241447
2019-02-09 11:30:00,8913.352314382912
2019-02-09 12:00:00,9005.851217205105
2019-02-09 12:30:00,9105.738520107296
2019-02-09 13:00:00,9424.277360647235
2019-02-09 13:30:00,9510.216463274943
2019-02-09 14:00:00,9629.021669204643
2019-02-09 14:30:00,9755.35965044322
2019-02-09 15:00:00,9753.98538563874
2019-02-09 15:30:00,9776.398043326135
2019-02-09 16:00:00,9673.263842637243
2019-02-09 16:30:00,9773.708372004889
2019-02-09 17:00:00,9886.30925919109
2019-02-09 17:30:00,9333.979619878755
2019-02-09 18:00:00,9141.444081244237
2019-02-09 18:30:00,8834.622262678211
2019-02-09 19:00:00,8658.836295969559
2019-02-09 19:30:00,8558.30579125525
2019-02-09 20:00:00,8351.499274336737
2019-02-09 20:30:00,8234.544876014563
2019-02-09 21:00:00,7917.610856595433
2019-02-09 21:30:00,7829.682674465954
2019-02-09 22:00:00,7656.982726126356
2019-02-09 22:30:00,7551.68110501887
2019-02-09 23:00:00,7423.688936101177
2019-02-09 23:30:00,7388.728179096694
2019-02-10 00:00:00,7157.071264048957
2019-02-10 00:30:00,6962.877800086242
2019-02-10 01:00:00,6757.827156169129
2019-02-10 01:30:00,6442.752665317003
2019-02-10 02:00:00,6296.211573819121
2019-02-10 02:30:00,6212.925424920295
2019-02-10 03:00:00,6108.373008083324
2019-02-10 03:30:00,6108.373008083324
2019-02-10 04:00:00,6107.02359502269
2019-02-10 04:30:00,6136.642046242483
2019-02-10 05:00:00,6204.968872532735
2019-02-10 05:30:00,6306.4198515477665
2019-02-10 06:00:00,6406.278863142655
2019-02-10 06:30:00,6535.511336137073
2019-02-10 07:00:00,6714.161025972504
2019-02-10 07:30:00,6936.795333269262
2019-02-10 08:00:00,7099.787259520296
2019-02-10 08:30:00,7301.348785865564
2019-02-10 09:00:00,7419.970331674176
2019-02-10 09:30:00,7460.2811090807745
2019-02-10 10:00:00,7650.450447004237
2019-02-10 10:30:00,7734.349713106755
2019-02-10 11:00:00,7948.785609661709
2019-02-10 11:30:00,8256.774948380382
2019-02-10 12:00:00,8340.221957089054
2019-02-10 12:30:00,8378.625900831561
2019-02-10 13:00:00,8611.210937509213
2019-02-10 13:30:00,8657.404359607712
2019-02-10 14:00:00,8638.61944947793
2019-02-10 14:30:00,8658.756347403421
2019-02-10 15:00:00,8829.895099290812
2019-02-10 15:30:00,8981.308445333196
2019-02-10 16:00:00,9190.194150462934
2019-02-10 16:30:00,9201.876787915462
2019-02-10 17:00:00,9113.58875441134
2019-02-10 17:30:00,9113.58875441134
2019-02-10 18:00:00,8994.169781101335
2019-02-10 18:30:00,8838.466360612569
2019-02-10 19:00:00,8857.305756488031
2019-02-10 19:30:00,8628.411774264008
2019-02-10 20:00:00,8664.962614308986
2019-02-10 20:30:00,8450.133539343704
2019-02-10 21:00:00,8176.2154503342945
2019-02-10 21:30:00,8052.808144175093
2019-02-10 22:00:00,7703.789173707468
2019-02-10 22:30:00,7603.805170186011
2019-02-10 23:00:00,7333.0913236104
2019-02-10 23:30:00,7132.555529764828
2019-02-11 00:00:00,7295.253500074992
2019-02-11 00:30:00,7061.320423088888
2019-02-11 01:00:00,6813.603562220002
2019-02-11 01:30:00,6539.102140712356
2019-02-11 02:00:00,6448.60573959235
2019-02-11 02:30:00,6327.486723948224
2019-02-11 03:00:00,6311.903656881968
2019-02-11 03:30:00,6311.903656881968
2019-02-11 04:00:00,6454.525573231972
2019-02-11 04:30:00,6489.159019929951
2019-02-11 05:00:00,6950.275531939303
2019-02-11 05:30:00,7129.452752458918
2019-02-11 06:00:00,7865.4954884077515
2019-02-11 06:30:00,8099.321877090164
2019-02-11 07:00:00,8493.216470274576
2019-02-11 07:30:00,8546.850894900763
2019-02-11 08:00:00,8198.201496205997
2019-02-11 08:30:00,8358.48715951776
2019-02-11 09:00:00,8128.455491774947
2019-02-11 09:30:00,8137.430563427937
2019-02-11 10:00:00,7975.530245567714
2019-02-11 10:30:00,7869.396167187168
2019-02-11 11:00:00,7754.518915152812
2019-02-11 11:30:00,7700.805338982678
2019-02-11 12:00:00,7749.6587552402525
2019-02-11 12:30:00,7769.854462300082
2019-02-11 13:00:00,7804.9722373014365
2019-02-11 13:30:00,7804.9722373014365
2019-02-11 14:00:00,8050.158536196661
2019-02-11 14:30:00,8072.5016806489375
2019-02-11 15:00:00,8399.720309623486
2019-02-11 15:30:00,8678.817571892872
2019-02-11 16:00:00,8781.272026011211
2019-02-11 16:30:00,9037.478780726899
2019-02-11 17:00:00,9115.904243470435
2019-02-11 17:30:00,9397.904057602538
2019-02-11 18:00:00,9312.236496385842
2019-02-11 18:30:00,9205.743681856451
2019-02-11 19:00:00,8890.216556612475
2019-02-11 19:30:00,8975.700956332981
2019-02-11 20:00:00,8899.986417310241
2019-02-11 20:30:00,8666.748898995844
2019-02-11 21:00:00,8460.99628778314
2019-02-11 21:30:00,8305.689478794318
2019-02-11 22:00:00,8032.768769132606
2019-02-11 22:30:00,7980.917265998135
2019-02-11 23:00:00,7702.888232200189
2019-02-11 23:30:00,7444.594042893929
2019-02-12 00:00:00,7255.333651593934
2019-02-12 00:30:00,7069.943949046462
2019-02-12 01:00:00,6803.862292206532
2019-02-12 01:30:00,6587.329475409168
2019-02-12 02:00:00,6430.592218467564
2019-02-12 02:30:00,6351.439530252761
2019-02-12 03:00:00,6161.229972718783
2019-02-12 03:30:00,6261.931835270712
2019-02-12 04:00:00,6370.504317069341
2019-02-12 04:30:00,6572.32165204461
2019-02-12 05:00:00,6890.659120326712
2019-02-12 05:30:00,7344.832158831637
2019-02-12 06:00:00,7706.95183246977
2019-02-12 06:30:00,7954.349756576817
2019-02-12 07:00:00,8164.906009460158
2019-02-12 07:30:00,8180.582160094707
2019-02-12 08:00:00,8208.157431357997
2019-02-12 08:30:00,8327.18996849701
2019-02-12 09:00:00,8295.107838733265
2019-02-12 09:30:00,8347.719729548959
2019-02-12 10:00:00,8386.152997695985
2019-02-12 10:30:00,8386.152997695985
2019-02-12 11:00:00,8447.383985140948
2019-02-12 11:30:00,8380.233260422721
2019-02-12 12:00:00,8534.630718443532
2019-02-12 12:30:00,8569.536720650405
2019-02-12 13:00:00,8716.155702711481
2019-02-12 13:30:00,8843.497739402017
2019-02-12 14:00:00,8981.117543191234
2019-02-12 14:30:00,9108.694304805986
2019-02-12 15:00:00,9392.395326130549
2019-02-12 15:30:00,9615.908803439122
2019-02-12 16:00:00,9782.830903914733
2019-02-12 16:30:00,9986.647793083199
2019-02-12 17:00:00,10091.80405964988
2019-02-12 17:30:00,10091.80405964988
2019-02-12 18:00:00,9852.036142929435
2019-02-12 18:30:00,9672.714866871649
2019-02-12 19:00:00,9638.690958882544
2019-02-12 19:30:00,9623.013992959146
2019-02-12 20:00:00,9505.614685351196
2019-02-12 20:30:00,9210.568865796748
2019-02-12 21:00:00,8829.083126403091
2019-02-12 21:30:00,8744.299226036723
2019-02-12 22:00:00,8375.830342839115
2019-02-12 22:30:00,8255.958269892637
2019-02-12 23:00:00,7970.439109916496
2019-02-12 23:30:00,7814.8677470922585
2019-02-13 00:00:00,7599.105969653061
2019-02-13 00:30:00,7348.259272414366
2019-02-13 01:00:00,7039.67000248792
2019-02-13 01:30:00,6806.000240037869
2019-02-13 02:00:00,6532.898884120392
2019-02-13 02:30:00,6414.249841486296
2019-02-13 03:00:00,6365.381910925893
2019-02-13 03:30:00,6324.074184232451
2019-02-13 04:00:00,6369.88619334942
2019-02-13 04:30:00,6533.7826581532745
2019-02-13 05:00:00,6717.918253950668
2019-02-13 05:30:00,7120.370360771331
2019-02-13 06:00:00,7586.512578615073
2019-02-13 06:30:00,7935.828961931806
2019-02-13 07:00:00,8206.698717655896
2019-02-13 07:30:00,8270.602368461967
2019-02-13 08:00:00,8406.165137033957
2019-02-13 08:30:00,8342.824904172952
2019-02-13 09:00:00,8438.945057005081
2019-02-13 09:30:00,8603.3634298314
2019-02-13 10:00:00,8731.57430317881
2019-02-13 10:30:00,8956.438980232877
2019-02-13 11:00:00,9041.50644121762
2019-02-13 11:30:00,9060.905543583604
2019-02-13 12:00:00,9162.258605537825
2019-02-13 12:30:00,9308.90100077112
2019-02-13 13:00:00,9699.83778129712
2019-02-13 13:30:00,10248.73987638205
2019-02-13 14:00:00,10547.643489404774
2019-02-13 14:30:00,10787.696424393267
2019-02-13 15:00:00,11221.369523766594
2019-02-13 15:30:00,11495.060791794138
2019-02-13 16:00:00,11646.584972340277
2019-02-13 16:30:00,11646.584972340277
2019-02-13 17:00:00,11653.949734476233
2019-02-13 17:30:00,11241.81727561206
2019-02-13 18:00:00,10988.635852895854
2019-02-13 18:30:00,10834.672623229633
2019-02-13 19:00:00,10315.23751501766
2019-02-13 19:30:00,10292.619249818776
2019-02-13 20:00:00,9719.316035113747
2019-02-13 20:30:00,9545.340059129856
2019-02-13 21:00:00,8836.493672748047
2019-02-13 21:30:00,8502.89975155466
2019-02-13 22:00:00,8301.875678637887
2019-02-13 22:30:00,7997.161257112322
2019-02-13 23:00:00,8225.099965618429
2019-02-13 23:30:00,8156.7251326173855
2019-02-14 00:00:00,7970.200735733045
2019-02-14 00:30:00,7722.019130602059
2019-02-14 01:00:00,7511.775199880081
2019-02-14 01:30:00,7123.805398226473
2019-02-14 02:00:00,6852.60130462471
2019-02-14 02:30:00,6709.394353659582
2019-02-14 03:00:00,6703.0447760221405
2019-02-14 03:30:00,6575.742050208193
2019-02-14 04:00:00,6481.475478212957
2019-02-14 04:30:00,6713.567445442108
2019-02-14 05:00:00,6964.9456754891535
2019-02-14 05:30:00,7462.685859553637
2019-02-14 06:00:00,7828.194068771555
2019-02-14 06:30:00,8176.769020535194
2019-02-14 07:00:00,8446.575605842318
2019-02-14 07:30:00,8461.813153777399
2019-02-14 08:00:00,8437.12062758339
2019-02-14 08:30:00,8528.436862336319
2019-02-14 09:00:00,8545.98309326874
2019-02-14 09:30:00,8495.347019073104
2019-02-14 10:00:00,8533.861871929481
2019-02-14 10:30:00,8532.861309952566
2019-02-14 11:00:00,8530.3827317767
2019-02-14 11:30:00,8414.2961610822
2019-02-14 12:00:00,8404.265599448205
2019-02-14 12:30:00,8410.015153503233
2019-02-14 13:00:00,8425.46675481304
2019-02-14 13:30:00,8452.859340011066
2019-02-14 14:00:00,8498.961297517257
2019-02-14 14:30:00,8601.10261491472
2019-02-14 15:00:00,8720.812140597294
2019-02-14 15:30:00,8887.420083159544
2019-02-14 16:00:00,9041.599302465727
2019-02-14 16:30:00,9177.489764996139
2019-02-14 17:00:00,9329.144530484515
2019-02-14 17:30:00,9177.28416550862
2019-02-14 18:00:00,9209.796052194324
2019-02-14 18:30:00,9042.51808649493
2019-02-14 19:00:00,8829.499799972727
2019-02-14 19:30:00,8757.178135133841
2019-02-14 20:00:00,8649.436563431767
2019-02-14 20:30:00,8459.805841905762
2019-02-14 21:00:00,8112.670569111829
2019-02-14 21:30:00,7977.10277680945
2019-02-14 22:00:00,7774.712193552268
2019-02-14 22:30:00,7722.019130602059
2019-02-14 23:00:00,7519.616437462906
2019-02-14 23:30:00,7379.593199981263
2019-02-15 00:00:00,7201.554076952567
2019-02-15 00:30:00,7047.772167902084
2019-02-15 01:00:00,6903.628556174903
2019-02-15 01:30:00,6639.473031523806
2019-02-15 02:00:00,6408.28250413177
2019-02-15 02:30:00,6324.513748028735
2019-02-15 03:00:00,6300.788826270103
2019-02-15 03:30:00,6376.989820128171
2019-02-15 04:00:00,6377.482744272982
2019-02-15 04:30:00,6667.373175057915
2019-02-15 05:00:00,6834.159832226228
2019-02-15 05:30:00,7374.705905167934
2019-02-15 06:00:00,7652.4001506441
2019-02-15 06:30:00,8035.615953031528
2019-02-15 07:00:00,8291.520748982804
2019-02-15 07:30:00,8317.514682808276
2019-02-15 08:00:00,8246.809988087978
2019-02-15 08:30:00,8365.647578216549
2019-02-15 09:00:00,8443.13781853945
2019-02-15 09:30:00,8458.678576796552
2019-02-15 10:00:00,8462.82320493248
2019-02-15 10:30:00,8444.273070911982
2019-02-15 11:00:00,8420.171501507317
2019-02-15 11:30:00,8326.076223930711
2019-02-15 12:00:00,8188.399531672873
2019-02-15 12:30:00,8184.136448157866
2019-02-15 13:00:00,8323.3656784625
2019-02-15 13:30:00,8390.171365499933
2019-02-15 14:00:00,8397.610882107028
2019-02-15 14:30:00,8470.511160880284
2019-02-15 15:00:00,8556.868436821116
2019-02-15 15:30:00,8607.18475060335
2019-02-15 16:00:00,8744.331408617685
2019-02-15 16:30:00,8868.232286210823
2019-02-15 17:00:00,9011.895107921022
2019-02-15 17:30:00,9002.694803176173
2019-02-15 18:00:00,8811.77825652897
2019-02-15 18:30:00,8777.245699865414
2019-02-15 19:00:00,8589.1863318071
2019-02-15 19:30:00,8614.526098785693
2019-02-15 20:00:00,8488.35661205499
2019-02-15 20:30:00,8274.343424541195
2019-02-15 21:00:00,8112.22621099726
2019-02-15 21:30:00,8004.883601515831
2019-02-15 22:00:00,7801.279529163759
2019-02-15 22:30:00,7739.133211811374
2019-02-15 23:00:00,7618.893772369878
2019-02-15 23:30:00,7471.545814116174
2019-02-16 00:00:00,7204.730666621307
2019-02-16 00:30:00,7148.071165670631
2019-02-16 01:00:00,6858.861134787658
2019-02-16 01:30:00,6679.201277159604
2019-02-16 02:00:00,6397.046129408535
2019-02-16 02:30:00,6314.353943033085
2019-02-16 03:00:00,6248.0247274561
2019-02-16 03:30:00,6269.662204366715
2019-02-16 04:00:00,6250.470888380533
2019-02-16 04:30:00,6460.043453272344
2019-02-16 05:00:00,6358.434237052184
2019-02-16 05:30:00,6779.618434232078
2019-02-16 06:00:00,6728.699379642319
2019-02-16 06:30:00,6800.6452533188985
2019-02-16 07:00:00,7071.435870851056
2019-02-16 07:30:00,7110.118608975318
2019-02-16 08:00:00,7519.819840033662
2019-02-16 08:30:00,7589.565555043186
2019-02-16 09:00:00,7716.093622043158
2019-02-16 09:30:00,7716.093622043158
2019-02-16 10:00:00,7745.336177037764
2019-02-16 10:30:00,7734.691373203785
2019-02-16 11:00:00,7684.413321410511
2019-02-16 11:30:00,7564.385972146788
2019-02-16 12:00:00,7574.830692724056
2019-02-16 12:30:00,7578.436999371089
2019-02-16 13:00:00,7514.897997305189
2019-02-16 13:30:00,7582.9932399906465
2019-02-16 14:00:00,7724.505312783944
2019-02-16 14:30:00,7797.46404970887
2019-02-16 15:00:00,8002.033756148435
2019-02-16 15:30:00,8121.042446092593
2019-02-16 16:00:00,8238.704472820578
2019-02-16 16:30:00,8275.25774919763
2019-02-16 17:00:00,8340.768664978403
2019-02-16 17:30:00,8298.765638007864
2019-02-16 18:00:00,8365.638076755034
2019-02-16 18:30:00,8239.402757045069
2019-02-16 19:00:00,8184.46289434215
2019-02-16 19:30:00,8182.354132043031
2019-02-16 20:00:00,8054.383686699904
2019-02-16 20:30:00,7801.4608232859255
2019-02-16 21:00:00,7567.075076229074
2019-02-16 21:30:00,7538.818794392284
2019-02-16 22:00:00,7461.736148684921
2019-02-16 22:30:00,7440.2093153145615
2019-02-16 23:00:00,7358.280197247706
2019-02-16 23:30:00,7233.504829958171
2019-02-17 00:00:00,7048.044882837619
2019-02-17 00:30:00,6872.854411711878
2019-02-17 01:00:00,6699.950832987098
2019-02-17 01:30:00,6350.494930217534
2019-02-17 02:00:00,6213.710979865143
2019-02-17 02:30:00,6114.6169808907025
2019-02-17 03:00:00,6036.041512688709
2019-02-17 03:30:00,6033.140966814574
2019-02-17 04:00:00,6027.9503917539505
2019-02-17 04:30:00,6103.299133422861
2019-02-17 05:00:00,6146.8147089420345
2019-02-17 05:30:00,6309.320397421901
2019-02-17 06:00:00,6353.623096337013
2019-02-17 06:30:00,6536.199657670711
2019-02-17 07:00:00,6707.968847441036
2019-02-17 07:30:00,6975.795173078371
2019-02-17 08:00:00,7063.6284484405705
2019-02-17 08:30:00,7147.659136977074
2019-02-17 09:00:00,7313.459652197166
2019-02-17 09:30:00,7404.799302561617
2019-02-17 10:00:00,7441.802765376327
2019-02-17 10:30:00,7441.802765376327
2019-02-17 11:00:00,7528.294187745187
2019-02-17 11:30:00,7543.465216857746
2019-02-17 12:00:00,7620.251051094254
2019-02-17 12:30:00,7539.850443846647
2019-02-17 13:00:00,7561.365435470757
2019-02-17 13:30:00,7687.696635730781
2019-02-17 14:00:00,7778.1538267593905
2019-02-17 14:30:00,7873.5727435667095
2019-02-17 15:00:00,8151.84522092426
2019-02-17 15:30:00,8245.713296761764
2019-02-17 16:00:00,8384.228958705338
2019-02-17 16:30:00,8439.33634443307
2019-02-17 17:00:00,8636.779360944129
2019-02-17 17:30:00,8707.451748585338
2019-02-17 18:00:00,8746.731446384374
2019-02-17 18:30:00,8668.801891363877
2019-02-17 19:00:00,8582.224017041317
2019-02-17 19:30:00,8678.527292043613
2019-02-17 20:00:00,8512.865571414053
2019-02-17 20:30:00,8389.57192391372
2019-02-17 21:00:00,8052.864583985017
2019-02-17 21:30:00,7955.844717331932
2019-02-17 22:00:00,7609.997348717479
2019-02-17 22:30:00,7609.997348717479
2019-02-17 23:00:00,7246.642208327745
2019-02-17 23:30:00,7037.652337123771
2019-02-18 00:00:00,7178.3852024012185
2019-02-18 00:30:00,6964.515012229978
2019-02-18 01:00:00,6974.427787247518
2019-02-18 01:30:00,6664.480979410374
2019-02-18 02:00:00,6506.663944467839
2019-02-18 02:30:00,6358.627193049557
2019-02-18 03:00:00,6392.876331222687
2019-02-18 03:30:00,6392.876331222687
2019-02-18 04:00:00,6535.498247572691
2019-02-18 04:30:00,6535.498247572691
2019-02-18 05:00:00,7013.058485887285
2019-02-18 05:30:00,7222.149946770403
2019-02-18 06:00:00,7946.774658857465
2019-02-18 06:30:00,8099.321877090164
2019-02-18 07:00:00,8537.043240012408
2019-02-18 07:30:00,8616.594247064235
2019-02-18 08:00:00,8421.78498229614
2019-02-18 08:30:00,8630.028899104016
2019-02-18 09:00:00,8616.184433690385
2019-02-18 09:30:00,8725.064526614004
2019-02-18 10:00:00,8733.840420071392
2019-02-18 10:30:00,8686.46037436127
2019-02-18 11:00:00,8771.45409480054
2019-02-18 11:30:00,8892.621590733515
2019-02-18 12:00:00,9120.503023038205
2019-02-18 12:30:00,9299.772853180692
2019-02-18 13:00:00,9427.642937625313
2019-02-18 13:30:00,9628.702491734426
2019-02-18 14:00:00,9811.703880812787
2019-02-18 14:30:00,9905.471791131287
2019-02-18 15:00:00,10075.59641543506
2019-02-18 15:30:00,10205.27424490454
2019-02-18 16:00:00,10335.495327800276
2019-02-18 16:30:00,10514.067369232958
2019-02-18 17:00:00,10368.016746038842
2019-02-18 17:30:00,10653.857014329797
2019-02-18 18:00:00,10332.021111978298
2019-02-18 18:30:00,10319.408700516167
2019-02-18 19:00:00,10068.101474148043
2019-02-18 19:30:00,10060.914482657627
2019-02-18 20:00:00,9788.288724688251
2019-02-18 20:30:00,9551.884547425712
2019-02-18 21:00:00,9433.57088325189
2019-02-18 21:30:00,9280.68808812915
2019-02-18 22:00:00,8968.90910842269
2019-02-18 22:30:00,8667.147209924167
2019-02-18 23:00:00,8397.666249097396
2019-02-18 23:30:00,8219.844247584071
2019-02-19 00:00:00,7654.086447036076
2019-02-19 00:30:00,7603.358181631861
2019-02-19 01:00:00,7366.646334873547
2019-02-19 01:30:00,7027.009388054684
2019-02-19 02:00:00,6781.826797093003
2019-02-19 02:30:00,6689.198796360145
2019-02-19 03:00:00,6644.071702194925
2019-02-19 03:30:00,6664.2961631798025
2019-02-19 04:00:00,6710.71680256806
2019-02-19 04:30:00,7085.469517517581
2019-02-19 05:00:00,7264.551334470422
2019-02-19 05:30:00,7623.096584465891
2019-02-19 06:00:00,7980.692688221304
2019-02-19 06:30:00,8305.152057128245
2019-02-19 07:00:00,8584.65679469422
2019-02-19 07:30:00,8680.610397865756
2019-02-19 08:00:00,8800.808520127881
2019-02-19 08:30:00,8829.589446203872
2019-02-19 09:00:00,9010.490944746294
2019-02-19 09:30:00,9022.756197172763
2019-02-19 10:00:00,9163.00935373218
2019-02-19 10:30:00,9214.482636592866
2019-02-19 11:00:00,9318.253068035685
2019-02-19 11:30:00,9533.787544762345
2019-02-19 12:00:00,9781.02946170429
2019-02-19 12:30:00,9965.522284509401
2019-02-19 13:00:00,10129.100916699315
2019-02-19 13:30:00,10252.493922141157
2019-02-19 14:00:00,10430.380271881186
2019-02-19 14:30:00,10713.961369831088
2019-02-19 15:00:00,10817.4329076742
2019-02-19 15:30:00,10993.054006193457
2019-02-19 16:00:00,11134.690545581347
2019-02-19 16:30:00,11134.690545581347
2019-02-19 17:00:00,11083.568703589168
2019-02-19 17:30:00,10824.305705475776
2019-02-19 18:00:00,10928.072258817738
2019-02-19 18:30:00,10683.829230626126
2019-02-19 19:00:00,10324.72144373179
2019-02-19 19:30:00,10244.598674896893
2019-02-19 20:00:00,9876.847957024294
2019-02-19 20:30:00,9598.935534577797
2019-02-19 21:00:00,9223.031497456426
2019-02-19 21:30:00,9081.767322279737
2019-02-19 22:00:00,8562.4169235993
2019-02-19 22:30:00,8440.257683961778
2019-02-19 23:00:00,8211.998133316545
2019-02-19 23:30:00,7995.732001775004
2019-02-20 00:00:00,7819.728825070501
2019-02-20 00:30:00,7749.986920051338
2019-02-20 01:00:00,7551.729595009627
2019-02-20 01:30:00,7213.733665346598
2019-02-20 02:00:00,6982.156614964926
2019-02-20 02:30:00,6824.375522407768
2019-02-20 03:00:00,6771.549615805604
2019-02-20 03:30:00,6844.706427926311
2019-02-20 04:00:00,6902.3007187762805
2019-02-20 04:30:00,6965.7722766575935
2019-02-20 05:00:00,7296.393965884239
2019-02-20 05:30:00,7828.056622778483
2019-02-20 06:00:00,8267.630784958643
2019-02-20 06:30:00,8594.42193012852
2019-02-20 07:00:00,8828.088421348499
2019-02-20 07:30:00,8947.963032126554
2019-02-20 08:00:00,9138.848730917616
2019-02-20 08:30:00,9166.139326200553
2019-02-20 09:00:00,9264.719310079756
2019-02-20 09:30:00,9329.616933476836
2019-02-20 10:00:00,9622.109811352146
2019-02-20 10:30:00,9665.67495052742
2019-02-20 11:00:00,9711.204175155432
2019-02-20 11:30:00,9659.755213254157
2019-02-20 12:00:00,9761.538851021469
2019-02-20 12:30:00,9706.923167576464
2019-02-20 13:00:00,9673.04813172268
2019-02-20 13:30:00,9847.885366758841
2019-02-20 14:00:00,9514.971000196248
2019-02-20 14:30:00,9692.664439953453
2019-02-20 15:00:00,9786.006705959038
2019-02-20 15:30:00,9775.453546175053
2019-02-20 16:00:00,9884.307221292214
2019-02-20 16:30:00,9915.929617855712
2019-02-20 17:00:00,9900.773283718796
2019-02-20 17:30:00,9701.17439671588
2019-02-20 18:00:00,9623.946281945891
2019-02-20 18:30:00,9435.412939326401
2019-02-20 19:00:00,9292.927160575886
2019-02-20 19:30:00,9175.48039763135
2019-02-20 20:00:00,8972.182470183561
2019-02-20 20:30:00,8701.522817624027
2019-02-20 21:00:00,8397.94272082956
2019-02-20 21:30:00,8354.659838655842
2019-02-20 22:00:00,8139.057816319559
2019-02-20 22:30:00,7937.924870055622
2019-02-20 23:00:00,7742.050063084708
2019-02-20 23:30:00,7618.009033085773
2019-02-21 00:00:00,7562.906743922395
2019-02-21 00:30:00,7336.1354809557515
2019-02-21 01:00:00,7117.180390752509
2019-02-21 01:30:00,6865.961208649211
2019-02-21 02:00:00,6645.442354145413
2019-02-21 02:30:00,6486.423426022883
2019-02-21 03:00:00,6409.471585392065
2019-02-21 03:30:00,6409.471585392065
2019-02-21 04:00:00,6516.131164668511
2019-02-21 04:30:00,6742.203930264169
2019-02-21 05:00:00,6964.9456754891535
2019-02-21 05:30:00,7612.0166527036745
2019-02-21 06:00:00,7975.825661016645
2019-02-21 06:30:00,8298.770292834357
2019-02-21 07:00:00,8556.109547062491
2019-02-21 07:30:00,8666.090864249274
2019-02-21 08:00:00,8682.674627185877
2019-02-21 08:30:00,8778.68517133226
2019-02-21 09:00:00,8787.25633061169
2019-02-21 09:30:00,8787.25633061169
2019-02-21 10:00:00,8795.596068197483
2019-02-21 10:30:00,8721.031656246168
2019-02-21 11:00:00,8594.519961762999
2019-02-21 11:30:00,8577.223979030552
2019-02-21 12:00:00,8604.242442470764
2019-02-21 12:30:00,8604.242442470764
2019-02-21 13:00:00,8655.522960754512
2019-02-21 13:30:00,8746.772331475055
2019-02-21 14:00:00,8697.55058622106
2019-02-21 14:30:00,8742.165232940715
2019-02-21 15:00:00,8821.701093858988
2019-02-21 15:30:00,9042.40462447473
2019-02-21 16:00:00,9115.091238230309
2019-02-21 16:30:00,9164.251609828141
2019-02-21 17:00:00,9320.169458831524
2019-02-21 17:30:00,9270.352194463427
2019-02-21 18:00:00,9171.679028408522
2019-02-21 18:30:00,9086.526041858786
2019-02-21 19:00:00,8990.650140618478
2019-02-21 19:30:00,8959.584798619635
2019-02-21 20:00:00,8711.884271765877
2019-02-21 20:30:00,8530.17459975007
2019-02-21 21:00:00,8318.761218892809
2019-02-21 21:30:00,8215.804608153621
2019-02-21 22:00:00,8017.385847618517
2019-02-21 22:30:00,7960.830406427106
2019-02-21 23:00:00,7788.46868810496
2019-02-21 23:30:00,7583.288245949051
2019-02-22 00:00:00,7552.203189777572
2019-02-22 00:30:00,7294.3422435435195
2019-02-22 01:00:00,7097.125344898389
2019-02-22 01:30:00,6869.528712146433
2019-02-22 02:00:00,6528.891064521943
2019-02-22 02:30:00,6447.61189407223
2019-02-22 03:00:00,6442.6611597592055
2019-02-22 03:30:00,6442.6611597592055
2019-02-22 04:00:00,6498.964436919562
2019-02-22 04:30:00,6667.256474657755
2019-02-22 05:00:00,6958.397851777665
2019-02-22 05:30:00,7438.264455615334
2019-02-22 06:00:00,7859.70635744117
2019-02-22 06:30:00,8273.727140312556
2019-02-22 07:00:00,8514.186777852696
2019-02-22 07:30:00,8605.436148573239
2019-02-22 08:00:00,8587.162139603435
2019-02-22 08:30:00,8734.22604206602
2019-02-22 09:00:00,8798.18659514834
2019-02-22 09:30:00,8851.999353197989
2019-02-22 10:00:00,8817.87198154137
2019-02-22 10:30:00,8817.87198154137
2019-02-22 11:00:00,8734.486956770048
2019-02-22 11:30:00,8662.165291931162
2019-02-22 12:00:00,8589.785558064606
2019-02-22 12:30:00,8588.662581996548
2019-02-22 13:00:00,8611.23826758576
2019-02-22 13:30:00,8606.975184070754
2019-02-22 14:00:00,8653.265893052308
2019-02-22 14:30:00,8569.792225673089
2019-02-22 15:00:00,8707.751980605333
2019-02-22 15:30:00,8777.241215408216
2019-02-22 16:00:00,8839.389883761
2019-02-22 16:30:00,8837.946127006357
2019-02-22 17:00:00,8926.184479942009
2019-02-22 17:30:00,8904.639275237727
2019-02-22 18:00:00,8821.419456112928
2019-02-22 18:30:00,8644.322989416058
2019-02-22 19:00:00,8548.903260998031
2019-02-22 19:30:00,8588.503593671605
2019-02-22 20:00:00,8464.700108857503
2019-02-22 20:30:00,8200.766891400604
2019-02-22 21:00:00,8036.558056759099
2019-02-22 21:30:00,7992.0664155104
2019-02-22 22:00:00,7841.34924495084
2019-02-22 22:30:00,7756.810330817877
2019-02-22 23:00:00,7680.646155352721
2019-02-22 23:30:00,7507.804805141361
2019-02-23 00:00:00,7263.939700079454
2019-02-23 00:30:00,7155.514965475606
2019-02-23 01:00:00,6947.940241240393
2019-02-23 01:30:00,6697.469976245387
2019-02-23 02:00:00,6417.270590393413
2019-02-23 02:30:00,6333.090874069565
2019-02-23 03:00:00,6239.231088786302
2019-02-23 03:30:00,6260.868565696917
2019-02-23 04:00:00,6250.470888380533
2019-02-23 04:30:00,6414.367353184388
2019-02-23 05:00:00,6408.368929405028
2019-02-23 05:30:00,6787.062234037053
2019-02-23 06:00:00,6764.194574003831
2019-02-23 06:30:00,6901.750065101864
2019-02-23 07:00:00,7292.91829191477
2019-02-23 07:30:00,7324.535299655617
2019-02-23 08:00:00,7696.427344441646
2019-02-23 08:30:00,7815.972534311972
2019-02-23 09:00:00,7765.158121991883
2019-02-23 09:30:00,7741.302941036307
2019-02-23 10:00:00,7710.008174312464
2019-02-23 10:30:00,7554.296795300301
2019-02-23 11:00:00,7531.574239472444
2019-02-23 11:30:00,7485.757963299553
2019-02-23 12:00:00,7446.443016903587
2019-02-23 12:30:00,7443.407281007227
2019-02-23 13:00:00,7404.461067297275
2019-02-23 13:30:00,7405.157909363419
2019-02-23 14:00:00,7411.057776168119
2019-02-23 14:30:00,7391.771378028778
2019-02-23 15:00:00,7408.920498146922
2019-02-23 15:30:00,7411.340181224425
2019-02-23 16:00:00,7527.395443421998
2019-02-23 16:30:00,7541.959539897077
2019-02-23 17:00:00,7634.618108007595
2019-02-23 17:30:00,7587.1168607294685
2019-02-23 18:00:00,7789.586817184646
2019-02-23 18:30:00,7735.203731096596
2019-02-23 19:00:00,7768.458528948506
2019-02-23 19:30:00,7768.458528948506
2019-02-23 20:00:00,7645.286998962789
2019-02-23 20:30:00,7600.0220673130225
2019-02-23 21:00:00,7443.919077351194
2019-02-23 21:30:00,7443.919077351194
2019-02-23 22:00:00,7376.921035625251
2019-02-23 22:30:00,7318.364026261337
2019-02-23 23:00:00,7238.975606695704
2019-02-23 23:30:00,7102.457215204622
2019-02-24 00:00:00,6864.727217315072
2019-02-24 00:30:00,6681.4817697706985
2019-02-24 01:00:00,6436.12765784304
2019-02-24 01:30:00,6179.087697185586
2019-02-24 02:00:00,6039.268239221792
2019-02-24 02:30:00,5979.415071790965
2019-02-24 03:00:00,5911.832387940166
2019-02-24 03:30:00,5895.902971775739
2019-02-24 04:00:00,5897.3090164327205
2019-02-24 04:30:00,5970.997770197258
2019-02-24 05:00:00,5990.7452144762965
2019-02-24 05:30:00,6207.86941840687
2019-02-24 06:00:00,6266.191774416023
2019-02-24 06:30:00,6447.480448350382
2019-02-24 07:00:00,6573.64408885494
2019-02-24 07:30:00,6843.4959573371825
2019-02-24 08:00:00,6942.79164529051
2019-02-24 08:30:00,7030.897574127765
2019-02-24 09:00:00,7082.152441929016
2019-02-24 09:30:00,7082.152441929016
2019-02-24 10:00:00,7167.655695385365
2019-02-24 10:30:00,7064.94181255241
2019-02-24 11:00:00,7064.423046967919
2019-02-24 11:30:00,6927.699301055466
2019-02-24 12:00:00,6838.631437960131
2019-02-24 12:30:00,6838.631437960131
2019-02-24 13:00:00,6901.288684309113
2019-02-24 13:30:00,6901.288684309113
2019-02-24 14:00:00,6906.600105511436
2019-02-24 14:30:00,6944.68449789318
2019-02-24 15:00:00,6963.942008058734
2019-02-24 15:30:00,6896.502625353718
2019-02-24 16:00:00,7194.184659339363
2019-02-24 16:30:00,7196.119675204701
2019-02-24 17:00:00,7574.830207865808
2019-02-24 17:30:00,7621.107407881841
2019-02-24 18:00:00,7874.055755274274
2019-02-24 18:30:00,7830.811139123799
2019-02-24 19:00:00,7934.630599183581
2019-02-24 19:30:00,8071.883645757107
2019-02-24 20:00:00,7846.3201086373865
2019-02-24 20:30:00,7690.23023637727
2019-02-24 21:00:00,7439.559010650347
2019-02-24 21:30:00,7433.238918068707
2019-02-24 22:00:00,7175.121756238171
2019-02-24 22:30:00,7133.159251228522
2019-02-24 23:00:00,6903.8733796126735
2019-02-24 23:30:00,6620.074115630553
2019-02-25 00:00:00,6869.911646607925
2019-02-25 00:30:00,6720.771746666381
2019-02-25 01:00:00,6457.706269862482
2019-02-25 01:30:00,6236.030983700116
2019-02-25 02:00:00,6034.542443411666
2019-02-25 02:30:00,5965.998547925979
2019-02-25 03:00:00,5974.801313236381
2019-02-25 03:30:00,5923.443525004228
2019-02-25 04:00:00,6055.655971539902
2019-02-25 04:30:00,6110.92458151719
2019-02-25 05:00:00,6576.212046230431
2019-02-25 05:30:00,6692.345846491753
2019-02-25 06:00:00,7572.691916912457
2019-02-25 06:30:00,7723.556428758153
2019-02-25 07:00:00,8139.975322941794
2019-02-25 07:30:00,8435.376243812652
2019-02-25 08:00:00,8244.488460346667
2019-02-25 08:30:00,8401.58927523631
2019-02-25 09:00:00,8137.430563427937
2019-02-25 09:30:00,8318.148829137554
2019-02-25 10:00:00,8069.891499011199
2019-02-25 10:30:00,8136.437065694775
2019-02-25 11:00:00,7887.417347543688
2019-02-25 11:30:00,7924.3483055881525
2019-02-25 12:00:00,7927.1542292995955
2019-02-25 12:30:00,7863.772595590725
2019-02-25 13:00:00,7851.324597814765
2019-02-25 13:30:00,7851.324597814765
2019-02-25 14:00:00,7891.972754147744
2019-02-25 14:30:00,8000.103217436651
2019-02-25 15:00:00,8035.493993381685
2019-02-25 15:30:00,8128.4858952393715
2019-02-25 16:00:00,8456.74634809711
2019-02-25 16:30:00,8638.16673768474
2019-02-25 17:00:00,8685.683730795112
2019-02-25 17:30:00,8903.963808215034
2019-02-25 18:00:00,8797.021676626831
2019-02-25 18:30:00,8786.562722681881
2019-02-25 19:00:00,8589.419267853142
2019-02-25 19:30:00,8639.629009266764
2019-02-25 20:00:00,8480.805458135672
2019-02-25 20:30:00,8325.49864914685
2019-02-25 21:00:00,8230.649216291702
2019-02-25 21:30:00,8081.375576607319
2019-02-25 22:00:00,7970.997276393865
2019-02-25 22:30:00,7967.08645464873
2019-02-25 23:00:00,7622.9842518114365
2019-02-25 23:30:00,7354.069681924521
2019-02-26 00:00:00,7239.579503952083
2019-02-26 00:30:00,7045.674240354019
2019-02-26 01:00:00,6771.944400968765
2019-02-26 01:30:00,6538.087669060657
2019-02-26 02:00:00,6298.83898995282
2019-02-26 02:30:00,6187.694640005005
2019-02-26 03:00:00,6133.070380248045
2019-02-26 03:30:00,6157.17215982396
2019-02-26 04:00:00,6236.058196333163
2019-02-26 04:30:00,6501.218925304616
2019-02-26 05:00:00,6810.771422555029
2019-02-26 05:30:00,7375.7591146902005
2019-02-26 06:00:00,7761.932216828961
2019-02-26 06:30:00,7989.830063481788
2019-02-26 07:00:00,8253.931488546554
2019-02-26 07:30:00,8323.796398993609
2019-02-26 08:00:00,8293.09907621941
2019-02-26 08:30:00,8391.371101096218
2019-02-26 09:00:00,8389.853159757344
2019-02-26 09:30:00,8380.360665132343
2019-02-26 10:00:00,8415.193847852652
2019-02-26 10:30:00,8307.444131532346
2019-02-26 11:00:00,8189.64778294472
2019-02-26 11:30:00,8152.9534681654995
2019-02-26 12:00:00,8237.377608257731
2019-02-26 12:30:00,8202.021174030962
2019-02-26 13:00:00,8222.239399449003
2019-02-26 13:30:00,8217.489829202297
2019-02-26 14:00:00,8292.560550815973
2019-02-26 14:30:00,8295.88152636416
2019-02-26 15:00:00,8490.231870912938
2019-02-26 15:30:00,8597.907691744838
2019-02-26 16:00:00,8601.977578030474
2019-02-26 16:30:00,8765.947872332898
2019-02-26 17:00:00,8935.432876168985
2019-02-26 17:30:00,9000.258276518345
2019-02-26 18:00:00,8931.507812522766
2019-02-26 18:30:00,8866.581161658101
2019-02-26 19:00:00,8811.313697828493
2019-02-26 19:30:00,8756.293325976843
2019-02-26 20:00:00,8525.90532965017
2019-02-26 20:30:00,8430.738855113763
2019-02-26 21:00:00,8111.13056287894
2019-02-26 21:30:00,8047.504340888618
2019-02-26 22:00:00,7898.9992185811025
2019-02-26 22:30:00,7890.47528331365
2019-02-26 23:00:00,7690.948776242372
2019-02-26 23:30:00,7593.71836404397
2019-02-27 00:00:00,7220.469425755846
2019-02-27 00:30:00,7069.678594940267
2019-02-27 01:00:00,6882.933926760595
2019-02-27 01:30:00,6635.513653094133
2019-02-27 02:00:00,6414.249841486296
2019-02-27 02:30:00,6355.53315729929
2019-02-27 03:00:00,6293.409436484875
2019-02-27 03:30:00,6293.409436484875
2019-02-27 04:00:00,6352.477235855856
2019-02-27 04:30:00,6455.393883216184
2019-02-27 05:00:00,6722.146773367719
2019-02-27 05:30:00,7244.944927041927
2019-02-27 06:00:00,7646.590747037995
2019-02-27 06:30:00,7844.752810878126
2019-02-27 07:00:00,8159.005836834802
2019-02-27 07:30:00,8122.649740336842
2019-02-27 08:00:00,8183.119428472331
2019-02-27 08:30:00,8229.578525246883
2019-02-27 09:00:00,8199.378122425687
2019-02-27 09:30:00,8209.586962926596
2019-02-27 10:00:00,8302.884161054142
2019-02-27 10:30:00,8324.04161593923
2019-02-27 11:00:00,8294.912884019579
2019-02-27 11:30:00,8388.790727546764
2019-02-27 12:00:00,8448.05413803899
2019-02-27 12:30:00,8532.358197947035
2019-02-27 13:00:00,8549.932123994526
2019-02-27 13:30:00,8557.119818867903
2019-02-27 14:00:00,8705.168196045512
2019-02-27 14:30:00,8796.417566766055
2019-02-27 15:00:00,8917.284733867375
2019-02-27 15:30:00,9151.761700817395
2019-02-27 16:00:00,9339.054351442826
2019-02-27 16:30:00,9446.656968022466
2019-02-27 17:00:00,9562.438451484511
2019-02-27 17:30:00,9409.139287698008
2019-02-27 18:00:00,9445.929052821066
2019-02-27 18:30:00,9318.370832016693
2019-02-27 19:00:00,9153.149512406259
2019-02-27 19:30:00,9171.251614087108
2019-02-27 20:00:00,8831.531366435207
2019-02-27 20:30:00,8644.867131299048
2019-02-27 21:00:00,8398.853731210043
2019-02-27 21:30:00,8183.25170887376
2019-02-27 22:00:00,7984.832948338652
2019-02-27 22:30:00,7800.394789879654
2019-02-27 23:00:00,7683.67223781375
2019-02-27 23:30:00,7506.920065857255
2019-02-28 00:00:00,7380.8121716942305
2019-02-28 00:30:00,7151.426385207465
2019-02-28 01:00:00,6982.349907575583
2019-02-28 01:30:00,6711.399560605121
2019-02-28 02:00:00,6444.746316045425
2019-02-28 02:30:00,6346.907845276742
2019-02-28 03:00:00,6319.677391626954
2019-02-28 03:30:00,6319.677391626954
2019-02-28 04:00:00,6306.29699520316
2019-02-28 04:30:00,6481.661838358263
2019-02-28 05:00:00,6776.864853186553
2019-02-28 05:30:00,7228.592616166262
2019-02-28 06:00:00,7684.068310639859
2019-02-28 06:30:00,7968.38186121167
2019-02-28 07:00:00,8243.162438680898
2019-02-28 07:30:00,8377.540787066571
2019-02-28 08:00:00,8390.175027126043
2019-02-28 08:30:00,8484.2127231927
2019-02-28 09:00:00,8566.495439548507
2019-02-28 09:30:00,8641.807808509577
2019-02-28 10:00:00,8743.229173308417
2019-02-28 10:30:00,8719.741012044502
2019-02-28 11:00:00,8713.821274771239
2019-02-28 11:30:00,8737.309436035153
2019-02-28 12:00:00,8770.688080804082
2019-02-28 12:30:00,8770.688080804082
2019-02-28 13:00:00,8857.142512593062
2019-02-28 13:30:00,8931.706924544376
2019-02-28 14:00:00,9007.63434406885
2019-02-28 14:30:00,9022.841719790626
2019-02-28 15:00:00,9164.41436877756
2019-02-28 15:30:00,9316.274733753455
2019-02-28 16:00:00,9428.343132053518
2019-02-28 16:30:00,9445.4115601618
2019-02-28 17:00:00,9511.635488588834
2019-02-28 17:30:00,9435.030937201549
2019-02-28 18:00:00,9504.25715849953
2019-02-28 18:30:00,9420.982811223435
2019-02-28 19:00:00,9296.506851145765
2019-02-28 19:30:00,9265.536070218732
2019-02-28 20:00:00,8945.90678629263
2019-02-28 20:30:00,8765.473990138524
2019-02-28 21:00:00,8526.085207799362
2019-02-28 21:30:00,8403.881424816424
2019-02-28 22:00:00,8118.862747643297
2019-02-28 22:30:00,8068.1789278631295
2019-02-28 23:00:00,7871.798433233632
2019-02-28 23:30:00,7712.31431534848
2019-03-01 00:00:00,7419.684844633449
2019-03-01 00:30:00,7193.39778468804
2019-03-01 01:00:00,6969.458516935503
2019-03-01 01:30:00,6759.332665006468
2019-03-01 02:00:00,6534.249673457723
2019-03-01 02:30:00,6391.61404432008
2019-03-01 03:00:00,6321.0947725171145
2019-03-01 03:30:00,6402.373942966828
2019-03-01 04:00:00,6405.135899161979
2019-03-01 04:30:00,6603.699156206737
2019-03-01 05:00:00,6879.510968279073
2019-03-01 05:30:00,7365.569750648209
2019-03-01 06:00:00,7773.842116929876
2019-03-01 06:30:00,8158.578053406866
2019-03-01 07:00:00,8405.129078328877
2019-03-01 07:30:00,8483.071801485841
2019-03-01 08:00:00,8521.645129788543
2019-03-01 08:30:00,8653.77223550644
2019-03-01 09:00:00,8672.340237078399
2019-03-01 09:30:00,8763.215998965416
2019-03-01 10:00:00,8806.915226183644
2019-03-01 10:30:00,8821.175791878624
2019-03-01 11:00:00,8816.02864255123
2019-03-01 11:30:00,8808.795379093212
2019-03-01 12:00:00,8731.692419764777
2019-03-01 12:30:00,8806.821103819047
2019-03-01 13:00:00,8924.959453487854
2019-03-01 13:30:00,8954.543731895461
2019-03-01 14:00:00,9063.000094275789
2019-03-01 14:30:00,9126.195977957772
2019-03-01 15:00:00,9387.712236907559
2019-03-01 15:30:00,9523.152479564404
2019-03-01 16:00:00,9696.555319507948
2019-03-01 16:30:00,9709.67546685929
2019-03-01 17:00:00,9697.288636029489
2019-03-01 17:30:00,9493.480615903592
2019-03-01 18:00:00,9368.062983522232
2019-03-01 18:30:00,9183.851618076584
2019-03-01 19:00:00,9127.100031339458
2019-03-01 19:30:00,9097.540703596247
2019-03-01 20:00:00,8857.496196320279
2019-03-01 20:30:00,8636.878259875728
2019-03-01 21:00:00,8426.64206800421
2019-03-01 21:30:00,8316.660750817427
2019-03-01 22:00:00,8240.850776619209
2019-03-01 22:30:00,8178.035359373223
2019-03-01 23:00:00,7941.723459888125
2019-03-01 23:30:00,7762.390384971451
2019-03-02 00:00:00,7613.037850202183
2019-03-02 00:30:00,7311.7366058026355
2019-03-02 01:00:00,7092.849804848056
2019-03-02 01:30:00,6880.805839075004
2019-03-02 02:00:00,6598.154892334032
2019-03-02 02:30:00,6509.621618834393
2019-03-02 03:00:00,6360.337348343157
2019-03-02 03:30:00,6360.337348343157
2019-03-02 04:00:00,6349.398079053766
2019-03-02 04:30:00,6528.613004501383
2019-03-02 05:00:00,6526.266608079414
2019-03-02 05:30:00,6868.156792349104
2019-03-02 06:00:00,6763.7544607151085
2019-03-02 06:30:00,6959.0010381565435
2019-03-02 07:00:00,7351.521258151174
2019-03-02 07:30:00,7435.388927868005
2019-03-02 08:00:00,7822.099260812422
2019-03-02 08:30:00,7837.781365004192
2019-03-02 09:00:00,7890.839736853348
2019-03-02 09:30:00,7880.194933019368
2019-03-02 10:00:00,8028.446177958133
2019-03-02 10:30:00,8028.446177958133
2019-03-02 11:00:00,8054.881073836992
2019-03-02 11:30:00,8025.468569275797
2019-03-02 12:00:00,7983.138606357978
2019-03-02 12:30:00,7983.138606357978
2019-03-02 13:00:00,7971.58217559619
2019-03-02 13:30:00,8008.135451973243
2019-03-02 14:00:00,8060.731044853572
2019-03-02 14:30:00,8129.054571452426
2019-03-02 15:00:00,8367.784227249222
2019-03-02 15:30:00,8446.542808337226
2019-03-02 16:00:00,8693.096476795572
2019-03-02 16:30:00,8777.410028941358
2019-03-02 17:00:00,8760.91729128065
2019-03-02 17:30:00,8607.85331333646
2019-03-02 18:00:00,8607.504813548463
2019-03-02 18:30:00,8552.474427577245
2019-03-02 19:00:00,8406.254856298207
2019-03-02 19:30:00,8354.556469677433
2019-03-02 20:00:00,8218.263086054289
2019-03-02 20:30:00,8046.2527142857
2019-03-02 21:00:00,7741.386526606193
2019-03-02 21:30:00,7717.531345650617
2019-03-02 22:00:00,7495.001964899956
2019-03-02 22:30:00,7476.174784909869
2019-03-02 23:00:00,7357.06843092767
2019-03-02 23:30:00,7322.107673923187
2019-03-03 00:00:00,7147.601108978472
2019-03-03 00:30:00,6992.407484824866
2019-03-03 01:00:00,6878.932614980925
2019-03-03 01:30:00,6494.759367078542
2019-03-03 02:00:00,6274.583383851261
2019-03-03 02:30:00,6229.335961681502
2019-03-03 03:00:00,6185.3840646799645
2019-03-03 03:30:00,6189.225226679954
2019-03-03 04:00:00,6177.682120891041
2019-03-03 04:30:00,6260.299415245181
2019-03-03 05:00:00,6294.654329887421
2019-03-03 05:30:00,6529.390366097869
2019-03-03 06:00:00,6573.380123767582
2019-03-03 06:30:00,6843.284209032866
2019-03-03 07:00:00,7034.225817094497
2019-03-03 07:30:00,7207.025104406635
2019-03-03 08:00:00,7310.467812542954
2019-03-03 08:30:00,7492.81946128652
2019-03-03 09:00:00,7650.408197334549
2019-03-03 09:30:00,7694.899838583248
2019-03-03 10:00:00,7761.01906617765
2019-03-03 10:30:00,7669.94291512397
2019-03-03 11:00:00,7841.45397675618
2019-03-03 11:30:00,7841.45397675618
2019-03-03 12:00:00,7860.290101672159
2019-03-03 12:30:00,7864.373687057575
2019-03-03 13:00:00,7874.112137151146
2019-03-03 13:30:00,7973.728753549175
2019-03-03 14:00:00,8014.9274362802635
2019-03-03 14:30:00,8110.52049831973
2019-03-03 15:00:00,8210.470747145942
2019-03-03 15:30:00,8326.28565394471
2019-03-03 16:00:00,8432.902138149919
2019-03-03 16:30:00,8471.494237783634
2019-03-03 17:00:00,8742.13223709187
2019-03-03 17:30:00,8742.13223709187
2019-03-03 18:00:00,8721.688051815061
2019-03-03 18:30:00,8558.465696779907
2019-03-03 19:00:00,8619.76523174727
2019-03-03 19:30:00,8617.033770089063
2019-03-03 20:00:00,8492.465465953792
2019-03-03 20:30:00,8357.734704008211
2019-03-03 21:00:00,8141.3647790091745
2019-03-03 21:30:00,7980.264430513226
2019-03-03 22:00:00,7717.600147396413
2019-03-03 22:30:00,7661.0447062050025
2019-03-03 23:00:00,7376.9177422073635
2019-03-03 23:30:00,7216.502811958161
2019-03-04 00:00:00,7394.894760728935
2019-03-04 00:30:00,7154.524678416268
2019-03-04 01:00:00,7009.244260217754
2019-03-04 01:30:00,6738.083060601622
2019-03-04 02:00:00,6584.175375404186
2019-03-04 02:30:00,6502.8962049544725
2019-03-04 03:00:00,6419.341327506481
2019-03-04 03:30:00,6381.5758509311845
2019-03-04 04:00:00,6524.051407430993
2019-03-04 04:30:00,6645.170423075119
2019-03-04 05:00:00,7162.407526864478
2019-03-04 05:30:00,7330.517581506816
2019-03-04 06:00:00,8059.915167390926
2019-03-04 06:30:00,8063.189774810254
2019-03-04 07:00:00,8679.333943761378
2019-03-04 07:30:00,8797.393653888359
2019-03-04 08:00:00,8804.266811857959
2019-03-04 08:30:00,8853.813858528943
2019-03-04 09:00:00,8801.624851181394
2019-03-04 09:30:00,8801.624851181394
2019-03-04 10:00:00,8750.558257260127
2019-03-04 10:30:00,8781.672683074034
2019-03-04 11:00:00,8872.389741507657
2019-03-04 11:30:00,9123.239438764818
2019-03-04 12:00:00,9117.302401369943
2019-03-04 12:30:00,9142.87766178021
2019-03-04 13:00:00,9252.687751653048
2019-03-04 13:30:00,9509.757818211823
2019-03-04 14:00:00,9561.813816318036
2019-03-04 14:30:00,9721.679348798887
2019-03-04 15:00:00,9835.050178162586
2019-03-04 15:30:00,9975.908340192569
2019-03-04 16:00:00,10095.559065113088
2019-03-04 16:30:00,10250.186891556354
2019-03-04 17:00:00,10261.017236915888
2019-03-04 17:30:00,10378.228936102943
2019-03-04 18:00:00,10134.053251140887
2019-03-04 18:30:00,10045.36184220462
2019-03-04 19:00:00,9777.361670990642
2019-03-04 19:30:00,9768.37997200642
2019-03-04 20:00:00,9501.662445211314
2019-03-04 20:30:00,9325.954997679937
2019-03-04 21:00:00,9197.434523423486
2019-03-04 21:30:00,9028.25797853675
2019-03-04 22:00:00,8762.148875955254
2019-03-04 22:30:00,8589.601336381871
2019-03-04 23:00:00,8315.304656029071
2019-03-04 23:30:00,8151.67054519784
2019-03-05 00:00:00,7657.115486990233
2019-03-05 00:30:00,7568.420349839334
2019-03-05 01:00:00,7401.317631475156
2019-03-05 01:30:00,7068.305692130257
2019-03-05 02:00:00,6804.542999754526
2019-03-05 02:30:00,6659.511857449924
2019-03-05 03:00:00,6608.920476012977
2019-03-05 03:30:00,6693.100192336825
2019-03-05 04:00:00,6704.154444165984
2019-03-05 04:30:00,7035.496432392425
2019-03-05 05:00:00,7202.8862580254945
2019-03-05 05:30:00,7637.1857688360415
2019-03-05 06:00:00,8034.670941027063
2019-03-05 06:30:00,8393.275816847241
2019-03-05 07:00:00,8659.58470365243
2019-03-05 07:30:00,8819.966168933714
2019-03-05 08:00:00,8820.815164437272
2019-03-05 08:30:00,8963.349627302101
2019-03-05 09:00:00,8959.689539977851
2019-03-05 09:30:00,9084.568934061519
2019-03-05 10:00:00,9105.392825116465
2019-03-05 10:30:00,9101.19714912747
2019-03-05 11:00:00,9191.478960874749
2019-03-05 11:30:00,9200.373183758757
2019-03-05 12:00:00,9432.048917938726
2019-03-05 12:30:00,9612.695238254017
2019-03-05 13:00:00,9689.3790154678
2019-03-05 13:30:00,9792.415124829102
2019-03-05 14:00:00,9965.401805607464
2019-03-05 14:30:00,10237.988005163164
2019-03-05 15:00:00,10507.688663311334
2019-03-05 15:30:00,10666.070095376854
2019-03-05 16:00:00,10746.05027899492
2019-03-05 16:30:00,10825.570944690735
2019-03-05 17:00:00,10639.020826198479
2019-03-05 17:30:00,10419.499657388658
2019-03-05 18:00:00,10223.459088866844
2019-03-05 18:30:00,10049.281507793192
2019-03-05 19:00:00,9925.400642323659
2019-03-05 19:30:00,9788.08479274198
2019-03-05 20:00:00,9443.226684188534
2019-03-05 20:30:00,9217.673452015346
2019-03-05 21:00:00,8807.436281124397
2019-03-05 21:30:00,8750.777736176353
2019-03-05 22:00:00,8513.601491021165
2019-03-05 22:30:00,8469.829758067666
2019-03-05 23:00:00,8241.476643361584
2019-03-05 23:30:00,8033.7385049658105
2019-03-06 00:00:00,7799.770087839801
2019-03-06 00:30:00,7641.0484691199135
2019-03-06 01:00:00,7370.823660762105
2019-03-06 01:30:00,7136.956524565331
2019-03-06 02:00:00,6864.411490354053
2019-03-06 02:30:00,6744.754906028001
2019-03-06 03:00:00,6706.099994174876
2019-03-06 03:30:00,6671.972950109316
2019-03-06 04:00:00,6742.150263879185
2019-03-06 04:30:00,6945.257194138508
2019-03-06 05:00:00,7130.689194922277
2019-03-06 05:30:00,7743.118655643947
2019-03-06 06:00:00,8162.7716407153375
2019-03-06 06:30:00,8503.123792230788
2019-03-06 07:00:00,8727.741830698007
2019-03-06 07:30:00,8905.774295344543
2019-03-06 08:00:00,8932.97091249847
2019-03-06 08:30:00,9044.995068169364
2019-03-06 09:00:00,9087.05419334555
2019-03-06 09:30:00,9090.495352442947
2019-03-06 10:00:00,9119.737907437548
2019-03-06 10:30:00,9119.737907437548
2019-03-06 11:00:00,9143.519167099334
2019-03-06 11:30:00,9187.27582947161
2019-03-06 12:00:00,9338.334181088885
2019-03-06 12:30:00,9494.940163061274
2019-03-06 13:00:00,9724.165206228414
2019-03-06 13:30:00,9825.63777904225
2019-03-06 14:00:00,9856.794212419947
2019-03-06 14:30:00,10166.68790428977
2019-03-06 15:00:00,10454.384631291976
2019-03-06 15:30:00,10668.012684112819
2019-03-06 16:00:00,10557.97881121153
2019-03-06 16:30:00,10432.642186073272
2019-03-06 17:00:00,10459.580485908331
2019-03-06 17:30:00,10459.580485908331
2019-03-06 18:00:00,10264.366573247222
2019-03-06 18:30:00,10136.014859844632
2019-03-06 19:00:00,10193.488021772455
2019-03-06 19:30:00,10003.531866021101
2019-03-06 20:00:00,9732.285972832551
2019-03-06 20:30:00,9392.449167396335
2019-03-06 21:00:00,9046.491019463268
2019-03-06 21:30:00,8925.206965527484
2019-03-06 22:00:00,8538.600851101663
2019-03-06 22:30:00,8390.287747918745
2019-03-06 23:00:00,8147.35493425463
2019-03-06 23:30:00,7926.866882458659
2019-03-07 00:00:00,7879.449727226954
2019-03-07 00:30:00,7620.952785164959
2019-03-07 01:00:00,7282.733778601669
2019-03-07 01:30:00,6967.737453607296
2019-03-07 02:00:00,6686.579759424729
2019-03-07 02:30:00,6580.515672677051
2019-03-07 03:00:00,6513.902907385541
2019-03-07 03:30:00,6533.957781438119
2019-03-07 04:00:00,6536.030700407674
2019-03-07 04:30:00,6796.718343912184
2019-03-07 05:00:00,7068.586864477122
2019-03-07 05:30:00,7598.673660284215
2019-03-07 06:00:00,8007.4281624733685
2019-03-07 06:30:00,8377.72102558261
2019-03-07 07:00:00,8645.414485473508
2019-03-07 07:30:00,8777.032597101794
2019-03-07 08:00:00,8922.689670937303
2019-03-07 08:30:00,8987.15072531261
2019-03-07 09:00:00,8895.967200260231
2019-03-07 09:30:00,8747.55675847126
2019-03-07 10:00:00,9135.096199118434
2019-03-07 10:30:00,9146.149058636434
2019-03-07 11:00:00,9079.094446463034
2019-03-07 11:30:00,8721.177103671718
2019-03-07 12:00:00,9009.202285145995
2019-03-07 12:30:00,9241.7035653517
2019-03-07 13:00:00,9366.349229962754
2019-03-07 13:30:00,9846.867223409841
2019-03-07 14:00:00,9808.231368306835
2019-03-07 14:30:00,9706.899409955906
2019-03-07 15:00:00,9658.6007974174
2019-03-07 15:30:00,9623.875140103606
2019-03-07 16:00:00,9502.138976255717
2019-03-07 16:30:00,9457.964924742138
2019-03-07 17:00:00,9175.8043679001
2019-03-07 17:30:00,9175.8043679001
2019-03-07 18:00:00,9151.567627116814
2019-03-07 18:30:00,9355.975950715592
2019-03-07 19:00:00,9273.7016181623
2019-03-07 19:30:00,9263.49641041482
2019-03-07 20:00:00,9023.443438287508
2019-03-07 20:30:00,8752.783785727974
2019-03-07 21:00:00,8382.022186574326
2019-03-07 21:30:00,8227.853216219226
2019-03-07 22:00:00,8012.4867121708785
2019-03-07 22:30:00,7823.950196728312
2019-03-07 23:00:00,7733.990781712846
2019-03-07 23:30:00,7580.4240585191465
2019-03-08 00:00:00,7289.8208643576645
2019-03-08 00:30:00,7100.516904073825
2019-03-08 01:00:00,6924.17020237597
2019-03-08 01:30:00,6670.799391506827
2019-03-08 02:00:00,6381.35448764476
2019-03-08 02:30:00,6267.671491178223
2019-03-08 03:00:00,6232.269531341323
2019-03-08 03:30:00,6263.410000442656
2019-03-08 04:00:00,6264.966080017429
2019-03-08 04:30:00,6450.500021731898
2019-03-08 05:00:00,6751.354883748432
2019-03-08 05:30:00,7176.153197999313
2019-03-08 06:00:00,7623.494850748477
2019-03-08 06:30:00,7954.082365286103
2019-03-08 07:00:00,8201.013183479483
2019-03-08 07:30:00,8201.013183479483
2019-03-08 08:00:00,8123.6834812852285
2019-03-08 08:30:00,8131.127281090203
2019-03-08 09:00:00,8143.248996919723
2019-03-08 09:30:00,8101.166728484781
2019-03-08 10:00:00,8092.1346639081285
2019-03-08 10:30:00,8029.283695675399
2019-03-08 11:00:00,8065.604937598502
2019-03-08 11:30:00,7962.173149862208
2019-03-08 12:00:00,7904.641240848113
2019-03-08 12:30:00,7861.830231683812
2019-03-08 13:00:00,7956.4484686785545
2019-03-08 13:30:00,7950.834872881165
2019-03-08 14:00:00,7955.2028459998155
2019-03-08 14:30:00,7993.502308717047
2019-03-08 15:00:00,8150.85039616728
2019-03-08 15:30:00,8227.356981587563
2019-03-08 16:00:00,8272.046346457437
2019-03-08 16:30:00,8318.043414359983
2019-03-08 17:00:00,8370.673060269068
2019-03-08 17:30:00,8325.42357082614
2019-03-08 18:00:00,8271.896151261803
2019-03-08 18:30:00,8216.788765534071
2019-03-08 19:00:00,8154.200605904677
2019-03-08 19:30:00,8103.884292122438
2019-03-08 20:00:00,8010.1193176975685
2019-03-08 20:30:00,7774.4468282786
2019-03-08 21:00:00,7622.112912903794
2019-03-08 21:30:00,7613.588977636341
2019-03-08 22:00:00,7582.2463899267605
2019-03-08 22:30:00,7582.2463899267605
2019-03-08 23:00:00,7499.544211326353
2019-03-08 23:30:00,7381.180523763119
2019-03-09 00:00:00,7137.596264455918
2019-03-09 00:30:00,7044.463455047117
2019-03-09 01:00:00,6873.362039270029
2019-03-09 01:30:00,6630.335574079998
2019-03-09 02:00:00,6332.808188636239
2019-03-09 02:30:00,6250.116002260788
2019-03-09 03:00:00,6178.044138219378
2019-03-09 03:30:00,6199.681615129993
2019-03-09 04:00:00,6264.615656664857
2019-03-09 04:30:00,6392.909051106954
2019-03-09 05:00:00,6361.437456745222
2019-03-09 05:30:00,6672.722022988252
2019-03-09 06:00:00,6749.671427149724
2019-03-09 06:30:00,6853.699417049057
2019-03-09 07:00:00,7152.825152824454
2019-03-09 07:30:00,7166.205026229298
2019-03-09 08:00:00,7639.748204322732
2019-03-09 08:30:00,7615.893023367156
2019-03-09 09:00:00,7672.853262115607
2019-03-09 09:30:00,7663.571696310615
2019-03-09 10:00:00,7588.707576981882
2019-03-09 10:30:00,7588.707576981882
2019-03-09 11:00:00,7582.787839708618
2019-03-09 11:30:00,7582.787839708618
2019-03-09 12:00:00,7495.183392584658
2019-03-09 12:30:00,7598.811248751449
2019-03-09 13:00:00,7674.5127681701815
2019-03-09 13:30:00,7747.059299527507
2019-03-09 14:00:00,8002.398137893347
2019-03-09 14:30:00,8034.811008994093
2019-03-09 15:00:00,8284.904224412727
2019-03-09 15:30:00,8484.263673826135
2019-03-09 16:00:00,8670.031943026817
2019-03-09 16:30:00,8897.872351150945
2019-03-09 17:00:00,8760.91729128065
2019-03-09 17:30:00,8622.031518605874
2019-03-09 18:00:00,8682.125381187692
2019-03-09 18:30:00,8619.547849383556
2019-03-09 19:00:00,8634.274877713282
2019-03-09 19:30:00,8557.167043951995
2019-03-09 20:00:00,8439.58973492512
2019-03-09 20:30:00,8215.13768758794
2019-03-09 21:00:00,7939.794526826537
2019-03-09 21:30:00,7922.354013884487
2019-03-09 22:00:00,7644.6619005274515
2019-03-09 22:30:00,7530.557870997919
2019-03-09 23:00:00,7353.352375283629
2019-03-09 23:30:00,7329.891177754413
2019-03-10 00:00:00,7294.537797499539
2019-03-10 00:30:00,7058.835713577541
2019-03-10 01:00:00,6878.932614980925
2019-03-10 01:30:00,6565.175161986393
2019-03-10 02:00:00,6295.099230498944
2019-03-10 02:30:00,6191.966089497121
2019-03-10 03:00:00,6187.066226666756
2019-03-10 03:30:00,6119.819338670452
2019-03-10 04:00:00,6112.187054626675
2019-03-10 04:30:00,6177.751780636187
2019-03-10 05:00:00,6270.18656691019
2019-03-10 05:30:00,6482.326988633999
2019-03-10 06:00:00,6625.832577151857
2019-03-10 06:30:00,6895.6844456341
2019-03-10 07:00:00,7040.417995625965
2019-03-10 07:30:00,7285.273263287013
2019-03-10 08:00:00,7455.839951365397
2019-03-10 08:30:00,7593.276872774534
2019-03-10 09:00:00,7616.4342166860715
2019-03-10 09:30:00,7660.869418124847
2019-03-10 10:00:00,7657.61775103872
2019-03-10 10:30:00,7614.806741874419
2019-03-10 11:00:00,7649.476302216216
2019-03-10 11:30:00,7649.476302216216
2019-03-10 12:00:00,7622.700327554741
2019-03-10 12:30:00,7716.49215254473
2019-03-10 13:00:00,7771.550088507343
2019-03-10 13:30:00,7669.999400335831
2019-03-10 14:00:00,7729.533627473144
2019-03-10 14:30:00,7729.533627473144
2019-03-10 15:00:00,7748.016526741418
2019-03-10 15:30:00,7790.827535905719
2019-03-10 16:00:00,7842.059738070948
2019-03-10 16:30:00,7867.705151050325
2019-03-10 17:00:00,8175.068910145242
2019-03-10 17:30:00,8247.323725973367
2019-03-10 18:00:00,8323.9165231931
2019-03-10 18:30:00,8338.149457034273
2019-03-10 19:00:00,8375.855708812825
2019-03-10 19:30:00,8281.760431236218
2019-03-10 20:00:00,8198.431052998456
2019-03-10 20:30:00,8143.443050222479
2019-03-10 21:00:00,7791.72791507066
2019-03-10 21:30:00,7660.8737644956345
2019-03-10 22:00:00,7392.233957426398
2019-03-10 22:30:00,7329.2849384272495
2019-03-10 23:00:00,7230.288980485151
2019-03-10 23:30:00,7036.8133294288
2019-03-11 00:00:00,7076.822933397826
2019-03-11 00:30:00,6921.662255336827
2019-03-11 01:00:00,6722.28649245467
2019-03-11 01:30:00,6507.430839585781
2019-03-11 02:00:00,6323.835684835018
2019-03-11 02:30:00,6277.496457192277
2019-03-11 03:00:00,6264.752354060957
2019-03-11 03:30:00,6264.752354060957
2019-03-11 04:00:00,6367.488163560611
2019-03-11 04:30:00,6443.078733090274
2019-03-11 05:00:00,6936.891078702122
2019-03-11 05:30:00,7014.370775446196
2019-03-11 06:00:00,7826.088778708514
2019-03-11 06:30:00,8059.915167390926
2019-03-11 07:00:00,8595.93204297265
2019-03-11 07:30:00,8783.857346345647
2019-03-11 08:00:00,8646.821514301295
2019-03-11 08:30:00,8817.183607038642
2019-03-11 09:00:00,8662.616173180142
2019-03-11 09:30:00,8676.01930161761
2019-03-11 10:00:00,8621.523337553017
2019-03-11 10:30:00,8621.523337553017
2019-03-11 11:00:00,8651.409084617319
2019-03-11 11:30:00,8644.1758211593
2019-03-11 12:00:00,8705.851714061364
2019-03-11 12:30:00,8762.587274152485
2019-03-11 13:00:00,9038.451680844875
2019-03-11 13:30:00,9258.930635895877
2019-03-11 14:00:00,9566.381254858632
2019-03-11 14:30:00,9633.627614009787
2019-03-11 15:00:00,9911.097379948735
2019-03-11 15:30:00,10122.903163140994
2019-03-11 16:00:00,10149.578463951482
2019-03-11 16:30:00,10235.1806073046
2019-03-11 17:00:00,10107.067837305418
2019-03-11 17:30:00,10154.526043136426
2019-03-11 18:00:00,10119.055002092255
2019-03-11 18:30:00,10016.95376062374
2019-03-11 19:00:00,9829.419573221861
2019-03-11 19:30:00,9742.209583320593
2019-03-11 20:00:00,9666.914459313048
2019-03-11 20:30:00,9563.932914057676
2019-03-11 21:00:00,9313.72036010486
2019-03-11 21:30:00,9117.511436745644
2019-03-11 22:00:00,8885.759329816286
2019-03-11 22:30:00,8763.186470858833
2019-03-11 23:00:00,8447.723566001645
2019-03-11 23:30:00,8108.70039844849
2019-03-12 00:00:00,7618.088561631127
2019-03-12 00:30:00,7638.171980685523
2019-03-12 01:00:00,7464.073689510439
2019-03-12 01:30:00,7174.921399473437
2019-03-12 02:00:00,6843.924085111564
2019-03-12 02:30:00,6765.32478557968
2019-03-12 03:00:00,6562.458907836728
2019-03-12 03:30:00,6271.695640957722
2019-03-12 04:00:00,6399.428998132137
2019-03-12 04:30:00,6767.805839250889
2019-03-12 05:00:00,7124.340222452049
2019-03-12 05:30:00,7522.687779542207
2019-03-12 06:00:00,8017.2993535855185
2019-03-12 06:30:00,8261.190123752416
2019-03-12 07:00:00,8541.231641580798
2019-03-12 07:30:00,8680.5478773193
2019-03-12 08:00:00,8724.608449398522
2019-03-12 08:30:00,8799.35068702222
2019-03-12 09:00:00,8849.754385431312
2019-03-12 09:30:00,8911.138626683274
2019-03-12 10:00:00,8988.932094972452
2019-03-12 10:30:00,8943.822340775272
2019-03-12 11:00:00,8997.826706916576
2019-03-12 11:30:00,9027.410985324183
2019-03-12 12:00:00,9092.365429909045
2019-03-12 12:30:00,9154.727899246021
2019-03-12 13:00:00,9195.642365785003
2019-03-12 13:30:00,9305.704000080284
2019-03-12 14:00:00,9454.265776784294
2019-03-12 14:30:00,9483.825104527505
2019-03-12 15:00:00,9674.315463269897
2019-03-12 15:30:00,9810.823883756124
2019-03-12 16:00:00,10009.44774708881
2019-03-12 16:30:00,10061.465076842176
2019-03-12 17:00:00,10017.300193498066
2019-03-12 17:30:00,9986.97514617102
2019-03-12 18:00:00,9892.801938586135
2019-03-12 18:30:00,9710.345314258826
2019-03-12 19:00:00,9654.01283681577
2019-03-12 19:30:00,9481.738356028018
2019-03-12 20:00:00,9225.82410153615
2019-03-12 20:30:00,9040.846943036415
2019-03-12 21:00:00,8725.43796919776
2019-03-12 21:30:00,8604.622364255707
2019-03-12 22:00:00,8408.1777915112
2019-03-12 22:30:00,8350.818284461533
2019-03-12 23:00:00,8098.452561502064
2019-03-12 23:30:00,8014.422800453571
2019-03-13 00:00:00,7795.509236087356
2019-03-13 00:30:00,7649.927735202927
2019-03-13 01:00:00,7334.2660622725425
2019-03-13 01:30:00,7006.669295319245
2019-03-13 02:00:00,6721.27419913407
2019-03-13 02:30:00,6594.0110086558225
2019-03-13 03:00:00,6578.797268360929
2019-03-13 03:30:00,6538.478045763901
2019-03-13 04:00:00,6527.6230243984655
2019-03-13 04:30:00,6788.310667902975
2019-03-13 05:00:00,7023.705880009791
2019-03-13 05:30:00,7585.052973498609
2019-03-13 06:00:00,7996.964061743425
2019-03-13 06:30:00,8321.41412021498
2019-03-13 07:00:00,8600.859492465963
2019-03-13 07:30:00,8704.846694327542
2019-03-13 08:00:00,8810.518101219344
2019-03-13 08:30:00,8920.85946565201
2019-03-13 09:00:00,8857.979033790058
2019-03-13 09:30:00,8922.804434139418
2019-03-13 10:00:00,8895.810831700344
2019-03-13 10:30:00,8887.949986994907
2019-03-13 11:00:00,8944.058286763793
2019-03-13 11:30:00,8944.058286763793
2019-03-13 12:00:00,9092.826398771858
2019-03-13 12:30:00,8902.576622429115
2019-03-13 13:00:00,8866.733257475933
2019-03-13 13:30:00,8837.43703824189
2019-03-13 14:00:00,8896.10058801731
2019-03-13 14:30:00,9133.050213767166
2019-03-13 15:00:00,9068.341189562841
2019-03-13 15:30:00,9466.106352195002
2019-03-13 16:00:00,9832.590598245091
2019-03-13 16:30:00,10273.550939571542
2019-03-13 17:00:00,10192.410984972694
2019-03-13 17:30:00,10426.096844250089
2019-03-13 18:00:00,10302.938595362222
2019-03-13 18:30:00,10134.94632989291
2019-03-13 19:00:00,10065.28336525255
2019-03-13 19:30:00,9943.349276243142
2019-03-13 20:00:00,9745.406120183892
2019-03-13 20:30:00,9436.18670040896
2019-03-13 21:00:00,9046.491019463268
2019-03-13 21:30:00,8728.135373244393
2019-03-13 22:00:00,8390.287747918745
2019-03-13 22:30:00,8298.795993137323
2019-03-13 23:00:00,8040.012324773202
2019-03-13 23:30:00,7851.4758093306355
2019-03-14 00:00:00,7659.631662098774
2019-03-14 00:30:00,7543.395593770655
2019-03-14 01:00:00,7200.872243955135
2019-03-14 01:30:00,6967.737453607296
2019-03-14 02:00:00,6593.443613012041
2019-03-14 02:30:00,6510.8263186579
2019-03-14 03:00:00,6423.648665282838
2019-03-14 03:30:00,6383.259782940665
2019-03-14 04:00:00,6486.872456492781
2019-03-14 04:30:00,6746.833478288565
2019-03-14 05:00:00,6988.306040115907
2019-03-14 05:30:00,7592.802888499724
2019-03-14 06:00:00,8007.4281624733685
2019-03-14 06:30:00,8363.680113663835
2019-03-14 07:00:00,8598.506407190478
2019-03-14 07:30:00,8674.972911237195
2019-03-14 08:00:00,8655.268248788389
2019-03-14 08:30:00,8710.288620640038
2019-03-14 09:00:00,8722.770601664603
2019-03-14 09:30:00,8722.770601664603
2019-03-14 10:00:00,8672.179145653612
2019-03-14 10:30:00,8672.179145653612
2019-03-14 11:00:00,8589.519282049807
2019-03-14 11:30:00,8614.635102674416
2019-03-14 12:00:00,8636.155565191486
2019-03-14 12:30:00,8627.180493538495
2019-03-14 13:00:00,8654.880446168936
2019-03-14 13:30:00,8608.245722168049
2019-03-14 14:00:00,8580.710775300755
2019-03-14 14:30:00,8586.902953832223
2019-03-14 15:00:00,8705.712452509239
2019-03-14 15:30:00,8733.419470628469
2019-03-14 16:00:00,8773.78924409677
2019-03-14 16:30:00,8807.88013637437
2019-03-14 17:00:00,8960.393110209261
2019-03-14 17:30:00,8848.1408518481
2019-03-14 18:00:00,8865.579351088265
2019-03-14 18:30:00,8879.839916783245
2019-03-14 19:00:00,8896.222578461464
2019-03-14 19:30:00,8763.148061697952
2019-03-14 20:00:00,8551.984068058739
2019-03-14 20:30:00,8444.308247226838
2019-03-14 21:00:00,8108.953715530343
2019-03-14 21:30:00,8064.462074281644
2019-03-14 22:00:00,7851.39272573478
2019-03-14 22:30:00,7851.39272573478
2019-03-14 23:00:00,7757.009691192284
2019-03-14 23:30:00,7621.480529203167
2019-03-15 00:00:00,7397.372841502957
2019-03-15 00:30:00,7154.168761948564
2019-03-15 01:00:00,6973.369338680638
2019-03-15 01:30:00,6697.063943874732
2019-03-15 02:00:00,6474.231338674222
2019-03-15 02:30:00,6375.230745335192
2019-03-15 03:00:00,6321.0947725171145
2019-03-15 03:30:00,6321.0947725171145
2019-03-15 04:00:00,6371.607188977586
2019-03-15 04:30:00,6576.307627567671
2019-03-15 05:00:00,6886.135975753036
2019-03-15 05:30:00,7423.8084770843825
2019-03-15 06:00:00,7860.808563083613
2019-03-15 06:30:00,8229.750262803867
2019-03-15 07:00:00,8521.302574047128
2019-03-15 07:30:00,8673.367828538163
2019-03-15 08:00:00,8690.791180329863
2019-03-15 08:30:00,8800.94900456499
2019-03-15 09:00:00,8924.43220121314
2019-03-15 09:30:00,8954.016479620746
2019-03-15 10:00:00,8952.654074088332
2019-03-15 10:30:00,8926.510954778123
2019-03-15 11:00:00,8908.756941881575
2019-03-15 11:30:00,8970.75545122715
2019-03-15 12:00:00,8914.148952966796
2019-03-15 12:30:00,8867.562918782995
2019-03-15 13:00:00,8846.830546220286
2019-03-15 13:30:00,8949.044737535178
2019-03-15 14:00:00,9051.839444118214
2019-03-15 14:30:00,9065.041541857358
2019-03-15 15:00:00,9204.853745377844
2019-03-15 15:30:00,9259.72990647635
2019-03-15 16:00:00,9350.422451779576
2019-03-15 16:30:00,9320.863124036365
2019-03-15 17:00:00,9278.120751243321
2019-03-15 17:30:00,9165.807483352752
2019-03-15 18:00:00,9062.176551737535
2019-03-15 18:30:00,8983.503641067504
2019-03-15 19:00:00,8864.46904811158
2019-03-15 19:30:00,8665.309836647011
2019-03-15 20:00:00,8453.01022820715
2019-03-15 20:30:00,8142.025505659018
2019-03-15 21:00:00,8073.223575742849
2019-03-15 21:30:00,7924.2156572779695
2019-03-15 22:00:00,7791.374980803378
2019-03-15 22:30:00,7743.026257800927
2019-03-15 23:00:00,7583.279465521523
2019-03-15 23:30:00,7430.792086315823
2019-03-16 00:00:00,7228.361337918198
2019-03-16 00:30:00,7081.90592300936
2019-03-16 01:00:00,6873.362039270029
2019-03-16 01:30:00,6630.335574079998
2019-03-16 02:00:00,6353.032649621116
2019-03-16 02:30:00,6271.753479171403
2019-03-16 03:00:00,6183.93723101504
2019-03-16 03:30:00,6142.629504321599
2019-03-16 04:00:00,6161.699009304529
2019-03-16 04:30:00,6347.232951018998
2019-03-16 05:00:00,6274.286410852735
2019-03-16 05:30:00,6626.278383374169
2019-03-16 06:00:00,6716.447752687059
2019-03-16 06:30:00,6775.702051873356
2019-03-16 07:00:00,7101.023038499469
2019-03-16 07:30:00,7160.01284769783
2019-03-16 08:00:00,7511.975890831321
2019-03-16 08:30:00,7556.33420535133
2019-03-16 09:00:00,7625.0649829015665
2019-03-16 09:30:00,7680.3607174023855
2019-03-16 10:00:00,7635.686077273698
2019-03-16 10:30:00,7525.845131259173
2019-03-16 11:00:00,7574.7973854573
2019-03-16 11:30:00,7574.7973854573
2019-03-16 12:00:00,7474.16231801482
2019-03-16 12:30:00,7458.461970051032
2019-03-16 13:00:00,7416.021784656756
2019-03-16 13:30:00,7370.756853006989
2019-03-16 14:00:00,7383.081110192163
2019-03-16 14:30:00,7383.081110192163
2019-03-16 15:00:00,7362.461397835778
2019-03-16 15:30:00,7462.72505356604
2019-03-16 16:00:00,7481.017316263155
2019-03-16 16:30:00,7466.453219788076
2019-03-16 17:00:00,7591.510316641677
2019-03-16 17:30:00,7553.745865372567
2019-03-16 18:00:00,7674.715462131317
2019-03-16 18:30:00,7638.407355390746
2019-03-16 19:00:00,7701.184304734259
2019-03-16 19:30:00,7686.62020825918
2019-03-16 20:00:00,7529.115169693668
2019-03-16 20:30:00,7485.277130383549
2019-03-16 21:00:00,7298.081467420501
2019-03-16 21:30:00,7215.957315995749
2019-03-16 22:00:00,7117.968525093871
2019-03-16 22:30:00,6900.80466113292
2019-03-16 23:00:00,6844.495027355059
2019-03-16 23:30:00,6996.836870222007
2019-03-17 00:00:00,6855.257062244587
2019-03-17 00:30:00,6585.405193762344
2019-03-17 01:00:00,6411.603006482086
2019-03-17 01:30:00,6152.83687475393
2019-03-17 02:00:00,5970.262209276726
2019-03-17 02:30:00,5897.936407774879
2019-03-17 03:00:00,5825.082975611975
2019-03-17 03:30:00,5806.812143201633
2019-03-17 04:00:00,5824.047311285802
2019-03-17 04:30:00,5888.597080836033
2019-03-17 05:00:00,5978.86299241579
2019-03-17 05:30:00,6141.124665412996
2019-03-17 06:00:00,6262.413572165493
2019-03-17 06:30:00,6380.840717888071
2019-03-17 07:00:00,6668.54810386433
2019-03-17 07:30:00,6890.313236325704
2019-03-17 08:00:00,7064.905394345366
2019-03-17 08:30:00,7238.692742291909
2019-03-17 09:00:00,7342.442710926904
2019-03-17 09:30:00,7350.56180317582
2019-03-17 10:00:00,7391.650313951841
2019-03-17 10:30:00,7244.713625430774
2019-03-17 11:00:00,7331.552748259987
2019-03-17 11:30:00,7232.078745809994
2019-03-17 12:00:00,7270.894200241009
2019-03-17 12:30:00,7173.471537205882
2019-03-17 13:00:00,7263.862605587182
2019-03-17 13:30:00,7196.261236113082
2019-03-17 14:00:00,7217.606160900118
2019-03-17 14:30:00,7306.641800799227
2019-03-17 15:00:00,7314.35374832663
2019-03-17 15:30:00,7383.10587333716
2019-03-17 16:00:00,7491.399555322143
2019-03-17 16:30:00,7510.203071447869
2019-03-17 17:00:00,7737.66831118272
2019-03-17 17:30:00,7853.101978573527
2019-03-17 18:00:00,7925.789488882873
2019-03-17 18:30:00,7957.387222699274
2019-03-17 19:00:00,8060.746220897665
2019-03-17 19:30:00,7910.3989547162655
2019-03-17 20:00:00,7733.192887730252
2019-03-17 20:30:00,7617.062912738705
2019-03-17 21:00:00,7422.210675366055
2019-03-17 21:30:00,7345.679446336776
2019-03-17 22:00:00,7090.414783726057
2019-03-17 22:30:00,7094.325605471192
2019-03-17 23:00:00,6880.111236457889
2019-03-17 23:30:00,6723.264382068375
2019-03-18 00:00:00,6845.40929200961
2019-03-18 00:30:00,6820.973495418514
2019-03-18 01:00:00,6681.90588781811
2019-03-18 01:30:00,6267.082209201169
2019-03-18 02:00:00,6167.155740564474
2019-03-18 02:30:00,6055.712395972455
2019-03-18 03:00:00,6089.670384940614
2019-03-18 03:30:00,6027.434847978617
2019-03-18 04:00:00,6175.110744406936
2019-03-18 04:30:00,6190.6779487249005
2019-03-18 05:00:00,6693.658136050663
2019-03-18 05:30:00,6902.140931603983
2019-03-18 06:00:00,7684.149719058915
2019-03-18 06:30:00,8025.274701051969
2019-03-18 07:00:00,8391.030132976226
2019-03-18 07:30:00,8779.946524600513
2019-03-18 08:00:00,8640.196506827333
2019-03-18 08:30:00,8849.320756210853
2019-03-18 09:00:00,8736.547185624342
2019-03-18 09:30:00,8847.335267036431
2019-03-18 10:00:00,8785.791241349445
2019-03-18 10:30:00,8785.791241349445
2019-03-18 11:00:00,8775.297650291439
2019-03-18 11:30:00,8678.50603702538
2019-03-18 12:00:00,8694.136418819196
2019-03-18 12:30:00,8652.60763874283
2019-03-18 13:00:00,8635.137095396685
2019-03-18 13:30:00,8611.748357719607
2019-03-18 14:00:00,8613.590787599776
2019-03-18 14:30:00,8628.479117434641
2019-03-18 15:00:00,8638.664928885351
2019-03-18 15:30:00,8680.649685577147
2019-03-18 16:00:00,8790.414970578873
2019-03-18 16:30:00,8931.308578492417
2019-03-18 17:00:00,8943.57020689085
2019-03-18 17:30:00,9139.272856659474
2019-03-18 18:00:00,9047.20146002248
2019-03-18 18:30:00,9047.20146002248
2019-03-18 19:00:00,8890.417535839391
2019-03-18 19:30:00,8645.556160430664
2019-03-18 20:00:00,8495.455422972213
2019-03-18 20:30:00,8340.14861398339
2019-03-18 21:00:00,7998.740509144283
2019-03-18 21:30:00,7904.517282900324
2019-03-18 22:00:00,7803.708844890616
2019-03-18 22:30:00,7863.290817800464
2019-03-18 23:00:00,7612.051308661621
2019-03-18 23:30:00,7416.925848759479
2019-03-19 00:00:00,7134.3437155388265
2019-03-19 00:30:00,6999.734465432001
2019-03-19 01:00:00,6743.3776415193515
2019-03-19 01:30:00,6506.926859846103
2019-03-19 02:00:00,6221.118192776781
2019-03-19 02:30:00,6168.96873525975
2019-03-19 03:00:00,6036.054881071835
2019-03-19 03:30:00,6111.1941699402605
2019-03-19 04:00:00,6119.68200259327
2019-03-19 04:30:00,6438.542855249951
2019-03-19 05:00:00,6710.085225740748
2019-03-19 05:30:00,7322.448034743665
2019-03-19 06:00:00,7806.773094374236
2019-03-19 06:30:00,8022.16159473157
2019-03-19 07:00:00,8292.19795827474
2019-03-19 07:30:00,8373.783889555853
2019-03-19 08:00:00,8291.071254027393
2019-03-19 08:30:00,8294.982075772527
2019-03-19 09:00:00,8364.078952296222
2019-03-19 09:30:00,8366.79313802505
2019-03-19 10:00:00,8304.071329147482
2019-03-19 10:30:00,8208.345716616715
2019-03-19 11:00:00,8123.471672228907
2019-03-19 11:30:00,8098.055830506996
2019-03-19 12:00:00,8085.4854007464655
2019-03-19 12:30:00,8218.478544839672
2019-03-19 13:00:00,8317.785117582825
2019-03-19 13:30:00,8211.55289120534
2019-03-19 14:00:00,8221.36596459194
2019-03-19 14:30:00,8317.13923702448
2019-03-19 15:00:00,8392.179308031498
2019-03-19 15:30:00,8480.394189684677
2019-03-19 16:00:00,8562.612681641325
2019-03-19 16:30:00,8648.339199007181
2019-03-19 17:00:00,8822.55817229629
2019-03-19 17:30:00,8802.836306524241
2019-03-19 18:00:00,8848.237649678118
2019-03-19 18:30:00,8757.72110254215
2019-03-19 19:00:00,8778.139627664403
2019-03-19 19:30:00,8544.375237608872
2019-03-19 20:00:00,8419.756265121412
2019-03-19 20:30:00,8140.133797787161
2019-03-19 21:00:00,7986.129437928107
2019-03-19 21:30:00,7894.5242832784215
2019-03-19 22:00:00,7750.314496576479
2019-03-19 22:30:00,7774.569153190801
2019-03-19 23:00:00,7647.028891643346
2019-03-19 23:30:00,7495.155240034217
2019-03-20 00:00:00,7209.526268108066
2019-03-20 00:30:00,7102.54295319558
2019-03-20 01:00:00,6953.650539469399
2019-03-20 01:30:00,6619.079219910451
2019-03-20 02:00:00,6369.147677000893
2019-03-20 02:30:00,6246.607455500084
2019-03-20 03:00:00,6143.2970220905045
2019-03-20 03:30:00,6182.0483904941475
2019-03-20 04:00:00,6215.824399583358
2019-03-20 04:30:00,6360.002097994782
2019-03-20 05:00:00,6700.114757219273
2019-03-20 05:30:00,7123.245395117302
2019-03-20 06:00:00,7651.5618863788895
2019-03-20 06:30:00,7989.52026193845
2019-03-20 07:00:00,8288.195714149035
2019-03-20 07:30:00,8309.46003389836
2019-03-20 08:00:00,8242.233331980702
2019-03-20 08:30:00,8370.419501834907
2019-03-20 09:00:00,8370.871568865421
2019-03-20 09:30:00,8442.115818467333
2019-03-20 10:00:00,8471.358373461933
2019-03-20 10:30:00,8432.549000432764
2019-03-20 11:00:00,8475.467916378697
2019-03-20 11:30:00,8369.281538367703
2019-03-20 12:00:00,8438.406353028686
2019-03-20 12:30:00,8453.515327951785
2019-03-20 13:00:00,8508.982973424916
2019-03-20 13:30:00,8544.531401919805
2019-03-20 14:00:00,8554.561900124656
2019-03-20 14:30:00,8554.561900124656
2019-03-20 15:00:00,8554.72189521153
2019-03-20 15:30:00,8655.643295970585
2019-03-20 16:00:00,8745.982021729717
2019-03-20 16:30:00,8819.734340047606
2019-03-20 17:00:00,8958.2717887241
2019-03-20 17:30:00,8898.308951592893
2019-03-20 18:00:00,8876.784657012824
2019-03-20 18:30:00,8842.693764735224
2019-03-20 19:00:00,8874.09961824816
2019-03-20 19:30:00,8687.435383112
2019-03-20 20:00:00,8490.839004600153
2019-03-20 20:30:00,8366.677584854824
2019-03-20 21:00:00,8089.51454314741
2019-03-20 21:30:00,7922.6387516889545
2019-03-20 22:00:00,7732.85800361054
2019-03-20 22:30:00,7724.334068343088
2019-03-20 23:00:00,7674.302039450995
2019-03-20 23:30:00,7497.5498674945
2019-03-21 00:00:00,7298.373910681904
2019-03-21 00:30:00,7117.575636678752
2019-03-21 01:00:00,6911.610582722985
2019-03-21 01:30:00,6623.063133771745
2019-03-21 02:00:00,6367.5207889553985
2019-03-21 02:30:00,6301.167999006727
2019-03-21 03:00:00,6204.448637831262
2019-03-21 03:30:00,6239.082084529241
2019-03-21 04:00:00,6302.564024525799
2019-03-21 04:30:00,6532.306238807845
2019-03-21 05:00:00,6817.5758267545625
2019-03-21 05:30:00,7300.499182314872
2019-03-21 06:00:00,7815.304928979579
2019-03-21 06:30:00,8173.235741445281
2019-03-21 07:00:00,8363.207016802024
2019-03-21 07:30:00,8358.733507657475
2019-03-21 08:00:00,8365.34284430775
2019-03-21 08:30:00,8380.883602564852
2019-03-21 09:00:00,8404.253448595387
2019-03-21 09:30:00,8454.5748777234
2019-03-21 10:00:00,8526.946051626857
2019-03-21 10:30:00,8523.50489252946
2019-03-21 11:00:00,8524.513937381034
2019-03-21 11:30:00,8535.840663570982
2019-03-21 12:00:00,8504.783760237022
2019-03-21 12:30:00,8580.096129198091
2019-03-21 13:00:00,8662.050893251497
2019-03-21 13:30:00,8662.050893251497
2019-03-21 14:00:00,8694.9731585169
2019-03-21 14:30:00,8657.313506169003
2019-03-21 15:00:00,8825.916349391708
2019-03-21 15:30:00,8913.05278712826
2019-03-21 16:00:00,9043.326343795732
2019-03-21 16:30:00,9150.263516631394
2019-03-21 17:00:00,9291.207362742844
2019-03-21 17:30:00,9207.074706690286
2019-03-21 18:00:00,9214.008247779077
2019-03-21 18:30:00,9082.04851207228
2019-03-21 19:00:00,9036.178499156656
2019-03-21 19:30:00,8829.244494238008
2019-03-21 20:00:00,8654.205363540092
2019-03-21 20:30:00,8526.783574901114
2019-03-21 21:00:00,8274.761294502256
2019-03-21 21:30:00,8163.364326097261
2019-03-21 22:00:00,7931.592481459707
2019-03-21 22:30:00,7836.767382733744
2019-03-21 23:00:00,7682.716154502451
2019-03-21 23:30:00,7535.435347030901
2019-03-22 00:00:00,7303.889671636603
2019-03-22 00:30:00,7114.585711352764
2019-03-22 01:00:00,6926.884388104799
2019-03-22 01:30:00,6670.799391506827
2019-03-22 02:00:00,6320.299778179925
2019-03-22 02:30:00,6222.461307411241
2019-03-22 03:00:00,6177.033774505851
2019-03-22 03:30:00,6142.400327807873
2019-03-22 04:00:00,6188.76508615936
2019-03-22 04:30:00,6405.25259956214
2019-03-22 05:00:00,6691.430145976472
2019-03-22 05:30:00,7183.596997804289
2019-03-22 06:00:00,7686.539738074794
2019-03-22 06:30:00,7964.240350819907
2019-03-22 07:00:00,8249.980542042455
2019-03-22 07:30:00,8288.970129634741
2019-03-22 08:00:00,8250.397700161262
2019-03-22 08:30:00,8328.196660782718
2019-03-22 09:00:00,8405.686901105619
2019-03-22 09:30:00,8380.077186918177
2019-03-22 10:00:00,8383.957397071386
2019-03-22 10:30:00,8409.758799817913
2019-03-22 11:00:00,8434.43553361105
2019-03-22 11:30:00,8442.321100703599
2019-03-22 12:00:00,8417.263759961626
2019-03-22 12:30:00,8518.18516072068
2019-03-22 13:00:00,8567.526671443838
2019-03-22 13:30:00,8694.868708134374
2019-03-22 14:00:00,8635.705870030099
2019-03-22 14:30:00,8690.726241881748
2019-03-22 15:00:00,8779.915895651087
2019-03-22 15:30:00,8972.318057615199
2019-03-22 16:00:00,9033.24613185956
2019-03-22 16:30:00,9090.959408862576
2019-03-22 17:00:00,9085.4326049706
2019-03-22 17:30:00,8920.76863727986
2019-03-22 18:00:00,8818.757148255994
2019-03-22 18:30:00,8827.374629622438
2019-03-22 19:00:00,8793.562069420243
2019-03-22 19:30:00,8616.824936207659
2019-03-22 20:00:00,8365.745409610287
2019-03-22 20:30:00,8137.32378694303
2019-03-22 21:00:00,8093.484561553256
2019-03-22 21:30:00,7930.840664751933
2019-03-22 22:00:00,7797.999988277342
2019-03-22 22:30:00,7665.931143472939
2019-03-22 23:00:00,7531.2426677456515
2019-03-22 23:30:00,7388.624323568094
2019-03-23 00:00:00,7196.805297914065
2019-03-23 00:30:00,7051.907254852093
2019-03-23 01:00:00,6769.385005528999
2019-03-23 01:30:00,6584.659473992042
2019-03-23 02:00:00,6250.116002260788
2019-03-23 02:30:00,6127.575780759979
2019-03-23 03:00:00,6055.503916718569
2019-03-23 03:30:00,6098.942598487174
2019-03-23 04:00:00,6086.350267635619
2019-03-23 04:30:00,6334.305010684008
2019-03-23 05:00:00,6291.02166183737
2019-03-23 05:30:00,6672.722022988252
2019-03-23 06:00:00,6722.171500227566
2019-03-23 06:30:00,6809.019392364875
2019-03-23 07:00:00,7042.984206809929
2019-03-23 07:30:00,7152.825152824454
2019-03-23 08:00:00,7407.810521212543
2019-03-23 08:30:00,7569.714078756174
2019-03-23 09:00:00,7680.3607174023855
2019-03-23 09:30:00,7750.651304579438
2019-03-23 10:00:00,7716.669432260797
2019-03-23 10:30:00,7706.024628426818
2019-03-23 11:00:00,7700.104891153554
2019-03-23 11:30:00,7634.333849102003
2019-03-23 12:00:00,7644.08573295759
2019-03-23 12:30:00,7741.473782749988
2019-03-23 13:00:00,7818.360238339781
2019-03-23 13:30:00,7818.360238339781
2019-03-23 14:00:00,7727.455575747824
2019-03-23 14:30:00,7899.251427594134
2019-03-23 15:00:00,8030.061768224679
2019-03-23 15:30:00,8030.061768224679
2019-03-23 16:00:00,8027.988538405136
2019-03-23 16:30:00,8010.715506864727
2019-03-23 17:00:00,8038.489649674616
2019-03-23 17:30:00,8001.936734341315
2019-03-23 18:00:00,8081.980771323948
2019-03-23 18:30:00,8041.801912069699
2019-03-23 19:00:00,8035.060731520108
2019-03-23 19:30:00,7850.844240361755
2019-03-23 20:00:00,7614.46070353797
2019-03-23 20:30:00,7535.36378803506
2019-03-23 21:00:00,7370.757100909263
2019-03-23 21:30:00,7376.784675185804
2019-03-23 22:00:00,7309.786633459861
2019-03-23 22:30:00,7309.786633459861
2019-03-23 23:00:00,7167.148529788048
2019-03-23 23:30:00,7035.836710031115
2019-03-24 00:00:00,6857.971247973416
2019-03-24 00:30:00,6585.405193762344
2019-03-24 01:00:00,6377.901110427266
2019-03-24 01:30:00,6157.463591698767
2019-03-24 02:00:00,5970.448569422032
2019-03-24 02:30:00,5846.790211138698
2019-03-24 03:00:00,5778.722010311166
2019-03-24 03:30:00,5778.722010311166
2019-03-24 04:00:00,5772.542614855555
2019-03-24 04:30:00,5834.795110966737
2019-03-24 05:00:00,5976.800862846766
2019-03-24 05:30:00,6135.049187281689
2019-03-24 06:00:00,6273.678817502642
2019-03-24 06:30:00,6405.437109173056
2019-03-24 07:00:00,6648.287118053923
2019-03-24 07:30:00,6831.532565598297
2019-03-24 08:00:00,7049.311830442089
2019-03-24 08:30:00,7066.832308062815
2019-03-24 09:00:00,7001.8694345803315
2019-03-24 09:30:00,6998.013425846422
2019-03-24 10:00:00,7031.395171389237
2019-03-24 10:30:00,7052.860551730217
2019-03-24 11:00:00,7125.157651853544
2019-03-24 11:30:00,7022.193028670386
2019-03-24 12:00:00,7116.2604012813
2019-03-24 12:30:00,7245.260434028256
2019-03-24 13:00:00,7244.5928658504645
2019-03-24 13:30:00,7369.56226035563
2019-03-24 14:00:00,7563.3200314089345
2019-03-24 14:30:00,7868.769827936228
2019-03-24 15:00:00,8001.284146870697
2019-03-24 15:30:00,8103.596093715702
2019-03-24 16:00:00,8156.840589821185
2019-03-24 16:30:00,8217.946632646821
2019-03-24 17:00:00,8496.208402485463
2019-03-24 17:30:00,8473.882548718055
2019-03-24 18:00:00,8470.522385404982
2019-03-24 18:30:00,8470.522385404982
2019-03-24 19:00:00,8502.467378509487
2019-03-24 19:30:00,8367.736616563909
2019-03-24 20:00:00,8198.431052998456
2019-03-24 20:30:00,8070.230269051613
2019-03-24 21:00:00,7832.632838268136
2019-03-24 21:30:00,7588.817784146725
2019-03-24 22:00:00,7319.922389427289
2019-03-24 22:30:00,7257.512594299616
2019-03-24 23:00:00,7150.074583205485
2019-03-24 23:30:00,6886.303414989357
2019-03-25 00:00:00,7227.6324660490745
2019-03-25 00:30:00,6874.397740959205
2019-03-25 01:00:00,6709.094611652026
2019-03-25 01:30:00,6446.259429720784
2019-03-25 02:00:00,6323.718984434857
2019-03-25 02:30:00,6167.155740564474
2019-03-25 03:00:00,6118.57231663173
2019-03-25 03:30:00,6094.90422651112
2019-03-25 04:00:00,6205.577305445678
2019-03-25 04:30:00,6234.479237136794
2019-03-25 05:00:00,6808.485218731153
2019-03-25 05:30:00,6983.113605944702
2019-03-25 06:00:00,7874.539633415407
2019-03-25 06:30:00,8108.366022097819
2019-03-25 07:00:00,8568.303325453795
2019-03-25 07:30:00,8788.418582235368
2019-03-25 08:00:00,8710.792986720524
2019-03-25 08:30:00,8853.813858528943
2019-03-25 09:00:00,8754.457808010984
2019-03-25 09:30:00,8841.761341081605
2019-03-25 10:00:00,8750.558257260127
2019-03-25 10:30:00,8801.779081242807
2019-03-25 11:00:00,8940.91374040343
2019-03-25 11:30:00,8794.440376790455
2019-03-25 12:00:00,9149.12054602304
2019-03-25 12:30:00,9330.010023640752
2019-03-25 13:00:00,9569.197573114518
2019-03-25 13:30:00,9672.594915662401
2019-03-25 14:00:00,9763.085037398892
2019-03-25 14:30:00,9846.130880984225
2019-03-25 15:00:00,10078.783953468108
2019-03-25 15:30:00,10081.366168490635
2019-03-25 16:00:00,10104.476878549624
2019-03-25 16:30:00,10095.559065113088
2019-03-25 17:00:00,10094.577686652607
2019-03-25 17:30:00,10089.96949065783
2019-03-25 18:00:00,9810.887206560345
2019-03-25 18:30:00,9829.15497810403
2019-03-25 19:00:00,9626.421921365014
2019-03-25 19:30:00,9391.828549343494
2019-03-25 20:00:00,9059.355329447537
2019-03-25 20:30:00,8728.796663174147
2019-03-25 21:00:00,8529.130648664785
2019-03-25 21:30:00,8323.165589847471
2019-03-25 22:00:00,8247.761874081283
2019-03-25 22:30:00,8142.194498518042
2019-03-25 23:00:00,7798.045162655505
2019-03-25 23:30:00,7430.277162245637
2019-03-26 00:00:00,7391.599012506117
2019-03-26 00:30:00,7162.773548708803
2019-03-26 01:00:00,6798.841027243628
2019-03-26 01:30:00,6568.123770559206
2019-03-26 02:00:00,6410.153311501978
2019-03-26 02:30:00,6340.511212357744
2019-03-26 03:00:00,6276.336575206291
2019-03-26 03:30:00,6243.693413432691
2019-03-26 04:00:00,6334.66519717117
2019-03-26 04:30:00,6611.307293575593
2019-03-26 05:00:00,7017.272900219156
2019-03-26 05:30:00,7441.931112065663
2019-03-26 06:00:00,7889.416636317931
2019-03-26 06:30:00,8241.258344821554
2019-03-26 07:00:00,8488.084717861715
2019-03-26 07:30:00,8540.936349922838
2019-03-26 08:00:00,8614.663441599101
2019-03-26 08:30:00,8742.005478289637
2019-03-26 09:00:00,8750.576637569067
2019-03-26 09:30:00,8689.516244619597
2019-03-26 10:00:00,8621.62349562137
2019-03-26 10:30:00,8655.71438789897
2019-03-26 11:00:00,8601.524358254686
2019-03-26 11:30:00,8601.524358254686
2019-03-26 12:00:00,8567.034278836814
2019-03-26 12:30:00,8632.591538961273
2019-03-26 13:00:00,8650.90487948376
2019-03-26 13:30:00,8650.90487948376
2019-03-26 14:00:00,8644.51242432274
2019-03-26 14:30:00,8669.65565366518
2019-03-26 15:00:00,8764.506178569996
2019-03-26 15:30:00,8783.238125036236
2019-03-26 16:00:00,8857.069717698523
2019-03-26 16:30:00,8883.319264140935
2019-03-26 17:00:00,9050.695166329599
2019-03-26 17:30:00,8925.552636061284
2019-03-26 18:00:00,8900.398134833535
2019-03-26 18:30:00,8862.871144087048
2019-03-26 19:00:00,8760.499034022092
2019-03-26 19:30:00,8622.643025834663
2019-03-26 20:00:00,8426.51607365377
2019-03-26 20:30:00,8334.301282821818
2019-03-26 21:00:00,8077.033615255079
2019-03-26 21:30:00,7888.223203446177
2019-03-26 22:00:00,7778.479974935936
2019-03-26 22:30:00,7778.479974935936
2019-03-26 23:00:00,7647.028891643346
2019-03-26 23:30:00,7499.066061779352
2019-03-27 00:00:00,7216.1512755820295
2019-03-27 00:30:00,7022.786315935747
2019-03-27 01:00:00,6799.84060628306
2019-03-27 01:30:00,6516.120764171271
2019-03-27 02:00:00,6282.981778833267
2019-03-27 02:30:00,6155.675424333297
2019-03-27 03:00:00,6106.037549405563
2019-03-27 03:30:00,6143.2970220905045
2019-03-27 04:00:00,6134.857272726129
2019-03-27 04:30:00,6338.364621084167
2019-03-27 05:00:00,6638.595422045143
2019-03-27 05:30:00,7083.662344521502
2019-03-27 06:00:00,7651.5618863788895
2019-03-27 06:30:00,7945.028620689751
2019-03-27 07:00:00,8186.656636767456
2019-03-27 07:30:00,8186.656636767456
2019-03-27 08:00:00,8114.807590229852
2019-03-27 08:30:00,8117.521775958681
2019-03-27 09:00:00,7979.627760534027
2019-03-27 09:30:00,7946.03818624637
2019-03-27 10:00:00,7887.006190920927
2019-03-27 10:30:00,7800.204227444672
2019-03-27 11:00:00,7778.181151289586
2019-03-27 11:30:00,7734.04917955238
2019-03-27 12:00:00,7711.877935357741
2019-03-27 12:30:00,7789.29468369575
2019-03-27 13:00:00,7855.183491343232
2019-03-27 13:30:00,7855.183491343232
2019-03-27 14:00:00,7903.36873767927
2019-03-27 14:30:00,7915.333832044121
2019-03-27 15:00:00,8119.68704241548
2019-03-27 15:30:00,8283.836714807961
2019-03-27 16:00:00,8322.896960626042
2019-03-27 16:30:00,8461.454766292654
2019-03-27 17:00:00,8672.732783720085
2019-03-27 17:30:00,8662.273829775135
2019-03-27 18:00:00,8717.687635135224
2019-03-27 18:30:00,8791.439953453113
2019-03-27 19:00:00,8709.71710232857
2019-03-27 19:30:00,8470.103051305263
2019-03-27 20:00:00,8278.964905915045
2019-03-27 20:30:00,8113.1573269431365
2019-03-27 21:00:00,7862.172488752409
2019-03-27 21:30:00,7731.300279964312
2019-03-27 22:00:00,7593.668030870189
2019-03-27 22:30:00,7645.262428319227
2019-03-27 23:00:00,7510.902439022018
2019-03-27 23:30:00,7328.8078667938535
2019-03-28 00:00:00,7212.546569033034
2019-03-28 00:30:00,7103.506829399813
2019-03-28 01:00:00,6867.756498741437
2019-03-28 01:30:00,6612.035436529606
2019-03-28 02:00:00,6394.032406623344
2019-03-28 02:30:00,6275.720704539586
2019-03-28 03:00:00,6214.007248523057
2019-03-28 03:30:00,6214.007248523057
2019-03-28 04:00:00,6274.799822652358
2019-03-28 04:30:00,6453.917463870755
2019-03-28 05:00:00,6798.482050328608
2019-03-28 05:30:00,7137.938015264296
2019-03-28 06:00:00,7683.9316255323865
2019-03-28 06:30:00,8004.212882085444
2019-03-28 07:00:00,8313.994668511554
2019-03-28 07:30:00,8264.271462215627
2019-03-28 08:00:00,8173.541448313832
2019-03-28 08:30:00,8162.2630925935955
2019-03-28 09:00:00,8077.257190572515
2019-03-28 09:30:00,7995.552064589864
2019-03-28 10:00:00,7994.930656039757
2019-03-28 10:30:00,7969.814835415148
2019-03-28 11:00:00,8024.693660701962
2019-03-28 11:30:00,7947.791759260062
2019-03-28 12:00:00,7954.517732731326
2019-03-28 12:30:00,7978.070906284149
2019-03-28 13:00:00,7892.186071595981
2019-03-28 13:30:00,7958.206815418066
2019-03-28 14:00:00,7970.160673016959
2019-03-28 14:30:00,8004.646822947507
2019-03-28 15:00:00,8127.198304556826
2019-03-28 15:30:00,8200.373614216142
2019-03-28 16:00:00,8302.133150041274
2019-03-28 16:30:00,8378.639735461564
2019-03-28 17:00:00,8531.90144826838
2019-03-28 17:30:00,8564.698857329198
2019-03-28 18:00:00,8671.785409827338
2019-03-28 18:30:00,8709.445062175235
2019-03-28 19:00:00,8671.898690977408
2019-03-28 19:30:00,8481.447764517232
2019-03-28 20:00:00,8334.664930416702
2019-03-28 20:30:00,8129.810749153021
2019-03-28 21:00:00,7741.764380694255
2019-03-28 21:30:00,7733.240445426803
2019-03-28 22:00:00,7606.846317328961
2019-03-28 22:30:00,7666.326914909808
2019-03-28 23:00:00,7580.4240585191465
2019-03-28 23:30:00,7385.715607137879
2019-03-29 00:00:00,7213.588133615054
2019-03-29 00:30:00,7040.560439562114
2019-03-29 01:00:00,6883.165163737815
2019-03-29 01:30:00,6604.771016962379
2019-03-29 02:00:00,6320.299778179925
2019-03-29 02:30:00,6226.214105474535
2019-03-29 03:00:00,6228.516733278029
2019-03-29 03:30:00,6182.177505635289
2019-03-29 04:00:00,6264.966080017429
2019-03-29 04:30:00,6450.500021731898
2019-03-29 05:00:00,6781.1274374831
2019-03-29 05:30:00,7215.15303780842
2019-03-29 06:00:00,7773.842116929876
2019-03-29 06:30:00,8057.038976025286
2019-03-29 07:00:00,8286.255943905913
2019-03-29 07:30:00,8254.454051187004
2019-03-29 08:00:00,8198.278005808424
2019-03-29 08:30:00,8167.66643354156
2019-03-29 09:00:00,8067.318072139416
2019-03-29 09:30:00,8090.950010472065
2019-03-29 10:00:00,8079.25380400971
2019-03-29 10:30:00,8166.1975517014525
2019-03-29 11:00:00,8167.994761202641
2019-03-29 11:30:00,8069.092509387022
2019-03-29 12:00:00,7978.412331985312
2019-03-29 12:30:00,7978.412331985312
2019-03-29 13:00:00,8055.717027020314
2019-03-29 13:30:00,8055.717027020314
2019-03-29 14:00:00,8096.0097622064595
2019-03-29 14:30:00,8096.066202016384
2019-03-29 15:00:00,8292.23599442677
2019-03-29 15:30:00,8415.529641927102
2019-03-29 16:00:00,8560.561867033986
2019-03-29 16:30:00,8687.903903724522
2019-03-29 17:00:00,8667.748615214454
2019-03-29 17:30:00,8650.150698459662
2019-03-29 18:00:00,8677.068504058856
2019-03-29 18:30:00,8751.762536663642
2019-03-29 19:00:00,8648.503287141331
2019-03-29 19:30:00,8426.31587423363
2019-03-29 20:00:00,8255.764092423504
2019-03-29 20:30:00,8059.524826321579
2019-03-29 21:00:00,7930.784224942009
2019-03-29 21:30:00,7813.451384628436
2019-03-29 22:00:00,7669.841965218074
2019-03-29 22:30:00,7661.318029950621
2019-03-29 23:00:00,7535.153489490786
2019-03-29 23:30:00,7391.338509296923
2019-03-30 00:00:00,7128.932773410137
2019-03-30 00:30:00,7044.463455047117
2019-03-30 01:00:00,6804.764035372301
2019-03-30 01:30:00,6612.066874994214
2019-03-30 02:00:00,6250.116002260788
2019-03-30 02:30:00,6127.575780759979
2019-03-30 03:00:00,6012.58463134304
2019-03-30 03:30:00,6026.7635628162525
2019-03-30 04:00:00,6120.391282611087
2019-03-30 04:30:00,6264.615656664857
2019-03-30 05:00:00,6165.2330173266555
2019-03-30 05:30:00,6574.513149720997
2019-03-30 06:00:00,6730.570592861411
2019-03-30 06:30:00,6752.594605266092
2019-03-30 07:00:00,7101.023038499469
2019-03-30 07:30:00,7145.381353019478
2019-03-30 08:00:00,7511.975890831321
2019-03-30 08:30:00,7562.526383882798
2019-03-30 09:00:00,7513.9087601317315
2019-03-30 09:30:00,7570.109825821255
2019-03-30 10:00:00,7650.898390209247
2019-03-30 10:30:00,7633.065891501891
2019-03-30 11:00:00,7582.787839708618
2019-03-30 11:30:00,7481.092525248165
2019-03-30 12:00:00,7488.374353945427
2019-03-30 12:30:00,7471.376122811773
2019-03-30 13:00:00,7421.413339365621
2019-03-30 13:30:00,7449.689592438108
2019-03-30 14:00:00,7497.17690542258
2019-03-30 14:30:00,7562.6595369170955
2019-03-30 15:00:00,7712.7504429552855
2019-03-30 15:30:00,7900.408274446541
2019-03-30 16:00:00,7985.810137335767
2019-03-30 16:30:00,7985.810137335767
2019-03-30 17:00:00,8102.1348951885575
2019-03-30 17:30:00,8020.479447091763
2019-03-30 18:00:00,8141.629553705538
2019-03-30 18:30:00,8219.669239941322
2019-03-30 19:00:00,8158.629825941602
2019-03-30 19:30:00,7955.216966354445
2019-03-30 20:00:00,7774.666186800979
2019-03-30 20:30:00,7621.357433634829
2019-03-30 21:00:00,7427.424345000042
2019-03-30 21:30:00,7450.066335873542
2019-03-30 22:00:00,7309.815307341134
2019-03-30 22:30:00,7370.096251561524
2019-03-30 23:00:00,7236.782262674825
2019-03-30 23:30:00,7160.894217832522
2019-03-31 00:00:00,6984.288392575949
2019-03-31 00:30:00,6859.955156001102
2019-03-31 01:00:00,6609.080746498682
2019-03-31 01:30:00,6355.526463881818
2019-03-31 02:00:00,6198.158268028589
2019-03-31 02:30:00,6099.064269054149
2019-03-31 03:00:00,6007.305226373481
2019-03-31 03:30:00,5961.68771463569
2019-03-31 04:00:00,5954.055430591912
2019-03-31 04:30:00,5956.2342605610975
2019-03-31 05:00:00,6025.3189204586915
2019-03-31 05:30:00,6196.103896746525
2019-03-31 06:00:00,6348.182199088642
2019-03-31 06:30:00,6605.57159134145
2019-03-31 07:00:00,6839.659759995103
2019-03-31 07:30:00,7108.922405216489
2019-03-31 08:00:00,7271.403520717159
2019-03-31 08:30:00,7456.116984967838
2019-03-31 09:00:00,7458.699624164378
2019-03-31 09:30:00,7506.071667493051
2019-03-31 10:00:00,7519.2732912029805
2019-03-31 10:30:00,7391.650313951841
2019-03-31 11:00:00,7320.594407776509
2019-03-31 11:30:00,7243.477046939919
2019-03-31 12:00:00,6926.808565745267
2019-03-31 12:30:00,6809.0038139596345
2019-03-31 13:00:00,6963.15103083636
2019-03-31 13:30:00,6916.657497580915
2019-03-31 14:00:00,6923.841840934862
2019-03-31 14:30:00,6832.037286002858
2019-03-31 15:00:00,6813.292951328468
2019-03-31 15:30:00,6833.843654867731
2019-03-31 16:00:00,6934.0651350960015
2019-03-31 16:30:00,7058.068628848791
2019-03-31 17:00:00,7342.325962854307
2019-03-31 17:30:00,7474.109631689349
2019-03-31 18:00:00,7624.109974260357
2019-03-31 18:30:00,7780.199846520474
2019-03-31 19:00:00,7818.976802724433
2019-03-31 19:30:00,7654.7726494099425
2019-03-31 20:00:00,7519.5744258126215
2019-03-31 20:30:00,7461.4556554292285
2019-03-31 21:00:00,7271.344870167923
2019-03-31 21:30:00,7191.10511354486
2019-03-31 22:00:00,6888.431351386579
2019-03-31 22:30:00,6801.82493044871
2019-03-31 23:00:00,6653.330073249957
2019-03-31 23:30:00,6535.454405868821
2019-04-01 00:00:00,6623.047340705092
2019-04-01 00:30:00,6413.88458089643
2019-04-01 01:00:00,6243.890797738416
2019-04-01 01:30:00,5918.320123910913
2019-04-01 02:00:00,5889.483392405422
2019-04-01 02:30:00,5768.0681554446155
2019-04-01 03:00:00,5806.072691587412
2019-04-01 03:30:00,5702.479891996761
2019-04-01 04:00:00,5822.3865399023625
2019-04-01 04:30:00,5925.979339493014
2019-04-01 05:00:00,6218.1480477538635
2019-04-01 05:30:00,6373.874574187835
2019-04-01 06:00:00,7114.454328702146
2019-04-01 06:30:00,7355.359672720808
2019-04-01 07:00:00,8244.700753587129
2019-04-01 07:30:00,8554.817774431243
2019-04-01 08:00:00,8253.539769025589
2019-04-01 08:30:00,8261.292500029125
2019-04-01 09:00:00,7750.795194284015
2019-04-01 09:30:00,7543.2561852618865
2019-04-01 10:00:00,7239.075691668761
2019-04-01 10:30:00,7181.017486793271
2019-04-01 11:00:00,6975.159700486703
2019-04-01 11:30:00,6901.774885385081
2019-04-01 12:00:00,6926.693499123633
2019-04-01 12:30:00,6818.491423917108
2019-04-01 13:00:00,6888.5413470437425
2019-04-01 13:30:00,6899.172446324517
2019-04-01 14:00:00,7007.968038640646
2019-04-01 14:30:00,7070.085655352182
2019-04-01 15:00:00,7178.682984301825
2019-04-01 15:30:00,7439.139375271154
2019-04-01 16:00:00,7825.172903461133
2019-04-01 16:30:00,8107.683033518468
2019-04-01 17:00:00,8407.224717282092
2019-04-01 17:30:00,8638.077373148955
2019-04-01 18:00:00,8736.244945692857
2019-04-01 18:30:00,8815.443136056076
2019-04-01 19:00:00,8618.811291846005
2019-04-01 19:30:00,8545.53090294302
2019-04-01 20:00:00,8326.417219576038
2019-04-01 20:30:00,8187.28273872156
2019-04-01 21:00:00,7956.848841804128
2019-04-01 21:30:00,7791.052389667514
2019-04-01 22:00:00,7631.082227686403
2019-04-01 22:30:00,7631.082227686403
2019-04-01 23:00:00,7389.734979680895
2019-04-01 23:30:00,7343.229820184164
2019-04-02 00:00:00,7204.11850429082
2019-04-02 00:30:00,7060.013331461818
2019-04-02 01:00:00,6825.161017266091
2019-04-02 01:30:00,6669.682909933562
2019-04-02 02:00:00,6504.8049587835385
2019-04-02 02:30:00,6350.228823602321
2019-04-02 03:00:00,6163.20445876429
2019-04-02 03:30:00,6201.406698231409
2019-04-02 04:00:00,6291.655266012502
2019-04-02 04:30:00,6556.815994983955
2019-04-02 05:00:00,6919.110994905155
2019-04-02 05:30:00,7398.386602929888
2019-04-02 06:00:00,7889.412969268217
2019-04-02 06:30:00,8233.808913901521
2019-04-02 07:00:00,8487.852195069
2019-04-02 07:30:00,8426.951216837055
2019-04-02 08:00:00,8285.199904365953
2019-04-02 08:30:00,8198.896786789339
2019-04-02 09:00:00,8131.694597656123
2019-04-02 09:30:00,8330.053037716169
2019-04-02 10:00:00,7921.574243181454
2019-04-02 10:30:00,7897.695851885663
2019-04-02 11:00:00,7894.6448030099145
2019-04-02 11:30:00,7916.1852738954085
2019-04-02 12:00:00,7953.745565411941
2019-04-02 12:30:00,7953.745565411941
2019-04-02 13:00:00,8033.914454248717
2019-04-02 13:30:00,8030.003632503583
2019-04-02 14:00:00,8046.4585210647165
2019-04-02 14:30:00,7983.509502065568
2019-04-02 15:00:00,8098.23260247417
2019-04-02 15:30:00,8102.584657262063
2019-04-02 16:00:00,8245.51079244971
2019-04-02 16:30:00,8252.458786164698
2019-04-02 17:00:00,8481.902536697036
2019-04-02 17:30:00,8482.140723897151
2019-04-02 18:00:00,8643.60502291696
2019-04-02 18:30:00,8691.67188793492
2019-04-02 19:00:00,8568.641953411192
2019-04-02 19:30:00,8460.966132579291
2019-04-02 20:00:00,8281.120563605275
2019-04-02 20:30:00,8202.117608330682
2019-04-02 21:00:00,7952.22359510186
2019-04-02 21:30:00,7868.930741233524
2019-04-02 22:00:00,7886.821723877597
2019-04-02 22:30:00,7886.821723877597
2019-04-02 23:00:00,7709.495754081717
2019-04-02 23:30:00,7652.894293987995
2019-04-03 00:00:00,7226.51541910248
2019-04-03 00:30:00,7119.532104189994
2019-04-03 01:00:00,6889.006847729016
2019-04-03 01:30:00,6611.923382742929
2019-04-03 02:00:00,6347.19264569507
2019-04-03 02:30:00,6184.993024030473
2019-04-03 03:00:00,6238.7296972379145
2019-04-03 03:30:00,6189.917319066723
2019-04-03 04:00:00,6267.935730393567
2019-04-03 04:30:00,6447.0533716119635
2019-04-03 05:00:00,6740.859247483756
2019-04-03 05:30:00,7114.861229627664
2019-04-03 06:00:00,7648.395047025487
2019-04-03 06:30:00,7972.173433072099
2019-04-03 07:00:00,8267.117483462154
2019-04-03 07:30:00,8221.622796583279
2019-04-03 08:00:00,8157.128505572186
2019-04-03 08:30:00,8164.572305377162
2019-04-03 09:00:00,8047.878219380672
2019-04-03 09:30:00,8035.06103337524
2019-04-03 10:00:00,7955.693767756816
2019-04-03 10:30:00,7995.976838565883
2019-04-03 11:00:00,7870.490242936355
2019-04-03 11:30:00,7829.585319738879
2019-04-03 12:00:00,7790.2177080665515
2019-04-03 12:30:00,7863.666564080617
2019-04-03 13:00:00,7907.79773108763
2019-04-03 13:30:00,7958.072983591045
2019-04-03 14:00:00,7968.548731443222
2019-04-03 14:30:00,7985.19986391964
2019-04-03 15:00:00,8114.991569262984
2019-04-03 15:30:00,8166.240801479948
2019-04-03 16:00:00,8249.600234124713
2019-04-03 16:30:00,8337.50333316985
2019-04-03 17:00:00,8526.015965164821
2019-04-03 17:30:00,8609.48963254404
2019-04-03 18:00:00,8755.90544120691
2019-04-03 18:30:00,8753.191255478083
2019-04-03 19:00:00,8574.072818717987
2019-04-03 19:30:00,8399.66625371675
2019-04-03 20:00:00,8254.525176229079
2019-04-03 20:30:00,8058.325394229282
2019-04-03 21:00:00,7780.228720122664
2019-04-03 21:30:00,7737.3385867859315
2019-04-03 22:00:00,7605.853756982021
2019-04-03 22:30:00,7605.853756982021
2019-04-03 23:00:00,7490.048912948019
2019-04-03 23:30:00,7335.1270477751805
2019-04-04 00:00:00,7271.524123570291
2019-04-04 00:30:00,7119.344539452459
2019-04-04 01:00:00,6995.803631421631
2019-04-04 01:30:00,6683.848245813015
2019-04-04 02:00:00,6420.108270095395
2019-04-04 02:30:00,6357.163066491338
2019-04-04 03:00:00,6299.267865093974
2019-04-04 03:30:00,6299.267865093974
2019-04-04 04:00:00,6354.107145047904
2019-04-04 04:30:00,6494.393664592615
2019-04-04 05:00:00,6783.203590791929
2019-04-04 05:30:00,7277.5364212605855
2019-04-04 06:00:00,7787.859232508618
2019-04-04 06:30:00,8128.9730892190755
2019-04-04 07:00:00,8364.387089405589
2019-04-04 07:30:00,8332.58519668668
2019-04-04 08:00:00,8281.852073309823
2019-04-04 08:30:00,8164.139252145648
2019-04-04 09:00:00,8034.216363098405
2019-04-04 09:30:00,7975.104911431629
2019-04-04 10:00:00,7902.238251393732
2019-04-04 10:30:00,7775.659293343614
2019-04-04 11:00:00,7829.8645237033
2019-04-04 11:30:00,7749.15232166962
2019-04-04 12:00:00,7749.16266485871
2019-04-04 12:30:00,7811.642021210121
2019-04-04 13:00:00,7861.946128951244
2019-04-04 13:30:00,7879.623247957747
2019-04-04 14:00:00,7866.162580094786
2019-04-04 14:30:00,7887.725633651022
2019-04-04 15:00:00,8077.491787582113
2019-04-04 15:30:00,8208.146207019468
2019-04-04 16:00:00,8379.304565145749
2019-04-04 16:30:00,8456.573900174082
2019-04-04 17:00:00,8634.584920926705
2019-04-04 17:30:00,8664.86789407178
2019-04-04 18:00:00,8833.013088998117
2019-04-04 18:30:00,8778.755316240697
2019-04-04 19:00:00,8654.163592668761
2019-04-04 19:30:00,8502.522039237754
2019-04-04 20:00:00,8316.929832108055
2019-04-04 20:30:00,8130.085910810323
2019-04-04 21:00:00,7883.745477414943
2019-04-04 21:30:00,7735.196149620343
2019-04-04 22:00:00,7612.864503555483
2019-04-04 22:30:00,7591.324032669989
2019-04-04 23:00:00,7478.28063445083
2019-04-04 23:30:00,7226.26076862478
2019-04-05 00:00:00,7226.867149827393
2019-04-05 00:30:00,7033.502190181111
2019-04-05 01:00:00,6899.516563987733
2019-04-05 01:30:00,6601.919885739096
2019-04-05 02:00:00,6276.469867146419
2019-04-05 02:30:00,6176.494771092722
2019-04-05 03:00:00,6118.487475083375
2019-04-05 03:30:00,6143.76589066889
2019-04-05 04:00:00,6186.977295220802
2019-04-05 04:30:00,6434.425461550648
2019-04-05 05:00:00,6698.633537154794
2019-04-05 05:30:00,7121.764175052823
2019-04-05 06:00:00,7648.559103216452
2019-04-05 06:30:00,8023.207274387458
2019-04-05 07:00:00,8306.811595775429
2019-04-05 07:30:00,8306.811595775429
2019-04-05 08:00:00,8278.153766881898
2019-04-05 08:30:00,8284.77877435586
2019-04-05 09:00:00,8368.461193210229
2019-04-05 09:30:00,8429.496638346207
2019-04-05 10:00:00,8320.995854885032
2019-04-05 10:30:00,8354.05568732566
2019-04-05 11:00:00,8242.99227045423
2019-04-05 11:30:00,8189.032421713652
2019-04-05 12:00:00,8154.312340194994
2019-04-05 12:30:00,8190.6684366929485
2019-04-05 13:00:00,8216.833134352082
2019-04-05 13:30:00,8231.653993473186
2019-04-05 14:00:00,8184.845010972778
2019-04-05 14:30:00,8270.112858869437
2019-04-05 15:00:00,8280.365088751878
2019-04-05 15:30:00,8393.01050034898
2019-04-05 16:00:00,8435.913246683835
2019-04-05 16:30:00,8404.111353964925
2019-04-05 17:00:00,8480.229161137924
2019-04-05 17:30:00,8507.785813209219
2019-04-05 18:00:00,8601.919063045307
2019-04-05 18:30:00,8627.2588300239
2019-04-05 19:00:00,8419.622130983786
2019-04-05 19:30:00,8227.451359504188
2019-04-05 20:00:00,8132.775579921088
2019-04-05 20:30:00,7858.668939528447
2019-04-05 21:00:00,7824.6260407652335
2019-04-05 21:30:00,7695.387882243488
2019-04-05 22:00:00,7660.760594576598
2019-04-05 22:30:00,7601.722397322585
2019-04-05 23:00:00,7560.9200099278705
2019-04-05 23:30:00,7459.6947284129565
2019-04-06 00:00:00,7247.914886957627
2019-04-06 00:30:00,7143.959173483461
2019-04-06 01:00:00,6958.726176341518
2019-04-06 01:30:00,6715.6997111514875
2019-04-06 02:00:00,6331.87942775653
2019-04-06 02:30:00,6234.040956987847
2019-04-06 03:00:00,6167.711741410862
2019-04-06 03:30:00,6115.479420972459
2019-04-06 04:00:00,6183.413692589307
2019-04-06 04:30:00,6327.638066643077
2019-04-06 05:00:00,6239.772923876918
2019-04-06 05:30:00,6675.670737717384
2019-04-06 06:00:00,6757.035569263356
2019-04-06 06:30:00,6865.124326846543
2019-04-06 07:00:00,7250.8496316577275
2019-04-06 07:30:00,7250.8496316577275
2019-04-06 08:00:00,7594.286669066374
2019-04-06 08:30:00,7594.286669066374
2019-04-06 09:00:00,7618.659132096602
2019-04-06 09:30:00,7553.176500602086
2019-04-06 10:00:00,7517.786426829779
2019-04-06 10:30:00,7486.932003144758
2019-04-06 11:00:00,7464.908926989671
2019-04-06 11:30:00,7419.385187536747
2019-04-06 12:00:00,7468.439229165969
2019-04-06 12:30:00,7428.940833596554
2019-04-06 13:00:00,7416.783411059339
2019-04-06 13:30:00,7412.844080957415
2019-04-06 14:00:00,7435.133012128022
2019-04-06 14:30:00,7435.133012128022
2019-04-06 15:00:00,7474.631407697437
2019-04-06 15:30:00,7504.786351709688
2019-04-06 16:00:00,7513.91385293544
2019-04-06 16:30:00,7513.91385293544
2019-04-06 17:00:00,7661.376866293808
2019-04-06 17:30:00,7595.8942347992925
2019-04-06 18:00:00,7825.887510228817
2019-04-06 18:30:00,7870.245824748826
2019-04-06 19:00:00,7734.080841406544
2019-04-06 19:30:00,7663.280126882598
2019-04-06 20:00:00,7566.827093313706
2019-04-06 20:30:00,7540.350376589872
2019-04-06 21:00:00,7263.282935661063
2019-04-06 21:30:00,7322.321132915076
2019-04-06 22:00:00,7241.49006957469
2019-04-06 22:30:00,7239.517046507248
2019-04-06 23:00:00,7221.653744254953
2019-04-06 23:30:00,7143.127268280448
2019-04-07 00:00:00,6907.966740596679
2019-04-07 00:30:00,6695.448966080934
2019-04-07 01:00:00,6450.41259089402
2019-04-07 01:30:00,6234.859351752838
2019-04-07 02:00:00,6097.79873556467
2019-04-07 02:30:00,5965.497372339068
2019-04-07 03:00:00,5839.025931231767
2019-04-07 03:30:00,5828.394831950992
2019-04-07 04:00:00,5824.657145478535
2019-04-07 04:30:00,5902.065349244142
2019-04-07 05:00:00,5962.426526465539
2019-04-07 05:30:00,6179.550730396112
2019-04-07 06:00:00,6338.674693415968
2019-04-07 06:30:00,6563.742147297534
2019-04-07 07:00:00,6705.770570532597
2019-04-07 07:30:00,6899.177165394498
2019-04-07 08:00:00,7015.060614965783
2019-04-07 08:30:00,7025.218600499587
2019-04-07 09:00:00,6980.898532452799
2019-04-07 09:30:00,6941.898692643691
2019-04-07 10:00:00,6837.718322610968
2019-04-07 10:30:00,6744.591164272542
2019-04-07 11:00:00,6774.6243452201015
2019-04-07 11:30:00,6690.368105762406
2019-04-07 12:00:00,6736.25993799632
2019-04-07 12:30:00,6736.25993799632
2019-04-07 13:00:00,6847.233959773255
2019-04-07 13:30:00,6812.848130676109
2019-04-07 14:00:00,6979.8220193322395
2019-04-07 14:30:00,7047.143199468364
2019-04-07 15:00:00,7108.0636990196845
2019-04-07 15:30:00,7255.043860261847
2019-04-07 16:00:00,7567.155854076884
2019-04-07 16:30:00,7700.9710098594915
2019-04-07 17:00:00,8013.7399063432495
2019-04-07 17:30:00,8056.244092098596
2019-04-07 18:00:00,8176.810998025401
2019-04-07 18:30:00,8302.941461881897
2019-04-07 19:00:00,8251.676102739702
2019-04-07 19:30:00,8093.613338878806
2019-04-07 20:00:00,8050.754033949772
2019-04-07 20:30:00,7841.725917125201
2019-04-07 21:00:00,7522.606668131358
2019-04-07 21:30:00,7427.194027955246
2019-04-07 22:00:00,7270.899027833683
2019-04-07 22:30:00,7205.540582730427
2019-04-07 23:00:00,7004.936684867919
2019-04-07 23:30:00,6767.224067176503
2019-04-08 00:00:00,6937.476839885689
2019-04-08 00:30:00,6807.345820522316
2019-04-08 01:00:00,6664.093448823033
2019-04-08 01:30:00,6395.466413054678
2019-04-08 02:00:00,6276.849143973008
2019-04-08 02:30:00,6026.519629479361
2019-04-08 03:00:00,6024.439858221322
2019-04-08 03:30:00,6024.439858221322
2019-04-08 04:00:00,6167.061774571325
2019-04-08 04:30:00,6164.347588842496
2019-04-08 05:00:00,6588.423494468329
2019-04-08 05:30:00,6606.694326878671
2019-04-08 06:00:00,7444.036973690471
2019-04-08 06:30:00,7659.493377663933
2019-04-08 07:00:00,8110.814412360494
2019-04-08 07:30:00,8406.215333231352
2019-04-08 08:00:00,8084.397656819175
2019-04-08 08:30:00,8319.88336382732
2019-04-08 09:00:00,8071.171541974643
2019-04-08 09:30:00,8117.523902487972
2019-04-08 10:00:00,7997.462242262879
2019-04-08 10:30:00,7841.501591250288
2019-04-08 11:00:00,7665.2841729390375
2019-04-08 11:30:00,7586.3915057994245
2019-04-08 12:00:00,7723.800329973299
2019-04-08 12:30:00,7814.357175383679
2019-04-08 13:00:00,7986.679661181908
2019-04-08 13:30:00,8000.398137815395
2019-04-08 14:00:00,8219.987304649107
2019-04-08 14:30:00,8379.048430465953
2019-04-08 15:00:00,8681.654603031437
2019-04-08 15:30:00,8813.494895340122
2019-04-08 16:00:00,9111.020450207856
2019-04-08 16:30:00,9287.158737510006
2019-04-08 17:00:00,9410.846709261341
2019-04-08 17:30:00,9660.88555099501
2019-04-08 18:00:00,9483.07030938116
2019-04-08 18:30:00,9682.420240346893
2019-04-08 19:00:00,9444.925799039667
2019-04-08 19:30:00,9238.894625334464
2019-04-08 20:00:00,8795.25128405741
2019-04-08 20:30:00,8506.294636215458
2019-04-08 21:00:00,8426.170220566857
2019-04-08 21:30:00,8204.4285191061
2019-04-08 22:00:00,8024.187755815754
2019-04-08 22:30:00,8024.187755815754
2019-04-08 23:00:00,7895.056815713424
2019-04-08 23:30:00,7667.647652158253
2019-04-09 00:00:00,7455.594875782286
2019-04-09 00:30:00,7342.468383757952
2019-04-09 01:00:00,7116.283312758426
2019-04-09 01:30:00,6863.932511401336
2019-04-09 02:00:00,6747.556871531772
2019-04-09 02:30:00,6545.739536556503
2019-04-09 03:00:00,6300.565118147584
2019-04-09 03:30:00,6189.420768199769
2019-04-09 04:00:00,6167.604942157042
2019-04-09 04:30:00,6254.3698231163835
2019-04-09 05:00:00,6367.533397815907
2019-04-09 05:30:00,6657.357660057603
2019-04-09 06:00:00,7209.661896747395
2019-04-09 06:30:00,7504.382314043724
2019-04-09 07:00:00,7954.179407256314
2019-04-09 07:30:00,8045.784561906
2019-04-09 08:00:00,8256.956458391767
2019-04-09 08:30:00,8305.458125450185
2019-04-09 09:00:00,8408.822454991543
2019-04-09 09:30:00,8442.889041138686
2019-04-09 10:00:00,8290.718173680118
2019-04-09 10:30:00,8303.81239328799
2019-04-09 11:00:00,8236.95937136601
2019-04-09 11:30:00,8167.336452299538
2019-04-09 12:00:00,8216.428632778112
2019-04-09 12:30:00,8285.907379529663
2019-04-09 13:00:00,8293.34597800019
2019-04-09 13:30:00,8288.462650376525
2019-04-09 14:00:00,8526.926118518515
2019-04-09 14:30:00,8441.189269455212
2019-04-09 15:00:00,8560.781437264048
2019-04-09 15:30:00,8643.527111315254
2019-04-09 16:00:00,8737.465876857033
2019-04-09 16:30:00,8939.304202235493
2019-04-09 17:00:00,8880.54019584546
2019-04-09 17:30:00,9002.674471603812
2019-04-09 18:00:00,9342.746046013966
2019-04-09 18:30:00,9717.679125857121
2019-04-09 19:00:00,9598.934653805254
2019-04-09 19:30:00,9238.621435753694
2019-04-09 20:00:00,8985.769720019309
2019-04-09 20:30:00,8707.014721495869
2019-04-09 21:00:00,8430.851830420504
2019-04-09 21:30:00,8278.703314515578
2019-04-09 22:00:00,8086.732619297043
2019-04-09 22:30:00,8025.48059685132
2019-04-09 23:00:00,7754.068835259516
2019-04-09 23:30:00,7635.29795217562
2019-04-10 00:00:00,7337.25055823608
2019-04-10 00:30:00,7109.37411865619
2019-04-10 01:00:00,6958.529180660936
2019-04-10 01:30:00,6756.507754109058
2019-04-10 02:00:00,6491.417019748839
2019-04-10 02:30:00,6265.960150887702
2019-04-10 03:00:00,6106.879565881097
2019-04-10 03:30:00,6032.775107842603
2019-04-10 04:00:00,5988.887968653054
2019-04-10 04:30:00,6040.509365483461
2019-04-10 05:00:00,6219.5156426860785
2019-04-10 05:30:00,6466.963809015924
2019-04-10 06:00:00,6794.731900929756
2019-04-10 06:30:00,7138.072974001131
2019-04-10 07:00:00,7721.94330099701
2019-04-10 07:30:00,7830.78434161044
2019-04-10 08:00:00,8076.224287504556
2019-04-10 08:30:00,8076.224287504556
2019-04-10 09:00:00,8054.636508810533
2019-04-10 09:30:00,8096.438952386463
2019-04-10 10:00:00,8189.762245469569
2019-04-10 10:30:00,8229.559501064918
2019-04-10 11:00:00,8218.147064932957
2019-04-10 11:30:00,8218.147064932957
2019-04-10 12:00:00,8267.731932975244
2019-04-10 12:30:00,8277.087793677307
2019-04-10 13:00:00,8352.31407012376
2019-04-10 13:30:00,8352.31407012376
2019-04-10 14:00:00,8393.66629075001
2019-04-10 14:30:00,8432.47566377918
2019-04-10 15:00:00,8435.951233037587
2019-04-10 15:30:00,8434.163856257974
2019-04-10 16:00:00,8451.37133253322
2019-04-10 16:30:00,8546.100554760806
2019-04-10 17:00:00,8663.079350916687
2019-04-10 17:30:00,8679.82053725819
2019-04-10 18:00:00,8986.936734065353
2019-04-10 18:30:00,9135.215245557176
2019-04-10 19:00:00,8974.291127983084
2019-04-10 19:30:00,8762.562669020333
2019-04-10 20:00:00,8463.74007444256
2019-04-10 20:30:00,8367.170587826182
2019-04-10 21:00:00,8113.066893419415
2019-04-10 21:30:00,7910.037966891215
2019-04-10 22:00:00,7729.894786980956
2019-04-10 22:30:00,7738.418722248409
2019-04-10 23:00:00,7582.1897756356275
2019-04-10 23:30:00,7489.927093563775
2019-04-11 00:00:00,7472.960345106754
2019-04-11 00:30:00,7271.524123570291
2019-04-11 01:00:00,7082.185276155427
2019-04-11 01:30:00,6995.803631421631
2019-04-11 02:00:00,6734.748632271428
2019-04-11 02:30:00,6420.108270095395
2019-04-11 03:00:00,6303.020663157268
2019-04-11 03:30:00,6204.116259280043
2019-04-11 04:00:00,6135.820346910448
2019-04-11 04:30:00,6193.57968451056
2019-04-11 05:00:00,6316.526444336841
2019-04-11 05:30:00,6561.580641511096
2019-04-11 06:00:00,6902.889368549731
2019-04-11 06:30:00,7391.460605151285
2019-04-11 07:00:00,7952.614297265495
2019-04-11 07:30:00,8036.744411367694
2019-04-11 08:00:00,8156.374584076219
2019-04-11 08:30:00,8114.192231066988
2019-04-11 09:00:00,8067.988272408424
2019-04-11 09:30:00,8074.295328638696
2019-04-11 10:00:00,7746.245123794157
2019-04-11 10:30:00,7631.357277534272
2019-04-11 11:00:00,7616.108391306383
2019-04-11 11:30:00,7523.967528618775
2019-04-11 12:00:00,7513.955856216886
2019-04-11 12:30:00,7536.548222974451
2019-04-11 13:00:00,7524.388328558854
2019-04-11 13:30:00,7531.832128363829
2019-04-11 14:00:00,7579.614072210274
2019-04-11 14:30:00,7648.366197220804
2019-04-11 15:00:00,7662.5861434431035
2019-04-11 15:30:00,7721.624340697117
2019-04-11 16:00:00,7944.546130071023
2019-04-11 16:30:00,8103.148579029895
2019-04-11 17:00:00,8360.80894524894
2019-04-11 17:30:00,8576.84996664487
2019-04-11 18:00:00,8910.888318735992
2019-04-11 18:30:00,9169.101984774354
2019-04-11 19:00:00,9048.958939375725
2019-04-11 19:30:00,8757.519902381582
2019-04-11 20:00:00,8576.539169472393
2019-04-11 20:30:00,8463.671670157453
2019-04-11 21:00:00,8214.701348591596
2019-04-11 21:30:00,8064.912439018081
2019-04-11 22:00:00,7921.277232881727
2019-04-11 22:30:00,7977.182461653902
2019-04-11 23:00:00,7739.010542510569
2019-04-11 23:30:00,7674.007709765648
2019-04-12 00:00:00,7584.4104458541415
2019-04-12 00:30:00,7466.046758290907
2019-04-12 01:00:00,7212.893345364315
2019-04-12 01:30:00,7062.1025145487365
2019-04-12 02:00:00,6804.569013756637
2019-04-12 02:30:00,6588.772549778749
2019-04-12 03:00:00,6377.1063473580525
2019-04-12 03:30:00,6300.905353499984
2019-04-12 04:00:00,6279.76080073418
2019-04-12 04:30:00,6275.393069787906
2019-04-12 05:00:00,6379.8225198424125
2019-04-12 05:30:00,6692.5488922367
2019-04-12 06:00:00,6994.354866540024
2019-04-12 06:30:00,7515.854926420841
2019-04-12 07:00:00,8074.2660259906215
2019-04-12 07:30:00,8159.585330566207
2019-04-12 08:00:00,8283.357839424216
2019-04-12 08:30:00,8152.99714591275
2019-04-12 09:00:00,7997.311439865078
2019-04-12 09:30:00,7997.7230569103995
2019-04-12 10:00:00,7923.695193476525
2019-04-12 10:30:00,7890.234070084024
2019-04-12 11:00:00,7767.927308645153
2019-04-12 11:30:00,7706.081061955893
2019-04-12 12:00:00,7623.938883362065
2019-04-12 12:30:00,7685.6912663449075
2019-04-12 13:00:00,7707.264358254503
2019-04-12 13:30:00,7751.828074276868
2019-04-12 14:00:00,7773.652408133285
2019-04-12 14:30:00,7773.652408133285
2019-04-12 15:00:00,7784.2041116373075
2019-04-12 15:30:00,7864.3028769329385
2019-04-12 16:00:00,8076.091847940177
2019-04-12 16:30:00,8152.651352915551
2019-04-12 17:00:00,8277.364887562037
2019-04-12 17:30:00,8467.411975132494
2019-04-12 18:00:00,8760.922304008878
2019-04-12 18:30:00,8931.32072667638
2019-04-12 19:00:00,8751.33831914845
2019-04-12 19:30:00,8542.664601469369
2019-04-12 20:00:00,8418.300557629142
2019-04-12 20:30:00,8226.129786149544
2019-04-12 21:00:00,8264.063694469343
2019-04-12 21:30:00,8015.950987902176
2019-04-12 22:00:00,7923.229346256702
2019-04-12 22:30:00,7966.040355421003
2019-04-12 23:00:00,7736.392371545124
2019-04-12 23:30:00,7718.715252538621
2019-04-13 00:00:00,7556.261367018532
2019-04-13 00:30:00,7371.934162011987
2019-04-13 01:00:00,7243.006353639112
2019-04-13 01:30:00,7056.366609807515
2019-04-13 02:00:00,6736.240333995879
2019-04-13 02:30:00,6543.2964758468015
2019-04-13 03:00:00,6276.809000911745
2019-04-13 03:30:00,6182.723328206355
2019-04-13 04:00:00,6163.532012220174
2019-04-13 04:30:00,6194.672481321507
2019-04-13 05:00:00,6093.3515262472765
2019-04-13 05:30:00,6262.313664960034
2019-04-13 06:00:00,6460.332230008011
2019-04-13 06:30:00,6575.232531142004
2019-04-13 07:00:00,6969.041260394017
2019-04-13 07:30:00,6965.160743585701
2019-04-13 08:00:00,7423.492665943326
2019-04-13 08:30:00,7408.928569468247
2019-04-13 09:00:00,7426.181610045055
2019-04-13 09:30:00,7439.650753733539
2019-04-13 10:00:00,7430.651598129446
2019-04-13 10:30:00,7430.651598129446
2019-04-13 11:00:00,7375.10102077566
2019-04-13 11:30:00,7381.1285950522015
2019-04-13 12:00:00,7391.933699443558
2019-04-13 12:30:00,7398.555902926617
2019-04-13 13:00:00,7309.755333161478
2019-04-13 13:30:00,7265.519849256877
2019-04-13 14:00:00,7229.181606601076
2019-04-13 14:30:00,7288.21980385509
2019-04-13 15:00:00,7269.995163523707
2019-04-13 15:30:00,7330.746131221224
2019-04-13 16:00:00,7442.124743114179
2019-04-13 16:30:00,7459.76381785595
2019-04-13 17:00:00,7590.47774138435
2019-04-13 17:30:00,7701.042113002968
2019-04-13 18:00:00,8127.8193593377655
2019-04-13 18:30:00,8146.551305804005
2019-04-13 19:00:00,8135.231521065951
2019-04-13 19:30:00,7869.744232325414
2019-04-13 20:00:00,7676.5276567012315
2019-04-13 20:30:00,7669.1263052084905
2019-04-13 21:00:00,7505.887191209028
2019-04-13 21:30:00,7497.139007806199
2019-04-13 22:00:00,7422.57051613952
2019-04-13 22:30:00,7475.093170916852
2019-04-13 23:00:00,7335.023997716819
2019-04-13 23:30:00,7335.023997716819
2019-04-14 00:00:00,7080.051981776826
2019-04-14 00:30:00,6984.944256493039
2019-04-14 01:00:00,6832.888001647738
2019-04-14 01:30:00,6577.2725195092
2019-04-14 02:00:00,6421.947250491522
2019-04-14 02:30:00,6177.639087325114
2019-04-14 03:00:00,6036.253820379452
2019-04-14 03:30:00,5899.912195726043
2019-04-14 04:00:00,5896.174509253587
2019-04-14 04:30:00,5877.166540057118
2019-04-14 05:00:00,5889.015207150079
2019-04-14 05:30:00,6002.874914117723
2019-04-14 06:00:00,6024.583240674757
2019-04-14 06:30:00,6221.603511574041
2019-04-14 07:00:00,6297.956959310512
2019-04-14 07:30:00,6418.334012987372
2019-04-14 08:00:00,6690.972017695115
2019-04-14 08:30:00,6842.312234545218
2019-04-14 09:00:00,6839.894713453552
2019-04-14 09:30:00,6850.052698987356
2019-04-14 10:00:00,6788.769105449192
2019-04-14 10:30:00,6788.769105449192
2019-04-14 11:00:00,6789.691501421398
2019-04-14 11:30:00,6788.55986124621
2019-04-14 12:00:00,6800.112520525885
2019-04-14 12:30:00,6729.773345934861
2019-04-14 13:00:00,6811.969512932432
2019-04-14 13:30:00,6856.450964520447
2019-04-14 14:00:00,6972.400152991675
2019-04-14 14:30:00,6972.400152991675
2019-04-14 15:00:00,7010.932906792079
2019-04-14 15:30:00,7176.326805780462
2019-04-14 16:00:00,7291.814136043552
2019-04-14 16:30:00,7351.961373940599
2019-04-14 17:00:00,7613.222293808389
2019-04-14 17:30:00,7722.1632985368105
2019-04-14 18:00:00,8119.488682399188
2019-04-14 18:30:00,8243.639217992344
2019-04-14 19:00:00,8139.230954783828
2019-04-14 19:30:00,7866.158857013899
2019-04-14 20:00:00,7670.116551173539
2019-04-14 20:30:00,7561.411054473796
2019-04-14 21:00:00,7352.8131825842365
2019-04-14 21:30:00,7237.486842810338
2019-04-14 22:00:00,7045.214698945784
2019-04-14 22:30:00,6981.833126358429
2019-04-14 23:00:00,6860.395670175671
2019-04-14 23:30:00,6766.345449432826
2019-04-15 00:00:00,6904.201754309462
2019-04-15 00:30:00,6757.68205236786
2019-04-15 01:00:00,6581.123133719743
2019-04-15 01:30:00,6335.013459295481
2019-04-15 02:00:00,6239.339314475339
2019-04-15 02:30:00,5940.451363649979
2019-04-15 03:00:00,5951.620132385031
2019-04-15 03:30:00,5913.124072981038
2019-04-15 04:00:00,5936.816417027073
2019-04-15 04:30:00,5936.816417027073
2019-04-15 05:00:00,6281.3647299018685
2019-04-15 05:30:00,6409.411069477772
2019-04-15 06:00:00,6972.988033045352
2019-04-15 06:30:00,7299.08259138434
2019-04-15 07:00:00,7544.879086913329
2019-04-15 07:30:00,7891.263988117242
2019-04-15 08:00:00,7761.456761387031
2019-04-15 08:30:00,8116.024711661902
2019-04-15 09:00:00,8012.074057478899
2019-04-15 09:30:00,8014.788243207728
2019-04-15 10:00:00,8083.171703826043
2019-04-15 10:30:00,8022.2344269579335
2019-04-15 11:00:00,7828.247768532163
2019-04-15 11:30:00,7707.848912871626
2019-04-15 12:00:00,7831.8658229676585
2019-04-15 12:30:00,7785.485580937138
2019-04-15 13:00:00,7785.697787995929
2019-04-15 13:30:00,7575.594331702612
2019-04-15 14:00:00,7591.699690578276
2019-04-15 14:30:00,7767.676102806033
2019-04-15 15:00:00,7896.291340607146
2019-04-15 15:30:00,8063.838968142729
2019-04-15 16:00:00,8255.79314082557
2019-04-15 16:30:00,8453.84075581184
2019-04-15 17:00:00,8563.509034903802
2019-04-15 17:30:00,8781.789112323724
2019-04-15 18:00:00,8992.880220559664
2019-04-15 18:30:00,9171.035199463895
2019-04-15 19:00:00,8768.168801888796
2019-04-15 19:30:00,8552.903596445982
2019-04-15 20:00:00,8396.290183938654
2019-04-15 20:30:00,8221.915679394646
2019-04-15 21:00:00,8106.016342273158
2019-04-15 21:30:00,7983.9154096440925
2019-04-15 22:00:00,7925.683850716199
2019-04-15 22:30:00,7886.772525648639
2019-04-15 23:00:00,7651.629111952065
2019-04-15 23:30:00,7545.898405532057
2019-04-16 00:00:00,7392.105923963637
2019-04-16 00:30:00,7237.40943277967
2019-04-16 01:00:00,6932.743247676811
2019-04-16 01:30:00,6843.228065045352
2019-04-16 02:00:00,6673.9050706885855
2019-04-16 02:30:00,6426.958057665372
2019-04-16 03:00:00,6189.441097053133
2019-04-16 03:30:00,6099.089400068983
2019-04-16 04:00:00,6077.273574026257
2019-04-16 04:30:00,6096.072467123222
2019-04-16 05:00:00,6178.310275216314
2019-04-16 05:30:00,6495.6518678039065
2019-04-16 06:00:00,7036.903015225643
2019-04-16 06:30:00,7404.689545905299
2019-04-16 07:00:00,8001.55467216659
2019-04-16 07:30:00,7978.215580598766
2019-04-16 08:00:00,8093.198317148028
2019-04-16 08:30:00,8093.198317148028
2019-04-16 09:00:00,8324.820478600528
2019-04-16 09:30:00,8422.906671884974
2019-04-16 10:00:00,7952.049159741283
2019-04-16 10:30:00,7956.468092588412
2019-04-16 11:00:00,8059.905912342529
2019-04-16 11:30:00,8003.233716350545
2019-04-16 12:00:00,7918.402550244318
2019-04-16 12:30:00,7961.041197553538
2019-04-16 13:00:00,7975.970163874046
2019-04-16 13:30:00,8056.548832013554
2019-04-16 14:00:00,8094.695888734804
2019-04-16 14:30:00,8103.6709603877935
2019-04-16 15:00:00,8120.154785119044
2019-04-16 15:30:00,8255.565687818682
2019-04-16 16:00:00,8286.789752981524
2019-04-16 16:30:00,8370.924197057475
2019-04-16 17:00:00,8437.352170053626
2019-04-16 17:30:00,8581.58524259276
2019-04-16 18:00:00,8864.061305179832
2019-04-16 18:30:00,9013.753379968131
2019-04-16 19:00:00,8808.881602994574
2019-04-16 19:30:00,8551.898733806303
2019-04-16 20:00:00,8415.247820003973
2019-04-16 20:30:00,8201.506268284236
2019-04-16 21:00:00,8081.316125882101
2019-04-16 21:30:00,7928.458948786692
2019-04-16 22:00:00,7807.207428556558
2019-04-16 22:30:00,7872.609299780821
2019-04-16 23:00:00,7727.11187095908
2019-04-16 23:30:00,7679.493021313382
2019-04-17 00:00:00,7460.53310511835
2019-04-17 00:30:00,7219.70733524205
2019-04-17 01:00:00,7085.03724628921
2019-04-17 01:30:00,6894.678567814383
2019-04-17 02:00:00,6700.418886837551
2019-04-17 02:30:00,6413.4877509725
2019-04-17 03:00:00,6207.44615221331
2019-04-17 03:30:00,6110.229467554471
2019-04-17 04:00:00,6054.49036643761
2019-04-17 04:30:00,6124.971308370503
2019-04-17 05:00:00,6220.951933392883
2019-04-17 05:30:00,6460.817787967121
2019-04-17 06:00:00,6827.927973242729
2019-04-17 06:30:00,7133.97907586953
2019-04-17 07:00:00,7740.050008222708
2019-04-17 07:30:00,7794.859686059671
2019-04-17 08:00:00,7889.21766192735
2019-04-17 08:30:00,7910.721777337086
2019-04-17 09:00:00,8024.814094756348
2019-04-17 09:30:00,8075.822018230427
2019-04-17 10:00:00,7869.468042429405
2019-04-17 10:30:00,7893.099980762054
2019-04-17 11:00:00,7844.346656267954
2019-04-17 11:30:00,7844.346656267954
2019-04-17 12:00:00,7816.524710837586
2019-04-17 12:30:00,7807.371527098536
2019-04-17 13:00:00,7775.887370179866
2019-04-17 13:30:00,7823.607672257893
2019-04-17 14:00:00,7836.334562772715
2019-04-17 14:30:00,7936.374681416967
2019-04-17 15:00:00,8020.350269954135
2019-04-17 15:30:00,8099.632043499888
2019-04-17 16:00:00,8198.27429744307
2019-04-17 16:30:00,8269.299561334381
2019-04-17 17:00:00,8467.112047264489
2019-04-17 17:30:00,8570.324308526337
2019-04-17 18:00:00,8831.828165862113
2019-04-17 18:30:00,9027.755651534437
2019-04-17 19:00:00,8843.732104299828
2019-04-17 19:30:00,8592.14448656696
2019-04-17 20:00:00,8415.194962118761
2019-04-17 20:30:00,8249.108682814138
2019-04-17 21:00:00,8048.256679612627
2019-04-17 21:30:00,7861.160251892735
2019-04-17 22:00:00,7724.478293566014
2019-04-17 22:30:00,7733.002228833467
2019-04-17 23:00:00,7598.313753106179
2019-04-17 23:30:00,7559.634876172365
2019-04-18 00:00:00,7493.644857183194
2019-04-18 00:30:00,7338.8448113946
2019-04-18 01:00:00,7190.3463980449715
2019-04-18 01:30:00,6958.14849445685
2019-04-18 02:00:00,6714.617827050871
2019-04-18 02:30:00,6423.458171768769
2019-04-18 03:00:00,6294.160727933247
2019-04-18 03:30:00,6203.237641536366
2019-04-18 04:00:00,6134.941729166771
2019-04-18 04:30:00,6153.94969836324
2019-04-18 05:00:00,6265.55580088713
2019-04-18 05:30:00,6491.012669748267
2019-04-18 06:00:00,6932.439761389803
2019-04-18 06:30:00,7257.34507143913
2019-04-18 07:00:00,7811.115050993725
2019-04-18 07:30:00,7710.26026613811
2019-04-18 08:00:00,8002.098668691561
2019-04-18 08:30:00,7966.081246912999
2019-04-18 09:00:00,8072.729764527286
2019-04-18 09:30:00,8041.927841606413
2019-04-18 10:00:00,7839.014280927223
2019-04-18 10:30:00,7930.530464304023
2019-04-18 11:00:00,7908.507388148936
2019-04-18 11:30:00,7878.087651180429
2019-04-18 12:00:00,7950.881327557669
2019-04-18 12:30:00,7907.717326431254
2019-04-18 13:00:00,7979.036848364645
2019-04-18 13:30:00,7891.783748502853
2019-04-18 14:00:00,8011.563879869215
2019-04-18 14:30:00,8135.6299206433105
2019-04-18 15:00:00,8198.870208618175
2019-04-18 15:30:00,8280.015510863055
2019-04-18 16:00:00,8372.585845256279
2019-04-18 16:30:00,8436.740164187106
2019-04-18 17:00:00,8659.451400656839
2019-04-18 17:30:00,8790.362197417671
2019-04-18 18:00:00,9033.895475108688
2019-04-18 18:30:00,9170.310498833374
2019-04-18 19:00:00,9018.852239781041
2019-04-18 19:30:00,8752.103408966641
2019-04-18 20:00:00,8516.01529032972
2019-04-18 20:30:00,8419.445803713343
2019-04-18 21:00:00,8199.928994474592
2019-04-18 21:30:00,8013.085073176857
2019-04-18 22:00:00,7868.170998466197
2019-04-18 22:30:00,7924.726439657607
2019-04-18 23:00:00,7729.365529678576
2019-04-18 23:30:00,7667.519282989317
2019-04-19 00:00:00,6984.656268283732
2019-04-19 00:30:00,6922.548052038474
2019-04-19 01:00:00,6737.7668809458955
2019-04-19 01:30:00,6574.268639912074
2019-04-19 02:00:00,6359.309267950679
2019-04-19 02:30:00,6158.278213143476
2019-04-19 03:00:00,5988.3014502108
2019-04-19 03:30:00,5938.209424504766
2019-04-19 04:00:00,5897.905749762698
2019-04-19 04:30:00,5897.905749762698
2019-04-19 05:00:00,5962.28047764992
2019-04-19 05:30:00,6160.704874156681
2019-04-19 06:00:00,6172.773565885798
2019-04-19 06:30:00,6287.127574827048
2019-04-19 07:00:00,6608.470662931882
2019-04-19 07:30:00,6612.465295102463
2019-04-19 08:00:00,6951.28099824829
2019-04-19 08:30:00,6951.28099824829
2019-04-19 09:00:00,6994.813948554447
2019-04-19 09:30:00,6953.90902535697
2019-04-19 10:00:00,6956.655570237386
2019-04-19 10:30:00,6909.7370483701
2019-04-19 11:00:00,6934.6648338074865
2019-04-19 11:30:00,6868.5094729819375
2019-04-19 12:00:00,6975.762027019823
2019-04-19 12:30:00,7008.991409692391
2019-04-19 13:00:00,6994.557299500304
2019-04-19 13:30:00,7138.812576448594
2019-04-19 14:00:00,7093.893470435285
2019-04-19 14:30:00,7093.893470435285
2019-04-19 15:00:00,7235.826390718714
2019-04-19 15:30:00,7284.993855869294
2019-04-19 16:00:00,7195.524276931679
2019-04-19 16:30:00,7287.5817161405475
2019-04-19 17:00:00,7278.7358269995275
2019-04-19 17:30:00,7339.883640611339
2019-04-19 18:00:00,7490.2625831666655
2019-04-19 18:30:00,7542.86729829403
2019-04-19 19:00:00,7463.493861475999
2019-04-19 19:30:00,7292.363562355265
2019-04-19 20:00:00,7196.827961945187
2019-04-19 20:30:00,7158.215083159667
2019-04-19 21:00:00,7110.408582162166
2019-04-19 21:30:00,7008.152702447837
2019-04-19 22:00:00,6875.550758903709
2019-04-19 22:30:00,6939.076041540612
2019-04-19 23:00:00,6916.546234554945
2019-04-19 23:30:00,6867.224533322282
2019-04-20 00:00:00,7423.181615442314
2019-04-20 00:30:00,7224.280764666608
2019-04-20 01:00:00,7020.65629529457
2019-04-20 01:30:00,6917.009154085331
2019-04-20 02:00:00,6687.2713403833
2019-04-20 02:30:00,6437.793118270551
2019-04-20 03:00:00,6200.111303021566
2019-04-20 03:30:00,6064.311558518455
2019-04-20 04:00:00,5988.558460310951
2019-04-20 04:30:00,5972.991255992986
2019-04-20 05:00:00,5847.941351258115
2019-04-20 05:30:00,5889.95598085359
2019-04-20 06:00:00,6037.379172264401
2019-04-20 06:30:00,6104.14758656977
2019-04-20 07:00:00,6378.394729398038
2019-04-20 07:30:00,6441.339933002095
2019-04-20 08:00:00,6701.139604358393
2019-04-20 08:30:00,6770.828958377544
2019-04-20 09:00:00,7104.543827939859
2019-04-20 09:30:00,7167.60803058558
2019-04-20 10:00:00,6860.790998527756
2019-04-20 10:30:00,6890.651267179834
2019-04-20 11:00:00,6797.338991689705
2019-04-20 11:30:00,6792.273317780802
2019-04-20 12:00:00,6831.943568335427
2019-04-20 12:30:00,6836.206651850434
2019-04-20 13:00:00,6853.968261465794
2019-04-20 13:30:00,6853.968261465794
2019-04-20 14:00:00,6853.968003704077
2019-04-20 14:30:00,6888.617342170073
2019-04-20 15:00:00,6902.02295247541
2019-04-20 15:30:00,6996.7677893642585
2019-04-20 16:00:00,7107.498237646494
2019-04-20 16:30:00,7166.343020399056
2019-04-20 17:00:00,7470.310560493016
2019-04-20 17:30:00,7633.533029389025
2019-04-20 18:00:00,7727.098108223081
2019-04-20 18:30:00,7711.603124132142
2019-04-20 19:00:00,7803.199094657235
2019-04-20 19:30:00,7755.330301003695
2019-04-20 20:00:00,7512.475018973513
2019-04-20 20:30:00,7448.9141298751265
2019-04-20 21:00:00,7108.818956973543
2019-04-20 21:30:00,7053.128615526985
2019-04-20 22:00:00,6994.397456271361
2019-04-20 22:30:00,7071.422974829406
2019-04-20 23:00:00,7055.574004301581
2019-04-20 23:30:00,7055.574004301581
2019-04-21 00:00:00,6766.534432848648
2019-04-21 00:30:00,6583.288985304274
2019-04-21 01:00:00,6430.923547470675
2019-04-21 01:30:00,6259.013796629977
2019-04-21 02:00:00,6130.6477700679
2019-04-21 02:30:00,5911.344736168141
2019-04-21 03:00:00,5761.646180495928
2019-04-21 03:30:00,5694.457579347556
2019-04-21 04:00:00,5627.7820076873995
2019-04-21 04:30:00,5622.76830415887
2019-04-21 05:00:00,5653.780552004163
2019-04-21 05:30:00,5653.780552004163
2019-04-21 06:00:00,5637.719812278639
2019-04-21 06:30:00,5720.540414239212
2019-04-21 07:00:00,5657.728079741088
2019-04-21 07:30:00,5803.166683617748
2019-04-21 08:00:00,6261.8161251760675
2019-04-21 08:30:00,6326.107421750377
2019-04-21 09:00:00,6362.869207143202
2019-04-21 09:30:00,6495.741965073387
2019-04-21 10:00:00,6415.769180360169
2019-04-21 10:30:00,6457.319042377712
2019-04-21 11:00:00,6556.853555218837
2019-04-21 11:30:00,6538.8293339752545
2019-04-21 12:00:00,6535.846956995186
2019-04-21 12:30:00,6531.179662765293
2019-04-21 13:00:00,6579.666116771666
2019-04-21 13:30:00,6672.674504943155
2019-04-21 14:00:00,6717.907303974286
2019-04-21 14:30:00,6691.338497857224
2019-04-21 15:00:00,6832.193455419956
2019-04-21 15:30:00,6921.269233689677
2019-04-21 16:00:00,7050.434710567342
2019-04-21 16:30:00,7215.397297380343
2019-04-21 17:00:00,7402.80504711038
2019-04-21 17:30:00,7499.856722116483
2019-04-21 18:00:00,7779.008861217786
2019-04-21 18:30:00,7904.778644213422
2019-04-21 19:00:00,7769.541675973682
2019-04-21 19:30:00,7663.534749502839
2019-04-21 20:00:00,7457.234399479576
2019-04-21 20:30:00,7445.7755484323325
2019-04-21 21:00:00,7230.286199779209
2019-04-21 21:30:00,7139.754861098493
2019-04-21 22:00:00,6884.101144646584
2019-04-21 22:30:00,6884.101144646584
2019-04-21 23:00:00,6702.791290009137
2019-04-21 23:30:00,6702.791290009137
2019-04-22 00:00:00,6687.035610718258
2019-04-22 00:30:00,6443.710497917747
2019-04-22 01:00:00,6368.969415437769
2019-04-22 01:30:00,6135.028855976114
2019-04-22 02:00:00,6004.65685158925
2019-04-22 02:30:00,5791.622992366203
2019-04-22 03:00:00,5804.798687820245
2019-04-22 03:30:00,5743.596135526052
2019-04-22 04:00:00,5695.795215857333
2019-04-22 04:30:00,5695.795215857333
2019-04-22 05:00:00,5677.661215602918
2019-04-22 05:30:00,5779.126275737478
2019-04-22 06:00:00,5971.9291372873195
2019-04-22 06:30:00,6009.476797452431
2019-04-22 07:00:00,6080.622049352189
2019-04-22 07:30:00,6423.2944558003555
2019-04-22 08:00:00,6382.626307934717
2019-04-22 08:30:00,6694.94096398095
2019-04-22 09:00:00,6611.119168455785
2019-04-22 09:30:00,6622.234934778388
2019-04-22 10:00:00,6852.475870835262
2019-04-22 10:30:00,6851.599102622295
2019-04-22 11:00:00,6845.808759345057
2019-04-22 11:30:00,6713.020971430669
2019-04-22 12:00:00,6770.797470729954
2019-04-22 12:30:00,6791.021931714831
2019-04-22 13:00:00,6960.79837062781
2019-04-22 13:30:00,6976.846125165721
2019-04-22 14:00:00,6996.69607139384
2019-04-22 14:30:00,6985.707087215252
2019-04-22 15:00:00,7195.065663269686
2019-04-22 15:30:00,7489.507552766952
2019-04-22 16:00:00,7605.695090968297
2019-04-22 16:30:00,7679.832506331364
2019-04-22 17:00:00,7655.288838399226
2019-04-22 17:30:00,7670.537481646252
2019-04-22 18:00:00,7934.274736147008
2019-04-22 18:30:00,8051.719419625122
2019-04-22 19:00:00,7825.057114757527
2019-04-22 19:30:00,7696.455237901566
2019-04-22 20:00:00,7430.59053246276
2019-04-22 20:30:00,7569.813388057462
2019-04-22 21:00:00,7501.064491779645
2019-04-22 21:30:00,7252.098130191472
2019-04-22 22:00:00,7221.500157721575
2019-04-22 22:30:00,7287.669378569822
2019-04-22 23:00:00,7231.784004997881
2019-04-22 23:30:00,7040.3426446236035
2019-04-23 00:00:00,7341.5897660142755
2019-04-23 00:30:00,7080.469854908955
2019-04-23 01:00:00,6840.71216656439
2019-04-23 01:30:00,6714.729809362775
2019-04-23 02:00:00,6523.443789621214
2019-04-23 02:30:00,6281.911131832044
2019-04-23 03:00:00,6041.850057700482
2019-04-23 03:30:00,6000.418524694492
2019-04-23 04:00:00,5978.602698651765
2019-04-23 04:30:00,5978.602698651765
2019-04-23 05:00:00,6055.459921723022
2019-04-23 05:30:00,6142.785941556672
2019-04-23 06:00:00,6419.085495659974
2019-04-23 06:30:00,6618.771434508817
2019-04-23 07:00:00,7367.567613507435
2019-04-23 07:30:00,7452.248008931499
2019-04-23 08:00:00,7471.181290998704
2019-04-23 08:30:00,7808.705571922132
2019-04-23 09:00:00,7925.407984318032
2019-04-23 09:30:00,8051.820646251878
2019-04-23 10:00:00,7605.38794571074
2019-04-23 10:30:00,7624.150909968988
2019-04-23 11:00:00,7611.216335585342
2019-04-23 11:30:00,7611.216335585342
2019-04-23 12:00:00,7546.777862680063
2019-04-23 12:30:00,7540.7431563187165
2019-04-23 13:00:00,7639.840869727559
2019-04-23 13:30:00,7689.775562080402
2019-04-23 14:00:00,7718.670907768585
2019-04-23 14:30:00,7771.215277664881
2019-04-23 15:00:00,7796.767745425224
2019-04-23 15:30:00,7962.627396493764
2019-04-23 16:00:00,8004.458015630009
2019-04-23 16:30:00,8123.143942411907
2019-04-23 17:00:00,8250.380472867464
2019-04-23 17:30:00,8360.905777740687
2019-04-23 18:00:00,8546.062110774832
2019-04-23 18:30:00,8613.59362454213
2019-04-23 19:00:00,8348.578748128139
2019-04-23 19:30:00,8228.67086965607
2019-04-23 20:00:00,8054.128869392298
2019-04-23 20:30:00,7888.611612147407
2019-04-23 21:00:00,7671.559543179476
2019-04-23 21:30:00,7586.111325898902
2019-04-23 22:00:00,7513.836356788631
2019-04-23 22:30:00,7575.412234766561
2019-04-23 23:00:00,7505.135932824351
2019-04-23 23:30:00,7437.735668507665
2019-04-24 00:00:00,7108.495500912513
2019-04-24 00:30:00,6981.108817540562
2019-04-24 01:00:00,6894.678567814383
2019-04-24 01:30:00,6686.7002159467975
2019-04-24 02:00:00,6470.313941020285
2019-04-24 02:30:00,6230.448086446047
2019-04-24 03:00:00,6050.167322509267
2019-04-24 03:30:00,5982.978721360895
2019-04-24 04:00:00,5972.442146591412
2019-04-24 04:30:00,5972.442146591412
2019-04-24 05:00:00,6097.610017651746
2019-04-24 05:30:00,6226.219336698009
2019-04-24 06:00:00,6586.205077712473
2019-04-24 06:30:00,6886.56098203746
2019-04-24 07:00:00,7425.202621796652
2019-04-24 07:30:00,7674.869147614344
2019-04-24 08:00:00,7833.3599775904395
2019-04-24 08:30:00,7833.626663009098
2019-04-24 09:00:00,8028.724916501483
2019-04-24 09:30:00,8108.343964980075
2019-04-24 10:00:00,8033.371354315242
2019-04-24 10:30:00,8105.0756321236895
2019-04-24 11:00:00,8037.670525861831
2019-04-24 11:30:00,7968.537268995854
2019-04-24 12:00:00,7996.6678907478445
2019-04-24 12:30:00,7953.206669164307
2019-04-24 13:00:00,8040.005994669425
2019-04-24 13:30:00,8108.035567666055
2019-04-24 14:00:00,8081.983803816198
2019-04-24 14:30:00,8126.419005254973
2019-04-24 15:00:00,8170.2238983921625
2019-04-24 15:30:00,8184.456246397654
2019-04-24 16:00:00,8345.425357705599
2019-04-24 16:30:00,8390.920044584474
2019-04-24 17:00:00,8516.560588801725
2019-04-24 17:30:00,8618.349761805777
2019-04-24 18:00:00,8971.46522854727
2019-04-24 18:30:00,8906.639828197909
2019-04-24 19:00:00,8690.018864761465
2019-04-24 19:30:00,8447.127940609915
2019-04-24 20:00:00,8256.552482619112
2019-04-24 20:30:00,8102.535053628547
2019-04-24 21:00:00,7925.159492889121
2019-04-24 21:30:00,7731.922093370989
2019-04-24 22:00:00,7607.881063372054
2019-04-24 22:30:00,7666.919260626068
2019-04-24 23:00:00,7491.954399953808
2019-04-24 23:30:00,7376.15419397432
2019-04-25 00:00:00,7031.333835938573
2019-04-25 00:30:00,6911.64614334714
2019-04-25 01:00:00,6708.9322142955525
2019-04-25 01:30:00,6554.439022605161
2019-04-25 02:00:00,6377.359561545957
2019-04-25 02:30:00,6204.753560166478
2019-04-25 03:00:00,5967.419138441047
2019-04-25 03:30:00,5948.411169244579
2019-04-25 04:00:00,5868.377797824843
2019-04-25 04:30:00,5879.0088971056175
2019-04-25 05:00:00,5883.819911413368
2019-04-25 05:30:00,6033.8870331731
2019-04-25 06:00:00,6326.336725487757
2019-04-25 06:30:00,6320.74330769652
2019-04-25 07:00:00,6584.083394032284
2019-04-25 07:30:00,6590.313497404414
2019-04-25 08:00:00,6899.646850293265
2019-04-25 08:30:00,6919.029570617145
2019-04-25 09:00:00,7223.128173769029
2019-04-25 09:30:00,7089.57545575372
2019-04-25 10:00:00,7247.434085265434
2019-04-25 10:30:00,7164.44406891865
2019-04-25 11:00:00,7193.215069027294
2019-04-25 11:30:00,7076.265631938015
2019-04-25 12:00:00,7141.0639425155505
2019-04-25 12:30:00,7082.025745261538
2019-04-25 13:00:00,7084.609550924633
2019-04-25 13:30:00,7154.348292801935
2019-04-25 14:00:00,7164.019925742117
2019-04-25 14:30:00,7276.303070619488
2019-04-25 15:00:00,7278.835827566954
2019-04-25 15:30:00,7353.092956109936
2019-04-25 16:00:00,7436.539363787841
2019-04-25 16:30:00,7411.324438206095
2019-04-25 17:00:00,7534.066942758238
2019-04-25 17:30:00,7568.76487491744
2019-04-25 18:00:00,7884.346522879609
2019-04-25 18:30:00,7909.217980414544
2019-04-25 19:00:00,7786.634343831766
2019-04-25 19:30:00,7755.3223983732005
2019-04-25 20:00:00,7612.928666631021
2019-04-25 20:30:00,7513.44580495649
2019-04-25 21:00:00,7170.5333178618885
2019-04-25 21:30:00,7107.975748953233
2019-04-25 22:00:00,7090.702148557748
2019-04-25 22:30:00,7044.45046631633
2019-04-25 23:00:00,7009.901415859276
2019-04-25 23:30:00,7009.901415859276
2019-04-26 00:00:00,7327.7027051617015
2019-04-26 00:30:00,7186.405481487916
2019-04-26 01:00:00,7014.421248557304
2019-04-26 01:30:00,6893.708963831639
2019-04-26 02:00:00,6583.665412618021
2019-04-26 02:30:00,6321.930477045483
2019-04-26 03:00:00,6142.887272925213
2019-04-26 03:30:00,6047.732918718255
2019-04-26 04:00:00,5984.267216932025
2019-04-26 04:30:00,5980.038697514974
2019-04-26 05:00:00,6058.755821500978
2019-04-26 05:30:00,6108.741482493955
2019-04-26 06:00:00,6344.343463191607
2019-04-26 06:30:00,6427.750255890493
2019-04-26 07:00:00,7081.850231484642
2019-04-26 07:30:00,7081.850231484642
2019-04-26 08:00:00,7042.951133640226
2019-04-26 08:30:00,7181.937917865932
2019-04-26 09:00:00,7283.66394552387
2019-04-26 09:30:00,7321.103477453397
2019-04-26 10:00:00,6813.49290628724
2019-04-26 10:30:00,6897.189999460741
2019-04-26 11:00:00,6816.631606239644
2019-04-26 11:30:00,6857.442637521424
2019-04-26 12:00:00,6979.200770022378
2019-04-26 12:30:00,7061.534596259388
2019-04-26 13:00:00,7133.962050224541
2019-04-26 13:30:00,7180.500505309341
2019-04-26 14:00:00,7202.24853841586
2019-04-26 14:30:00,7232.588286283189
2019-04-26 15:00:00,7291.205098121258
2019-04-26 15:30:00,7324.126500585983
2019-04-26 16:00:00,7492.967263055025
2019-04-26 16:30:00,7636.407648003074
2019-04-26 17:00:00,7759.240173552183
2019-04-26 17:30:00,7923.677486290564
2019-04-26 18:00:00,8125.526926027988
2019-04-26 18:30:00,8234.261515879953
2019-04-26 19:00:00,8010.907906978683
2019-04-26 19:30:00,7722.611132553821
2019-04-26 20:00:00,7542.737050918444
2019-04-26 20:30:00,7525.059931911941
2019-04-26 21:00:00,7558.486559024635
2019-04-26 21:30:00,7328.883200087801
2019-04-26 22:00:00,7225.988532083717
2019-04-26 22:30:00,7225.988532083717
2019-04-26 23:00:00,7116.881706710331
2019-04-26 23:30:00,7073.074190807239
2019-04-27 00:00:00,7020.225602547864
2019-04-27 00:30:00,6916.248568806834
2019-04-27 01:00:00,6714.821093407811
2019-04-27 01:30:00,6586.527698965713
2019-04-27 02:00:00,6268.055606408797
2019-04-27 02:30:00,6017.219499236534
2019-04-27 03:00:00,5834.034189988632
2019-04-27 03:30:00,5738.274922512285
2019-04-27 04:00:00,5725.680226243709
2019-04-27 04:30:00,5725.680226243709
2019-04-27 05:00:00,5673.856599279096
2019-04-27 05:30:00,5738.843928742079
2019-04-27 06:00:00,6032.954280788169
2019-04-27 06:30:00,6349.355531623799
2019-04-27 07:00:00,6875.139703412702
2019-04-27 07:30:00,6855.27637723783
2019-04-27 08:00:00,7049.329124205412
2019-04-27 08:30:00,7162.8855334840655
2019-04-27 09:00:00,7584.612680334499
2019-04-27 09:30:00,7668.724823175888
2019-04-27 10:00:00,7183.676258740903
2019-04-27 10:30:00,7140.933371921964
2019-04-27 11:00:00,7146.418338919609
2019-04-27 11:30:00,7091.556519465555
2019-04-27 12:00:00,7090.509983208607
2019-04-27 12:30:00,7100.792964035331
2019-04-27 13:00:00,7130.74680699687
2019-04-27 13:30:00,7101.328462205403
2019-04-27 14:00:00,7116.749056808766
2019-04-27 14:30:00,7133.887462857087
2019-04-27 15:00:00,7204.6085919857705
2019-04-27 15:30:00,7305.623698518766
2019-04-27 16:00:00,7371.710587226528
2019-04-27 16:30:00,7440.746873628354
2019-04-27 17:00:00,7531.387206382431
2019-04-27 17:30:00,7706.338980644497
2019-04-27 18:00:00,8084.132242741973
2019-04-27 18:30:00,8026.0667168545515
2019-04-27 19:00:00,7883.380210661857
2019-04-27 19:30:00,7697.3731524906425
2019-04-27 20:00:00,7534.630056438896
2019-04-27 20:30:00,7497.425478143309
2019-04-27 21:00:00,7267.283265118538
2019-04-27 21:30:00,7188.756789144033
2019-04-27 22:00:00,7108.809930784447
2019-04-27 22:30:00,7174.765250954193
2019-04-27 23:00:00,7081.529805659735
2019-04-27 23:30:00,7042.5299658506265
2019-04-28 00:00:00,6954.912894214286
2019-04-28 00:30:00,6834.008279978539
2019-04-28 01:00:00,6682.2539699173885
2019-04-28 01:30:00,6491.670515238489
2019-04-28 02:00:00,6287.376804803939
2019-04-28 02:30:00,6083.557310597553
2019-04-28 03:00:00,5957.854717849777
2019-04-28 03:30:00,5824.784506264649
2019-04-28 04:00:00,5792.1448881010765
2019-04-28 04:30:00,5758.794323681011
2019-04-28 05:00:00,5821.83792671716
2019-04-28 05:30:00,5885.31128547488
2019-04-28 06:00:00,5989.350044244307
2019-04-28 06:30:00,6123.681135627026
2019-04-28 07:00:00,6231.612079716211
2019-04-28 07:30:00,6308.069002376357
2019-04-28 08:00:00,6642.246306290588
2019-04-28 08:30:00,6604.365596757246
2019-04-28 09:00:00,6700.4567818122705
2019-04-28 09:30:00,6700.4567818122705
2019-04-28 10:00:00,6681.901698700915
2019-04-28 10:30:00,6616.47184578713
2019-04-28 11:00:00,6619.730853896688
2019-04-28 11:30:00,6481.370008812095
2019-04-28 12:00:00,6539.19765708607
2019-04-28 12:30:00,6526.499207204106
2019-04-28 13:00:00,6535.149952372479
2019-04-28 13:30:00,6469.585226362967
2019-04-28 14:00:00,6484.77407735113
2019-04-28 14:30:00,6550.338803360642
2019-04-28 15:00:00,6658.3923283108725
2019-04-28 15:30:00,6743.1064634509785
2019-04-28 16:00:00,6915.011569382194
2019-04-28 16:30:00,7116.643759863445
2019-04-28 17:00:00,7441.79095352814
2019-04-28 17:30:00,7663.624511918608
2019-04-28 18:00:00,8163.472721119463
2019-04-28 18:30:00,8240.580715731718
2019-04-28 19:00:00,8133.989681938985
2019-04-28 19:30:00,7948.170684030849
2019-04-28 20:00:00,7746.851555508548
2019-04-28 20:30:00,7669.0098421288085
2019-04-28 21:00:00,7446.0846495778915
2019-04-28 21:30:00,7426.049141886274
2019-04-28 22:00:00,7185.757156467362
2019-04-28 22:30:00,7185.757156467362
2019-04-28 23:00:00,7003.585902101045
2019-04-28 23:30:00,7003.585902101045
2019-04-29 00:00:00,7097.927634449619
2019-04-29 00:30:00,6881.734108197545
2019-04-29 01:00:00,6810.664194253391
2019-04-29 01:30:00,6554.052601524173
2019-04-29 02:00:00,6367.874355872408
2019-04-29 02:30:00,6130.125370479897
2019-04-29 03:00:00,6021.061726460791
2019-04-29 03:30:00,5964.223447209062
2019-04-29 04:00:00,6053.3875282729305
2019-04-29 04:30:00,6009.913538838119
2019-04-29 05:00:00,6329.410362201724
2019-04-29 05:30:00,6379.239483609861
2019-04-29 06:00:00,6934.515454054591
2019-04-29 06:30:00,7270.569342794627
2019-04-29 07:00:00,7736.518547154473
2019-04-29 07:30:00,8237.346050598217
2019-04-29 08:00:00,8153.092446566232
2019-04-29 08:30:00,8036.32250961021
2019-04-29 09:00:00,7750.795194284015
2019-04-29 09:30:00,7768.719202497178
2019-04-29 10:00:00,7694.83404199802
2019-04-29 10:30:00,7614.963812374387
2019-04-29 11:00:00,7386.7572408654405
2019-04-29 11:30:00,7222.558007968238
2019-04-29 12:00:00,7146.300635154827
2019-04-29 12:30:00,7299.394674712776
2019-04-29 13:00:00,7238.943304179454
2019-04-29 13:30:00,7195.841188460904
2019-04-29 14:00:00,7383.019278408815
2019-04-29 14:30:00,7441.077483284304
2019-04-29 15:00:00,7668.727881941818
2019-04-29 15:30:00,7772.359784417159
2019-04-29 16:00:00,8107.683033518468
2019-04-29 16:30:00,8492.31311064528
2019-04-29 17:00:00,8619.21134355511
2019-04-29 17:30:00,8837.587403505791
2019-04-29 18:00:00,9280.709437145262
2019-04-29 18:30:00,9444.128961149967
2019-04-29 19:00:00,9087.292783092043
2019-04-29 19:30:00,8877.92246326894
2019-04-29 20:00:00,8626.185606495934
2019-04-29 20:30:00,8484.920552270765
2019-04-29 21:00:00,8256.223856536728
2019-04-29 21:30:00,8167.327879543617
2019-04-29 22:00:00,8063.7979451883375
2019-04-29 22:30:00,8059.430214242064
2019-04-29 23:00:00,7971.324878273232
2019-04-29 23:30:00,7855.6447371246095
2019-04-30 00:00:00,7704.931483537623
2019-04-30 00:30:00,7520.400706018669
2019-04-30 01:00:00,7281.535049552831
2019-04-30 01:30:00,6992.314609363305
2019-04-30 02:00:00,6860.925450057709
2019-04-30 02:30:00,6627.9209703387605
2019-04-30 03:00:00,6413.693667159879
2019-04-30 03:30:00,6295.789610541433
2019-04-30 04:00:00,6187.463354097693
2019-04-30 04:30:00,6342.03948927891
2019-04-30 05:00:00,6445.9149693907875
2019-04-30 05:30:00,6743.781425698753
2019-04-30 06:00:00,7337.574852423631
2019-04-30 06:30:00,7708.7056259251
2019-04-30 07:00:00,8165.25282780077
2019-04-30 07:30:00,8323.76399309506
2019-04-30 08:00:00,8464.22053661388
2019-04-30 08:30:00,8441.126525868676
2019-04-30 09:00:00,8298.338238129441
2019-04-30 09:30:00,8220.496992221835
2019-04-30 10:00:00,8121.698896292949
2019-04-30 10:30:00,8130.281069282734
2019-04-30 11:00:00,8178.92967936305
2019-04-30 11:30:00,8054.682478048917
2019-04-30 12:00:00,8061.13552765238
2019-04-30 12:30:00,8012.783762665955
2019-04-30 13:00:00,8096.538675373974
2019-04-30 13:30:00,8079.946790016817
2019-04-30 14:00:00,8083.520496792589
2019-04-30 14:30:00,8170.773596654381
2019-04-30 15:00:00,8234.653502066461
2019-04-30 15:30:00,8255.000601314709
2019-04-30 16:00:00,8352.5991406357
2019-04-30 16:30:00,8454.976475245392
2019-04-30 17:00:00,8557.45309285822
2019-04-30 17:30:00,8816.306705269348
2019-04-30 18:00:00,9238.4905325217
2019-04-30 18:30:00,9238.4905325217
2019-04-30 19:00:00,9148.722081003638
2019-04-30 19:30:00,8834.019962181565
2019-04-30 20:00:00,8615.765350775326
2019-04-30 20:30:00,8458.898395189244
2019-04-30 21:00:00,8291.979302324895
2019-04-30 21:30:00,8147.641323752935
2019-04-30 22:00:00,8025.48059685132
2019-04-30 22:30:00,8086.732619297043
2019-04-30 23:00:00,7873.308736307295
2019-04-30 23:30:00,7864.784801039842
2019-05-01 00:00:00,7723.978494806295
2019-05-01 00:30:00,7523.026572067437
2019-05-01 01:00:00,7317.473745215969
2019-05-01 01:30:00,7090.144383449938
2019-05-01 02:00:00,6907.794148321148
2019-05-01 02:30:00,6634.440006303543
2019-05-01 03:00:00,6468.415085516102
2019-05-01 03:30:00,6365.498438155774
2019-05-01 04:00:00,6275.9170478739115
2019-05-01 04:30:00,6272.164249810618
2019-05-01 05:00:00,6388.227972904183
2019-05-01 05:30:00,6700.954345298471
2019-05-01 06:00:00,6955.89094285634
2019-05-01 06:30:00,7506.050437705447
2019-05-01 07:00:00,8052.803315116799
2019-05-01 07:30:00,8259.57946465315
2019-05-01 08:00:00,8321.839726914372
2019-05-01 08:30:00,8227.744449337766
2019-05-01 09:00:00,8062.407207476236
2019-05-01 09:30:00,7951.810289413838
2019-05-01 10:00:00,7908.567396661262
2019-05-01 10:30:00,7986.119510522399
2019-05-01 11:00:00,7822.8969266930135
2019-05-01 11:30:00,7814.372991425561
2019-05-01 12:00:00,7770.829733147104
2019-05-01 12:30:00,7699.190925110953
2019-05-01 13:00:00,7714.805507757248
2019-05-01 13:30:00,7834.158349925737
2019-05-01 14:00:00,7963.122698307915
2019-05-01 14:30:00,8026.59770595549
2019-05-01 15:00:00,8141.422682982156
2019-05-01 15:30:00,8173.043858387419
2019-05-01 16:00:00,8303.744973721945
2019-05-01 16:30:00,8397.84025129855
2019-05-01 17:00:00,8546.908458253998
2019-05-01 17:30:00,8833.421186068532
2019-05-01 18:00:00,9267.40600371547
2019-05-01 18:30:00,9206.251567615056
2019-05-01 19:00:00,9100.088122670668
2019-05-01 19:30:00,8789.241523813927
2019-05-01 20:00:00,8591.340329995208
2019-05-01 20:30:00,8447.290310327297
2019-05-01 21:00:00,8241.813256616702
2019-05-01 21:30:00,8072.038416089736
2019-05-01 22:00:00,7879.97162240587
2019-05-01 22:30:00,7877.257436677041
2019-05-01 23:00:00,7729.298784150371
2019-05-01 23:30:00,7606.967138085511
2019-05-02 00:00:00,7680.155691317427
2019-05-02 00:30:00,7481.213335614685
2019-05-02 01:00:00,7191.225015788648
2019-05-02 01:30:00,6995.803631421631
2019-05-02 02:00:00,6863.601357347523
2019-05-02 02:30:00,6584.004734899249
2019-05-02 03:00:00,6375.468858952043
2019-05-02 03:30:00,6295.039345676923
2019-05-02 04:00:00,6154.828316106917
2019-05-02 04:30:00,6231.566923547095
2019-05-02 05:00:00,6331.017601210803
2019-05-02 05:30:00,6588.999738720047
2019-05-02 06:00:00,6897.410020577406
2019-05-02 06:30:00,7395.485076242165
2019-05-02 07:00:00,7872.065125774186
2019-05-02 07:30:00,8060.601641216752
2019-05-02 08:00:00,8306.922019572998
2019-05-02 08:30:00,8333.866572431376
2019-05-02 09:00:00,8349.88153151578
2019-05-02 09:30:00,8322.936978657403
2019-05-02 10:00:00,8330.08008022689
2019-05-02 10:30:00,8333.990901972023
2019-05-02 11:00:00,8313.549702930502
2019-05-02 11:30:00,8250.30979995741
2019-05-02 12:00:00,8187.239587892487
2019-05-02 12:30:00,8094.168261883342
2019-05-02 13:00:00,8063.332841722211
2019-05-02 13:30:00,8078.973476508293
2019-05-02 14:00:00,8157.482638778306
2019-05-02 14:30:00,8288.054797084715
2019-05-02 15:00:00,8320.840224762958
2019-05-02 15:30:00,8318.043719541134
2019-05-02 16:00:00,8506.216191457508
2019-05-02 16:30:00,8594.976157142595
2019-05-02 17:00:00,8762.432801440547
2019-05-02 17:30:00,8992.344870579058
2019-05-02 18:00:00,9352.22710039884
2019-05-02 18:30:00,9295.93477355472
2019-05-02 19:00:00,9102.199097817143
2019-05-02 19:30:00,8863.957093742418
2019-05-02 20:00:00,8608.23412320953
2019-05-02 20:30:00,8502.810423699564
2019-05-02 21:00:00,8249.929280388573
2019-05-02 21:30:00,8073.907276072935
2019-05-02 22:00:00,7881.84048238907
2019-05-02 22:30:00,7881.84048238907
2019-05-02 23:00:00,7743.0350136014495
2019-05-02 23:30:00,7678.032180856528
2019-05-03 00:00:00,7609.9753878305155
2019-05-03 00:30:00,7470.071229381787
2019-05-03 01:00:00,7239.998401859657
2019-05-03 01:30:00,7046.067726559468
2019-05-03 02:00:00,6800.340494339586
2019-05-03 02:30:00,6584.544030361698
2019-05-03 03:00:00,6372.877827941002
2019-05-03 03:30:00,6250.337606440193
2019-05-03 04:00:00,6194.55960697641
2019-05-03 04:30:00,6194.55960697641
2019-05-03 05:00:00,6332.178645256744
2019-05-03 05:30:00,6590.160782765988
2019-05-03 06:00:00,6899.200144595129
2019-05-03 06:30:00,7384.3429700092665
2019-05-03 07:00:00,7945.289164322301
2019-05-03 07:30:00,8093.951176232553
2019-05-03 08:00:00,8228.629188621871
2019-05-03 08:30:00,8330.168266003451
2019-05-03 09:00:00,8316.277414478574
2019-05-03 09:30:00,8387.338960941936
2019-05-03 10:00:00,8207.183371521376
2019-05-03 10:30:00,8161.554886064237
2019-05-03 11:00:00,8196.547528195622
2019-05-03 11:30:00,8199.86850374381
2019-05-03 12:00:00,8178.284673856621
2019-05-03 12:30:00,8178.284673856621
2019-05-03 13:00:00,8283.836034453476
2019-05-03 13:30:00,8393.04028695318
2019-05-03 14:00:00,8445.477431793526
2019-05-03 14:30:00,8467.44422884933
2019-05-03 15:00:00,8500.142490748618
2019-05-03 15:30:00,8468.340598029708
2019-05-03 16:00:00,8540.051139759951
2019-05-03 16:30:00,8644.981864521507
2019-05-03 17:00:00,8649.371316865481
2019-05-03 17:30:00,8901.463281000222
2019-05-03 18:00:00,9100.774667901216
2019-05-03 18:30:00,9072.69465102811
2019-05-03 19:00:00,8885.076373493384
2019-05-03 19:30:00,8576.323214320922
2019-05-03 20:00:00,8392.17727357658
2019-05-03 20:30:00,8242.269494279682
2019-05-03 21:00:00,8298.973928594403
2019-05-03 21:30:00,8039.071072045893
2019-05-03 22:00:00,7941.322624626521
2019-05-03 22:30:00,7941.322624626521
2019-05-03 23:00:00,7747.860642440979
2019-05-03 23:30:00,7674.333874428605
2019-05-04 00:00:00,7437.3189622599175
2019-05-04 00:30:00,7291.383747896418
2019-05-04 01:00:00,7060.208561944288
2019-05-04 01:30:00,6936.3844492482485
2019-05-04 02:00:00,6596.128820187584
2019-05-04 02:30:00,6392.934137221366
2019-05-04 03:00:00,6167.711741410862
2019-05-04 03:30:00,6027.915674397625
2019-05-04 04:00:00,5979.999320453396
2019-05-04 04:30:00,6002.206101728242
2019-05-04 05:00:00,5949.015144067027
2019-05-04 05:30:00,6128.132785285424
2019-05-04 06:00:00,6332.117917965601
2019-05-04 06:30:00,6591.878122916506
2019-05-04 07:00:00,6958.054201651225
2019-05-04 07:30:00,7033.716130971846
2019-05-04 08:00:00,7509.515669315025
2019-05-04 08:30:00,7626.544310202926
2019-05-04 09:00:00,7694.279571411254
2019-05-04 09:30:00,7649.921256891245
2019-05-04 10:00:00,7702.971570766926
2019-05-04 10:30:00,7654.350172731909
2019-05-04 11:00:00,7735.544749439888
2019-05-04 11:30:00,7759.399930395463
2019-05-04 12:00:00,7812.610010565008
2019-05-04 12:30:00,7784.091978266132
2019-05-04 13:00:00,7740.150713340112
2019-05-04 13:30:00,7674.379671288561
2019-05-04 14:00:00,7679.516233600359
2019-05-04 14:30:00,7679.516233600359
2019-05-04 15:00:00,7686.703928473735
2019-05-04 15:30:00,7679.516233600359
2019-05-04 16:00:00,7760.466220262329
2019-05-04 16:30:00,7792.083228003176
2019-05-04 17:00:00,7953.681546199899
2019-05-04 17:30:00,8007.900149193169
2019-05-04 18:00:00,8360.898161497667
2019-05-04 18:30:00,8296.046435426268
2019-05-04 19:00:00,8184.449907210308
2019-05-04 19:30:00,7956.7780277778575
2019-05-04 20:00:00,7686.99128294851
2019-05-04 20:30:00,7671.290934984722
2019-05-04 21:00:00,7470.23019020255
2019-05-04 21:30:00,7459.863212281207
2019-05-04 22:00:00,7408.597396205234
2019-05-04 22:30:00,7436.097323127392
2019-05-04 23:00:00,7395.383274368556
2019-05-04 23:30:00,7354.682102052419
2019-05-05 00:00:00,7179.0302301665315
2019-05-05 00:30:00,7126.334362795375
2019-05-05 01:00:00,6951.711431971177
2019-05-05 01:30:00,6763.413412022282
2019-05-05 02:00:00,6511.786770067533
2019-05-05 02:30:00,6266.58208855826
2019-05-05 03:00:00,6096.81519428689
2019-05-05 03:30:00,5972.096142816895
2019-05-05 04:00:00,5896.420187271115
2019-05-05 04:30:00,5896.420187271115
2019-05-05 05:00:00,5929.012554217115
2019-05-05 05:30:00,5975.346234376366
2019-05-05 06:00:00,6028.604238260325
2019-05-05 06:30:00,6225.624509159608
2019-05-05 07:00:00,6355.011426327501
2019-05-05 07:30:00,6546.667857995103
2019-05-05 08:00:00,6851.464626564531
2019-05-05 08:30:00,7023.313605473714
2019-05-05 09:00:00,7109.504115760218
2019-05-05 09:30:00,7267.236880446749
2019-05-05 10:00:00,7291.197242909302
2019-05-05 10:30:00,7232.1590456552885
2019-05-05 11:00:00,7125.494398602649
2019-05-05 11:30:00,7010.735936774913
2019-05-05 12:00:00,6915.044621045931
2019-05-05 12:30:00,6834.63037863953
2019-05-05 13:00:00,6897.287624988512
2019-05-05 13:30:00,6826.871830080661
2019-05-05 14:00:00,6863.642636190765
2019-05-05 14:30:00,6927.866252567148
2019-05-05 15:00:00,6873.492201496218
2019-05-05 15:30:00,7077.782276429862
2019-05-05 16:00:00,7252.596810502466
2019-05-05 16:30:00,7424.279982597399
2019-05-05 17:00:00,7681.992535877359
2019-05-05 17:30:00,7984.115893652528
2019-05-05 18:00:00,8414.277825431132
2019-05-05 18:30:00,8421.46552030451
2019-05-05 19:00:00,8401.756769290538
2019-05-05 19:30:00,8189.895172146102
2019-05-05 20:00:00,7995.284817063758
2019-05-05 20:30:00,7829.717921822725
2019-05-05 21:00:00,7510.448521477493
2019-05-05 21:30:00,7440.254193588228
2019-05-05 22:00:00,7268.99403280781
2019-05-05 22:30:00,7275.31412538945
2019-05-05 23:00:00,7064.369834462566
2019-05-05 23:30:00,7004.463038563071
2019-05-06 00:00:00,7114.407511279232
2019-05-06 00:30:00,6881.734108197545
2019-05-06 01:00:00,6835.185217754251
2019-05-06 01:30:00,6647.710811923385
2019-05-06 02:00:00,6504.315015273847
2019-05-06 02:30:00,6212.138546520728
2019-05-06 03:00:00,6043.415259676752
2019-05-06 03:30:00,5975.945881144248
2019-05-06 04:00:00,6041.789265327892
2019-05-06 04:30:00,6041.789265327892
2019-05-06 05:00:00,6442.65802355936
2019-05-06 05:30:00,6489.889535576156
2019-05-06 06:00:00,7030.18063711689
2019-05-06 06:30:00,7379.880696221669
2019-05-06 07:00:00,8022.583996281989
2019-05-06 07:30:00,8244.700753587129
2019-05-06 08:00:00,8248.623736856718
2019-05-06 08:30:00,8281.595999592475
2019-05-06 09:00:00,7927.554904566186
2019-05-06 09:30:00,7959.197389412836
2019-05-06 10:00:00,7869.423448155287
2019-05-06 10:30:00,7966.228859014196
2019-05-06 11:00:00,7763.176277915695
2019-05-06 11:30:00,7576.564269354685
2019-05-06 12:00:00,7643.57508333161
2019-05-06 12:30:00,7553.01823792123
2019-05-06 13:00:00,7722.144672972158
2019-05-06 13:30:00,7840.462561279519
2019-05-06 14:00:00,8121.28620857918
2019-05-06 14:30:00,8181.383129404635
2019-05-06 15:00:00,8231.749574644844
2019-05-06 15:30:00,8399.090247774962
2019-05-06 16:00:00,8492.553630648772
2019-05-06 16:30:00,8653.872617593019
2019-05-06 17:00:00,8845.840394013723
2019-05-06 17:30:00,9182.80478103638
2019-05-06 18:00:00,9546.224608324594
2019-05-06 18:30:00,9593.064028788265
2019-05-06 19:00:00,9469.47562460821
2019-05-06 19:30:00,9245.08886744445
2019-05-06 20:00:00,8947.861123732557
2019-05-06 20:30:00,8786.063980015126
2019-05-06 21:00:00,8613.03978143468
2019-05-06 21:30:00,8423.185518829374
2019-05-06 22:00:00,8262.2260152012
2019-05-06 22:30:00,8188.596649180485
2019-05-06 23:00:00,8112.844879585171
2019-05-06 23:30:00,8022.294227308455
2019-05-07 00:00:00,7714.183064897285
2019-05-07 00:30:00,7550.817353592521
2019-05-07 01:00:00,7349.865584302505
2019-05-07 01:30:00,7067.370834904794
2019-05-07 02:00:00,6928.563541950089
2019-05-07 02:30:00,6669.242376942611
2019-05-07 03:00:00,6421.368244861157
2019-05-07 03:30:00,6319.016764000176
2019-05-07 04:00:00,6260.8355389373355
2019-05-07 04:30:00,6339.988227152138
2019-05-07 05:00:00,6481.240555385538
2019-05-07 05:30:00,6758.260271465739
2019-05-07 06:00:00,7367.704913788085
2019-05-07 06:30:00,7826.23154450891
2019-05-07 07:00:00,8355.275774319134
2019-05-07 07:30:00,8524.827768180277
2019-05-07 08:00:00,8596.387503970562
2019-05-07 08:30:00,8454.334395752741
2019-05-07 09:00:00,8314.560198353132
2019-05-07 09:30:00,8144.337694141143
2019-05-07 10:00:00,8074.684174111558
2019-05-07 10:30:00,7938.002215784837
2019-05-07 11:00:00,7927.464328931
2019-05-07 11:30:00,7810.448738744527
2019-05-07 12:00:00,7718.738246816405
2019-05-07 12:30:00,7676.426503151349
2019-05-07 13:00:00,7742.837343425994
2019-05-07 13:30:00,7742.837343425994
2019-05-07 14:00:00,7779.618816331437
2019-05-07 14:30:00,7766.079629482788
2019-05-07 15:00:00,7913.278436900502
2019-05-07 15:30:00,7942.318710187754
2019-05-07 16:00:00,8161.703743939969
2019-05-07 16:30:00,8239.34414876458
2019-05-07 17:00:00,8549.475333742337
2019-05-07 17:30:00,8840.699050065403
2019-05-07 18:00:00,9438.280767848253
2019-05-07 18:30:00,9461.374778593457
2019-05-07 19:00:00,9327.996485468393
2019-05-07 19:30:00,9094.154503070322
2019-05-07 20:00:00,8916.68508067329
2019-05-07 20:30:00,8773.22219063659
2019-05-07 21:00:00,8550.149672693176
2019-05-07 21:30:00,8441.349582125054
2019-05-07 22:00:00,8227.63285028817
2019-05-07 22:30:00,8319.34830982589
2019-05-07 23:00:00,8040.757172581934
2019-05-07 23:30:00,8001.21905278214
2019-05-08 00:00:00,7775.882600352855
2019-05-08 00:30:00,7667.989634271201
2019-05-08 01:00:00,7495.20058649786
2019-05-08 01:30:00,7308.089581045547
2019-05-08 02:00:00,7021.36797772173
2019-05-08 02:30:00,6819.290481486417
2019-05-08 03:00:00,6598.683980405464
2019-05-08 03:30:00,6430.939215249531
2019-05-08 04:00:00,6338.981079498264
2019-05-08 04:30:00,6421.673265873715
2019-05-08 05:00:00,6545.498494758474
2019-05-08 05:30:00,6795.254140709328
2019-05-08 06:00:00,7190.050211206898
2019-05-08 06:30:00,7917.663039597187
2019-05-08 07:00:00,8421.390434547482
2019-05-08 07:30:00,8712.489149167312
2019-05-08 08:00:00,8802.116238390461
2019-05-08 08:30:00,8641.777991378136
2019-05-08 09:00:00,8360.333176858529
2019-05-08 09:30:00,8140.502635105191
2019-05-08 10:00:00,7931.767632434393
2019-05-08 10:30:00,7794.514585860867
2019-05-08 11:00:00,7626.431207377829
2019-05-08 11:30:00,7491.41067415236
2019-05-08 12:00:00,7430.229876444769
2019-05-08 12:30:00,7314.023834266728
2019-05-08 13:00:00,7357.638917608015
2019-05-08 13:30:00,7423.092073698337
2019-05-08 14:00:00,7622.6399733910675
2019-05-08 14:30:00,7634.922439590268
2019-05-08 15:00:00,7718.684450821846
2019-05-08 15:30:00,7803.8793015293595
2019-05-08 16:00:00,8051.679594341367
2019-05-08 16:30:00,8280.113035389295
2019-05-08 17:00:00,8481.156059830126
2019-05-08 17:30:00,8841.480685123908
2019-05-08 18:00:00,9402.438383576662
2019-05-08 18:30:00,9471.489464840843
2019-05-08 19:00:00,9389.792777494393
2019-05-08 19:30:00,9164.743397970218
2019-05-08 20:00:00,9007.680881406453
2019-05-08 20:30:00,8855.73883539294
2019-05-08 21:00:00,8652.090584914135
2019-05-08 21:30:00,8473.37161702051
2019-05-08 22:00:00,8326.068246331422
2019-05-08 22:30:00,8294.755962526771
2019-05-08 23:00:00,8059.674148375733
2019-05-08 23:30:00,7924.106356073355
2019-05-09 00:00:00,7881.701270859847
2019-05-09 00:30:00,7735.866128794076
2019-05-09 01:00:00,7443.914860788431
2019-05-09 01:30:00,7187.268148673964
2019-05-09 02:00:00,6946.155531422889
2019-05-09 02:30:00,6725.16429771711
2019-05-09 03:00:00,6469.001342141949
2019-05-09 03:30:00,6366.084694781621
2019-05-09 04:00:00,6276.503304499758
2019-05-09 04:30:00,6264.8832613251925
2019-05-09 05:00:00,6388.3470215112075
2019-05-09 05:30:00,6679.43591699488
2019-05-09 06:00:00,6984.653119423475
2019-05-09 06:30:00,7654.274619936457
2019-05-09 07:00:00,8353.747653576029
2019-05-09 07:30:00,8518.820403841513
2019-05-09 08:00:00,8659.888911014088
2019-05-09 08:30:00,8587.567246175202
2019-05-09 09:00:00,8368.131502958482
2019-05-09 09:30:00,8152.529480622195
2019-05-09 10:00:00,7956.8886975592695
2019-05-09 10:30:00,7907.777056172834
2019-05-09 11:00:00,7749.072021691027
2019-05-09 11:30:00,7648.616038428637
2019-05-09 12:00:00,7559.666391680834
2019-05-09 12:30:00,7559.666391680834
2019-05-09 13:00:00,7628.499980480671
2019-05-09 13:30:00,7649.549208274127
2019-05-09 14:00:00,7681.610517840203
2019-05-09 14:30:00,7755.997007448243
2019-05-09 15:00:00,7807.5100301232715
2019-05-09 15:30:00,7940.281166704857
2019-05-09 16:00:00,8123.872175116699
2019-05-09 16:30:00,8362.959018532525
2019-05-09 17:00:00,8601.919912908044
2019-05-09 17:30:00,9018.732750365287
2019-05-09 18:00:00,9527.080000834381
2019-05-09 18:30:00,9550.66979625774
2019-05-09 19:00:00,9540.354581144073
2019-05-09 19:30:00,9361.72460903141
2019-05-09 20:00:00,9127.499938079114
2019-05-09 20:30:00,8983.272043987945
2019-05-09 21:00:00,8714.909282865738
2019-05-09 21:30:00,8530.647951980442
2019-05-09 22:00:00,8356.645225868924
2019-05-09 22:30:00,8338.095091848427
2019-05-09 23:00:00,8138.91969307174
2019-05-09 23:30:00,8031.577083590311
2019-05-10 00:00:00,7931.482336764633
2019-05-10 00:30:00,7829.654241429473
2019-05-10 01:00:00,7650.672049675177
2019-05-10 01:30:00,7474.013043878355
2019-05-10 02:00:00,7143.877442117082
2019-05-10 02:30:00,6905.689788247183
2019-05-10 03:00:00,6708.715805117571
2019-05-10 03:30:00,6557.932372409693
2019-05-10 04:00:00,6450.693055420841
2019-05-10 04:30:00,6532.111572136296
2019-05-10 05:00:00,6692.8884130304605
2019-05-10 05:30:00,6996.744284026364
2019-05-10 06:00:00,7419.900602414522
2019-05-10 06:30:00,8119.491138399843
2019-05-10 07:00:00,8656.014513576862
2019-05-10 07:30:00,9028.319226155347
2019-05-10 08:00:00,9098.541930610383
2019-05-10 08:30:00,8974.378918826906
2019-05-10 09:00:00,8658.964272384785
2019-05-10 09:30:00,8419.585213244405
2019-05-10 10:00:00,8186.922385710975
2019-05-10 10:30:00,7988.503625175867
2019-05-10 11:00:00,7905.418457674829
2019-05-10 11:30:00,7703.733666603187
2019-05-10 12:00:00,7634.906059598825
2019-05-10 12:30:00,7541.899277973972
2019-05-10 13:00:00,7546.26623935362
2019-05-10 13:30:00,7569.654977030698
2019-05-10 14:00:00,7647.137827027516
2019-05-10 14:30:00,7744.854901215344
2019-05-10 15:00:00,7783.303918406188
2019-05-10 15:30:00,7970.016231829756
2019-05-10 16:00:00,8161.944597233288
2019-05-10 16:30:00,8401.732619544318
2019-05-10 17:00:00,8530.141573743565
2019-05-10 17:30:00,9039.610492064354
2019-05-10 18:00:00,9398.554701671941
2019-05-10 18:30:00,9531.716631030135
2019-05-10 19:00:00,9320.954712484941
2019-05-10 19:30:00,9191.629428469305
2019-05-10 20:00:00,9012.467947367943
2019-05-10 20:30:00,8895.021184423407
2019-05-10 21:00:00,8902.366496892322
2019-05-10 21:30:00,8610.92745989818
2019-05-10 22:00:00,8437.844086835352
2019-05-10 22:30:00,8426.517360645405
2019-05-10 23:00:00,8221.378336875961
2019-05-10 23:30:00,8064.870178796188
2019-05-11 00:00:00,7774.981770733404
2019-05-11 00:30:00,7754.104047294305
2019-05-11 01:00:00,7510.547179027481
2019-05-11 01:30:00,7347.488915630591
2019-05-11 02:00:00,7033.287124759795
2019-05-11 02:30:00,6719.71391804325
2019-05-11 03:00:00,6436.876166796447
2019-05-11 03:30:00,6354.599058158861
2019-05-11 04:00:00,6254.128571722967
2019-05-11 04:30:00,6331.590086587218
2019-05-11 05:00:00,6255.006896171975
2019-05-11 05:30:00,6475.703864387
2019-05-11 06:00:00,6538.802745966518
2019-05-11 06:30:00,6808.794998295078
2019-05-11 07:00:00,7375.903510705477
2019-05-11 07:30:00,7536.871324196943
2019-05-11 08:00:00,8096.858238709742
2019-05-11 08:30:00,8017.889015536688
2019-05-11 09:00:00,8067.868801856132
2019-05-11 09:30:00,8128.087519224864
2019-05-11 10:00:00,8047.3331116025565
2019-05-11 10:30:00,8017.2158520522735
2019-05-11 11:00:00,7952.357527936145
2019-05-11 11:30:00,7952.357527936145
2019-05-11 12:00:00,7973.708798979504
2019-05-11 12:30:00,7955.887830112442
2019-05-11 13:00:00,7943.563572927269
2019-05-11 13:30:00,7943.563572927269
2019-05-11 14:00:00,7912.19901964986
2019-05-11 14:30:00,7872.020160395611
2019-05-11 15:00:00,7679.516233600359
2019-05-11 15:30:00,7686.703928473735
2019-05-11 16:00:00,7920.190269386904
2019-05-11 16:30:00,8041.9187660852795
2019-05-11 17:00:00,8279.954144120418
2019-05-11 17:30:00,8627.464461585721
2019-05-11 18:00:00,9199.238954444176
2019-05-11 18:30:00,9065.656484883248
2019-05-11 19:00:00,9016.207931252799
2019-05-11 19:30:00,8891.593004545119
2019-05-11 20:00:00,8633.901334687303
2019-05-11 20:30:00,8533.370829972995
2019-05-11 21:00:00,8347.865735422354
2019-05-11 21:30:00,8194.820430439275
2019-05-11 22:00:00,8052.045851341302
2019-05-11 22:30:00,8008.35704087872
2019-05-11 23:00:00,7828.7966664344085
2019-05-11 23:30:00,7704.035815184498
2019-05-12 00:00:00,7707.769663964425
2019-05-12 00:30:00,7593.143218884506
2019-05-12 01:00:00,7372.364095735018
2019-05-12 01:30:00,7090.775418323415
2019-05-12 02:00:00,6837.1845016441985
2019-05-12 02:30:00,6548.366336491162
2019-05-12 03:00:00,6266.117541335882
2019-05-12 03:30:00,6169.516764582083
2019-05-12 04:00:00,6060.088459417581
2019-05-12 04:30:00,6060.088459417581
2019-05-12 05:00:00,6112.9607818216855
2019-05-12 05:30:00,6250.473609369631
2019-05-12 06:00:00,6333.662471169089
2019-05-12 06:30:00,6591.051863421897
2019-05-12 07:00:00,6872.682960780648
2019-05-12 07:30:00,7222.96629700348
2019-05-12 08:00:00,7530.0255780455445
2019-05-12 08:30:00,7631.684673604477
2019-05-12 09:00:00,7755.454616519365
2019-05-12 09:30:00,7699.75304157574
2019-05-12 10:00:00,7553.815813156439
2019-05-12 10:30:00,7298.641042714277
2019-05-12 11:00:00,7233.1601443709515
2019-05-12 11:30:00,7090.975693397976
2019-05-12 12:00:00,6991.414623662013
2019-05-12 12:30:00,6915.044621045931
2019-05-12 13:00:00,6870.866951502207
2019-05-12 13:30:00,6891.095446457044
2019-05-12 14:00:00,6908.581011765404
2019-05-12 14:30:00,6908.581011765404
2019-05-12 15:00:00,6960.098622434087
2019-05-12 15:30:00,7117.365327025664
2019-05-12 16:00:00,7359.438679332004
2019-05-12 16:30:00,7683.101575649165
2019-05-12 17:00:00,8090.428261572114
2019-05-12 17:30:00,8433.127125350507
2019-05-12 18:00:00,9032.427710237165
2019-05-12 18:30:00,9047.929431086219
2019-05-12 19:00:00,9064.24698304513
2019-05-12 19:30:00,8770.89524729924
2019-05-12 20:00:00,8660.521292254292
2019-05-12 20:30:00,8577.38359899007
2019-05-12 21:00:00,8353.328201867276
2019-05-12 21:30:00,8201.873417241004
2019-05-12 22:00:00,7979.206186418867
2019-05-12 22:30:00,7903.616135969642
2019-05-12 23:00:00,7662.203589265736
2019-05-12 23:30:00,7564.743224876849
2019-05-13 00:00:00,7474.321692054122
2019-05-13 00:30:00,7458.9833422281945
2019-05-13 01:00:00,7417.592725541212
2019-05-13 01:30:00,7130.050083214332
2019-05-13 02:00:00,7069.922337998819
2019-05-13 02:30:00,6616.89737770363
2019-05-13 03:00:00,6556.475921630182
2019-05-13 03:30:00,6437.363007289857
2019-05-13 04:00:00,6433.092853259785
2019-05-13 04:30:00,6433.092853259785
2019-05-13 05:00:00,6847.723941221881
2019-05-13 05:30:00,6905.782146097371
2019-05-13 06:00:00,7629.180777678751
2019-05-13 06:30:00,7945.317232160129
2019-05-13 07:00:00,8815.476064295557
2019-05-13 07:30:00,9056.173453835054
2019-05-13 08:00:00,9376.799263451108
2019-05-13 08:30:00,9293.34229413266
2019-05-13 09:00:00,8953.86894935204
2019-05-13 09:30:00,8953.86894935204
2019-05-13 10:00:00,8793.126089303973
2019-05-13 10:30:00,8597.367775386261
2019-05-13 11:00:00,8433.958874510941
2019-05-13 11:30:00,8233.440104724377
2019-05-13 12:00:00,8047.482303411942
2019-05-13 12:30:00,7953.73077667901
2019-05-13 13:00:00,7902.090448936449
2019-05-13 13:30:00,7838.848274994039
2019-05-13 14:00:00,7744.875039321786
2019-05-13 14:30:00,7820.834447200285
2019-05-13 15:00:00,7925.763505252542
2019-05-13 15:30:00,8273.254570509705
2019-05-13 16:00:00,8540.682306675802
2019-05-13 16:30:00,8875.614319053775
2019-05-13 17:00:00,9120.741234145566
2019-05-13 17:30:00,9498.45415323681
2019-05-13 18:00:00,9838.354103219735
2019-05-13 18:30:00,9887.9516011769
2019-05-13 19:00:00,9735.51882162382
2019-05-13 19:30:00,9538.255041247561
2019-05-13 20:00:00,9377.995465884429
2019-05-13 20:30:00,9377.995465884429
2019-05-13 21:00:00,9108.01309415391
2019-05-13 21:30:00,8919.110952396908
2019-05-13 22:00:00,8741.158734709981
2019-05-13 22:30:00,8601.227259606358
2019-05-13 23:00:00,8444.536558677011
2019-05-13 23:30:00,8277.11760380485
2019-05-14 00:00:00,7971.656742527834
2019-05-14 00:30:00,7776.462031943162
2019-05-14 01:00:00,7698.932668002862
2019-05-14 01:30:00,7483.474934625344
2019-05-14 02:00:00,7329.706488750493
2019-05-14 02:30:00,6955.6500098235165
2019-05-14 03:00:00,6657.427990202995
2019-05-14 03:30:00,6590.3830763578235
2019-05-14 04:00:00,6467.402029377516
2019-05-14 04:30:00,6617.928561008064
2019-05-14 05:00:00,6700.628286371472
2019-05-14 05:30:00,7123.137597044827
2019-05-14 06:00:00,7526.126665845611
2019-05-14 06:30:00,8098.568618808378
2019-05-14 07:00:00,8720.66227051693
2019-05-14 07:30:00,9068.682381026432
2019-05-14 08:00:00,9168.724452716418
2019-05-14 08:30:00,9118.907188348321
2019-05-14 09:00:00,8778.15198104886
2019-05-14 09:30:00,8703.409743425162
2019-05-14 10:00:00,8467.334470872831
2019-05-14 10:30:00,8415.296615245281
2019-05-14 11:00:00,8124.1815127094715
2019-05-14 11:30:00,8046.776759134942
2019-05-14 12:00:00,7948.499639993819
2019-05-14 12:30:00,7919.031764581317
2019-05-14 13:00:00,7925.901583455253
2019-05-14 13:30:00,7969.450005053721
2019-05-14 14:00:00,7981.547647096945
2019-05-14 14:30:00,8109.705670156213
2019-05-14 15:00:00,8112.89683824365
2019-05-14 15:30:00,8211.201401231818
2019-05-14 16:00:00,8418.060847599834
2019-05-14 16:30:00,8521.825846686601
2019-05-14 17:00:00,8829.259478070897
2019-05-14 17:30:00,9289.030521108443
2019-05-14 18:00:00,9764.584341619733
2019-05-14 18:30:00,9764.584341619733
2019-05-14 19:00:00,9538.531831952327
2019-05-14 19:30:00,9332.083544999254
2019-05-14 20:00:00,9138.673589740118
2019-05-14 20:30:00,9002.627277877584
2019-05-14 21:00:00,8742.715318770202
2019-05-14 21:30:00,8577.71362973177
2019-05-14 22:00:00,8420.846674145689
2019-05-14 22:30:00,8402.296540125191
2019-05-14 23:00:00,8128.495820681041
2019-05-14 23:30:00,8044.247221944814
2019-05-15 00:00:00,7930.597597480528
2019-05-15 00:30:00,7737.360197962396
2019-05-15 01:00:00,7589.860913340158
2019-05-15 01:30:00,7356.473585025075
2019-05-15 02:00:00,7102.581096009785
2019-05-15 02:30:00,6844.822153218272
2019-05-15 03:00:00,6606.8693669372
2019-05-15 03:30:00,6468.415085516102
2019-05-15 04:00:00,6370.002720579301
2019-05-15 04:30:00,6451.281891029014
2019-05-15 05:00:00,6629.939087402164
2019-05-15 05:30:00,6930.720023550217
2019-05-15 06:00:00,7289.835849329585
2019-05-15 06:30:00,7931.577758215413
2019-05-15 07:00:00,8502.425827378236
2019-05-15 07:30:00,8773.588551779152
2019-05-15 08:00:00,8882.149014461596
2019-05-15 08:30:00,8702.882437348733
2019-05-15 09:00:00,8452.674144057855
2019-05-15 09:30:00,8303.466333335424
2019-05-15 10:00:00,8087.87344414962
2019-05-15 10:30:00,7958.930659321205
2019-05-15 11:00:00,7845.6393973087
2019-05-15 11:30:00,7765.824999065014
2019-05-15 12:00:00,7737.253410122935
2019-05-15 12:30:00,7708.634949837428
2019-05-15 13:00:00,7690.370832798694
2019-05-15 13:30:00,7665.255012174085
2019-05-15 14:00:00,7750.162340462707
2019-05-15 14:30:00,7778.54822348948
2019-05-15 15:00:00,7838.373317943
2019-05-15 15:30:00,7984.809762379265
2019-05-15 16:00:00,8171.217843482987
2019-05-15 16:30:00,8415.479374938564
2019-05-15 17:00:00,8681.142438111583
2019-05-15 17:30:00,9114.901726884045
2019-05-15 18:00:00,9601.898967718615
2019-05-15 18:30:00,9600.81474885648
2019-05-15 19:00:00,9503.767601674097
2019-05-15 19:30:00,9306.730904874968
2019-05-15 20:00:00,9113.952501431302
2019-05-15 20:30:00,9005.75667939554
2019-05-15 21:00:00,8752.172589516427
2019-05-15 21:30:00,8579.768920075248
2019-05-15 22:00:00,8398.05924805944
2019-05-15 22:30:00,8441.187866968297
2019-05-15 23:00:00,8229.849458293918
2019-05-15 23:30:00,8126.892847554736
2019-05-16 00:00:00,8033.700594051211
2019-05-16 00:30:00,7886.0690018061205
2019-05-16 01:00:00,7712.227780182368
2019-05-16 01:30:00,7549.507873249619
2019-05-16 02:00:00,7274.537038976134
2019-05-16 02:30:00,6954.401876809297
2019-05-16 03:00:00,6707.0783167115615
2019-05-16 03:30:00,6556.294884003683
2019-05-16 04:00:00,6456.884580879009
2019-05-16 04:30:00,6526.573934898161
2019-05-16 05:00:00,6695.545024569981
2019-05-16 05:30:00,6967.884831652432
2019-05-16 06:00:00,7395.345864712942
2019-05-16 06:30:00,8050.947213213845
2019-05-16 07:00:00,8624.433990082023
2019-05-16 07:30:00,8920.240758022439
2019-05-16 08:00:00,9087.564125667603
2019-05-16 08:30:00,8814.143083907466
2019-05-16 09:00:00,8565.622390333914
2019-05-16 09:30:00,8368.131502958482
2019-05-16 10:00:00,8248.908208131495
2019-05-16 10:30:00,8099.900289666623
2019-05-16 11:00:00,7948.934428683122
2019-05-16 11:30:00,7755.69702916499
2019-05-16 12:00:00,7797.810132712424
2019-05-16 12:30:00,7766.502133556347
2019-05-16 13:00:00,7749.935594945714
2019-05-16 13:30:00,7770.410947222701
2019-05-16 14:00:00,7807.935834708979
2019-05-16 14:30:00,7790.575069006483
2019-05-16 15:00:00,7899.376243507381
2019-05-16 15:30:00,7981.158338062654
2019-05-16 16:00:00,8187.155510745125
2019-05-16 16:30:00,8384.22333828185
2019-05-16 17:00:00,8711.901230094827
2019-05-16 17:30:00,9126.92857240105
2019-05-16 18:00:00,9622.958537498589
2019-05-16 18:30:00,9638.700836889155
2019-05-16 19:00:00,9544.583100561124
2019-05-16 19:30:00,9341.412384488245
2019-05-16 20:00:00,9176.660309676947
2019-05-16 20:30:00,8983.272043987945
2019-05-16 21:00:00,8719.137802282788
2019-05-16 21:30:00,8554.136113244356
2019-05-16 22:00:00,8395.454598898094
2019-05-16 22:30:00,8356.645225868924
2019-05-16 23:00:00,8232.52044310886
2019-05-16 23:30:00,8130.479335405928
2019-05-17 00:00:00,8022.558487818313
2019-05-17 00:30:00,7834.021972375746
2019-05-17 01:00:00,7710.889429627322
2019-05-17 01:30:00,7505.708987471413
2019-05-17 02:00:00,7195.813707348913
2019-05-17 02:30:00,6959.30890321802
2019-05-17 03:00:00,6737.165929794326
2019-05-17 03:30:00,6614.109545193204
2019-05-17 04:00:00,6524.200065025454
2019-05-17 04:30:00,6537.128005360444
2019-05-17 05:00:00,6745.834724370043
2019-05-17 05:30:00,7012.853391601465
2019-05-17 06:00:00,7410.304763971426
2019-05-17 06:30:00,8039.805106980947
2019-05-17 07:00:00,8540.970219010238
2019-05-17 07:30:00,8930.643856493822
2019-05-17 08:00:00,9076.422019434704
2019-05-17 08:30:00,8818.208353396341
2019-05-17 09:00:00,8617.076100619837
2019-05-17 09:30:00,8419.585213244405
2019-05-17 10:00:00,8291.713923060202
2019-05-17 10:30:00,8194.366185515946
2019-05-17 11:00:00,7972.131884400044
2019-05-17 11:30:00,7878.582341756292
2019-05-17 12:00:00,7795.191961746978
2019-05-17 12:30:00,7786.668026479526
2019-05-17 13:00:00,7772.898250790231
2019-05-17 13:30:00,7775.859255997813
2019-05-17 14:00:00,7819.264897197115
2019-05-17 14:30:00,7956.397991909373
2019-05-17 15:00:00,7993.1622362770495
2019-05-17 15:30:00,8077.796793020156
2019-05-17 16:00:00,8264.346642196982
2019-05-17 16:30:00,8422.989121696632
2019-05-17 17:00:00,8530.141573743565
2019-05-17 17:30:00,8915.447480280876
2019-05-17 18:00:00,9291.186357226383
2019-05-17 18:30:00,9291.186357226383
2019-05-17 19:00:00,9195.857947886356
2019-05-17 19:30:00,9022.246559556688
2019-05-17 20:00:00,8877.129792664779
2019-05-17 20:30:00,8728.851281172956
2019-05-17 21:00:00,8756.762279861316
2019-05-17 21:30:00,8596.42403284899
2019-05-17 22:00:00,8442.072606252403
2019-05-17 22:30:00,8430.745880062455
2019-05-17 23:00:00,8230.734197578024
2019-05-17 23:30:00,8123.409855892568
2019-05-18 00:00:00,7780.981017708474
2019-05-18 00:30:00,7743.114112864972
2019-05-18 01:00:00,7569.104188391395
2019-05-18 01:30:00,7357.263266594566
2019-05-18 02:00:00,7101.159649263723
2019-05-18 02:30:00,6782.685913146127
2019-05-18 03:00:00,6498.364873792576
2019-05-18 03:30:00,6354.599058158861
2019-05-18 04:00:00,6254.128571722967
2019-05-18 04:30:00,6372.777614357063
2019-05-18 05:00:00,6311.439411436234
2019-05-18 05:30:00,6563.100687441319
2019-05-18 06:00:00,6641.5851799451075
2019-05-18 06:30:00,6825.99884537978
2019-05-18 07:00:00,7413.204447607413
2019-05-18 07:30:00,7596.228045663061
2019-05-18 08:00:00,8060.304962332689
2019-05-18 08:30:00,7943.812933726659
2019-05-18 09:00:00,7799.806774772738
2019-05-18 09:30:00,7577.946284287465
2019-05-18 10:00:00,7496.225247462495
2019-05-18 10:30:00,7458.404115617704
2019-05-18 11:00:00,7394.7980789750745
2019-05-18 11:30:00,7366.911288673465
2019-05-18 12:00:00,7317.504083981304
2019-05-18 12:30:00,7260.438909794732
2019-05-18 13:00:00,7174.645693031899
2019-05-18 13:30:00,7174.645693031899
2019-05-18 14:00:00,7255.279375637867
2019-05-18 14:30:00,7312.344549824438
2019-05-18 15:00:00,7348.678698659104
2019-05-18 15:30:00,7378.494583977174
2019-05-18 16:00:00,7480.785032891135
2019-05-18 16:30:00,7537.847547709907
2019-05-18 17:00:00,7825.574504816171
2019-05-18 17:30:00,8100.200401123943
2019-05-18 18:00:00,8540.449636759564
2019-05-18 18:30:00,8449.091740409352
2019-05-18 19:00:00,8368.310323225858
2019-05-18 19:30:00,8211.916520446122
2019-05-18 20:00:00,8126.270128232964
2019-05-18 20:30:00,7998.163086849237
2019-05-18 21:00:00,7747.638029658049
2019-05-18 21:30:00,7642.336408550563
2019-05-18 22:00:00,7548.016954026022
2019-05-18 22:30:00,7573.890494712566
2019-05-18 23:00:00,7508.789237743063
2019-05-18 23:30:00,7494.706204177678
2019-05-19 00:00:00,7452.498606183181
2019-05-19 00:30:00,7243.47048935861
2019-05-19 01:00:00,7119.635810002725
2019-05-19 01:30:00,6919.100016157153
2019-05-19 02:00:00,6727.802711179205
2019-05-19 02:30:00,6422.825868235199
2019-05-19 03:00:00,6259.811272428595
2019-05-19 03:30:00,6103.952038572571
2019-05-19 04:00:00,6018.78073272414
2019-05-19 04:30:00,6026.798131933067
2019-05-19 05:00:00,6112.9607818216855
2019-05-19 05:30:00,6178.5255078311975
2019-05-19 06:00:00,6265.465358490377
2019-05-19 06:30:00,6550.712525841727
2019-05-19 07:00:00,6781.469185916243
2019-05-19 07:30:00,7066.876424743363
2019-05-19 08:00:00,7294.484403994094
2019-05-19 08:30:00,7340.951902994028
2019-05-19 09:00:00,7300.436129144124
2019-05-19 09:30:00,7267.236880446749
2019-05-19 10:00:00,7143.393650254357
2019-05-19 10:30:00,7000.732690759071
2019-05-19 11:00:00,6914.7918774745685
2019-05-19 11:30:00,6789.438478989887
2019-05-19 12:00:00,6739.167895452207
2019-05-19 12:30:00,6739.167895452207
2019-05-19 13:00:00,6756.532655489637
2019-05-19 13:30:00,6755.906830693649
2019-05-19 14:00:00,6793.303461599741
2019-05-19 14:30:00,6863.642636190765
2019-05-19 15:00:00,6879.684380027686
2019-05-19 15:30:00,7117.365327025664
2019-05-19 16:00:00,7344.61163209022
2019-05-19 16:30:00,7495.779366094282
2019-05-19 17:00:00,7944.731318336332
2019-05-19 17:30:00,8218.784162264526
2019-05-19 18:00:00,8698.993285035216
2019-05-19 18:30:00,8636.05155534151
2019-05-19 19:00:00,8575.791115306782
2019-05-19 19:30:00,8406.673481979502
2019-05-19 20:00:00,8196.45932704662
2019-05-19 20:30:00,8103.702543908544
2019-05-19 21:00:00,7900.376137320999
2019-05-19 21:30:00,7843.820696129588
2019-05-19 22:00:00,7617.701077485864
2019-05-19 22:30:00,7617.701077485864
2019-05-19 23:00:00,7343.029577827188
2019-05-19 23:30:00,7283.991380573175
2019-05-20 00:00:00,7431.1670233396835
2019-05-20 00:30:00,7401.95015360611
2019-05-20 01:00:00,7137.933709680619
2019-05-20 01:30:00,6955.385435694549
2019-05-20 02:00:00,6810.96483464025
2019-05-20 02:30:00,6469.3405481915615
2019-05-20 03:00:00,6355.55293494641
2019-05-20 03:30:00,6274.5802606056905
2019-05-20 04:00:00,6314.010647005104
2019-05-20 04:30:00,6308.405335879176
2019-05-20 05:00:00,6677.891795136174
2019-05-20 05:30:00,6776.283195206977
2019-05-20 06:00:00,7514.364425854411
2019-05-20 06:30:00,7748.304985316066
2019-05-20 07:00:00,8430.126136293375
2019-05-20 07:30:00,8819.84379524183
2019-05-20 08:00:00,8671.520751654174
2019-05-20 08:30:00,8673.676805293497
2019-05-20 09:00:00,8486.70478084132
2019-05-20 09:30:00,8591.381630311273
2019-05-20 10:00:00,8410.098347057898
2019-05-20 10:30:00,8324.174776233991
2019-05-20 11:00:00,8132.868855349275
2019-05-20 11:30:00,8027.138148929267
2019-05-20 12:00:00,7982.719225628605
2019-05-20 12:30:00,7903.212329960775
2019-05-20 13:00:00,8070.42316025706
2019-05-20 13:30:00,7973.61774939815
2019-05-20 14:00:00,7999.130919289719
2019-05-20 14:30:00,8149.266749545478
2019-05-20 15:00:00,8371.965768720955
2019-05-20 15:30:00,8538.729291628924
2019-05-20 16:00:00,8707.864821983729
2019-05-20 16:30:00,8926.616315335039
2019-05-20 17:00:00,9194.510358674615
2019-05-20 17:30:00,9584.980230036866
2019-05-20 18:00:00,9740.875304790488
2019-05-20 18:30:00,9627.574449303205
2019-05-20 19:00:00,9482.705337696443
2019-05-20 19:30:00,9249.317386861501
2019-05-20 20:00:00,8952.089643149608
2019-05-20 20:30:00,8790.292499432177
2019-05-20 21:00:00,8621.750064522126
2019-05-20 21:30:00,8469.179020766447
2019-05-20 22:00:00,8371.222000370592
2019-05-20 22:30:00,8258.824152405308
2019-05-20 23:00:00,8152.53907360192
2019-05-20 23:30:00,8105.214497372228
2019-05-21 00:00:00,7742.654099420962
2019-05-21 00:30:00,7725.270048331884
2019-05-21 01:00:00,7503.997114964994
2019-05-21 01:30:00,7383.646491267232
2019-05-21 02:00:00,7113.38208656418
2019-05-21 02:30:00,6777.595017481224
2019-05-21 03:00:00,6549.466385995793
2019-05-21 03:30:00,6506.09371726517
2019-05-21 04:00:00,6416.502262364205
2019-05-21 04:30:00,6506.476907437983
2019-05-21 05:00:00,6658.802141517556
2019-05-21 05:30:00,6963.125062228984
2019-05-21 06:00:00,7493.342394416589
2019-05-21 06:30:00,7883.276662247013
2019-05-21 07:00:00,8442.99998938513
2019-05-21 07:30:00,8696.327753970992
2019-05-21 08:00:00,8857.718346217473
2019-05-21 08:30:00,8849.831711194043
2019-05-21 09:00:00,8631.088078586276
2019-05-21 09:30:00,8513.177811168207
2019-05-21 10:00:00,8433.846749265778
2019-05-21 10:30:00,8433.846749265778
2019-05-21 11:00:00,8292.161614076795
2019-05-21 11:30:00,8130.806520183435
2019-05-21 12:00:00,8077.928962774546
2019-05-21 12:30:00,8085.632734706077
2019-05-21 13:00:00,8106.131963380441
2019-05-21 13:30:00,8140.572891210322
2019-05-21 14:00:00,8156.20942285796
2019-05-21 14:30:00,8139.453651415609
2019-05-21 15:00:00,8205.161380134
2019-05-21 15:30:00,8213.60173779981
2019-05-21 16:00:00,8418.060847599834
2019-05-21 16:30:00,8574.219046685505
2019-05-21 17:00:00,8839.789270601585
2019-05-21 17:30:00,9212.425969721158
2019-05-21 18:00:00,9613.870338236044
2019-05-21 18:30:00,9514.104381963618
2019-05-21 19:00:00,9419.373937035729
2019-05-21 19:30:00,9172.204646335875
2019-05-21 20:00:00,8958.416470277445
2019-05-21 20:30:00,8750.128179891386
2019-05-21 21:00:00,8639.366239421912
2019-05-21 21:30:00,8483.649004517103
2019-05-21 22:00:00,8332.194219890831
2019-05-21 22:30:00,8332.194219890831
2019-05-21 23:00:00,8044.247221944814
2019-05-21 23:30:00,8004.70910214502
2019-05-22 00:00:00,7833.137233091641
2019-05-22 00:30:00,7672.357365217475
2019-05-22 01:00:00,7568.320442454664
2019-05-22 01:30:00,7240.267542847035
2019-05-22 02:00:00,7030.8131007468255
2019-05-22 02:30:00,6753.089124622691
2019-05-22 03:00:00,6550.692194153688
2019-05-22 03:30:00,6387.135915066389
2019-05-22 04:00:00,6343.9975127224125
2019-05-22 04:30:00,6370.002720579301
2019-05-22 05:00:00,6560.833974283662
2019-05-22 05:30:00,6811.363248284429
2019-05-22 06:00:00,7090.906912071133
2019-05-22 06:30:00,7743.041242772847
2019-05-22 07:00:00,8343.744313031973
2019-05-22 07:30:00,8598.042929045052
2019-05-22 08:00:00,8660.509937844376
2019-05-22 08:30:00,8436.959347551247
2019-05-22 09:00:00,8234.103385142313
2019-05-22 09:30:00,8033.1600256237625
2019-05-22 10:00:00,7847.401487653379
2019-05-22 10:30:00,7770.306373325391
2019-05-22 11:00:00,7702.694797966444
2019-05-22 11:30:00,7650.267542927351
2019-05-22 12:00:00,7633.770273337526
2019-05-22 12:30:00,7603.563251758979
2019-05-22 13:00:00,7624.792264304756
2019-05-22 13:30:00,7627.954070958622
2019-05-22 14:00:00,7736.265640266338
2019-05-22 14:30:00,7829.881899078592
2019-05-22 15:00:00,7983.498818522101
2019-05-22 15:30:00,8040.054259713512
2019-05-22 16:00:00,8187.785761054323
2019-05-22 16:30:00,8416.390385319048
2019-05-22 17:00:00,8585.988282334314
2019-05-22 17:30:00,8991.313421571966
2019-05-22 18:00:00,9315.147991540187
2019-05-22 18:30:00,9245.168447626864
2019-05-22 19:00:00,9142.623486794539
2019-05-22 19:30:00,8884.409820756176
2019-05-22 20:00:00,8694.696639708029
2019-05-22 20:30:00,8584.715322521246
2019-05-22 21:00:00,8379.199233964038
2019-05-22 21:30:00,8161.143935096545
2019-05-22 22:00:00,8021.673748534207
2019-05-22 22:30:00,8021.673748534207
2019-05-22 23:00:00,7871.918645828217
2019-05-22 23:30:00,7735.236687501497
2019-05-23 00:00:00,7687.54079679014
2019-05-23 00:30:00,7586.66713654665
2019-05-23 01:00:00,7354.799421868351
2019-05-23 01:30:00,7195.453535205699
2019-05-23 02:00:00,6958.769607755571
2019-05-23 02:30:00,6767.427276365233
2019-05-23 03:00:00,6515.755378496754
2019-05-23 03:30:00,6397.106335862658
2019-05-23 04:00:00,6358.335664464955
2019-05-23 04:30:00,6379.97314137557
2019-05-23 05:00:00,6570.804395079931
2019-05-23 05:30:00,6899.685405708331
2019-05-23 06:00:00,7146.88453913021
2019-05-23 06:30:00,7839.434233070864
2019-05-23 07:00:00,8370.40265322733
2019-05-23 07:30:00,8610.069774562056
2019-05-23 08:00:00,8727.55715521303
2019-05-23 08:30:00,8600.215118522494
2019-05-23 09:00:00,8368.131502958482
2019-05-23 09:30:00,8196.74099397045
2019-05-23 10:00:00,8106.525297140587
2019-05-23 10:30:00,8054.0515848115765
2019-05-23 11:00:00,7932.662058300778
2019-05-23 11:30:00,7869.2899702792965
2019-05-23 12:00:00,7832.941857818913
2019-05-23 12:30:00,7837.204941333921
2019-05-23 13:00:00,7827.284433039778
2019-05-23 13:30:00,7870.1745663765105
2019-05-23 14:00:00,7967.540098142271
2019-05-23 14:30:00,8015.120467680692
2019-05-23 15:00:00,8143.833054636779
2019-05-23 15:30:00,8179.529638231172
2019-05-23 16:00:00,8394.326338558452
2019-05-23 16:30:00,8477.259846838388
2019-05-23 17:00:00,8707.996445038101
2019-05-23 17:30:00,9119.11296559919
2019-05-23 18:00:00,9444.05540746621
2019-05-23 18:30:00,9374.560416906586
2019-05-23 19:00:00,9197.61719095098
2019-05-23 19:30:00,9049.338679459157
2019-05-23 20:00:00,8757.404447953673
2019-05-23 20:30:00,8601.609115735568
2019-05-23 21:00:00,8391.226079481043
2019-05-23 21:30:00,8239.77129485477
2019-05-23 22:00:00,8073.963715882859
2019-05-23 22:30:00,8073.963715882859
2019-05-23 23:00:00,7936.272413119581
2019-05-23 23:30:00,7879.71697192817
2019-05-24 00:00:00,7742.540353096903
2019-05-24 00:30:00,7669.013585084529
2019-05-24 01:00:00,7501.480468054362
2019-05-24 01:30:00,7319.385895826197
2019-05-24 02:00:00,6997.654512631673
2019-05-24 02:30:00,6763.738052410631
2019-05-24 03:00:00,6549.372163020977
2019-05-24 03:30:00,6398.743824268668
2019-05-24 04:00:00,6355.961794592248
2019-05-24 04:30:00,6377.599271502863
2019-05-24 05:00:00,6502.2760851067205
2019-05-24 05:30:00,6821.139203666761
2019-05-24 06:00:00,7038.384094959438
2019-05-24 06:30:00,7643.363494134931
2019-05-24 07:00:00,8197.54199863608
2019-05-24 07:30:00,8406.75689684956
2019-05-24 08:00:00,8551.413359941698
2019-05-24 08:30:00,8437.844086835352
2019-05-24 09:00:00,8306.939801647302
2019-05-24 09:30:00,8203.983190908113
2019-05-24 10:00:00,7995.947424980842
2019-05-24 10:30:00,7946.016991263395
2019-05-24 11:00:00,7918.865412565359
2019-05-24 11:30:00,7823.088377436115
2019-05-24 12:00:00,7786.489914393465
2019-05-24 12:30:00,7738.13814940704
2019-05-24 13:00:00,7816.14232680688
2019-05-24 13:30:00,7833.145796521329
2019-05-24 14:00:00,7858.659705818612
2019-05-24 14:30:00,7914.023747182543
2019-05-24 15:00:00,8029.888394217572
2019-05-24 15:30:00,8116.039815927463
2019-05-24 16:00:00,8182.205583043695
2019-05-24 16:30:00,8376.992053794085
2019-05-24 17:00:00,8532.855759472393
2019-05-24 17:30:00,8869.212069396852
2019-05-24 18:00:00,9114.659247632933
2019-05-24 18:30:00,9017.54510903997
2019-05-24 19:00:00,8900.571277195102
2019-05-24 19:30:00,8730.1728545276
2019-05-24 20:00:00,8512.894302793155
2019-05-24 20:30:00,8385.552266102619
2019-05-24 21:00:00,8455.132127680074
2019-05-24 21:30:00,8284.905121315467
2019-05-24 22:00:00,8125.67257788269
2019-05-24 22:30:00,8162.02867438065
2019-05-24 23:00:00,8020.434977357413
2019-05-24 23:30:00,7929.358826303734
2019-05-25 00:00:00,7754.104047294305
2019-05-25 00:30:00,7652.055002366157
2019-05-25 01:00:00,7359.114747085236
2019-05-25 01:30:00,7201.126634530565
2019-05-25 02:00:00,6894.704268266386
2019-05-25 02:30:00,6673.318793269171
2019-05-25 03:00:00,6441.243897742721
2019-05-25 03:30:00,6277.687618655422
2019-05-25 04:00:00,6195.551099065184
2019-05-25 04:30:00,6258.49630266924
2019-05-25 05:00:00,6175.5093144406665
2019-05-25 05:30:00,6416.549524869584
2019-05-25 06:00:00,6558.244898386226
2019-05-25 06:30:00,6791.038088375296
2019-05-25 07:00:00,7103.415774992661
2019-05-25 07:30:00,7417.572178553687
2019-05-25 08:00:00,7824.804243782501
2019-05-25 08:30:00,7621.391384195344
2019-05-25 09:00:00,7539.263546163203
2019-05-25 09:30:00,7523.563198199415
2019-05-25 10:00:00,7447.187820358763
2019-05-25 10:30:00,7444.321082052319
2019-05-25 11:00:00,7396.5181312395425
2019-05-25 11:30:00,7357.758104934414
2019-05-25 12:00:00,7368.563209325771
2019-05-25 12:30:00,7321.767167496311
2019-05-25 13:00:00,7289.086130391777
2019-05-25 13:30:00,7338.940486446964
2019-05-25 14:00:00,7332.887417558208
2019-05-25 14:30:00,7332.887417558208
2019-05-25 15:00:00,7365.4636456752905
2019-05-25 15:30:00,7415.263768006228
2019-05-25 16:00:00,7513.983074611616
2019-05-25 16:30:00,7538.983799198616
2019-05-25 17:00:00,7924.032479476338
2019-05-25 17:30:00,8181.4354599410235
2019-05-25 18:00:00,8449.091740409352
2019-05-25 18:30:00,8402.026401516054
2019-05-25 19:00:00,8260.290333276433
2019-05-25 19:30:00,8158.601694692538
2019-05-25 20:00:00,7966.54607910839
2019-05-25 20:30:00,7841.785227858479
2019-05-25 21:00:00,7643.472660039271
2019-05-25 21:30:00,7597.656383866381
2019-05-25 22:00:00,7528.625563062799
2019-05-25 22:30:00,7524.909507418758
2019-05-25 23:00:00,7494.706204177678
2019-05-25 23:30:00,7494.706204177678
2019-05-26 00:00:00,7409.037384599644
2019-05-26 00:30:00,7146.418814352507
2019-05-26 01:00:00,7050.8836849921945
2019-05-26 01:30:00,6833.766619391415
2019-05-26 02:00:00,6597.388774338244
2019-05-26 02:30:00,6339.106799579321
2019-05-26 03:00:00,6165.006748037406
2019-05-26 03:30:00,5997.974569812867
2019-05-26 04:00:00,5937.5482379167715
2019-05-26 04:30:00,5937.5482379167715
2019-05-26 05:00:00,6006.983313061982
2019-05-26 05:30:00,6109.143126236224
2019-05-26 06:00:00,6235.048759064444
2019-05-26 06:30:00,6484.575539764124
2019-05-26 07:00:00,6738.0684797349795
2019-05-26 07:30:00,7048.062949368971
2019-05-26 08:00:00,7169.822431950536
2019-05-26 08:30:00,7300.0469797965525
2019-05-26 09:00:00,7300.436129144124
2019-05-26 09:30:00,7267.236880446749
2019-05-26 10:00:00,7149.835562220242
2019-05-26 10:30:00,7045.409381497549
2019-05-26 11:00:00,6784.377940633607
2019-05-26 11:30:00,6719.022684082036
2019-05-26 12:00:00,6632.226278932228
2019-05-26 12:30:00,6633.889028921016
2019-05-26 13:00:00,6644.035122475588
2019-05-26 13:30:00,6647.4762815729855
2019-05-26 14:00:00,6738.554843731727
2019-05-26 14:30:00,6820.923773922595
2019-05-26 15:00:00,6873.5237853858125
2019-05-26 15:30:00,7003.937722226774
2019-05-26 16:00:00,7245.684635444806
2019-05-26 16:30:00,7417.524634323728
2019-05-26 17:00:00,7804.459944783144
2019-05-26 17:30:00,8101.034659557536
2019-05-26 18:00:00,8486.070805865194
2019-05-26 18:30:00,8415.88724584266
2019-05-26 19:00:00,8339.522757261271
2019-05-26 19:30:00,8150.376683396288
2019-05-26 20:00:00,8060.891534744243
2019-05-26 20:30:00,7910.544268562843
2019-05-26 21:00:00,7669.100617149505
2019-05-26 21:30:00,7581.202125882452
2019-05-26 22:00:00,7379.040058809238
2019-05-26 22:30:00,7371.02265960031
2019-05-26 23:00:00,7195.225985172244
2019-05-26 23:30:00,7081.780517401532
2019-05-27 00:00:00,7291.24705053254
2019-05-27 00:30:00,7097.927634449619
2019-05-27 01:00:00,7023.722868765689
2019-05-27 01:30:00,6729.227814843827
2019-05-27 02:00:00,6471.554435789945
2019-05-27 02:30:00,6211.098044820616
2019-05-27 03:00:00,6171.79832400757
2019-05-27 03:30:00,6002.790894050449
2019-05-27 04:00:00,6053.3875282729305
2019-05-27 04:30:00,6009.913538838119
2019-05-27 05:00:00,6371.64711125658
2019-05-27 05:30:00,6437.149455683717
2019-05-27 06:00:00,7235.635629976446
2019-05-27 06:30:00,7386.500141822142
2019-05-27 07:00:00,8095.354523111332
2019-05-27 07:30:00,8477.11637712925
2019-05-27 08:00:00,8535.050409056072
2019-05-27 08:30:00,8925.315633589342
2019-05-27 09:00:00,8537.729321805095
2019-05-27 09:30:00,8604.335935679062
2019-05-27 10:00:00,8429.498116687151
2019-05-27 10:30:00,8231.693532629417
2019-05-27 11:00:00,7920.491577860755
2019-05-27 11:30:00,7785.058137234874
2019-05-27 12:00:00,7585.731148470654
2019-05-27 12:30:00,7404.605005972418
2019-05-27 13:00:00,7485.286028379828
2019-05-27 13:30:00,7508.1636831135
2019-05-27 14:00:00,7609.187537926642
2019-05-27 14:30:00,7726.408758579551
2019-05-27 15:00:00,7815.461900135709
2019-05-27 15:30:00,8027.5684921932925
2019-05-27 16:00:00,8409.532240191387
2019-05-27 16:30:00,8686.324351098236
2019-05-27 17:00:00,8871.667120044978
2019-05-27 17:30:00,9409.829767175474
2019-05-27 18:00:00,9599.084171462146
2019-05-27 18:30:00,9635.799697830764
2019-05-27 19:00:00,9491.41562078389
2019-05-27 19:30:00,9287.627224940734
2019-05-27 20:00:00,8980.388693258785
2019-05-27 20:30:00,8907.986771006994
2019-05-27 21:00:00,8698.256611224224
2019-05-27 21:30:00,8469.29305349057
2019-05-27 22:00:00,8363.036613838858
2019-05-27 22:30:00,8353.077283437811
2019-05-27 23:00:00,8134.516176053381
2019-05-27 23:30:00,8105.214497372228
2019-05-28 00:00:00,7742.654099420962
2019-05-28 00:30:00,7634.530144033614
2019-05-28 01:00:00,7429.242451602346
2019-05-28 01:30:00,7186.461831180317
2019-05-28 02:00:00,6955.808491822894
2019-05-28 02:30:00,6670.208600249265
2019-05-28 03:00:00,6416.75771621713
2019-05-28 03:30:00,6368.280507985437
2019-05-28 04:00:00,6281.503425878824
2019-05-28 04:30:00,6411.891733720178
2019-05-28 05:00:00,6476.630026741511
2019-05-28 05:30:00,6899.210536099083
2019-05-28 06:00:00,7411.941090774227
2019-05-28 06:30:00,7989.079459412114
2019-05-28 07:00:00,8506.033665817358
2019-05-28 07:30:00,8809.492379773399
2019-05-28 08:00:00,8996.949998721077
2019-05-28 08:30:00,8982.860876485787
2019-05-28 09:00:00,8703.409743425162
2019-05-28 09:30:00,8631.088078586276
2019-05-28 10:00:00,8467.334470872831
2019-05-28 10:30:00,8472.656122294948
2019-05-28 11:00:00,8292.161614076795
2019-05-28 11:30:00,8187.032480942194
2019-05-28 12:00:00,8203.072129413982
2019-05-28 12:30:00,8375.351987266813
2019-05-28 13:00:00,8355.300636069453
2019-05-28 13:30:00,8393.107603556193
2019-05-28 14:00:00,8399.805535689224
2019-05-28 14:30:00,8503.1501615046
2019-05-28 15:00:00,8489.944548436843
2019-05-28 15:30:00,8527.604200784739
2019-05-28 16:00:00,8814.003996002939
2019-05-28 16:30:00,9143.259809688107
2019-05-28 17:00:00,9670.604384913011
2019-05-28 17:30:00,10263.002041225616
2019-05-28 18:00:00,10847.802224523048
2019-05-28 18:30:00,10847.802224523048
2019-05-28 19:00:00,10631.856647392575
2019-05-28 19:30:00,10456.411255769714
2019-05-28 20:00:00,10137.242885178563
2019-05-28 20:30:00,9939.75477318575
2019-05-28 21:00:00,9694.349610555779
2019-05-28 21:30:00,9443.869650899664
2019-05-28 22:00:00,9101.13226070657
2019-05-28 22:30:00,8989.77615502378
2019-05-28 23:00:00,8536.787826391781
2019-05-28 23:30:00,8445.210485131662
2019-05-29 00:00:00,8326.068246331422
2019-05-29 00:30:00,8066.108949972982
2019-05-29 01:00:00,7902.771611910951
2019-05-29 01:30:00,7704.748759600043
2019-05-29 02:00:00,7513.356890697825
2019-05-29 02:30:00,7098.213365063511
2019-05-29 03:00:00,6915.230858193892
2019-05-29 03:30:00,6697.107895915293
2019-05-29 04:00:00,6655.525420417961
2019-05-29 04:30:00,6707.456251988647
2019-05-29 05:00:00,6820.582895449
2019-05-29 05:30:00,7212.9421809501855
2019-05-29 06:00:00,7641.8734242928285
2019-05-29 06:30:00,8438.098558790327
2019-05-29 07:00:00,9157.469668377105
2019-05-29 07:30:00,9566.036153275445
2019-05-29 08:00:00,9737.422572258421
2019-05-29 08:30:00,9562.689984653527
2019-05-29 09:00:00,9132.649988095063
2019-05-29 09:30:00,8934.554212235143
2019-05-29 10:00:00,8646.358713567985
2019-05-29 10:30:00,8449.959422671336
2019-05-29 11:00:00,8318.309424738074
2019-05-29 11:30:00,8214.858286459406
2019-05-29 12:00:00,8017.4452291171565
2019-05-29 12:30:00,8017.4452291171565
2019-05-29 13:00:00,7954.143108952901
2019-05-29 13:30:00,7996.954118117202
2019-05-29 14:00:00,8026.828684135917
2019-05-29 14:30:00,8141.615093422321
2019-05-29 15:00:00,8311.82885806136
2019-05-29 15:30:00,8396.132917969406
2019-05-29 16:00:00,8660.1584402939
2019-05-29 16:30:00,9026.02541100229
2019-05-29 17:00:00,9481.228912500497
2019-05-29 17:30:00,10039.639729110699
2019-05-29 18:00:00,10612.94443427498
2019-05-29 18:30:00,10695.562264311882
2019-05-29 19:00:00,10585.742738705043
2019-05-29 19:30:00,10410.297347082182
2019-05-29 20:00:00,10091.7605283065
2019-05-29 20:30:00,9993.892583120964
2019-05-29 21:00:00,9668.881875029563
2019-05-29 21:30:00,9380.29598967024
2019-05-29 22:00:00,9067.117927220357
2019-05-29 22:30:00,8918.839415728535
2019-05-29 23:00:00,8539.985757266453
2019-05-29 23:30:00,8427.737630317451
2019-05-30 00:00:00,8356.645225868924
2019-05-30 00:30:00,8234.64395356976
2019-05-30 01:00:00,7996.541330754179
2019-05-30 01:30:00,7720.751715449821
2019-05-30 02:00:00,7546.924207100323
2019-05-30 02:30:00,7154.190992122589
2019-05-30 03:00:00,6929.569009936435
2019-05-30 03:30:00,6776.498614263545
2019-05-30 04:00:00,6669.863572160503
2019-05-30 04:30:00,6693.344279054434
2019-05-30 05:00:00,6836.7134106054555
2019-05-30 05:30:00,7096.528778117703
2019-05-30 06:00:00,7539.617754107944
2019-05-30 06:30:00,8270.9169664964
2019-05-30 07:00:00,8941.78596272672
2019-05-30 07:30:00,9290.998354034373
2019-05-30 08:00:00,9431.831848782818
2019-05-30 08:30:00,9322.085544020165
2019-05-30 09:00:00,9090.63104982692
2019-05-30 09:30:00,8825.273746561379
2019-05-30 10:00:00,8672.888986134178
2019-05-30 10:30:00,8562.907668947395
2019-05-30 11:00:00,8434.129164702006
2019-05-30 11:30:00,8236.240992678473
2019-05-30 12:00:00,8128.374326449777
2019-05-30 12:30:00,8073.907276072935
2019-05-30 13:00:00,8046.661700640307
2019-05-30 13:30:00,8046.661700640307
2019-05-30 14:00:00,8038.85552965292
2019-05-30 14:30:00,8038.85552965292
2019-05-30 15:00:00,8153.748368120955
2019-05-30 15:30:00,8350.800256436743
2019-05-30 16:00:00,8609.215892471377
2019-05-30 16:30:00,8938.934116625305
2019-05-30 17:00:00,9374.097863100904
2019-05-30 17:30:00,9898.602947974672
2019-05-30 18:00:00,10306.63822610329
2019-05-30 18:30:00,10306.63822610329
2019-05-30 19:00:00,10328.02874543825
2019-05-30 19:30:00,10139.677597447599
2019-05-30 20:00:00,9956.980224559333
2019-05-30 20:30:00,9842.913332731043
2019-05-30 21:00:00,9566.29747724029
2019-05-30 21:30:00,9326.314063437216
2019-05-30 22:00:00,9029.984401139529
2019-05-30 22:30:00,8885.75650704836
2019-05-30 23:00:00,8668.848297560626
2019-05-30 23:30:00,8483.274952076616
2019-05-31 00:00:00,8345.503119636025
2019-05-31 00:30:00,8129.901097299741
2019-05-31 01:00:00,7913.280012884504
2019-05-31 01:30:00,7762.932746703104
2019-05-31 02:00:00,7509.873899035657
2019-05-31 02:30:00,7148.306131918029
2019-05-31 03:00:00,6921.822334172022
2019-05-31 03:30:00,6808.16343933833
2019-05-31 04:00:00,6751.655244841164
2019-05-31 04:30:00,6796.71003738594
2019-05-31 05:00:00,6921.45531364352
2019-05-31 05:30:00,7363.0407860683445
2019-05-31 06:00:00,7784.830905254428
2019-05-31 06:30:00,8486.740013455095
2019-05-31 07:00:00,9331.332549482468
2019-05-31 07:30:00,9806.875440753323
2019-05-31 08:00:00,10009.886175567999
2019-05-31 08:30:00,9751.427458893868
2019-05-31 09:00:00,9503.228874992401
2019-05-31 09:30:00,9306.192178193272
2019-05-31 10:00:00,9029.044300334996
2019-05-31 10:30:00,8816.142063238864
2019-05-31 11:00:00,8573.485569113065
2019-05-31 11:30:00,8414.804054766802
2019-05-31 12:00:00,8228.629188621871
2019-05-31 12:30:00,8125.67257788269
2019-05-31 13:00:00,8039.93871483894
2019-05-31 13:30:00,8039.93871483894
2019-05-31 14:00:00,8043.750628689916
2019-05-31 14:30:00,8098.161239256834
2019-05-31 15:00:00,8210.156623744106
2019-05-31 15:30:00,8322.802035341208
2019-05-31 16:00:00,8661.043179578006
2019-05-31 16:30:00,9076.070521884229
2019-05-31 17:00:00,9614.936450154933
2019-05-31 17:30:00,10231.07275001283
2019-05-31 18:00:00,10789.181666846831
2019-05-31 18:30:00,10789.181666846831
2019-05-31 19:00:00,10719.71759621034
2019-05-31 19:30:00,10715.349865264066
2019-05-31 20:00:00,10496.995626420994
2019-05-31 20:30:00,10394.270624248862
2019-05-31 21:00:00,10369.037829280749
2019-05-31 21:30:00,10003.623617550378
2019-05-31 22:00:00,9729.887958612286
2019-05-31 22:30:00,9550.787640061119
2019-05-31 23:00:00,9200.16468447795
2019-05-31 23:30:00,8966.322702079879
2019-06-01 00:00:00,8507.387958084322
2019-06-01 00:30:00,8385.659461385947
2019-06-01 01:00:00,8170.573291531298
2019-06-01 01:30:00,7957.235512629957
2019-06-01 02:00:00,7800.722491009903
2019-06-01 02:30:00,7571.897044853243
2019-06-01 03:00:00,7221.983464008189
2019-06-01 03:30:00,7005.524738648904
2019-06-01 04:00:00,6910.273437631335
2019-06-01 04:30:00,6946.746746089459
2019-06-01 05:00:00,6939.105636448882
2019-06-01 05:30:00,7287.040601302789
2019-06-01 06:00:00,7133.602139487154
2019-06-01 06:30:00,8008.464118219983
2019-06-01 07:00:00,8359.319830634679
2019-06-01 07:30:00,8790.350636435382
2019-06-01 08:00:00,9607.35536428005
2019-06-01 08:30:00,9321.139097752111
2019-06-01 09:00:00,9319.956955318119
2019-06-01 09:30:00,9067.745905075788
2019-06-01 10:00:00,8794.694034244434
2019-06-01 10:30:00,8521.020102903129
2019-06-01 11:00:00,8256.814847399684
2019-06-01 11:30:00,8080.154138185485
2019-06-01 12:00:00,7880.271580774625
2019-06-01 12:30:00,7765.375396386356
2019-06-01 13:00:00,7664.169972007437
2019-06-01 13:30:00,7664.169972007437
2019-06-01 14:00:00,7661.930132717531
2019-06-01 14:30:00,7677.630480681319
2019-06-01 15:00:00,7781.795850300096
2019-06-01 15:30:00,7856.243040332049
2019-06-01 16:00:00,8101.540356960469
2019-06-01 16:30:00,8373.594351887707
2019-06-01 17:00:00,8880.742693118813
2019-06-01 17:30:00,9437.056103953786
2019-06-01 18:00:00,10058.11357328279
2019-06-01 18:30:00,9982.54482921965
2019-06-01 19:00:00,9841.808547630628
2019-06-01 19:30:00,9822.718045974541
2019-06-01 20:00:00,9492.17042065139
2019-06-01 20:30:00,9398.342174044385
2019-06-01 21:00:00,9295.106798928215
2019-06-01 21:30:00,9212.370878755115
2019-06-01 22:00:00,8825.43149213697
2019-06-01 22:30:00,8781.693959124344
2019-06-01 23:00:00,8438.914508788528
2019-06-01 23:30:00,8350.720929876843
2019-06-02 00:00:00,8379.509777346435
2019-06-02 00:30:00,8135.175496122752
2019-06-02 01:00:00,7886.992526316757
2019-06-02 01:30:00,7652.343835971915
2019-06-02 02:00:00,7475.850831004088
2019-06-02 02:30:00,7170.699383087559
2019-06-02 03:00:00,6930.252613428416
2019-06-02 03:30:00,6751.169728298085
2019-06-02 04:00:00,6536.3569945650825
2019-06-02 04:30:00,6536.3569945650825
2019-06-02 05:00:00,6583.810045650675
2019-06-02 05:30:00,6761.356197579542
2019-06-02 06:00:00,6912.539201134383
2019-06-02 06:30:00,7211.101811243827
2019-06-02 07:00:00,7543.113349971551
2019-06-02 07:30:00,7993.2395097803055
2019-06-02 08:00:00,8273.767097459098
2019-06-02 08:30:00,8528.273571391817
2019-06-02 09:00:00,8444.878051896
2019-06-02 09:30:00,8365.910139894637
2019-06-02 10:00:00,8278.67687932382
2019-06-02 10:30:00,8070.3165135558065
2019-06-02 11:00:00,7955.036437953112
2019-06-02 11:30:00,7887.850463011456
2019-06-02 12:00:00,7757.788384498804
2019-06-02 12:30:00,7733.303915215068
2019-06-02 13:00:00,7642.715470612324
2019-06-02 13:30:00,7624.185951925335
2019-06-02 14:00:00,7586.966378260884
2019-06-02 14:30:00,7586.966378260884
2019-06-02 15:00:00,7698.970941684303
2019-06-02 15:30:00,7904.859018683503
2019-06-02 16:00:00,8072.638174320759
2019-06-02 16:30:00,8342.211776306955
2019-06-02 17:00:00,9003.704170962897
2019-06-02 17:30:00,9448.449985140405
2019-06-02 18:00:00,9902.131814381553
2019-06-02 18:30:00,9902.131814381553
2019-06-02 19:00:00,9778.31000972335
2019-06-02 19:30:00,9618.612091285977
2019-06-02 20:00:00,9374.048273739132
2019-06-02 20:30:00,9309.335909202131
2019-06-02 21:00:00,9053.759335955065
2019-06-02 21:30:00,8807.270261231273
2019-06-02 22:00:00,8534.947442010462
2019-06-02 22:30:00,8426.615402021356
2019-06-02 23:00:00,8257.193073027203
2019-06-02 23:30:00,8115.018511276649
2019-06-03 00:00:00,8244.922769248933
2019-06-03 00:30:00,7668.5668625386
2019-06-03 01:00:00,7766.648027915201
2019-06-03 01:30:00,7576.648144501804
2019-06-03 02:00:00,7508.74485988446
2019-06-03 02:30:00,7254.464247009373
2019-06-03 03:00:00,6973.817448928511
2019-06-03 03:30:00,6729.0778882697905
2019-06-03 04:00:00,6795.41810017879
2019-06-03 04:30:00,6805.1090299256975
2019-06-03 05:00:00,7120.219378936767
2019-06-03 05:30:00,7276.713286353842
2019-06-03 06:00:00,8039.6383403816
2019-06-03 06:30:00,8313.095661548428
2019-06-03 07:00:00,8958.576591087829
2019-06-03 07:30:00,9084.721545191926
2019-06-03 08:00:00,9518.789822196019
2019-06-03 08:30:00,9661.78171499216
2019-06-03 09:00:00,9482.134153661369
2019-06-03 09:30:00,9414.85957269459
2019-06-03 10:00:00,9205.393482578245
2019-06-03 10:30:00,9140.770720790375
2019-06-03 11:00:00,8901.37001180864
2019-06-03 11:30:00,8884.726617686953
2019-06-03 12:00:00,8682.676063842573
2019-06-03 12:30:00,8642.642574852083
2019-06-03 13:00:00,8650.121359399729
2019-06-03 13:30:00,8615.31797925971
2019-06-03 14:00:00,8747.469055793244
2019-06-03 14:30:00,8854.48805422963
2019-06-03 15:00:00,8865.679481237472
2019-06-03 15:30:00,8944.87767160069
2019-06-03 16:00:00,9289.589180310262
2019-06-03 16:30:00,9589.414980713787
2019-06-03 17:00:00,9913.110973789451
2019-06-03 17:30:00,10255.95671370777
2019-06-03 18:00:00,10771.072053894506
2019-06-03 18:30:00,10771.072053894506
2019-06-03 19:00:00,10584.427030870658
2019-06-03 19:30:00,10300.140804210405
2019-06-03 20:00:00,10073.945809091036
2019-06-03 20:30:00,9962.046450399128
2019-06-03 21:00:00,9711.683543453733
2019-06-03 21:30:00,9376.484994778957
2019-06-03 22:00:00,9222.094145782738
2019-06-03 22:30:00,9046.943682921345
2019-06-03 23:00:00,8718.405166968245
2019-06-03 23:30:00,8565.948155936689
2019-06-04 00:00:00,8333.984376533323
2019-06-04 00:30:00,8097.004383822216
2019-06-04 01:00:00,7930.2453441886155
2019-06-04 01:30:00,7783.76685381637
2019-06-04 02:00:00,7582.16041857021
2019-06-04 02:30:00,7364.60689554028
2019-06-04 03:00:00,6970.834770431791
2019-06-04 03:30:00,6881.261141144318
2019-06-04 04:00:00,6761.040258371015
2019-06-04 04:30:00,6842.319428820728
2019-06-04 05:00:00,6980.636065134401
2019-06-04 05:30:00,7380.666985252386
2019-06-04 06:00:00,7964.195426756301
2019-06-04 06:30:00,8497.58364651199
2019-06-04 07:00:00,9100.908674898772
2019-06-04 07:30:00,9477.342049453175
2019-06-04 08:00:00,9775.453847582767
2019-06-04 08:30:00,9698.193467871564
2019-06-04 09:00:00,9450.52718462058
2019-06-04 09:30:00,9318.728302830306
2019-06-04 10:00:00,9134.857515384074
2019-06-04 10:30:00,9001.311462621714
2019-06-04 11:00:00,8837.717182862742
2019-06-04 11:30:00,8800.057530514845
2019-06-04 12:00:00,8778.444603348702
2019-06-04 12:30:00,8803.587832691142
2019-06-04 13:00:00,8813.363339195714
2019-06-04 13:30:00,8813.363339195714
2019-06-04 14:00:00,8738.349198976586
2019-06-04 14:30:00,8786.416063994546
2019-06-04 15:00:00,8771.515054871541
2019-06-04 15:30:00,8881.496372058324
2019-06-04 16:00:00,9206.091347788628
2019-06-04 16:30:00,9555.30373909628
2019-06-04 17:00:00,10137.034025666591
2019-06-04 17:30:00,10732.891977579166
2019-06-04 18:00:00,11302.609785396038
2019-06-04 18:30:00,11302.609785396038
2019-06-04 19:00:00,11278.878489919372
2019-06-04 19:30:00,11078.989452900576
2019-06-04 20:00:00,10702.02436240319
2019-06-04 20:30:00,10559.689009996297
2019-06-04 21:00:00,10268.712864604535
2019-06-04 21:30:00,10074.714801974602
2019-06-04 22:00:00,9753.104651716001
2019-06-04 22:30:00,9557.770595950336
2019-06-04 23:00:00,9196.717427569076
2019-06-04 23:30:00,9064.721733107195
2019-06-05 00:00:00,8708.149256263454
2019-06-05 00:30:00,8485.91981212767
2019-06-05 01:00:00,8347.05551820766
2019-06-05 01:30:00,8148.457800172662
2019-06-05 02:00:00,7810.774098060815
2019-06-05 02:30:00,7563.280775423322
2019-06-05 03:00:00,7226.81661480232
2019-06-05 03:30:00,7077.723868094352
2019-06-05 04:00:00,6980.37015695149
2019-06-05 04:30:00,6980.37015695149
2019-06-05 05:00:00,7116.130142564691
2019-06-05 05:30:00,7556.726606336672
2019-06-05 06:00:00,8001.41531193508
2019-06-05 06:30:00,8788.645824582869
2019-06-05 07:00:00,9571.195938084302
2019-06-05 07:30:00,10065.668916042032
2019-06-05 08:00:00,10400.3216282165
2019-06-05 08:30:00,10400.3216282165
2019-06-05 09:00:00,10270.354765992495
2019-06-05 09:30:00,10227.91052633744
2019-06-05 10:00:00,10205.303269444696
2019-06-05 10:30:00,10078.376291715607
2019-06-05 11:00:00,9948.672879294434
2019-06-05 11:30:00,9878.00280662998
2019-06-05 12:00:00,9669.12447374489
2019-06-05 12:30:00,9660.577875784893
2019-06-05 13:00:00,9556.26146659839
2019-06-05 13:30:00,9556.26146659839
2019-06-05 14:00:00,9551.800150259203
2019-06-05 14:30:00,9395.95327253567
2019-06-05 15:00:00,9466.518405856901
2019-06-05 15:30:00,9625.779007200588
2019-06-05 16:00:00,9926.09281858292
2019-06-05 16:30:00,10167.887426419327
2019-06-05 17:00:00,10798.071213179788
2019-06-05 17:30:00,11291.201723151078
2019-06-05 18:00:00,11737.478476925175
2019-06-05 18:30:00,11737.478476925175
2019-06-05 19:00:00,11679.736406989721
2019-06-05 19:30:00,11679.736406989721
2019-06-05 20:00:00,11334.940029319652
2019-06-05 20:30:00,11016.69695034675
2019-06-05 21:00:00,10664.375386615264
2019-06-05 21:30:00,10352.301088389891
2019-06-05 22:00:00,10007.56502580349
2019-06-05 22:30:00,9789.429621623773
2019-06-05 23:00:00,9441.085528149046
2019-06-05 23:30:00,9177.72473006726
2019-06-06 00:00:00,8971.323264174229
2019-06-06 00:30:00,8734.904599031735
2019-06-06 01:00:00,8420.209101087437
2019-06-06 01:30:00,8278.144927592184
2019-06-06 02:00:00,7971.0455844200105
2019-06-06 02:30:00,7624.88578715894
2019-06-06 03:00:00,7283.638387807604
2019-06-06 03:30:00,7124.292501144952
2019-06-06 04:00:00,6954.372358826991
2019-06-06 04:30:00,7066.929584262114
2019-06-06 05:00:00,7177.871672744752
2019-06-06 05:30:00,7648.365856737335
2019-06-06 06:00:00,8085.5093255572865
2019-06-06 06:30:00,8879.70011421646
2019-06-06 07:00:00,9657.180940878947
2019-06-06 07:30:00,10124.354724892122
2019-06-06 08:00:00,10451.833496868108
2019-06-06 08:30:00,10451.833496868108
2019-06-06 09:00:00,10195.2777663078
2019-06-06 09:30:00,10052.825984018758
2019-06-06 10:00:00,10045.743531685966
2019-06-06 10:30:00,9987.85172629606
2019-06-06 11:00:00,9816.419952457518
2019-06-06 11:30:00,9500.52318901242
2019-06-06 12:00:00,9186.655713245165
2019-06-06 12:30:00,9082.732098745
2019-06-06 13:00:00,8859.0468187434
2019-06-06 13:30:00,8794.22141839404
2019-06-06 14:00:00,8810.757335043667
2019-06-06 14:30:00,8934.453587253178
2019-06-06 15:00:00,8980.688998137202
2019-06-06 15:30:00,9082.732098745
2019-06-06 16:00:00,9335.022331517583
2019-06-06 16:30:00,9628.526164172603
2019-06-06 17:00:00,10210.530452704757
2019-06-06 17:30:00,10954.212154306866
2019-06-06 18:00:00,11350.944805016341
2019-06-06 18:30:00,11350.944805016341
2019-06-06 19:00:00,11342.30248747576
2019-06-06 19:30:00,11064.686466945877
2019-06-06 20:00:00,10797.475483205977
2019-06-06 20:30:00,10690.382750087572
2019-06-06 21:00:00,10368.004977149163
2019-06-06 21:30:00,10077.08732730778
2019-06-06 22:00:00,9879.599215314967
2019-06-06 22:30:00,9692.49665028179
2019-06-06 23:00:00,9346.81172731565
2019-06-06 23:30:00,9099.642436615795
2019-06-07 00:00:00,8926.959980714384
2019-06-07 00:30:00,8701.503248511703
2019-06-07 01:00:00,8449.45833564601
2019-06-07 01:30:00,8250.37138598379
2019-06-07 02:00:00,7981.364282157598
2019-06-07 02:30:00,7693.825302346106
2019-06-07 03:00:00,7490.966990431286
2019-06-07 03:30:00,7294.064150093143
2019-06-07 04:00:00,7163.424629365088
2019-06-07 04:30:00,7120.284784880477
2019-06-07 05:00:00,7398.994572346225
2019-06-07 05:30:00,7764.729763162709
2019-06-07 06:00:00,8266.428599988281
2019-06-07 06:30:00,9034.422833735594
2019-06-07 07:00:00,9852.34469043375
2019-06-07 07:30:00,10420.527350002923
2019-06-07 08:00:00,10562.277552447611
2019-06-07 08:30:00,10397.493276050209
2019-06-07 09:00:00,10140.858477454658
2019-06-07 09:30:00,9869.279613429186
2019-06-07 10:00:00,9500.978774237872
2019-06-07 10:30:00,9271.075059064084
2019-06-07 11:00:00,8961.819273762265
2019-06-07 11:30:00,8721.448250678804
2019-06-07 12:00:00,8436.79728409334
2019-06-07 12:30:00,8352.493224185295
2019-06-07 13:00:00,8285.762145269577
2019-06-07 13:30:00,8285.762145269577
2019-06-07 14:00:00,8207.351851508884
2019-06-07 14:30:00,8264.596505048052
2019-06-07 15:00:00,8259.05135662711
2019-06-07 15:30:00,8425.137635931733
2019-06-07 16:00:00,8710.581057699113
2019-06-07 16:30:00,9125.608400005336
2019-06-07 17:00:00,9632.598143178871
2019-06-07 17:30:00,10312.858981744814
2019-06-07 18:00:00,10748.708369337106
2019-06-07 18:30:00,10889.4437318991
2019-06-07 19:00:00,10791.846829833758
2019-06-07 19:30:00,10583.410414708653
2019-06-07 20:00:00,10460.63200188632
2019-06-07 20:30:00,10282.345677961534
2019-06-07 21:00:00,10218.360003382859
2019-06-07 21:30:00,9971.285059700462
2019-06-07 22:00:00,9717.933327198867
2019-06-07 22:30:00,9568.303542677313
2019-06-07 23:00:00,9212.72119175524
2019-06-07 23:30:00,9027.403743871348
2019-06-08 00:00:00,8511.755689030595
2019-06-08 00:30:00,8390.02719233222
2019-06-08 01:00:00,8145.957377064143
2019-06-08 01:30:00,7939.750085662321
2019-06-08 02:00:00,7776.774866657959
2019-06-08 02:30:00,7547.949420501299
2019-06-08 03:00:00,7198.035839656245
2019-06-08 03:30:00,7028.931305800317
2019-06-08 04:00:00,6894.096954186946
2019-06-08 04:30:00,6930.57026264507
2019-06-08 05:00:00,6896.706407490027
2019-06-08 05:30:00,7214.101007072346
2019-06-08 06:00:00,7026.189868686026
2019-06-08 06:30:00,7698.1911456348425
2019-06-08 07:00:00,8248.335759581943
2019-06-08 07:30:00,8731.514157202757
2019-06-08 08:00:00,9217.52574330467
2019-06-08 08:30:00,9128.435981937457
2019-06-08 09:00:00,9319.956955318119
2019-06-08 09:30:00,9196.754825245373
2019-06-08 10:00:00,8904.096161937785
2019-06-08 10:30:00,8716.179951604938
2019-06-08 11:00:00,8466.730006098076
2019-06-08 11:30:00,8308.92891817765
2019-06-08 12:00:00,8215.962363556984
2019-06-08 12:30:00,8096.953673612831
2019-06-08 13:00:00,8119.389163817914
2019-06-08 13:30:00,8075.700353355332
2019-06-08 14:00:00,8024.892404731849
2019-06-08 14:30:00,7984.7135454776
2019-06-08 15:00:00,8009.991395608844
2019-06-08 15:30:00,8053.680206071426
2019-06-08 16:00:00,8258.98412781367
2019-06-08 16:30:00,8546.265814591226
2019-06-08 17:00:00,9020.535853591795
2019-06-08 17:30:00,9495.250876476193
2019-06-08 18:00:00,9995.621200175065
2019-06-08 18:30:00,9819.88772152829
2019-06-08 19:00:00,9757.778366544295
2019-06-08 19:30:00,9512.584921926738
2019-06-08 20:00:00,9283.811845778828
2019-06-08 20:30:00,9141.682778257902
2019-06-08 21:00:00,8856.76234215332
2019-06-08 21:30:00,8734.5107265012
2019-06-08 22:00:00,8434.183641659041
2019-06-08 22:30:00,8490.675094318394
2019-06-08 23:00:00,8285.869203805447
2019-06-08 23:30:00,8166.86051386129
2019-06-09 00:00:00,8172.835148470645
2019-06-09 00:30:00,8014.754123042169
2019-06-09 01:00:00,7774.347114719657
2019-06-09 01:30:00,7494.257981873083
2019-06-09 02:00:00,7334.018276012553
2019-06-09 02:30:00,6979.28459608138
2019-06-09 03:00:00,6664.563307360216
2019-06-09 03:30:00,6561.997086877476
2019-06-09 04:00:00,6401.410185548785
2019-06-09 04:30:00,6385.946877863782
2019-06-09 05:00:00,6412.3461487472305
2019-06-09 05:30:00,6513.150926950624
2019-06-09 06:00:00,6633.727746087523
2019-06-09 06:30:00,7011.322219042649
2019-06-09 07:00:00,7235.774393327392
2019-06-09 07:30:00,7690.516197068318
2019-06-09 08:00:00,8020.25305532777
2019-06-09 08:30:00,8360.887608023391
2019-06-09 09:00:00,8598.454945408257
2019-06-09 09:30:00,8760.414315402011
2019-06-09 10:00:00,8921.64157730114
2019-06-09 10:30:00,8921.64157730114
2019-06-09 11:00:00,8839.325362130612
2019-06-09 11:30:00,8737.282261522814
2019-06-09 12:00:00,8709.242823863755
2019-06-09 12:30:00,8724.635307140072
2019-06-09 13:00:00,8634.851891942513
2019-06-09 13:30:00,8524.916737395974
2019-06-09 14:00:00,8470.736737689998
2019-06-09 14:30:00,8484.480690041944
2019-06-09 15:00:00,8408.639347811246
2019-06-09 15:30:00,8534.422226579325
2019-06-09 16:00:00,8755.448319852465
2019-06-09 16:30:00,8970.290418856184
2019-06-09 17:00:00,9569.449379145884
2019-06-09 17:30:00,9792.179073609654
2019-06-09 18:00:00,10235.18202546206
2019-06-09 18:30:00,10223.954387796177
2019-06-09 19:00:00,10068.930485564955
2019-06-09 19:30:00,9804.536038179349
2019-06-09 20:00:00,9652.03862277184
2019-06-09 20:30:00,9422.134907598052
2019-06-09 21:00:00,9211.386846867976
2019-06-09 21:30:00,9053.759335955065
2019-06-09 22:00:00,8648.202539010143
2019-06-09 22:30:00,8553.679388476701
2019-06-09 23:00:00,8257.193073027203
2019-06-09 23:30:00,8115.018511276649
2019-06-10 00:00:00,7790.911391438443
2019-06-10 00:30:00,7194.638943381924
2019-06-10 01:00:00,7230.137829520757
2019-06-10 01:30:00,7174.361511624823
2019-06-10 02:00:00,7086.703722299664
2019-06-10 02:30:00,6628.588014888231
2019-06-10 03:00:00,6533.294984887909
2019-06-10 03:30:00,6437.005620841
2019-06-10 04:00:00,6415.413977840813
2019-06-10 04:30:00,6357.355772965323
2019-06-10 05:00:00,6408.107684607554
2019-06-10 05:30:00,6432.797723988727
2019-06-10 06:00:00,6952.594246299126
2019-06-10 06:30:00,7105.486870143619
2019-06-10 07:00:00,7702.810081171305
2019-06-10 07:30:00,7876.03078709927
2019-06-10 08:00:00,8245.33757301925
2019-06-10 08:30:00,8473.233374510979
2019-06-10 09:00:00,8178.557261954057
2019-06-10 09:30:00,8083.523543128003
2019-06-10 10:00:00,8114.76747787202
2019-06-10 10:30:00,7904.325824998129
2019-06-10 11:00:00,7799.57291457054
2019-06-10 11:30:00,7654.932785077446
2019-06-10 12:00:00,7593.323235557136
2019-06-10 12:30:00,7344.259502304783
2019-06-10 13:00:00,7398.745716904191
2019-06-10 13:30:00,7398.745716904191
2019-06-10 14:00:00,7389.627204732092
2019-06-10 14:30:00,7489.621377463734
2019-06-10 15:00:00,7668.370163875727
2019-06-10 15:30:00,7695.364110183591
2019-06-10 16:00:00,7919.649825037922
2019-06-10 16:30:00,8066.722882653635
2019-06-10 17:00:00,8488.57726732804
2019-06-10 17:30:00,8713.264140436782
2019-06-10 18:00:00,9168.686350640255
2019-06-10 18:30:00,9253.592885640232
2019-06-10 19:00:00,9103.954100118763
2019-06-10 19:30:00,8886.629396554586
2019-06-10 20:00:00,8736.519706391673
2019-06-10 20:30:00,8646.7720550819
2019-06-10 21:00:00,8480.753522382829
2019-06-10 21:30:00,8312.204888537026
2019-06-10 22:00:00,8254.28054548254
2019-06-10 22:30:00,8212.273627328017
2019-06-10 23:00:00,7906.56549492827
2019-06-10 23:30:00,7820.178936304105
2019-06-11 00:00:00,8333.984376533323
2019-06-11 00:30:00,8097.126203206461
2019-06-11 01:00:00,7847.3991565150345
2019-06-11 01:30:00,7676.714423393692
2019-06-11 02:00:00,7468.787228774885
2019-06-11 02:30:00,7101.280850378787
2019-06-11 03:00:00,6753.161517834311
2019-06-11 03:30:00,6661.2382749840735
2019-06-11 04:00:00,6479.218838820799
2019-06-11 04:30:00,6479.218838820799
2019-06-11 05:00:00,6420.096124629798
2019-06-11 05:30:00,6596.823660113893
2019-06-11 06:00:00,7043.162584411653
2019-06-11 06:30:00,7303.735348769604
2019-06-11 07:00:00,8237.895430999572
2019-06-11 07:30:00,8180.772878041833
2019-06-11 08:00:00,8372.967421120251
2019-06-11 08:30:00,8469.203630051703
2019-06-11 09:00:00,8316.27142116596
2019-06-11 09:30:00,8374.410671822932
2019-06-11 10:00:00,8110.2123426988555
2019-06-11 10:30:00,8220.583669712792
2019-06-11 11:00:00,8102.665875327791
2019-06-11 11:30:00,8015.068409458401
2019-06-11 12:00:00,7882.3819997414075
2019-06-11 12:30:00,7882.3819997414075
2019-06-11 13:00:00,7914.672141835983
2019-06-11 13:30:00,7914.672141835983
2019-06-11 14:00:00,7944.071577741083
2019-06-11 14:30:00,7935.156108193562
2019-06-11 15:00:00,7900.703527962022
2019-06-11 15:30:00,7997.904511819585
2019-06-11 16:00:00,8256.713139329164
2019-06-11 16:30:00,8453.658239967503
2019-06-11 17:00:00,8719.590569265962
2019-06-11 17:30:00,9196.857363514642
2019-06-11 18:00:00,9623.86077894911
2019-06-11 18:30:00,9530.483450120666
2019-06-11 19:00:00,9462.694848762363
2019-06-11 19:30:00,9304.52862572415
2019-06-11 20:00:00,9031.022754702408
2019-06-11 20:30:00,8889.11507640918
2019-06-11 21:00:00,8746.045607496237
2019-06-11 21:30:00,8630.720929392113
2019-06-11 22:00:00,8519.60745042936
2019-06-11 22:30:00,8456.756482196628
2019-06-11 23:00:00,8295.840137029287
2019-06-11 23:30:00,8231.09806522069
2019-06-12 00:00:00,7793.418869311712
2019-06-12 00:30:00,7728.41603656679
2019-06-12 01:00:00,7512.944489923566
2019-06-12 01:30:00,7231.625377560062
2019-06-12 02:00:00,7032.544855034949
2019-06-12 02:30:00,6835.230836742862
2019-06-12 03:00:00,6585.962519915955
2019-06-12 03:30:00,6503.685411278369
2019-06-12 04:00:00,6405.273046341568
2019-06-12 04:30:00,6400.25661311742
2019-06-12 05:00:00,6590.405759526919
2019-06-12 05:30:00,6919.286770155319
2019-06-12 06:00:00,7353.538616425432
2019-06-12 06:30:00,8145.114017914469
2019-06-12 07:00:00,8774.878375033972
2019-06-12 07:30:00,9225.66386300264
2019-06-12 08:00:00,9444.7740139498
2019-06-12 08:30:00,9275.530356566405
2019-06-12 09:00:00,8990.752095113685
2019-06-12 09:30:00,8779.023636150934
2019-06-12 10:00:00,8542.56957501914
2019-06-12 10:30:00,8431.124805017167
2019-06-12 11:00:00,8207.969059493256
2019-06-12 11:30:00,8058.819136386318
2019-06-12 12:00:00,7916.218775683073
2019-06-12 12:30:00,7825.0740710655355
2019-06-12 13:00:00,7832.598464615254
2019-06-12 13:30:00,7773.56026736124
2019-06-12 14:00:00,7847.480702082304
2019-06-12 14:30:00,7900.173765032513
2019-06-12 15:00:00,7903.464704788744
2019-06-12 15:30:00,8075.08394943155
2019-06-12 16:00:00,8328.929185980825
2019-06-12 16:30:00,8487.571665480475
2019-06-12 17:00:00,8917.986581009902
2019-06-12 17:30:00,9438.576913469893
2019-06-12 18:00:00,9940.747124399346
2019-06-12 18:30:00,9956.489423789912
2019-06-12 19:00:00,9851.538444607824
2019-06-12 19:30:00,9692.277843264137
2019-06-12 20:00:00,9421.548194426749
2019-06-12 20:30:00,9257.653251002988
2019-06-12 21:00:00,9137.586488238918
2019-06-12 21:30:00,8944.198222549916
2019-06-12 22:00:00,8640.19532237084
2019-06-12 22:30:00,8602.535670022944
2019-06-12 23:00:00,8353.058854361465
2019-06-12 23:30:00,8276.552268941175
2019-06-13 00:00:00,8148.369642615769
2019-06-13 00:30:00,7958.391239746473
2019-06-13 01:00:00,7714.835602362324
2019-06-13 01:30:00,7563.119314854075
2019-06-13 02:00:00,7235.06366856183
2019-06-13 02:30:00,6963.972928079746
2019-06-13 03:00:00,6687.267447605404
2019-06-13 03:30:00,6547.036781456467
2019-06-13 04:00:00,6440.329957681905
2019-06-13 04:30:00,6456.736763081321
2019-06-13 05:00:00,6634.7118521596085
2019-06-13 05:30:00,6893.28897203082
2019-06-13 06:00:00,7444.857762699798
2019-06-13 06:30:00,8183.449503072327
2019-06-13 07:00:00,8899.019606467731
2019-06-13 07:30:00,9217.711058462435
2019-06-13 08:00:00,9446.068312609643
2019-06-13 08:30:00,9420.876715812705
2019-06-13 09:00:00,9114.99409693919
2019-06-13 09:30:00,8909.287148979658
2019-06-13 10:00:00,8735.725203410517
2019-06-13 10:30:00,8481.6349476565
2019-06-13 11:00:00,8407.344456772904
2019-06-13 11:30:00,8152.933061407445
2019-06-13 12:00:00,8069.777189183517
2019-06-13 12:30:00,8028.786849509198
2019-06-13 13:00:00,7999.060949517685
2019-06-13 13:30:00,8079.552695688088
2019-06-13 14:00:00,8005.142309146654
2019-06-13 14:30:00,8015.68002787143
2019-06-13 15:00:00,8117.837058842905
2019-06-13 15:30:00,8086.529059686828
2019-06-13 16:00:00,8294.549622976218
2019-06-13 16:30:00,8515.291836160708
2019-06-13 17:00:00,8873.156210109071
2019-06-13 17:30:00,9381.913708525593
2019-06-13 18:00:00,9869.202779259604
2019-06-13 18:30:00,9807.999940098185
2019-06-13 19:00:00,9677.709473172925
2019-06-13 19:30:00,9464.823343381764
2019-06-13 20:00:00,9234.688728246012
2019-06-13 20:30:00,9102.254009372085
2019-06-13 21:00:00,8809.311056984863
2019-06-13 21:30:00,8607.21592564336
2019-06-13 22:00:00,8372.065385920032
2019-06-13 22:30:00,8360.232551876563
2019-06-13 23:00:00,8145.899495457032
2019-06-13 23:30:00,8055.565365709214
2019-06-14 00:00:00,7931.640206418415
2019-06-14 00:30:00,7785.805064352644
2019-06-14 01:00:00,7607.652142717279
2019-06-14 01:30:00,7383.999016715473
2019-06-14 02:00:00,7157.173586113952
2019-06-14 02:30:00,6880.62296761707
2019-06-14 03:00:00,6549.089312743857
2019-06-14 03:30:00,6408.8027931991455
2019-06-14 04:00:00,6315.210044638567
2019-06-14 04:30:00,6315.210044638567
2019-06-14 05:00:00,6529.127994710565
2019-06-14 05:30:00,6803.240815019516
2019-06-14 06:00:00,7131.311337190501
2019-06-14 06:30:00,7856.11101227707
2019-06-14 07:00:00,8459.241688277705
2019-06-14 07:30:00,8738.74253638723
2019-06-14 08:00:00,8949.653604664409
2019-06-14 08:30:00,8949.653604664409
2019-06-14 09:00:00,8805.504768370089
2019-06-14 09:30:00,8695.523451183306
2019-06-14 10:00:00,8568.869818349734
2019-06-14 10:30:00,8491.070857728278
2019-06-14 11:00:00,8387.225790852051
2019-06-14 11:30:00,8285.184683149113
2019-06-14 12:00:00,8212.384100953659
2019-06-14 12:30:00,8160.696944990575
2019-06-14 13:00:00,8157.84804787143
2019-06-14 13:30:00,8157.84804787143
2019-06-14 14:00:00,8154.3103289004
2019-06-14 14:30:00,8113.307387196186
2019-06-14 15:00:00,8211.345270212774
2019-06-14 15:30:00,8254.977984985158
2019-06-14 16:00:00,8403.2024375167
2019-06-14 16:30:00,8537.82281120698
2019-06-14 17:00:00,8788.027793179503
2019-06-14 17:30:00,9262.852029546812
2019-06-14 18:00:00,9498.67798080275
2019-06-14 18:30:00,9476.123568381947
2019-06-14 19:00:00,9306.583590205631
2019-06-14 19:30:00,9130.056480612182
2019-06-14 20:00:00,8979.431848461021
2019-06-14 20:30:00,8929.614584092924
2019-06-14 21:00:00,8934.389601557776
2019-06-14 21:30:00,8722.661142595025
2019-06-14 22:00:00,8549.66478340828
2019-06-14 22:30:00,8549.66478340828
2019-06-14 23:00:00,8395.864400603272
2019-06-14 23:30:00,8287.44750842322
2019-06-15 00:00:00,7879.641599190366
2019-06-15 00:30:00,7820.990476041359
2019-06-15 01:00:00,7719.885576841825
2019-06-15 01:30:00,7540.614531707516
2019-06-15 02:00:00,7217.194830071043
2019-06-15 02:30:00,7002.048062447825
2019-06-15 03:00:00,6688.279769136306
2019-06-15 03:30:00,6599.746495636667
2019-06-15 04:00:00,6519.406658370912
2019-06-15 04:30:00,6524.4723322798145
2019-06-15 05:00:00,6429.865826348147
2019-06-15 05:30:00,6741.645418387414
2019-06-15 06:00:00,6841.064327691127
2019-06-15 06:30:00,7120.987132152724
2019-06-15 07:00:00,7714.940672745022
2019-06-15 07:30:00,8126.084143929821
2019-06-15 08:00:00,8551.34872311176
2019-06-15 08:30:00,8551.34872311176
2019-06-15 09:00:00,8541.256334515861
2019-06-15 09:30:00,8354.505152452613
2019-06-15 10:00:00,8175.129721851897
2019-06-15 10:30:00,7952.355276871378
2019-06-15 11:00:00,7796.338741868426
2019-06-15 11:30:00,7610.05060646053
2019-06-15 12:00:00,7560.264152083279
2019-06-15 12:30:00,7553.455920732954
2019-06-15 13:00:00,7480.982205824303
2019-06-15 13:30:00,7480.982205824303
2019-06-15 14:00:00,7566.231685327889
2019-06-15 14:30:00,7573.675485132864
2019-06-15 15:00:00,7563.012833219855
2019-06-15 15:30:00,7590.70499162016
2019-06-15 16:00:00,7763.501979261759
2019-06-15 16:30:00,7998.455748882637
2019-06-15 17:00:00,8393.188971606845
2019-06-15 17:30:00,8893.52330480811
2019-06-15 18:00:00,9485.736612631212
2019-06-15 18:30:00,9481.368881684939
2019-06-15 19:00:00,9463.302635536667
2019-06-15 19:30:00,9251.557795193983
2019-06-15 20:00:00,9017.334496732225
2019-06-15 20:30:00,8915.083161825693
2019-06-15 21:00:00,8730.142995554927
2019-06-15 21:30:00,8585.961739987328
2019-06-15 22:00:00,8334.422624999732
2019-06-15 22:30:00,8341.622331801083
2019-06-15 23:00:00,8162.4927829150165
2019-06-15 23:30:00,8158.675127329555
2019-06-16 00:00:00,8106.043913119113
2019-06-16 00:30:00,7917.676307821346
2019-06-16 01:00:00,7641.622637948032
2019-06-16 01:30:00,7394.880908353092
2019-06-16 02:00:00,7220.89840798138
2019-06-16 02:30:00,6870.510033444032
2019-06-16 03:00:00,6726.297288789488
2019-06-16 03:30:00,6537.12464736888
2019-06-16 04:00:00,6376.537746040189
2019-06-16 04:30:00,6376.537746040189
2019-06-16 05:00:00,6449.417297993788
2019-06-16 05:30:00,6558.937606142079
2019-06-16 06:00:00,6714.1895147284295
2019-06-16 06:30:00,7072.2313486485655
2019-06-16 07:00:00,7405.01325239412
2019-06-16 07:30:00,7782.695841701677
2019-06-16 08:00:00,8198.78974629944
2019-06-16 08:30:00,8423.16398836001
2019-06-16 09:00:00,8380.052651546639
2019-06-16 09:30:00,8351.649574199657
2019-06-16 10:00:00,8161.3295254718405
2019-06-16 10:30:00,8038.4035723118695
2019-06-16 11:00:00,7821.591939031747
2019-06-16 11:30:00,7593.531329020108
2019-06-16 12:00:00,7390.733784260831
2019-06-16 12:30:00,7304.428233861234
2019-06-16 13:00:00,7210.11790842209
2019-06-16 13:30:00,7147.567948620496
2019-06-16 14:00:00,7192.020413096338
2019-06-16 14:30:00,7155.311262251586
2019-06-16 15:00:00,7240.065445794288
2019-06-16 15:30:00,7378.744819618224
2019-06-16 16:00:00,7762.868550108612
2019-06-16 16:30:00,8044.819004488064
2019-06-16 17:00:00,8654.768024911895
2019-06-16 17:30:00,9218.547751248268
2019-06-16 18:00:00,9882.615972510719
2019-06-16 18:30:00,9882.615972510719
2019-06-16 19:00:00,9728.359877330282
2019-06-16 19:30:00,9618.613572567629
2019-06-16 20:00:00,9422.134907598052
2019-06-16 20:30:00,9309.335909202131
2019-06-16 21:00:00,9053.759335955065
2019-06-16 21:30:00,8846.773039913065
2019-06-16 22:00:00,8426.615402021356
2019-06-16 22:30:00,8439.924607817997
2019-06-16 23:00:00,8172.378018326318
2019-06-16 23:30:00,8020.923233700046
2019-06-17 00:00:00,7920.8548070665975
2019-06-17 00:30:00,7626.801880018577
2019-06-17 01:00:00,7580.161377487855
2019-06-17 01:30:00,7498.209638108432
2019-06-17 02:00:00,7313.369019080804
2019-06-17 02:30:00,6919.258212027336
2019-06-17 03:00:00,6684.623149421465
2019-06-17 03:30:00,6522.181617857584
2019-06-17 04:00:00,6601.125567150736
2019-06-17 04:30:00,6601.125567150736
2019-06-17 05:00:00,7011.991850934543
2019-06-17 05:30:00,7073.046560399379
2019-06-17 06:00:00,7944.347152898366
2019-06-17 06:30:00,8104.991142012267
2019-06-17 07:00:00,8997.286961357919
2019-06-17 07:30:00,9134.18477785312
2019-06-17 08:00:00,9383.267957749953
2019-06-17 08:30:00,9607.092244977226
2019-06-17 09:00:00,9585.531496209253
2019-06-17 09:30:00,9797.157052734165
2019-06-17 10:00:00,9637.66792498249
2019-06-17 10:30:00,9684.507345446162
2019-06-17 11:00:00,9631.861444062877
2019-06-17 11:30:00,9584.932954208049
2019-06-17 12:00:00,9577.36034410561
2019-06-17 12:30:00,9499.8373017751
2019-06-17 13:00:00,9458.118676029046
2019-06-17 13:30:00,9458.118676029046
2019-06-17 14:00:00,9473.312465174295
2019-06-17 14:30:00,9473.312465174295
2019-06-17 15:00:00,9473.042950729641
2019-06-17 15:30:00,9594.284599670083
2019-06-17 16:00:00,9744.458393778374
2019-06-17 16:30:00,10012.522623406405
2019-06-17 17:00:00,10299.530865418366
2019-06-17 17:30:00,10819.700957255716
2019-06-17 18:00:00,11092.768559680098
2019-06-17 18:30:00,11092.768559680098
2019-06-17 19:00:00,10955.539376337145
2019-06-17 19:30:00,10783.155534392166
2019-06-17 20:00:00,10426.636040354744
2019-06-17 20:30:00,10329.443643944489
2019-06-17 21:00:00,10001.433842137942
2019-06-17 21:30:00,9717.836264881698
2019-06-17 22:00:00,9347.611678885469
2019-06-17 22:30:00,9253.843768566969
2019-06-17 23:00:00,9067.713539093746
2019-06-17 23:30:00,8845.528553459784
2019-06-18 00:00:00,8511.481310029803
2019-06-18 00:30:00,8354.45225245483
2019-06-18 01:00:00,8180.703015728636
2019-06-18 01:30:00,7977.215645157298
2019-06-18 02:00:00,7766.691196089164
2019-06-18 02:30:00,7582.16041857021
2019-06-18 03:00:00,7338.380684163589
2019-06-18 03:30:00,7053.290669781454
2019-06-18 04:00:00,6912.008782839879
2019-06-18 04:30:00,6994.464682189542
2019-06-18 05:00:00,7161.263857153771
2019-06-18 05:30:00,7487.719415675064
2019-06-18 06:00:00,8066.948896625768
2019-06-18 06:30:00,8701.336287119322
2019-06-18 07:00:00,9317.463150789796
2019-06-18 07:30:00,9761.05071611745
2019-06-18 08:00:00,9994.415935469016
2019-06-18 08:30:00,9994.415935469016
2019-06-18 09:00:00,9802.776680663566
2019-06-18 09:30:00,9685.458650365645
2019-06-18 10:00:00,9460.718437141704
2019-06-18 10:30:00,9338.133492619467
2019-06-18 11:00:00,9191.287382111637
2019-06-18 11:30:00,9053.501737738326
2019-06-18 12:00:00,8988.311387501624
2019-06-18 12:30:00,8957.695870317004
2019-06-18 13:00:00,8984.263919631438
2019-06-18 13:30:00,8983.35414016762
2019-06-18 14:00:00,8997.38916524744
2019-06-18 14:30:00,9039.860271218027
2019-06-18 15:00:00,9024.959262095022
2019-06-18 15:30:00,9270.940728504096
2019-06-18 16:00:00,9468.013347059805
2019-06-18 16:30:00,9846.73611480063
2019-06-18 17:00:00,10212.661235131622
2019-06-18 17:30:00,10672.393993100419
2019-06-18 18:00:00,11279.515774650834
2019-06-18 18:30:00,11148.057356034606
2019-06-18 19:00:00,11078.989452900576
2019-06-18 19:30:00,10766.964523855782
2019-06-18 20:00:00,10484.985158867841
2019-06-18 20:30:00,10296.63401087719
2019-06-18 21:00:00,9986.683166550234
2019-06-18 21:30:00,9780.636187716565
2019-06-18 22:00:00,9410.280810942037
2019-06-18 22:30:00,9327.006463665943
2019-06-18 23:00:00,8927.858972988246
2019-06-18 23:30:00,8744.961414208872
2019-06-19 00:00:00,8443.854155676681
2019-06-19 00:30:00,8283.043510348347
2019-06-19 01:00:00,8045.482921637507
2019-06-19 01:30:00,7856.946406194941
2019-06-19 02:00:00,7595.323763878909
2019-06-19 02:30:00,7194.188531318483
2019-06-19 03:00:00,6959.236645848707
2019-06-19 03:30:00,6806.166250175817
2019-06-19 04:00:00,6699.531208072775
2019-06-19 04:30:00,6699.531208072775
2019-06-19 05:00:00,6889.748252551382
2019-06-19 05:30:00,7176.109367909397
2019-06-19 06:00:00,7726.485925533691
2019-06-19 06:30:00,8485.420980267323
2019-06-19 07:00:00,9142.045884481204
2019-06-19 07:30:00,9552.284040604121
2019-06-19 08:00:00,9815.336852851628
2019-06-19 08:30:00,9729.181032295399
2019-06-19 09:00:00,9509.58631163901
2019-06-19 09:30:00,9390.428416722412
2019-06-19 10:00:00,9190.361669004136
2019-06-19 10:30:00,9034.27278461119
2019-06-19 11:00:00,8779.500403240078
2019-06-19 11:30:00,8632.436500777492
2019-06-19 12:00:00,8574.818989341979
2019-06-19 12:30:00,8495.923690518533
2019-06-19 13:00:00,8475.686263539583
2019-06-19 13:30:00,8517.025923213052
2019-06-19 14:00:00,8516.227070817245
2019-06-19 14:30:00,8499.479969386255
2019-06-19 15:00:00,8598.133791118893
2019-06-19 15:30:00,8605.962568663435
2019-06-19 16:00:00,8879.575357632622
2019-06-19 16:30:00,9211.71109944772
2019-06-19 17:00:00,9651.463043261054
2019-06-19 17:30:00,10116.145624996692
2019-06-19 18:00:00,10609.876528445468
2019-06-19 18:30:00,10663.022801569576
2019-06-19 19:00:00,10518.5001735152
2019-06-19 19:30:00,10375.957531868838
2019-06-19 20:00:00,10107.982271389412
2019-06-19 20:30:00,9849.52355471528
2019-06-19 21:00:00,9620.510673324796
2019-06-19 21:30:00,9380.527259521721
2019-06-19 22:00:00,9078.383957918117
2019-06-19 22:30:00,8979.265818024127
2019-06-19 23:00:00,8600.412159562045
2019-06-19 23:30:00,8483.79630166677
2019-06-20 00:00:00,8372.412022617871
2019-06-20 00:30:00,8250.410750318706
2019-06-20 01:00:00,8043.58435437291
2019-06-20 01:30:00,7757.725735699056
2019-06-20 02:00:00,7558.262314048317
2019-06-20 02:30:00,7231.246012976369
2019-06-20 03:00:00,7015.2527615117315
2019-06-20 03:30:00,6826.304896295195
2019-06-20 04:00:00,6757.698952501644
2019-06-20 04:30:00,6807.770178270569
2019-06-20 05:00:00,6939.310443893123
2019-06-20 05:30:00,7409.844234695067
2019-06-20 06:00:00,7882.07413179803
2019-06-20 06:30:00,8669.41107146126
2019-06-20 07:00:00,9413.625303576006
2019-06-20 07:30:00,9827.61803284194
2019-06-20 08:00:00,10081.138949291748
2019-06-20 08:30:00,9992.087080596635
2019-06-20 09:00:00,9708.211446788398
2019-06-20 09:30:00,9428.172159389072
2019-06-20 10:00:00,9122.08060445782
2019-06-20 10:30:00,8906.572427593139
2019-06-20 11:00:00,8558.421656492748
2019-06-20 11:30:00,8356.702249700265
2019-06-20 12:00:00,8238.231279577398
2019-06-20 12:30:00,8081.779561307544
2019-06-20 13:00:00,8027.391861857516
2019-06-20 13:30:00,8027.391861857516
2019-06-20 14:00:00,8057.688876170114
2019-06-20 14:30:00,8081.779561307544
2019-06-20 15:00:00,8144.6305295402735
2019-06-20 15:30:00,8314.737864997687
2019-06-20 16:00:00,8600.50403367262
2019-06-20 16:30:00,9035.308814323394
2019-06-20 17:00:00,9656.432742368492
2019-06-20 17:30:00,10357.280065757652
2019-06-20 18:00:00,11120.167211452119
2019-06-20 18:30:00,11153.206221795836
2019-06-20 19:00:00,11049.62944662106
2019-06-20 19:30:00,10914.945598765149
2019-06-20 20:00:00,10779.193033641477
2019-06-20 20:30:00,10685.366316863425
2019-06-20 21:00:00,10443.414143937867
2019-06-20 21:30:00,10145.755715676738
2019-06-20 22:00:00,9760.370021273518
2019-06-20 22:30:00,9568.14955537101
2019-06-20 23:00:00,9169.002065273662
2019-06-20 23:30:00,9085.727717997568
2019-06-21 00:00:00,8848.219861746797
2019-06-21 00:30:00,8672.674239012696
2019-06-21 01:00:00,8450.68799880319
2019-06-21 01:30:00,8241.47310058971
2019-06-21 02:00:00,7978.138852917917
2019-06-21 02:30:00,7684.672118607055
2019-06-21 03:00:00,7438.64325214381
2019-06-21 03:30:00,7255.064310284037
2019-06-21 04:00:00,7120.284784880477
2019-06-21 04:30:00,7191.088930480639
2019-06-21 05:00:00,7425.095577837607
2019-06-21 05:30:00,7806.344705685451
2019-06-21 06:00:00,8312.633306192423
2019-06-21 06:30:00,9118.407200336955
2019-06-21 07:00:00,9952.674876566292
2019-06-21 07:30:00,10421.23736932819
2019-06-21 08:00:00,10747.620384656646
2019-06-21 08:30:00,10571.17583784169
2019-06-21 09:00:00,10283.3102597437
2019-06-21 09:30:00,10078.598941118478
2019-06-21 10:00:00,9781.018061637198
2019-06-21 10:30:00,9500.978774237872
2019-06-21 11:00:00,9209.253323236415
2019-06-21 11:30:00,8961.819273762265
2019-06-21 12:00:00,8780.202353250084
2019-06-21 12:30:00,8633.1384507875
2019-06-21 13:00:00,8602.8414364749
2019-06-21 13:30:00,8675.163101313787
2019-06-21 14:00:00,8794.151986511724
2019-06-21 14:30:00,8850.883658177292
2019-06-21 15:00:00,8922.85669806769
2019-06-21 15:30:00,9108.174145951582
2019-06-21 16:00:00,9516.651738838656
2019-06-21 16:30:00,9853.384088393388
2019-06-21 17:00:00,10312.858981744814
2019-06-21 17:30:00,10917.742021618285
2019-06-21 18:00:00,11233.381076918822
2019-06-21 18:30:00,11480.800686920744
2019-06-21 19:00:00,11113.803000257056
2019-06-21 19:30:00,11134.129154459657
2019-06-21 20:00:00,10938.4546452902
2019-06-21 20:30:00,10771.793419183557
2019-06-21 21:00:00,10793.388529524003
2019-06-21 21:30:00,10463.41901648133
2019-06-21 22:00:00,10191.084928100041
2019-06-21 22:30:00,9990.821955018971
2019-06-21 23:00:00,9598.317099417574
2019-06-21 23:30:00,9424.342457364528
2019-06-22 00:00:00,8861.406002921456
2019-06-22 00:30:00,8602.19132547727
2019-06-22 01:00:00,8368.8576866606
2019-06-22 01:30:00,8141.589646117869
2019-06-22 02:00:00,7892.985343774059
2019-06-22 02:30:00,7754.506446560839
2019-06-22 03:00:00,7401.069951123748
2019-06-22 03:30:00,7260.1846430940095
2019-06-22 04:00:00,7164.212931438858
2019-06-22 04:30:00,7190.711975858889
2019-06-22 05:00:00,7187.197397316146
2019-06-22 05:30:00,7347.293153419516
2019-06-22 06:00:00,7408.984678987522
2019-06-22 06:30:00,8278.954176732968
2019-06-22 07:00:00,8661.284735272538
2019-06-22 07:30:00,9293.63756864222
2019-06-22 08:00:00,9929.738648297338
2019-06-22 08:30:00,9899.956311727701
2019-06-22 09:00:00,9675.996383997675
2019-06-22 09:30:00,9502.955577890216
2019-06-22 10:00:00,9272.40829308568
2019-06-22 10:30:00,9016.837659804309
2019-06-22 11:00:00,8722.882427213168
2019-06-22 11:30:00,8375.372109747865
2019-06-22 12:00:00,8273.614382827029
2019-06-22 12:30:00,8076.057103018309
2019-06-22 13:00:00,8054.839019771406
2019-06-22 13:30:00,8014.660160517157
2019-06-22 14:00:00,7946.577830351343
2019-06-22 14:30:00,7984.7135454776
2019-06-22 15:00:00,8083.276206424926
2019-06-22 15:30:00,8125.01188840478
2019-06-22 16:00:00,8534.866088638048
2019-06-22 16:30:00,9117.914091526356
2019-06-22 17:00:00,9742.98046680955
2019-06-22 17:30:00,10318.829231120508
2019-06-22 18:00:00,10988.685776745026
2019-06-22 18:30:00,10846.650228348508
2019-06-22 19:00:00,10828.583982200236
2019-06-22 19:30:00,10828.583982200236
2019-06-22 20:00:00,10478.913985212952
2019-06-22 20:30:00,10371.239932644805
2019-06-22 21:00:00,10239.867512660041
2019-06-22 21:30:00,9935.77079106826
2019-06-22 22:00:00,9619.584361915047
2019-06-22 22:30:00,9492.369245841463
2019-06-22 23:00:00,9216.376470187231
2019-06-22 23:30:00,8991.643989068583
2019-06-23 00:00:00,9034.641739012304
2019-06-23 00:30:00,8741.721613187308
2019-06-23 01:00:00,8469.44013643384
2019-06-23 01:30:00,8154.380952154085
2019-06-23 02:00:00,7996.153870996724
2019-06-23 02:30:00,7653.611266356899
2019-06-23 03:00:00,7455.5630453293
2019-06-23 03:30:00,7174.811201025625
2019-06-23 04:00:00,7047.3152307349665
2019-06-23 04:30:00,7053.635323316606
2019-06-23 05:00:00,7016.200518706085
2019-06-23 05:30:00,7184.875850922838
2019-06-23 06:00:00,7324.370051175364
2019-06-23 06:30:00,7821.610521416582
2019-06-23 07:00:00,8146.473222040191
2019-06-23 07:30:00,8766.198718294365
2019-06-23 08:00:00,9297.624533561871
2019-06-23 08:30:00,9505.841282389758
2019-06-23 09:00:00,9467.55551709112
2019-06-23 09:30:00,9475.572916300047
2019-06-23 10:00:00,9271.45898633662
2019-06-23 10:30:00,9018.755715894104
2019-06-23 11:00:00,8868.275456273434
2019-06-23 11:30:00,8568.393796328932
2019-06-23 12:00:00,8357.751831993888
2019-06-23 12:30:00,8277.446101279418
2019-06-23 13:00:00,8327.45481768129
2019-06-23 13:30:00,8207.755459556436
2019-06-23 14:00:00,8304.988954478642
2019-06-23 14:30:00,8226.40245646631
2019-06-23 15:00:00,8402.87578724547
2019-06-23 15:30:00,8681.28984059577
2019-06-23 16:00:00,8970.290418856184
2019-06-23 16:30:00,9392.281809374763
2019-06-23 17:00:00,10173.116422468722
2019-06-23 17:30:00,10494.264105845166
2019-06-23 18:00:00,10980.307498776725
2019-06-23 18:30:00,10980.307498776725
2019-06-23 19:00:00,10898.538043442084
2019-06-23 19:30:00,10757.65569325084
2019-06-23 20:00:00,10549.979534206112
2019-06-23 20:30:00,10462.360574025075
2019-06-23 21:00:00,10171.818681260096
2019-06-23 21:30:00,10127.12955817482
2019-06-23 22:00:00,9650.382923391442
2019-06-23 22:30:00,9512.492051658712
2019-06-23 23:00:00,9078.435204219839
2019-06-23 23:30:00,8836.053627253339
2019-06-24 00:00:00,9040.877501792585
2019-06-24 00:30:00,8582.338357658233
2019-06-24 01:00:00,8444.186432463792
2019-06-24 01:30:00,8062.098988570996
2019-06-24 02:00:00,7969.993346651675
2019-06-24 02:30:00,7663.922600509596
2019-06-24 03:00:00,7557.4584178438845
2019-06-24 03:30:00,7389.163877598442
2019-06-24 04:00:00,7589.44840464578
2019-06-24 04:30:00,7589.44840464578
2019-06-24 05:00:00,7745.660865316038
2019-06-24 05:30:00,7935.459954169015
2019-06-24 06:00:00,8473.901486123319
2019-06-24 06:30:00,8673.408180990982
2019-06-24 07:00:00,9452.60240996071
2019-06-24 07:30:00,9876.43413156781
2019-06-24 08:00:00,10416.446332886957
2019-06-24 08:30:00,10382.582228453226
2019-06-24 09:00:00,10589.53234518587
2019-06-24 09:30:00,10627.962729384031
2019-06-24 10:00:00,10242.015742249861
2019-06-24 10:30:00,10173.676082166761
2019-06-24 11:00:00,9902.999038810123
2019-06-24 11:30:00,9627.632924645826
2019-06-24 12:00:00,9577.36034410561
2019-06-24 12:30:00,9611.059120872205
2019-06-24 13:00:00,9510.945976062507
2019-06-24 13:30:00,9510.945976062507
2019-06-24 14:00:00,9559.838541974352
2019-06-24 14:30:00,9562.25711893826
2019-06-24 15:00:00,9709.333217415291
2019-06-24 15:30:00,9977.397447043322
2019-06-24 16:00:00,10149.96166933468
2019-06-24 16:30:00,10508.214473100328
2019-06-24 17:00:00,10983.308341589043
2019-06-24 17:30:00,11299.506979491975
2019-06-24 18:00:00,11929.265273495927
2019-06-24 18:30:00,11929.265273495927
2019-06-24 19:00:00,11708.165653913084
2019-06-24 19:30:00,11552.303080162957
2019-06-24 20:00:00,11286.340704447775
2019-06-24 20:30:00,11149.629316616682
2019-06-24 21:00:00,10804.133527877517
2019-06-24 21:30:00,10628.99357961532
2019-06-24 22:00:00,10327.36840200726
2019-06-24 22:30:00,9999.374441245413
2019-06-24 23:00:00,9787.40260588556
2019-06-24 23:30:00,9388.197760417948
2019-06-25 00:00:00,8899.01249976746
2019-06-25 00:30:00,8790.816188673934
2019-06-25 01:00:00,8558.22796251121
2019-06-25 01:30:00,8454.520835173804
2019-06-25 02:00:00,8146.172706495659
2019-06-25 02:30:00,7891.545585017064
2019-06-25 03:00:00,7631.125108326495
2019-06-25 03:30:00,7487.599369445696
2019-06-25 04:00:00,7431.983553205548
2019-06-25 04:30:00,7495.228467725133
2019-06-25 05:00:00,7553.686055349605
2019-06-25 05:30:00,7962.590612409451
2019-06-25 06:00:00,8394.886532418419
2019-06-25 06:30:00,9116.175092972619
2019-06-25 07:00:00,9902.827168096148
2019-06-25 07:30:00,10427.246255357162
2019-06-25 08:00:00,10755.107510739741
2019-06-25 08:30:00,10857.651960289917
2019-06-25 09:00:00,10643.289763481425
2019-06-25 09:30:00,10563.512865746448
2019-06-25 10:00:00,10394.9193128568
2019-06-25 10:30:00,10194.65633977573
2019-06-25 11:00:00,9933.65942270757
2019-06-25 11:30:00,9759.538624638415
2019-06-25 12:00:00,9659.929101786205
2019-06-25 12:30:00,9616.19156877358
2019-06-25 13:00:00,9453.104977880157
2019-06-25 13:30:00,9412.283166131314
2019-06-25 14:00:00,9417.640619417374
2019-06-25 14:30:00,9445.72063629048
2019-06-25 15:00:00,9518.11001920395
2019-06-25 15:30:00,9613.67811869719
2019-06-25 16:00:00,9944.648845206408
2019-06-25 16:30:00,10182.039574903694
2019-06-25 17:00:00,10708.89902023692
2019-06-25 17:30:00,11264.288747779472
2019-06-25 18:00:00,11908.086304636574
2019-06-25 18:30:00,11895.171195583993
2019-06-25 19:00:00,11581.063861849088
2019-06-25 19:30:00,11405.442763329831
2019-06-25 20:00:00,11199.3612956693
2019-06-25 20:30:00,10883.83214742579
2019-06-25 21:00:00,10637.617125697785
2019-06-25 21:30:00,10359.153751900873
2019-06-25 22:00:00,9976.641007827266
2019-06-25 22:30:00,9907.30870446257
2019-06-25 23:00:00,9422.161856245748
2019-06-25 23:30:00,9249.367848529788
2019-06-26 00:00:00,8934.156063826948
2019-06-26 00:30:00,8712.516987209727
2019-06-26 01:00:00,8498.72661984302
2019-06-26 01:30:00,8351.423249153933
2019-06-26 02:00:00,8003.678344449655
2019-06-26 02:30:00,7719.364793877844
2019-06-26 03:00:00,7459.365880256307
2019-06-26 03:30:00,7197.797874700335
2019-06-26 04:00:00,7136.878163928686
2019-06-26 04:30:00,7136.878163928686
2019-06-26 05:00:00,7298.722645721815
2019-06-26 05:30:00,7692.010627345464
2019-06-26 06:00:00,8154.498182084891
2019-06-26 06:30:00,8943.680101809616
2019-06-26 07:00:00,9681.078239016042
2019-06-26 07:30:00,10065.668916042032
2019-06-26 08:00:00,10263.059322416128
2019-06-26 08:30:00,10200.722547254847
2019-06-26 09:00:00,9923.579040904944
2019-06-26 09:30:00,9732.247956454716
2019-06-26 10:00:00,9502.64307083544
2019-06-26 10:30:00,9316.704371088046
2019-06-26 11:00:00,9119.785507922601
2019-06-26 11:30:00,9017.742407314803
2019-06-26 12:00:00,8808.370472394969
2019-06-26 12:30:00,8763.308839644325
2019-06-26 13:00:00,8773.084346148897
2019-06-26 13:30:00,8645.742309458361
2019-06-26 14:00:00,8748.205614476976
2019-06-26 14:30:00,8793.267247227619
2019-06-26 15:00:00,8899.923310119542
2019-06-26 15:30:00,8991.268475200746
2019-06-26 16:00:00,9288.315650835006
2019-06-26 16:30:00,9615.589456674556
2019-06-26 17:00:00,10160.350284209373
2019-06-26 17:30:00,10612.728380970753
2019-06-26 18:00:00,11119.43430000433
2019-06-26 18:30:00,11119.43430000433
2019-06-26 19:00:00,10960.634124802245
2019-06-26 19:30:00,10772.334875757913
2019-06-26 20:00:00,10518.652958761402
2019-06-26 20:30:00,10301.613755226053
2019-06-26 21:00:00,10111.165995697065
2019-06-26 21:30:00,9913.677883704253
2019-06-26 22:00:00,9565.819156564417
2019-06-26 22:30:00,9470.281719709043
2019-06-26 23:00:00,9132.275196645436
2019-06-26 23:30:00,8983.996685153614
2019-06-27 00:00:00,8772.015280458121
2019-06-27 00:30:00,8561.951958669046
2019-06-27 01:00:00,8354.498036175972
2019-06-27 01:30:00,8193.687390847637
2019-06-27 02:00:00,7983.495589207023
2019-06-27 02:30:00,7699.182038635212
2019-06-27 03:00:00,7389.57156246097
2019-06-27 03:30:00,7179.882350416576
2019-06-27 04:00:00,7002.547605676357
2019-06-27 04:30:00,6958.740089773265
2019-06-27 05:00:00,7077.5451386098
2019-06-27 05:30:00,7548.857752002208
2019-06-27 06:00:00,7982.534447022132
2019-06-27 06:30:00,8667.97165525371
2019-06-27 07:00:00,9406.700981222832
2019-06-27 07:30:00,9831.964823641594
2019-06-27 08:00:00,10033.21185817186
2019-06-27 08:30:00,9875.699885974678
2019-06-27 09:00:00,9691.664245100817
2019-06-27 09:30:00,9464.774080868061
2019-06-27 10:00:00,9342.901464564944
2019-06-27 10:30:00,9145.549438233187
2019-06-27 11:00:00,8982.838808576409
2019-06-27 11:30:00,8676.00728830595
2019-06-27 12:00:00,8523.742258264141
2019-06-27 12:30:00,8425.506253627553
2019-06-27 13:00:00,8381.840892424603
2019-06-27 13:30:00,8381.840892424603
2019-06-27 14:00:00,8410.874758949201
2019-06-27 14:30:00,8425.506253627553
2019-06-27 15:00:00,8457.308146346462
2019-06-27 15:30:00,8569.556273295464
2019-06-27 16:00:00,8829.639374779366
2019-06-27 16:30:00,9171.127388093822
2019-06-27 17:00:00,9706.819906396446
2019-06-27 17:30:00,10257.342423306085
2019-06-27 18:00:00,10832.463656753986
2019-06-27 18:30:00,10832.463656753986
2019-06-27 19:00:00,10839.56363860397
2019-06-27 19:30:00,10595.956286240593
2019-06-27 20:00:00,10424.36857710355
2019-06-27 20:30:00,10281.82593545719
2019-06-27 21:00:00,10024.79250524162
2019-06-27 21:30:00,9766.333788567488
2019-06-27 22:00:00,9465.606486049033
2019-06-27 22:30:00,9346.448591132435
2019-06-27 23:00:00,9104.010167562068
2019-06-27 23:30:00,8906.254170926793
2019-06-28 00:00:00,8760.341275948813
2019-06-28 00:30:00,8595.33958691038
2019-06-28 01:00:00,8368.03323080504
2019-06-28 01:30:00,8150.8853787495445
2019-06-28 02:00:00,7905.40611028341
2019-06-28 02:30:00,7564.820154203304
2019-06-28 03:00:00,7275.5411488054115
2019-06-28 03:30:00,7053.513108334385
2019-06-28 04:00:00,6946.047218540224
2019-06-28 04:30:00,6988.621347370929
2019-06-28 05:00:00,7143.94469070541
2019-06-28 05:30:00,7547.240919993466
2019-06-28 06:00:00,8007.971123939211
2019-06-28 06:30:00,8734.102233975158
2019-06-28 07:00:00,9441.94813246305
2019-06-28 07:30:00,9865.352451882929
2019-06-28 08:00:00,10110.943357155098
2019-06-28 08:30:00,9913.455245162286
2019-06-28 09:00:00,9645.529936840609
2019-06-28 09:30:00,9445.967361657893
2019-06-28 10:00:00,9233.389456739036
2019-06-28 10:30:00,9075.376370335176
2019-06-28 11:00:00,8795.200568996694
2019-06-28 11:30:00,8561.46122925142
2019-06-28 12:00:00,8411.565669376208
2019-06-28 12:30:00,8315.340711692845
2019-06-28 13:00:00,8213.18295334946
2019-06-28 13:30:00,8222.159607458225
2019-06-28 14:00:00,8212.384100953659
2019-06-28 14:30:00,8291.14981045688
2019-06-28 15:00:00,8326.202081345336
2019-06-28 15:30:00,8371.696768224212
2019-06-28 16:00:00,8691.849111232874
2019-06-28 16:30:00,9023.565299397538
2019-06-28 17:00:00,9407.17453922455
2019-06-28 17:30:00,9978.16507788138
2019-06-28 18:00:00,10386.351315785038
2019-06-28 18:30:00,10423.75528951858
2019-06-28 19:00:00,10302.399088611734
2019-06-28 19:30:00,10172.978845257421
2019-06-28 20:00:00,10065.306474426185
2019-06-28 20:30:00,9994.234237372359
2019-06-28 21:00:00,9966.917328754189
2019-06-28 21:30:00,9761.902071925813
2019-06-28 22:00:00,9486.675432019838
2019-06-28 22:30:00,9363.69988151778
2019-06-28 23:00:00,9121.261457947412
2019-06-28 23:30:00,8931.69084784387
2019-06-29 00:00:00,8429.348271848528
2019-06-29 00:30:00,8284.246004715902
2019-06-29 01:00:00,8045.051706769807
2019-06-29 01:30:00,7893.524231258932
2019-06-29 02:00:00,7729.164331893875
2019-06-29 02:30:00,7419.834787573607
2019-06-29 03:00:00,7045.038596651073
2019-06-29 03:30:00,6883.9242936399
2019-06-29 04:00:00,6807.7153094531495
2019-06-29 04:30:00,6807.7153094531495
2019-06-29 05:00:00,6782.4864577918115
2019-06-29 05:30:00,7077.583429988881
2019-06-29 06:00:00,7020.190621710956
2019-06-29 06:30:00,7557.693943554844
2019-06-29 07:00:00,8238.525285258802
2019-06-29 07:30:00,8621.432174481351
2019-06-29 08:00:00,9088.459842141827
2019-06-29 08:30:00,9030.1593897863
2019-06-29 09:00:00,9019.552381190828
2019-06-29 09:30:00,8718.894672991457
2019-06-29 10:00:00,8368.738510409108
2019-06-29 10:30:00,8174.724201717667
2019-06-29 11:00:00,7930.684140106583
2019-06-29 11:30:00,7696.362462715543
2019-06-29 12:00:00,7586.553229679287
2019-06-29 12:30:00,7629.580322753288
2019-06-29 13:00:00,7550.298376494311
2019-06-29 13:30:00,7556.536164027852
2019-06-29 14:00:00,7569.160447175237
2019-06-29 14:30:00,7563.1328728986955
2019-06-29 15:00:00,7594.477487074126
2019-06-29 15:30:00,7605.940663821884
2019-06-29 16:00:00,7817.72496064341
2019-06-29 16:30:00,8091.675690098827
2019-06-29 17:00:00,8480.321700619512
2019-06-29 17:30:00,9020.535853591795
2019-06-29 18:00:00,9530.65116807501
2019-06-29 18:30:00,9584.503274886385
2019-06-29 19:00:00,9512.584921926738
2019-06-29 19:30:00,9384.93444630984
2019-06-29 20:00:00,9141.682778257902
2019-06-29 20:30:00,9052.617167275872
2019-06-29 21:00:00,8838.216405937634
2019-06-29 21:30:00,8652.667596069054
2019-06-29 22:00:00,8486.307363372121
2019-06-29 22:30:00,8429.815910712769
2019-06-29 23:00:00,8281.501472859174
2019-06-29 23:30:00,8180.313751782078
2019-06-30 00:00:00,8164.817749261718
2019-06-30 00:30:00,7971.11717552887
2019-06-30 01:00:00,7681.218841036931
2019-06-30 01:30:00,7473.143798078372
2019-06-30 02:00:00,7220.576911149842
2019-06-30 02:30:00,6971.690915305706
2019-06-30 03:00:00,6748.004737323357
2019-06-30 03:30:00,6537.12464736888
2019-06-30 04:00:00,6356.282468385939
2019-06-30 04:30:00,6353.057039146258
2019-06-30 05:00:00,6388.440390959031
2019-06-30 05:30:00,6570.772742900643
2019-06-30 06:00:00,6744.638706187707
2019-06-30 06:30:00,7042.304659642829
2019-06-30 07:00:00,7324.808669124568
2019-06-30 07:30:00,7822.049139365786
2019-06-30 08:00:00,8094.275361895801
2019-06-30 08:30:00,8520.25617218289
2019-06-30 09:00:00,8537.554817189364
2019-06-30 09:30:00,8530.070495549238
2019-06-30 10:00:00,8339.131385780178
2019-06-30 10:30:00,8091.145965449306
2019-06-30 11:00:00,7941.6736307296715
2019-06-30 11:30:00,7687.323154010097
2019-06-30 12:00:00,7502.667698271113
2019-06-30 12:30:00,7364.122944048402
2019-06-30 13:00:00,7424.235117201355
2019-06-30 13:30:00,7227.948633876899
2019-06-30 14:00:00,7231.60346369214
2019-06-30 14:30:00,7340.798445796689
2019-06-30 15:00:00,7429.057477782662
2019-06-30 15:30:00,7537.103421832602
2019-06-30 16:00:00,7902.065457857043
2019-06-30 16:30:00,8139.788899038986
2019-06-30 17:00:00,8565.363690804446
2019-06-30 17:30:00,9185.08918705862
2019-06-30 18:00:00,9724.977406414311
2019-06-30 18:30:00,9647.717026703109
2019-06-30 19:00:00,9591.303325249493
2019-06-30 19:30:00,9393.951298917736
2019-06-30 20:00:00,9177.161536794356
2019-06-30 20:30:00,8955.43231827489
2019-06-30 21:00:00,8732.749949467086
2019-06-30 21:30:00,8605.685963011741
2019-06-30 22:00:00,8260.777560640227
2019-06-30 22:30:00,8260.777560640227
2019-06-30 23:00:00,8040.17184229063
2019-06-30 23:30:00,7971.107460123564
2019-07-01 00:00:00,7551.137077056864
2019-07-01 00:30:00,7527.001455138046
2019-07-01 01:00:00,7463.03387484014
2019-07-01 01:30:00,7386.105116344572
2019-07-01 02:00:00,7262.495274258092
2019-07-01 02:30:00,6912.000321953285
2019-07-01 03:00:00,6628.670174660356
2019-07-01 03:30:00,6541.593565551133
2019-07-01 04:00:00,6519.863638992417
2019-07-01 04:30:00,6493.783396609867
2019-07-01 05:00:00,6858.62885993831
2019-07-01 05:30:00,6979.747875582436
2019-07-01 06:00:00,7656.758014359405
2019-07-01 06:30:00,7968.526737894509
2019-07-01 07:00:00,8922.656584283623
2019-07-01 07:30:00,9084.915467429746
2019-07-01 08:00:00,9510.121894184567
2019-07-01 08:30:00,9626.000487213232
2019-07-01 09:00:00,9210.071024577466
2019-07-01 09:30:00,9286.716782808786
2019-07-01 10:00:00,8940.052512978302
2019-07-01 10:30:00,8812.566512062647
2019-07-01 11:00:00,8578.169657029373
2019-07-01 11:30:00,8406.08499848597
2019-07-01 12:00:00,8222.869163095846
2019-07-01 12:30:00,8042.150897386238
2019-07-01 13:00:00,7918.9953823040805
2019-07-01 13:30:00,7919.018507807865
2019-07-01 14:00:00,7939.3657689482725
2019-07-01 14:30:00,8036.148054303398
2019-07-01 15:00:00,8244.847898868707
2019-07-01 15:30:00,8506.411798242785
2019-07-01 16:00:00,8848.04233257655
2019-07-01 16:30:00,9285.304077483903
2019-07-01 17:00:00,9708.252364152693
2019-07-01 17:30:00,10233.475092924715
2019-07-01 18:00:00,11015.862014459692
2019-07-01 18:30:00,11119.470828495274
2019-07-01 19:00:00,11028.831768255755
2019-07-01 19:30:00,10975.38830841
2019-07-01 20:00:00,10624.117630854515
2019-07-01 20:30:00,10471.314371538814
2019-07-01 21:00:00,10007.197466969588
2019-07-01 21:30:00,9868.137706729052
2019-07-01 22:00:00,9625.997853828938
2019-07-01 22:30:00,9397.07134861354
2019-07-01 23:00:00,9216.46105737836
2019-07-01 23:30:00,9077.50699016788
2019-07-02 00:00:00,8519.24808239091
2019-07-02 00:30:00,8342.767489921325
2019-07-02 01:00:00,8103.302798663706
2019-07-02 01:30:00,7982.523458939819
2019-07-02 02:00:00,7678.981440959534
2019-07-02 02:30:00,7534.124663288799
2019-07-02 03:00:00,7246.92905419821
2019-07-02 03:30:00,7120.694670450212
2019-07-02 04:00:00,7051.776542462211
2019-07-02 04:30:00,7206.028101465741
2019-07-02 05:00:00,7234.899964356783
2019-07-02 05:30:00,7571.913211571123
2019-07-02 06:00:00,8080.82147448384
2019-07-02 06:30:00,8789.827922687216
2019-07-02 07:00:00,9686.97161674467
2019-07-02 07:30:00,10215.936778623249
2019-07-02 08:00:00,10553.772329718264
2019-07-02 08:30:00,10512.84775740184
2019-07-02 09:00:00,10234.020917536016
2019-07-02 09:30:00,10087.201404300702
2019-07-02 10:00:00,9806.788919825422
2019-07-02 10:30:00,9583.721329125598
2019-07-02 11:00:00,9152.680722904906
2019-07-02 11:30:00,8917.20040371192
2019-07-02 12:00:00,8696.048647285732
2019-07-02 12:30:00,8524.548661495017
2019-07-02 13:00:00,8448.73025661162
2019-07-02 13:30:00,8430.180122591122
2019-07-02 14:00:00,8429.38218695861
2019-07-02 14:30:00,8486.741694008277
2019-07-02 15:00:00,8580.689817991151
2019-07-02 15:30:00,8842.414810756773
2019-07-02 16:00:00,9110.099425834285
2019-07-02 16:30:00,9357.26871653414
2019-07-02 17:00:00,10054.332732475752
2019-07-02 17:30:00,10697.394542582704
2019-07-02 18:00:00,11237.006566507038
2019-07-02 18:30:00,11237.006566507038
2019-07-02 19:00:00,11233.71793191445
2019-07-02 19:30:00,11009.780601037362
2019-07-02 20:00:00,10769.08212413864
2019-07-02 20:30:00,10570.86918070058
2019-07-02 21:00:00,10253.718856721456
2019-07-02 21:30:00,9907.855736533622
2019-07-02 22:00:00,9717.945208026318
2019-07-02 22:30:00,9480.44467600093
2019-07-02 23:00:00,9077.704967235817
2019-07-02 23:30:00,8940.755047077795
2019-07-03 00:00:00,8761.536963119068
2019-07-03 00:30:00,8551.473641329992
2019-07-03 01:00:00,8332.070329050466
2019-07-03 01:30:00,8122.079157197686
2019-07-03 02:00:00,7864.268155104793
2019-07-03 02:30:00,7525.449254702232
2019-07-03 03:00:00,7247.6362604884725
2019-07-03 03:30:00,7051.203455229883
2019-07-03 04:00:00,6953.849744087021
2019-07-03 04:30:00,6997.657259990113
2019-07-03 05:00:00,7120.176957035152
2019-07-03 05:30:00,7584.400205326534
2019-07-03 06:00:00,8052.652472245759
2019-07-03 06:30:00,8990.754041450473
2019-07-03 07:00:00,9728.196390573032
2019-07-03 07:30:00,10175.006255237815
2019-07-03 08:00:00,10537.766414043619
2019-07-03 08:30:00,10452.197859047472
2019-07-03 09:00:00,10202.360591245408
2019-07-03 09:30:00,10002.097618164338
2019-07-03 10:00:00,9700.420999023074
2019-07-03 10:30:00,9420.381711623748
2019-07-03 11:00:00,9169.719099736521
2019-07-03 11:30:00,8785.759980451478
2019-07-03 12:00:00,8602.626047491616
2019-07-03 12:30:00,8406.284880797457
2019-07-03 13:00:00,8255.628031803697
2019-07-03 13:30:00,8160.115220869492
2019-07-03 14:00:00,8059.131355958263
2019-07-03 14:30:00,8059.131355958263
2019-07-03 15:00:00,8252.296737963974
2019-07-03 15:30:00,8328.803323384263
2019-07-03 16:00:00,8570.840870780261
2019-07-03 16:30:00,8735.842559818693
2019-07-03 17:00:00,9512.543078750967
2019-07-03 17:30:00,10223.813060849607
2019-07-03 18:00:00,10881.330868552373
2019-07-03 18:30:00,11149.64837134757
2019-07-03 19:00:00,11074.320809869392
2019-07-03 19:30:00,10941.663613614477
2019-07-03 20:00:00,10692.667353125089
2019-07-03 20:30:00,10606.824093848503
2019-07-03 21:00:00,10345.967293946715
2019-07-03 21:30:00,10060.32997995132
2019-07-03 22:00:00,9748.774976130218
2019-07-03 22:30:00,9613.438038746539
2019-07-03 23:00:00,9328.382458652339
2019-07-03 23:30:00,9079.567239471822
2019-07-04 00:00:00,8925.587132291033
2019-07-04 00:30:00,8728.50217588543
2019-07-04 01:00:00,8513.243550712026
2019-07-04 01:30:00,8330.39616589374
2019-07-04 02:00:00,8074.713761156904
2019-07-04 02:30:00,7778.834636232909
2019-07-04 03:00:00,7498.0606896438985
2019-07-04 03:30:00,7259.663106005476
2019-07-04 04:00:00,7101.316938357065
2019-07-04 04:30:00,7144.456782841676
2019-07-04 05:00:00,7379.80642591223
2019-07-04 05:30:00,7780.311753302371
2019-07-04 06:00:00,8280.28134009904
2019-07-04 06:30:00,9024.900798143157
2019-07-04 07:00:00,9841.169980566985
2019-07-04 07:30:00,10274.652060935856
2019-07-04 08:00:00,10549.793259560623
2019-07-04 08:30:00,10501.628678298019
2019-07-04 09:00:00,10218.755167708685
2019-07-04 09:30:00,9914.423682276189
2019-07-04 10:00:00,9657.832161095073
2019-07-04 10:30:00,9428.180037723701
2019-07-04 11:00:00,9120.591509153111
2019-07-04 11:30:00,8840.25793193907
2019-07-04 12:00:00,8741.994929699156
2019-07-04 12:30:00,8576.993240660724
2019-07-04 13:00:00,8577.791176293236
2019-07-04 13:30:00,8476.869775534182
2019-07-04 14:00:00,8476.07183990167
2019-07-04 14:30:00,8531.179225629401
2019-07-04 15:00:00,8576.371943350601
2019-07-04 15:30:00,8667.621314071144
2019-07-04 16:00:00,8999.680553754508
2019-07-04 16:30:00,9288.264861659329
2019-07-04 17:00:00,9867.263961800667
2019-07-04 17:30:00,10397.244441102335
2019-07-04 18:00:00,10928.582547966591
2019-07-04 18:30:00,10825.857545794459
2019-07-04 19:00:00,10767.789206491043
2019-07-04 19:30:00,10542.700469248846
2019-07-04 20:00:00,10406.799417701042
2019-07-04 20:30:00,10218.44826971039
2019-07-04 21:00:00,9823.897182028692
2019-07-04 21:30:00,9544.505246619248
2019-07-04 22:00:00,9261.880798817108
2019-07-04 22:30:00,9151.819164521827
2019-07-04 23:00:00,8833.311725523079
2019-07-04 23:30:00,8691.705424976994
2019-07-05 00:00:00,8542.36297316391
2019-07-05 00:30:00,8411.398139498613
2019-07-05 01:00:00,8138.784420253033
2019-07-05 01:30:00,7943.1546089743615
2019-07-05 02:00:00,7620.266204410349
2019-07-05 02:30:00,7327.840678841253
2019-07-05 03:00:00,7046.263961527412
2019-07-05 03:30:00,6921.486869052438
2019-07-05 04:00:00,6819.233546661585
2019-07-05 04:30:00,6835.96879764622
2019-07-05 05:00:00,6960.7140739037995
2019-07-05 05:30:00,7303.799943238122
2019-07-05 06:00:00,7690.915209231292
2019-07-05 06:30:00,8460.863233208436
2019-07-05 07:00:00,9143.046951211132
2019-07-05 07:30:00,9546.925308437967
2019-07-05 08:00:00,9894.548005554667
2019-07-05 08:30:00,9894.548005554667
2019-07-05 09:00:00,9718.119491830805
2019-07-05 09:30:00,9618.876871337205
2019-07-05 10:00:00,9467.122590809044
2019-07-05 10:30:00,9334.33301422822
2019-07-05 11:00:00,9175.397139807586
2019-07-05 11:30:00,9023.536774831691
2019-07-05 12:00:00,8897.471528231828
2019-07-05 12:30:00,8730.852823466257
2019-07-05 13:00:00,8604.308722408234
2019-07-05 13:30:00,8604.308722408234
2019-07-05 14:00:00,8603.510786775721
2019-07-05 14:30:00,8675.832451614608
2019-07-05 15:00:00,8675.211154304485
2019-07-05 15:30:00,8730.231526156134
2019-07-05 16:00:00,8994.691168949574
2019-07-05 16:30:00,9256.61316822075
2019-07-05 17:00:00,9646.340175531299
2019-07-05 17:30:00,10110.926399239723
2019-07-05 18:00:00,10464.801346689012
2019-07-05 18:30:00,10460.57282727196
2019-07-05 19:00:00,10289.197586050546
2019-07-05 19:30:00,10124.23309212333
2019-07-05 20:00:00,9916.513412844806
2019-07-05 20:30:00,9789.586435115718
2019-07-05 21:00:00,9839.400016173331
2019-07-05 21:30:00,9591.642115442024
2019-07-05 22:00:00,9250.73869258421
2019-07-05 22:30:00,9174.134141196924
2019-07-05 23:00:00,8906.430914778366
2019-07-05 23:30:00,8739.812210012795
2019-07-06 00:00:00,8351.11651893505
2019-07-06 00:30:00,8151.168792334826
2019-07-06 01:00:00,7921.362178108896
2019-07-06 01:30:00,7796.873870741045
2019-07-06 02:00:00,7499.736198343997
2019-07-06 02:30:00,7185.110768302035
2019-07-06 03:00:00,6888.611343812667
2019-07-06 03:30:00,6726.735743514588
2019-07-06 04:00:00,6658.303082131274
2019-07-06 04:30:00,6691.639056915564
2019-07-06 05:00:00,6612.983612850883
2019-07-06 05:30:00,6833.503105631633
2019-07-06 06:00:00,6801.800026635922
2019-07-06 06:30:00,7217.413197263555
2019-07-06 07:00:00,7785.957817636158
2019-07-06 07:30:00,8133.923275635014
2019-07-06 08:00:00,8741.844651468695
2019-07-06 08:30:00,8700.972564371625
2019-07-06 09:00:00,8641.345687534682
2019-07-06 09:30:00,8497.164431967083
2019-07-06 10:00:00,8363.515832259067
2019-07-06 10:30:00,8271.851437333307
2019-07-06 11:00:00,8235.771599030586
2019-07-06 11:30:00,8074.931460035445
2019-07-06 12:00:00,8078.461762211742
2019-07-06 12:30:00,8059.7298157455025
2019-07-06 13:00:00,7922.75068066244
2019-07-06 13:30:00,7834.822498532961
2019-07-06 14:00:00,7901.423839096193
2019-07-06 14:30:00,7832.437953787132
2019-07-06 15:00:00,7907.793927449463
2019-07-06 15:30:00,8038.531979062125
2019-07-06 16:00:00,8190.649756039734
2019-07-06 16:30:00,8343.69506102281
2019-07-06 17:00:00,8758.764630904248
2019-07-06 17:30:00,9258.844620799891
2019-07-06 18:00:00,9727.873587338794
2019-07-06 18:30:00,9665.598150695456
2019-07-06 19:00:00,9557.776932133502
2019-07-06 19:30:00,9414.666399136426
2019-07-06 20:00:00,9241.454859642998
2019-07-06 20:30:00,9108.07820852714
2019-07-06 21:00:00,8760.360574362194
2019-07-06 21:30:00,8751.634337142965
2019-07-06 22:00:00,8507.650307642487
2019-07-06 22:30:00,8382.835328384279
2019-07-06 23:00:00,8234.520890530688
2019-07-06 23:30:00,8119.879931532802
2019-07-07 00:00:00,8021.438699896743
2019-07-07 00:30:00,7824.1567524184575
2019-07-07 01:00:00,7640.608525301796
2019-07-07 01:30:00,7473.729409600312
2019-07-07 02:00:00,7197.931575316216
2019-07-07 02:30:00,6917.9627857845
2019-07-07 03:00:00,6662.571746765042
2019-07-07 03:30:00,6489.67833445049
2019-07-07 04:00:00,6375.937918059681
2019-07-07 04:30:00,6304.372193372223
2019-07-07 05:00:00,6397.765937349151
2019-07-07 05:30:00,6490.553316343617
2019-07-07 06:00:00,6527.97190403977
2019-07-07 06:30:00,6878.881319652426
2019-07-07 07:00:00,7064.710510605675
2019-07-07 07:30:00,7446.268825496552
2019-07-07 08:00:00,7744.736616282266
2019-07-07 08:30:00,8085.300323007813
2019-07-07 09:00:00,8230.601419901059
2019-07-07 09:30:00,8270.10419858285
2019-07-07 10:00:00,8187.901461667852
2019-07-07 10:30:00,8083.96874216425
2019-07-07 11:00:00,7935.457567994233
2019-07-07 11:30:00,7724.2997252426285
2019-07-07 12:00:00,7527.190702347598
2019-07-07 12:30:00,7437.636911360941
2019-07-07 13:00:00,7320.92792018838
2019-07-07 13:30:00,7258.993340702973
2019-07-07 14:00:00,7314.2625245276495
2019-07-07 14:30:00,7275.262684718541
2019-07-07 15:00:00,7362.90041939439
2019-07-07 15:30:00,7394.891216522433
2019-07-07 16:00:00,7650.251388723556
2019-07-07 16:30:00,7998.851030365964
2019-07-07 17:00:00,8593.420396998068
2019-07-07 17:30:00,9085.106731637588
2019-07-07 18:00:00,9744.944781641723
2019-07-07 18:30:00,9732.345301524421
2019-07-07 19:00:00,9669.7730379416
2019-07-07 19:30:00,9543.78264019158
2019-07-07 20:00:00,9326.228753192463
2019-07-07 20:30:00,9320.267394951552
2019-07-07 21:00:00,8969.342885133863
2019-07-07 21:30:00,8826.96628320158
2019-07-07 22:00:00,8516.425848715036
2019-07-07 22:30:00,8393.007965218596
2019-07-07 23:00:00,8077.363036658935
2019-07-07 23:30:00,8031.868349780061
2019-07-08 00:00:00,7941.05901297313
2019-07-08 00:30:00,7566.13180827674
2019-07-08 01:00:00,7515.391513081505
2019-07-08 01:30:00,7410.031649452048
2019-07-08 02:00:00,7222.831444716501
2019-07-08 02:30:00,6897.948867713434
2019-07-08 03:00:00,6713.355584800363
2019-07-08 03:30:00,6632.193223686195
2019-07-08 04:00:00,6639.871097355492
2019-07-08 04:30:00,6639.871097355492
2019-07-08 05:00:00,6997.7752719168575
2019-07-08 05:30:00,7222.626408975137
2019-07-08 06:00:00,7894.400896642551
2019-07-08 06:30:00,8178.252550337754
2019-07-08 07:00:00,8915.3854849559
2019-07-08 07:30:00,9093.743693239652
2019-07-08 08:00:00,9515.462640963095
2019-07-08 08:30:00,9714.778207842082
2019-07-08 09:00:00,9713.135249982459
2019-07-08 09:30:00,9803.138653567748
2019-07-08 10:00:00,9520.634079309599
2019-07-08 10:30:00,9438.339163345376
2019-07-08 11:00:00,9131.070422475646
2019-07-08 11:30:00,8908.040365727291
2019-07-08 12:00:00,8787.33527014772
2019-07-08 12:30:00,8662.602286446123
2019-07-08 13:00:00,8515.964811622964
2019-07-08 13:30:00,8508.653380704947
2019-07-08 14:00:00,8494.95174231678
2019-07-08 14:30:00,8546.80324545125
2019-07-08 15:00:00,8650.107181141593
2019-07-08 15:30:00,8875.174152402255
2019-07-08 16:00:00,8993.860783153801
2019-07-08 16:30:00,9418.52301482261
2019-07-08 17:00:00,9824.737361152107
2019-07-08 17:30:00,10203.229177563026
2019-07-08 18:00:00,10740.434063775943
2019-07-08 18:30:00,10821.148261380715
2019-07-08 19:00:00,10599.661083761815
2019-07-08 19:30:00,10415.07003984269
2019-07-08 20:00:00,10166.977643126489
2019-07-08 20:30:00,9999.341415849667
2019-07-08 21:00:00,9665.335470277221
2019-07-08 21:30:00,9392.193397456016
2019-07-08 22:00:00,9209.693484940211
2019-07-08 22:30:00,9136.538173555975
2019-07-08 23:00:00,8911.607554468037
2019-07-08 23:30:00,8633.691649518636
2019-07-09 00:00:00,8164.787058070307
2019-07-09 00:30:00,8024.006686137034
2019-07-09 01:00:00,7879.291566042606
2019-07-09 01:30:00,7716.147729035784
2019-07-09 02:00:00,7493.970454449849
2019-07-09 02:30:00,7263.862017458521
2019-07-09 03:00:00,6934.425570306561
2019-07-09 03:30:00,6819.990374838685
2019-07-09 04:00:00,6780.4909456437545
2019-07-09 04:30:00,6812.810427478523
2019-07-09 05:00:00,6947.343370413293
2019-07-09 05:30:00,7257.990670037419
2019-07-09 06:00:00,7699.970111384254
2019-07-09 06:30:00,8138.986752024957
2019-07-09 07:00:00,8686.26034126853
2019-07-09 07:30:00,9045.98326194539
2019-07-09 08:00:00,9414.279556869393
2019-07-09 08:30:00,9533.43745178599
2019-07-09 09:00:00,9610.075827274306
2019-07-09 09:30:00,9509.7214368179
2019-07-09 10:00:00,9293.540582817977
2019-07-09 10:30:00,9162.738913228579
2019-07-09 11:00:00,9022.045524148714
2019-07-09 11:30:00,8789.66464016239
2019-07-09 12:00:00,8665.852905648151
2019-07-09 12:30:00,8604.70509203634
2019-07-09 13:00:00,8580.924323914807
2019-07-09 13:30:00,8548.740573862595
2019-07-09 14:00:00,8628.193253300255
2019-07-09 14:30:00,8580.126388282295
2019-07-09 15:00:00,8604.083794726217
2019-07-09 15:30:00,8547.32134091996
2019-07-09 16:00:00,8744.049046123579
2019-07-09 16:30:00,8997.447090706817
2019-07-09 17:00:00,9339.510144676928
2019-07-09 17:30:00,9834.007040979883
2019-07-09 18:00:00,10338.895270276422
2019-07-09 18:30:00,10435.826177853745
2019-07-09 19:00:00,10275.96977218817
2019-07-09 19:30:00,10178.101827002632
2019-07-09 20:00:00,9907.787021095626
2019-07-09 20:30:00,9783.367353224732
2019-07-09 21:00:00,9457.832628826636
2019-07-09 21:30:00,9301.043415677254
2019-07-09 22:00:00,9029.808411331083
2019-07-09 22:30:00,8895.1830506048
2019-07-09 23:00:00,8614.479735046982
2019-07-09 23:30:00,8547.687671794445
2019-07-10 00:00:00,8431.569573142626
2019-07-10 00:30:00,8264.284516199315
2019-07-10 01:00:00,8031.7258189940885
2019-07-10 01:30:00,7833.061190506699
2019-07-10 02:00:00,7609.663651835066
2019-07-10 02:30:00,7276.043897499989
2019-07-10 03:00:00,7074.7650897765825
2019-07-10 03:30:00,6951.910136584664
2019-07-10 04:00:00,6819.685473714287
2019-07-10 04:30:00,6769.614247945362
2019-07-10 05:00:00,6896.665368175383
2019-07-10 05:30:00,7221.053876177579
2019-07-10 06:00:00,7685.14226367306
2019-07-10 06:30:00,8394.614182319683
2019-07-10 07:00:00,9065.3125429007
2019-07-10 07:30:00,9422.228138363207
2019-07-10 08:00:00,9712.589976874751
2019-07-10 08:30:00,9716.957707821024
2019-07-10 09:00:00,9489.389523922946
2019-07-10 09:30:00,9292.352827123817
2019-07-10 10:00:00,8975.361796518808
2019-07-10 10:30:00,8759.404818139006
2019-07-10 11:00:00,8465.624624855185
2019-07-10 11:30:00,8267.736452831652
2019-07-10 12:00:00,8166.827104501261
2019-07-10 12:30:00,8067.924852685644
2019-07-10 13:00:00,7931.6756009563405
2019-07-10 13:30:00,7931.6756009563405
2019-07-10 14:00:00,7930.083398980952
2019-07-10 14:30:00,7986.6388401723625
2019-07-10 15:00:00,8084.05542587883
2019-07-10 15:30:00,8277.602775596128
2019-07-10 16:00:00,8493.313446756272
2019-07-10 16:30:00,8804.298169304402
2019-07-10 17:00:00,9338.812518423287
2019-07-10 17:30:00,10029.718574935127
2019-07-10 18:00:00,10660.681016596876
2019-07-10 18:30:00,10718.945536751218
2019-07-10 19:00:00,10632.67404896455
2019-07-10 19:30:00,10590.902344284736
2019-07-10 20:00:00,10312.22269565269
2019-07-10 20:30:00,10250.798525391127
2019-07-10 21:00:00,9983.817901898668
2019-07-10 21:30:00,9756.753162312816
2019-07-10 22:00:00,9444.190305481545
2019-07-10 22:30:00,9334.444000718891
2019-07-10 23:00:00,9092.005577148524
2019-07-10 23:30:00,8833.791911110162
2019-07-11 00:00:00,8684.274213229819
2019-07-11 00:30:00,8550.804734779122
2019-07-11 01:00:00,8341.18857508978
2019-07-11 01:30:00,8061.189754801559
2019-07-11 02:00:00,7823.375288423712
2019-07-11 02:30:00,7448.84914714071
2019-07-11 03:00:00,7142.952788145258
2019-07-11 03:30:00,6941.954651827559
2019-07-11 04:00:00,6924.881765045911
2019-07-11 04:30:00,6924.881765045911
2019-07-11 05:00:00,7097.902409430343
2019-07-11 05:30:00,7424.186662954086
2019-07-11 06:00:00,7820.49752523228
2019-07-11 06:30:00,8526.224289018408
2019-07-11 07:00:00,9225.481721290893
2019-07-11 07:30:00,9604.204489031717
2019-07-11 08:00:00,10003.26914048358
2019-07-11 08:30:00,10010.143650135635
2019-07-11 09:00:00,9806.386066085266
2019-07-11 09:30:00,9501.41636943995
2019-07-11 10:00:00,9185.484417895732
2019-07-11 10:30:00,8987.388642035812
2019-07-11 11:00:00,8699.880914507974
2019-07-11 11:30:00,8477.65147037219
2019-07-11 12:00:00,8377.38887810156
2019-07-11 12:30:00,8180.336989785772
2019-07-11 13:00:00,8128.146067604311
2019-07-11 13:30:00,8188.092243316586
2019-07-11 14:00:00,8187.294307684076
2019-07-11 14:30:00,8223.650404182028
2019-07-11 15:00:00,8356.78034583136
2019-07-11 15:30:00,8441.084405739404
2019-07-11 16:00:00,8606.261693032331
2019-07-11 16:30:00,8976.034523135213
2019-07-11 17:00:00,9536.778063687685
2019-07-11 17:30:00,10099.417399714937
2019-07-11 18:00:00,10823.707155430231
2019-07-11 18:30:00,11007.777885057512
2019-07-11 19:00:00,10931.275105484368
2019-07-11 19:30:00,10745.932273275334
2019-07-11 20:00:00,10639.385661754224
2019-07-11 20:30:00,10384.942484485333
2019-07-11 21:00:00,10060.498965487113
2019-07-11 21:30:00,10007.055505641358
2019-07-11 22:00:00,9715.884428256753
2019-07-11 22:30:00,9582.72249889856
2019-07-11 23:00:00,9287.27684420041
2019-07-11 23:30:00,9025.354844929234
2019-07-12 00:00:00,8796.579634470716
2019-07-12 00:30:00,8586.51631268164
2019-07-12 01:00:00,8368.001200199014
2019-07-12 01:30:00,8082.358130270067
2019-07-12 02:00:00,7794.754740719514
2019-07-12 02:30:00,7540.625529603793
2019-07-12 03:00:00,7168.093763658911
2019-07-12 03:30:00,7017.302932843332
2019-07-12 04:00:00,6912.588502329421
2019-07-12 04:30:00,6953.644558952264
2019-07-12 05:00:00,7027.947922893314
2019-07-12 05:30:00,7448.043838754668
2019-07-12 06:00:00,7738.929116880897
2019-07-12 06:30:00,8399.866652550061
2019-07-12 07:00:00,9076.209262771803
2019-07-12 07:30:00,9385.158805804635
2019-07-12 08:00:00,9705.194574757837
2019-07-12 08:30:00,9712.151892656138
2019-07-12 09:00:00,9511.861345194498
2019-07-12 09:30:00,9329.661791832359
2019-07-12 10:00:00,8983.950239405225
2019-07-12 10:30:00,8743.579216321765
2019-07-12 11:00:00,8523.043791922495
2019-07-12 11:30:00,8388.423418232216
2019-07-12 12:00:00,8277.196751293268
2019-07-12 12:30:00,8120.745033023423
2019-07-12 13:00:00,8077.051327407235
2019-07-12 13:30:00,8077.051327407235
2019-07-12 14:00:00,8120.688593213499
2019-07-12 14:30:00,8120.745033023423
2019-07-12 15:00:00,8182.974703946028
2019-07-12 15:30:00,8372.582792456838
2019-07-12 16:00:00,8549.305571768109
2019-07-12 16:30:00,8861.914580254075
2019-07-12 17:00:00,9227.849103120538
2019-07-12 17:30:00,9740.386056964295
2019-07-12 18:00:00,10305.339845134438
2019-07-12 18:30:00,10385.116742869415
2019-07-12 19:00:00,10266.419138317695
2019-07-12 19:30:00,10049.379934782346
2019-07-12 20:00:00,9935.877994429597
2019-07-12 20:30:00,9755.507556854753
2019-07-12 21:00:00,9854.025542174022
2019-07-12 21:30:00,9612.30729369584
2019-07-12 22:00:00,9424.703034624528
2019-07-12 22:30:00,9271.403870838025
2019-07-12 23:00:00,9014.212738696335
2019-07-12 23:30:00,8801.310501600203
2019-07-13 00:00:00,8391.2953781893
2019-07-13 00:30:00,8207.71614810915
2019-07-13 01:00:00,7902.430350687543
2019-07-13 01:30:00,7792.506139794771
2019-07-13 02:00:00,7530.839522590898
2019-07-13 02:30:00,7180.743037355761
2019-07-13 03:00:00,6932.418859715759
2019-07-13 03:30:00,6743.470994499223
2019-07-13 04:00:00,6687.27132596929
2019-07-13 04:30:00,6687.27132596929
2019-07-13 05:00:00,6649.620920542762
2019-07-13 05:30:00,6833.503105631633
2019-07-13 06:00:00,6883.924178060674
2019-07-13 06:30:00,7217.413197263555
2019-07-13 07:00:00,7719.6544059838625
2019-07-13 07:30:00,7989.742020067414
2019-07-13 08:00:00,8563.438558921445
2019-07-13 08:30:00,8563.438558921445
2019-07-13 09:00:00,8641.345687534682
2019-07-13 09:30:00,8463.707349059086
2019-07-13 10:00:00,8255.42737479332
2019-07-13 10:30:00,8096.5876344461885
2019-07-13 11:00:00,7912.766290203836
2019-07-13 11:30:00,7834.968247740006
2019-07-13 12:00:00,7633.42751000319
2019-07-13 12:30:00,7595.055033635274
2019-07-13 13:00:00,7537.465844800335
2019-07-13 13:30:00,7533.749789156293
2019-07-13 14:00:00,7516.15826925672
2019-07-13 14:30:00,7565.1392565505275
2019-07-13 15:00:00,7616.668296913706
2019-07-13 15:30:00,7671.051383001756
2019-07-13 16:00:00,7868.228206508418
2019-07-13 16:30:00,8089.462034962637
2019-07-13 17:00:00,8446.324357126361
2019-07-13 17:30:00,8781.080754944936
2019-07-13 18:00:00,9389.56450511235
2019-07-13 18:30:00,9397.702423883624
2019-07-13 19:00:00,9312.731055069366
2019-07-13 19:30:00,9170.60198754844
2019-07-13 20:00:00,8914.823615530355
2019-07-13 20:30:00,8826.254578360986
2019-07-13 21:00:00,8590.791897008106
2019-07-13 21:30:00,8463.162344782571
2019-07-13 22:00:00,8271.546533965926
2019-07-13 22:30:00,8249.627006474584
2019-07-13 23:00:00,8070.497457588521
2019-07-13 23:30:00,7992.470582034011
2019-07-14 00:00:00,8029.991194200518
2019-07-14 00:30:00,7853.0875468299955
2019-07-14 01:00:00,7658.158791464378
2019-07-14 01:30:00,7337.933974721244
2019-07-14 02:00:00,7194.153737316671
2019-07-14 02:30:00,6908.326355810753
2019-07-14 03:00:00,6629.409769337946
2019-07-14 03:30:00,6442.4383207361425
2019-07-14 04:00:00,6301.16804339186
2019-07-14 04:30:00,6207.429749620217
2019-07-14 05:00:00,6303.63292300554
2019-07-14 05:30:00,6392.007285659507
2019-07-14 06:00:00,6535.987821967047
2019-07-14 06:30:00,6895.02591325816
2019-07-14 07:00:00,7148.206432874806
2019-07-14 07:30:00,7467.380444313353
2019-07-14 08:00:00,7771.30414951169
2019-07-14 08:30:00,8085.300323007813
2019-07-14 09:00:00,8159.44172432686
2019-07-14 09:30:00,8159.44172432686
2019-07-14 10:00:00,8105.123916833629
2019-07-14 10:30:00,7962.949355083075
2019-07-14 11:00:00,7790.629363051651
2019-07-14 11:30:00,7641.965869859749
2019-07-14 12:00:00,7487.916138949381
2019-07-14 12:30:00,7450.507266767616
2019-07-14 13:00:00,7361.623129829376
2019-07-14 13:30:00,7308.927262458219
2019-07-14 14:00:00,7339.017355892677
2019-07-14 14:30:00,7332.675026009821
2019-07-14 15:00:00,7442.495877604886
2019-07-14 15:30:00,7568.296445931707
2019-07-14 16:00:00,7905.686567167607
2019-07-14 16:30:00,8223.996112271718
2019-07-14 17:00:00,9085.10821291924
2019-07-14 17:30:00,9566.626145410068
2019-07-14 18:00:00,10400.419996690145
2019-07-14 18:30:00,10400.419996690145
2019-07-14 19:00:00,10362.018112883015
2019-07-14 19:30:00,10268.59851324163
2019-07-14 20:00:00,10067.869158960395
2019-07-14 20:30:00,10054.749011609054
2019-07-14 21:00:00,9718.353079862063
2019-07-14 21:30:00,9555.824732260484
2019-07-14 22:00:00,9196.190490449586
2019-07-14 22:30:00,9175.680903243907
2019-07-14 23:00:00,8840.843445007347
2019-07-14 23:30:00,8565.263380338969
2019-07-15 00:00:00,8607.560662624284
2019-07-15 00:30:00,8355.684231360496
2019-07-15 01:00:00,8066.949709351558
2019-07-15 01:30:00,7767.338714000507
2019-07-15 02:00:00,7730.267555071111
2019-07-15 02:30:00,7445.469144094372
2019-07-15 03:00:00,7299.623528047995
2019-07-15 03:30:00,7116.162950805685
2019-07-15 04:00:00,7336.250612226443
2019-07-15 04:30:00,7107.496788202681
2019-07-15 05:00:00,7183.724841033074
2019-07-15 05:30:00,7343.937401758245
2019-07-15 06:00:00,8217.428485790291
2019-07-15 06:30:00,8473.660602865137
2019-07-15 07:00:00,9319.944518612385
2019-07-15 07:30:00,9527.101017727076
2019-07-15 08:00:00,10052.902973338643
2019-07-15 08:30:00,10124.795499965929
2019-07-15 09:00:00,9960.889949368702
2019-07-15 09:30:00,10001.233114898288
2019-07-15 10:00:00,9598.157121640108
2019-07-15 10:30:00,9523.843962554494
2019-07-15 11:00:00,9135.552186146042
2019-07-15 11:30:00,8908.040365727291
2019-07-15 12:00:00,8831.853997724453
2019-07-15 12:30:00,8689.918608210264
2019-07-15 13:00:00,8574.313245497799
2019-07-15 13:30:00,8635.698802808602
2019-07-15 14:00:00,8695.38289273488
2019-07-15 14:30:00,8716.923363620373
2019-07-15 15:00:00,8807.791749589887
2019-07-15 15:30:00,8985.259521973936
2019-07-15 16:00:00,9507.629064081537
2019-07-15 16:30:00,9720.653484946404
2019-07-15 17:00:00,10247.294906629815
2019-07-15 17:30:00,10833.74766539213
2019-07-15 18:00:00,11425.006662745433
2019-07-15 18:30:00,11586.777109527404
2019-07-15 19:00:00,11448.99625859901
2019-07-15 19:30:00,11349.68884450146
2019-07-15 20:00:00,11033.546558873308
2019-07-15 20:30:00,10954.000707731655
2019-07-15 21:00:00,10520.683181180291
2019-07-15 21:30:00,10247.333355416291
2019-07-15 22:00:00,9946.224715939152
2019-07-15 22:30:00,9722.514621320708
2019-07-15 23:00:00,9304.062725880061
2019-07-15 23:30:00,9162.612558449533
2019-07-16 00:00:00,8633.491629865617
2019-07-16 00:30:00,8451.853328666488
2019-07-16 01:00:00,8209.558590065692
2019-07-16 01:30:00,8056.459536769407
2019-07-16 02:00:00,7691.359416845948
2019-07-16 02:30:00,7597.532835509647
2019-07-16 03:00:00,7329.1400445909385
2019-07-16 03:30:00,7219.5155846886955
2019-07-16 04:00:00,6996.359747595446
2019-07-16 04:30:00,7179.047581377452
2019-07-16 05:00:00,7216.985631399264
2019-07-16 05:30:00,7458.869681796396
2019-07-16 06:00:00,7918.2750326497435
2019-07-16 06:30:00,8492.17079261047
2019-07-16 07:00:00,9148.026362553188
2019-07-16 07:30:00,9591.613927880842
2019-07-16 08:00:00,9944.198492272926
2019-07-16 08:30:00,9944.198492272926
2019-07-16 09:00:00,9806.415585476545
2019-07-16 09:30:00,9586.082869932061
2019-07-16 10:00:00,9293.540582817977
2019-07-16 10:30:00,9133.661684154598
2019-07-16 11:00:00,8981.084994995677
2019-07-16 11:30:00,8708.9550039462
2019-07-16 12:00:00,8580.126388282295
2019-07-16 12:30:00,8471.326297714173
2019-07-16 13:00:00,8359.478821749582
2019-07-16 13:30:00,8350.12296104752
2019-07-16 14:00:00,8349.325025415008
2019-07-16 14:30:00,8289.907849480423
2019-07-16 15:00:00,8358.059588806947
2019-07-16 15:30:00,8509.51437343322
2019-07-16 16:00:00,8725.317099657339
2019-07-16 16:30:00,9031.450301961553
2019-07-16 17:00:00,9529.589523577755
2019-07-16 17:30:00,10134.156381358533
2019-07-16 18:00:00,11035.149054454436
2019-07-16 18:30:00,11143.51346232546
2019-07-16 19:00:00,11132.032064854906
2019-07-16 19:30:00,10942.321929528733
2019-07-16 20:00:00,10680.424730534984
2019-07-16 20:30:00,10584.7562366471
2019-07-16 21:00:00,10267.605912667976
2019-07-16 21:30:00,10079.254764677324
2019-07-16 22:00:00,9739.696776044082
2019-07-16 22:30:00,9584.752082341529
2019-07-16 23:00:00,9177.415973348676
2019-07-16 23:30:00,8985.945804036819
2019-07-17 00:00:00,8799.943480294593
2019-07-17 00:30:00,8613.279245158434
2019-07-17 01:00:00,8452.785767147388
2019-07-17 01:30:00,8242.372091295221
2019-07-17 02:00:00,7971.134799797616
2019-07-17 02:30:00,7621.818416480884
2019-07-17 03:00:00,7425.403935890021
2019-07-17 03:30:00,7146.473873869633
2019-07-17 04:00:00,7087.912179348108
2019-07-17 04:30:00,7089.110956986795
2019-07-17 05:00:00,7251.381413313366
2019-07-17 05:30:00,7649.88218100912
2019-07-17 06:00:00,8099.800977939755
2019-07-17 06:30:00,8808.15818495751
2019-07-17 07:00:00,9497.163542438164
2019-07-17 07:30:00,9833.895891992895
2019-07-17 08:00:00,10178.487242193474
2019-07-17 08:30:00,10184.1314918342
2019-07-17 09:00:00,9912.793843342824
2019-07-17 09:30:00,9725.691278309647
2019-07-17 10:00:00,9366.581079293434
2019-07-17 10:30:00,9119.41178859358
2019-07-17 11:00:00,8769.55362451297
2019-07-17 11:30:00,8472.581942753486
2019-07-17 12:00:00,8372.319350482856
2019-07-17 12:30:00,8219.067358469998
2019-07-17 13:00:00,8120.658229371828
2019-07-17 13:30:00,8076.166588123129
2019-07-17 14:00:00,7994.082639977338
2019-07-17 14:30:00,8119.860293739318
2019-07-17 15:00:00,8182.089964661923
2019-07-17 15:30:00,8397.691986998205
2019-07-17 16:00:00,8594.234847515327
2019-07-17 16:30:00,8861.02984096997
2019-07-17 17:00:00,9325.260249115909
2019-07-17 17:30:00,9937.055726026152
2019-07-17 18:00:00,10644.93871720631
2019-07-17 18:30:00,10785.821067397555
2019-07-17 19:00:00,10769.327879738745
2019-07-17 19:30:00,10632.67404896455
2019-07-17 20:00:00,10322.234676239688
2019-07-17 20:30:00,10280.70304148435
2019-07-17 21:00:00,9990.580314580202
2019-07-17 21:30:00,9776.893255944637
2019-07-17 22:00:00,9476.967418506993
2019-07-17 22:30:00,9291.028718759599
2019-07-17 23:00:00,9013.32799941223
2019-07-17 23:30:00,8837.582327313617
2019-07-18 00:00:00,8703.27200515505
2019-07-18 00:30:00,8486.725037568487
2019-07-18 01:00:00,8309.04743049541
2019-07-18 01:30:00,8080.187546726788
2019-07-18 02:00:00,7795.82390751074
2019-07-18 02:30:00,7485.713246486536
2019-07-18 03:00:00,7157.30194174795
2019-07-18 03:30:00,6961.880557380932
2019-07-18 04:00:00,6841.978396512253
2019-07-18 04:30:00,6946.006448237971
2019-07-18 05:00:00,7048.371625946295
2019-07-18 05:30:00,7459.730165276982
2019-07-18 06:00:00,7880.278395663372
2019-07-18 06:30:00,8601.771383096977
2019-07-18 07:00:00,9245.991308496572
2019-07-18 07:30:00,9672.610693567964
2019-07-18 08:00:00,10011.339554232209
2019-07-18 08:30:00,9815.140373894257
2019-07-18 09:00:00,9631.653478480372
2019-07-18 09:30:00,9391.670064677297
2019-07-18 10:00:00,9131.438634110584
2019-07-18 10:30:00,8816.493296406654
2019-07-18 11:00:00,8544.085582289868
2019-07-18 11:30:00,8353.871340965185
2019-07-18 12:00:00,8079.951698202647
2019-07-18 12:30:00,7898.68998497514
2019-07-18 13:00:00,7807.020488146623
2019-07-18 13:30:00,7822.988223219051
2019-07-18 14:00:00,7812.87208597621
2019-07-18 14:30:00,7855.762219312942
2019-07-18 15:00:00,8021.5267801206255
2019-07-18 15:30:00,8139.410330121079
2019-07-18 16:00:00,8416.214605461873
2019-07-18 16:30:00,8697.511063752874
2019-07-18 17:00:00,9227.225460337631
2019-07-18 17:30:00,9742.52636664194
2019-07-18 18:00:00,10412.63932857953
2019-07-18 18:30:00,10565.643933770467
2019-07-18 19:00:00,10646.035259970398
2019-07-18 19:30:00,10520.843536033137
2019-07-18 20:00:00,10323.51831422377
2019-07-18 20:30:00,10196.591336494681
2019-07-18 21:00:00,9902.986993289931
2019-07-18 21:30:00,9661.268744811749
2019-07-18 22:00:00,9303.055564276603
2019-07-18 22:30:00,9205.941425683639
2019-07-18 23:00:00,8869.18427949867
2019-07-18 23:30:00,8767.390975082459
2019-07-19 00:00:00,8586.51631268164
2019-07-19 00:30:00,8442.46629301373
2019-07-19 01:00:00,8250.367658846122
2019-07-19 01:30:00,7956.802318554687
2019-07-19 02:00:00,7697.42870141605
2019-07-19 02:30:00,7461.133522633988
2019-07-19 03:00:00,7118.498732476111
2019-07-19 03:30:00,6964.716823425629
2019-07-19 04:00:00,6902.576521742422
2019-07-19 04:30:00,6949.27682800599
2019-07-19 05:00:00,7056.375697271648
2019-07-19 05:30:00,7471.432576431746
2019-07-19 06:00:00,7876.182163454423
2019-07-19 06:30:00,8534.07997471074
2019-07-19 07:00:00,9121.658796193627
2019-07-19 07:30:00,9432.524467801257
2019-07-19 08:00:00,9790.878120310017
2019-07-19 08:30:00,9726.389045065127
2019-07-19 09:00:00,9558.053150462767
2019-07-19 09:30:00,9351.604863509694
2019-07-19 10:00:00,9022.102675704104
2019-07-19 10:30:00,8743.579216321765
2019-07-19 11:00:00,8465.283678335287
2019-07-19 11:30:00,8148.021314737106
2019-07-19 12:00:00,7985.008243131128
2019-07-19 12:30:00,7887.547878742242
2019-07-19 13:00:00,7803.3221817187
2019-07-19 13:30:00,7794.16899797965
2019-07-19 14:00:00,7770.308504240733
2019-07-19 14:30:00,7801.729979743312
2019-07-19 15:00:00,7912.924309498841
2019-07-19 15:30:00,8084.940165162935
2019-07-19 16:00:00,8284.983287826897
2019-07-19 16:30:00,8595.119586799432
2019-07-19 17:00:00,9061.012886558858
2019-07-19 17:30:00,9552.394110478837
2019-07-19 18:00:00,10172.306058751117
2019-07-19 18:30:00,10406.958705936617
2019-07-19 19:00:00,10255.20838009201
2019-07-19 19:30:00,10176.63025999572
2019-07-19 20:00:00,9986.091406465475
2019-07-19 20:30:00,9987.290184104162
2019-07-19 21:00:00,10047.145923220562
2019-07-19 21:30:00,9748.7110667508
2019-07-19 22:00:00,9543.901779276615
2019-07-19 22:30:00,9430.896839496236
2019-07-19 23:00:00,9092.89031643263
2019-07-19 23:30:00,8944.611804940807
2019-07-20 00:00:00,8523.514001848169
2019-07-20 00:30:00,8439.646332131337
2019-07-20 01:00:00,8124.175973808639
2019-07-20 01:30:00,7879.309196483947
2019-07-20 02:00:00,7693.117922538333
2019-07-20 02:30:00,7414.981328955877
2019-07-20 03:00:00,7097.985386025861
2019-07-20 03:30:00,6984.95305897545
2019-07-20 04:00:00,6870.06821975407
2019-07-20 04:30:00,6913.875735657162
2019-07-20 05:00:00,6905.9368225329345
2019-07-20 05:30:00,7170.032433895583
2019-07-20 06:00:00,7042.959364863745
2019-07-20 06:30:00,7654.74192444383
2019-07-20 07:00:00,8084.468660322485
2019-07-20 07:30:00,8476.101786764266
2019-07-20 08:00:00,9022.078825977302
2019-07-20 08:30:00,9136.15808680087
2019-07-20 09:00:00,9217.79597162929
2019-07-20 09:30:00,8889.888236292662
2019-07-20 10:00:00,8564.011518642055
2019-07-20 10:30:00,8268.122546546028
2019-07-20 11:00:00,7978.368618565907
2019-07-20 11:30:00,7734.06257744567
2019-07-20 12:00:00,7587.611233830299
2019-07-20 12:30:00,7542.346302180533
2019-07-20 13:00:00,7470.508155726531
2019-07-20 13:30:00,7478.255782267541
2019-07-20 14:00:00,7419.137692956092
2019-07-20 14:30:00,7454.936714053638
2019-07-20 15:00:00,7467.650926585087
2019-07-20 15:30:00,7520.667724698453
2019-07-20 16:00:00,7685.428523568967
2019-07-20 16:30:00,8052.909119629336
2019-07-20 17:00:00,8459.01952887907
2019-07-20 17:30:00,9015.087893518945
2019-07-20 18:00:00,9727.873587338794
2019-07-20 18:30:00,9723.505856392521
2019-07-20 19:00:00,9704.77439919778
2019-07-20 19:30:00,9553.409201187229
2019-07-20 20:00:00,9427.535831168314
2019-07-20 20:30:00,9373.683724356939
2019-07-20 21:00:00,9235.297570654137
2019-07-20 21:30:00,9159.023847865345
2019-07-20 22:00:00,8892.563341408433
2019-07-20 22:30:00,8782.126619970168
2019-07-20 23:00:00,8541.257706403916
2019-07-20 23:30:00,8416.442727145708
2019-07-21 00:00:00,8426.513873274247
2019-07-21 00:30:00,8133.162137528355
2019-07-21 01:00:00,7910.796788517114
2019-07-21 01:30:00,7672.881020709295
2019-07-21 02:00:00,7468.758099600205
2019-07-21 02:30:00,7090.545890907644
2019-07-21 03:00:00,6963.901785164129
2019-07-21 03:30:00,6747.790091150134
2019-07-21 04:00:00,6593.197893239757
2019-07-21 04:30:00,6502.207144264072
2019-07-21 05:00:00,6526.29298931601
2019-07-21 05:30:00,6617.232720307007
2019-07-21 06:00:00,6841.703126405484
2019-07-21 06:30:00,7251.503908333772
2019-07-21 07:00:00,7632.98373326592
2019-07-21 07:30:00,8013.332861613736
2019-07-21 08:00:00,8416.260634737959
2019-07-21 08:30:00,8716.006280609097
2019-07-21 09:00:00,8662.734224646874
2019-07-21 09:30:00,8591.409708367877
2019-07-21 10:00:00,8393.588251397954
2019-07-21 10:30:00,8066.742249530004
2019-07-21 11:00:00,7790.571441960076
2019-07-21 11:30:00,7493.574940957106
2019-07-21 12:00:00,7337.284764939049
2019-07-21 12:30:00,7128.709546928997
2019-07-21 13:00:00,6946.393662912561
2019-07-21 13:30:00,6946.393662912561
2019-07-21 14:00:00,6998.227055226342
2019-07-21 14:30:00,6998.227055226342
2019-07-21 15:00:00,6942.3353376649075
2019-07-21 15:30:00,7146.6254125985515
2019-07-21 16:00:00,7411.717006463293
2019-07-21 16:30:00,7744.043213713545
2019-07-21 17:00:00,8331.14357952881
2019-07-21 17:30:00,8945.586768666257
2019-07-21 18:00:00,9788.937260250772
2019-07-21 18:30:00,9919.130526313797
2019-07-21 19:00:00,9995.234124669154
2019-07-21 19:30:00,9862.073676592612
2019-07-21 20:00:00,9713.120345456307
2019-07-21 20:30:00,9617.552245963068
2019-07-21 21:00:00,9367.321991090044
2019-07-21 21:30:00,9253.613064557076
2019-07-21 22:00:00,8976.985811582288
2019-07-21 22:30:00,8849.978783188879
2019-07-21 23:00:00,8449.106446883883
2019-07-21 23:30:00,8240.754301292996
2019-07-22 00:00:00,8264.647333997818
2019-07-22 00:30:00,7841.77824356514
2019-07-22 01:00:00,7672.4256755387905
2019-07-22 01:30:00,7437.651214559009
2019-07-22 02:00:00,7412.697290732452
2019-07-22 02:30:00,7119.57789645489
2019-07-22 03:00:00,6859.874165562286
2019-07-22 03:30:00,6795.03443379989
2019-07-22 04:00:00,6743.228911563998
2019-07-22 04:30:00,6743.228911563998
2019-07-22 05:00:00,7075.98195612112
2019-07-22 05:30:00,7201.685527696164
2019-07-22 06:00:00,8037.002764484339
2019-07-22 06:30:00,8442.79443104969
2019-07-22 07:00:00,9258.182532469156
2019-07-22 07:30:00,9412.358150251575
2019-07-22 08:00:00,10022.282944330796
2019-07-22 08:30:00,10100.572768499
2019-07-22 09:00:00,9835.180447240753
2019-07-22 09:30:00,9709.05968992496
2019-07-22 10:00:00,9194.516201423054
2019-07-22 10:30:00,8886.681048646338
2019-07-22 11:00:00,8627.385120737707
2019-07-22 11:30:00,8316.231583368604
2019-07-22 12:00:00,7873.509864080517
2019-07-22 12:30:00,7772.742721765084
2019-07-22 13:00:00,7710.496207590668
2019-07-22 13:30:00,7654.319034807157
2019-07-22 14:00:00,7665.25848493166
2019-07-22 14:30:00,7685.454191991489
2019-07-22 15:00:00,7642.661227622664
2019-07-22 15:30:00,7854.767819680248
2019-07-22 16:00:00,8559.387662191642
2019-07-22 16:30:00,8737.264341429796
2019-07-22 17:00:00,9229.166571510366
2019-07-22 17:30:00,9648.18323060079
2019-07-22 18:00:00,10394.199446481483
2019-07-22 18:30:00,10507.129057191903
2019-07-22 19:00:00,10367.521733641677
2019-07-22 19:30:00,10326.198459486566
2019-07-22 20:00:00,9993.8173718465
2019-07-22 20:30:00,9947.74136719192
2019-07-22 21:00:00,9638.378359066219
2019-07-22 21:30:00,9293.220479990396
2019-07-22 22:00:00,9203.240577950073
2019-07-22 22:30:00,8972.029679110503
2019-07-22 23:00:00,8583.000088490782
2019-07-22 23:30:00,8434.910808405499
2019-07-23 00:00:00,8170.7192922743825
2019-07-23 00:30:00,8004.700291925278
2019-07-23 01:00:00,7821.735628150899
2019-07-23 01:30:00,7728.877204368838
2019-07-23 02:00:00,7481.200426452918
2019-07-23 02:30:00,7326.8221980194385
2019-07-23 03:00:00,6865.4783695261185
2019-07-23 03:30:00,6807.220346841754
2019-07-23 04:00:00,6730.35104546244
2019-07-23 04:30:00,6826.319126047743
2019-07-23 05:00:00,6997.367389265115
2019-07-23 05:30:00,7418.474559141164
2019-07-23 06:00:00,7852.628458487813
2019-07-23 06:30:00,8433.238339285399
2019-07-23 07:00:00,9146.982354758735
2019-07-23 07:30:00,9489.719744951828
2019-07-23 08:00:00,9757.980079417272
2019-07-23 08:30:00,9757.980079417272
2019-07-23 09:00:00,9688.65326951409
2019-07-23 09:30:00,9506.967198572394
2019-07-23 10:00:00,9277.103923981213
2019-07-23 10:30:00,9117.225025317834
2019-07-23 11:00:00,8811.332296177967
2019-07-23 11:30:00,8509.691633128772
2019-07-23 12:00:00,8322.77756308651
2019-07-23 12:30:00,8117.462500673201
2019-07-23 13:00:00,8067.477597718507
2019-07-23 13:30:00,7980.675634242252
2019-07-23 14:00:00,7944.9925399892645
2019-07-23 14:30:00,7987.607367534316
2019-07-23 15:00:00,8097.091792942269
2019-07-23 15:30:00,8123.478913288337
2019-07-23 16:00:00,8245.302958845583
2019-07-23 16:30:00,8480.106823349324
2019-07-23 17:00:00,8910.25580286941
2019-07-23 17:30:00,9403.406559978337
2019-07-23 18:00:00,10141.79478640061
2019-07-23 18:30:00,10235.214386041995
2019-07-23 19:00:00,10203.463391627292
2019-07-23 19:30:00,10045.95141943011
2019-07-23 20:00:00,9868.256351513657
2019-07-23 20:30:00,9688.384448474779
2019-07-23 21:00:00,9441.395969989871
2019-07-23 21:30:00,9208.002205453204
2019-07-23 22:00:00,8992.171595677455
2019-07-23 22:30:00,8943.571792117396
2019-07-23 23:00:00,8560.38342386232
2019-07-23 23:30:00,8468.806082602201
2019-07-24 00:00:00,8347.587384579881
2019-07-24 00:30:00,8244.56277159714
2019-07-24 01:00:00,8014.7365477162575
2019-07-24 01:30:00,7826.200032273691
2019-07-24 02:00:00,7546.989725587726
2019-07-24 02:30:00,7152.062121653117
2019-07-24 03:00:00,6928.348502037964
2019-07-24 03:30:00,6775.278106365075
2019-07-24 04:00:00,6668.643064262033
2019-07-24 04:30:00,6692.123771155963
2019-07-24 05:00:00,6822.834963647839
2019-07-24 05:30:00,7120.176957035152
2019-07-24 06:00:00,7657.353880175518
2019-07-24 06:30:00,8353.497255008466
2019-07-24 07:00:00,9182.350242034685
2019-07-24 07:30:00,9636.000917763678
2019-07-24 08:00:00,9790.403616601421
2019-07-24 08:30:00,9473.630884751503
2019-07-24 09:00:00,9138.157180799353
2019-07-24 09:30:00,8796.863412502693
2019-07-24 10:00:00,8477.045069504755
2019-07-24 10:30:00,8206.722355908747
2019-07-24 11:00:00,7907.969461536875
2019-07-24 11:30:00,7762.134319471104
2019-07-24 12:00:00,7626.870584688208
2019-07-24 12:30:00,7540.915689510128
2019-07-24 13:00:00,7366.043924908963
2019-07-24 13:30:00,7492.0766852850775
2019-07-24 14:00:00,7547.345869109752
2019-07-24 14:30:00,7628.699693828438
2019-07-24 15:00:00,7727.842687336719
2019-07-24 15:30:00,7808.421355476226
2019-07-24 16:00:00,8076.729718200982
2019-07-24 16:30:00,8308.431442421768
2019-07-24 17:00:00,8773.563764491135
2019-07-24 17:30:00,9150.80588287133
2019-07-24 18:00:00,9905.936106206564
2019-07-24 18:30:00,10062.822082008697
2019-07-24 19:00:00,10054.521657227853
2019-07-24 19:30:00,9837.37512559788
2019-07-24 20:00:00,9622.118328798222
2019-07-24 20:30:00,9532.162846848938
2019-07-24 21:00:00,9337.005133807357
2019-07-24 21:30:00,9089.835843107503
2019-07-24 22:00:00,8831.62217706914
2019-07-24 22:30:00,8773.691727764886
2019-07-24 23:00:00,8506.761545077454
2019-07-24 23:30:00,8393.894045762514
2019-07-25 00:00:00,8332.669677238508
2019-07-25 00:30:00,8161.278664317999
2019-07-25 01:00:00,7925.211662745534
2019-07-25 01:30:00,7722.821079488353
2019-07-25 02:00:00,7468.723975208705
2019-07-25 02:30:00,7164.088967170121
2019-07-25 03:00:00,6904.301449405049
2019-07-25 03:30:00,6790.825279112024
2019-07-25 04:00:00,6678.613485058301
2019-07-25 04:30:00,6730.544316628987
2019-07-25 05:00:00,6817.716061940134
2019-07-25 05:30:00,7094.2666804370165
2019-07-25 06:00:00,7556.138807913298
2019-07-25 06:30:00,8319.09071312821
2019-07-25 07:00:00,9066.546979221665
2019-07-25 07:30:00,9409.284369414758
2019-07-25 08:00:00,9602.115518208711
2019-07-25 08:30:00,9432.508607101938
2019-07-25 09:00:00,9021.79249511583
2019-07-25 09:30:00,8690.076306951165
2019-07-25 10:00:00,8489.07191502176
2019-07-25 10:30:00,8279.857016808279
2019-07-25 11:00:00,8060.184099493994
2019-07-25 11:30:00,7912.552507248904
2019-07-25 12:00:00,7786.675653313539
2019-07-25 12:30:00,7729.170704588064
2019-07-25 13:00:00,7660.774837462658
2019-07-25 13:30:00,7592.022712452128
2019-07-25 14:00:00,7681.478059746106
2019-07-25 14:30:00,7703.0185306316
2019-07-25 15:00:00,7802.898900331088
2019-07-25 15:30:00,7948.734042396859
2019-07-25 16:00:00,8191.554859842682
2019-07-25 16:30:00,8470.619589348264
2019-07-25 17:00:00,8895.800553196106
2019-07-25 17:30:00,9471.420801101402
2019-07-25 18:00:00,10221.440710517836
2019-07-25 18:30:00,10348.367688246924
2019-07-25 19:00:00,10357.035668060624
2019-07-25 19:30:00,10230.108690331535
2019-07-25 20:00:00,10024.314626767586
2019-07-25 20:30:00,9923.367882290637
2019-07-25 21:00:00,9640.464355028711
2019-07-25 21:30:00,9448.967809763873
2019-07-25 22:00:00,9189.504766846874
2019-07-25 22:30:00,9128.35033074646
2019-07-25 23:00:00,8837.54024494013
2019-07-25 23:30:00,8750.954316245694
2019-07-26 00:00:00,8570.079653844876
2019-07-26 00:30:00,8464.790522139549
2019-07-26 01:00:00,8306.069854483374
2019-07-26 01:30:00,8141.57336950947
2019-07-26 02:00:00,7864.213439426842
2019-07-26 02:30:00,7560.029229517649
2019-07-26 03:00:00,7263.968346318831
2019-07-26 03:30:00,7083.936047624221
2019-07-26 04:00:00,7010.830562864356
2019-07-26 04:30:00,7077.523847675651
2019-07-26 05:00:00,7181.670946793314
2019-07-26 05:30:00,7585.906693194132
2019-07-26 06:00:00,8059.047963251913
2019-07-26 06:30:00,8883.442958698815
2019-07-26 07:00:00,9636.885657047784
2019-07-26 07:30:00,10114.466824260357
2019-07-26 08:00:00,10325.717180731346
2019-07-26 08:30:00,10047.692246805576
2019-07-26 09:00:00,9772.73517527581
2019-07-26 09:30:00,9492.695887876484
2019-07-26 10:00:00,9158.173047776212
2019-07-26 10:30:00,9009.89453628439
2019-07-26 11:00:00,8638.23086829438
2019-07-26 11:30:00,8441.889701600221
2019-07-26 12:00:00,8246.358974753228
2019-07-26 12:30:00,8052.572295437393
2019-07-26 13:00:00,7916.32304370809
2019-07-26 13:30:00,7795.608820453797
2019-07-26 14:00:00,7828.382816547688
2019-07-26 14:30:00,7881.269718340201
2019-07-26 15:00:00,7994.147377355372
2019-07-26 15:30:00,8120.58186987433
2019-07-26 16:00:00,8261.589311091831
2019-07-26 16:30:00,8571.725610064366
2019-07-26 17:00:00,9044.576227722093
2019-07-26 17:30:00,9531.728932225022
2019-07-26 18:00:00,10147.865129848728
2019-07-26 18:30:00,10369.132852801127
2019-07-26 19:00:00,10256.022131734055
2019-07-26 19:30:00,10122.23415743347
2019-07-26 20:00:00,9977.798371577148
2019-07-26 20:30:00,9829.423363382126
2019-07-26 21:00:00,9996.772776841291
2019-07-26 21:30:00,9725.19391281582
2019-07-26 22:00:00,9455.848990369373
2019-07-26 22:30:00,9336.691095452776
2019-07-26 23:00:00,8980.054806628792
2019-07-26 23:30:00,8767.15256953266
2019-07-27 00:00:00,8507.796778194781
2019-07-27 00:30:00,8238.612876556072
2019-07-27 01:00:00,7959.935066016466
2019-07-27 01:30:00,7867.308028474602
2019-07-27 02:00:00,7689.329398117005
2019-07-27 02:30:00,7400.08197276277
2019-07-27 03:00:00,7042.882450277222
2019-07-27 03:30:00,6949.749640868422
2019-07-27 04:00:00,6829.73314077858
2019-07-27 04:30:00,6872.307269609284
2019-07-27 05:00:00,6792.528457352958
2019-07-27 05:30:00,7086.09376784775
2019-07-27 06:00:00,7027.666339893077
2019-07-27 06:30:00,7551.08662817158
2019-07-27 07:00:00,8061.6917535599405
2019-07-27 07:30:00,8581.415709319155
2019-07-27 08:00:00,9262.058595007482
2019-07-27 08:30:00,9230.441167281691
2019-07-27 09:00:00,9134.596062150591
2019-07-27 09:30:00,8920.455458694507
2019-07-27 10:00:00,8730.350299781894
2019-07-27 10:30:00,8546.648366508005
2019-07-27 11:00:00,8250.653079655578
2019-07-27 11:30:00,8176.114628129407
2019-07-27 12:00:00,8061.0986100776945
2019-07-27 12:30:00,7977.230940360863
2019-07-27 13:00:00,7938.212486438404
2019-07-27 13:30:00,7850.284304308925
2019-07-27 14:00:00,7777.220595712929
2019-07-27 14:30:00,7676.314925418594
2019-07-27 15:00:00,7742.086352092679
2019-07-27 15:30:00,7876.431750330836
2019-07-27 16:00:00,8040.278888976948
2019-07-27 16:30:00,8312.332883904184
2019-07-27 17:00:00,8732.675241550969
2019-07-27 17:30:00,9249.628215089224
2019-07-27 18:00:00,9779.351404118122
2019-07-27 18:30:00,9780.793667572369
2019-07-27 19:00:00,9690.705035477624
2019-07-27 19:30:00,9548.560526422834
2019-07-27 20:00:00,9355.440584005077
2019-07-27 20:30:00,9245.358601283671
2019-07-27 21:00:00,9017.52266336002
2019-07-27 21:30:00,8782.376448967812
2019-07-27 22:00:00,8561.728308261021
2019-07-27 22:30:00,8541.416083717857
2019-07-27 23:00:00,8286.377195414303
2019-07-27 23:30:00,8221.52546934291
2019-07-28 00:00:00,8158.998347564546
2019-07-28 00:30:00,8005.002041059981
2019-07-28 01:00:00,7808.959099390274
2019-07-28 01:30:00,7599.960783458714
2019-07-28 02:00:00,7323.112143870033
2019-07-28 02:30:00,7067.203604300477
2019-07-28 03:00:00,6869.324199673726
2019-07-28 03:30:00,6653.29176813099
2019-07-28 04:00:00,6525.085455335857
2019-07-28 04:30:00,6517.068056126929
2019-07-28 05:00:00,6541.153901178867
2019-07-28 05:30:00,6731.7373558577665
2019-07-28 06:00:00,6869.601341018374
2019-07-28 06:30:00,7131.188639323338
2019-07-28 07:00:00,7482.41773578063
2019-07-28 07:30:00,7835.794022783433
2019-07-28 08:00:00,8068.863664171051
2019-07-28 08:30:00,8140.023359745243
2019-07-28 09:00:00,8216.757383807986
2019-07-28 09:30:00,8102.3566557272425
2019-07-28 10:00:00,7968.486172759547
2019-07-28 10:30:00,7744.128658425934
2019-07-28 11:00:00,7485.940092277829
2019-07-28 11:30:00,7308.022457291575
2019-07-28 12:00:00,7237.3886977581815
2019-07-28 12:30:00,7144.611501187468
2019-07-28 13:00:00,7167.924072409984
2019-07-28 13:30:00,7176.0512668067895
2019-07-28 14:00:00,7251.58158838121
2019-07-28 14:30:00,7251.58158838121
2019-07-28 15:00:00,7339.219323057059
2019-07-28 15:30:00,7372.311590107221
2019-07-28 16:00:00,7562.239021940156
2019-07-28 16:30:00,7860.189184550847
2019-07-28 17:00:00,8370.148630054691
2019-07-28 17:30:00,8859.397999592406
2019-07-28 18:00:00,9628.876774946375
2019-07-28 18:30:00,9764.30783853604
2019-07-28 19:00:00,9724.384159435596
2019-07-28 19:30:00,9614.637854672943
2019-07-28 20:00:00,9437.220643702543
2019-07-28 20:30:00,9412.485988464581
2019-07-28 21:00:00,9065.082931503
2019-07-28 21:30:00,8899.563366651348
2019-07-28 22:00:00,8565.724108987233
2019-07-28 22:30:00,8491.971790669344
2019-07-28 23:00:00,8251.54831319689
2019-07-28 23:30:00,8138.151739039678
2019-07-29 00:00:00,8162.844838025076
2019-07-29 00:30:00,7825.544874041636
2019-07-29 01:00:00,7737.066583663656
2019-07-29 01:30:00,7569.6476287914975
2019-07-29 02:00:00,7430.165863931996
2019-07-29 02:30:00,7142.623221605115
2019-07-29 03:00:00,7103.441855258259
2019-07-29 03:30:00,6882.919490712511
2019-07-29 04:00:00,7004.64105900872
2019-07-29 04:30:00,6944.001383525847
2019-07-29 05:00:00,7304.552494666623
2019-07-29 05:30:00,7359.12164894576
2019-07-29 06:00:00,8191.956028876706
2019-07-29 06:30:00,8508.211479309406
2019-07-29 07:00:00,9396.732001027342
2019-07-29 07:30:00,9376.63070693281
2019-07-29 08:00:00,9769.380978388039
2019-07-29 08:30:00,9996.47892550015
2019-07-29 09:00:00,9747.25549528007
2019-07-29 09:30:00,9623.55489071584
2019-07-29 10:00:00,9161.169802974468
2019-07-29 10:30:00,8827.155545848487
2019-07-29 11:00:00,8709.050390714285
2019-07-29 11:30:00,8457.168380245319
2019-07-29 12:00:00,8222.869163095846
2019-07-29 12:30:00,8147.881603806246
2019-07-29 13:00:00,8015.80079316299
2019-07-29 13:30:00,7918.9953823040805
2019-07-29 14:00:00,7939.342643444488
2019-07-29 14:30:00,8089.478473700247
2019-07-29 15:00:00,8169.860339579101
2019-07-29 15:30:00,8454.560295108316
2019-07-29 16:00:00,8737.25425116446
2019-07-29 16:30:00,9069.435642097245
2019-07-29 17:00:00,9578.36710010369
2019-07-29 17:30:00,10053.236074149707
2019-07-29 18:00:00,10786.033132012604
2019-07-29 18:30:00,10988.924979828273
2019-07-29 19:00:00,10925.222954220173
2019-07-29 19:30:00,10798.636735518749
2019-07-29 20:00:00,10412.330957147537
2019-07-29 20:30:00,10305.179230336234
2019-07-29 21:00:00,9943.780519681122
2019-07-29 21:30:00,9812.188224076914
2019-07-29 22:00:00,9491.333563657397
2019-07-29 22:30:00,9277.0654060209
2019-07-29 23:00:00,9077.50699016788
2019-07-29 23:30:00,8852.640087419362
2019-07-30 00:00:00,8342.767489921325
2019-07-30 00:30:00,8303.229370121531
2019-07-30 01:00:00,8051.9201994805935
2019-07-30 01:30:00,7986.51832825633
2019-07-30 02:00:00,7669.171053653875
2019-07-30 02:30:00,7535.77059176946
2019-07-30 03:00:00,7248.5749826788715
2019-07-30 03:30:00,7198.070807488722
2019-07-30 04:00:00,6974.914970395472
2019-07-30 04:30:00,7190.938778961768
2019-07-30 05:00:00,7236.545892837445
2019-07-30 05:30:00,7573.559140051784
2019-07-30 06:00:00,8059.984525451631
2019-07-30 06:30:00,8716.592780223942
2019-07-30 07:00:00,9591.95751566812
2019-07-30 07:30:00,10035.566341048405
2019-07-30 08:00:00,10295.808553866491
2019-07-30 08:30:00,10145.378719917388
2019-07-30 09:00:00,9832.23273698945
2019-07-30 09:30:00,9593.639168437541
2019-07-30 10:00:00,9280.784656780294
2019-07-30 10:30:00,9068.963600317042
2019-07-30 11:00:00,8766.270663427324
2019-07-30 11:30:00,8601.268974388891
2019-07-30 12:00:00,8481.42004258616
2019-07-30 12:30:00,8335.286909382005
2019-07-30 13:00:00,8162.752077554411
2019-07-30 13:30:00,8314.21963801696
2019-07-30 14:00:00,8322.77756308651
2019-07-30 14:30:00,8435.422974683614
2019-07-30 15:00:00,8523.927364184894
2019-07-30 15:30:00,8641.837631602963
2019-07-30 16:00:00,8928.943359774572
2019-07-30 16:30:00,9193.37377311038
2019-07-30 17:00:00,9673.697074404185
2019-07-30 17:30:00,10125.61909793553
2019-07-30 18:00:00,10796.981818049788
2019-07-30 18:30:00,10796.981818049788
2019-07-30 19:00:00,10715.568487788183
2019-07-30 19:30:00,10501.566733980588
2019-07-30 20:00:00,10315.788391772772
2019-07-30 20:30:00,10115.525418691703
2019-07-30 21:00:00,9791.239241815087
2019-07-30 21:30:00,9494.545093156441
2019-07-30 22:00:00,9211.492254816083
2019-07-30 22:30:00,9128.217907539989
2019-07-30 23:00:00,8746.771032004573
2019-07-30 23:30:00,8563.8734732252
2019-07-31 00:00:00,8456.946787611769
2019-07-31 00:30:00,8371.704027185338
2019-07-31 01:00:00,8227.79032998208
2019-07-31 01:30:00,7941.381669893356
2019-07-31 02:00:00,7693.180718618386
2019-07-31 02:30:00,7429.235530170722
2019-07-31 03:00:00,7147.20587582258
2019-07-31 03:30:00,6953.8409161762975
2019-07-31 04:00:00,6845.777280418964
2019-07-31 04:30:00,6895.711972771807
2019-07-31 05:00:00,6964.962350586348
2019-07-31 05:30:00,7317.673196895283
2019-07-31 06:00:00,7781.651300755252
2019-07-31 06:30:00,8483.466655188246
2019-07-31 07:00:00,9198.454538771148
2019-07-31 07:30:00,9597.489531055136
2019-07-31 08:00:00,9792.716521793613
2019-07-31 08:30:00,9779.596374442272
2019-07-31 09:00:00,9482.364455240126
2019-07-31 09:30:00,9429.215332073556
2019-07-31 10:00:00,9190.47799644996
2019-07-31 10:30:00,9102.975129756815
2019-07-31 11:00:00,8938.166240968605
2019-07-31 11:30:00,8726.437782005854
2019-07-31 12:00:00,8656.215765864263
2019-07-31 12:30:00,8602.626047491616
2019-07-31 13:00:00,8552.343171780112
2019-07-31 13:30:00,8552.343171780112
2019-07-31 14:00:00,8541.478233879805
2019-07-31 14:30:00,8519.152380112397
2019-07-31 15:00:00,8564.345097833597
2019-07-31 15:30:00,8578.28928223912
2019-07-31 16:00:00,8902.461264584264
2019-07-31 16:30:00,9126.579651055026
2019-07-31 17:00:00,9633.368597637444
2019-07-31 17:30:00,10116.969687409923
2019-07-31 18:00:00,10885.698599498646
2019-07-31 18:30:00,11098.502745570024
2019-07-31 19:00:00,10947.230122199437
2019-07-31 19:30:00,10865.884394744287
2019-07-31 20:00:00,10624.545367079281
2019-07-31 20:30:00,10449.09997545642
2019-07-31 21:00:00,10165.002091115557
2019-07-31 21:30:00,9880.563141189286
2019-07-31 22:00:00,9581.356278556705
2019-07-31 22:30:00,9407.381636503658
2019-07-31 23:00:00,9148.75170555136
2019-07-31 23:30:00,8901.178444547988
2019-08-01 00:00:00,8714.072958537972
2019-08-01 00:30:00,8480.333618792698
2019-08-01 01:00:00,8315.966948546284
2019-08-01 01:30:00,8193.965676247119
2019-08-01 02:00:00,7859.067388721316
2019-08-01 02:30:00,7607.739251236264
2019-08-01 03:00:00,7290.541817648978
2019-08-01 03:30:00,7131.195930986327
2019-08-01 04:00:00,7005.083304571458
2019-08-01 04:30:00,7005.083304571458
2019-08-01 05:00:00,7081.689666657176
2019-08-01 05:30:00,7512.685335207779
2019-08-01 06:00:00,7986.339219346177
2019-08-01 06:30:00,8790.644083505415
2019-08-01 07:00:00,9577.365885993906
2019-08-01 07:30:00,9976.59610666927
2019-08-01 08:00:00,10208.682316993007
2019-08-01 08:30:00,10020.331169002355
2019-08-01 09:00:00,9687.379806294635
2019-08-01 09:30:00,9407.34051889531
2019-08-01 10:00:00,9141.264999427005
2019-08-01 10:30:00,8983.251913023145
2019-08-01 11:00:00,8812.475172307108
2019-08-01 11:30:00,8545.680178852464
2019-08-01 12:00:00,8448.289080269707
2019-08-01 12:30:00,8390.5289666825
2019-08-01 13:00:00,8296.763170959552
2019-08-01 13:30:00,8323.414532780602
2019-08-01 14:00:00,8220.003201096184
2019-08-01 14:30:00,8220.003201096184
2019-08-01 15:00:00,8314.696894755067
2019-08-01 15:30:00,8372.056401804733
2019-08-01 16:00:00,8652.756226546122
2019-08-01 16:30:00,8962.927210006505
2019-08-01 17:00:00,9430.49659120052
2019-08-01 17:30:00,10042.05653097729
2019-08-01 18:00:00,10717.008940155449
2019-08-01 18:30:00,10901.07966978273
2019-08-01 19:00:00,10906.727889727124
2019-08-01 19:30:00,10722.657160099843
2019-08-01 20:00:00,10556.589409217515
2019-08-01 20:30:00,10389.76519212966
2019-08-01 21:00:00,10056.255686814016
2019-08-01 21:30:00,9858.767574821204
2019-08-01 22:00:00,9565.600364441747
2019-08-01 22:30:00,9421.185050131911
2019-08-01 23:00:00,9105.298438243984
2019-08-01 23:30:00,8934.900015576482
2019-08-02 00:00:00,8707.298583251346
2019-08-02 00:30:00,8579.95654656081
2019-08-02 01:00:00,8381.590380384081
2019-08-02 01:30:00,8201.780509431122
2019-08-02 02:00:00,7895.164981453666
2019-08-02 02:30:00,7656.875483810184
2019-08-02 03:00:00,7400.082079717377
2019-08-02 03:30:00,7130.776994671602
2019-08-02 04:00:00,7039.182743156874
2019-08-02 04:30:00,7039.182743156874
2019-08-02 05:00:00,7173.54981862771
2019-08-02 05:30:00,7628.284239021862
2019-08-02 06:00:00,7979.516433538882
2019-08-02 06:30:00,8783.82129769812
2019-08-02 07:00:00,9470.125459822322
2019-08-02 07:30:00,9907.562195046465
2019-08-02 08:00:00,10009.189062769456
2019-08-02 08:30:00,9851.677090572273
2019-08-02 09:00:00,9511.943352347802
2019-08-02 09:30:00,9228.890514007444
2019-08-02 10:00:00,8937.002022455248
2019-08-02 10:30:00,8638.81276158209
2019-08-02 11:00:00,8414.106941968259
2019-08-02 11:30:00,8162.954954192012
2019-08-02 12:00:00,7938.189792413788
2019-08-02 12:30:00,7847.641522802903
2019-08-02 13:00:00,7770.6543324139475
2019-08-02 13:30:00,7779.807516152998
2019-08-02 14:00:00,7771.207078822733
2019-08-02 14:30:00,7786.095408657598
2019-08-02 15:00:00,7794.777157147742
2019-08-02 15:30:00,7959.484307012547
2019-08-02 16:00:00,8257.024521924477
2019-08-02 16:30:00,8550.36474959268
2019-08-02 17:00:00,8868.514956598308
2019-08-02 17:30:00,9383.120653706583
2019-08-02 18:00:00,9998.332513773988
2019-08-02 18:30:00,10201.247509252975
2019-08-02 19:00:00,10225.205011243499
2019-08-02 19:30:00,10008.16580770815
2019-08-02 20:00:00,9998.247983990183
2019-08-02 20:30:00,9809.89683599953
2019-08-02 21:00:00,9909.50690511045
2019-08-02 21:30:00,9626.882425685842
2019-08-02 22:00:00,9419.853418222154
2019-08-02 22:30:00,9310.1071134595
2019-08-02 23:00:00,8962.505046494418
2019-08-02 23:30:00,8791.127105342079
2019-08-03 00:00:00,8380.21875302126
2019-08-03 00:30:00,8208.422901174947
2019-08-03 01:00:00,7952.128501250298
2019-08-03 01:30:00,7781.107435429004
2019-08-03 02:00:00,7606.486740805807
2019-08-03 02:30:00,7343.147677988479
2019-08-03 03:00:00,7002.852533846965
2019-08-03 03:30:00,6886.45083870392
2019-08-03 04:00:00,6803.288599972004
2019-08-03 04:30:00,6803.288599972004
2019-08-03 05:00:00,6706.591904945232
2019-08-03 05:30:00,7036.365651854934
2019-08-03 06:00:00,6825.887522776961
2019-08-03 06:30:00,7493.58695388601
2019-08-03 07:00:00,8127.683687221514
2019-08-03 07:30:00,8606.494353896058
2019-08-03 08:00:00,9149.218265635764
2019-08-03 08:30:00,9020.15236447292
2019-08-03 09:00:00,8891.058658142945
2019-08-03 09:30:00,8668.91503258307
2019-08-03 10:00:00,8410.04789008146
2019-08-03 10:30:00,8152.051208449543
2019-08-03 11:00:00,7969.481384004661
2019-08-03 11:30:00,7779.864563291289
2019-08-03 12:00:00,7671.375320996838
2019-08-03 12:30:00,7521.715385369343
2019-08-03 13:00:00,7494.82703170909
2019-08-03 13:30:00,7418.989523795389
2019-08-03 14:00:00,7431.313780980562
2019-08-03 14:30:00,7396.970978495653
2019-08-03 15:00:00,7381.82660774568
2019-08-03 15:30:00,7394.920827353553
2019-08-03 16:00:00,7529.706635106387
2019-08-03 16:30:00,7869.962025834751
2019-08-03 17:00:00,8174.950814756958
2019-08-03 17:30:00,8617.854417935308
2019-08-03 18:00:00,9361.400116730927
2019-08-03 18:30:00,9566.05662872272
2019-08-03 19:00:00,9482.161355841687
2019-08-03 19:30:00,9383.965378288409
2019-08-03 20:00:00,9266.54039713079
2019-08-03 20:30:00,9196.924624309031
2019-08-03 21:00:00,8960.648358587676
2019-08-03 21:30:00,8734.048742155466
2019-08-03 22:00:00,8487.49063625816
2019-08-03 22:30:00,8507.802860801325
2019-08-03 23:00:00,8266.379235630404
2019-08-03 23:30:00,8158.37095735154
2019-08-04 00:00:00,8179.031984371898
2019-08-04 00:30:00,7988.549383327675
2019-08-04 01:00:00,7756.31438724507
2019-08-04 01:30:00,7576.318171350907
2019-08-04 02:00:00,7387.348898997162
2019-08-04 02:30:00,7072.034461378868
2019-08-04 03:00:00,6849.42430253483
2019-08-04 03:30:00,6593.808820396292
2019-08-04 04:00:00,6473.06305840051
2019-08-04 04:30:00,6465.602507601158
2019-08-04 05:00:00,6484.111600702416
2019-08-04 05:30:00,6674.695055381315
2019-08-04 06:00:00,6820.686234938728
2019-08-04 06:30:00,7138.751657655087
2019-08-04 07:00:00,7523.812183740056
2019-08-04 07:30:00,7941.289659751031
2019-08-04 08:00:00,8196.75549211452
2019-08-04 08:30:00,8524.889509182774
2019-08-04 09:00:00,8466.377684084107
2019-08-04 09:30:00,8365.683519581815
2019-08-04 10:00:00,8144.580014553528
2019-08-04 10:30:00,7913.015878548723
2019-08-04 11:00:00,7655.679541313574
2019-08-04 11:30:00,7390.8765345480615
2019-08-04 12:00:00,7158.212052856756
2019-08-04 12:30:00,7072.878656091018
2019-08-04 13:00:00,6874.815211657391
2019-08-04 13:30:00,6847.823199988215
2019-08-04 14:00:00,6868.023725288445
2019-08-04 14:30:00,6868.023725288445
2019-08-04 15:00:00,6855.933699681159
2019-08-04 15:30:00,7022.820944980244
2019-08-04 16:00:00,7312.7884040782465
2019-08-04 16:30:00,7598.391445844679
2019-08-04 17:00:00,8155.894898973653
2019-08-04 17:30:00,8603.008817263397
2019-08-04 18:00:00,9527.077974039354
2019-08-04 18:30:00,9709.336328987903
2019-08-04 19:00:00,9626.91047585104
2019-08-04 19:30:00,9583.172942838415
2019-08-04 20:00:00,9439.448202180956
2019-08-04 20:30:00,9416.015434850875
2019-08-04 21:00:00,9206.514684021651
2019-08-04 21:30:00,9093.71568562573
2019-08-04 22:00:00,8747.559832532865
2019-08-04 22:30:00,8637.624677986325
2019-08-04 23:00:00,8358.667762740228
2019-08-04 23:30:00,8202.164891556304
2019-08-05 00:00:00,8220.394760702273
2019-08-05 00:30:00,7908.058561505724
2019-08-05 01:00:00,7734.389675959472
2019-08-05 01:30:00,7566.970721087313
2019-08-05 02:00:00,7548.0448773456865
2019-08-05 02:30:00,7260.502235018806
2019-08-05 03:00:00,7088.858162405375
2019-08-05 03:30:00,6969.352744800608
2019-08-05 04:00:00,6978.371472609419
2019-08-05 04:30:00,6856.821498581306
2019-08-05 05:00:00,7230.403636461014
2019-08-05 05:30:00,7468.973659067175
2019-08-05 06:00:00,8143.264242564792
2019-08-05 06:30:00,8499.601101083535
2019-08-05 07:00:00,9108.375970438537
2019-08-05 07:30:00,9191.357625770393
2019-08-05 08:00:00,9803.033762237425
2019-08-05 08:30:00,9962.851720532157
2019-08-05 09:00:00,9780.815190498486
2019-08-05 09:30:00,9780.815190498486
2019-08-05 10:00:00,9418.808134014302
2019-08-05 10:30:00,9157.33164605954
2019-08-05 11:00:00,8804.025716685253
2019-08-05 11:30:00,8696.414152609057
2019-08-05 12:00:00,8539.972702753075
2019-08-05 12:30:00,8381.636468224036
2019-08-05 13:00:00,8313.85882289382
2019-08-05 13:30:00,8177.674117095158
2019-08-05 14:00:00,8086.225690613775
2019-08-05 14:30:00,8191.956397033782
2019-08-05 15:00:00,8408.564637343628
2019-08-05 15:30:00,8598.554987817843
2019-08-05 16:00:00,8837.469707981903
2019-08-05 16:30:00,9192.142798257324
2019-08-05 17:00:00,9623.814830475345
2019-08-05 17:30:00,10063.31414859079
2019-08-05 18:00:00,10817.862371249752
2019-08-05 18:30:00,10990.24621319473
2019-08-05 19:00:00,10846.42203889608
2019-08-05 19:30:00,10653.786410736851
2019-08-05 20:00:00,10362.666384752252
2019-08-05 20:30:00,10265.473988341997
2019-08-05 21:00:00,9952.396365402468
2019-08-05 21:30:00,9811.059816150659
2019-08-05 22:00:00,9441.841381839025
2019-08-05 22:30:00,9229.097577630973
2019-08-05 23:00:00,9055.514691157372
2019-08-05 23:30:00,8889.07128705976
2019-08-06 00:00:00,8305.827385513703
2019-08-06 00:30:00,8218.721023402473
2019-08-06 01:00:00,8061.203677751516
2019-08-06 01:30:00,7920.677530503721
2019-08-06 02:00:00,7680.648920881672
2019-08-06 02:30:00,7552.825210947938
2019-08-06 03:00:00,7243.670020930321
2019-08-06 03:30:00,7117.435637182322
2019-08-06 04:00:00,7048.517509194322
2019-08-06 04:30:00,7154.055102066992
2019-08-06 05:00:00,7232.9981907269585
2019-08-06 05:30:00,7538.333680499235
2019-08-06 06:00:00,8032.158900622879
2019-08-06 06:30:00,8642.041031460769
2019-08-06 07:00:00,9442.016635878825
2019-08-06 07:30:00,9807.113058056531
2019-08-06 08:00:00,10013.455936239881
2019-08-06 08:30:00,9794.351557176216
2019-08-06 09:00:00,9429.328006864518
2019-08-06 09:30:00,9176.330280945525
2019-08-06 10:00:00,8908.286199626158
2019-08-06 10:30:00,8627.676244401213
2019-08-06 11:00:00,8455.428632200017
2019-08-06 11:30:00,8202.104122028351
2019-08-06 12:00:00,8087.585572242726
2019-08-06 12:30:00,7965.421030004633
2019-08-06 13:00:00,7980.110509140374
2019-08-06 13:30:00,7939.718673597568
2019-08-06 14:00:00,7953.01697610304
2019-08-06 14:30:00,7956.173562158702
2019-08-06 15:00:00,7998.749738581661
2019-08-06 15:30:00,8121.499154132134
2019-08-06 16:00:00,8307.287589048661
2019-08-06 16:30:00,8518.41454815923
2019-08-06 17:00:00,8938.385512734938
2019-08-06 17:30:00,9432.719641244534
2019-08-06 18:00:00,10105.270077272551
2019-08-06 18:30:00,10381.24018544424
2019-08-06 19:00:00,10294.458879828553
2019-08-06 19:30:00,10146.982818230572
2019-08-06 20:00:00,9939.057660387207
2019-08-06 20:30:00,9838.110915910258
2019-08-06 21:00:00,9690.162448394356
2019-08-06 21:30:00,9410.12316099503
2019-08-06 22:00:00,9180.219445821242
2019-08-06 22:30:00,9100.74122437516
2019-08-06 23:00:00,8761.469635224194
2019-08-06 23:30:00,8641.745904691843
2019-08-07 00:00:00,8532.725103556932
2019-08-07 00:30:00,8365.14530381659
2019-08-07 01:00:00,8191.320518978243
2019-08-07 01:30:00,7984.2913299960965
2019-08-07 02:00:00,7649.109473133953
2019-08-07 02:30:00,7426.251911971541
2019-08-07 03:00:00,7096.8449959147665
2019-08-07 03:30:00,6984.2849290516
2019-08-07 04:00:00,6880.830397536155
2019-08-07 04:30:00,6880.830397536155
2019-08-07 05:00:00,7051.084597874586
2019-08-07 05:30:00,7491.050184971431
2019-08-07 06:00:00,8019.114679676747
2019-08-07 06:30:00,8814.118687466244
2019-08-07 07:00:00,9680.67974847616
2019-08-07 07:30:00,10079.18559023072
2019-08-07 08:00:00,10274.310429230123
2019-08-07 08:30:00,10008.30432348535
2019-08-07 09:00:00,9569.288315431351
2019-08-07 09:30:00,9329.304901628277
2019-08-07 10:00:00,8977.377788934105
2019-08-07 10:30:00,8719.41391908733
2019-08-07 11:00:00,8421.405206386458
2019-08-07 11:30:00,8115.37947354714
2019-08-07 12:00:00,7924.21083352181
2019-08-07 12:30:00,7750.979748389553
2019-08-07 13:00:00,7722.049291051815
2019-08-07 13:30:00,7641.470622912308
2019-08-07 14:00:00,7601.301814665215
2019-08-07 14:30:00,7663.018533904027
2019-08-07 15:00:00,7746.913966835458
2019-08-07 15:30:00,7785.368482596185
2019-08-07 16:00:00,8072.53082540347
2019-08-07 16:30:00,8361.3413944325
2019-08-07 17:00:00,8745.28471277906
2019-08-07 17:30:00,9356.689493350537
2019-08-07 18:00:00,10111.18847606255
2019-08-07 18:30:00,10436.801929853575
2019-08-07 19:00:00,10485.009401072342
2019-08-07 19:30:00,10267.970197536994
2019-08-07 20:00:00,10169.327202069539
2019-08-07 20:30:00,10042.40022434045
2019-08-07 21:00:00,9937.673844739598
2019-08-07 21:30:00,9642.052827505066
2019-08-07 22:00:00,9365.238969345422
2019-08-07 22:30:00,9180.63435944613
2019-08-07 23:00:00,8945.370522749581
2019-08-07 23:30:00,8713.28124010282
2019-08-08 00:00:00,8573.513316027753
2019-08-08 00:30:00,8391.803644011945
2019-08-08 01:00:00,8190.103931129501
2019-08-08 01:30:00,7968.90957343762
2019-08-08 02:00:00,7748.389418512748
2019-08-08 02:30:00,7424.571164086792
2019-08-08 03:00:00,7089.587496079337
2019-08-08 03:30:00,6980.547756446116
2019-08-08 04:00:00,6877.093224930672
2019-08-08 04:30:00,6919.667353761376
2019-08-08 05:00:00,7089.6969199109035
2019-08-08 05:30:00,7549.117653665962
2019-08-08 06:00:00,8026.584308783076
2019-08-08 06:30:00,8813.147958906764
2019-08-08 07:00:00,9606.673346711792
2019-08-08 07:30:00,9991.264023737782
2019-08-08 08:00:00,10207.61659996017
2019-08-08 08:30:00,10020.331169002355
2019-08-08 09:00:00,9581.315160948356
2019-08-08 09:30:00,9254.041355108806
2019-08-08 10:00:00,8893.830949952855
2019-08-08 10:30:00,8599.870208496748
2019-08-08 11:00:00,8355.633091282007
2019-08-08 11:30:00,8039.760930842814
2019-08-08 12:00:00,7913.757359512216
2019-08-08 12:30:00,7722.727038515682
2019-08-08 13:00:00,7681.662946788769
2019-08-08 13:30:00,7597.562529424213
2019-08-08 14:00:00,7657.801905179952
2019-08-08 14:30:00,7726.27467774695
2019-08-08 15:00:00,7766.342339361015
2019-08-08 15:30:00,7857.2674905010035
2019-08-08 16:00:00,8063.009327059825
2019-08-08 16:30:00,8268.166628157376
2019-08-08 17:00:00,8592.309869257631
2019-08-08 17:30:00,9200.59287602673
2019-08-08 18:00:00,9874.87354803053
2019-08-08 18:30:00,10133.33226470466
2019-08-08 19:00:00,10265.907462378143
2019-08-08 19:30:00,10134.612753702782
2019-08-08 20:00:00,10051.535547621792
2019-08-08 20:30:00,9850.968636337568
2019-08-08 21:00:00,9662.97795841615
2019-08-08 21:30:00,9426.676204029449
2019-08-08 22:00:00,9113.905016780642
2019-08-08 22:30:00,8962.044651804747
2019-08-08 23:00:00,8650.565847996126
2019-08-08 23:30:00,8432.808752459903
2019-08-09 00:00:00,8327.220670071525
2019-08-09 00:30:00,8205.21939777236
2019-08-09 01:00:00,7990.432000023376
2019-08-09 01:30:00,7801.895484580809
2019-08-09 02:00:00,7576.467444405684
2019-08-09 02:30:00,7242.13767074534
2019-08-09 03:00:00,6956.9520549762
2019-08-09 03:30:00,6795.076454678121
2019-08-09 04:00:00,6739.194403590489
2019-08-09 04:30:00,6739.194403590489
2019-08-09 05:00:00,6914.010905616993
2019-08-09 05:30:00,7218.096935142209
2019-08-09 06:00:00,7680.772627970639
2019-08-09 06:30:00,8548.254595935949
2019-08-09 07:00:00,9328.48952715605
2019-08-09 07:30:00,9695.394654436872
2019-08-09 08:00:00,9844.93851738504
2019-08-09 08:30:00,9562.877611139089
2019-08-09 09:00:00,9326.004652600408
2019-08-09 09:30:00,9167.73607790703
2019-08-09 10:00:00,8852.740726967062
2019-08-09 10:30:00,8713.848612149804
2019-08-09 11:00:00,8610.448108662418
2019-08-09 11:30:00,8382.741368744064
2019-08-09 12:00:00,8228.734200655068
2019-08-09 12:30:00,8032.149126786213
2019-08-09 13:00:00,8049.33875279236
2019-08-09 13:30:00,7966.132820893128
2019-08-09 14:00:00,7957.532383562863
2019-08-09 14:30:00,7900.976942371452
2019-08-09 15:00:00,7908.579285624034
2019-08-09 15:30:00,7965.134726815445
2019-08-09 16:00:00,8240.22486141744
2019-08-09 16:30:00,8458.795620332983
2019-08-09 17:00:00,8868.514956598308
2019-08-09 17:30:00,9359.530858283224
2019-08-09 18:00:00,9998.332513773988
2019-08-09 18:30:00,10197.018989835924
2019-08-09 19:00:00,10141.199594091471
2019-08-09 19:30:00,10003.9372882911
2019-08-09 20:00:00,9854.240706741433
2019-08-09 20:30:00,9760.821107100048
2019-08-09 21:00:00,9809.806123705295
2019-08-09 21:30:00,9563.859355810062
2019-08-09 22:00:00,9247.694039574977
2019-08-09 22:30:00,9089.425464881599
2019-08-09 23:00:00,8712.029450380833
2019-08-09 23:30:00,8540.173383752015
2019-08-10 00:00:00,8160.438986211716
2019-08-10 00:30:00,7955.367946298603
2019-08-10 01:00:00,7762.367719768014
2019-08-10 01:30:00,7680.122966739971
2019-08-10 02:00:00,7407.640123710368
2019-08-10 02:30:00,7116.100647839145
2019-08-10 03:00:00,6797.483670371231
2019-08-10 03:30:00,6635.608070073152
2019-08-10 04:00:00,6567.175408689838
2019-08-10 04:30:00,6617.246634458763
2019-08-10 05:00:00,6535.467557186036
2019-08-10 05:30:00,6788.864797960351
2019-08-10 06:00:00,6805.979086950718
2019-08-10 06:30:00,7181.293899959701
2019-08-10 07:00:00,7832.16146404007
2019-08-10 07:30:00,8196.631793986378
2019-08-10 08:00:00,8697.471648260722
2019-08-10 08:30:00,8544.154739178843
2019-08-10 09:00:00,8299.450961407098
2019-08-10 09:30:00,8163.990285574691
2019-08-10 10:00:00,7968.1907924339885
2019-08-10 10:30:00,7884.323122717157
2019-08-10 11:00:00,7667.845018820541
2019-08-10 11:30:00,7518.185083193045
2019-08-10 12:00:00,7431.313780980562
2019-08-10 12:30:00,7429.320483334761
2019-08-10 13:00:00,7377.280050016936
2019-08-10 13:30:00,7390.374269624809
2019-08-10 14:00:00,7396.970978495653
2019-08-10 14:30:00,7363.4434772969535
2019-08-10 15:00:00,7395.617669419697
2019-08-10 15:30:00,7480.29476827437
2019-08-10 16:00:00,7726.56165500885
2019-08-10 16:30:00,8059.33599502319
2019-08-10 17:00:00,8540.677707904548
2019-08-10 17:30:00,9106.515719579511
2019-08-10 18:00:00,9766.754931859581
2019-08-10 18:30:00,10007.095629834963
2019-08-10 19:00:00,9919.742820380177
2019-08-10 19:30:00,9752.056884839536
2019-08-10 20:00:00,9498.740691495079
2019-08-10 20:30:00,9369.674790332236
2019-08-10 21:00:00,9176.760929876633
2019-08-10 21:30:00,8965.016089533949
2019-08-10 22:00:00,8780.315178628649
2019-08-10 22:30:00,8714.650583947923
2019-08-10 23:00:00,8401.778682090857
2019-08-10 23:30:00,8215.02750002761
2019-08-11 00:00:00,8283.97694318866
2019-08-11 00:30:00,8055.024349408963
2019-08-11 01:00:00,7798.438906775104
2019-08-11 01:30:00,7598.360947418578
2019-08-11 02:00:00,7440.814203106144
2019-08-11 02:30:00,7056.747640477321
2019-08-11 03:00:00,6880.511724022882
2019-08-11 03:30:00,6711.502662822213
2019-08-11 04:00:00,6509.727231839243
2019-08-11 04:30:00,6460.131661462913
2019-08-11 05:00:00,6484.217506514851
2019-08-11 05:30:00,6624.752807882179
2019-08-11 06:00:00,6849.223213980656
2019-08-11 06:30:00,7187.7882719631225
2019-08-11 07:00:00,7523.847277602007
2019-08-11 07:30:00,7952.866185674278
2019-08-11 08:00:00,8185.61546920646
2019-08-11 08:30:00,8430.863807783904
2019-08-11 09:00:00,8466.377684084107
2019-08-11 09:30:00,8365.683519581815
2019-08-11 10:00:00,8259.936853465993
2019-08-11 10:30:00,8069.565107699937
2019-08-11 11:00:00,7959.878870459216
2019-08-11 11:30:00,7840.583174661015
2019-08-11 12:00:00,7737.800314012398
2019-08-11 12:30:00,7640.854690174866
2019-08-11 13:00:00,7545.972457830987
2019-08-11 13:30:00,7543.877403420089
2019-08-11 14:00:00,7580.8878793476615
2019-08-11 14:30:00,7637.443320539072
2019-08-11 15:00:00,7715.042549533811
2019-08-11 15:30:00,7834.819020932765
2019-08-11 16:00:00,8125.389381979065
2019-08-11 16:30:00,8517.909655410716
2019-08-11 17:00:00,9211.474933084777
2019-08-11 17:30:00,9674.871969501857
2019-08-11 18:00:00,10492.408257477298
2019-08-11 18:30:00,10667.85364910016
2019-08-11 19:00:00,10658.943355134536
2019-08-11 19:30:00,10404.500177865644
2019-08-11 20:00:00,10257.43137238861
2019-08-11 20:30:00,10172.029171956152
2019-08-11 21:00:00,9841.143611438903
2019-08-11 21:30:00,9708.389506646598
2019-08-11 22:00:00,9305.88385496379
2019-08-11 22:30:00,9123.025363434075
2019-08-11 23:00:00,8715.811420723578
2019-08-11 23:30:00,8493.730159059456
2019-08-12 00:00:00,8580.036265460218
2019-08-12 00:30:00,8161.7164300988225
2019-08-12 01:00:00,8043.783597837187
2019-08-12 01:30:00,7694.2386793290125
2019-08-12 02:00:00,7697.318517030076
2019-08-12 02:30:00,7453.821651101727
2019-08-12 03:00:00,7272.318739647685
2019-08-12 03:30:00,7072.146036924524
2019-08-12 04:00:00,7086.862777014745
2019-08-12 04:30:00,6978.371472609419
2019-08-12 05:00:00,7230.403636461014
2019-08-12 05:30:00,7339.70925252735
2019-08-12 06:00:00,8172.543632458302
2019-08-12 06:30:00,8525.106464198905
2019-08-12 07:00:00,9106.967428223421
2019-08-12 07:30:00,9329.816797713203
2019-08-12 08:00:00,9962.851720532157
2019-08-12 08:30:00,10158.474939752017
2019-08-12 09:00:00,10205.620997418584
2019-08-12 09:30:00,10103.109794517612
2019-08-12 10:00:00,9810.849057372086
2019-08-12 10:30:00,9625.554582163863
2019-08-12 11:00:00,9536.55183770462
2019-08-12 11:30:00,9475.16467453801
2019-08-12 12:00:00,9230.27535580719
2019-08-12 12:30:00,9134.783681228699
2019-08-12 13:00:00,8973.068189374537
2019-08-12 13:30:00,8797.107961900268
2019-08-12 14:00:00,8976.880103225516
2019-08-12 14:30:00,9123.262016132754
2019-08-12 15:00:00,9202.446930227363
2019-08-12 15:30:00,9308.949678609875
2019-08-12 16:00:00,9516.288866502018
2019-08-12 16:30:00,9874.460367010252
2019-08-12 17:00:00,10218.850946446872
2019-08-12 17:30:00,10778.366670577767
2019-08-12 18:00:00,11409.454119640612
2019-08-12 18:30:00,11673.19035096464
2019-08-12 19:00:00,11520.335926556385
2019-08-12 19:30:00,11438.990199101236
2019-08-12 20:00:00,11126.96725709159
2019-08-12 20:30:00,11031.298763203706
2019-08-12 21:00:00,10715.372874216428
2019-08-12 21:30:00,10540.232925954231
2019-08-12 22:00:00,10158.51078132864
2019-08-12 22:30:00,9931.098641294351
2019-08-12 23:00:00,9607.271704550534
2019-08-12 23:30:00,9273.341902774466
2019-08-13 00:00:00,8679.659817679563
2019-08-13 00:30:00,8501.724791756498
2019-08-13 01:00:00,8332.982415400615
2019-08-13 01:30:00,8249.563404604545
2019-08-13 02:00:00,7962.505136038594
2019-08-13 02:30:00,7729.459147996437
2019-08-13 03:00:00,7542.286856051549
2019-08-13 03:30:00,7431.079075831771
2019-08-13 04:00:00,7328.395039822695
2019-08-13 04:30:00,7502.140755056668
2019-08-13 05:00:00,7445.437257844364
2019-08-13 05:30:00,7789.596691674182
2019-08-13 06:00:00,8245.84371196379
2019-08-13 06:30:00,9024.137613481591
2019-08-13 07:00:00,9894.233865929109
2019-08-13 07:30:00,10240.096986116943
2019-08-13 08:00:00,10509.69372134518
2019-08-13 08:30:00,10378.423727641371
2019-08-13 09:00:00,10050.750142715206
2019-08-13 09:30:00,9779.171278689733
2019-08-13 10:00:00,9403.519274732795
2019-08-13 10:30:00,9089.442265685871
2019-08-13 11:00:00,8826.93042198041
2019-08-13 11:30:00,8573.48621475693
2019-08-13 12:00:00,8458.958934376315
2019-08-13 12:30:00,8374.65487446827
2019-08-13 13:00:00,8226.881863105618
2019-08-13 13:30:00,8174.220837632009
2019-08-13 14:00:00,8122.6322284857615
2019-08-13 14:30:00,8121.979465205847
2019-08-13 15:00:00,8100.628933243593
2019-08-13 15:30:00,8219.182121299864
2019-08-13 16:00:00,8471.255309173132
2019-08-13 16:30:00,8699.294208916826
2019-08-13 17:00:00,9169.358843162749
2019-08-13 17:30:00,9797.91033110323
2019-08-13 18:00:00,10583.571139847854
2019-08-13 18:30:00,10946.941964413198
2019-08-13 19:00:00,11050.737986493537
2019-08-13 19:30:00,10918.080790238622
2019-08-13 20:00:00,10601.486203060345
2019-08-13 20:30:00,10543.221682906003
2019-08-13 21:00:00,10314.863179442356
2019-08-13 21:30:00,10038.893071270668
2019-08-13 22:00:00,9767.314207245196
2019-08-13 22:30:00,9546.796219435617
2019-08-13 23:00:00,9196.83665614902
2019-08-13 23:30:00,9056.559962703539
2019-08-14 00:00:00,8854.737192641589
2019-08-14 00:30:00,8688.118487876018
2019-08-14 01:00:00,8501.204373933491
2019-08-14 01:30:00,8342.522859587229
2019-08-14 02:00:00,8120.774142981904
2019-08-14 02:30:00,7776.557476867954
2019-08-14 03:00:00,7605.950426783994
2019-08-14 03:30:00,7400.769984628085
2019-08-14 04:00:00,7199.069050279264
2019-08-14 04:30:00,7333.1367489208105
2019-08-14 05:00:00,7491.050184971431
2019-08-14 05:30:00,7899.404765542177
2019-08-14 06:00:00,8368.650888758219
2019-08-14 06:30:00,9275.575261407948
2019-08-14 07:00:00,9992.944771622528
2019-08-14 07:30:00,10358.358983352899
2019-08-14 08:00:00,10506.242626112318
2019-08-14 08:30:00,10284.274431657039
2019-08-14 09:00:00,9862.455525810808
2019-08-14 09:30:00,9542.191031419437
2019-08-14 10:00:00,9162.695236817997
2019-08-14 10:30:00,8931.14237805008
2019-08-14 11:00:00,8571.312985683357
2019-08-14 11:30:00,8336.162445960028
2019-08-14 12:00:00,8227.047336539223
2019-08-14 12:30:00,8065.541603407079
2019-08-14 13:00:00,8038.29602797445
2019-08-14 13:30:00,7957.804281804048
2019-08-14 14:00:00,7949.203844473783
2019-08-14 14:30:00,7949.203844473783
2019-08-14 15:00:00,8046.249278611523
2019-08-14 15:30:00,8136.84001758964
2019-08-14 16:00:00,8405.429990640663
2019-08-14 16:30:00,8734.203565119056
2019-08-14 17:00:00,9244.858357353847
2019-08-14 17:30:00,9881.194578224306
2019-08-14 18:00:00,10694.865151513339
2019-08-14 18:30:00,11010.394299756848
2019-08-14 19:00:00,10978.82487324064
2019-08-14 19:30:00,10978.82487324064
2019-08-14 20:00:00,10723.129045808973
2019-08-14 20:30:00,10626.076899791238
2019-08-14 21:00:00,10400.956001655506
2019-08-14 21:30:00,10143.583941003506
2019-08-14 22:00:00,9738.30571109406
2019-08-14 22:30:00,9642.052827505066
2019-08-14 23:00:00,9303.961064724881
2019-08-14 23:30:00,9053.566344785344
2019-08-15 00:00:00,8912.58381168104
2019-08-15 00:30:00,8700.855352718288
2019-08-15 01:00:00,8500.240230102032
2019-08-15 01:30:00,8341.55871575577
2019-08-15 02:00:00,8133.511007824174
2019-08-15 02:30:00,7845.849782901635
2019-08-15 03:00:00,7565.994228676054
2019-08-15 03:30:00,7465.120568432564
2019-08-15 04:00:00,7345.87361376308
2019-08-15 04:30:00,7395.485176315785
2019-08-15 05:00:00,7562.825247067714
2019-08-15 05:30:00,7912.141630384447
2019-08-15 06:00:00,8349.204003548277
2019-08-15 06:30:00,9222.30335450019
2019-08-15 07:00:00,9964.995477343902
2019-08-15 07:30:00,10380.919870709406
2019-08-15 08:00:00,10521.39001441624
2019-08-15 08:30:00,10296.301277174043
2019-08-15 09:00:00,9874.482371327813
2019-08-15 09:30:00,9581.315160948356
2019-08-15 10:00:00,9223.246616849181
2019-08-15 10:30:00,8979.023393606094
2019-08-15 11:00:00,8655.661496039247
2019-08-15 11:30:00,8433.432051903463
2019-08-15 12:00:00,8333.169459632833
2019-08-15 12:30:00,8229.718321354165
2019-08-15 13:00:00,8156.566604912399
2019-08-15 13:30:00,8093.71563667967
2019-08-15 14:00:00,8049.960502309043
2019-08-15 14:30:00,8049.960502309043
2019-08-15 15:00:00,8065.719923933501
2019-08-15 15:30:00,8148.866863106644
2019-08-15 16:00:00,8412.177612978674
2019-08-15 16:30:00,8671.488173012362
2019-08-15 17:00:00,9139.438439926316
2019-08-15 17:30:00,9689.394017321343
2019-08-15 18:00:00,10458.945718495685
2019-08-15 18:30:00,10819.73394232758
2019-08-15 19:00:00,10902.360158780852
2019-08-15 19:30:00,10718.28942915357
2019-08-15 20:00:00,10547.902357845638
2019-08-15 20:30:00,10547.902357845638
2019-08-15 21:00:00,10283.562603818198
2019-08-15 21:30:00,9945.250750406674
2019-08-15 22:00:00,9662.626270982068
2019-08-15 22:30:00,9403.599713365955
2019-08-15 23:00:00,9148.867537578442
2019-08-15 23:30:00,8942.004884990269
2019-08-16 00:00:00,8749.035444931013
2019-08-16 00:30:00,8562.371209794854
2019-08-16 01:00:00,8349.373548939773
2019-08-16 01:30:00,8197.208744988235
2019-08-16 02:00:00,7925.07380839715
2019-08-16 02:30:00,7631.607074086289
2019-08-16 03:00:00,7353.141354303047
2019-08-16 03:30:00,7108.452905117045
2019-08-16 04:00:00,7016.858653602317
2019-08-16 04:30:00,7086.66168055129
2019-08-16 05:00:00,7218.096935142209
2019-08-16 05:30:00,7712.374737967209
2019-08-16 06:00:00,8222.232257353236
2019-08-16 06:30:00,9046.556285518265
2019-08-16 07:00:00,9895.25154639583
2019-08-16 07:30:00,10229.823479282692
2019-08-16 08:00:00,10328.063943373247
2019-08-16 08:30:00,10136.116040498544
2019-08-16 09:00:00,9684.217833135554
2019-08-16 09:30:00,9392.785457431204
2019-08-16 10:00:00,8937.002022455248
2019-08-16 10:30:00,8638.81276158209
2019-08-16 11:00:00,8375.29756893909
2019-08-16 11:30:00,8056.711222771067
2019-08-16 12:00:00,7751.864487673658
2019-08-16 12:30:00,7635.321341694169
2019-08-16 13:00:00,7573.603237185883
2019-08-16 13:30:00,7573.603237185883
2019-08-16 14:00:00,7577.448673286026
2019-08-16 14:30:00,7696.389971590479
2019-08-16 15:00:00,7743.887884374429
2019-08-16 15:30:00,7844.821625050636
2019-08-16 16:00:00,8175.3162917136815
2019-08-16 16:30:00,8411.193492279577
2019-08-16 17:00:00,8676.508363407607
2019-08-16 17:30:00,9176.67236675351
2019-08-16 18:00:00,9875.634055461951
2019-08-16 18:30:00,10281.024406987952
2019-08-16 19:00:00,10262.608984977041
2019-08-16 19:30:00,10141.06038256225
2019-08-16 20:00:00,9998.247983990183
2019-08-16 20:30:00,9956.716349234845
2019-08-16 21:00:00,9952.958188376204
2019-08-16 21:30:00,9691.27404246239
2019-08-16 22:00:00,9416.047402556414
2019-08-16 22:30:00,9362.898279389845
2019-08-16 23:00:00,9005.290712471617
2019-08-16 23:30:00,8860.352799055181
2019-08-17 00:00:00,8478.01870489622
2019-08-17 00:30:00,8393.441015854121
2019-08-17 01:00:00,8013.842480675954
2019-08-17 01:30:00,7865.574412754288
2019-08-17 02:00:00,7662.491113519604
2019-08-17 02:30:00,7424.66274675759
2019-08-17 03:00:00,7062.134856214297
2019-08-17 03:30:00,6965.793030801336
2019-08-17 04:00:00,6875.760854493342
2019-08-17 04:30:00,6915.343905089144
2019-08-17 05:00:00,6784.457310027981
2019-08-17 05:30:00,7126.3456527772605
2019-08-17 06:00:00,6910.180345495488
2019-08-17 06:30:00,7803.847019944429
2019-08-17 07:00:00,8238.65485174753
2019-08-17 07:30:00,8540.61975638539
2019-08-17 08:00:00,9095.547178425073
2019-08-17 08:30:00,8925.75343316402
2019-08-17 09:00:00,8712.652565595696
2019-08-17 09:30:00,8270.426121983557
2019-08-17 10:00:00,7968.1907924339885
2019-08-17 10:30:00,7764.777932846831
2019-08-17 11:00:00,7511.064786522941
2019-08-17 11:30:00,7426.656020814524
2019-08-17 12:00:00,7388.289660693969
2019-08-17 12:30:00,7269.039154356438
2019-08-17 13:00:00,7232.697426622327
2019-08-17 13:30:00,7215.559020574006
2019-08-17 14:00:00,7236.697222662251
2019-08-17 14:30:00,7201.884376764351
2019-08-17 15:00:00,7254.191079093365
2019-08-17 15:30:00,7368.611828902217
2019-08-17 16:00:00,7504.27537717892
2019-08-17 16:30:00,7560.769188664932
2019-08-17 17:00:00,7920.347965541451
2019-08-17 17:30:00,8243.353274368214
2019-08-17 18:00:00,8818.132514012004
2019-08-17 18:30:00,9008.219250239747
2019-08-17 19:00:00,8984.588645267107
2019-08-17 19:30:00,8832.876434547514
2019-08-17 20:00:00,8710.312055650047
2019-08-17 20:30:00,8633.20422188876
2019-08-17 21:00:00,8438.526518974022
2019-08-17 21:30:00,8258.975043712126
2019-08-17 22:00:00,8051.348738542757
2019-08-17 22:30:00,8129.38842477855
2019-08-17 23:00:00,7947.644743506189
2019-08-17 23:30:00,7823.7318226895895
2019-08-18 00:00:00,7850.509936583224
2019-08-18 00:30:00,7649.44287223946
2019-08-18 01:00:00,7412.163638781411
2019-08-18 01:30:00,7171.5592830547785
2019-08-18 02:00:00,7093.741909912737
2019-08-18 02:30:00,6875.858591102855
2019-08-18 03:00:00,6624.896241884344
2019-08-18 03:30:00,6475.7391162103895
2019-08-18 04:00:00,6338.262413178983
2019-08-18 04:30:00,6328.882440224799
2019-08-18 05:00:00,6362.3491799877365
2019-08-18 05:30:00,6523.034521660433
2019-08-18 06:00:00,6688.231551988914
2019-08-18 06:30:00,7048.0020785171055
2019-08-18 07:00:00,7217.560884893885
2019-08-18 07:30:00,7658.808770978192
2019-08-18 08:00:00,7743.634453684683
2019-08-18 08:30:00,7797.0738401105555
2019-08-18 09:00:00,7837.642224188584
2019-08-18 09:30:00,7757.437945372515
2019-08-18 10:00:00,7557.476986007586
2019-08-18 10:30:00,7242.732313284437
2019-08-18 11:00:00,7175.067506040906
2019-08-18 11:30:00,6947.769646282902
2019-08-18 12:00:00,6824.942660458271
2019-08-18 12:30:00,6739.824522950058
2019-08-18 13:00:00,6754.288737113354
2019-08-18 13:30:00,6715.108524903117
2019-08-18 14:00:00,6667.490924274501
2019-08-18 14:30:00,6730.297375891279
2019-08-18 15:00:00,6793.189115841136
2019-08-18 15:30:00,6923.373082386175
2019-08-18 16:00:00,7135.440185724754
2019-08-18 16:30:00,7392.456754585425
2019-08-18 17:00:00,7890.353149456611
2019-08-18 17:30:00,8240.1989588817
2019-08-18 18:00:00,9026.747749556733
2019-08-18 18:30:00,9297.174258865565
2019-08-18 19:00:00,9327.829543965558
2019-08-18 19:30:00,9138.427128660907
2019-08-18 20:00:00,8925.031178116413
2019-08-18 20:30:00,8925.031178116413
2019-08-18 21:00:00,8710.016170985193
2019-08-18 21:30:00,8527.931812678198
2019-08-18 22:00:00,8191.010841204732
2019-08-18 22:30:00,8187.890298417816
2019-08-18 23:00:00,7928.607211067037
2019-08-18 23:30:00,7771.899206153686
2019-08-19 00:00:00,7423.286453816722
2019-08-19 00:30:00,7460.535260771031
2019-08-19 01:00:00,7380.158620160333
2019-08-19 01:30:00,7270.312644665182
2019-08-19 02:00:00,7042.646513946411
2019-08-19 02:30:00,6729.100018133237
2019-08-19 03:00:00,6648.444043392411
2019-08-19 03:30:00,6513.266703757348
2019-08-19 04:00:00,6602.851373442584
2019-08-19 04:30:00,6511.002651031078
2019-08-19 05:00:00,6862.5729282245375
2019-08-19 05:30:00,6938.27534672357
2019-08-19 06:00:00,7801.714538346147
2019-08-19 06:30:00,8201.285389806751
2019-08-19 07:00:00,9102.267317779442
2019-08-19 07:30:00,9117.282172846148
2019-08-19 08:00:00,9391.63058295654
2019-08-19 08:30:00,9542.67856370837
2019-08-19 09:00:00,9057.765886012243
2019-08-19 09:30:00,8875.651716384922
2019-08-19 10:00:00,8692.911275521034
2019-08-19 10:30:00,8518.509890709674
2019-08-19 11:00:00,8306.309530992205
2019-08-19 11:30:00,7831.5452489021645
2019-08-19 12:00:00,7657.872812560587
2019-08-19 12:30:00,7511.138794366696
2019-08-19 13:00:00,7385.591676609668
2019-08-19 13:30:00,7237.554925191385
2019-08-19 14:00:00,7231.523434827025
2019-08-19 14:30:00,7379.560186245308
2019-08-19 15:00:00,7424.4784821098065
2019-08-19 15:30:00,7748.934903291094
2019-08-19 16:00:00,8107.27300802396
2019-08-19 16:30:00,8546.897288655258
2019-08-19 17:00:00,8856.413661642873
2019-08-19 17:30:00,9288.197607380938
2019-08-19 18:00:00,9672.903403629645
2019-08-19 18:30:00,10163.857966163214
2019-08-19 19:00:00,9840.864654554962
2019-08-19 19:30:00,9688.002187059252
2019-08-19 20:00:00,9467.183555879561
2019-08-19 20:30:00,9373.415645561061
2019-08-19 21:00:00,9148.999496339176
2019-08-19 21:30:00,8897.051293032446
2019-08-19 22:00:00,8646.571947441318
2019-08-19 22:30:00,8451.302489255624
2019-08-19 23:00:00,8329.159241942762
2019-08-19 23:30:00,8190.024761088281
2019-08-20 00:00:00,7794.318562363065
2019-08-20 00:30:00,7692.627335170013
2019-08-20 01:00:00,7504.510268034663
2019-08-20 01:30:00,7400.894895321536
2019-08-20 02:00:00,7132.910272830544
2019-08-20 02:30:00,6928.401159638286
2019-08-20 03:00:00,6618.993357703142
2019-08-20 03:30:00,6571.867890909225
2019-08-20 04:00:00,6451.395787373575
2019-08-20 04:30:00,6532.368461714294
2019-08-20 05:00:00,6650.539992138071
2019-08-20 05:30:00,7113.417641838035
2019-08-20 06:00:00,7564.5572103108425
2019-08-20 06:30:00,8098.026741145438
2019-08-20 07:00:00,8814.444592240981
2019-08-20 07:30:00,9103.806944084461
2019-08-20 08:00:00,9168.027339917875
2019-08-20 08:30:00,8982.163763687244
2019-08-20 09:00:00,8631.289912384773
2019-08-20 09:30:00,8474.673730882923
2019-08-20 10:00:00,8320.504224870132
2019-08-20 10:30:00,8165.334042845538
2019-08-20 11:00:00,8093.932500354065
2019-08-20 11:30:00,7971.1830848035925
2019-08-20 12:00:00,7973.464253927496
2019-08-20 12:30:00,7929.28436942063
2019-08-20 13:00:00,7910.342540186225
2019-08-20 13:30:00,7910.342540186225
2019-08-20 14:00:00,7925.487133790212
2019-08-20 14:30:00,7978.180196740422
2019-08-20 15:00:00,7959.241421847617
2019-08-20 15:30:00,8070.167673417295
2019-08-20 16:00:00,8310.444663844797
2019-08-20 16:30:00,8513.280503971795
2019-08-20 17:00:00,9143.534536136896
2019-08-20 17:30:00,9797.91033110323
2019-08-20 18:00:00,10546.167166114312
2019-08-20 18:30:00,10928.450839179653
2019-08-20 19:00:00,11049.233132387717
2019-08-20 19:30:00,10836.42898631634
2019-08-20 20:00:00,10539.363957843932
2019-08-20 20:30:00,10501.95998411039
2019-08-20 21:00:00,10161.962323937685
2019-08-20 21:30:00,9773.086580171586
2019-08-20 22:00:00,9439.68248873824
2019-08-20 22:30:00,9256.823997208527
2019-08-20 23:00:00,8913.875895741321
2019-08-20 23:30:00,8570.260316578255
2019-08-21 00:00:00,8513.556262718621
2019-08-21 00:30:00,8339.553536607104
2019-08-21 01:00:00,8204.995700105907
2019-08-21 01:30:00,7997.5089358157775
2019-08-21 02:00:00,7641.5294171602145
2019-08-21 02:30:00,7385.538634812914
2019-08-21 03:00:00,7069.553397308606
2019-08-21 03:30:00,6886.209900443177
2019-08-21 04:00:00,6806.509074862103
2019-08-21 04:30:00,6856.443767214946
2019-08-21 05:00:00,7001.063779184799
2019-08-21 05:30:00,7453.081327362883
2019-08-21 06:00:00,8023.050128241694
2019-08-21 06:30:00,8854.91139624757
2019-08-21 07:00:00,9627.434734396038
2019-08-21 07:30:00,9964.569261152266
2019-08-21 08:00:00,9954.860863639595
2019-08-21 08:30:00,9741.09319040615
2019-08-21 09:00:00,9242.014509591801
2019-08-21 09:30:00,8980.092510320625
2019-08-21 10:00:00,8587.843362979744
2019-08-21 10:30:00,8352.692823256415
2019-08-21 11:00:00,8123.819831212952
2019-08-21 11:30:00,7869.944507546916
2019-08-21 12:00:00,7741.826564650502
2019-08-21 12:30:00,7641.880402215039
2019-08-21 13:00:00,7627.046402592816
2019-08-21 13:30:00,7567.4467322041155
2019-08-21 14:00:00,7581.823898733272
2019-08-21 14:30:00,7605.21263641035
2019-08-21 15:00:00,7662.424476950816
2019-08-21 15:30:00,7791.893568690748
2019-08-21 16:00:00,8004.074403259791
2019-08-21 16:30:00,8368.785194237475
2019-08-21 17:00:00,8745.28471277906
2019-08-21 17:30:00,9352.460973933486
2019-08-21 18:00:00,10042.00271682623
2019-08-21 18:30:00,10421.059630463009
2019-08-21 19:00:00,10485.148612601564
2019-08-21 19:30:00,10359.956888664303
2019-08-21 20:00:00,10197.906788947641
2019-08-21 20:30:00,9997.643815866571
2019-08-21 21:00:00,9732.67383747591
2019-08-21 21:30:00,9432.748000038266
2019-08-21 22:00:00,9149.695161697908
2019-08-21 22:30:00,8964.377713814016
2019-08-21 23:00:00,8576.948296815806
2019-08-21 23:30:00,8427.040517518908
2019-08-22 00:00:00,8337.397979049883
2019-08-22 00:30:00,8139.23776737703
2019-08-22 01:00:00,7901.638078818457
2019-08-22 01:30:00,7707.201901661639
2019-08-22 02:00:00,7438.278757488544
2019-08-22 02:30:00,7133.64374944996
2019-08-22 03:00:00,6907.8737051140715
2019-08-22 03:30:00,6754.803309441182
2019-08-22 04:00:00,6648.16826733814
2019-08-22 04:30:00,6634.460673936388
2019-08-22 05:00:00,6773.563250818221
2019-08-22 05:30:00,7089.6969199109035
2019-08-22 06:00:00,7658.63290558615
2019-08-22 06:30:00,8467.710741073288
2019-08-22 07:00:00,9203.010849199354
2019-08-22 07:30:00,9405.230616735376
2019-08-22 08:00:00,9431.134735984275
2019-08-22 08:30:00,9157.493487797861
2019-08-22 09:00:00,8774.988599324446
2019-08-22 09:30:00,8464.003876776316
2019-08-22 10:00:00,8252.074257176317
2019-08-22 10:30:00,8051.626021464096
2019-08-22 11:00:00,7768.1692245876275
2019-08-22 11:30:00,7637.648835172291
2019-08-22 12:00:00,7535.898483094112
2019-08-22 12:30:00,7417.740971526949
2019-08-22 13:00:00,7343.2913648010235
2019-08-22 13:30:00,7303.708314205223
2019-08-22 14:00:00,7315.314445112217
2019-08-22 14:30:00,7416.258570341271
2019-08-22 15:00:00,7576.046725299296
2019-08-22 15:30:00,7609.610019202424
2019-08-22 16:00:00,7932.177986639873
2019-08-22 16:30:00,8182.547576201445
2019-08-22 17:00:00,8523.57221855079
2019-08-22 17:30:00,8969.040017258814
2019-08-22 18:00:00,9639.813498725542
2019-08-22 18:30:00,9859.131248639964
2019-08-22 19:00:00,9977.239993034822
2019-08-22 19:30:00,9790.137428001644
2019-08-22 20:00:00,9615.322242789007
2019-08-22 20:30:00,9484.912739911235
2019-08-22 21:00:00,9157.493487797861
2019-08-22 21:30:00,8972.17603991397
2019-08-22 22:00:00,8640.459851749305
2019-08-22 22:30:00,8448.289080269707
2019-08-22 23:00:00,8236.950671595328
2019-08-22 23:30:00,8137.253468445353
2019-08-23 00:00:00,8021.991141252409
2019-08-23 00:30:00,7840.366720587844
2019-08-23 01:00:00,7726.38736157847
2019-08-23 01:30:00,7516.282255100561
2019-08-23 02:00:00,7206.3869749780615
2019-08-23 02:30:00,7012.456299677872
2019-08-23 03:00:00,6788.709370298703
2019-08-23 03:30:00,6633.442085893032
2019-08-23 04:00:00,6556.460546060272
2019-08-23 04:30:00,6556.460546060272
2019-08-23 05:00:00,6697.246698680153
2019-08-23 05:30:00,6969.586505762603
2019-08-23 06:00:00,7434.355951096979
2019-08-23 06:30:00,8213.583060586081
2019-08-23 07:00:00,8834.373059197023
2019-08-23 07:30:00,9049.881236061705
2019-08-23 08:00:00,9063.077034288868
2019-08-23 08:30:00,8762.392262279918
2019-08-23 09:00:00,8472.328968153382
2019-08-23 09:30:00,8305.422316146229
2019-08-23 10:00:00,8083.240949080693
2019-08-23 10:30:00,8090.684748885668
2019-08-23 11:00:00,7959.984651914489
2019-08-23 11:30:00,7915.991725303978
2019-08-23 12:00:00,7760.388422941111
2019-08-23 12:30:00,7760.388422941111
2019-08-23 13:00:00,7775.181328867587
2019-08-23 13:30:00,7862.061059079574
2019-08-23 14:00:00,7831.085878168197
2019-08-23 14:30:00,7908.53992817121
2019-08-23 15:00:00,7937.172277737286
2019-08-23 15:30:00,8019.171568817469
2019-08-23 16:00:00,8334.32372819675
2019-08-23 16:30:00,8550.36474959268
2019-08-23 17:00:00,8967.633096492298
2019-08-23 17:30:00,9459.29681455565
2019-08-23 18:00:00,10063.985203452603
2019-08-23 18:30:00,10318.428380721494
2019-08-23 19:00:00,10225.205011243499
2019-08-23 19:30:00,10095.784767889187
2019-08-23 20:00:00,9961.084080181117
2019-08-23 20:30:00,9814.264566945803
2019-08-23 21:00:00,9809.806123705295
2019-08-23 21:30:00,9622.703558672118
2019-08-23 22:00:00,9314.474844405773
2019-08-23 22:30:00,9206.872227826134
2019-08-23 23:00:00,8919.39017839731
2019-08-23 23:30:00,8794.247648128996
2019-08-24 00:00:00,8383.339295808177
2019-08-24 00:30:00,8299.471626091345
2019-08-24 01:00:00,7999.607358557223
2019-08-24 01:30:00,7806.9809761155475
2019-08-24 02:00:00,7656.738935460563
2019-08-24 02:30:00,7418.910568698549
2019-08-24 03:00:00,7062.844875539563
2019-08-24 03:30:00,6955.972511226527
2019-08-24 04:00:00,6921.630676365091
2019-08-24 04:30:00,6921.630676365091
2019-08-24 05:00:00,6843.402891185073
2019-08-24 05:30:00,7188.731510618909
2019-08-24 06:00:00,6944.259157011946
2019-08-24 06:30:00,7747.1324927502355
2019-08-24 07:00:00,8230.818273112798
2019-08-24 07:30:00,8574.338875336818
2019-08-24 08:00:00,9057.007961481633
2019-08-24 08:30:00,8921.385702217747
2019-08-24 09:00:00,8818.721556087688
2019-08-24 09:30:00,8492.980891639123
2019-08-24 10:00:00,8223.296708018213
2019-08-24 10:30:00,7932.651069536897
2019-08-24 11:00:00,7519.321334681754
2019-08-24 11:30:00,7418.515378943404
2019-08-24 12:00:00,7337.527327444747
2019-08-24 12:30:00,7257.376199087437
2019-08-24 13:00:00,7156.05957794621
2019-08-24 13:30:00,7052.558701543975
2019-08-24 14:00:00,7077.016956405776
2019-08-24 14:30:00,7077.016956405776
2019-08-24 15:00:00,7075.064407901659
2019-08-24 15:30:00,7153.6857594817
2019-08-24 16:00:00,7433.818907225298
2019-08-24 16:30:00,7464.424171290725
2019-08-24 17:00:00,7914.422435825924
2019-08-24 17:30:00,8182.15052155831
2019-08-24 18:00:00,9015.675109962414
2019-08-24 18:30:00,9398.582810710575
2019-08-24 19:00:00,9388.333109234682
2019-08-24 19:30:00,9343.418553790883
2019-08-24 20:00:00,9201.292355255304
2019-08-24 20:30:00,9067.709885694376
2019-08-24 21:00:00,8875.950478551918
2019-08-24 21:30:00,8724.238267832325
2019-08-24 22:00:00,8510.923403588242
2019-08-24 22:30:00,8510.923403588242
2019-08-24 23:00:00,8275.32535567372
2019-08-24 23:30:00,8175.558020523745
2019-08-25 00:00:00,8102.304163986376
2019-08-25 00:30:00,7893.200471754075
2019-08-25 01:00:00,7710.819700366196
2019-08-25 01:30:00,7389.746170922275
2019-08-25 02:00:00,7124.020309424759
2019-08-25 02:30:00,6888.7378410280135
2019-08-25 03:00:00,6674.128470058214
2019-08-25 03:30:00,6547.927823740481
2019-08-25 04:00:00,6300.888220414983
2019-08-25 04:30:00,6300.888220414983
2019-08-25 05:00:00,6322.716239704453
2019-08-25 05:30:00,6546.373576480025
2019-08-25 06:00:00,6772.265970620854
2019-08-25 06:30:00,7079.003441075807
2019-08-25 07:00:00,7479.376982301281
2019-08-25 07:30:00,7766.221328622998
2019-08-25 08:00:00,7893.931796937379
2019-08-25 08:30:00,7949.298587191697
2019-08-25 09:00:00,7890.38461732602
2019-08-25 09:30:00,7735.508895130236
2019-08-25 10:00:00,7422.868250502878
2019-08-25 10:30:00,7160.287010465146
2019-08-25 11:00:00,6874.932621726661
2019-08-25 11:30:00,6682.934683808284
2019-08-25 12:00:00,6569.325455660871
2019-08-25 12:30:00,6471.837909210117
2019-08-25 13:00:00,6491.492882987085
2019-08-25 13:30:00,6526.277242337677
2019-08-25 14:00:00,6509.802144028315
2019-08-25 14:30:00,6550.887589724411
2019-08-25 15:00:00,6652.008728769544
2019-08-25 15:30:00,6772.5584662705005
2019-08-25 16:00:00,6881.997910119619
2019-08-25 16:30:00,7143.315214273885
2019-08-25 17:00:00,7613.258091906514
2019-08-25 17:30:00,7924.3094460098
2019-08-25 18:00:00,8429.686254794828
2019-08-25 18:30:00,8815.566467005016
2019-08-25 19:00:00,8887.46842926904
2019-08-25 19:30:00,8751.466188034457
2019-08-25 20:00:00,8631.793871919259
2019-08-25 20:30:00,8538.304818887902
2019-08-25 21:00:00,8313.82171603956
2019-08-25 21:30:00,8193.158905233531
2019-08-25 22:00:00,7898.161031551378
2019-08-25 22:30:00,7898.161031551378
2019-08-25 23:00:00,7654.726820121039
2019-08-25 23:30:00,7539.969927522903
2019-08-26 00:00:00,7464.304343746734
2019-08-26 00:30:00,7367.272754977206
2019-08-26 01:00:00,7322.164147799651
2019-08-26 01:30:00,7090.241900031151
2019-08-26 02:00:00,7068.673784061548
2019-08-26 02:30:00,6721.192765522294
2019-08-26 03:00:00,6527.914412791545
2019-08-26 03:30:00,6446.635242341832
2019-08-26 04:00:00,6488.893235036248
2019-08-26 04:30:00,6505.425899080397
2019-08-26 05:00:00,6798.937971398367
2019-08-26 05:30:00,6921.742682679421
2019-08-26 06:00:00,7779.605122351317
2019-08-26 06:30:00,8058.021754866891
2019-08-26 07:00:00,9090.214073818312
2019-08-26 07:30:00,9147.853058922912
2019-08-26 08:00:00,9259.488617231436
2019-08-26 08:30:00,9316.538353449307
2019-08-26 09:00:00,8686.688178055074
2019-08-26 09:30:00,8576.128171909168
2019-08-26 10:00:00,8374.389069832425
2019-08-26 10:30:00,8004.262209785033
2019-08-26 11:00:00,7761.377679871207
2019-08-26 11:30:00,7638.007845252608
2019-08-26 12:00:00,7359.34035619313
2019-08-26 12:30:00,7153.149441184147
2019-08-26 13:00:00,7199.7894486160885
2019-08-26 13:30:00,7153.450220973348
2019-08-26 14:00:00,7181.583814145692
2019-08-26 14:30:00,7212.724283247025
2019-08-26 15:00:00,7429.02467326107
2019-08-26 15:30:00,7813.126863081114
2019-08-26 16:00:00,8239.86259770654
2019-08-26 16:30:00,8563.793872047572
2019-08-26 17:00:00,8903.593839743284
2019-08-26 17:30:00,9463.996872180613
2019-08-26 18:00:00,9855.381095625871
2019-08-26 18:30:00,10318.48579260648
2019-08-26 19:00:00,10206.981378264101
2019-08-26 19:30:00,9969.15804098055
2019-08-26 20:00:00,9736.188326526913
2019-08-26 20:30:00,9514.707450571808
2019-08-26 21:00:00,9236.542368513023
2019-08-26 21:30:00,9153.49652492769
2019-08-26 22:00:00,8837.841581594292
2019-08-26 22:30:00,8693.691008513168
2019-08-26 23:00:00,8454.995793582038
2019-08-26 23:30:00,8410.477066005305
2019-08-27 00:00:00,8021.553037618709
2019-08-27 00:30:00,7899.587646165669
2019-08-27 01:00:00,7743.224970276704
2019-08-27 01:30:00,7667.051040112157
2019-08-27 02:00:00,7469.97633504603
2019-08-27 02:30:00,7211.417773377945
2019-08-27 03:00:00,6835.835878026717
2019-08-27 03:30:00,6785.531157946265
2019-08-27 04:00:00,6687.846569046824
2019-08-27 04:30:00,6769.125739496537
2019-08-27 05:00:00,6865.818914331496
2019-08-27 05:30:00,7320.335475898387
2019-08-27 06:00:00,7699.070002725637
2019-08-27 06:30:00,8249.333761326669
2019-08-27 07:00:00,8769.382959490338
2019-08-27 07:30:00,9001.763843476663
2019-08-27 08:00:00,9168.027339917875
2019-08-27 08:30:00,9168.027339917875
2019-08-27 09:00:00,9004.793838731845
2019-08-27 09:30:00,8826.787592571156
2019-08-27 10:00:00,8723.990866582344
2019-08-27 10:30:00,8723.990866582344
2019-08-27 11:00:00,8608.807688855013
2019-08-27 11:30:00,8494.134546283798
2019-08-27 12:00:00,8440.81061769984
2019-08-27 12:30:00,8485.439175673107
2019-08-27 13:00:00,8430.754388143176
2019-08-27 13:30:00,8462.556280862085
2019-08-27 14:00:00,8434.566301994155
2019-08-27 14:30:00,8382.528446366605
2019-08-27 15:00:00,8383.126862448882
2019-08-27 15:30:00,8435.164718076432
2019-08-27 16:00:00,8699.294208916826
2019-08-27 16:30:00,8986.695464754801
2019-08-27 17:00:00,9367.609816091546
2019-08-27 17:30:00,9774.816320358026
2019-08-27 18:00:00,10306.033951833759
2019-08-27 18:30:00,10560.47712910265
2019-08-27 19:00:00,10511.498083363902
2019-08-27 19:30:00,10252.927245073215
2019-08-27 20:00:00,10019.133215396389
2019-08-27 20:30:00,9814.117958568013
2019-08-27 21:00:00,9518.9455370313
2019-08-27 21:30:00,9236.32108922916
2019-08-27 22:00:00,8975.298036555025
2019-08-27 22:30:00,8788.888564783161
2019-08-27 23:00:00,8512.996702848033
2019-08-27 23:30:00,8394.939120291121
2019-08-28 00:00:00,8343.921267553376
2019-08-28 00:30:00,8221.919995254211
2019-08-28 01:00:00,8001.876666762051
2019-08-28 01:30:00,7820.252246097486
2019-08-28 02:00:00,7604.508826466481
2019-08-28 02:30:00,7273.083461088278
2019-08-28 03:00:00,7016.553501503111
2019-08-28 03:30:00,6827.605636286575
2019-08-28 04:00:00,6758.999692493024
2019-08-28 04:30:00,6792.335667277313
2019-08-28 05:00:00,6941.293291179365
2019-08-28 05:30:00,7255.004297679193
2019-08-28 06:00:00,7662.205206219024
2019-08-28 06:30:00,8343.435768607282
2019-08-28 07:00:00,8981.944733421138
2019-08-28 07:30:00,9170.671779139186
2019-08-28 08:00:00,9255.228653221113
2019-08-28 08:30:00,9084.312206180442
2019-08-28 09:00:00,8737.621986828848
2019-08-28 09:30:00,8590.558084366263
2019-08-28 10:00:00,8437.935583682845
2019-08-28 10:30:00,8406.133690963936
2019-08-28 11:00:00,8223.517034362925
2019-08-28 11:30:00,8160.175927710911
2019-08-28 12:00:00,8021.1064019683035
2019-08-28 12:30:00,8021.1064019683035
2019-08-28 13:00:00,7957.804281804048
2019-08-28 13:30:00,8038.29602797445
2019-08-28 14:00:00,7920.749408494978
2019-08-28 14:30:00,7871.106062081568
2019-08-28 15:00:00,7879.73209726177
2019-08-28 15:30:00,8018.286829533364
2019-08-28 16:00:00,8229.987850633977
2019-08-28 16:30:00,8437.231883359573
2019-08-28 17:00:00,8745.28471277906
2019-08-28 17:30:00,9192.794549926777
2019-08-28 18:00:00,9852.72975938842
2019-08-28 18:30:00,10258.007989297865
2019-08-28 19:00:00,10272.337928483266
2019-08-28 19:30:00,10083.986780492614
2019-08-28 20:00:00,9893.575303515145
2019-08-28 20:30:00,9779.508411686855
2019-08-28 21:00:00,9526.476234912829
2019-08-28 21:30:00,9226.299713085193
2019-08-28 22:00:00,8964.377713814016
2019-08-28 22:30:00,8808.207148383452
2019-08-28 23:00:00,8576.948296815806
2019-08-28 23:30:00,8438.367243708855
2019-08-29 00:00:00,8394.75748609955
2019-08-29 00:30:00,8243.302701473278
2019-08-29 01:00:00,8043.595266793543
2019-08-29 01:30:00,7909.126352551647
2019-08-29 02:00:00,7668.017590043082
2019-08-29 02:30:00,7319.742415468115
2019-08-29 03:00:00,7058.629499811228
2019-08-29 03:30:00,6896.180321239445
2019-08-29 04:00:00,6797.938357127308
2019-08-29 04:30:00,6814.673608111943
2019-08-29 05:00:00,6935.8839704508755
2019-08-29 05:30:00,7400.202779273363
2019-08-29 06:00:00,7755.608718354081
2019-08-29 06:30:00,8460.222467340098
2019-08-29 07:00:00,9088.5814839578
2019-08-29 07:30:00,9290.30124123583
2019-08-29 08:00:00,9267.255498738117
2019-08-29 08:30:00,9086.86701286906
2019-08-29 09:00:00,8674.906594722153
2019-08-29 09:30:00,8464.003876776316
2019-08-29 10:00:00,8194.225849383
2019-08-29 10:30:00,8003.360879574718
2019-08-29 11:00:00,7896.327247646896
2019-08-29 11:30:00,7718.669903638632
2019-08-29 12:00:00,7712.945444986056
2019-08-29 12:30:00,7635.080962575377
2019-08-29 13:00:00,7587.45952914761
2019-08-29 13:30:00,7553.372572229737
2019-08-29 14:00:00,7354.897495708017
2019-08-29 14:30:00,7467.127439611218
2019-08-29 15:00:00,7615.802197733892
2019-08-29 15:30:00,7680.3135235197
2019-08-29 16:00:00,7918.109179360934
2019-08-29 16:30:00,8121.549072554273
2019-08-29 17:00:00,8433.628354911369
2019-08-29 17:30:00,8802.373191046707
2019-08-29 18:00:00,9440.644108938839
2019-08-29 18:30:00,9734.102044029296
2019-08-29 19:00:00,9794.365947418695
2019-08-29 19:30:00,9661.204018060502
2019-08-29 20:00:00,9518.700587071497
2019-08-29 20:30:00,9423.132487578257
2019-08-29 21:00:00,9161.722007214912
2019-08-29 21:30:00,9074.079928992545
2019-08-29 22:00:00,8763.502322234888
2019-08-29 22:30:00,8718.440689484245
2019-08-29 23:00:00,8446.026358279587
2019-08-29 23:30:00,8349.45687166321
2019-08-30 00:00:00,8223.473543868502
2019-08-30 00:30:00,8123.776340718528
2019-08-30 01:00:00,7999.3302854174535
2019-08-30 01:30:00,7714.642384719017
2019-08-30 02:00:00,7517.42924715167
2019-08-30 02:30:00,7242.847690070606
2019-08-30 03:00:00,7001.469590204559
2019-08-30 03:30:00,6875.493720090898
2019-08-30 04:00:00,6789.97564868468
2019-08-30 04:30:00,6801.068323035633
2019-08-30 05:00:00,6979.619143327521
2019-08-30 05:30:00,7438.483538390711
2019-08-30 06:00:00,7799.77190382985
2019-08-30 06:30:00,8494.228287188285
2019-08-30 07:00:00,9191.868742966455
2019-08-30 07:30:00,9492.045264794091
2019-08-30 08:00:00,9668.942256485368
2019-08-30 08:30:00,9614.326573040364
2019-08-30 09:00:00,9305.495065394729
2019-08-30 09:30:00,9228.890514007444
2019-08-30 10:00:00,9130.39028814425
2019-08-30 10:30:00,9022.194466108487
2019-08-30 11:00:00,8843.811969186216
2019-08-30 11:30:00,8686.998292918355
2019-08-30 12:00:00,8647.114779671081
2019-08-30 12:30:00,8647.114779671081
2019-08-30 13:00:00,8620.682274734329
2019-08-30 13:30:00,8677.413946399896
2019-08-30 14:00:00,8772.031289627492
2019-08-30 14:30:00,8841.831250004414
2019-08-30 15:00:00,8873.264852386143
2019-08-30 15:30:00,8926.147581396108
2019-08-30 16:00:00,9269.998473291205
2019-08-30 16:30:00,9561.430848995555
2019-08-30 17:00:00,9900.962069196843
2019-08-30 17:30:00,10230.375637214287
2019-08-30 18:00:00,10643.38146054002
2019-08-30 18:30:00,10788.484554048287
2019-08-30 19:00:00,10719.020483411796
2019-08-30 19:30:00,10506.216337340418
2019-08-30 20:00:00,10315.323412359689
2019-08-30 20:30:00,10219.654918471804
2019-08-30 21:00:00,10155.66924389313
2019-08-30 21:30:00,9909.42629051257
2019-08-30 22:00:00,9605.907220110123
2019-08-30 22:30:00,9660.522903555127
2019-08-30 23:00:00,9072.036420835406
2019-08-30 23:30:00,8813.822754797044
2019-08-31 00:00:00,8387.70702675445
2019-08-31 00:30:00,8184.294167167292
2019-08-31 01:00:00,7894.134143488972
2019-08-31 01:30:00,7785.475166375278
2019-08-31 02:00:00,7638.5563956943815
2019-08-31 02:30:00,7348.601926456355
2019-08-31 03:00:00,6956.541548661669
2019-08-31 03:30:00,6841.291186274323
2019-08-31 04:00:00,6721.274686184481
2019-08-31 04:30:00,6763.848815015185
2019-08-31 05:00:00,6681.409222860621
2019-08-31 05:30:00,6966.23423294374
2019-08-31 06:00:00,6819.944715611816
2019-08-31 06:30:00,7353.089751806011
2019-08-31 07:00:00,8009.799802515667
2019-08-31 07:30:00,8310.45751071504
2019-08-31 08:00:00,8925.75343316402
2019-08-31 08:30:00,8843.01751299092
2019-08-31 09:00:00,8778.317160276421
2019-08-31 09:30:00,8668.91503258307
2019-08-31 10:00:00,8490.266170252604
2019-08-31 10:30:00,8375.181446390601
2019-08-31 11:00:00,8302.159616434861
2019-08-31 11:30:00,8246.878386699982
2019-08-31 12:00:00,8240.513945492183
2019-08-31 12:30:00,8145.120659779152
2019-08-31 13:00:00,8026.2341742691215
2019-08-31 13:30:00,8083.88619353917
2019-08-31 14:00:00,8119.364047463685
2019-08-31 14:30:00,8119.364047463685
2019-08-31 15:00:00,8131.779427525202
2019-08-31 15:30:00,8254.711325476948
2019-08-31 16:00:00,8417.772091543344
2019-08-31 16:30:00,8617.131540956752
2019-08-31 17:00:00,9028.070513209488
2019-08-31 17:30:00,9232.591363329422
2019-08-31 18:00:00,9886.338736572896
2019-08-31 18:30:00,10050.2456852371
2019-08-31 19:00:00,9961.844738851669
2019-08-31 19:30:00,9692.722028840877
2019-08-31 20:00:00,9478.848155988853
2019-08-31 20:30:00,9315.82268352086
2019-08-31 21:00:00,9107.145157054874
2019-08-31 21:30:00,8818.73593498972
2019-08-31 22:00:00,8670.913050935298
2019-08-31 22:30:00,8514.923568809929
2019-08-31 23:00:00,8310.420785740645
2019-08-31 23:30:00,8211.902101561262
2019-09-01 00:00:00,8183.674538026849
2019-09-01 00:30:00,7961.348653873986
2019-09-01 01:00:00,7672.559790026005
2019-09-01 01:30:00,7506.064870029564
2019-09-01 02:00:00,7234.93467010483
2019-09-01 02:30:00,6923.651173691106
2019-09-01 03:00:00,6746.566065399091
2019-09-01 03:30:00,6527.442109583785
2019-09-01 04:00:00,6344.958393645199
2019-09-01 04:30:00,6321.477686751268
2019-09-01 05:00:00,6349.582829184303
2019-09-01 05:30:00,6510.51486862799
2019-09-01 06:00:00,6668.553253158436
2019-09-01 06:30:00,7010.71413747376
2019-09-01 07:00:00,7195.358963453084
2019-09-01 07:30:00,7552.992652377982
2019-09-01 08:00:00,7626.540997594408
2019-09-01 08:30:00,7853.08748977622
2019-09-01 09:00:00,7961.4247645083915
2019-09-01 09:30:00,7886.331575671203
2019-09-01 10:00:00,7746.7416067023
2019-09-01 10:30:00,7671.151556253074
2019-09-01 11:00:00,7534.038244097303
2019-09-01 11:30:00,7359.318165117219
2019-09-01 12:00:00,7296.4870716020505
2019-09-01 12:30:00,7175.039079220363
2019-09-01 13:00:00,7126.020100887309
2019-09-01 13:30:00,7102.354085012904
2019-09-01 14:00:00,7105.804471099306
2019-09-01 14:30:00,7199.103194513423
2019-09-01 15:00:00,7144.944173421267
2019-09-01 15:30:00,7273.137320122127
2019-09-01 16:00:00,7535.296187655723
2019-09-01 16:30:00,7772.6278289390675
2019-09-01 17:00:00,8152.811806480082
2019-09-01 17:30:00,8498.115266236488
2019-09-01 18:00:00,9176.464502028668
2019-09-01 18:30:00,9391.751895304662
2019-09-01 19:00:00,9485.7750490704
2019-09-01 19:30:00,9302.916557540686
2019-09-01 20:00:00,9136.577899962533
2019-09-01 20:30:00,9003.640595229364
2019-09-01 21:00:00,8744.265482955687
2019-09-01 21:30:00,8577.622078115097
2019-09-01 22:00:00,8290.280639264945
2019-09-01 22:30:00,8290.280639264945
2019-09-01 23:00:00,8033.017761966279
2019-09-01 23:30:00,7881.562977340007
2019-09-02 00:00:00,7734.481468137573
2019-09-02 00:30:00,7359.554263441183
2019-09-02 01:00:00,7334.655457171024
2019-09-02 01:30:00,7280.378975300914
2019-09-02 02:00:00,7324.038277809174
2019-09-02 02:30:00,7090.188936984678
2019-09-02 03:00:00,6816.64034207046
2019-09-02 03:30:00,6658.992044702685
2019-09-02 04:00:00,6727.44343793786
2019-09-02 04:30:00,6584.962561469805
2019-09-02 05:00:00,6873.739164801698
2019-09-02 05:30:00,7009.501950980382
2019-09-02 06:00:00,7697.95473654275
2019-09-02 06:30:00,8122.734408477009
2019-09-02 07:00:00,8639.623072056216
2019-09-02 07:30:00,8910.423475607968
2019-09-02 08:00:00,9014.79937277754
2019-09-02 08:30:00,9215.473758552376
2019-09-02 09:00:00,8493.807296048572
2019-09-02 09:30:00,8364.86103489936
2019-09-02 10:00:00,8267.97774808008
2019-09-02 10:30:00,8013.37782804711
2019-09-02 11:00:00,7632.693583507944
2019-09-02 11:30:00,7405.525792755624
2019-09-02 12:00:00,7252.061890593895
2019-09-02 12:30:00,7072.88467007428
2019-09-02 13:00:00,7067.968693802887
2019-09-02 13:30:00,7011.626070183924
2019-09-02 14:00:00,6996.971324809742
2019-09-02 14:30:00,7082.530330283708
2019-09-02 15:00:00,7191.127659233352
2019-09-02 15:30:00,7396.863879291939
2019-09-02 16:00:00,7810.250593345447
2019-09-02 16:30:00,8311.650543637592
2019-09-02 17:00:00,8557.273973208497
2019-09-02 17:30:00,8778.722606056599
2019-09-02 18:00:00,9248.866621431303
2019-09-02 18:30:00,9432.017065246293
2019-09-02 19:00:00,9359.733071439396
2019-09-02 19:30:00,9318.103265037096
2019-09-02 20:00:00,9124.144912907368
2019-09-02 20:30:00,9128.373432324419
2019-09-02 21:00:00,8890.652802546023
2019-09-02 21:30:00,8701.750660789021
2019-09-02 22:00:00,8526.32268181293
2019-09-02 22:30:00,8394.831564375118
2019-09-02 23:00:00,8199.844102392588
2019-09-02 23:30:00,8032.425147520435
2019-09-03 00:00:00,7800.703040784874
2019-09-03 00:30:00,7709.0984403443
2019-09-03 01:00:00,7620.3310088969265
2019-09-03 01:30:00,7468.051146834736
2019-09-03 02:00:00,7315.729809589124
2019-09-03 02:30:00,7069.6034783646355
2019-09-03 03:00:00,6771.959814920969
2019-09-03 03:30:00,6621.33147616866
2019-09-03 04:00:00,6505.32242452752
2019-09-03 04:30:00,6572.367338372691
2019-09-03 05:00:00,6724.343787332163
2019-09-03 05:30:00,7161.980645077935
2019-09-03 06:00:00,7513.053946386272
2019-09-03 06:30:00,8163.331766114148
2019-09-03 07:00:00,8680.840369892894
2019-09-03 07:30:00,8879.999878269244
2019-09-03 08:00:00,8784.46785518802
2019-09-03 08:30:00,8537.171934118946
2019-09-03 09:00:00,8354.076261498989
2019-09-03 09:30:00,8092.412499600379
2019-09-03 10:00:00,7998.239752683255
2019-09-03 10:30:00,7865.729674836093
2019-09-03 11:00:00,7807.205242273005
2019-09-03 11:30:00,7723.0031065503945
2019-09-03 12:00:00,7566.866580735468
2019-09-03 12:30:00,7534.615877377098
2019-09-03 13:00:00,7576.666024477467
2019-09-03 13:30:00,7564.156678181974
2019-09-03 14:00:00,7596.399686986705
2019-09-03 14:30:00,7605.438004330539
2019-09-03 15:00:00,7597.679051949327
2019-09-03 15:30:00,7711.972637369648
2019-09-03 16:00:00,7939.47094279936
2019-09-03 16:30:00,8145.990049578437
2019-09-03 17:00:00,8428.441157129126
2019-09-03 17:30:00,8765.534430991445
2019-09-03 18:00:00,9291.036478702248
2019-09-03 18:30:00,9635.067688225283
2019-09-03 19:00:00,9746.768113859745
2019-09-03 19:30:00,9550.243083392412
2019-09-03 20:00:00,9387.386742781018
2019-09-03 20:30:00,9234.087578994515
2019-09-03 21:00:00,9021.989672592774
2019-09-03 21:30:00,8776.0082061837
2019-09-03 22:00:00,8523.505239113294
2019-09-03 22:30:00,8443.254624043122
2019-09-03 23:00:00,8195.867774078008
2019-09-03 23:30:00,8083.672195658533
2019-09-04 00:00:00,7968.418334911159
2019-09-04 00:30:00,7877.3421838574795
2019-09-04 01:00:00,7645.422461242069
2019-09-04 01:30:00,7403.332366723758
2019-09-04 02:00:00,6606.643027302398
2019-09-04 02:30:00,6382.2016587687585
2019-09-04 03:00:00,6170.959538007846
2019-09-04 03:30:00,6099.021268934523
2019-09-04 04:00:00,6024.439288711037
2019-09-04 04:30:00,6482.828277335568
2019-09-04 05:00:00,6740.879266686092
2019-09-04 05:30:00,6970.4554597623155
2019-09-04 06:00:00,7456.984866056562
2019-09-04 06:30:00,8133.824338358179
2019-09-04 07:00:00,8644.084683544712
2019-09-04 07:30:00,8819.756045754208
2019-09-04 08:00:00,8713.658371639234
2019-09-04 08:30:00,8271.910378837845
2019-09-04 09:00:00,8072.023153008167
2019-09-04 09:30:00,7912.85618461564
2019-09-04 10:00:00,7633.28693050704
2019-09-04 10:30:00,7580.645805237362
2019-09-04 11:00:00,7315.2535751544965
2019-09-04 11:30:00,7221.727355058271
2019-09-04 12:00:00,7149.0132075167385
2019-09-04 12:30:00,7116.261724034943
2019-09-04 13:00:00,7175.453072581726
2019-09-04 13:30:00,7179.716156096733
2019-09-04 14:00:00,7255.710801779963
2019-09-04 14:30:00,7268.422324931643
2019-09-04 15:00:00,7375.146000903287
2019-09-04 15:30:00,7449.141704048691
2019-09-04 16:00:00,7769.071646990145
2019-09-04 16:30:00,7890.906007208079
2019-09-04 17:00:00,8199.174710613506
2019-09-04 17:30:00,8411.066108927631
2019-09-04 18:00:00,8896.681810427952
2019-09-04 18:30:00,9180.316428964737
2019-09-04 19:00:00,9305.563430160217
2019-09-04 19:30:00,9141.668486736457
2019-09-04 20:00:00,8917.298812644312
2019-09-04 20:30:00,8767.280968641713
2019-09-04 21:00:00,8583.204515590844
2019-09-04 21:30:00,8473.22319840406
2019-09-04 22:00:00,8276.138898254896
2019-09-04 22:30:00,8271.771167308623
2019-09-04 23:00:00,8054.607480840754
2019-09-04 23:30:00,7991.7000727981
2019-09-05 00:00:00,7993.144653540297
2019-09-05 00:30:00,7782.840453747928
2019-09-05 01:00:00,7584.90132257673
2019-09-05 01:30:00,7443.336804995967
2019-09-05 02:00:00,7138.888323897741
2019-09-05 02:30:00,6902.89736934219
2019-09-05 03:00:00,6678.786796408875
2019-09-05 03:30:00,6499.5532390242415
2019-09-05 04:00:00,6381.612204548571
2019-09-05 04:30:00,6472.096744013984
2019-09-05 05:00:00,6619.519031338914
2019-09-05 05:30:00,6904.894927926192
2019-09-05 06:00:00,7372.873984629402
2019-09-05 06:30:00,8007.453591506286
2019-09-05 07:00:00,8549.275018512357
2019-09-05 07:30:00,8639.739298632025
2019-09-05 08:00:00,8563.68640316208
2019-09-05 08:30:00,8328.876369234527
2019-09-05 09:00:00,7946.758075329599
2019-09-05 09:30:00,7862.960140632393
2019-09-05 10:00:00,7547.247280918633
2019-09-05 10:30:00,7523.738641771835
2019-09-05 11:00:00,7276.173312303482
2019-09-05 11:30:00,7166.8832250787555
2019-09-05 12:00:00,7138.4295843354985
2019-09-05 12:30:00,7206.415191963878
2019-09-05 13:00:00,7206.144049517945
2019-09-05 13:30:00,7206.144049517945
2019-09-05 14:00:00,7258.055116934481
2019-09-05 14:30:00,7384.264187142939
2019-09-05 15:00:00,7487.189203191314
2019-09-05 15:30:00,7526.1890430004205
2019-09-05 16:00:00,7760.75551027133
2019-09-05 16:30:00,8044.025297748829
2019-09-05 17:00:00,8285.859071508452
2019-09-05 17:30:00,8453.857411710163
2019-09-05 18:00:00,8852.784429853686
2019-09-05 18:30:00,9129.665399828196
2019-09-05 19:00:00,9128.246161920275
2019-09-05 19:30:00,8871.505559688443
2019-09-05 20:00:00,8681.023866894544
2019-09-05 20:30:00,8598.725515822216
2019-09-05 21:00:00,8389.158541328452
2019-09-05 21:30:00,8231.511578170712
2019-09-05 22:00:00,7997.828272033734
2019-09-05 22:30:00,7993.28386506952
2019-09-05 23:00:00,7803.185685495369
2019-09-05 23:30:00,7711.6371697831755
2019-09-06 00:00:00,7628.002186779157
2019-09-06 00:30:00,7565.807403469481
2019-09-06 01:00:00,7418.57785815803
2019-09-06 01:30:00,7149.272773112254
2019-09-06 02:00:00,6963.486059514421
2019-09-06 02:30:00,6740.799983254449
2019-09-06 03:00:00,6551.111545454113
2019-09-06 03:30:00,6387.555266366814
2019-09-06 04:00:00,6356.946004999972
2019-09-06 04:30:00,6356.946004999972
2019-09-06 05:00:00,6572.843870178365
2019-09-06 05:30:00,6829.503660752704
2019-09-06 06:00:00,7112.228327962329
2019-09-06 06:30:00,7666.496248718169
2019-09-06 07:00:00,8185.851697198174
2019-09-06 07:30:00,8208.567730639503
2019-09-06 08:00:00,8169.553023334028
2019-09-06 08:30:00,8099.4361088373025
2019-09-06 09:00:00,7860.367351935309
2019-09-06 09:30:00,7792.0391536288535
2019-09-06 10:00:00,7626.217837649891
2019-09-06 10:30:00,7576.01767973123
2019-09-06 11:00:00,7485.884958382919
2019-09-06 11:30:00,7346.226972993088
2019-09-06 12:00:00,7245.154392275133
2019-09-06 12:30:00,7190.7597715540605
2019-09-06 13:00:00,7271.160279161362
2019-09-06 13:30:00,7235.691688217301
2019-09-06 14:00:00,7264.221836248523
2019-09-06 14:30:00,7364.169538564291
2019-09-06 15:00:00,7496.804698174231
2019-09-06 15:30:00,7516.282614106174
2019-09-06 16:00:00,7756.056876265292
2019-09-06 16:30:00,7989.391099218896
2019-09-06 17:00:00,8125.566260158584
2019-09-06 17:30:00,8316.010632377142
2019-09-06 18:00:00,8597.16643172878
2019-09-06 18:30:00,8897.85120373773
2019-09-06 19:00:00,8841.495111907252
2019-09-06 19:30:00,8601.464143424155
2019-09-06 20:00:00,8384.531492825745
2019-09-06 20:30:00,8278.778695056013
2019-09-06 21:00:00,8302.36483877386
2019-09-06 21:30:00,8208.29381019063
2019-09-06 22:00:00,8003.429556814951
2019-09-06 22:30:00,7958.937915566252
2019-09-06 23:00:00,7866.300100380988
2019-09-06 23:30:00,7768.839735992101
2019-09-07 00:00:00,7688.115096288192
2019-09-07 00:30:00,7544.643072251429
2019-09-07 01:00:00,7311.344799412913
2019-09-07 01:30:00,7115.87645192383
2019-09-07 02:00:00,6877.381675131139
2019-09-07 02:30:00,6578.693310595355
2019-09-07 03:00:00,6375.115475708441
2019-09-07 03:30:00,6272.198828348113
2019-09-07 04:00:00,6167.341809902825
2019-09-07 04:30:00,6171.094607966119
2019-09-07 05:00:00,6112.94989682643
2019-09-07 05:30:00,6362.977019894741
2019-09-07 06:00:00,6489.0099373371795
2019-09-07 06:30:00,6675.820636721596
2019-09-07 07:00:00,6948.077028477497
2019-09-07 07:30:00,6975.04389136911
2019-09-07 08:00:00,7386.523482380596
2019-09-07 08:30:00,7264.583068461831
2019-09-07 09:00:00,7325.346154020068
2019-09-07 09:30:00,7377.648657620381
2019-09-07 10:00:00,7114.506283074088
2019-09-07 10:30:00,7081.498156344566
2019-09-07 11:00:00,6979.746278591453
2019-09-07 11:30:00,6879.066092809885
2019-09-07 12:00:00,6933.589210688697
2019-09-07 12:30:00,6965.219244734925
2019-09-07 13:00:00,6942.059620817749
2019-09-07 13:30:00,7003.031957974209
2019-09-07 14:00:00,7110.166883767111
2019-09-07 14:30:00,7194.581095639429
2019-09-07 15:00:00,7201.705428809165
2019-09-07 15:30:00,7252.789440811725
2019-09-07 16:00:00,7368.575694306141
2019-09-07 16:30:00,7111.56040259443
2019-09-07 17:00:00,7106.965952822724
2019-09-07 17:30:00,7306.441311117846
2019-09-07 18:00:00,7852.433771800243
2019-09-07 18:30:00,8147.23490407219
2019-09-07 19:00:00,8105.819731779432
2019-09-07 19:30:00,7976.684652637457
2019-09-07 20:00:00,7735.790749200011
2019-09-07 20:30:00,7697.108011075749
2019-09-07 21:00:00,7566.45981533986
2019-09-07 21:30:00,7517.4788280460525
2019-09-07 22:00:00,7474.030682333463
2019-09-07 22:30:00,7488.113715898848
2019-09-07 23:00:00,7427.256276420883
2019-09-07 23:30:00,7427.256276420883
2019-09-08 00:00:00,7252.802992258745
2019-09-08 00:30:00,7118.342445070876
2019-09-08 01:00:00,6921.650976219264
2019-09-08 01:30:00,6797.317739644417
2019-09-08 02:00:00,6535.641555622255
2019-09-08 02:30:00,6326.382018710414
2019-09-08 03:00:00,6167.654801098703
2019-09-08 03:30:00,5967.673872928841
2019-09-08 04:00:00,5848.815729284285
2019-09-08 04:30:00,5828.54638017483
2019-09-08 05:00:00,5841.443185153026
2019-09-08 05:30:00,5923.505531190365
2019-09-08 06:00:00,6067.148297297634
2019-09-08 06:30:00,6267.344013479126
2019-09-08 07:00:00,6535.103795610174
2019-09-08 07:30:00,6725.5101319840505
2019-09-08 08:00:00,6907.688908681587
2019-09-08 08:30:00,7004.805640958553
2019-09-08 09:00:00,7008.8047209357155
2019-09-08 09:30:00,6911.161185135523
2019-09-08 10:00:00,6859.382789126611
2019-09-08 10:30:00,6651.305182293252
2019-09-08 11:00:00,6578.40545896714
2019-09-08 11:30:00,6453.961678749218
2019-09-08 12:00:00,6461.7210049568475
2019-09-08 12:30:00,6362.627005982407
2019-09-08 13:00:00,6336.199427540386
2019-09-08 13:30:00,6336.199427540386
2019-09-08 14:00:00,6423.836474323324
2019-09-08 14:30:00,6423.836474323324
2019-09-08 15:00:00,6548.366703893856
2019-09-08 15:30:00,6716.8733910516685
2019-09-08 16:00:00,6831.288385075603
2019-09-08 16:30:00,7072.344927535798
2019-09-08 17:00:00,7411.616241282372
2019-09-08 17:30:00,7761.866917797484
2019-09-08 18:00:00,8337.667947689899
2019-09-08 18:30:00,8782.678145233287
2019-09-08 19:00:00,8873.259108334512
2019-09-08 19:30:00,8752.528276315277
2019-09-08 20:00:00,8600.88574990093
2019-09-08 20:30:00,8535.195790016543
2019-09-08 21:00:00,8276.961834705056
2019-09-08 21:30:00,8192.657774797011
2019-09-08 22:00:00,7897.69975978279
2019-09-08 22:30:00,7842.191452795928
2019-09-08 23:00:00,7588.246532813464
2019-09-08 23:30:00,7370.065232249843
2019-09-09 00:00:00,7358.7566460028875
2019-09-09 00:30:00,7346.509347005344
2019-09-09 01:00:00,7113.829523920161
2019-09-09 01:30:00,7150.645020230761
2019-09-09 02:00:00,6959.276543612611
2019-09-09 02:30:00,6624.594737774374
2019-09-09 03:00:00,6420.821433214018
2019-09-09 03:30:00,6311.8199938021135
2019-09-09 04:00:00,6283.642176892924
2019-09-09 04:30:00,6228.737832423737
2019-09-09 05:00:00,6548.494075363508
2019-09-09 05:30:00,6676.783234934317
2019-09-09 06:00:00,7396.885908180507
2019-09-09 06:30:00,7676.658355855068
2019-09-09 07:00:00,8408.377577026777
2019-09-09 07:30:00,8629.922911188287
2019-09-09 08:00:00,8543.208602003453
2019-09-09 08:30:00,8618.196161293065
2019-09-09 09:00:00,8024.553536072299
2019-09-09 09:30:00,7945.337457365635
2019-09-09 10:00:00,7739.63532525406
2019-09-09 10:30:00,7642.8550821282215
2019-09-09 11:00:00,7335.236544831925
2019-09-09 11:30:00,7167.137151785025
2019-09-09 12:00:00,7196.019218644412
2019-09-09 12:30:00,7137.961013768922
2019-09-09 13:00:00,7048.283247015331
2019-09-09 13:30:00,7094.622474658071
2019-09-09 14:00:00,7030.077612544934
2019-09-09 14:30:00,7107.557309289007
2019-09-09 15:00:00,7243.677406913823
2019-09-09 15:30:00,7629.188537559946
2019-09-09 16:00:00,8026.505809693181
2019-09-09 16:30:00,8396.47505652209
2019-09-09 17:00:00,8659.99937070592
2019-09-09 17:30:00,8866.956832872069
2019-09-09 18:00:00,9244.071165287764
2019-09-09 18:30:00,9906.789827544113
2019-09-09 19:00:00,9781.130194569025
2019-09-09 19:30:00,9558.33448422994
2019-09-09 20:00:00,9408.955802604021
2019-09-09 20:30:00,9222.141342642919
2019-09-09 21:00:00,8964.965961631637
2019-09-09 21:30:00,8928.848607901133
2019-09-09 22:00:00,8624.158260944381
2019-09-09 22:30:00,8475.705842023488
2019-09-09 23:00:00,8199.844102392588
2019-09-09 23:30:00,8151.556291840153
2019-09-10 00:00:00,7870.782479259087
2019-09-10 00:30:00,7688.630564422791
2019-09-10 01:00:00,7560.179705503514
2019-09-10 01:30:00,7389.602995679259
2019-09-10 02:00:00,7192.542732787193
2019-09-10 02:30:00,6831.0772089297925
2019-09-10 03:00:00,6646.00007820464
2019-09-10 03:30:00,6494.274768935405
2019-09-10 04:00:00,6441.557833076142
2019-09-10 04:30:00,6445.310631139436
2019-09-10 05:00:00,6632.819847797962
2019-09-10 05:30:00,6881.661904763431
2019-09-10 06:00:00,7470.845623215342
2019-09-10 06:30:00,7999.883415022141
2019-09-10 07:00:00,8519.32295640222
2019-09-10 07:30:00,8556.982608750117
2019-09-10 08:00:00,8632.529537475588
2019-09-10 08:30:00,8461.029551684873
2019-09-10 09:00:00,8323.486248273439
2019-09-10 09:30:00,8092.413235082708
2019-09-10 10:00:00,8031.508550754645
2019-09-10 10:30:00,7882.104481850089
2019-09-10 11:00:00,7875.552006024292
2019-09-10 11:30:00,7735.0258587764965
2019-09-10 12:00:00,7671.3703308739105
2019-09-10 12:30:00,7618.375766840068
2019-09-10 13:00:00,7682.591780963395
2019-09-10 13:30:00,7716.678737881268
2019-09-10 14:00:00,7736.216488006381
2019-09-10 14:30:00,7838.356682086088
2019-09-10 15:00:00,8009.74907351615
2019-09-10 15:30:00,8019.8632340942
2019-09-10 16:00:00,8252.01815524838
2019-09-10 16:30:00,8549.468308915762
2019-09-10 17:00:00,8937.58614642214
2019-09-10 17:30:00,9494.303795792193
2019-09-10 18:00:00,10006.642364811405
2019-09-10 18:30:00,10449.436690070948
2019-09-10 19:00:00,10447.730286753464
2019-09-10 19:30:00,10189.159448462777
2019-09-10 20:00:00,9955.36541878595
2019-09-10 20:30:00,9737.230014606233
2019-09-10 21:00:00,9388.316858209226
2019-09-10 21:30:00,9153.788554383047
2019-09-10 22:00:00,8876.62808209281
2019-09-10 22:30:00,8766.69292754627
2019-09-10 23:00:00,8459.148324760374
2019-09-10 23:30:00,8378.897709690202
2019-09-11 00:00:00,8291.362966728871
2019-09-11 00:30:00,8164.993963483438
2019-09-11 01:00:00,7908.545309578589
2019-09-11 01:30:00,7683.944863632528
2019-09-11 02:00:00,7455.120895768438
2019-09-11 02:30:00,7195.197585202649
2019-09-11 03:00:00,6964.858551390963
2019-09-11 03:30:00,6753.932535164641
2019-09-11 04:00:00,6724.981028671281
2019-09-11 04:30:00,6724.981028671281
2019-09-11 05:00:00,6858.227165843421
2019-09-11 05:30:00,7157.54246113546
2019-09-11 06:00:00,7580.584778114989
2019-09-11 06:30:00,8324.200535720498
2019-09-11 07:00:00,8967.322989672946
2019-09-11 07:30:00,9082.032547494375
2019-09-11 08:00:00,9070.353760675465
2019-09-11 08:30:00,8838.800901907549
2019-09-11 09:00:00,8517.282368621136
2019-09-11 09:30:00,8273.303560741007
2019-09-11 10:00:00,8016.178681664672
2019-09-11 10:30:00,7967.458520998922
2019-09-11 11:00:00,7945.435444843835
2019-09-11 11:30:00,7756.898929401269
2019-09-11 12:00:00,7662.7738149243305
2019-09-11 12:30:00,7614.422049937905
2019-09-11 13:00:00,7526.278562658211
2019-09-11 13:30:00,7480.602894543568
2019-09-11 14:00:00,7455.488315954832
2019-09-11 14:30:00,7524.240440965362
2019-09-11 15:00:00,7545.202635192169
2019-09-11 15:30:00,7653.131256046607
2019-09-11 16:00:00,7949.357293324862
2019-09-11 16:30:00,8171.5613420375585
2019-09-11 17:00:00,8535.380889206672
2019-09-11 17:30:00,9012.473377561275
2019-09-11 18:00:00,9632.439489055285
2019-09-11 18:30:00,10123.873539520959
2019-09-11 19:00:00,10184.577174530583
2019-09-11 19:30:00,10123.15300426902
2019-09-11 20:00:00,9909.883061913888
2019-09-11 20:30:00,9801.446818616188
2019-09-11 21:00:00,9511.46198042243
2019-09-11 21:30:00,9286.038376468108
2019-09-11 22:00:00,8957.469358233839
2019-09-11 22:30:00,8826.013818031035
2019-09-11 23:00:00,8549.227895409316
2019-09-11 23:30:00,8340.2341526407
2019-09-12 00:00:00,8316.089285358014
2019-09-12 00:30:00,8203.443873760913
2019-09-12 01:00:00,8033.11995770908
2019-09-12 01:30:00,7833.833061867842
2019-09-12 02:00:00,7567.968949529744
2019-09-12 02:30:00,7345.845448243101
2019-09-12 03:00:00,7020.528915847172
2019-09-12 03:30:00,6911.033762841424
2019-09-12 04:00:00,6799.913902137495
2019-09-12 04:30:00,6820.313321915229
2019-09-12 05:00:00,6948.702443829285
2019-09-12 05:30:00,7309.5802652573575
2019-09-12 06:00:00,7772.678734473218
2019-09-12 06:30:00,8424.43605527519
2019-09-12 07:00:00,9021.157603429056
2019-09-12 07:30:00,9134.215398172977
2019-09-12 08:00:00,9133.793656938155
2019-09-12 08:30:00,8902.240798170238
2019-09-12 09:00:00,8464.58454368371
2019-09-12 09:30:00,8116.341271057555
2019-09-12 10:00:00,7827.784530569957
2019-09-12 10:30:00,7722.854311701662
2019-09-12 11:00:00,7471.793717068937
2019-09-12 11:30:00,7218.964660539932
2019-09-12 12:00:00,7200.472562940341
2019-09-12 12:30:00,7079.71027534289
2019-09-12 13:00:00,7138.143507018035
2019-09-12 13:30:00,7140.857692746864
2019-09-12 14:00:00,7142.251966581655
2019-09-12 14:30:00,7122.966725779911
2019-09-12 15:00:00,7144.837856057522
2019-09-12 15:30:00,7225.118680418736
2019-09-12 16:00:00,7551.555467349804
2019-09-12 16:30:00,7775.320175912757
2019-09-12 17:00:00,8111.174351052506
2019-09-12 17:30:00,8450.499314217033
2019-09-12 18:00:00,8987.165113895684
2019-09-12 18:30:00,9416.599722850327
2019-09-12 19:00:00,9517.487970407945
2019-09-12 19:30:00,9477.97895681237
2019-09-12 20:00:00,9299.494392334784
2019-09-12 20:30:00,9189.432758039502
2019-09-12 21:00:00,8949.372134761452
2019-09-12 21:30:00,8750.7304633603
2019-09-12 22:00:00,8491.471982587867
2019-09-12 22:30:00,8491.471982587867
2019-09-12 23:00:00,8264.901309884186
2019-09-12 23:30:00,8104.2055180663565
2019-09-13 00:00:00,8066.168599318189
2019-09-13 00:30:00,7867.749838783081
2019-09-13 01:00:00,7679.237251078158
2019-09-13 01:30:00,7513.504865381177
2019-09-13 02:00:00,7237.938500960102
2019-09-13 02:30:00,6932.12978964129
2019-09-13 03:00:00,6779.293755924597
2019-09-13 03:30:00,6627.466915500969
2019-09-13 04:00:00,6469.895114036734
2019-09-13 04:30:00,6469.895114036734
2019-09-13 05:00:00,6556.566991076617
2019-09-13 05:30:00,6934.75209382397
2019-09-13 06:00:00,7461.027914121382
2019-09-13 06:30:00,8098.143962800974
2019-09-13 07:00:00,8591.671543914288
2019-09-13 07:30:00,8686.506603210719
2019-09-13 08:00:00,8844.544551036615
2019-09-13 08:30:00,8643.07261086437
2019-09-13 09:00:00,8399.002533438563
2019-09-13 09:30:00,8233.963368693187
2019-09-13 10:00:00,7916.333240280146
2019-09-13 10:30:00,7671.187227624966
2019-09-13 11:00:00,7481.974136637784
2019-09-13 11:30:00,7335.6773263201685
2019-09-13 12:00:00,7271.974219032453
2019-09-13 12:30:00,7239.745646777584
2019-09-13 13:00:00,7282.775456864737
2019-09-13 13:30:00,7329.515985472932
2019-09-13 14:00:00,7337.540008572061
2019-09-13 14:30:00,7491.144417376595
2019-09-13 15:00:00,7649.862480990597
2019-09-13 15:30:00,7775.911439610087
2019-09-13 16:00:00,8001.815830185669
2019-09-13 16:30:00,8085.289742179224
2019-09-13 17:00:00,8152.450074674601
2019-09-13 17:30:00,8402.880749186645
2019-09-13 18:00:00,8780.887905899612
2019-09-13 18:30:00,9066.837250726943
2019-09-13 19:00:00,9075.651639757261
2019-09-13 19:30:00,8878.299613425505
2019-09-13 20:00:00,8813.825107959878
2019-09-13 20:30:00,8690.236802647798
2019-09-13 21:00:00,8620.447768094886
2019-09-13 21:30:00,8410.38444630581
2019-09-13 22:00:00,8316.463400996081
2019-09-13 22:30:00,8281.882547383962
2019-09-13 23:00:00,8158.31961095322
2019-09-13 23:30:00,8001.867892683366
2019-09-14 00:00:00,7763.777025608812
2019-09-14 00:30:00,7648.525735574682
2019-09-14 01:00:00,7532.960072173717
2019-09-14 01:30:00,7321.119150376888
2019-09-14 02:00:00,7063.184859750877
2019-09-14 02:30:00,6818.531589440599
2019-09-14 03:00:00,6542.012554301127
2019-09-14 03:30:00,6490.0817227304415
2019-09-14 04:00:00,6405.342850772551
2019-09-14 04:30:00,6405.342850772551
2019-09-14 05:00:00,6241.830514576556
2019-09-14 05:30:00,6447.72947540615
2019-09-14 06:00:00,6598.36098521322
2019-09-14 06:30:00,6766.0510169681065
2019-09-14 07:00:00,7188.416380879557
2019-09-14 07:30:00,7331.816751705459
2019-09-14 08:00:00,7574.4177880888155
2019-09-14 08:30:00,7554.738806224785
2019-09-14 09:00:00,7387.292273396714
2019-09-14 09:30:00,7308.912699353907
2019-09-14 10:00:00,7222.684666819598
2019-09-14 10:30:00,7105.089460201671
2019-09-14 11:00:00,6933.3026389773695
2019-09-14 11:30:00,6838.105909479652
2019-09-14 12:00:00,6813.710781504602
2019-09-14 12:30:00,6782.367036634968
2019-09-14 13:00:00,6736.544676893452
2019-09-14 13:30:00,6698.427794707148
2019-09-14 14:00:00,6706.611900325334
2019-09-14 14:30:00,6706.611900325334
2019-09-14 15:00:00,6750.13595133264
2019-09-14 15:30:00,6749.677479419697
2019-09-14 16:00:00,6968.498805824938
2019-09-14 16:30:00,7144.320466241808
2019-09-14 17:00:00,7333.98253554606
2019-09-14 17:30:00,7440.431914660181
2019-09-14 18:00:00,7784.324266083013
2019-09-14 18:30:00,8069.854843094085
2019-09-14 19:00:00,8105.819731779432
2019-09-14 19:30:00,8096.16285997394
2019-09-14 20:00:00,7860.263189892888
2019-09-14 20:30:00,7801.273380694527
2019-09-14 21:00:00,7611.139840024042
2019-09-14 21:30:00,7519.680393653739
2019-09-14 22:00:00,7441.3342942127265
2019-09-14 22:30:00,7488.113715898848
2019-09-14 23:00:00,7421.228702144342
2019-09-14 23:30:00,7427.256276420883
2019-09-15 00:00:00,7244.785593049817
2019-09-15 00:30:00,7054.163805181365
2019-09-15 01:00:00,6951.856523929596
2019-09-15 01:30:00,6761.095058602074
2019-09-15 02:00:00,6517.287351033789
2019-09-15 02:30:00,6267.022775483793
2019-09-15 03:00:00,6142.968865761351
2019-09-15 03:30:00,6051.669538208193
2019-09-15 04:00:00,5957.6387204999
2019-09-15 04:30:00,5952.232852942211
2019-09-15 05:00:00,5979.858879151301
2019-09-15 05:30:00,6125.561918506223
2019-09-15 06:00:00,6202.601504578926
2019-09-15 06:30:00,6443.60539389258
2019-09-15 07:00:00,6610.479832586972
2019-09-15 07:30:00,6647.4741338252325
2019-09-15 08:00:00,6850.863876237024
2019-09-15 08:30:00,6850.863876237024
2019-09-15 09:00:00,6799.581350205123
2019-09-15 09:30:00,6714.1221803674325
2019-09-15 10:00:00,6639.244905848087
2019-09-15 10:30:00,6505.6870383831965
2019-09-15 11:00:00,6468.285346865433
2019-09-15 11:30:00,6371.344384395078
2019-09-15 12:00:00,6362.627005982407
2019-09-15 12:30:00,6321.319279288966
2019-09-15 13:00:00,6332.446629477092
2019-09-15 13:30:00,6286.107401834352
2019-09-15 14:00:00,6299.117422853329
2019-09-15 14:30:00,6299.117422853329
2019-09-15 15:00:00,6376.82450912464
2019-09-15 15:30:00,6482.801977884344
2019-09-15 16:00:00,6697.664285638864
2019-09-15 16:30:00,6822.02373782986
2019-09-15 17:00:00,7158.378059334886
2019-09-15 17:30:00,7400.820165116908
2019-09-15 18:00:00,7945.801714751815
2019-09-15 18:30:00,8247.59320021389
2019-09-15 19:00:00,8417.22593501954
2019-09-15 19:30:00,8318.290380433144
2019-09-15 20:00:00,8184.476048658285
2019-09-15 20:30:00,8108.88599820906
2019-09-15 21:00:00,7915.08592121246
2019-09-15 21:30:00,7815.992370949853
2019-09-15 22:00:00,7497.069825744925
2019-09-15 22:30:00,7513.892797033943
2019-09-15 23:00:00,7201.406525273958
2019-09-15 23:30:00,7207.748855156815
2019-09-16 00:00:00,7332.884046964416
2019-09-16 00:30:00,7180.564609913527
2019-09-16 01:00:00,7028.3290149216655
2019-09-16 01:30:00,6947.455339571399
2019-09-16 02:00:00,6834.050266382333
2019-09-16 02:30:00,6401.826086112626
2019-09-16 03:00:00,6346.62120353511
2019-09-16 03:30:00,6127.9495243141855
2019-09-16 04:00:00,6131.445348402456
2019-09-16 04:30:00,6144.417539677907
2019-09-16 05:00:00,6421.025598017294
2019-09-16 05:30:00,6531.249614244936
2019-09-16 06:00:00,7203.837190201219
2019-09-16 06:30:00,7456.4771564588755
2019-09-16 07:00:00,8326.959312180179
2019-09-16 07:30:00,8361.387336190908
2019-09-16 08:00:00,8249.165796924059
2019-09-16 08:30:00,8189.352977263177
2019-09-16 09:00:00,7649.542089160348
2019-09-16 09:30:00,7539.219324343397
2019-09-16 10:00:00,7370.735541977492
2019-09-16 10:30:00,7196.683495289385
2019-09-16 11:00:00,7095.758673371248
2019-09-16 11:30:00,7120.902919320367
2019-09-16 12:00:00,7020.939831645317
2019-09-16 12:30:00,6945.349262115654
2019-09-16 13:00:00,6877.171336923574
2019-09-16 13:30:00,6866.540237642799
2019-09-16 14:00:00,6977.456489868423
2019-09-16 14:30:00,7042.81978828256
2019-09-16 15:00:00,7152.57396408461
2019-09-16 15:30:00,7391.4082580751665
2019-09-16 16:00:00,7654.252303677492
2019-09-16 16:30:00,7978.848290342948
2019-09-16 17:00:00,8306.982138442272
2019-09-16 17:30:00,8484.930217041649
2019-09-16 18:00:00,8671.677441954926
2019-09-16 18:30:00,9025.022307314543
2019-09-16 19:00:00,8950.186437839144
2019-09-16 19:30:00,8543.016613743375
2019-09-16 20:00:00,8239.322989801636
2019-09-16 20:30:00,8400.906154790175
2019-09-16 21:00:00,8198.746717119438
2019-09-16 21:30:00,8005.408719557677
2019-09-16 22:00:00,7674.206060488836
2019-09-16 22:30:00,7580.049811989753
2019-09-16 23:00:00,7327.177234202913
2019-09-16 23:30:00,7315.975065039997
2019-09-17 00:00:00,7356.799669235955
2019-09-17 00:30:00,7174.1118354539485
2019-09-17 01:00:00,6971.307508427205
2019-09-17 01:30:00,6794.060257392189
2019-09-17 02:00:00,6641.445397941467
2019-09-17 02:30:00,6320.613755990995
2019-09-17 03:00:00,6097.417964307312
2019-09-17 03:30:00,5987.154455694341
2019-09-17 04:00:00,5957.2785174514975
2019-09-17 04:30:00,5998.710050457487
2019-09-17 05:00:00,6133.487146830202
2019-09-17 05:30:00,6504.720224487955
2019-09-17 06:00:00,7062.431383219313
2019-09-17 06:30:00,7476.393891196297
2019-09-17 07:00:00,8052.1526131285145
2019-09-17 07:30:00,7913.351186339354
2019-09-17 08:00:00,7950.32917856266
2019-09-17 08:30:00,8034.921533875079
2019-09-17 09:00:00,7890.895210280833
2019-09-17 09:30:00,7927.5825914896095
2019-09-17 10:00:00,7663.143310886951
2019-09-17 10:30:00,7702.143150696058
2019-09-17 11:00:00,7761.772117504828
2019-09-17 11:30:00,7722.772277695722
2019-09-17 12:00:00,7699.332819854337
2019-09-17 12:30:00,7748.269570993357
2019-09-17 13:00:00,7780.08425894334
2019-09-17 13:30:00,7764.40212024922
2019-09-17 14:00:00,7887.697137007525
2019-09-17 14:30:00,7867.536018018969
2019-09-17 15:00:00,7885.340939568291
2019-09-17 15:30:00,7889.6929943561845
2019-09-17 16:00:00,8097.497035244839
2019-09-17 16:30:00,8247.20670151053
2019-09-17 17:00:00,8460.243049848035
2019-09-17 17:30:00,8661.801708294937
2019-09-17 18:00:00,9068.38997962081
2019-09-17 18:30:00,9237.376026610023
2019-09-17 19:00:00,9133.564043952745
2019-09-17 19:30:00,8822.5579374538
2019-09-17 20:00:00,8598.706220494738
2019-09-17 20:30:00,8413.901478424457
2019-09-17 21:00:00,8316.18778380722
2019-09-17 21:30:00,8085.957277403609
2019-09-17 22:00:00,7992.668677527608
2019-09-17 22:30:00,8015.762688272811
2019-09-17 23:00:00,7751.58832557994
2019-09-17 23:30:00,7748.431739524278
2019-09-18 00:00:00,7538.523283454919
2019-09-18 00:30:00,7420.159595891684
2019-09-18 01:00:00,7248.994263118945
2019-09-18 01:30:00,7092.279096674678
2019-09-18 02:00:00,6879.997169320003
2019-09-18 02:30:00,6606.643027302398
2019-09-18 03:00:00,6432.0039452551855
2019-09-18 03:30:00,6308.004032186293
2019-09-18 04:00:00,6246.51286193354
2019-09-18 04:30:00,6268.914549262647
2019-09-18 05:00:00,6364.059273519343
2019-09-18 05:30:00,6749.566239523672
2019-09-18 06:00:00,7051.29467501896
2019-09-18 06:30:00,7687.800875620175
2019-09-18 07:00:00,8294.278104955787
2019-09-18 07:30:00,8602.560387600919
2019-09-18 08:00:00,8859.197687030135
2019-09-18 08:30:00,8965.88871116408
2019-09-18 09:00:00,8841.728614537644
2019-09-18 09:30:00,8994.374856975739
2019-09-18 10:00:00,9041.477399957317
2019-09-18 10:30:00,9074.934482865314
2019-09-18 11:00:00,8919.848528557954
2019-09-18 11:30:00,8817.805427950156
2019-09-18 12:00:00,8816.433156281068
2019-09-18 12:30:00,8918.476256888865
2019-09-18 13:00:00,8866.026189857666
2019-09-18 13:30:00,8866.026189857666
2019-09-18 14:00:00,8860.799878714139
2019-09-18 14:30:00,8860.799878714139
2019-09-18 15:00:00,8876.938537495447
2019-09-18 15:30:00,8926.755801863545
2019-09-18 16:00:00,9181.352980054417
2019-09-18 16:30:00,9394.239109845577
2019-09-18 17:00:00,9788.376272551948
2019-09-18 17:30:00,9941.43989920498
2019-09-18 18:00:00,10366.70207842108
2019-09-18 18:30:00,10647.713404518
2019-09-18 19:00:00,10493.056352536765
2019-09-18 19:30:00,10272.19613471162
2019-09-18 20:00:00,9963.326521759644
2019-09-18 20:30:00,9691.747657734171
2019-09-18 21:00:00,9431.562904434215
2019-09-18 21:30:00,9071.249686382655
2019-09-18 22:00:00,8720.446394430768
2019-09-18 22:30:00,8573.889236953413
2019-09-18 23:00:00,8309.15808773543
2019-09-18 23:30:00,8148.347442407101
2019-09-19 00:00:00,8042.00402573527
2019-09-19 00:30:00,7893.3420138250185
2019-09-19 01:00:00,7676.039570617729
2019-09-19 01:30:00,7551.998540618793
2019-09-19 02:00:00,6934.38217170752
2019-09-19 02:30:00,6741.530011372174
2019-09-19 03:00:00,6470.456729557761
2019-09-19 03:30:00,6291.339088339364
2019-09-19 04:00:00,6362.5796560199215
2019-09-19 04:30:00,6423.634365484757
2019-09-19 05:00:00,6578.374624892481
2019-09-19 05:30:00,6894.574392956882
2019-09-19 06:00:00,7265.752386178632
2019-09-19 06:30:00,7946.494134873567
2019-09-19 07:00:00,8474.737609593592
2019-09-19 07:30:00,8639.739298632025
2019-09-19 08:00:00,8857.131043973059
2019-09-19 08:30:00,8779.657771276406
2019-09-19 09:00:00,8620.343045694044
2019-09-19 09:30:00,8529.093674973501
2019-09-19 10:00:00,8425.457552827927
2019-09-19 10:30:00,8425.457552827927
2019-09-19 11:00:00,8312.698194710938
2019-09-19 11:30:00,8200.052783113837
2019-09-19 12:00:00,8194.227224588074
2019-09-19 12:30:00,8203.583085290134
2019-09-19 13:00:00,8171.344329777052
2019-09-19 13:30:00,8114.099676237887
2019-09-19 14:00:00,8081.555493590904
2019-09-19 14:30:00,8081.555493590904
2019-09-19 15:00:00,8082.153909673181
2019-09-19 15:30:00,8185.110520412364
2019-09-19 16:00:00,8371.878651677434
2019-09-19 16:30:00,8568.219818371594
2019-09-19 17:00:00,8882.525008134962
2019-09-19 17:30:00,9140.238699923013
2019-09-19 18:00:00,9571.600261425272
2019-09-19 18:30:00,9790.918011339694
2019-09-19 19:00:00,9854.453707081826
2019-09-19 19:30:00,9713.682203080592
2019-09-19 20:00:00,9478.124364447447
2019-09-19 20:30:00,9295.265872917733
2019-09-19 21:00:00,8945.143615344401
2019-09-19 21:30:00,8687.695846142755
2019-09-19 22:00:00,8444.64122776005
2019-09-19 22:30:00,8401.13075151789
2019-09-19 23:00:00,8192.665560456491
2019-09-19 23:30:00,7991.722200937936
2019-09-20 00:00:00,7878.857313569497
2019-09-20 00:30:00,7676.466730312315
2019-09-20 01:00:00,7489.473614764511
2019-09-20 01:30:00,7255.765323574136
2019-09-20 02:00:00,7007.293575417513
2019-09-20 02:30:00,6740.799983254449
2019-09-20 03:00:00,6468.834436816527
2019-09-20 03:30:00,6387.555266366814
2019-09-20 04:00:00,6262.860332294582
2019-09-20 04:30:00,6335.3085280893565
2019-09-20 05:00:00,6421.875345709501
2019-09-20 05:30:00,6724.146849548362
2019-09-20 06:00:00,7011.029218350998
2019-09-20 06:30:00,7627.901531231839
2019-09-20 07:00:00,8114.472453062899
2019-09-20 07:30:00,8265.92723768917
2019-09-20 08:00:00,8353.174922529644
2019-09-20 08:30:00,8316.463400996081
2019-09-20 09:00:00,8181.263122118229
2019-09-20 09:30:00,8082.411234622938
2019-09-20 10:00:00,7736.190060369888
2019-09-20 10:30:00,7598.052359290434
2019-09-20 11:00:00,7509.395515444241
2019-09-20 11:30:00,7578.147640454771
2019-09-20 12:00:00,7554.289423425484
2019-09-20 12:30:00,7482.823112686125
2019-09-20 13:00:00,7462.4175722885675
2019-09-20 13:30:00,7466.328394033702
2019-09-20 14:00:00,7484.523203092083
2019-09-20 14:30:00,7510.624208583466
2019-09-20 15:00:00,7567.896333068384
2019-09-20 15:30:00,7606.575210002198
2019-09-20 16:00:00,7798.947009602024
2019-09-20 16:30:00,8030.70037642352
2019-09-20 17:00:00,8125.566260158584
2019-09-20 17:30:00,8327.337358567089
2019-09-20 18:00:00,8580.794126201481
2019-09-20 18:30:00,8990.232699339658
2019-09-20 19:00:00,8911.756696333501
2019-09-20 19:30:00,8819.375200731572
2019-09-20 20:00:00,8498.879770255948
2019-09-20 20:30:00,8398.797765653655
2019-09-20 21:00:00,8424.65071913372
2019-09-20 21:30:00,8227.159831758288
2019-09-20 22:00:00,8160.197162631967
2019-09-20 22:30:00,8066.596412594843
2019-09-20 23:00:00,7866.61598792815
2019-09-20 23:30:00,7769.155623539264
2019-09-21 00:00:00,7574.888986700612
2019-09-21 00:30:00,7407.439424027498
2019-09-21 01:00:00,7260.427677822652
2019-09-21 01:30:00,7028.590210742846
2019-09-21 02:00:00,6752.161866306509
2019-09-21 02:30:00,6578.693310595355
2019-09-21 03:00:00,6293.836305258728
2019-09-21 03:30:00,6199.750632553339
2019-09-21 04:00:00,6086.369135562106
2019-09-21 04:30:00,6167.341809902825
2019-09-21 05:00:00,6112.94989682643
2019-09-21 05:30:00,6313.84836414062
2019-09-21 06:00:00,6489.0099373371795
2019-09-21 06:30:00,6640.118002403581
2019-09-21 07:00:00,6937.710050556154
2019-09-21 07:30:00,6928.489361600393
2019-09-21 08:00:00,7239.412903508631
2019-09-21 08:30:00,7230.049318784845
2019-09-21 09:00:00,7377.648657620381
2019-09-21 09:30:00,7336.947485304244
2019-09-21 10:00:00,7171.571457260659
2019-09-21 10:30:00,7112.533260006646
2019-09-21 11:00:00,7042.085692460584
2019-09-21 11:30:00,6985.938457122921
2019-09-21 12:00:00,6901.210479434843
2019-09-21 12:30:00,6911.125591754131
2019-09-21 13:00:00,6871.305837855403
2019-09-21 13:30:00,6835.83724691134
2019-09-21 14:00:00,6851.166410858231
2019-09-21 14:30:00,6862.966911681684
2019-09-21 15:00:00,6919.849359942805
2019-09-21 15:30:00,7004.744629208447
2019-09-21 16:00:00,7166.929649027662
2019-09-21 16:30:00,7318.791290331725
2019-09-21 17:00:00,7399.965373478419
2019-09-21 17:30:00,7492.168736965567
2019-09-21 18:00:00,7822.316233640646
2019-09-21 18:30:00,8036.202705675177
2019-09-21 19:00:00,8024.852839976994
2019-09-21 19:30:00,7839.1327691654
2019-09-21 20:00:00,7610.1256339433185
2019-09-21 20:30:00,7516.464621965329
2019-09-21 21:00:00,7349.969139318914
2019-09-21 21:30:00,7305.661827867995
2019-09-21 22:00:00,7170.7914981407075
2019-09-21 22:30:00,7238.501691243671
2019-09-21 23:00:00,7087.008045158739
2019-09-21 23:30:00,7018.255920148209
2019-09-22 00:00:00,7034.050275467427
2019-09-22 00:30:00,6865.0337156988835
2019-09-22 01:00:00,6712.64527299424
2019-09-22 01:30:00,6502.521989123352
2019-09-22 02:00:00,6349.301455144947
2019-09-22 02:30:00,6115.130235415977
2019-09-22 03:00:00,6019.7892612454025
2019-09-22 03:30:00,5845.414264290697
2019-09-22 04:00:00,5803.915134267262
2019-09-22 04:30:00,5770.564569847196
2019-09-22 05:00:00,5795.8117666656135
2019-09-22 05:30:00,5840.530024353465
2019-09-22 06:00:00,5989.928487007548
2019-09-22 06:30:00,6104.800931448837
2019-09-22 07:00:00,6263.92784624229
2019-09-22 07:30:00,6375.762282048334
2019-09-22 08:00:00,6679.963478629738
2019-09-22 08:30:00,6774.30362472632
2019-09-22 09:00:00,6799.581350205123
2019-09-22 09:30:00,6843.394269600823
2019-09-22 10:00:00,6809.630005015798
2019-09-22 10:30:00,6745.085439311428
2019-09-22 11:00:00,6763.816131103052
2019-09-22 11:30:00,6622.86006697537
2019-09-22 12:00:00,6602.111032138123
2019-09-22 12:30:00,6600.053793601676
2019-09-22 13:00:00,6613.998217038628
2019-09-22 13:30:00,6663.088221150486
2019-09-22 14:00:00,6714.950176988425
2019-09-22 14:30:00,6780.758110012069
2019-09-22 15:00:00,6871.6123256352075
2019-09-22 15:30:00,6837.779743179621
2019-09-22 16:00:00,6968.105199562944
2019-09-22 16:30:00,7104.203848842601
2019-09-22 17:00:00,7377.1781415144405
2019-09-22 17:30:00,7459.501624949487
2019-09-22 18:00:00,7904.171896603683
2019-09-22 18:30:00,8179.290030412457
2019-09-22 19:00:00,8201.963953633509
2019-09-22 19:30:00,7928.0584911590295
2019-09-22 20:00:00,7766.949985759784
2019-09-22 20:30:00,7604.667934968199
2019-09-22 21:00:00,7366.461063378245
2019-09-22 21:30:00,7290.876736930856
2019-09-22 22:00:00,7039.637471201398
2019-09-22 22:30:00,7114.129487841501
2019-09-22 23:00:00,6951.832185992812
2019-09-22 23:30:00,6854.54757924341
2019-09-23 00:00:00,7207.089216016772
2019-09-23 00:30:00,6930.576847145422
2019-09-23 01:00:00,6728.056233019456
2019-09-23 01:30:00,6465.221051088214
2019-09-23 02:00:00,6344.531451359856
2019-09-23 02:30:00,6055.075981465818
2019-09-23 03:00:00,6016.415551812385
2019-09-23 03:30:00,5926.561704176239
2019-09-23 04:00:00,5972.40296972343
2019-09-23 04:30:00,5972.40296972343
2019-09-23 05:00:00,6341.726290082205
2019-09-23 05:30:00,6435.68286324641
2019-09-23 06:00:00,7024.753469597845
2019-09-23 06:30:00,7149.843154133255
2019-09-23 07:00:00,7265.506711182098
2019-09-23 07:30:00,7448.771557752167
2019-09-23 08:00:00,7295.872401686947
2019-09-23 08:30:00,7579.748274980768
2019-09-23 09:00:00,7244.610374087483
2019-09-23 09:30:00,7160.430657763635
2019-09-23 10:00:00,7138.55563066875
2019-09-23 10:30:00,7196.683495289385
2019-09-23 11:00:00,7122.2243071135335
2019-09-23 11:30:00,7001.105291469407
2019-09-23 12:00:00,6991.911995733561
2019-09-23 12:30:00,6996.308346190651
2019-09-23 13:00:00,6908.3714395534425
2019-09-23 13:30:00,6908.3714395534425
2019-09-23 14:00:00,7034.11867710768
2019-09-23 14:30:00,7066.56152777661
2019-09-23 15:00:00,7136.40748832261
2019-09-23 15:30:00,7311.673887097091
2019-09-23 16:00:00,7534.336384759752
2019-09-23 16:30:00,7863.518307227633
2019-09-23 17:00:00,8229.477149141274
2019-09-23 17:30:00,8460.612113886224
2019-09-23 18:00:00,8653.88639745706
2019-09-23 18:30:00,9082.423217333691
2019-09-23 19:00:00,9075.549173601852
2019-09-23 19:30:00,8810.354687336538
2019-09-23 20:00:00,8517.049610280648
2019-09-23 20:30:00,8437.85141991743
2019-09-23 21:00:00,8202.24130978179
2019-09-23 21:30:00,8084.246934443827
2019-09-23 22:00:00,7851.5510406095555
2019-09-23 22:30:00,7768.057052628435
2019-09-23 23:00:00,7596.002420764632
2019-09-23 23:30:00,7596.002420764632
2019-09-24 00:00:00,7375.900212363563
2019-09-24 00:30:00,7208.2813816864755
2019-09-24 01:00:00,6928.799832112737
2019-09-24 01:30:00,6812.607290542556
2019-09-24 02:00:00,6574.978718465642
2019-09-24 02:30:00,6417.592395663455
2019-09-24 03:00:00,6119.706906767156
2019-09-24 03:30:00,6100.908013670191
2019-09-24 04:00:00,6002.200099820367
2019-09-24 04:30:00,6058.5404955918275
2019-09-24 05:00:00,6151.16103133747
2019-09-24 05:30:00,6504.720224487955
2019-09-24 06:00:00,7006.254210435802
2019-09-24 06:30:00,7479.883940559176
2019-09-24 07:00:00,7982.75587258774
2019-09-24 07:30:00,8029.058602383312
2019-09-24 08:00:00,8079.210718852474
2019-09-24 08:30:00,8029.606825413853
2019-09-24 09:00:00,7809.623491331329
2019-09-24 09:30:00,7842.001054511224
2019-09-24 10:00:00,7534.940065702581
2019-09-24 10:30:00,7498.466757244459
2019-09-24 11:00:00,7463.668304739921
2019-09-24 11:30:00,7467.103188855698
2019-09-24 12:00:00,7420.358182375414
2019-09-24 12:30:00,7425.786377622616
2019-09-24 13:00:00,7464.3043072716255
2019-09-24 13:30:00,7463.262871398916
2019-09-24 14:00:00,7525.8494090310605
2019-09-24 14:30:00,7560.372382721943
2019-09-24 15:00:00,7539.684871051761
2019-09-24 15:30:00,7561.957319639298
2019-09-24 16:00:00,7716.122330134567
2019-09-24 16:30:00,7917.159110370423
2019-09-24 17:00:00,8099.161914381329
2019-09-24 17:30:00,8282.30802392497
2019-09-24 18:00:00,8662.567610514809
2019-09-24 18:30:00,9043.867188002394
2019-09-24 19:00:00,9167.021126860742
2019-09-24 19:30:00,8981.70367897685
2019-09-24 20:00:00,8760.853371145411
2019-09-24 20:30:00,8599.605167091779
2019-09-24 21:00:00,8507.677288408284
2019-09-24 21:30:00,8367.125294007843
2019-09-24 22:00:00,8079.479428669407
2019-09-24 22:30:00,8129.242115710178
2019-09-24 23:00:00,7911.830522199267
2019-09-24 23:30:00,7859.0780476140135
2019-09-25 00:00:00,7623.07909246054
2019-09-25 00:30:00,7506.804338030879
2019-09-25 01:00:00,7343.441924958847
2019-09-25 01:30:00,7128.6482162654
2019-09-25 02:00:00,6916.634477011884
2019-09-25 02:30:00,6660.86973421534
2019-09-25 03:00:00,6500.399021869558
2019-09-25 03:30:00,6349.770683117249
2019-09-25 04:00:00,6275.800701574863
2019-09-25 04:30:00,6274.601923936176
2019-09-25 05:00:00,6397.748427941616
2019-09-25 05:30:00,6713.94588750376
2019-09-25 06:00:00,7055.18562832887
2019-09-25 06:30:00,7728.705798817651
2019-09-25 07:00:00,8207.052600927487
2019-09-25 07:30:00,8180.108048069106
2019-09-25 08:00:00,8201.82698456543
2019-09-25 08:30:00,7912.722250039795
2019-09-25 09:00:00,7733.107330433962
2019-09-25 09:30:00,7581.428356068988
2019-09-25 10:00:00,7216.433481659638
2019-09-25 10:30:00,7051.908548187293
2019-09-25 11:00:00,6993.733116997795
2019-09-25 11:30:00,6843.395824245612
2019-09-25 12:00:00,6897.527596813805
2019-09-25 12:30:00,6838.493231489969
2019-09-25 13:00:00,6872.829103843833
2019-09-25 13:30:00,6925.095454882209
2019-09-25 14:00:00,6956.369271721544
2019-09-25 14:30:00,7055.7228596424075
2019-09-25 15:00:00,7092.100094375872
2019-09-25 15:30:00,7161.154968286016
2019-09-25 16:00:00,7267.8215397454405
2019-09-25 16:30:00,7507.237349300416
2019-09-25 17:00:00,7768.479449214119
2019-09-25 17:30:00,8121.266843570036
2019-09-25 18:00:00,8506.451673861278
2019-09-25 18:30:00,8872.159018809536
2019-09-25 19:00:00,9054.165620043312
2019-09-25 19:30:00,8865.00587377136
2019-09-25 20:00:00,8675.744183016008
2019-09-25 20:30:00,8510.742493977576
2019-09-25 21:00:00,8372.301797645006
2019-09-25 21:30:00,8285.454176892326
2019-09-25 22:00:00,8060.536875918612
2019-09-25 22:30:00,7993.318176739609
2019-09-25 23:00:00,7856.188720305646
2019-09-25 23:30:00,7684.370559309082
2019-09-26 00:00:00,7615.908678957482
2019-09-26 00:30:00,7561.480171217081
2019-09-26 01:00:00,7290.933579604967
2019-09-26 01:30:00,7103.953377390585
2019-09-26 02:00:00,6834.258015152305
2019-09-26 02:30:00,6654.27182008468
2019-09-26 03:00:00,6408.210107636697
2019-09-26 03:30:00,6313.1607053876405
2019-09-26 04:00:00,6214.11460650474
2019-09-26 04:30:00,6239.194901631863
2019-09-26 05:00:00,6349.08677270035
2019-09-26 05:30:00,6641.374445822709
2019-09-26 06:00:00,6982.4261480987825
2019-09-26 06:30:00,7626.736676033738
2019-09-26 07:00:00,8057.913138413793
2019-09-26 07:30:00,8057.913138413793
2019-09-26 08:00:00,8101.622401891999
2019-09-26 08:30:00,7903.487572544416
2019-09-26 09:00:00,7760.2870424350285
2019-09-26 09:30:00,7630.290881082588
2019-09-26 10:00:00,7221.168549113226
2019-09-26 10:30:00,7154.282134371882
2019-09-26 11:00:00,7076.131479104672
2019-09-26 11:30:00,7030.29436101941
2019-09-26 12:00:00,6984.255336712626
2019-09-26 12:30:00,6980.02377748173
2019-09-26 13:00:00,7067.727712110184
2019-09-26 13:30:00,7067.727712110184
2019-09-26 14:00:00,7134.80816677668
2019-09-26 14:30:00,7115.522925974936
2019-09-26 15:00:00,7188.645371960614
2019-09-26 15:30:00,7269.136094344961
2019-09-26 16:00:00,7563.425705130123
2019-09-26 16:30:00,7762.171409656031
2019-09-26 17:00:00,8066.682709803807
2019-09-26 17:30:00,8232.269061097266
2019-09-26 18:00:00,8589.138884454625
2019-09-26 18:30:00,9002.557597172
2019-09-26 19:00:00,9058.52927433764
2019-09-26 19:30:00,8887.1513331853
2019-09-26 20:00:00,8775.89610444491
2019-09-26 20:30:00,8610.894415406477
2019-09-26 21:00:00,8364.353148553835
2019-09-26 21:30:00,8203.542503225504
2019-09-26 22:00:00,7902.207714015841
2019-09-26 22:30:00,7993.28386506952
2019-09-26 23:00:00,7750.298783702857
2019-09-26 23:30:00,7707.408650366125
2019-09-27 00:00:00,7624.8456007234945
2019-09-27 00:30:00,7527.128526535666
2019-09-27 01:00:00,7259.993842991187
2019-09-27 01:30:00,7149.272773112254
2019-09-27 02:00:00,6936.370834061838
2019-09-27 02:30:00,6693.097671100814
2019-09-27 03:00:00,6473.062956233578
2019-09-27 03:30:00,6370.14630887325
2019-09-27 04:00:00,6298.229320812966
2019-09-27 04:30:00,6339.537047506407
2019-09-27 05:00:00,6477.66265186921
2019-09-27 05:30:00,6728.375368965413
2019-09-27 06:00:00,6983.275658776668
2019-09-27 06:30:00,7558.603282636515
2019-09-27 07:00:00,7974.847028244774
2019-09-27 07:30:00,7974.847028244774
2019-09-27 08:00:00,8050.40006062439
2019-09-27 08:30:00,7869.4575105883105
2019-09-27 09:00:00,7729.189180033038
2019-09-27 09:30:00,7644.370297766161
2019-09-27 10:00:00,7426.297939838208
2019-09-27 10:30:00,7429.0121255670365
2019-09-27 11:00:00,7209.954865863179
2019-09-27 11:30:00,7177.200460647947
2019-09-27 12:00:00,7159.67109129466
2019-09-27 12:30:00,7152.1455551740355
2019-09-27 13:00:00,7137.068415955165
2019-09-27 13:30:00,7119.978783881654
2019-09-27 14:00:00,7172.586468019562
2019-09-27 14:30:00,7208.479368756078
2019-09-27 15:00:00,7237.906479942524
2019-09-27 15:30:00,7237.906479942524
2019-09-27 16:00:00,7546.525803725842
2019-09-27 16:30:00,7736.745706992438
2019-09-27 17:00:00,7954.717662086835
2019-09-27 17:30:00,8118.122460353606
2019-09-27 18:00:00,8408.390456760302
2019-09-27 18:30:00,8749.572692245907
2019-09-27 19:00:00,8819.375200731572
2019-09-27 19:30:00,8561.16153469321
2019-09-27 20:00:00,8380.065819187415
2019-09-27 20:30:00,8288.816448466872
2019-09-27 21:00:00,8280.60069946581
2019-09-27 21:30:00,8181.6651448794155
2019-09-27 22:00:00,8003.6890045521895
2019-09-27 22:30:00,7999.144597587976
2019-09-27 23:00:00,7764.61121657505
2019-09-27 23:30:00,7659.680997706755
2019-09-28 00:00:00,7537.994526014326
2019-09-28 00:30:00,7304.403474717742
2019-09-28 01:00:00,7129.183003329919
2019-09-28 01:30:00,7002.911238563413
2019-09-28 02:00:00,6686.557655778653
2019-09-28 02:30:00,6457.461365490401
2019-09-28 03:00:00,6240.767044311419
2019-09-28 03:30:00,6164.566050453351
2019-09-28 04:00:00,6135.910025866131
2019-09-28 04:30:00,6089.570798223391
2019-09-28 05:00:00,6018.572909185679
2019-09-28 05:30:00,6250.480251502493
2019-09-28 06:00:00,6420.403852001006
2019-09-28 06:30:00,6548.883934901871
2019-09-28 07:00:00,6835.748957213265
2019-09-28 07:30:00,6835.681451996555
2019-09-28 08:00:00,7144.903583959408
2019-09-28 08:30:00,7024.772063924826
2019-09-28 09:00:00,7156.117423359267
2019-09-28 09:30:00,7089.26315070172
2019-09-28 10:00:00,6874.735471857724
2019-09-28 10:30:00,6862.531943954117
2019-09-28 11:00:00,6672.434572650907
2019-09-28 11:30:00,6635.036800890307
2019-09-28 12:00:00,6692.150500205233
2019-09-28 12:30:00,6689.820643574005
2019-09-28 13:00:00,6779.867783302048
2019-09-28 13:30:00,6779.867783302048
2019-09-28 14:00:00,6787.548771181689
2019-09-28 14:30:00,6855.049682447218
2019-09-28 15:00:00,6834.75517996193
2019-09-28 15:30:00,6878.562695865022
2019-09-28 16:00:00,7072.017310525713
2019-09-28 16:30:00,7179.849446973776
2019-09-28 17:00:00,7421.793629821065
2019-09-28 17:30:00,7439.355782846206
2019-09-28 18:00:00,7643.529572570117
2019-09-28 18:30:00,7890.301161026801
2019-09-28 19:00:00,7936.046040103838
2019-09-28 19:30:00,7721.225510533822
2019-09-28 20:00:00,7564.566991515459
2019-09-28 20:30:00,7437.4878878833315
2019-09-28 21:00:00,7304.783210124318
2019-09-28 21:30:00,7254.107257747215
2019-09-28 22:00:00,7105.403906405484
2019-09-28 22:30:00,7257.950557239285
2019-09-28 23:00:00,7184.018540059926
2019-09-28 23:30:00,7124.027784335446
2019-09-29 00:00:00,6903.232005919579
2019-09-29 00:30:00,6778.8987693447325
2019-09-29 01:00:00,6645.039702912938
2019-09-29 01:30:00,6528.658627297985
2019-09-29 02:00:00,6253.837869717634
2019-09-29 02:30:00,6057.802908272839
2019-09-29 03:00:00,5933.294217982055
2019-09-29 03:30:00,5894.542849578412
2019-09-29 04:00:00,5798.387912499394
2019-09-29 04:30:00,5814.0312340270475
2019-09-29 05:00:00,5839.651406609788
2019-09-29 05:30:00,5958.911726234963
2019-09-29 06:00:00,6031.474117910385
2019-09-29 06:30:00,6191.1245166252875
2019-09-29 07:00:00,6232.598074568761
2019-09-29 07:30:00,6303.955176409941
2019-09-29 08:00:00,6737.485514141563
2019-09-29 08:30:00,6658.911029368319
2019-09-29 09:00:00,6464.844437035167
2019-09-29 09:30:00,6441.363730141236
2019-09-29 10:00:00,6322.384348037019
2019-09-29 10:30:00,6249.794448143734
2019-09-29 11:00:00,6271.371767676961
2019-09-29 11:30:00,6195.170773818892
2019-09-29 12:00:00,6229.447025013128
2019-09-29 12:30:00,6239.208166737921
2019-09-29 13:00:00,6283.0499541214895
2019-09-29 13:30:00,6275.467642365882
2019-09-29 14:00:00,6251.905124950402
2019-09-29 14:30:00,6298.238805109652
2019-09-29 15:00:00,6325.853865674929
2019-09-29 15:30:00,6448.394087175739
2019-09-29 16:00:00,6610.896275091514
2019-09-29 16:30:00,6808.10781733615
2019-09-29 17:00:00,7069.987792442237
2019-09-29 17:30:00,7224.328692337572
2019-09-29 18:00:00,7703.499679773059
2019-09-29 18:30:00,8073.836261758336
2019-09-29 19:00:00,8299.132242777063
2019-09-29 19:30:00,8162.917135891775
2019-09-29 20:00:00,8048.886188265761
2019-09-29 20:30:00,7860.349672823195
2019-09-29 21:00:00,7581.508876070123
2019-09-29 21:30:00,7484.4572010640195
2019-09-29 22:00:00,7318.789320432833
2019-09-29 22:30:00,7250.037195422303
2019-09-29 23:00:00,7067.056301831492
2019-09-29 23:30:00,7067.056301831492
2019-09-30 00:00:00,7141.488408861435
2019-09-30 00:30:00,7068.6342871990555
2019-09-30 01:00:00,6891.666210157105
2019-09-30 01:30:00,6589.88973159709
2019-09-30 02:00:00,6559.341716439329
2019-09-30 02:30:00,6212.054441277375
2019-09-30 03:00:00,6166.491681774351
2019-09-30 03:30:00,5996.760254624674
2019-09-30 04:00:00,6037.165145050392
2019-09-30 04:30:00,6029.81044206148
2019-09-30 05:00:00,6284.615583716688
2019-09-30 05:30:00,6433.168458193263
2019-09-30 06:00:00,7033.779334821174
2019-09-30 06:30:00,7179.049661184911
2019-09-30 07:00:00,7646.903560853944
2019-09-30 07:30:00,7790.067634428755
2019-09-30 08:00:00,7379.525193505646
2019-09-30 08:30:00,7532.153438868602
2019-09-30 09:00:00,7145.170175595364
2019-09-30 09:30:00,7084.115466130528
2019-09-30 10:00:00,7007.20804295716
2019-09-30 10:30:00,6886.0890273130335
2019-09-30 11:00:00,6781.973661797828
2019-09-30 11:30:00,6632.434084068127
2019-09-30 12:00:00,6675.311530981883
2019-09-30 12:30:00,6542.221803306884
2019-09-30 13:00:00,6571.290818184143
2019-09-30 13:30:00,6646.316696536906
2019-09-30 14:00:00,6618.480715453874
2019-09-30 14:30:00,6678.254583887552
2019-09-30 15:00:00,6763.825459176195
2019-09-30 15:30:00,6985.284448886965
2019-09-30 16:00:00,7252.213319112004
2019-09-30 16:30:00,7699.168632271699
2019-09-30 17:00:00,8195.630156947178
2019-09-30 17:30:00,8412.48050936642
2019-09-30 18:00:00,8621.278239054554
2019-09-30 18:30:00,8941.367409573317
2019-09-30 19:00:00,8994.285755580506
2019-09-30 19:30:00,8757.747633172756
2019-09-30 20:00:00,8414.0060270799
2019-09-30 20:30:00,8347.821310893989
2019-09-30 21:00:00,8282.279952240495
2019-09-30 21:30:00,8171.491870828411
2019-09-30 22:00:00,7987.97426393672
2019-09-30 22:30:00,7880.724128720825
2019-09-30 23:00:00,7729.888434069531
2019-09-30 23:30:00,7615.866699498351
2019-10-01 00:00:00,7607.62277037882
2019-10-01 00:30:00,7511.3698275144425
2019-10-01 01:00:00,7359.547165949377
2019-10-01 01:30:00,7096.605452326003
2019-10-01 02:00:00,6888.99727982424
2019-10-01 02:30:00,6733.51917249171
2019-10-01 03:00:00,6460.446175804452
2019-10-01 03:30:00,6389.405706429038
2019-10-01 04:00:00,6289.124137852589
2019-10-01 04:30:00,6394.619755472773
2019-10-01 05:00:00,6508.304586983567
2019-10-01 05:30:00,6791.520692635315
2019-10-01 06:00:00,7286.379799141617
2019-10-01 06:30:00,7648.595537028084
2019-10-01 07:00:00,8038.954965569298
2019-10-01 07:30:00,7980.732491814218
2019-10-01 08:00:00,8195.703205959517
2019-10-01 08:30:00,8199.546687532167
2019-10-01 09:00:00,8034.254742067094
2019-10-01 09:30:00,8040.967089504354
2019-10-01 10:00:00,7824.854301732452
2019-10-01 10:30:00,7845.011611567752
2019-10-01 11:00:00,7948.754002278036
2019-10-01 11:30:00,7855.295036748845
2019-10-01 12:00:00,7797.925721036593
2019-10-01 12:30:00,7820.656501939244
2019-10-01 13:00:00,7801.714672704838
2019-10-01 13:30:00,7778.983891802188
2019-10-01 14:00:00,7829.662136608381
2019-10-01 14:30:00,7981.353969094878
2019-10-01 15:00:00,7980.891270145493
2019-10-01 15:30:00,8023.321454158153
2019-10-01 16:00:00,8152.9582096341255
2019-10-01 16:30:00,8136.687854771159
2019-10-01 17:00:00,8392.961324777776
2019-10-01 17:30:00,8595.322967242733
2019-10-01 18:00:00,8977.401498324718
2019-10-01 18:30:00,9163.26507455535
2019-10-01 19:00:00,9236.6017490456
2019-10-01 19:30:00,9017.281089906972
2019-10-01 20:00:00,8769.846623576219
2019-10-01 20:30:00,8610.445847606243
2019-10-01 21:00:00,8425.253065605082
2019-10-01 21:30:00,8273.79828097881
2019-10-01 22:00:00,8109.819552696392
2019-10-01 22:30:00,8065.384351257617
2019-10-01 23:00:00,7896.4651091965625
2019-10-01 23:30:00,7889.830155842079
2019-10-02 00:00:00,7591.074484641063
2019-10-02 00:30:00,7499.940583544756
2019-10-02 01:00:00,7261.3906409050005
2019-10-02 01:30:00,7101.461543455655
2019-10-02 02:00:00,6879.182292276615
2019-10-02 02:30:00,6601.460419312736
2019-10-02 03:00:00,6419.532166224214
2019-10-02 03:30:00,6316.615518863886
2019-10-02 04:00:00,6223.991833014715
2019-10-02 04:30:00,6223.991833014715
2019-10-02 05:00:00,6448.8507344589325
2019-10-02 05:30:00,6679.338990570258
2019-10-02 06:00:00,6969.860199591219
2019-10-02 06:30:00,7418.200460009019
2019-10-02 07:00:00,7667.719960635185
2019-10-02 07:30:00,7667.719960635185
2019-10-02 08:00:00,7840.431819244087
2019-10-02 08:30:00,7767.513010874581
2019-10-02 09:00:00,7786.57021779768
2019-10-02 09:30:00,7777.41703405863
2019-10-02 10:00:00,7564.863352858124
2019-10-02 10:30:00,7623.901550112138
2019-10-02 11:00:00,7563.711137710754
2019-10-02 11:30:00,7444.904207244202
2019-10-02 12:00:00,7271.747465581637
2019-10-02 12:30:00,7137.990693194859
2019-10-02 13:00:00,7146.242358353306
2019-10-02 13:30:00,7113.408687123863
2019-10-02 14:00:00,7155.033569132195
2019-10-02 14:30:00,7128.005267383852
2019-10-02 15:00:00,7232.72988751491
2019-10-02 15:30:00,7376.980715130641
2019-10-02 16:00:00,7558.838145301163
2019-10-02 16:30:00,7743.556876930575
2019-10-02 17:00:00,7982.332329182454
2019-10-02 17:30:00,8282.50850943669
2019-10-02 18:00:00,8512.344839047215
2019-10-02 18:30:00,8963.66592982026
2019-10-02 19:00:00,9105.589841597975
2019-10-02 19:30:00,8912.201575908974
2019-10-02 20:00:00,8613.655078509413
2019-10-02 20:30:00,8434.936110615788
2019-10-02 21:00:00,8292.556759696967
2019-10-02 21:30:00,8146.7028881391625
2019-10-02 22:00:00,7975.237956288867
2019-10-02 22:30:00,7930.802754850092
2019-10-02 23:00:00,7792.975302755887
2019-10-02 23:30:00,7658.182326342136
2019-10-03 00:00:00,7663.759584853033
2019-10-03 00:30:00,7527.331267707654
2019-10-03 01:00:00,7255.348746802002
2019-10-03 01:30:00,7022.967830056927
2019-10-03 02:00:00,6868.735815651313
2019-10-03 02:30:00,6595.381673633708
2019-10-03 03:00:00,6409.278126035605
2019-10-03 03:30:00,6285.278212966713
2019-10-03 04:00:00,6233.962253810983
2019-10-03 04:30:00,6230.209455747689
2019-10-03 05:00:00,6377.541984805488
2019-10-03 05:30:00,6668.630880289161
2019-10-03 06:00:00,6882.627393271788
2019-10-03 06:30:00,7266.888548001002
2019-10-03 07:00:00,7690.2902905523615
2019-10-03 07:30:00,7664.067465676735
2019-10-03 08:00:00,7695.203387378558
2019-10-03 08:30:00,7566.845895050324
2019-10-03 09:00:00,7500.38926216211
2019-10-03 09:30:00,7403.5506164460385
2019-10-03 10:00:00,7183.547509062669
2019-10-03 10:30:00,7162.426008404836
2019-10-03 11:00:00,7024.7042433917095
2019-10-03 11:30:00,7020.9303739264515
2019-10-03 12:00:00,7092.509617770717
2019-10-03 12:30:00,7042.554019658883
2019-10-03 13:00:00,7242.1162076117735
2019-10-03 13:30:00,7226.236347082269
2019-10-03 14:00:00,7334.454501252205
2019-10-03 14:30:00,7307.806830601711
2019-10-03 15:00:00,7418.686519520574
2019-10-03 15:30:00,7550.851768275486
2019-10-03 16:00:00,7676.414135319654
2019-10-03 16:30:00,7809.916807658729
2019-10-03 17:00:00,8163.0925717924265
2019-10-03 17:30:00,8313.979064836056
2019-10-03 18:00:00,8495.836545357333
2019-10-03 18:30:00,8721.735013916743
2019-10-03 19:00:00,8830.736081316461
2019-10-03 19:30:00,8631.459483729757
2019-10-03 20:00:00,8430.084727064735
2019-10-03 20:30:00,8286.023444347522
2019-10-03 21:00:00,7994.442412986147
2019-10-03 21:30:00,7803.477225588784
2019-10-03 22:00:00,7672.912768592083
2019-10-03 22:30:00,7672.912768592083
2019-10-03 23:00:00,7546.748228132248
2019-10-03 23:30:00,7525.207757246754
2019-10-04 00:00:00,7453.440123283703
2019-10-04 00:30:00,7285.733634812409
2019-10-04 01:00:00,7117.227190457546
2019-10-04 01:30:00,6980.657638431657
2019-10-04 02:00:00,6739.354715783149
2019-10-04 02:30:00,6477.543399380074
2019-10-04 03:00:00,6276.19212969296
2019-10-04 03:30:00,6226.100103986926
2019-10-04 04:00:00,6101.938159600116
2019-10-04 04:30:00,6167.279808955835
2019-10-04 05:00:00,6305.217391996273
2019-10-04 05:30:00,6538.644645709063
2019-10-04 06:00:00,6880.53641892821
2019-10-04 06:30:00,7145.025371889171
2019-10-04 07:00:00,7549.002112395523
2019-10-04 07:30:00,7574.565282348967
2019-10-04 08:00:00,7593.712642272945
2019-10-04 08:30:00,7597.337921454094
2019-10-04 09:00:00,7621.293484260471
2019-10-04 09:30:00,7680.103930636877
2019-10-04 10:00:00,7361.725369283369
2019-10-04 10:30:00,7361.032628941537
2019-10-04 11:00:00,7350.570959691226
2019-10-04 11:30:00,7333.173185963087
2019-10-04 12:00:00,7422.397938909603
2019-10-04 12:30:00,7422.397938909603
2019-10-04 13:00:00,7446.418589599751
2019-10-04 13:30:00,7446.100320977053
2019-10-04 14:00:00,7678.458115684535
2019-10-04 14:30:00,7720.881885630158
2019-10-04 15:00:00,7839.560032509206
2019-10-04 15:30:00,7990.2264603212625
2019-10-04 16:00:00,8166.852852969168
2019-10-04 16:30:00,8320.15740413511
2019-10-04 17:00:00,8344.863994287653
2019-10-04 17:30:00,8421.481550272283
2019-10-04 18:00:00,8518.013013691607
2019-10-04 18:30:00,8725.027523755682
2019-10-04 19:00:00,8744.205664997093
2019-10-04 19:30:00,8511.85953513578
2019-10-04 20:00:00,8244.05557185902
2019-10-04 20:30:00,8061.502548525835
2019-10-04 21:00:00,7962.789910929338
2019-10-04 21:30:00,7768.26997969312
2019-10-04 22:00:00,7647.808872931039
2019-10-04 22:30:00,7663.597010024573
2019-10-04 23:00:00,7535.026035627306
2019-10-04 23:30:00,7447.088093405752
2019-10-05 00:00:00,7267.215308311384
2019-10-05 00:30:00,7075.183038575398
2019-10-05 01:00:00,6851.712052691345
2019-10-05 01:30:00,6738.362197814429
2019-10-05 02:00:00,6430.216780797368
2019-10-05 02:30:00,6172.178991744143
2019-10-05 03:00:00,5950.7523152282065
2019-10-05 03:30:00,5860.917211371087
2019-10-05 04:00:00,5780.10587643576
2019-10-05 04:30:00,5813.456440855826
2019-10-05 05:00:00,5745.112358671728
2019-10-05 05:30:00,5944.579965729775
2019-10-05 06:00:00,6191.046404869138
2019-10-05 06:30:00,6268.78730118235
2019-10-05 07:00:00,6791.238693546492
2019-10-05 07:30:00,6674.172884327335
2019-10-05 08:00:00,6927.681587756196
2019-10-05 08:30:00,6952.287536738674
2019-10-05 09:00:00,7243.135564581049
2019-10-05 09:30:00,7059.195361619468
2019-10-05 10:00:00,7021.681966340152
2019-10-05 10:30:00,6982.684739876476
2019-10-05 11:00:00,6949.394349656805
2019-10-05 11:30:00,6878.623067693089
2019-10-05 12:00:00,6926.790123012857
2019-10-05 12:30:00,6897.625997519388
2019-10-05 13:00:00,7035.512246814595
2019-10-05 13:30:00,7059.737020958345
2019-10-05 14:00:00,7127.662439406845
2019-10-05 14:30:00,7168.363611722982
2019-10-05 15:00:00,7201.631810213041
2019-10-05 15:30:00,7195.604235936499
2019-10-05 16:00:00,7312.458954471618
2019-10-05 16:30:00,7324.5602657011705
2019-10-05 17:00:00,7492.69743289174
2019-10-05 17:30:00,7493.833684380449
2019-10-05 18:00:00,7832.729627950855
2019-10-05 18:30:00,7950.0881879587605
2019-10-05 19:00:00,7889.275394709163
2019-10-05 19:30:00,7660.349173840475
2019-10-05 20:00:00,7442.12130665098
2019-10-05 20:30:00,7401.526016660408
2019-10-05 21:00:00,7266.128263747022
2019-10-05 21:30:00,7180.80285249866
2019-10-05 22:00:00,7014.716883068527
2019-10-05 22:30:00,7133.951009174107
2019-10-05 23:00:00,6994.88055774879
2019-10-05 23:30:00,6992.364307293186
2019-10-06 00:00:00,7027.10935442223
2019-10-06 00:30:00,6845.15769838973
2019-10-06 01:00:00,6710.759487313354
2019-10-06 01:30:00,6501.143645496083
2019-10-06 02:00:00,6333.39882152698
2019-10-06 02:30:00,6099.22760179801
2019-10-06 03:00:00,5947.293477949381
2019-10-06 03:30:00,5805.894901413975
2019-10-06 04:00:00,5770.81818442427
2019-10-06 04:30:00,5770.81818442427
2019-10-06 05:00:00,5782.153521722643
2019-10-06 05:30:00,5826.871779410494
2019-10-06 06:00:00,5942.9706210534405
2019-10-06 06:30:00,6056.830328021085
2019-10-06 07:00:00,6216.881219032809
2019-10-06 07:30:00,6323.467009165623
2019-10-06 08:00:00,6669.985856253426
2019-10-06 08:30:00,6792.531139815472
2019-10-06 09:00:00,6833.6017526425385
2019-10-06 09:30:00,6916.408868079927
2019-10-06 10:00:00,6970.6093939329585
2019-10-06 10:30:00,6890.876910235676
2019-10-06 11:00:00,6865.144924979959
2019-10-06 11:30:00,6733.528109843087
2019-10-06 12:00:00,6762.804656760954
2019-10-06 12:30:00,6762.804656760954
2019-10-06 13:00:00,6847.608045515273
2019-10-06 13:30:00,6784.636050412398
2019-10-06 14:00:00,6809.232712416465
2019-10-06 14:30:00,6816.384417427401
2019-10-06 15:00:00,6784.949836425505
2019-10-06 15:30:00,6884.480099154678
2019-10-06 16:00:00,6879.109163614289
2019-10-06 16:30:00,7010.725978751161
2019-10-06 17:00:00,7286.596201308397
2019-10-06 17:30:00,7383.95627869495
2019-10-06 18:00:00,7701.9660359159725
2019-10-06 18:30:00,7859.209193528448
2019-10-06 19:00:00,8042.704818872848
2019-10-06 19:30:00,7758.096423577802
2019-10-06 20:00:00,7645.887255260493
2019-10-06 20:30:00,7484.726734398258
2019-10-06 21:00:00,7335.5944578882745
2019-10-06 21:30:00,7191.144403921055
2019-10-06 22:00:00,7038.5734784363995
2019-10-06 22:30:00,7038.5734784363995
2019-10-06 23:00:00,6952.2555215572065
2019-10-06 23:30:00,6856.481584339945
2019-10-07 00:00:00,6774.4109405349955
2019-10-07 00:30:00,6541.60710925425
2019-10-07 01:00:00,6407.844756078566
2019-10-07 01:30:00,6222.230805192189
2019-10-07 02:00:00,6029.871876987562
2019-10-07 02:30:00,5873.30863311718
2019-10-07 03:00:00,5773.152699098559
2019-10-07 03:30:00,5751.500805659002
2019-10-07 04:00:00,5770.715039151627
2019-10-07 04:30:00,5770.715039151627
2019-10-07 05:00:00,5866.31217706437
2019-10-07 05:30:00,5913.543689081166
2019-10-07 06:00:00,6163.5431841124255
2019-10-07 06:30:00,6283.914259744921
2019-10-07 07:00:00,6391.383490676106
2019-10-07 07:30:00,6744.6559249956645
2019-10-07 08:00:00,6663.0299988567
2019-10-07 08:30:00,6663.0299988567
2019-10-07 09:00:00,6537.312926631802
2019-10-07 09:30:00,6444.896372357769
2019-10-07 10:00:00,6418.574860502737
2019-10-07 10:30:00,6321.511011620863
2019-10-07 11:00:00,6350.859241341083
2019-10-07 11:30:00,6491.474412766256
2019-10-07 12:00:00,6468.977847588696
2019-10-07 12:30:00,6312.414603718314
2019-10-07 13:00:00,6423.434528586966
2019-10-07 13:30:00,6675.2462871609705
2019-10-07 14:00:00,6520.337469203106
2019-10-07 14:30:00,6411.729192781347
2019-10-07 15:00:00,6532.088905530249
2019-10-07 15:30:00,6764.26566716248
2019-10-07 16:00:00,6982.78097532165
2019-10-07 16:30:00,7277.804816640806
2019-10-07 17:00:00,7567.049991438786
2019-10-07 17:30:00,7628.10326817331
2019-10-07 18:00:00,7725.8864488782665
2019-10-07 18:30:00,7837.332496391587
2019-10-07 19:00:00,7730.100422543841
2019-10-07 19:30:00,7663.042523313009
2019-10-07 20:00:00,7566.03618143935
2019-10-07 20:30:00,7482.292298975528
2019-10-07 21:00:00,7455.417441638277
2019-10-07 21:30:00,7445.409162395254
2019-10-07 22:00:00,7311.082552303261
2019-10-07 22:30:00,7311.082552303261
2019-10-07 23:00:00,7105.237090358261
2019-10-07 23:30:00,6923.035225714283
2019-10-08 00:00:00,7309.596350743698
2019-10-08 00:30:00,7148.708374070721
2019-10-08 01:00:00,6910.127414626106
2019-10-08 01:30:00,6670.547412842412
2019-10-08 02:00:00,6436.51269274654
2019-10-08 02:30:00,6354.5174014634695
2019-10-08 03:00:00,6259.140439793028
2019-10-08 03:30:00,6155.948732714087
2019-10-08 04:00:00,6136.510389405543
2019-10-08 04:30:00,6177.941922411533
2019-10-08 05:00:00,6334.445926073271
2019-10-08 05:30:00,6421.146701965327
2019-10-08 06:00:00,6811.226492817073
2019-10-08 06:30:00,6811.226492817073
2019-10-08 07:00:00,7279.504963252807
2019-10-08 07:30:00,7446.413128444643
2019-10-08 08:00:00,7329.518449021623
2019-10-08 08:30:00,7321.723830584713
2019-10-08 09:00:00,7197.863200345254
2019-10-08 09:30:00,7399.680535320524
2019-10-08 10:00:00,7040.115020645519
2019-10-08 10:30:00,6963.1377993282995
2019-10-08 11:00:00,6985.878433917477
2019-10-08 11:30:00,6939.539206274737
2019-10-08 12:00:00,6967.292390805157
2019-10-08 12:30:00,6967.292390805157
2019-10-08 13:00:00,7016.213554032046
2019-10-08 13:30:00,7098.6067264215835
2019-10-08 14:00:00,7294.2140255617705
2019-10-08 14:30:00,7378.99482369375
2019-10-08 15:00:00,7527.878118469391
2019-10-08 15:30:00,7705.328723241914
2019-10-08 16:00:00,7753.803109761534
2019-10-08 16:30:00,7793.763091526106
2019-10-08 17:00:00,7953.355328497236
2019-10-08 17:30:00,8050.37415190147
2019-10-08 18:00:00,8128.169604847704
2019-10-08 18:30:00,8067.822480190686
2019-10-08 19:00:00,8106.531948620801
2019-10-08 19:30:00,8052.740149039583
2019-10-08 20:00:00,7926.934011383467
2019-10-08 20:30:00,7866.37525790956
2019-10-08 21:00:00,7720.184314990618
2019-10-08 21:30:00,7681.1844751815115
2019-10-08 22:00:00,7648.933771823141
2019-10-08 22:30:00,7671.374087875853
2019-10-08 23:00:00,7568.100975233172
2019-10-08 23:30:00,7460.974138841611
2019-10-09 00:00:00,6993.752156303413
2019-10-09 00:30:00,6872.958501621522
2019-10-09 01:00:00,6718.449098842388
2019-10-09 01:30:00,6429.4465408364385
2019-10-09 02:00:00,6202.71484814519
2019-10-09 02:30:00,6074.105529098927
2019-10-09 03:00:00,6011.522358214634
2019-10-09 03:30:00,6011.522358214634
2019-10-09 04:00:00,6016.214320288183
2019-10-09 04:30:00,6147.872426859614
2019-10-09 05:00:00,6375.554324317259
2019-10-09 05:30:00,6699.463305066735
2019-10-09 06:00:00,7027.384765129134
2019-10-09 06:30:00,7368.728108985537
2019-10-09 07:00:00,7776.340980061954
2019-10-09 07:30:00,7662.037595616886
2019-10-09 08:00:00,7828.184423362975
2019-10-09 08:30:00,7843.674706074791
2019-10-09 09:00:00,7829.4874577161345
2019-10-09 09:30:00,7689.454023386447
2019-10-09 10:00:00,7507.73748258707
2019-10-09 10:30:00,7363.856322490171
2019-10-09 11:00:00,7240.944020675771
2019-10-09 11:30:00,7212.756425293792
2019-10-09 12:00:00,7446.649443082723
2019-10-09 12:30:00,7477.06918005123
2019-10-09 13:00:00,7468.408479868795
2019-10-09 13:30:00,7363.268904931668
2019-10-09 14:00:00,7476.308964500861
2019-10-09 14:30:00,7574.428472739681
2019-10-09 15:00:00,7504.938996157478
2019-10-09 15:30:00,7659.88121231443
2019-10-09 16:00:00,7910.416714677541
2019-10-09 16:30:00,8030.650274595325
2019-10-09 17:00:00,8309.453062295068
2019-10-09 17:30:00,8344.569078777706
2019-10-09 18:00:00,8445.015196238652
2019-10-09 18:30:00,8498.010547554928
2019-10-09 19:00:00,8530.972353034462
2019-10-09 19:30:00,8422.548906612792
2019-10-09 20:00:00,8286.260346275296
2019-10-09 20:30:00,8089.208457959517
2019-10-09 21:00:00,7795.098813216787
2019-10-09 21:30:00,7701.306988226798
2019-10-09 22:00:00,7536.2648068041
2019-10-09 22:30:00,7595.303004058113
2019-10-09 23:00:00,7534.1412963432
2019-10-09 23:30:00,7400.820310985993
2019-10-10 00:00:00,7296.875741045307
2019-10-10 00:30:00,7136.946643595962
2019-10-10 01:00:00,6961.161403552306
2019-10-10 01:30:00,6725.497368211023
2019-10-10 02:00:00,6477.004103917626
2019-10-10 02:30:00,6301.639260762523
2019-10-10 03:00:00,6189.829168882938
2019-10-10 03:30:00,6189.829168882938
2019-10-10 04:00:00,6250.62635316926
2019-10-10 04:30:00,6425.376263441383
2019-10-10 05:00:00,6689.309411366527
2019-10-10 05:30:00,7112.383000519193
2019-10-10 06:00:00,7573.5550118565825
2019-10-10 06:30:00,7738.702610677023
2019-10-10 07:00:00,7865.040356674912
2019-10-10 07:30:00,7808.484915483501
2019-10-10 08:00:00,7846.071489883658
2019-10-10 08:30:00,7748.581662508988
2019-10-10 09:00:00,7547.13075633773
2019-10-10 09:30:00,7499.977645116788
2019-10-10 10:00:00,7156.30920970675
2019-10-10 10:30:00,7058.103270656059
2019-10-10 11:00:00,7007.290269315311
2019-10-10 11:30:00,6944.318274212435
2019-10-10 12:00:00,6965.885632317321
2019-10-10 12:30:00,6932.104725352595
2019-10-10 13:00:00,7016.282289310926
2019-10-10 13:30:00,7016.282289310926
2019-10-10 14:00:00,6987.502230964711
2019-10-10 14:30:00,7021.016573670535
2019-10-10 15:00:00,7104.296325695681
2019-10-10 15:30:00,7146.86493139239
2019-10-10 16:00:00,7312.656063597556
2019-10-10 16:30:00,7558.924790236601
2019-10-10 17:00:00,7975.814115783057
2019-10-10 17:30:00,8198.158535830846
2019-10-10 18:00:00,8342.763344161067
2019-10-10 18:30:00,8457.882964797942
2019-10-10 19:00:00,8582.257135936017
2019-10-10 19:30:00,8504.823896440877
2019-10-10 20:00:00,8421.878382162586
2019-10-10 20:30:00,8270.423597536314
2019-10-10 21:00:00,7949.950771737448
2019-10-10 21:30:00,7860.032666780195
2019-10-10 22:00:00,7679.5477219465665
2019-10-10 22:30:00,7679.5477219465665
2019-10-10 23:00:00,7605.786425386262
2019-10-10 23:30:00,7471.829482116324
2019-10-11 00:00:00,7285.733634812409
2019-10-11 00:30:00,7175.012564933476
2019-10-11 01:00:00,6980.657638431657
2019-10-11 01:30:00,6768.474309984304
2019-10-11 02:00:00,6514.913271564457
2019-10-11 02:30:00,6374.626752019746
2019-10-11 03:00:00,6272.439331629666
2019-10-11 03:30:00,6272.439331629666
2019-10-11 04:00:00,6324.453477154622
2019-10-11 04:30:00,6464.7399966993335
2019-10-11 05:00:00,6768.863845353221
2019-10-11 05:30:00,7188.041937627491
2019-10-11 06:00:00,7586.827198625583
2019-10-11 06:30:00,7767.885341369556
2019-10-11 07:00:00,7853.318164169969
2019-10-11 07:30:00,7792.534203561508
2019-10-11 08:00:00,7820.594724199215
2019-10-11 08:30:00,7740.638528539533
2019-10-11 09:00:00,7526.157612745791
2019-10-11 09:30:00,7528.212529095261
2019-10-11 10:00:00,7183.558211730089
2019-10-11 10:30:00,7183.558211730089
2019-10-11 11:00:00,7029.351524413393
2019-10-11 11:30:00,6970.390769888896
2019-10-11 12:00:00,7005.827911181833
2019-10-11 12:30:00,6983.160178764405
2019-10-11 13:00:00,7013.912495650716
2019-10-11 13:30:00,7064.428653600077
2019-10-11 14:00:00,7102.062618354177
2019-10-11 14:30:00,7151.99731070702
2019-10-11 15:00:00,7093.0058037072395
2019-10-11 15:30:00,7300.653799353029
2019-10-11 16:00:00,7527.790504922097
2019-10-11 16:30:00,7719.953036356484
2019-10-11 17:00:00,8027.900297489243
2019-10-11 17:30:00,8101.304061224521
2019-10-11 18:00:00,8161.089924027912
2019-10-11 18:30:00,8257.659410644284
2019-10-11 19:00:00,8154.552105310344
2019-10-11 19:30:00,8069.309344883915
2019-10-11 20:00:00,7955.852896099226
2019-10-11 20:30:00,7844.455927694228
2019-10-11 21:00:00,7753.935688200834
2019-10-11 21:30:00,7619.142711787083
2019-10-11 22:00:00,7591.959223925168
2019-10-11 22:30:00,7652.03739234809
2019-10-11 23:00:00,7509.257045324761
2019-10-11 23:30:00,7401.705050270099
2019-10-12 00:00:00,7182.638613675128
2019-10-12 00:30:00,7019.7039614628275
2019-10-12 01:00:00,6851.712052691345
2019-10-12 01:30:00,6616.048017350064
2019-10-12 02:00:00,6296.178904813035
2019-10-12 02:30:00,6213.486718437584
2019-10-12 03:00:00,6084.655289445781
2019-10-12 03:30:00,6084.655289445781
2019-10-12 04:00:00,6052.62152968655
2019-10-12 04:30:00,6227.986372841653
2019-10-12 05:00:00,6204.055905701748
2019-10-12 05:30:00,6599.139244296811
2019-10-12 06:00:00,6485.368599671188
2019-10-12 06:30:00,6669.541796024088
2019-10-12 07:00:00,6833.724446453286
2019-10-12 07:30:00,6824.503757497525
2019-10-12 08:00:00,7172.957209716501
2019-10-12 08:30:00,7179.57941319956
2019-10-12 09:00:00,7296.237801956926
2019-10-12 09:30:00,7290.542195553271
2019-10-12 10:00:00,7134.730968294059
2019-10-12 10:30:00,7193.287977657972
2019-10-12 11:00:00,7133.5787531466885
2019-10-12 11:30:00,7076.513578960117
2019-10-12 12:00:00,7030.117944947179
2019-10-12 12:30:00,6973.44502840103
2019-10-12 13:00:00,6860.553470702112
2019-10-12 13:30:00,6860.553470702112
2019-10-12 14:00:00,6855.494815326558
2019-10-12 14:30:00,6873.7160454752
2019-10-12 15:00:00,6981.238493241766
2019-10-12 15:30:00,7038.133246761037
2019-10-12 16:00:00,7259.6488513693475
2019-10-12 16:30:00,7290.635164363903
2019-10-12 17:00:00,7483.067003224345
2019-10-12 17:30:00,7455.495076803068
2019-10-12 18:00:00,7721.4322834485465
2019-10-12 18:30:00,7786.1793972869755
2019-10-12 19:00:00,7845.315632797422
2019-10-12 19:30:00,7821.0566129521285
2019-10-12 20:00:00,7740.6776992763325
2019-10-12 20:30:00,7601.898443413972
2019-10-12 21:00:00,7414.4476991808015
2019-10-12 21:30:00,7395.056308217579
2019-10-12 22:00:00,7323.6798842996795
2019-10-12 22:30:00,7323.6798842996795
2019-10-12 23:00:00,7275.792164423407
2019-10-12 23:30:00,7132.320140386643
2019-10-13 00:00:00,6980.16364711592
2019-10-13 00:30:00,6803.790265545269
2019-10-13 01:00:00,6566.3459171680115
2019-10-13 01:30:00,6310.858865185066
2019-10-13 02:00:00,6147.485556254375
2019-10-13 02:30:00,5976.700579966542
2019-10-13 03:00:00,5873.809318633021
2019-10-13 03:30:00,5846.085205514474
2019-10-13 04:00:00,5867.634533334432
2019-10-13 04:30:00,5913.968213493682
2019-10-13 05:00:00,5993.3907324640095
2019-10-13 05:30:00,6164.932927233225
2019-10-13 06:00:00,6300.7772512200145
2019-10-13 06:30:00,6475.910012748737
2019-10-13 07:00:00,6633.060010542099
2019-10-13 07:30:00,6762.307806408264
2019-10-13 08:00:00,6989.575085563586
2019-10-13 08:30:00,7020.217703454766
2019-10-13 09:00:00,7055.900638805368
2019-10-13 09:30:00,7098.364453618079
2019-10-13 10:00:00,7177.871029645864
2019-10-13 10:30:00,7167.315796689065
2019-10-13 11:00:00,7171.297019901825
2019-10-13 11:30:00,7058.138210843034
2019-10-13 12:00:00,6936.116060234218
2019-10-13 12:30:00,6887.1089988071435
2019-10-13 13:00:00,6883.864316315664
2019-10-13 13:30:00,6889.46522938412
2019-10-13 14:00:00,6957.495625769311
2019-10-13 14:30:00,7011.823191652026
2019-10-13 15:00:00,7003.140993200972
2019-10-13 15:30:00,7153.3122276320955
2019-10-13 16:00:00,7378.307294084845
2019-10-13 16:30:00,7465.349322183746
2019-10-13 17:00:00,7843.29198099443
2019-10-13 17:30:00,7960.55768029231
2019-10-13 18:00:00,8193.524298929739
2019-10-13 18:30:00,8277.828358837773
2019-10-13 19:00:00,8340.655518711801
2019-10-13 19:30:00,8228.011588396357
2019-10-13 20:00:00,8085.757930890503
2019-10-13 20:30:00,8041.266289641804
2019-10-13 21:00:00,7742.710114206116
2019-10-13 21:30:00,7579.032200878051
2019-10-13 22:00:00,7314.871497590135
2019-10-13 22:30:00,7314.871497590135
2019-10-13 23:00:00,7074.804375883394
2019-10-13 23:30:00,6910.888088712745
2019-10-14 00:00:00,7081.617787115196
2019-10-14 00:30:00,6862.360612396865
2019-10-14 01:00:00,6633.21561562381
2019-10-14 01:30:00,6445.910310905891
2019-10-14 02:00:00,6158.549576557864
2019-10-14 02:30:00,6064.893863685034
2019-10-14 03:00:00,6141.746585873521
2019-10-14 03:30:00,5993.649840555642
2019-10-14 04:00:00,6099.7065613164405
2019-10-14 04:30:00,6148.761785562144
2019-10-14 05:00:00,6678.518291216952
2019-10-14 05:30:00,6809.22951050806
2019-10-14 06:00:00,7698.1684462709445
2019-10-14 06:30:00,7919.882689070018
2019-10-14 07:00:00,8410.729514988905
2019-10-14 07:30:00,8593.48940365219
2019-10-14 08:00:00,8368.163078518008
2019-10-14 08:30:00,8217.407896736493
2019-10-14 09:00:00,7763.041057826201
2019-10-14 09:30:00,7717.680096346065
2019-10-14 10:00:00,7448.833172876032
2019-10-14 10:30:00,7387.789125006634
2019-10-14 11:00:00,7262.558697794308
2019-10-14 11:30:00,7182.943304363642
2019-10-14 12:00:00,7092.039083149201
2019-10-14 12:30:00,7045.699855506461
2019-10-14 13:00:00,7169.819559682476
2019-10-14 13:30:00,7169.819559682476
2019-10-14 14:00:00,7072.3050278904075
2019-10-14 14:30:00,7070.64125087136
2019-10-14 15:00:00,7141.3610484376595
2019-10-14 15:30:00,7400.153662387941
2019-10-14 16:00:00,7781.105321523198
2019-10-14 16:30:00,7989.6294615983625
2019-10-14 17:00:00,8341.569103966569
2019-10-14 17:30:00,8523.179083489447
2019-10-14 18:00:00,8615.455288352168
2019-10-14 18:30:00,8903.843118099767
2019-10-14 19:00:00,8893.416720216524
2019-10-14 19:30:00,8804.021498750884
2019-10-14 20:00:00,8559.99294110942
2019-10-14 20:30:00,8410.504590754299
2019-10-14 21:00:00,8183.696876933235
2019-10-14 21:30:00,8084.844345936881
2019-10-14 22:00:00,7938.9307955789745
2019-10-14 22:30:00,7887.847413819628
2019-10-14 23:00:00,7800.963103400691
2019-10-14 23:30:00,7511.339134367569
2019-10-15 00:00:00,7479.746847918823
2019-10-15 00:30:00,7246.542856187455
2019-10-15 01:00:00,7095.632893651064
2019-10-15 01:30:00,6795.163555987365
2019-10-15 02:00:00,6587.261085654089
2019-10-15 02:30:00,6510.747050442022
2019-10-15 03:00:00,6312.580857979359
2019-10-15 03:30:00,6384.520273951814
2019-10-15 04:00:00,6390.455757421268
2019-10-15 04:30:00,6708.185709544229
2019-10-15 05:00:00,7003.000828238388
2019-10-15 05:30:00,7328.629821117619
2019-10-15 06:00:00,7782.783328503893
2019-10-15 06:30:00,8022.838996823872
2019-10-15 07:00:00,8245.197932848132
2019-10-15 07:30:00,8136.633936926473
2019-10-15 08:00:00,8073.6742364300235
2019-10-15 08:30:00,8058.2309834128155
2019-10-15 09:00:00,7930.214823675827
2019-10-15 09:30:00,7835.259718652554
2019-10-15 10:00:00,7714.492848235301
2019-10-15 10:30:00,7663.782575842231
2019-10-15 11:00:00,7685.447714213341
2019-10-15 11:30:00,7694.422785866331
2019-10-15 12:00:00,7647.6777793860465
2019-10-15 12:30:00,7647.6777793860465
2019-10-15 13:00:00,7690.106530780191
2019-10-15 13:30:00,7742.611691607297
2019-10-15 14:00:00,7813.184792299085
2019-10-15 14:30:00,7784.882134572281
2019-10-15 15:00:00,7758.323300966818
2019-10-15 15:30:00,7760.008869790032
2019-10-15 16:00:00,7852.704326134971
2019-10-15 16:30:00,8010.373992855502
2019-10-15 17:00:00,8145.110868551662
2019-10-15 17:30:00,8286.370499239885
2019-10-15 18:00:00,8480.75458802942
2019-10-15 18:30:00,8492.081314219367
2019-10-15 19:00:00,8586.302007266933
2019-10-15 19:30:00,8447.383585575415
2019-10-15 20:00:00,8292.255095570212
2019-10-15 20:30:00,8046.724586307155
2019-10-15 21:00:00,7834.222104748925
2019-10-15 21:30:00,7719.33425848904
2019-10-15 22:00:00,7652.687942237116
2019-10-15 22:30:00,7676.076679914194
2019-10-15 23:00:00,7477.835019192114
2019-10-15 23:30:00,7456.151195911207
2019-10-16 00:00:00,7122.092749248957
2019-10-16 00:30:00,6985.523197223068
2019-10-16 01:00:00,6869.678858124535
2019-10-16 01:30:00,6662.099138629519
2019-10-16 02:00:00,6365.5185063480785
2019-10-16 02:30:00,6289.31751249001
2019-10-16 03:00:00,6091.256806257228
2019-10-16 03:30:00,6128.329918796863
2019-10-16 04:00:00,6161.084728619322
2019-10-16 04:30:00,6318.25839681811
2019-10-16 05:00:00,6684.41476399347
2019-10-16 05:30:00,7082.970615018156
2019-10-16 06:00:00,7569.351014813147
2019-10-16 06:30:00,7820.206141603488
2019-10-16 07:00:00,7958.206712480624
2019-10-16 07:30:00,7889.163984113965
2019-10-16 08:00:00,7835.4358556753095
2019-10-16 08:30:00,7706.922891979925
2019-10-16 09:00:00,7613.824464197092
2019-10-16 09:30:00,7601.896935430498
2019-10-16 10:00:00,7348.325003205294
2019-10-16 10:30:00,7277.122946056081
2019-10-16 11:00:00,7199.8195078313665
2019-10-16 11:30:00,7204.429124546901
2019-10-16 12:00:00,7248.985525794211
2019-10-16 12:30:00,7336.570048823918
2019-10-16 13:00:00,7323.5078616057845
2019-10-16 13:30:00,7333.116334475901
2019-10-16 14:00:00,7425.550960035517
2019-10-16 14:30:00,7461.69285153392
2019-10-16 15:00:00,7579.986062893144
2019-10-16 15:30:00,7697.678515897718
2019-10-16 16:00:00,7837.436259899107
2019-10-16 16:30:00,7998.364940535763
2019-10-16 17:00:00,8271.510075717468
2019-10-16 17:30:00,8294.663836979034
2019-10-16 18:00:00,8421.523186056122
2019-10-16 18:30:00,8464.651804964979
2019-10-16 19:00:00,8490.257626229573
2019-10-16 19:30:00,8323.049663597363
2019-10-16 20:00:00,8156.802758747354
2019-10-16 20:30:00,7968.749732623723
2019-10-16 21:00:00,7682.710808447464
2019-10-16 21:30:00,7618.632009273249
2019-10-16 22:00:00,7475.884389214733
2019-10-16 22:30:00,7473.1702034859045
2019-10-16 23:00:00,7322.003589077637
2019-10-16 23:30:00,7173.886580876144
2019-10-17 00:00:00,7093.699557070027
2019-10-17 00:30:00,6995.493618019336
2019-10-17 01:00:00,6844.984499845389
2019-10-17 01:30:00,6584.636285843937
2019-10-17 02:00:00,6329.952681033855
2019-10-17 02:30:00,6248.720186226487
2019-10-17 03:00:00,6134.071820176081
2019-10-17 03:30:00,6172.823188579724
2019-10-17 04:00:00,6201.460076696519
2019-10-17 04:30:00,6345.637775107943
2019-10-17 05:00:00,6690.156665372688
2019-10-17 05:30:00,7010.7658528263755
2019-10-17 06:00:00,7465.571605372814
2019-10-17 06:30:00,7691.340261369656
2019-10-17 07:00:00,7939.201211905979
2019-10-17 07:30:00,7882.645770714568
2019-10-17 08:00:00,7923.586160215094
2019-10-17 08:30:00,7913.02538070253
2019-10-17 09:00:00,7883.117488980654
2019-10-17 09:30:00,7814.678792754626
2019-10-17 10:00:00,7450.311160358716
2019-10-17 10:30:00,7425.867713978846
2019-10-17 11:00:00,7439.056864086439
2019-10-17 11:30:00,7457.308131934841
2019-10-17 12:00:00,7446.544384031738
2019-10-17 12:30:00,7470.1763223643875
2019-10-17 13:00:00,7663.866568073464
2019-10-17 13:30:00,7756.995657605076
2019-10-17 14:00:00,7745.73830388628
2019-10-17 14:30:00,7783.794732743342
2019-10-17 15:00:00,7991.635336642277
2019-10-17 15:30:00,8150.682724248807
2019-10-17 16:00:00,8243.310105756465
2019-10-17 16:30:00,8399.136632719394
2019-10-17 17:00:00,8602.484278592789
2019-10-17 17:30:00,8641.473866185075
2019-10-17 18:00:00,8635.661203196316
2019-10-17 18:30:00,8689.318523073754
2019-10-17 19:00:00,8519.524666259227
2019-10-17 19:30:00,8476.711247468598
2019-10-17 20:00:00,8336.972666419377
2019-10-17 20:30:00,8090.691493238604
2019-10-17 21:00:00,7690.1579735658715
2019-10-17 21:30:00,7600.230540839234
2019-10-17 22:00:00,7484.514676136265
2019-10-17 22:30:00,7507.903413813343
2019-10-17 23:00:00,7363.130190500269
2019-10-17 23:30:00,7205.642419238154
2019-10-18 00:00:00,7129.198321793637
2019-10-18 00:30:00,7005.140490305807
2019-10-18 01:00:00,6783.954894277887
2019-10-18 01:30:00,6524.300675150966
2019-10-18 02:00:00,6325.995616504462
2019-10-18 02:30:00,6200.883586224461
2019-10-18 03:00:00,6116.701339385622
2019-10-18 03:30:00,6116.701339385622
2019-10-18 04:00:00,6156.870448370226
2019-10-18 04:30:00,6343.263905235236
2019-10-18 05:00:00,6629.7983742444985
2019-10-18 05:30:00,7023.444497817169
2019-10-18 06:00:00,7486.051039020519
2019-10-18 06:30:00,7650.7117081292
2019-10-18 07:00:00,7719.569915510523
2019-10-18 07:30:00,7820.7993485908855
2019-10-18 08:00:00,7699.273051229259
2019-10-18 08:30:00,7769.587451248197
2019-10-18 09:00:00,7705.607396526316
2019-10-18 09:30:00,7776.094514167412
2019-10-18 10:00:00,7622.755461220928
2019-10-18 10:30:00,7555.174235826606
2019-10-18 11:00:00,7440.727390451429
2019-10-18 11:30:00,7374.298327825282
2019-10-18 12:00:00,7414.73012988686
2019-10-18 12:30:00,7418.813715272276
2019-10-18 13:00:00,7443.17771924504
2019-10-18 13:30:00,7362.896894883826
2019-10-18 14:00:00,7404.154082489227
2019-10-18 14:30:00,7413.762555359343
2019-10-18 15:00:00,7416.108077447078
2019-10-18 15:30:00,7557.094882559545
2019-10-18 16:00:00,7725.604807038321
2019-10-18 16:30:00,7848.902413638469
2019-10-18 17:00:00,8031.850710281657
2019-10-18 17:30:00,8100.308175360137
2019-10-18 18:00:00,8059.139059465524
2019-10-18 18:30:00,8068.494920167586
2019-10-18 19:00:00,8083.511748841516
2019-10-18 19:30:00,7981.9726714599465
2019-10-18 20:00:00,7803.824143158179
2019-10-18 20:30:00,7668.046282975793
2019-10-18 21:00:00,7567.905147638049
2019-10-18 21:30:00,7505.7103643283735
2019-10-18 22:00:00,7459.820286406878
2019-10-18 22:30:00,7459.820286406878
2019-10-18 23:00:00,7295.117367013794
2019-10-18 23:30:00,7175.662918711031
2019-10-19 00:00:00,7008.968025574
2019-10-19 00:30:00,6935.717794036579
2019-10-19 01:00:00,6692.589135566255
2019-10-19 01:30:00,6526.525965679399
2019-10-19 02:00:00,6214.888189024634
2019-10-19 02:30:00,6057.714520825846
2019-10-19 03:00:00,5933.145816618788
2019-10-19 03:30:00,5952.153785815256
2019-10-19 04:00:00,5961.715216113979
2019-10-19 04:30:00,6143.740942032716
2019-10-19 05:00:00,6169.703392101903
2019-10-19 05:30:00,6537.584164687338
2019-10-19 06:00:00,6486.247217414865
2019-10-19 06:30:00,6642.901639690184
2019-10-19 07:00:00,6817.601043451691
2019-10-19 07:30:00,6764.307510158926
2019-10-19 08:00:00,7007.385330921975
2019-10-19 08:30:00,6878.975677739239
2019-10-19 09:00:00,7107.61660145173
2019-10-19 09:30:00,7131.188996151853
2019-10-19 10:00:00,6739.765185248703
2019-10-19 10:30:00,6666.281206309243
2019-10-19 11:00:00,6564.148604459512
2019-10-19 11:30:00,6518.901182289754
2019-10-19 12:00:00,6533.590861652376
2019-10-19 12:30:00,6517.629484182506
2019-10-19 13:00:00,6454.640889882729
2019-10-19 13:30:00,6510.886514666005
2019-10-19 14:00:00,6536.214205060632
2019-10-19 14:30:00,6593.808538229892
2019-10-19 15:00:00,6669.635155639113
2019-10-19 15:30:00,6851.531038420449
2019-10-19 16:00:00,6932.530914762881
2019-10-19 16:30:00,7048.866994650392
2019-10-19 17:00:00,7268.8624092476875
2019-10-19 17:30:00,7327.419418611601
2019-10-19 18:00:00,7391.934670973261
2019-10-19 18:30:00,7425.46217217196
2019-10-19 19:00:00,7484.042945994942
2019-10-19 19:30:00,7484.042945994942
2019-10-19 20:00:00,7372.020533050658
2019-10-19 20:30:00,7291.597273020887
2019-10-19 21:00:00,7050.279244366332
2019-10-19 21:30:00,7050.279244366332
2019-10-19 22:00:00,7050.993963702965
2019-10-19 22:30:00,6999.315309953768
2019-10-19 23:00:00,6899.942789632909
2019-10-19 23:30:00,6788.77337107378
2019-10-20 00:00:00,6566.265758175001
2019-10-20 00:30:00,6461.633755073793
2019-10-20 01:00:00,6273.170254656992
2019-10-20 01:30:00,6039.098841489667
2019-10-20 02:00:00,5897.412262658461
2019-10-20 02:30:00,5760.815523888632
2019-10-20 03:00:00,5696.710039822674
2019-10-20 03:30:00,5696.05737521194
2019-10-20 04:00:00,5690.535254524085
2019-10-20 04:30:00,5739.4530232621155
2019-10-20 05:00:00,5862.260014293966
2019-10-20 05:30:00,5976.119721261611
2019-10-20 06:00:00,6135.929929870262
2019-10-20 06:30:00,6214.2245470427015
2019-10-20 07:00:00,6367.724721174141
2019-10-20 07:30:00,6382.660958946669
2019-10-20 08:00:00,6811.380589980808
2019-10-20 08:30:00,6811.380589980808
2019-10-20 09:00:00,6313.829422485254
2019-10-20 09:30:00,6280.918489398648
2019-10-20 10:00:00,6227.71958163601
2019-10-20 10:30:00,6190.075295037312
2019-10-20 11:00:00,6354.067002390016
2019-10-20 11:30:00,6305.55449226158
2019-10-20 12:00:00,6362.703046777783
2019-10-20 12:30:00,6424.5459697633105
2019-10-20 13:00:00,6447.074587072598
2019-10-20 13:30:00,6474.233502525529
2019-10-20 14:00:00,6483.463929065168
2019-10-20 14:30:00,6653.36164328003
2019-10-20 15:00:00,6784.56385965033
2019-10-20 15:30:00,6874.539024740771
2019-10-20 16:00:00,6996.950974381486
2019-10-20 16:30:00,7129.736247136495
2019-10-20 17:00:00,7368.047272791496
2019-10-20 17:30:00,7377.121940654836
2019-10-20 18:00:00,7480.336236448161
2019-10-20 18:30:00,7574.643082896801
2019-10-20 19:00:00,7772.039993950589
2019-10-20 19:30:00,7639.28530200162
2019-10-20 20:00:00,7547.774304060943
2019-10-20 20:30:00,7459.249751868677
2019-10-20 21:00:00,7208.540932850153
2019-10-20 21:30:00,7128.30117622709
2019-10-20 22:00:00,6895.361729943183
2019-10-20 22:30:00,6845.953300971634
2019-10-20 23:00:00,6692.696187953887
2019-10-20 23:30:00,6593.165925224714
2019-10-21 00:00:00,6780.091361060698
2019-10-21 00:30:00,6607.879238817679
2019-10-21 01:00:00,6371.98584344509
2019-10-21 01:30:00,6152.074706408662
2019-10-21 02:00:00,5989.107037501935
2019-10-21 02:30:00,5942.5367540200705
2019-10-21 03:00:00,5943.882920342564
2019-10-21 03:30:00,5884.969963517
2019-10-21 04:00:00,5967.904037314197
2019-10-21 04:30:00,6036.904561468021
2019-10-21 05:00:00,6410.903172326939
2019-10-21 05:30:00,6562.066230760936
2019-10-21 06:00:00,7431.4412427789875
2019-10-21 06:30:00,7654.748624684832
2019-10-21 07:00:00,7717.732146288846
2019-10-21 07:30:00,7986.771537736914
2019-10-21 08:00:00,7458.539916205028
2019-10-21 08:30:00,7429.127691586842
2019-10-21 09:00:00,7180.470083786686
2019-10-21 09:30:00,7061.014845161607
2019-10-21 10:00:00,6919.541038245231
2019-10-21 10:30:00,6749.809611095555
2019-10-21 11:00:00,6664.8122729915285
2019-10-21 11:30:00,6585.560378494751
2019-10-21 12:00:00,6590.7115825306355
2019-10-21 12:30:00,6598.9407326989785
2019-10-21 13:00:00,6694.661893006959
2019-10-21 13:30:00,6694.661893006959
2019-10-21 14:00:00,6713.29528034984
2019-10-21 14:30:00,6718.328282909779
2019-10-21 15:00:00,7076.066643930554
2019-10-21 15:30:00,7278.158333915399
2019-10-21 16:00:00,7556.164850724721
2019-10-21 16:30:00,7814.533528335239
2019-10-21 17:00:00,8317.701526876452
2019-10-21 17:30:00,8499.668526428124
2019-10-21 18:00:00,8583.390751204988
2019-10-21 18:30:00,8587.159834180691
2019-10-21 19:00:00,8521.234582071742
2019-10-21 19:30:00,8515.633669003286
2019-10-21 20:00:00,8224.419982622996
2019-10-21 20:30:00,8122.733349121673
2019-10-21 21:00:00,7860.862643304512
2019-10-21 21:30:00,7788.322346640501
2019-10-21 22:00:00,7580.481537790702
2019-10-21 22:30:00,7498.592470113182
2019-10-21 23:00:00,7370.315232872646
2019-10-21 23:30:00,7370.338358376431
2019-10-22 00:00:00,7349.0817719654015
2019-10-22 00:30:00,7242.124146741244
2019-10-22 01:00:00,6989.830604855402
2019-10-22 01:30:00,6795.163555987365
2019-10-22 02:00:00,6549.498418845665
2019-10-22 02:30:00,6438.807634469567
2019-10-22 03:00:00,6214.707896306456
2019-10-22 03:30:00,6237.157411012945
2019-10-22 04:00:00,6348.575168907179
2019-10-22 04:30:00,6626.906539094516
2019-10-22 05:00:00,6927.295503507552
2019-10-22 05:30:00,7373.297268874074
2019-10-22 06:00:00,7779.626742448231
2019-10-22 06:30:00,7927.081546103788
2019-10-22 07:00:00,8045.629840092809
2019-10-22 07:30:00,7884.185518692502
2019-10-22 08:00:00,8004.08268300998
2019-10-22 08:30:00,7815.064003285478
2019-10-22 09:00:00,7821.317828804605
2019-10-22 09:30:00,7898.723668082685
2019-10-22 10:00:00,7624.286585998454
2019-10-22 10:30:00,7602.302343362136
2019-10-22 11:00:00,7651.320670147781
2019-10-22 11:30:00,7650.718883187049
2019-10-22 12:00:00,7580.05882860248
2019-10-22 12:30:00,7607.080581365351
2019-10-22 13:00:00,7667.762763230935
2019-10-22 13:30:00,7693.9194166844345
2019-10-22 14:00:00,7747.740810794491
2019-10-22 14:30:00,7809.221043274587
2019-10-22 15:00:00,7805.163676727301
2019-10-22 15:30:00,7827.942408414291
2019-10-22 16:00:00,7963.332820333919
2019-10-22 16:30:00,8124.512917093738
2019-10-22 17:00:00,8242.594975999884
2019-10-22 17:30:00,8297.903194122578
2019-10-22 18:00:00,8402.955627407964
2019-10-22 18:30:00,8390.123983124802
2019-10-22 19:00:00,8447.383585575415
2019-10-22 19:30:00,8401.88889869654
2019-10-22 20:00:00,8178.296145465481
2019-10-22 20:30:00,8061.816160723568
2019-10-22 21:00:00,7827.307645623427
2019-10-22 21:30:00,7768.994923742631
2019-10-22 22:00:00,7682.796207830818
2019-10-22 22:30:00,7682.796207830818
2019-10-22 23:00:00,7473.551795194122
2019-10-22 23:30:00,7463.741407888463
2019-10-23 00:00:00,7126.321268666008
2019-10-23 00:30:00,7063.00194817754
2019-10-23 01:00:00,6852.9436071398995
2019-10-23 01:30:00,6605.921965846008
2019-10-23 02:00:00,6365.5185063480785
2019-10-23 02:30:00,6242.97828484727
2019-10-23 03:00:00,6123.9621878505895
2019-10-23 03:30:00,6109.321949600395
2019-10-23 04:00:00,6195.718175317301
2019-10-23 04:30:00,6319.478976307154
2019-10-23 05:00:00,6680.740461157307
2019-10-23 05:30:00,7058.617781104628
2019-10-23 06:00:00,7569.351014813147
2019-10-23 06:30:00,7726.974296631652
2019-10-23 07:00:00,7777.369328232792
2019-10-23 07:30:00,7688.662382769752
2019-10-23 08:00:00,7658.536803190583
2019-10-23 08:30:00,7590.751416546994
2019-10-23 09:00:00,7561.577712833471
2019-10-23 09:30:00,7501.340828738793
2019-10-23 10:00:00,7229.265328753063
2019-10-23 10:30:00,7172.100542691863
2019-10-23 11:00:00,7124.429375940516
2019-10-23 11:30:00,7127.724193003212
2019-10-23 12:00:00,7231.301267363488
2019-10-23 12:30:00,7231.301267363488
2019-10-23 13:00:00,7285.898168251888
2019-10-23 13:30:00,7367.724899617781
2019-10-23 14:00:00,7342.101197684273
2019-10-23 14:30:00,7396.184371781309
2019-10-23 15:00:00,7599.755157833572
2019-10-23 15:30:00,7726.296976183225
2019-10-23 16:00:00,7932.834427691362
2019-10-23 16:30:00,8063.328779511187
2019-10-23 17:00:00,8308.461073475588
2019-10-23 17:30:00,8308.461073475588
2019-10-23 18:00:00,8333.272198157596
2019-10-23 18:30:00,8314.722064137099
2019-10-23 19:00:00,8365.83016474741
2019-10-23 19:30:00,8253.184753150308
2019-10-23 20:00:00,8154.0885730185255
2019-10-23 20:30:00,7904.868991742318
2019-10-23 21:00:00,7657.53281618716
2019-10-23 21:30:00,7542.644969927275
2019-10-23 22:00:00,7409.323984570068
2019-10-23 22:30:00,7458.935547122773
2019-10-23 23:00:00,7285.499249305859
2019-10-23 23:30:00,7235.221645498924
2019-10-24 00:00:00,7134.119594765961
2019-10-24 00:30:00,7024.936333653665
2019-10-24 01:00:00,6861.719750830024
2019-10-24 01:30:00,6653.741398962438
2019-10-24 02:00:00,6392.897884637911
2019-10-24 02:30:00,6295.059413869228
2019-10-24 03:00:00,6138.300339593132
2019-10-24 03:30:00,6172.823188579724
2019-10-24 04:00:00,6252.02782375631
2019-10-24 04:30:00,6431.145464974707
2019-10-24 05:00:00,6715.063715867104
2019-10-24 05:30:00,7055.41440993936
2019-10-24 06:00:00,7515.534643875469
2019-10-24 06:30:00,7677.18945002635
2019-10-24 07:00:00,7841.740847517092
2019-10-24 07:30:00,7755.648452653727
2019-10-24 08:00:00,7819.129071690948
2019-10-24 08:30:00,7736.5995150752315
2019-10-24 09:00:00,7691.448815011767
2019-10-24 09:30:00,7659.676922074975
2019-10-24 10:00:00,7345.652647748026
2019-10-24 10:30:00,7341.5222987764255
2019-10-24 11:00:00,7281.292882627118
2019-10-24 11:30:00,7210.958386245772
2019-10-24 12:00:00,7247.959182206837
2019-10-24 12:30:00,7329.2904429718255
2019-10-24 13:00:00,7474.392961256362
2019-10-24 13:30:00,7550.215118338405
2019-10-24 14:00:00,7727.582637886056
2019-10-24 14:30:00,7815.491724591781
2019-10-24 15:00:00,7932.677897875307
2019-10-24 15:30:00,8117.391362125986
2019-10-24 16:00:00,8355.41926305893
2019-10-24 16:30:00,8472.038308934392
2019-10-24 17:00:00,8712.045717836176
2019-10-24 17:30:00,8745.442286669066
2019-10-24 18:00:00,8738.874786405706
2019-10-24 18:30:00,8640.76518276892
2019-10-24 19:00:00,8700.110922559206
2019-10-24 19:30:00,8561.126030562536
2019-10-24 20:00:00,8330.662548607532
2019-10-24 20:30:00,8103.414486294968
2019-10-24 21:00:00,7723.358181072708
2019-10-24 21:30:00,7654.876981028965
2019-10-24 22:00:00,7490.954571721382
2019-10-24 22:30:00,7441.343009168678
2019-10-24 23:00:00,7297.526094822862
2019-10-24 23:30:00,7177.1800479693175
2019-10-25 00:00:00,7111.357366545784
2019-10-25 00:30:00,6996.032913481785
2019-10-25 01:00:00,6794.097385831058
2019-10-25 01:30:00,6534.443166704136
2019-10-25 02:00:00,6299.35150739497
2019-10-25 02:30:00,6214.626034990957
2019-10-25 03:00:00,6116.701339385622
2019-10-25 03:30:00,6135.709308582091
2019-10-25 04:00:00,6156.870448370226
2019-10-25 04:30:00,6343.263905235236
2019-10-25 05:00:00,6629.7983742444985
2019-10-25 05:30:00,7001.3054808513325
2019-10-25 06:00:00,7434.4373200583095
2019-10-25 06:30:00,7632.105575886477
2019-10-25 07:00:00,7713.760165971899
2019-10-25 07:30:00,7787.400364983908
2019-10-25 08:00:00,7825.113811634413
2019-10-25 08:30:00,7825.113811634413
2019-10-25 09:00:00,7817.065218347594
2019-10-25 09:30:00,7817.065218347594
2019-10-25 10:00:00,7699.697236898443
2019-10-25 10:30:00,7725.798242389826
2019-10-25 11:00:00,7668.447510732681
2019-10-25 11:30:00,7730.616462651689
2019-10-25 12:00:00,7795.1850363772965
2019-10-25 12:30:00,7874.241382124973
2019-10-25 13:00:00,8029.478016072282
2019-10-25 13:30:00,8128.053027230501
2019-10-25 14:00:00,8290.278781579273
2019-10-25 14:30:00,8390.123613210906
2019-10-25 15:00:00,8485.407940010522
2019-10-25 15:30:00,8640.718015427534
2019-10-25 16:00:00,8690.06125269378
2019-10-25 16:30:00,8634.121346515536
2019-10-25 17:00:00,8796.200911029091
2019-10-25 17:30:00,8783.594047459937
2019-10-25 18:00:00,8743.300108775222
2019-10-25 18:30:00,8679.279511945455
2019-10-25 19:00:00,8691.255113418067
2019-10-25 19:30:00,8523.767538328748
2019-10-25 20:00:00,8198.454662907152
2019-10-25 20:30:00,7990.491385967191
2019-10-25 21:00:00,7778.779027104192
2019-10-25 21:30:00,7723.6394475435845
2019-10-25 22:00:00,7605.724492521056
2019-10-25 22:30:00,7543.529709211381
2019-10-25 23:00:00,7408.085213393274
2019-10-25 23:30:00,7295.117367013794
2019-10-26 00:00:00,7072.086125611432
2019-10-26 00:30:00,6955.334034978513
2019-10-26 01:00:00,6693.845354960876
2019-10-26 01:30:00,6514.388559203522
2019-10-26 02:00:00,6130.302586753983
2019-10-26 02:30:00,6045.57711434997
2019-10-26 03:00:00,5978.7677477430225
2019-10-26 03:30:00,5940.0163793393795
2019-10-26 04:00:00,5999.758037652829
2019-10-26 04:30:00,6134.715047108492
2019-10-26 05:00:00,6146.1984885130505
2019-10-26 05:30:00,6453.989374929343
2019-10-26 06:00:00,6508.719875694306
2019-10-26 06:30:00,6584.079900805295
2019-10-26 07:00:00,6836.746900309599
2019-10-26 07:30:00,6831.172317893063
2019-10-26 08:00:00,7178.145123635659
2019-10-26 08:30:00,6998.591643250392
2019-10-26 09:00:00,7108.573666559765
2019-10-26 09:30:00,6986.475427107691
2019-10-26 10:00:00,6950.917807767673
2019-10-26 10:30:00,7042.899836281945
2019-10-26 11:00:00,6644.912231189289
2019-10-26 11:30:00,6702.390447022939
2019-10-26 12:00:00,6887.907985443658
2019-10-26 12:30:00,6961.275343029654
2019-10-26 13:00:00,7386.511688894963
2019-10-26 13:30:00,7290.451056848307
2019-10-26 14:00:00,7229.557815431582
2019-10-26 14:30:00,7234.541448635898
2019-10-26 15:00:00,7441.807375460511
2019-10-26 15:30:00,7627.224988543968
2019-10-26 16:00:00,8064.014706928301
2019-10-26 16:30:00,8318.176096805078
2019-10-26 17:00:00,8139.326587534197
2019-10-26 17:30:00,7856.68662440485
2019-10-26 18:00:00,8138.938272478748
2019-10-26 18:30:00,8084.762655196168
2019-10-26 19:00:00,7975.355355909225
2019-10-26 19:30:00,8078.344311598428
2019-10-26 20:00:00,8005.912476680359
2019-10-26 20:30:00,7842.433938224235
2019-10-26 21:00:00,7515.776185232295
2019-10-26 21:30:00,7393.283490413041
2019-10-26 22:00:00,7247.35985447134
2019-10-26 22:30:00,7284.204407489854
2019-10-26 23:00:00,7210.435955193827
2019-10-26 23:30:00,7039.306333849947
2019-10-27 00:00:00,6885.893153277346
2019-10-27 00:30:00,6659.44497703473
2019-10-27 01:00:00,6265.536727475549
2019-10-27 01:30:00,6252.108955760119
2019-10-27 02:00:00,5845.5034858630515
2019-10-27 02:30:00,5746.898950028582
2019-10-27 03:00:00,5636.357986852174
2019-10-27 03:30:00,5625.726887571399
2019-10-27 04:00:00,5848.1161524217905
2019-10-27 04:30:00,5848.1161524217905
2019-10-27 05:00:00,5999.665597166939
2019-10-27 05:30:00,6086.43734354245
2019-10-27 06:00:00,6206.588320423539
2019-10-27 06:30:00,6340.3503028999685
2019-10-27 07:00:00,6497.27106976794
2019-10-27 07:30:00,6603.280629986175
2019-10-27 08:00:00,6743.776805169775
2019-10-27 08:30:00,6848.207635210141
2019-10-27 09:00:00,6892.76679818787
2019-10-27 09:30:00,6843.0136116195945
2019-10-27 10:00:00,6769.076477712069
2019-10-27 10:30:00,6775.319361954898
2019-10-27 11:00:00,6840.448555452727
2019-10-27 11:30:00,6851.386021341894
2019-10-27 12:00:00,6904.469640856473
2019-10-27 12:30:00,7070.08482630244
2019-10-27 13:00:00,6976.900846524831
2019-10-27 13:30:00,6976.900846524831
2019-10-27 14:00:00,7086.928822530322
2019-10-27 14:30:00,7221.537212774253
2019-10-27 15:00:00,7226.400348801881
2019-10-27 15:30:00,7328.498470126242
2019-10-27 16:00:00,7496.036031298802
2019-10-27 16:30:00,7608.964077780301
2019-10-27 17:00:00,7868.403071444754
2019-10-27 17:30:00,7965.86343583364
2019-10-27 18:00:00,7989.993751851908
2019-10-27 18:30:00,7828.100328857651
2019-10-27 19:00:00,7945.515015845202
2019-10-27 19:30:00,7781.193177689639
2019-10-27 20:00:00,7623.369516739842
2019-10-27 20:30:00,7521.24719313162
2019-10-27 21:00:00,7301.557742607017
2019-10-27 21:30:00,7197.33388928111
2019-10-27 22:00:00,6921.404798911753
2019-10-27 22:30:00,6789.787983774881
2019-10-27 23:00:00,6650.238705085388
2019-10-27 23:30:00,6532.363037704251
2019-10-28 00:00:00,6642.866437810444
2019-10-28 00:30:00,6433.703678001782
2019-10-28 01:00:00,6255.137136251394
2019-10-28 01:30:00,6080.508749037845
2019-10-28 02:00:00,5970.185915645079
2019-10-28 02:30:00,5886.664763614257
2019-10-28 03:00:00,5878.42162807106
2019-10-28 03:30:00,5878.42162807106
2019-10-28 04:00:00,6057.062950357204
2019-10-28 04:30:00,6057.062950357204
2019-10-28 05:00:00,6562.0134056139805
2019-10-28 05:30:00,6527.477697170529
2019-10-28 06:00:00,7368.879291008285
2019-10-28 06:30:00,7627.320549252514
2019-10-28 07:00:00,7701.441345997837
2019-10-28 07:30:00,7732.581815099171
2019-10-28 08:00:00,7251.614248086274
2019-10-28 08:30:00,7251.614248086274
2019-10-28 09:00:00,6979.855810675582
2019-10-28 09:30:00,6968.538771383985
2019-10-28 10:00:00,6795.007420496609
2019-10-28 10:30:00,6789.773578926102
2019-10-28 11:00:00,6734.805148784353
2019-10-28 11:30:00,6695.569854345778
2019-10-28 12:00:00,6712.0622465556135
2019-10-28 12:30:00,6669.67952997645
2019-10-28 13:00:00,6651.3585122479835
2019-10-28 13:30:00,6750.106333085862
2019-10-28 14:00:00,6860.980920534406
2019-10-28 14:30:00,6896.133416153052
2019-10-28 15:00:00,7156.518473668329
2019-10-28 15:30:00,7382.541324463104
2019-10-28 16:00:00,7638.579716603972
2019-10-28 16:30:00,7924.659468103159
2019-10-28 17:00:00,8368.583072069678
2019-10-28 17:30:00,8418.236668859694
2019-10-28 18:00:00,8382.253786410449
2019-10-28 18:30:00,8476.371752768602
2019-10-28 19:00:00,8485.44923291884
2019-10-28 19:30:00,8487.338214831809
2019-10-28 20:00:00,8268.224531464828
2019-10-28 20:30:00,8050.503798918579
2019-10-28 21:00:00,7868.493025517454
2019-10-28 21:30:00,7740.451699771813
2019-10-28 22:00:00,7494.110706442785
2019-10-28 22:30:00,7494.110706442785
2019-10-28 23:00:00,7353.603107391796
2019-10-28 23:30:00,7222.696597463286
2019-10-29 00:00:00,7154.196146695753
2019-10-29 00:30:00,7051.994388869773
2019-10-29 01:00:00,6862.072568679484
2019-10-29 01:30:00,6660.255233704214
2019-10-29 02:00:00,6382.9234033413295
2019-10-29 02:30:00,6360.4738886348405
2019-10-29 03:00:00,6196.044872677514
2019-10-29 03:30:00,6256.696626851121
2019-10-29 04:00:00,6368.114384745356
2019-10-29 04:30:00,6579.400841087521
2019-10-29 05:00:00,6807.109129863913
2019-10-29 05:30:00,7255.95479291666
2019-10-29 06:00:00,7627.100321193602
2019-10-29 06:30:00,7697.494534449015
2019-10-29 07:00:00,7936.987633008632
2019-10-29 07:30:00,7936.905568319334
2019-10-29 08:00:00,7818.160323856983
2019-10-29 08:30:00,7889.108008635792
2019-10-29 09:00:00,7925.097859991533
2019-10-29 09:30:00,7832.163398081051
2019-10-29 10:00:00,7614.179897413328
2019-10-29 10:30:00,7601.670551117835
2019-10-29 11:00:00,7669.037687622174
2019-10-29 11:30:00,7625.586575135872
2019-10-29 12:00:00,7565.0796738237195
2019-10-29 12:30:00,7565.0796738237195
2019-10-29 13:00:00,7625.1811417948675
2019-10-29 13:30:00,7665.077835952825
2019-10-29 14:00:00,7781.986702730551
2019-10-29 14:30:00,7668.735655582001
2019-10-29 15:00:00,7658.097151493414
2019-10-29 15:30:00,7764.249749221713
2019-10-29 16:00:00,7922.831529202335
2019-10-29 16:30:00,8077.146401048474
2019-10-29 17:00:00,8227.151459372055
2019-10-29 17:30:00,8286.370499239885
2019-10-29 18:00:00,8363.179430266424
2019-10-29 18:30:00,8296.028705548197
2019-10-29 19:00:00,8420.924252480176
2019-10-29 19:30:00,8325.38231327625
2019-10-29 20:00:00,8085.287827476338
2019-10-29 20:30:00,7975.196085263969
2019-10-29 21:00:00,7709.0577798915765
2019-10-29 21:30:00,7711.315916047825
2019-10-29 22:00:00,7564.26679101767
2019-10-29 22:30:00,7633.184645278114
2019-10-29 23:00:00,7464.509529263585
2019-10-29 23:30:00,7485.968539592206
2019-10-30 00:00:00,7063.00194817754
2019-10-30 00:30:00,6956.109107850713
2019-10-30 01:00:00,6754.110133569463
2019-10-30 01:30:00,6560.674543676249
2019-10-30 02:00:00,6293.070310553304
2019-10-30 02:30:00,6200.762526393683
2019-10-30 03:00:00,6091.256806257228
2019-10-30 03:30:00,6109.321949600395
2019-10-30 04:00:00,6153.502416863715
2019-10-30 04:30:00,6339.895873728725
2019-10-30 05:00:00,6613.399506097163
2019-10-30 05:30:00,6936.260728030796
2019-10-30 06:00:00,7373.835246146265
2019-10-30 06:30:00,7502.927712086421
2019-10-30 07:00:00,7679.929004345922
2019-10-30 07:30:00,7722.387099075312
2019-10-30 08:00:00,7672.7714595537145
2019-10-30 08:30:00,7596.725069401519
2019-10-30 09:00:00,7567.769891364939
2019-10-30 09:30:00,7562.313884834698
2019-10-30 10:00:00,7291.895290664685
2019-10-30 10:30:00,7320.930461959173
2019-10-30 11:00:00,7282.405174706492
2019-10-30 11:30:00,7204.429124546901
2019-10-30 12:00:00,7286.595219148107
2019-10-30 12:30:00,7296.203692018224
2019-10-30 13:00:00,7376.923850378993
2019-10-30 13:30:00,7415.602808219972
2019-10-30 14:00:00,7582.387483585311
2019-10-30 14:30:00,7663.70481613225
2019-10-30 15:00:00,7812.204317725521
2019-10-30 15:30:00,7937.03908311538
2019-10-30 16:00:00,8156.230118165191
2019-10-30 16:30:00,8242.411237627999
2019-10-30 17:00:00,8528.554962177255
2019-10-30 17:30:00,8455.474482307369
2019-10-30 18:00:00,8464.651804964979
2019-10-30 18:30:00,8392.097935094138
2019-10-30 19:00:00,8458.073876177361
2019-10-30 19:30:00,8407.353723505408
2019-10-30 20:00:00,8214.047412286514
2019-10-30 20:30:00,8010.389867039137
2019-10-30 21:00:00,7707.687151349974
2019-10-30 21:30:00,7657.53281618716
2019-10-30 22:00:00,7458.935547122773
2019-10-30 22:30:00,7409.323984570068
2019-10-30 23:00:00,7294.232627729689
2019-10-30 23:30:00,7159.552289383858
2019-10-31 00:00:00,7068.743849556758
2019-10-31 00:30:00,6995.493618019336
2019-10-31 01:00:00,6811.203592880663
2019-10-31 01:30:00,6515.345564197356
2019-10-31 02:00:00,6329.952681033855
2019-10-31 02:30:00,6167.753059369258
2019-10-31 03:00:00,6096.998707636446
2019-10-31 03:30:00,6115.063850979613
2019-10-31 04:00:00,6159.244318242932
2019-10-31 04:30:00,6345.637775107943
2019-10-31 05:00:00,6623.3699268934315
2019-10-31 05:30:00,6942.0026294100135
2019-10-31 06:00:00,7300.680370736199
2019-10-31 06:30:00,7567.299231370721
2019-10-31 07:00:00,7754.643650858973
2019-10-31 07:30:00,7760.198468750979
2019-10-31 08:00:00,7917.718483528424
2019-10-31 08:30:00,7954.844968281829
2019-10-31 09:00:00,7906.922071417693
2019-10-31 09:30:00,8023.303798010015
2019-10-31 10:00:00,7797.154880962785
2019-10-31 10:30:00,7797.154880962785
2019-10-31 11:00:00,7746.393434250533
2019-10-31 11:30:00,7746.393434250533
2019-10-31 12:00:00,7820.784426261607
2019-10-31 12:30:00,7868.389593888776
2019-10-31 13:00:00,8064.583389987178
2019-10-31 13:30:00,8137.51101190396
2019-10-31 14:00:00,8249.410527427337
2019-10-31 14:30:00,8395.346441842
2019-10-31 15:00:00,8586.687183240938
2019-10-31 15:30:00,8560.592484783218
2019-10-31 16:00:00,8764.486772766239
2019-10-31 16:30:00,8830.293891902245
2019-10-31 17:00:00,9062.355896851544
2019-10-31 17:30:00,8907.556019931015
2019-10-31 18:00:00,8869.70926150544
2019-10-31 18:30:00,8794.927070716443
2019-10-31 19:00:00,8759.89281946332
2019-10-31 19:30:00,8549.79930437259
2019-10-31 20:00:00,8434.86082646074
2019-10-31 20:30:00,8223.176401947678
2019-10-31 21:00:00,7880.605018137415
2019-10-31 21:30:00,7729.0689021683875
2019-10-31 22:00:00,7592.682197719289
2019-10-31 22:30:00,7599.473054277446
2019-10-31 23:00:00,7453.45415507091
2019-10-31 23:30:00,7316.880889267676
2019-11-01 00:00:00,7225.735008581009
2019-11-01 00:30:00,7032.370048934727
2019-11-01 01:00:00,6893.455440328932
2019-11-01 01:30:00,6600.787744492712
2019-11-01 02:00:00,6356.570220707403
2019-11-01 02:30:00,6275.337725900035
2019-11-01 03:00:00,6142.633749422506
2019-11-01 03:30:00,6142.633749422506
2019-11-01 04:00:00,6228.0609124280045
2019-11-01 04:30:00,6372.2386108394285
2019-11-01 05:00:00,6706.725149477245
2019-11-01 05:30:00,7059.34578092091
2019-11-01 06:00:00,7432.822391315587
2019-11-01 06:30:00,7742.933052339791
2019-11-01 07:00:00,7964.6950424887655
2019-11-01 07:30:00,7974.657657482855
2019-11-01 08:00:00,8010.491842269414
2019-11-01 08:30:00,8009.869989881005
2019-11-01 09:00:00,7973.104689091582
2019-11-01 09:30:00,8014.203800116535
2019-11-01 10:00:00,8060.382682234841
2019-11-01 10:30:00,8092.796913172812
2019-11-01 11:00:00,8117.782750083787
2019-11-01 11:30:00,8186.264631212713
2019-11-01 12:00:00,8199.302937859484
2019-11-01 12:30:00,8370.46792033831
2019-11-01 13:00:00,8499.737280560996
2019-11-01 13:30:00,8583.436418336622
2019-11-01 14:00:00,8661.794015918442
2019-11-01 14:30:00,8821.781037345827
2019-11-01 15:00:00,9070.920864795904
2019-11-01 15:30:00,9106.516541921406
2019-11-01 16:00:00,9200.618623697323
2019-11-01 16:30:00,9234.07570660532
2019-11-01 17:00:00,9197.949119510578
2019-11-01 17:30:00,9055.927048507872
2019-11-01 18:00:00,8941.612246554403
2019-11-01 18:30:00,8818.023941242323
2019-11-01 19:00:00,8739.217665877126
2019-11-01 19:30:00,8551.226506098066
2019-11-01 20:00:00,8380.67472428794
2019-11-01 20:30:00,8205.48537296114
2019-11-01 21:00:00,8197.121502297452
2019-11-01 21:30:00,7986.822282076846
2019-11-01 22:00:00,7877.010034714763
2019-11-01 22:30:00,7731.174892648992
2019-11-01 23:00:00,7592.623065042713
2019-11-01 23:30:00,7341.776367804018
2019-11-02 00:00:00,7145.489484089317
2019-11-02 00:30:00,7017.212649823205
2019-11-02 01:00:00,6774.603129767912
2019-11-02 01:30:00,6594.943272139858
2019-11-02 02:00:00,6274.075142017224
2019-11-02 02:30:00,6179.989469311834
2019-11-02 03:00:00,6014.755849857624
2019-11-02 03:30:00,6109.907455671555
2019-11-02 04:00:00,6102.85354616125
2019-11-02 04:30:00,6319.34105956403
2019-11-02 05:00:00,6258.002856643201
2019-11-02 05:30:00,6596.952570927088
2019-11-02 06:00:00,6551.373297799132
2019-11-02 06:30:00,6718.822860472246
2019-11-02 07:00:00,6939.639896908721
2019-11-02 07:30:00,6938.922222497394
2019-11-02 08:00:00,7298.826554085779
2019-11-02 08:30:00,7311.640936100306
2019-11-02 09:00:00,7468.7794119346745
2019-11-02 09:30:00,7425.169933488299
2019-11-02 10:00:00,7353.575958642974
2019-11-02 10:30:00,7383.632327125131
2019-11-02 11:00:00,7372.219890993169
2019-11-02 11:30:00,7367.3177397745785
2019-11-02 12:00:00,7382.624373580757
2019-11-02 12:30:00,7397.0300808950415
2019-11-02 13:00:00,7395.246001479575
2019-11-02 13:30:00,7440.5109331293415
2019-11-02 14:00:00,7480.17420732599
2019-11-02 14:30:00,7629.834142953486
2019-11-02 15:00:00,7863.6737758553945
2019-11-02 15:30:00,7975.788213198659
2019-11-02 16:00:00,8093.423744934365
2019-11-02 16:30:00,8131.243778893931
2019-11-02 17:00:00,8277.153804160807
2019-11-02 17:30:00,8187.952696979221
2019-11-02 18:00:00,8204.997078510774
2019-11-02 18:30:00,8130.379273098625
2019-11-02 19:00:00,8082.239136597092
2019-11-02 19:30:00,7954.132095213364
2019-11-02 20:00:00,7732.634692416654
2019-11-02 20:30:00,7612.768974834088
2019-11-02 21:00:00,7408.785051935548
2019-11-02 21:30:00,7409.5027263468755
2019-11-02 22:00:00,7364.8591137539615
2019-11-02 22:30:00,7316.7141416328495
2019-11-02 23:00:00,7177.573225761111
2019-11-02 23:30:00,7108.277873362419
2019-11-03 00:00:00,6906.737311254343
2019-11-03 00:30:00,6718.439291305447
2019-11-03 01:00:00,6466.044075481731
2019-11-03 01:30:00,6208.354294252403
2019-11-03 02:00:00,6071.293678064235
2019-11-03 02:30:00,5948.753456563425
2019-11-03 03:00:00,5879.297978216164
2019-11-03 03:30:00,5860.290009019695
2019-11-03 04:00:00,5856.552322547239
2019-11-03 04:30:00,5914.31166014735
2019-11-03 05:00:00,5937.657199621675
2019-11-03 05:30:00,6060.197421122485
2019-11-03 06:00:00,6161.749579474792
2019-11-03 06:30:00,6310.299793510545
2019-11-03 07:00:00,6471.712313664135
2019-11-03 07:30:00,6647.180680729581
2019-11-03 08:00:00,6771.201134637568
2019-11-03 08:30:00,6830.051061280345
2019-11-03 09:00:00,6736.43909983784
2019-11-03 09:30:00,6783.68777483833
2019-11-03 10:00:00,6864.782213017002
2019-11-03 10:30:00,6908.589728920094
2019-11-03 11:00:00,7154.294311891382
2019-11-03 11:30:00,7138.933854036559
2019-11-03 12:00:00,7178.61667118424
2019-11-03 12:30:00,7263.950067949978
2019-11-03 13:00:00,7366.846196267925
2019-11-03 13:30:00,7377.677190906351
2019-11-03 14:00:00,7457.445677697353
2019-11-03 14:30:00,7620.519650952554
2019-11-03 15:00:00,7823.3249231724285
2019-11-03 15:30:00,7961.685855628901
2019-11-03 16:00:00,8154.058929300521
2019-11-03 16:30:00,8108.307493135907
2019-11-03 17:00:00,8309.952683544781
2019-11-03 17:30:00,8264.457996665913
2019-11-03 18:00:00,8383.976142693338
2019-11-03 18:30:00,8301.362835824659
2019-11-03 19:00:00,8421.397432493191
2019-11-03 19:30:00,8285.1823256079
2019-11-03 20:00:00,8162.557072511503
2019-11-03 20:30:00,7961.266784273834
2019-11-03 21:00:00,7595.177125264784
2019-11-03 21:30:00,7499.726104982391
2019-11-03 22:00:00,7249.93277511235
2019-11-03 22:30:00,7176.060746554699
2019-11-03 23:00:00,6978.431627367484
2019-11-03 23:30:00,6834.769230418912
2019-11-04 00:00:00,7030.591969066339
2019-11-04 00:30:00,6828.005532752913
2019-11-04 01:00:00,6685.833364781644
2019-11-04 01:30:00,6421.117150758424
2019-11-04 02:00:00,6267.866434978775
2019-11-04 02:30:00,6166.997449863597
2019-11-04 03:00:00,6232.38705713806
2019-11-04 03:30:00,6106.928875176796
2019-11-04 04:00:00,6217.90830668015
2019-11-04 04:30:00,6217.90830668015
2019-11-04 05:00:00,6800.597625292311
2019-11-04 05:30:00,6800.597625292311
2019-11-04 06:00:00,7613.333264930073
2019-11-04 06:30:00,7725.446408372126
2019-11-04 07:00:00,8096.698894553698
2019-11-04 07:30:00,8358.445384516617
2019-11-04 08:00:00,8258.498433084602
2019-11-04 08:30:00,8326.668444011742
2019-11-04 09:00:00,8064.525952056082
2019-11-04 09:30:00,8037.079932885588
2019-11-04 10:00:00,8248.95221909986
2019-11-04 10:30:00,8267.997097564472
2019-11-04 11:00:00,8483.139622573683
2019-11-04 11:30:00,8592.019715497301
2019-11-04 12:00:00,8813.502711438567
2019-11-04 12:30:00,8898.850046515077
2019-11-04 13:00:00,9027.138810633285
2019-11-04 13:30:00,8982.433398706997
2019-11-04 14:00:00,9130.833207402879
2019-11-04 14:30:00,9383.380319339554
2019-11-04 15:00:00,9580.908701455615
2019-11-04 15:30:00,9506.10137172467
2019-11-04 16:00:00,9481.00993625361
2019-11-04 16:30:00,9405.967055495325
2019-11-04 17:00:00,9492.48547970469
2019-11-04 17:30:00,9564.50661290741
2019-11-04 18:00:00,9458.38461368964
2019-11-04 18:30:00,9500.859400333815
2019-11-04 19:00:00,9387.393017462498
2019-11-04 19:30:00,9146.614673507363
2019-11-04 20:00:00,8878.979832411425
2019-11-04 20:30:00,8676.638141408448
2019-11-04 21:00:00,8491.570482821719
2019-11-04 21:30:00,8291.059091558926
2019-11-04 22:00:00,7976.517068819547
2019-11-04 22:30:00,7925.433687060197
2019-11-04 23:00:00,7647.150428879012
2019-11-04 23:30:00,7411.455814485344
2019-11-05 00:00:00,7337.679859897847
2019-11-05 00:30:00,7118.006708922531
2019-11-05 01:00:00,6831.285089236632
2019-11-05 01:30:00,6560.910737333301
2019-11-05 02:00:00,6325.129280507504
2019-11-05 02:30:00,6299.850864921988
2019-11-05 03:00:00,6120.615949183736
2019-11-05 03:30:00,6131.058436579622
2019-11-05 04:00:00,6263.818745718113
2019-11-05 04:30:00,6475.105202060278
2019-11-05 05:00:00,6785.746711125136
2019-11-05 05:30:00,7269.803298187569
2019-11-05 06:00:00,7605.272062642098
2019-11-05 06:30:00,7774.079488939619
2019-11-05 07:00:00,7983.759602023482
2019-11-05 07:30:00,7985.756113340984
2019-11-05 08:00:00,7939.079344581394
2019-11-05 08:30:00,7992.521342177462
2019-11-05 09:00:00,8022.636540965336
2019-11-05 09:30:00,7929.507451433724
2019-11-05 10:00:00,7798.630191848956
2019-11-05 10:30:00,7739.591994594943
2019-11-05 11:00:00,7852.279419816924
2019-11-05 11:30:00,7776.119684524546
2019-11-05 12:00:00,7695.272299002718
2019-11-05 12:30:00,7695.272299002718
2019-11-05 13:00:00,7742.813863336977
2019-11-05 13:30:00,7789.723111683102
2019-11-05 14:00:00,7803.245113733212
2019-11-05 14:30:00,7856.6357336832125
2019-11-05 15:00:00,8003.925791487486
2019-11-05 15:30:00,8075.2919745112595
2019-11-05 16:00:00,8216.056861032746
2019-11-05 16:30:00,8348.761043934472
2019-11-05 17:00:00,8515.292683834337
2019-11-05 17:30:00,8472.169279741322
2019-11-05 18:00:00,8527.055539416066
2019-11-05 18:30:00,8449.25657879461
2019-11-05 19:00:00,8517.326681778495
2019-11-05 19:30:00,8472.201551552136
2019-11-05 20:00:00,8280.431854346449
2019-11-05 20:30:00,8067.960111730426
2019-11-05 21:00:00,7830.205747228121
2019-11-05 21:30:00,7778.527978701809
2019-11-05 22:00:00,7674.021734810829
2019-11-05 22:30:00,7725.6354537730385
2019-11-05 23:00:00,7486.291338119276
2019-11-05 23:30:00,7447.291498310169
2019-11-06 00:00:00,7189.852376068241
2019-11-06 00:30:00,7039.061545252663
2019-11-06 01:00:00,6862.501790228581
2019-11-06 01:30:00,6598.346265577484
2019-11-06 02:00:00,6383.632791798691
2019-11-06 02:30:00,6285.794321030007
2019-11-06 03:00:00,6163.412261566288
2019-11-06 03:30:00,6177.5911930395005
2019-11-06 04:00:00,6276.323940057759
2019-11-06 04:30:00,6457.918186295911
2019-11-06 05:00:00,6755.951866064061
2019-11-06 05:30:00,7093.351406279014
2019-11-06 06:00:00,7406.5647357774305
2019-11-06 06:30:00,7629.422296939842
2019-11-06 07:00:00,7874.438145954223
2019-11-06 07:30:00,7780.646320964234
2019-11-06 08:00:00,7813.890779229825
2019-11-06 08:30:00,7848.256977299105
2019-11-06 09:00:00,7830.897548186451
2019-11-06 09:30:00,7822.373612918998
2019-11-06 10:00:00,7660.116562278778
2019-11-06 10:30:00,7601.078365024764
2019-11-06 11:00:00,7486.244816304292
2019-11-06 11:30:00,7255.21640460753
2019-11-06 12:00:00,7105.345988781796
2019-11-06 12:30:00,7070.215659756067
2019-11-06 13:00:00,7125.429106300074
2019-11-06 13:30:00,7075.494413947231
2019-11-06 14:00:00,7087.053773201265
2019-11-06 14:30:00,6999.935173322949
2019-11-06 15:00:00,7094.861777234462
2019-11-06 15:30:00,7222.664943332148
2019-11-06 16:00:00,7544.667366932791
2019-11-06 16:30:00,7669.132150604911
2019-11-06 17:00:00,7963.880882070652
2019-11-06 17:30:00,8063.247332426364
2019-11-06 18:00:00,8191.428750434064
2019-11-06 18:30:00,8227.78484693202
2019-11-06 19:00:00,8393.215043535945
2019-11-06 19:30:00,8374.664909515448
2019-11-06 20:00:00,8145.117355309095
2019-11-06 20:30:00,7989.509603938288
2019-11-06 21:00:00,7706.62662104491
2019-11-06 21:30:00,7701.701956722911
2019-11-06 22:00:00,7645.852307717039
2019-11-06 22:30:00,7586.814110463026
2019-11-06 23:00:00,7471.009266429024
2019-11-06 23:30:00,7351.303271687044
2019-11-07 00:00:00,7234.432532938268
2019-11-07 00:30:00,7039.0111485712505
2019-11-07 01:00:00,6847.3586935838275
2019-11-07 01:30:00,6588.870537084904
2019-11-07 02:00:00,6327.70312029632
2019-11-07 02:30:00,6201.01169867933
2019-11-07 03:00:00,6118.53050958368
2019-11-07 03:30:00,6073.327983236302
2019-11-07 04:00:00,6191.031687999824
2019-11-07 04:30:00,6283.339472159444
2019-11-07 05:00:00,6487.555033971559
2019-11-07 05:30:00,6927.130437257265
2019-11-07 06:00:00,7269.050320419293
2019-11-07 06:30:00,7451.144892647458
2019-11-07 07:00:00,7779.332326682991
2019-11-07 07:30:00,7620.626492131904
2019-11-07 08:00:00,7414.121262923371
2019-11-07 08:30:00,7422.998819880737
2019-11-07 09:00:00,7382.673716363354
2019-11-07 09:30:00,7306.766414396014
2019-11-07 10:00:00,7060.099779746179
2019-11-07 10:30:00,6944.8882416388315
2019-11-07 11:00:00,6929.097975247961
2019-11-07 11:30:00,6961.952662077666
2019-11-07 12:00:00,7011.285653408978
2019-11-07 12:30:00,7011.285653408978
2019-11-07 13:00:00,7228.616212853624
2019-11-07 13:30:00,7216.120302614589
2019-11-07 14:00:00,7292.234368225079
2019-11-07 14:30:00,7356.635253215601
2019-11-07 15:00:00,7478.557450739478
2019-11-07 15:30:00,7797.657920907839
2019-11-07 16:00:00,8016.2100491583205
2019-11-07 16:30:00,8218.6006324155
2019-11-07 17:00:00,8483.68526749804
2019-11-07 17:30:00,8606.648511648384
2019-11-07 18:00:00,8607.156798917347
2019-11-07 18:30:00,8524.860275277062
2019-11-07 19:00:00,8465.427205412838
2019-11-07 19:30:00,8438.48265255446
2019-11-07 20:00:00,8128.807346009283
2019-11-07 20:30:00,7981.175753764192
2019-11-07 21:00:00,7622.937228498951
2019-11-07 21:30:00,7532.644632602927
2019-11-07 22:00:00,7323.127881935282
2019-11-07 22:30:00,7330.1096645582775
2019-11-07 23:00:00,7231.530554118686
2019-11-07 23:30:00,7139.0953378952745
2019-11-08 00:00:00,7029.250919358439
2019-11-08 00:30:00,6948.566401781951
2019-11-08 01:00:00,6711.523069103334
2019-11-08 01:30:00,6525.989127388864
2019-11-08 02:00:00,6292.083744693401
2019-11-08 02:30:00,6153.384511215447
2019-11-08 03:00:00,6117.021015616065
2019-11-08 03:30:00,6098.750183205723
2019-11-08 04:00:00,6163.450439325456
2019-11-08 04:30:00,6386.587578248454
2019-11-08 05:00:00,6623.220696814136
2019-11-08 05:30:00,7027.970506421173
2019-11-08 06:00:00,7359.13425030019
2019-11-08 06:30:00,7642.653874713388
2019-11-08 07:00:00,7794.470932152167
2019-11-08 07:30:00,7803.624115891217
2019-11-08 08:00:00,7946.470726205814
2019-11-08 08:30:00,7957.344486258291
2019-11-08 09:00:00,7953.089506374503
2019-11-08 09:30:00,7861.137663272329
2019-11-08 10:00:00,7872.951604805868
2019-11-08 10:30:00,7851.7717880626615
2019-11-08 11:00:00,7759.8132548476215
2019-11-08 11:30:00,7784.628823044491
2019-11-08 12:00:00,7711.816189240585
2019-11-08 12:30:00,7722.768627779377
2019-11-08 13:00:00,7764.388434581582
2019-11-08 13:30:00,7921.151655414822
2019-11-08 14:00:00,7937.517591642758
2019-11-08 14:30:00,8117.660771553016
2019-11-08 15:00:00,8339.62084661036
2019-11-08 15:30:00,8523.987661067116
2019-11-08 16:00:00,8500.225775057163
2019-11-08 16:30:00,8661.961888368303
2019-11-08 17:00:00,8617.955216098566
2019-11-08 17:30:00,8587.702500895184
2019-11-08 18:00:00,8442.859589513548
2019-11-08 18:30:00,8453.452441300105
2019-11-08 19:00:00,8640.349910799889
2019-11-08 19:30:00,8551.226506098066
2019-11-08 20:00:00,8279.753323528885
2019-11-08 20:30:00,8121.181313053093
2019-11-08 21:00:00,7929.660382802766
2019-11-08 21:30:00,7831.74689002678
2019-11-08 22:00:00,7667.881443838145
2019-11-08 22:30:00,7608.8432465841315
2019-11-08 23:00:00,7466.815577674503
2019-11-08 23:30:00,7223.61149812011
2019-11-09 00:00:00,7138.045684284341
2019-11-09 00:30:00,6974.6385209925
2019-11-09 01:00:00,6746.42869891182
2019-11-09 01:30:00,6599.291384989235
2019-11-09 02:00:00,6252.437665106609
2019-11-09 02:30:00,6126.279223320337
2019-11-09 03:00:00,5966.4931683728555
2019-11-09 03:30:00,5966.4931683728555
2019-11-09 04:00:00,5998.5429333035845
2019-11-09 04:30:00,6163.29891325798
2019-11-09 05:00:00,6107.741943929459
2019-11-09 05:30:00,6397.781910705639
2019-11-09 06:00:00,6523.715201374442
2019-11-09 06:30:00,6610.713118830985
2019-11-09 07:00:00,6903.580569312271
2019-11-09 07:30:00,6877.857161183126
2019-11-09 08:00:00,7187.654355136215
2019-11-09 08:30:00,7177.009551302235
2019-11-09 09:00:00,7399.095142036462
2019-11-09 09:30:00,7378.458200527223
2019-11-09 10:00:00,7200.3207848070715
2019-11-09 10:30:00,7158.614396469678
2019-11-09 11:00:00,7111.644748047223
2019-11-09 11:30:00,7059.185055543924
2019-11-09 12:00:00,7133.1938107237465
2019-11-09 12:30:00,7139.4366949665755
2019-11-09 13:00:00,7107.814444121083
2019-11-09 13:30:00,7128.6921675601825
2019-11-09 14:00:00,7166.983799367043
2019-11-09 14:30:00,7175.207653798374
2019-11-09 15:00:00,7306.5211307537975
2019-11-09 15:30:00,7461.287699135413
2019-11-09 16:00:00,7683.47643884855
2019-11-09 16:30:00,7880.130836860224
2019-11-09 17:00:00,7990.22938351311
2019-11-09 17:30:00,7944.162069476987
2019-11-09 18:00:00,7915.970070403197
2019-11-09 18:30:00,7878.599324633937
2019-11-09 19:00:00,7804.794197137863
2019-11-09 19:30:00,7740.029240054675
2019-11-09 20:00:00,7575.9269212313375
2019-11-09 20:30:00,7503.484736408313
2019-11-09 21:00:00,7272.769837683701
2019-11-09 21:30:00,7272.769837683701
2019-11-09 22:00:00,7191.938774343314
2019-11-09 22:30:00,7123.186649332784
2019-11-09 23:00:00,7033.611034465053
2019-11-09 23:30:00,6926.738670152017
2019-11-10 00:00:00,6612.338156387285
2019-11-10 00:30:00,6434.792004458419
2019-11-10 01:00:00,6217.230873233289
2019-11-10 01:30:00,6033.087707842807
2019-11-10 02:00:00,5920.617285368313
2019-11-10 02:30:00,5801.726005256397
2019-11-10 03:00:00,5716.326143831865
2019-11-10 03:30:00,5731.89334814983
2019-11-10 04:00:00,5728.155661677373
2019-11-10 04:30:00,5835.610684135933
2019-11-10 05:00:00,5884.132467246361
2019-11-10 05:30:00,5982.737003080831
2019-11-10 06:00:00,6154.0971830882245
2019-11-10 06:30:00,6219.726091747664
2019-11-10 07:00:00,6315.709613818595
2019-11-10 07:30:00,6315.7081325369445
2019-11-10 08:00:00,6696.684677549214
2019-11-10 08:30:00,6679.036530925888
2019-11-10 09:00:00,6217.881861763251
2019-11-10 09:30:00,6157.8954102155885
2019-11-10 10:00:00,6114.953776399783
2019-11-10 10:30:00,6080.060509235155
2019-11-10 11:00:00,6197.831281868687
2019-11-10 11:30:00,6012.208533108464
2019-11-10 12:00:00,6020.126166185027
2019-11-10 12:30:00,5994.1575750655675
2019-11-10 13:00:00,5952.752456222294
2019-11-10 13:30:00,5952.752456222294
2019-11-10 14:00:00,6026.5304310221745
2019-11-10 14:30:00,6056.976423510425
2019-11-10 15:00:00,6199.861951888016
2019-11-10 15:30:00,6374.853601367465
2019-11-10 16:00:00,6553.241438782947
2019-11-10 16:30:00,6650.182401253302
2019-11-10 17:00:00,7000.912677002172
2019-11-10 17:30:00,7208.804960939412
2019-11-10 18:00:00,7317.1012924259185
2019-11-10 18:30:00,7499.735563356635
2019-11-10 19:00:00,7609.911426552086
2019-11-10 19:30:00,7541.159301541556
2019-11-10 20:00:00,7512.061895089172
2019-11-10 20:30:00,7321.30042976165
2019-11-10 21:00:00,7101.451980065447
2019-11-10 21:30:00,7064.978671607323
2019-11-10 22:00:00,6781.87564149761
2019-11-10 22:30:00,6781.87564149761
2019-11-10 23:00:00,6608.563650866874
2019-11-10 23:30:00,6532.602027511343
2019-11-11 00:00:00,6686.063659654301
2019-11-11 00:30:00,6526.537585448702
2019-11-11 01:00:00,6299.496119368981
2019-11-11 01:30:00,6086.513990811751
2019-11-11 02:00:00,5961.470394395756
2019-11-11 02:30:00,5865.158900974167
2019-11-11 03:00:00,5842.969610395654
2019-11-11 03:30:00,5841.400691153195
2019-11-11 04:00:00,5977.523959434004
2019-11-11 04:30:00,6049.150327405116
2019-11-11 05:00:00,6507.789062926746
2019-11-11 05:30:00,6565.79558035051
2019-11-11 06:00:00,7305.509539001426
2019-11-11 06:30:00,7430.96772096269
2019-11-11 07:00:00,7530.078273235833
2019-11-11 07:30:00,7746.302344860741
2019-11-11 08:00:00,7294.81146993013
2019-11-11 08:30:00,7294.81146993013
2019-11-11 09:00:00,7063.722257773668
2019-11-11 09:30:00,7063.140131824333
2019-11-11 10:00:00,7011.802459715341
2019-11-11 10:30:00,6828.594845730787
2019-11-11 11:00:00,6844.837024204025
2019-11-11 11:30:00,6806.960020859919
2019-11-11 12:00:00,6809.334361968605
2019-11-11 12:30:00,6754.624743442781
2019-11-11 13:00:00,6835.051546552194
2019-11-11 13:30:00,6835.051546552194
2019-11-11 14:00:00,6962.36400316083
2019-11-11 14:30:00,6991.265934851946
2019-11-11 15:00:00,7197.825573777274
2019-11-11 15:30:00,7365.283817064141
2019-11-11 16:00:00,7645.177186744702
2019-11-11 16:30:00,7935.967423871833
2019-11-11 17:00:00,8254.76836840856
2019-11-11 17:30:00,8483.219032339766
2019-11-11 18:00:00,8473.982168124216
2019-11-11 18:30:00,8537.051419086076
2019-11-11 19:00:00,8447.438573312389
2019-11-11 19:30:00,8451.207656288094
2019-11-11 20:00:00,8376.536026217156
2019-11-11 20:30:00,8202.16152167315
2019-11-11 21:00:00,8039.468164335764
2019-11-11 21:30:00,7866.806431698432
2019-11-11 22:00:00,7657.331941646017
2019-11-11 22:30:00,7657.331941646017
2019-11-11 23:00:00,7480.847259914654
2019-11-11 23:30:00,7325.34834937068
2019-11-12 00:00:00,7162.344663237405
2019-11-12 00:30:00,7018.239490408403
2019-11-12 01:00:00,6816.19843238184
2019-11-12 01:30:00,6599.665615584475
2019-11-12 02:00:00,6356.847451552703
2019-11-12 02:30:00,6258.9744898798
2019-11-12 03:00:00,6094.399639748258
2019-11-12 03:30:00,6094.399639748258
2019-11-12 04:00:00,6122.14858444454
2019-11-12 04:30:00,6488.011175967922
2019-11-12 05:00:00,6662.374353815569
2019-11-12 05:30:00,7226.894728881518
2019-11-12 06:00:00,7555.660500089393
2019-11-12 06:30:00,7722.287652828571
2019-11-12 07:00:00,7904.66379366929
2019-11-12 07:30:00,7892.154447373797
2019-11-12 08:00:00,7933.698510373823
2019-11-12 08:30:00,7801.724734970287
2019-11-12 09:00:00,7896.640301914347
2019-11-12 09:30:00,7858.774997806853
2019-11-12 10:00:00,7613.08312508896
2019-11-12 10:30:00,7566.714722063127
2019-11-12 11:00:00,7563.098774352312
2019-11-12 11:30:00,7566.53993344971
2019-11-12 12:00:00,7526.016508648715
2019-11-12 12:30:00,7589.2614231683
2019-11-12 13:00:00,7669.989922834653
2019-11-12 13:30:00,7706.9254381650935
2019-11-12 14:00:00,7735.487532569883
2019-11-12 14:30:00,7837.90274267784
2019-11-12 15:00:00,8007.588202391749
2019-11-12 15:30:00,8164.617259966717
2019-11-12 16:00:00,8320.9844570999
2019-11-12 16:30:00,8439.625054489967
2019-11-12 17:00:00,8647.927590424344
2019-11-12 17:30:00,8676.61217111925
2019-11-12 18:00:00,8717.78121185499
2019-11-12 18:30:00,8604.966066951736
2019-11-12 19:00:00,8572.450834246802
2019-11-12 19:30:00,8517.34344851907
2019-11-12 20:00:00,8376.136571091412
2019-11-12 20:30:00,8114.448264296627
2019-11-12 21:00:00,7840.726193813075
2019-11-12 21:30:00,7834.37762770768
2019-11-12 22:00:00,7721.640584456527
2019-11-12 22:30:00,7678.079547705652
2019-11-12 23:00:00,7447.291498310169
2019-11-12 23:30:00,7420.865181290555
2019-11-13 00:00:00,7119.342369613877
2019-11-13 00:30:00,6955.482377783804
2019-11-13 01:00:00,6781.933528179308
2019-11-13 01:30:00,6445.6272903922945
2019-11-13 02:00:00,6290.022840447058
2019-11-13 02:30:00,6143.70851675062
2019-11-13 03:00:00,6084.6030277977125
2019-11-13 03:30:00,6084.6030277977125
2019-11-13 04:00:00,6118.352837810213
2019-11-13 04:30:00,6321.860186168251
2019-11-13 05:00:00,6383.360392314363
2019-11-13 05:30:00,6800.237932308752
2019-11-13 06:00:00,7108.3526361127715
2019-11-13 06:30:00,7263.470003358372
2019-11-13 07:00:00,7720.201664159364
2019-11-13 07:30:00,7733.987054480525
2019-11-13 08:00:00,7822.16819460628
2019-11-13 08:30:00,7720.375458074604
2019-11-13 09:00:00,7886.943228835446
2019-11-13 09:30:00,7794.146572558368
2019-11-13 10:00:00,7730.878583357951
2019-11-13 10:30:00,7637.628983852744
2019-11-13 11:00:00,7530.081798314022
2019-11-13 11:30:00,7586.637239505433
2019-11-13 12:00:00,7766.806465872221
2019-11-13 12:30:00,7722.048903311078
2019-11-13 13:00:00,7964.941148770423
2019-11-13 13:30:00,7949.928880352935
2019-11-13 14:00:00,8308.779259901634
2019-11-13 14:30:00,8234.958050676287
2019-11-13 15:00:00,8846.400372328579
2019-11-13 15:30:00,9004.948848764141
2019-11-13 16:00:00,9101.540396516824
2019-11-13 16:30:00,9151.04435190611
2019-11-13 17:00:00,9096.530123668856
2019-11-13 17:30:00,9213.280594656524
2019-11-13 18:00:00,8876.279533229925
2019-11-13 18:30:00,9655.03589519577
2019-11-13 19:00:00,9421.678943706374
2019-11-13 19:30:00,9156.321634307087
2019-11-13 20:00:00,8880.216599469702
2019-11-13 20:30:00,8457.288864261756
2019-11-13 21:00:00,8035.375373055496
2019-11-13 21:30:00,7802.403656174155
2019-11-13 22:00:00,7582.585591045975
2019-11-13 22:30:00,7492.292995149951
2019-11-13 23:00:00,7230.868710091952
2019-11-13 23:30:00,7148.145815011541
2019-11-14 00:00:00,7121.164273887996
2019-11-14 00:30:00,6930.80559541317
2019-11-14 01:00:00,6754.596900667136
2019-11-14 01:30:00,6465.594342661187
2019-11-14 02:00:00,6324.089533762249
2019-11-14 02:30:00,6182.003729482862
2019-11-14 03:00:00,6077.695714182576
2019-11-14 03:30:00,6122.898240529954
2019-11-14 04:00:00,6156.648050542454
2019-11-14 04:30:00,6360.155398900492
2019-11-14 05:00:00,6572.624129515469
2019-11-14 05:30:00,6938.281659364972
2019-11-14 06:00:00,7264.821801002242
2019-11-14 06:30:00,7446.916373230407
2019-11-14 07:00:00,7802.679357646988
2019-11-14 07:30:00,7753.109501807365
2019-11-14 08:00:00,7563.390109820718
2019-11-14 08:30:00,7505.773118365048
2019-11-14 09:00:00,7427.515988259808
2019-11-14 09:30:00,7384.941859429105
2019-11-14 10:00:00,7174.177181500161
2019-11-14 10:30:00,7136.133495102929
2019-11-14 11:00:00,6989.271357631593
2019-11-14 11:30:00,6954.348983734386
2019-11-14 12:00:00,6978.086984683724
2019-11-14 12:30:00,7037.12135000756
2019-11-14 13:00:00,7075.489369803694
2019-11-14 13:30:00,7109.616413869254
2019-11-14 14:00:00,7192.761527846546
2019-11-14 14:30:00,7166.394663112632
2019-11-14 15:00:00,7289.306254123796
2019-11-14 15:30:00,7492.713297657765
2019-11-14 16:00:00,7752.9528740195665
2019-11-14 16:30:00,7893.065348194208
2019-11-14 17:00:00,8169.6470864589655
2019-11-14 17:30:00,8194.91898624921
2019-11-14 18:00:00,8268.21192016805
2019-11-14 18:30:00,8252.327762697263
2019-11-14 19:00:00,8297.287613790028
2019-11-14 19:30:00,8354.532267329196
2019-11-14 20:00:00,8173.298987257982
2019-11-14 20:30:00,7981.175753764192
2019-11-14 21:00:00,7681.975425752965
2019-11-14 21:30:00,7601.396757613457
2019-11-14 22:00:00,7513.362594958656
2019-11-14 22:30:00,7487.261589467274
2019-11-14 23:00:00,7303.749859175384
2019-11-14 23:30:00,7228.080503060318
2019-11-15 00:00:00,7118.751693668523
2019-11-15 00:30:00,6991.365010296572
2019-11-15 01:00:00,6798.850486175546
2019-11-15 01:30:00,6486.765853648237
2019-11-15 02:00:00,6244.932798619107
2019-11-15 02:30:00,6198.599118459857
2019-11-15 03:00:00,6146.862268839557
2019-11-15 03:30:00,6146.862268839557
2019-11-15 04:00:00,6278.628659487796
2019-11-15 04:30:00,6457.746300706192
2019-11-15 05:00:00,6710.953668894296
2019-11-15 05:30:00,7063.574300337961
2019-11-15 06:00:00,7432.822391315587
2019-11-15 06:30:00,7647.156017210546
2019-11-15 07:00:00,7779.9815782380865
2019-11-15 07:30:00,7841.031503150285
2019-11-15 08:00:00,7794.488723624292
2019-11-15 08:30:00,7766.529469729549
2019-11-15 09:00:00,7748.023905629849
2019-11-15 09:30:00,7718.517207569333
2019-11-15 10:00:00,7398.696453634709
2019-11-15 10:30:00,7341.993355134859
2019-11-15 11:00:00,7263.461839515307
2019-11-15 11:30:00,7256.051916436517
2019-11-15 12:00:00,7266.4816529246
2019-11-15 12:30:00,7245.3073878149835
2019-11-15 13:00:00,7324.914411048686
2019-11-15 13:30:00,7367.48853987939
2019-11-15 14:00:00,7470.072191284956
2019-11-15 14:30:00,7497.169086450847
2019-11-15 15:00:00,7813.545965035573
2019-11-15 15:30:00,7861.2699463453755
2019-11-15 16:00:00,8092.61120338794
2019-11-15 16:30:00,8246.76699350983
2019-11-15 17:00:00,8364.621849629948
2019-11-15 17:30:00,8354.162895684998
2019-11-15 18:00:00,8301.448531225582
2019-11-15 18:30:00,8207.383614595303
2019-11-15 19:00:00,8208.26054561212
2019-11-15 19:30:00,8240.062438331031
2019-11-15 20:00:00,8103.774898254028
2019-11-15 20:30:00,7933.667562796621
2019-11-15 21:00:00,7831.74689002678
2019-11-15 21:30:00,7695.06493170006
2019-11-15 22:00:00,7608.8432465841315
2019-11-15 22:30:00,7570.164369650317
2019-11-15 23:00:00,7466.815577674503
2019-11-15 23:30:00,7227.840017537161
2019-11-16 00:00:00,7073.1575722021735
2019-11-16 00:30:00,6945.770888830224
2019-11-16 01:00:00,6670.032831888057
2019-11-16 01:30:00,6521.514976461082
2019-11-16 02:00:00,6188.374077724417
2019-11-16 02:30:00,6061.067723224447
2019-11-16 03:00:00,5901.724611111164
2019-11-16 03:30:00,5969.133918733389
2019-11-16 04:00:00,5975.5471916612805
2019-11-16 04:30:00,6179.054540019319
2019-11-16 05:00:00,6155.074900885743
2019-11-16 05:30:00,6376.150272826584
2019-11-16 06:00:00,6537.9686238124905
2019-11-16 06:30:00,6586.093585721844
2019-11-16 07:00:00,6907.483581616989
2019-11-16 07:30:00,6930.8141661967775
2019-11-16 08:00:00,7164.597380494045
2019-11-16 08:30:00,7144.471330812443
2019-11-16 09:00:00,7307.412883921495
2019-11-16 09:30:00,7281.429176967043
2019-11-16 10:00:00,7093.988992872474
2019-11-16 10:30:00,7026.1164683685465
2019-11-16 11:00:00,6950.765771525754
2019-11-16 11:30:00,6844.346015083675
2019-11-16 12:00:00,6997.144080787221
2019-11-16 12:30:00,6999.837756519579
2019-11-16 13:00:00,7053.225709424389
2019-11-16 13:30:00,6954.554123349379
2019-11-16 14:00:00,7100.486645981208
2019-11-16 14:30:00,7167.1443090928
2019-11-16 15:00:00,7253.400731700499
2019-11-16 15:30:00,7222.790873531633
2019-11-16 16:00:00,7369.0601717432355
2019-11-16 16:30:00,7484.438503536438
2019-11-16 17:00:00,7429.964805822212
2019-11-16 17:30:00,7574.3327125461
2019-11-16 18:00:00,7400.827946481335
2019-11-16 18:30:00,7291.895685608436
2019-11-16 19:00:00,7351.317676484241
2019-11-16 19:30:00,7345.074792241412
2019-11-16 20:00:00,6942.8229372478545
2019-11-16 20:30:00,6872.938585265168
2019-11-16 21:00:00,6860.615209292612
2019-11-16 21:30:00,7408.785051935548
2019-11-16 22:00:00,7324.157941437825
2019-11-16 22:30:00,7279.5337025056
2019-11-16 23:00:00,7100.955892941688
2019-11-16 23:30:00,7033.611034465053
2019-11-17 00:00:00,6710.995491500472
2019-11-17 00:30:00,6503.103207563232
2019-11-17 01:00:00,6307.171627391066
2019-11-17 01:30:00,6073.100214223741
2019-11-17 02:00:00,5948.753456563425
2019-11-17 02:30:00,5881.232977238521
2019-11-17 03:00:00,5801.889774450557
2019-11-17 03:30:00,5801.889774450557
2019-11-17 04:00:00,5779.881255567759
2019-11-17 04:30:00,5853.985713606253
2019-11-17 05:00:00,5883.499527520212
2019-11-17 05:30:00,5997.359234487856
2019-11-17 06:00:00,6033.239649861223
2019-11-17 06:30:00,6156.432761784692
2019-11-17 07:00:00,6262.904908390174
2019-11-17 07:30:00,6333.606189646032
2019-11-17 08:00:00,6590.657388974077
2019-11-17 08:30:00,6607.819538304539
2019-11-17 09:00:00,6551.860205019526
2019-11-17 09:30:00,6595.195309115052
2019-11-17 10:00:00,6530.516530918192
2019-11-17 10:30:00,6450.088140843422
2019-11-17 11:00:00,6589.8574731962935
2019-11-17 11:30:00,6421.350786038481
2019-11-17 12:00:00,6428.005282871388
2019-11-17 12:30:00,6482.0404809471665
2019-11-17 13:00:00,6469.90693470922
2019-11-17 13:30:00,6443.397173133349
2019-11-17 14:00:00,6470.760168227548
2019-11-17 14:30:00,6565.344150657312
2019-11-17 15:00:00,6764.587024954641
2019-11-17 15:30:00,6800.0142092200285
2019-11-17 16:00:00,7010.21083132888
2019-11-17 16:30:00,7140.040681824965
2019-11-17 17:00:00,7447.214200226918
2019-11-17 17:30:00,7453.534292808558
2019-11-17 18:00:00,7642.762728513179
2019-11-17 18:30:00,7720.604441892919
2019-11-17 19:00:00,7813.200225525743
2019-11-17 19:30:00,7813.200225525743
2019-11-17 20:00:00,7713.604989121161
2019-11-17 20:30:00,7597.4750141296145
2019-11-17 21:00:00,7402.621868381102
2019-11-17 21:30:00,7297.193799819318
2019-11-17 22:00:00,7059.171309784828
2019-11-17 22:30:00,7059.171309784828
2019-11-17 23:00:00,6915.050054780128
2019-11-17 23:30:00,6665.6030210481795
2019-11-18 00:00:00,6891.247706695323
2019-11-18 00:30:00,6687.259447169858
2019-11-18 01:00:00,6560.454526083627
2019-11-18 01:30:00,6299.998135114298
2019-11-18 02:00:00,6229.115066575132
2019-11-18 02:30:00,6049.951158494134
2019-11-18 03:00:00,6034.523391607103
2019-11-18 03:30:00,6034.523391607103
2019-11-18 04:00:00,6192.712512275071
2019-11-18 04:30:00,6231.2799591164585
2019-11-18 05:00:00,6717.413027458471
2019-11-18 05:30:00,6850.305253482127
2019-11-18 06:00:00,7574.58189652643
2019-11-18 06:30:00,7647.966711628052
2019-11-18 07:00:00,8031.632536599818
2019-11-18 07:30:00,8243.184755875533
2019-11-18 08:00:00,7970.809555869854
2019-11-18 08:30:00,8140.985569418178
2019-11-18 09:00:00,7687.860099013317
2019-11-18 09:30:00,7687.860099013317
2019-11-18 10:00:00,7533.594910898525
2019-11-18 10:30:00,7365.495517851625
2019-11-18 11:00:00,7287.2124922288385
2019-11-18 11:30:00,7287.2124922288385
2019-11-18 12:00:00,7330.749447765405
2019-11-18 12:30:00,7210.955119415428
2019-11-18 13:00:00,7368.501175260097
2019-11-18 13:30:00,7344.549538474586
2019-11-18 14:00:00,7456.931315044312
2019-11-18 14:30:00,7625.7303554974515
2019-11-18 15:00:00,7795.849514192799
2019-11-18 15:30:00,7880.568227709414
2019-11-18 16:00:00,8154.6490243386215
2019-11-18 16:30:00,8368.492646274695
2019-11-18 17:00:00,8381.628241206783
2019-11-18 17:30:00,8549.497899905893
2019-11-18 18:00:00,8469.695912978454
2019-11-18 18:30:00,8537.051419086076
2019-11-18 19:00:00,8497.875102349355
2019-11-18 19:30:00,8451.207656288094
2019-11-18 20:00:00,8269.517027780772
2019-11-18 20:30:00,8138.514474711619
2019-11-18 21:00:00,7992.672142789041
2019-11-18 21:30:00,7898.448916545081
2019-11-18 22:00:00,7809.753545911575
2019-11-18 22:30:00,7688.974426492667
2019-11-18 23:00:00,7541.419722459004
2019-11-18 23:30:00,7411.478939989128
2019-11-19 00:00:00,7182.98336871388
2019-11-19 00:30:00,7039.574631599217
2019-11-19 01:00:00,6793.915217052249
2019-11-19 01:30:00,6557.157939270007
2019-11-19 02:00:00,6346.546409699115
2019-11-19 02:30:00,6321.2679941136
2019-11-19 03:00:00,6231.760299131552
2019-11-19 03:30:00,6309.627529103082
2019-11-19 04:00:00,6353.238754837824
2019-11-19 04:30:00,6543.04906250249
2019-11-19 05:00:00,6720.073615619448
2019-11-19 05:30:00,7162.750867764892
2019-11-19 06:00:00,7492.398250842076
2019-11-19 06:30:00,7718.229839933748
2019-11-19 07:00:00,7892.154447373797
2019-11-19 07:30:00,7960.918876298409
2019-11-19 08:00:00,7944.880437972556
2019-11-19 08:30:00,7896.874516177715
2019-11-19 09:00:00,7818.824129765858
2019-11-19 09:30:00,7837.58327235496
2019-11-19 10:00:00,7617.93599466819
2019-11-19 10:30:00,7666.340324280335
2019-11-19 11:00:00,7740.992628189073
2019-11-19 11:30:00,7710.065672330509
2019-11-19 12:00:00,7633.068939071392
2019-11-19 12:30:00,7633.068939071392
2019-11-19 13:00:00,7703.484279067696
2019-11-19 13:30:00,7735.887783393044
2019-11-19 14:00:00,7834.4615835804425
2019-11-19 14:30:00,7886.681184849088
2019-11-19 15:00:00,8090.845311211595
2019-11-19 15:30:00,8138.364281621034
2019-11-19 16:00:00,8383.88333094808
2019-11-19 16:30:00,8471.977623023475
2019-11-19 17:00:00,8757.908907611127
2019-11-19 17:30:00,8739.176961144887
2019-11-19 18:00:00,8788.303344976137
2019-11-19 18:30:00,8624.069275196356
2019-11-19 19:00:00,8591.554042491422
2019-11-19 19:30:00,8517.34344851907
2019-11-19 20:00:00,8394.68670511191
2019-11-19 20:30:00,8213.655329027304
2019-11-19 21:00:00,7999.744151098582
2019-11-19 21:30:00,7889.663039755169
2019-11-19 22:00:00,7795.0951378921245
2019-11-19 22:30:00,7736.056940638111
2019-11-19 23:00:00,7575.7764122422195
2019-11-19 23:30:00,7437.48111100451
2019-11-20 00:00:00,7232.992220552852
2019-11-20 00:30:00,7043.2900646697135
2019-11-20 01:00:00,6873.280647474676
2019-11-20 01:30:00,6609.523755196149
2019-11-20 02:00:00,6387.861311215742
2019-11-20 02:30:00,6290.022840447058
2019-11-20 03:00:00,6181.819712456551
2019-11-20 03:30:00,6181.819712456551
2019-11-20 04:00:00,6245.659192310182
2019-11-20 04:30:00,6424.776833528579
2019-11-20 05:00:00,6603.4340299017285
2019-11-20 05:30:00,6990.596610783578
2019-11-20 06:00:00,7356.953173224726
2019-11-20 06:30:00,7496.857331673455
2019-11-20 07:00:00,7771.148135535489
2019-11-20 07:30:00,7796.145435400097
2019-11-20 08:00:00,7986.24561694979
2019-11-20 08:30:00,7977.09243321074
2019-11-20 09:00:00,7837.354088221905
2019-11-20 09:30:00,7809.0435320645665
2019-11-20 10:00:00,7845.965167437556
2019-11-20 10:30:00,7733.406018981988
2019-11-20 11:00:00,7652.4696208928335
2019-11-20 11:30:00,7712.7055903338205
2019-11-20 12:00:00,7701.802883652502
2019-11-20 12:30:00,7793.294638433926
2019-11-20 13:00:00,8226.583335977031
2019-11-20 13:30:00,8647.902172087799
2019-11-20 14:00:00,8872.468938446074
2019-11-20 14:30:00,8972.257538347769
2019-11-20 15:00:00,9275.330529886358
2019-11-20 15:30:00,9393.815547049517
2019-11-20 16:00:00,9448.538403944825
2019-11-20 16:30:00,9648.072912238924
2019-11-20 17:00:00,9492.171270015018
2019-11-20 17:30:00,9557.189276984056
2019-11-20 18:00:00,9433.076361169058
2019-11-20 18:30:00,9469.254729144604
2019-11-20 19:00:00,9246.57856641953
2019-11-20 19:30:00,9107.011892299315
2019-11-20 20:00:00,8882.427448389024
2019-11-20 20:30:00,8584.158413123823
2019-11-20 21:00:00,8210.679702959806
2019-11-20 21:30:00,8044.872123987897
2019-11-20 22:00:00,7850.752379176606
2019-11-20 22:30:00,7756.960554186618
2019-11-20 23:00:00,7650.100663699726
2019-11-20 23:30:00,7474.102727432704
2019-11-21 00:00:00,7357.993860179738
2019-11-21 00:30:00,7128.608073692972
2019-11-21 01:00:00,6959.53159606109
2019-11-21 01:30:00,6757.510169509212
2019-11-21 02:00:00,6503.2071749806455
2019-11-21 02:30:00,6358.982800926876
2019-11-21 03:00:00,6300.611878175755
2019-11-21 03:30:00,6296.859080112461
2019-11-21 04:00:00,6314.61915279
2019-11-21 04:30:00,6541.460821197911
2019-11-21 05:00:00,6794.247078796302
2019-11-21 05:30:00,7133.70304373199
2019-11-21 06:00:00,7596.2471663804445
2019-11-21 06:30:00,7797.931957452087
2019-11-21 07:00:00,7978.789024403585
2019-11-21 07:30:00,7978.789024403585
2019-11-21 08:00:00,8046.399680738456
2019-11-21 08:30:00,8046.399680738456
2019-11-21 09:00:00,8002.493083475953
2019-11-21 09:30:00,8044.833307600432
2019-11-21 10:00:00,8021.246228719364
2019-11-21 10:30:00,7958.956526121907
2019-11-21 11:00:00,7868.257445601441
2019-11-21 11:30:00,7842.866319185151
2019-11-21 12:00:00,7764.01060125093
2019-11-21 12:30:00,7813.799193037079
2019-11-21 13:00:00,7882.650186697869
2019-11-21 13:30:00,7987.580405566164
2019-11-21 14:00:00,8074.384263214837
2019-11-21 14:30:00,8181.826929181618
2019-11-21 15:00:00,8465.224226220722
2019-11-21 15:30:00,8669.55836429667
2019-11-21 16:00:00,8859.099158903084
2019-11-21 16:30:00,9016.690304361431
2019-11-21 17:00:00,9250.751423625226
2019-11-21 17:30:00,9148.708323017428
2019-11-21 18:00:00,9255.824684737117
2019-11-21 18:30:00,8940.959211051897
2019-11-21 19:00:00,8839.429954931946
2019-11-21 19:30:00,8839.429954931946
2019-11-21 20:00:00,8649.242865202428
2019-11-21 20:30:00,8459.195777631972
2019-11-21 21:00:00,8083.227250123372
2019-11-21 21:30:00,7947.659457820993
2019-11-21 22:00:00,7842.755293627131
2019-11-21 22:30:00,7746.978258497887
2019-11-21 23:00:00,7679.851915292065
2019-11-21 23:30:00,7507.13238446495
2019-11-22 00:00:00,7336.456078459943
2019-11-22 00:30:00,7186.151957985209
2019-11-22 01:00:00,7014.167725054597
2019-11-22 01:30:00,6771.141259864565
2019-11-22 02:00:00,6500.794594761172
2019-11-22 02:30:00,6397.877947400844
2019-11-22 03:00:00,6371.745686694618
2019-11-22 03:30:00,6371.745686694618
2019-11-22 04:00:00,6372.2386108394285
2019-11-22 04:30:00,6592.312248426794
2019-11-22 05:00:00,6832.513793987961
2019-11-22 05:30:00,7240.576857254207
2019-11-22 06:00:00,7582.153184465625
2019-11-22 06:30:00,7847.837216533653
2019-11-22 07:00:00,8134.177086570744
2019-11-22 07:30:00,8232.649469088836
2019-11-22 08:00:00,8262.996943977814
2019-11-22 08:30:00,8303.61612399078
2019-11-22 09:00:00,8343.019756435759
2019-11-22 09:30:00,8439.106769312486
2019-11-22 10:00:00,8560.647565647612
2019-11-22 10:30:00,8560.647565647612
2019-11-22 11:00:00,8639.242647393017
2019-11-22 11:30:00,8789.150426689916
2019-11-22 12:00:00,8832.973591689431
2019-11-22 12:30:00,8975.130401277633
2019-11-22 13:00:00,9141.020023079214
2019-11-22 13:30:00,9321.97927646732
2019-11-22 14:00:00,9499.215990874303
2019-11-22 14:30:00,9805.78056292691
2019-11-22 15:00:00,10257.889301396634
2019-11-22 15:30:00,10455.377413389446
2019-11-22 16:00:00,10664.662687166507
2019-11-22 16:30:00,10633.623847798739
2019-11-22 17:00:00,10585.154670127187
2019-11-22 17:30:00,10327.95158392378
2019-11-22 18:00:00,9952.484965624266
2019-11-22 18:30:00,9825.593509361013
2019-11-22 19:00:00,9643.149480678896
2019-11-22 19:30:00,9480.731040353628
2019-11-22 20:00:00,9307.329290789869
2019-11-22 20:30:00,9024.27645244951
2019-11-22 21:00:00,8723.470849501367
2019-11-22 21:30:00,8547.436268806998
2019-11-22 22:00:00,8362.950376536668
2019-11-22 22:30:00,8165.8984882208815
2019-11-22 23:00:00,7941.404580439364
2019-11-22 23:30:00,7738.2045659271425
2019-11-23 00:00:00,7390.853262960877
2019-11-23 00:30:00,7205.918208788269
2019-11-23 01:00:00,7001.435116700863
2019-11-23 01:30:00,6774.603129767912
2019-11-23 02:00:00,6514.8438275543485
2019-11-23 02:30:00,6392.72418465132
2019-11-23 03:00:00,6289.025096889952
2019-11-23 03:30:00,6289.025096889952
2019-11-23 04:00:00,6352.451075257912
2019-11-23 04:30:00,6536.7316746144315
2019-11-23 05:00:00,6391.055785311992
2019-11-23 05:30:00,6735.284477402907
2019-11-23 06:00:00,6718.926782382835
2019-11-23 06:30:00,6786.093312365068
2019-11-23 07:00:00,7065.015421609249
2019-11-23 07:30:00,7182.04406249715
2019-11-23 08:00:00,7651.324157075576
2019-11-23 08:30:00,7811.048206200151
2019-11-23 09:00:00,7762.659209693802
2019-11-23 09:30:00,7828.261538055873
2019-11-23 10:00:00,7744.762271767057
2019-11-23 10:30:00,7744.762271767057
2019-11-23 11:00:00,7816.1600766001475
2019-11-23 11:30:00,7816.1600766001475
2019-11-23 12:00:00,7754.088050414374
2019-11-23 12:30:00,7859.869238030694
2019-11-23 13:00:00,7891.233791308103
2019-11-23 13:30:00,7953.467239657317
2019-11-23 14:00:00,8061.287121354551
2019-11-23 14:30:00,7965.79149684249
2019-11-23 15:00:00,8064.412519820899
2019-11-23 15:30:00,8159.805805533933
2019-11-23 16:00:00,8167.797055270978
2019-11-23 16:30:00,8224.288507930334
2019-11-23 17:00:00,8212.535799026
2019-11-23 17:30:00,8114.017114846606
2019-11-23 18:00:00,8228.165720615702
2019-11-23 18:30:00,8119.233459742816
2019-11-23 19:00:00,8107.913675004762
2019-11-23 19:30:00,7954.849769624691
2019-11-23 20:00:00,7784.898376221367
2019-11-23 20:30:00,7733.352366827981
2019-11-23 21:00:00,7468.850691562026
2019-11-23 21:30:00,7416.141960107285
2019-11-23 22:00:00,7350.793110465927
2019-11-23 22:30:00,7352.209335994361
2019-11-23 23:00:00,7259.697377185863
2019-11-23 23:30:00,7177.573225761111
2019-11-24 00:00:00,7018.607291782011
2019-11-24 00:30:00,6862.060620515866
2019-11-24 01:00:00,6664.071329965605
2019-11-24 01:30:00,6356.201913087617
2019-11-24 02:00:00,6237.17648518369
2019-11-24 02:30:00,6101.922405155028
2019-11-24 03:00:00,6023.858678963576
2019-11-24 03:30:00,5992.718209862242
2019-11-24 04:00:00,5983.774836738324
2019-11-24 04:30:00,6059.975830596393
2019-11-24 05:00:00,6107.089501310854
2019-11-24 05:30:00,6242.343581339515
2019-11-24 06:00:00,6310.299793510545
2019-11-24 06:30:00,6472.395252289235
2019-11-24 07:00:00,6658.020537140605
2019-11-24 07:30:00,6880.654844437363
2019-11-24 08:00:00,7066.761536887227
2019-11-24 08:30:00,7035.877225692499
2019-11-24 09:00:00,7103.235445547723
2019-11-24 09:30:00,7133.52941221609
2019-11-24 10:00:00,7229.077192754965
2019-11-24 10:30:00,7151.107873519498
2019-11-24 11:00:00,7238.636690429574
2019-11-24 11:30:00,7014.4843530377175
2019-11-24 12:00:00,6914.882215563601
2019-11-24 12:30:00,6828.275794625732
2019-11-24 13:00:00,6870.704546019876
2019-11-24 13:30:00,7001.1184828608375
2019-11-24 14:00:00,7094.131310697289
2019-11-24 14:30:00,7204.739476577017
2019-11-24 15:00:00,7284.288521059678
2019-11-24 15:30:00,7425.650201748738
2019-11-24 16:00:00,7555.995841336944
2019-11-24 16:30:00,7721.562736577977
2019-11-24 17:00:00,8005.131266204072
2019-11-24 17:30:00,8049.566467642847
2019-11-24 18:00:00,8098.374901743009
2019-11-24 18:30:00,8038.246272086494
2019-11-24 19:00:00,8061.270710061199
2019-11-24 19:30:00,8048.176490453326
2019-11-24 20:00:00,7836.604812230276
2019-11-24 20:30:00,7803.499991705716
2019-11-24 21:00:00,7493.383775099534
2019-11-24 21:30:00,7404.618379698603
2019-11-24 22:00:00,7183.504546359674
2019-11-24 22:30:00,7146.501217868067
2019-11-24 23:00:00,6880.573257639506
2019-11-24 23:30:00,6717.534224718524
2019-11-25 00:00:00,6939.635976618374
2019-11-25 00:30:00,6804.510352287672
2019-11-25 01:00:00,6644.384864402116
2019-11-25 01:30:00,6418.216604884289
2019-11-25 02:00:00,6264.96588910464
2019-11-25 02:30:00,6164.096903989462
2019-11-25 03:00:00,6085.75749689232
2019-11-25 03:30:00,6088.658042766455
2019-11-25 04:00:00,6231.2799591164585
2019-11-25 04:30:00,6375.008973488064
2019-11-25 05:00:00,6832.2401101389605
2019-11-25 05:30:00,6925.8958230117905
2019-11-25 06:00:00,7647.966711628052
2019-11-25 06:30:00,7828.789668903534
2019-11-25 07:00:00,8134.464216174585
2019-11-25 07:30:00,8374.88375177749
2019-11-25 08:00:00,8140.893852592959
2019-11-25 08:30:00,8289.756747181056
2019-11-25 09:00:00,8165.898628324004
2019-11-25 09:30:00,8202.96377821505
2019-11-25 10:00:00,8040.442123453148
2019-11-25 10:30:00,8040.442123453148
2019-11-25 11:00:00,8008.381950154286
2019-11-25 11:30:00,7869.0376877832705
2019-11-25 12:00:00,7864.507529999043
2019-11-25 12:30:00,7878.22600663253
2019-11-25 13:00:00,7855.851346713068
2019-11-25 13:30:00,7882.008000166567
2019-11-25 14:00:00,8071.420536079599
2019-11-25 14:30:00,8230.146974908295
2019-11-25 15:00:00,8387.034066567263
2019-11-25 15:30:00,8554.374739697385
2019-11-25 16:00:00,8659.085754866373
2019-11-25 16:30:00,8821.973509388616
2019-11-25 17:00:00,8922.370867524558
2019-11-25 17:30:00,9196.444374798812
2019-11-25 18:00:00,9221.136943273785
2019-11-25 18:30:00,9047.61804805411
2019-11-25 19:00:00,8874.47359200493
2019-11-25 19:30:00,8851.33884760501
2019-11-25 20:00:00,8721.322663244599
2019-11-25 20:30:00,8450.650562800849
2019-11-25 21:00:00,8382.283502948898
2019-11-25 21:30:00,8275.26450451251
2019-11-25 22:00:00,8080.782301244175
2019-11-25 22:30:00,8002.343794850802
2019-11-25 23:00:00,7941.2841302828
2019-11-25 23:30:00,7747.96471419988
2019-11-26 00:00:00,7409.307277073801
2019-11-26 00:30:00,7318.201250656167
2019-11-26 01:00:00,6997.024212060829
2019-11-26 01:30:00,6724.4489497188615
2019-11-26 02:00:00,6449.147787361048
2019-11-26 02:30:00,6455.711905900109
2019-11-26 03:00:00,6364.687413795688
2019-11-26 03:30:00,6330.05396709771
2019-11-26 04:00:00,6382.6141956780975
2019-11-26 04:30:00,6619.37147346034
2019-11-26 05:00:00,6785.746711125136
2019-11-26 05:30:00,7225.995782284477
2019-11-26 06:00:00,7551.6026871945705
2019-11-26 06:30:00,7761.5701426441265
2019-11-26 07:00:00,7985.369041191841
2019-11-26 07:30:00,8059.77206309129
2019-11-26 08:00:00,8122.801728524971
2019-11-26 08:30:00,8131.776800177962
2019-11-26 09:00:00,8106.780789549405
2019-11-26 09:30:00,8163.861536922985
2019-11-26 10:00:00,8140.9101189019275
2019-11-26 10:30:00,8130.856473610865
2019-11-26 11:00:00,8131.401794572433
2019-11-26 11:30:00,8081.340691872059
2019-11-26 12:00:00,8189.5413037258395
2019-11-26 12:30:00,8385.73522999941
2019-11-26 13:00:00,8576.76513710234
2019-11-26 13:30:00,8791.875802411636
2019-11-26 14:00:00,9102.392341135597
2019-11-26 14:30:00,9165.58822481758
2019-11-26 15:00:00,9331.536384274128
2019-11-26 15:30:00,9394.103996926759
2019-11-26 16:00:00,9326.660830084114
2019-11-26 16:30:00,9330.101989181512
2019-11-26 17:00:00,9445.883472643558
2019-11-26 17:30:00,9292.584308857055
2019-11-26 18:00:00,9060.776119437849
2019-11-26 18:30:00,9076.819892138545
2019-11-26 19:00:00,8944.51858806447
2019-11-26 19:30:00,8919.643616307092
2019-11-26 20:00:00,8734.432376073333
2019-11-26 20:30:00,8559.322880617963
2019-11-26 21:00:00,8292.076664704371
2019-11-26 21:30:00,8151.733970502367
2019-11-26 22:00:00,8008.035264522994
2019-11-26 22:30:00,7968.4971447232
2019-11-26 23:00:00,7766.078403791903
2019-11-26 23:30:00,7654.765907271133
2019-11-27 00:00:00,7476.900713362822
2019-11-27 00:30:00,7224.071656833817
2019-11-27 01:00:00,6975.919135092087
2019-11-27 01:30:00,6723.452358779578
2019-11-27 02:00:00,6428.210447650284
2019-11-27 02:30:00,6289.547119093301
2019-11-27 03:00:00,6253.420136250782
2019-11-27 03:30:00,6253.420136250782
2019-11-27 04:00:00,6245.1834709564255
2019-11-27 04:30:00,6457.918186295911
2019-11-27 05:00:00,6670.220768380985
2019-11-27 05:30:00,7030.285199629625
2019-11-27 06:00:00,7439.956683685417
2019-11-27 06:30:00,7832.082671573753
2019-11-27 07:00:00,8135.971560724825
2019-11-27 07:30:00,8242.045451855676
2019-11-27 08:00:00,8215.724816716038
2019-11-27 08:30:00,8225.713350318201
2019-11-27 09:00:00,8233.021842443735
2019-11-27 09:30:00,8431.480808383712
2019-11-27 10:00:00,8460.3283030705
2019-11-27 10:30:00,8584.910461488309
2019-11-27 11:00:00,8303.06580045874
2019-11-27 11:30:00,8437.383462654343
2019-11-27 12:00:00,8975.176185505068
2019-11-27 12:30:00,8794.332930407007
2019-11-27 13:00:00,8557.434226840618
2019-11-27 13:30:00,8715.399687792722
2019-11-27 14:00:00,8641.113336121185
2019-11-27 14:30:00,8721.477754547463
2019-11-27 15:00:00,8609.181743916179
2019-11-27 15:30:00,8869.745424634215
2019-11-27 16:00:00,9035.77900843509
2019-11-27 16:30:00,9056.091232978255
2019-11-27 17:00:00,9074.791917084782
2019-11-27 17:30:00,8868.944216512686
2019-11-27 18:00:00,8884.643286936565
2019-11-27 18:30:00,8943.974056653546
2019-11-27 19:00:00,8725.620666205656
2019-11-27 19:30:00,8707.754413856177
2019-11-27 20:00:00,8484.664058969924
2019-11-27 20:30:00,8281.465913956263
2019-11-27 21:00:00,7907.307820368017
2019-11-27 21:30:00,7809.84745597913
2019-11-27 22:00:00,7649.067588104964
2019-11-27 22:30:00,7568.488919965456
2019-11-27 23:00:00,7347.074752269993
2019-11-27 23:30:00,7187.7288656073415
2019-11-28 00:00:00,7034.7826291542
2019-11-28 00:30:00,6943.842898163202
2019-11-28 01:00:00,6778.0776075610665
2019-11-28 01:30:00,6546.8735131109
2019-11-28 02:00:00,6324.089533762249
2019-11-28 02:30:00,6247.3453788385805
2019-11-28 03:00:00,6205.9359937155805
2019-11-28 03:30:00,6220.114925188793
2019-11-28 04:00:00,6279.58667409615
2019-11-28 04:30:00,6458.704315314547
2019-11-28 05:00:00,6697.364759005519
2019-11-28 05:30:00,7137.931563149041
2019-11-28 06:00:00,7446.916373230407
2019-11-28 06:30:00,7596.2471663804445
2019-11-28 07:00:00,7778.1078250804785
2019-11-28 07:30:00,7837.71907026604
2019-11-28 08:00:00,7766.397321096948
2019-11-28 08:30:00,7654.510440173279
2019-11-28 09:00:00,7580.363243796121
2019-11-28 09:30:00,7507.796812621023
2019-11-28 10:00:00,7234.959421041222
2019-11-28 10:30:00,7248.699758819549
2019-11-28 11:00:00,7056.5518374678895
2019-11-28 11:30:00,7096.871060064917
2019-11-28 12:00:00,7096.53516888008
2019-11-28 12:30:00,7125.991343088078
2019-11-28 13:00:00,7263.629970069375
2019-11-28 13:30:00,7269.558128568037
2019-11-28 14:00:00,7409.638939582706
2019-11-28 14:30:00,7431.980806272528
2019-11-28 15:00:00,7637.227803697122
2019-11-28 15:30:00,7794.020885258906
2019-11-28 16:00:00,8030.5746393785175
2019-11-28 16:30:00,8193.376561253695
2019-11-28 17:00:00,8429.757838477182
2019-11-28 17:30:00,8451.300888570548
2019-11-28 18:00:00,8522.62331553351
2019-11-28 18:30:00,8465.263808483844
2019-11-28 19:00:00,8431.038852749487
2019-11-28 19:30:00,8476.533539628363
2019-11-28 20:00:00,8339.106566229893
2019-11-28 20:30:00,8173.298987257982
2019-11-28 21:00:00,7842.755293627131
2019-11-28 21:30:00,7746.978258497887
2019-11-28 22:00:00,7622.937228498951
2019-11-28 22:30:00,7532.644632602927
2019-11-28 23:00:00,7387.426389722969
2019-11-28 23:30:00,7348.426549913863
2019-11-29 00:00:00,7190.38047740226
2019-11-29 00:30:00,7036.598568351777
2019-11-29 01:00:00,6863.9030527812565
2019-11-29 01:30:00,6568.04502409795
2019-11-29 02:00:00,6329.6582710231205
2019-11-29 02:30:00,6237.3504868635
2019-11-29 03:00:00,6146.862268839557
2019-11-29 03:30:00,6146.862268839557
2019-11-29 04:00:00,6190.073673391469
2019-11-29 04:30:00,6376.467130256479
2019-11-29 05:00:00,6583.761238214478
2019-11-29 05:30:00,6983.293475976747
2019-11-29 06:00:00,7289.727658896529
2019-11-29 06:30:00,7582.153184465625
2019-11-29 07:00:00,7754.860659426608
2019-11-29 07:30:00,7886.570458670741
2019-11-29 08:00:00,7883.953986662727
2019-11-29 08:30:00,7901.432451996734
2019-11-29 09:00:00,7827.006187768701
2019-11-29 09:30:00,7920.6093570022385
2019-11-29 10:00:00,7837.123458009263
2019-11-29 10:30:00,7790.364459187999
2019-11-29 11:00:00,7803.105059934665
2019-11-29 11:30:00,7835.519290872637
2019-11-29 12:00:00,7843.333948153268
2019-11-29 12:30:00,7950.723910393706
2019-11-29 13:00:00,8070.645590305482
2019-11-29 13:30:00,8147.618163693912
2019-11-29 14:00:00,8268.459084860373
2019-11-29 14:30:00,8386.234223367328
2019-11-29 15:00:00,8552.679472954793
2019-11-29 15:30:00,8696.729492622704
2019-11-29 16:00:00,8905.358419319164
2019-11-29 16:30:00,8970.1119708117
2019-11-29 17:00:00,9033.807137332193
2019-11-29 17:30:00,9033.807137332193
2019-11-29 18:00:00,8843.87537846359
2019-11-29 18:30:00,8704.04785840161
2019-11-29 19:00:00,8589.894323196686
2019-11-29 19:30:00,8570.172457424636
2019-11-29 20:00:00,8393.428497083041
2019-11-29 20:30:00,8203.381409512584
2019-11-29 21:00:00,8099.318060139743
2019-11-29 21:30:00,8000.4158083241255
2019-11-29 22:00:00,7911.751619351951
2019-11-29 22:30:00,7783.593596292683
2019-11-29 23:00:00,7702.73674608526
2019-11-29 23:30:00,7605.019671897432
2019-11-30 00:00:00,7251.644173991025
2019-11-30 00:30:00,7105.188759082187
2019-11-30 01:00:00,6885.30628890259
2019-11-30 01:30:00,6628.094316033459
2019-11-30 02:00:00,6385.264802365868
2019-11-30 02:30:00,6266.6157597317715
2019-11-30 03:00:00,6172.755974448509
2019-11-30 03:30:00,6194.393451359124
2019-11-30 04:00:00,6262.374398618318
2019-11-30 04:30:00,6390.6677930604155
2019-11-30 05:00:00,6303.941633840507
2019-11-30 05:30:00,6577.296364848236
2019-11-30 06:00:00,6675.694629810707
2019-11-30 06:30:00,6766.7019214018455
2019-11-30 07:00:00,7026.332683484987
2019-11-30 07:30:00,7130.4980531037645
2019-11-30 08:00:00,7534.007105630641
2019-11-30 08:30:00,7585.553115024026
2019-11-30 09:00:00,7525.916665246095
2019-11-30 09:30:00,7479.726471835055
2019-11-30 10:00:00,7487.68812118003
2019-11-30 10:30:00,7474.502819613361
2019-11-30 11:00:00,7403.464592353612
2019-11-30 11:30:00,7387.602612708666
2019-11-30 12:00:00,7315.8037054197275
2019-11-30 12:30:00,7271.54970717539
2019-11-30 13:00:00,7425.432441111394
2019-11-30 13:30:00,7463.547871388574
2019-11-30 14:00:00,7793.110316163928
2019-11-30 14:30:00,7966.645626911782
2019-11-30 15:00:00,8097.765950816764
2019-11-30 15:30:00,8348.595110474276
2019-11-30 16:00:00,8518.657915052065
2019-11-30 16:30:00,8788.8199869222
2019-11-30 17:00:00,8812.906165089737
2019-11-30 17:30:00,8728.864938466406
2019-11-30 18:00:00,8793.134075933105
2019-11-30 18:30:00,8593.440896340937
2019-11-30 19:00:00,8475.745171218727
2019-11-30 19:30:00,8419.253718559374
2019-11-30 20:00:00,8249.830311114982
2019-11-30 20:30:00,8189.2751181829935
2019-11-30 21:00:00,7901.347942043346
2019-11-30 21:30:00,7741.623892918771
2019-11-30 22:00:00,7496.375582701243
2019-11-30 22:30:00,7489.047152681066
2019-11-30 23:00:00,7379.265871027381
2019-11-30 23:30:00,7303.60394170676
2019-12-01 00:00:00,7136.492348329179
2019-12-01 00:30:00,6856.036166385846
2019-12-01 01:00:00,6596.526166723196
2019-12-01 01:30:00,6333.676684891501
2019-12-01 02:00:00,6192.382717994434
2019-12-01 02:30:00,6056.491008871229
2019-12-01 03:00:00,5974.27497278608
2019-12-01 03:30:00,5913.835751665296
2019-12-01 04:00:00,5954.179524871226
2019-12-01 04:30:00,6010.093534093453
2019-12-01 05:00:00,6027.430729906279
2019-12-01 05:30:00,6137.319020411118
2019-12-01 06:00:00,6272.025994262423
2019-12-01 06:30:00,6426.063059745577
2019-12-01 07:00:00,6560.736665274042
2019-12-01 07:30:00,6838.715728153091
2019-12-01 08:00:00,7123.222186441414
2019-12-01 08:30:00,7212.912047106908
2019-12-01 09:00:00,7193.407196458635
2019-12-01 09:30:00,7129.765101570625
2019-12-01 10:00:00,7058.22656750298
2019-12-01 10:30:00,7311.458228719709
2019-12-01 11:00:00,7251.18345297484
2019-12-01 11:30:00,7145.755384413056
2019-12-01 12:00:00,7090.693568669082
2019-12-01 12:30:00,7076.374195740808
2019-12-01 13:00:00,7124.205651733766
2019-12-01 13:30:00,7116.07845733696
2019-12-01 14:00:00,7038.994948606365
2019-12-01 14:30:00,6863.642636190765
2019-12-01 15:00:00,6897.189070379859
2019-12-01 15:30:00,6966.290800965555
2019-12-01 16:00:00,7211.8309415091235
2019-12-01 16:30:00,7218.0231200405915
2019-12-01 17:00:00,7529.669615751828
2019-12-01 17:30:00,7592.22956223089
2019-12-01 18:00:00,7701.147637688125
2019-12-01 18:30:00,7654.386784315056
2019-12-01 19:00:00,7700.511593066988
2019-12-01 19:30:00,7833.266285015957
2019-12-01 20:00:00,7828.00853788865
2019-12-01 20:30:00,7742.8242323504255
2019-12-01 21:00:00,7458.196711883624
2019-12-01 21:30:00,7429.126925881537
2019-12-01 22:00:00,7126.333073312524
2019-12-01 22:30:00,7085.676367285263
2019-12-01 23:00:00,6853.830488114372
2019-12-01 23:30:00,6734.598971096482
2019-12-02 00:00:00,6857.522540462427
2019-12-02 00:30:00,6660.599282095861
2019-12-02 01:00:00,6514.765687540309
2019-12-02 01:30:00,6228.194529913118
2019-12-02 02:00:00,6026.705989624667
2019-12-02 02:30:00,5967.648501683965
2019-12-02 03:00:00,5970.56295464467
2019-12-02 03:30:00,5970.56295464467
2019-12-02 04:00:00,6106.686222925478
2019-12-02 04:30:00,6167.248134716631
2019-12-02 05:00:00,6642.013509790859
2019-12-02 05:30:00,6691.948649900031
2019-12-02 06:00:00,7423.5684867474165
2019-12-02 06:30:00,7587.868887371633
2019-12-02 07:00:00,7944.228967898316
2019-12-02 07:30:00,8120.129987154437
2019-12-02 08:00:00,7683.259195234724
2019-12-02 08:30:00,7791.065420340652
2019-12-02 09:00:00,7633.813030672266
2019-12-02 09:30:00,7486.892652333069
2019-12-02 10:00:00,7406.999386165792
2019-12-02 10:30:00,7300.013700733435
2019-12-02 11:00:00,7222.558007968238
2019-12-02 11:30:00,7294.648572636383
2019-12-02 12:00:00,7308.369746365765
2019-12-02 12:30:00,7158.262281772044
2019-12-02 13:00:00,7192.604076536713
2019-12-02 13:30:00,7301.815549831443
2019-12-02 14:00:00,7383.019278408815
2019-12-02 14:30:00,7522.3566537340175
2019-12-02 15:00:00,7724.905054725329
2019-12-02 15:30:00,8027.921545119321
2019-12-02 16:00:00,8421.68901040528
2019-12-02 16:30:00,8690.104933263923
2019-12-02 17:00:00,8765.824443489399
2019-12-02 17:30:00,8921.13125247822
2019-12-02 18:00:00,8782.450730494711
2019-12-02 18:30:00,8753.462281545115
2019-12-02 19:00:00,8580.317825495935
2019-12-02 19:30:00,8659.516015859153
2019-12-02 20:00:00,8476.693465948501
2019-12-02 20:30:00,8428.405655396065
2019-12-02 21:00:00,8224.940828829212
2019-12-02 21:30:00,8077.2635844201495
2019-12-02 22:00:00,7830.852192887702
2019-12-02 22:30:00,7769.655046378641
2019-12-02 23:00:00,7440.995947698642
2019-12-02 23:30:00,7319.102322248675
2019-12-03 00:00:00,7004.156068559921
2019-12-03 00:30:00,6903.25133607702
2019-12-03 01:00:00,6633.657927739369
2019-12-03 01:30:00,6381.812324147014
2019-12-03 02:00:00,6130.434914408076
2019-12-03 02:30:00,6166.193849578837
2019-12-03 03:00:00,6033.129551059685
2019-12-03 03:30:00,6037.187363954507
2019-12-03 04:00:00,6071.711933683242
2019-12-03 04:30:00,6327.0822532444945
2019-12-03 05:00:00,6489.837531510674
2019-12-03 05:30:00,6965.716164994822
2019-12-03 06:00:00,7503.766442295789
2019-12-03 06:30:00,7682.066410924532
2019-12-03 07:00:00,8050.222570876335
2019-12-03 07:30:00,8095.761526396791
2019-12-03 08:00:00,8089.075015478264
2019-12-03 08:30:00,8092.522584443019
2019-12-03 09:00:00,7922.825021593089
2019-12-03 09:30:00,7885.762492459301
2019-12-03 10:00:00,7755.420483197667
2019-12-03 10:30:00,7685.156238854117
2019-12-03 11:00:00,7745.08738248113
2019-12-03 11:30:00,7808.349631728447
2019-12-03 12:00:00,7665.5136863099815
2019-12-03 12:30:00,7601.9892633135605
2019-12-03 13:00:00,7681.480109328434
2019-12-03 13:30:00,7687.7667025395085
2019-12-03 14:00:00,7728.797734338112
2019-12-03 14:30:00,7702.641080884612
2019-12-03 15:00:00,7663.33550759874
2019-12-03 15:30:00,7717.417634436204
2019-12-03 16:00:00,7916.171649427691
2019-12-03 16:30:00,8015.912807361283
2019-12-03 17:00:00,8205.763510914132
2019-12-03 17:30:00,8250.198712352903
2019-12-03 18:00:00,8296.957503224106
2019-12-03 18:30:00,8296.957503224106
2019-12-03 19:00:00,8297.733633495813
2019-12-03 19:30:00,8297.733633495813
2019-12-03 20:00:00,8201.75544755705
2019-12-03 20:30:00,8076.820763311083
2019-12-03 21:00:00,7808.793476025722
2019-12-03 21:30:00,7802.492745633784
2019-12-03 22:00:00,7705.262333435381
2019-12-03 22:30:00,7603.899190975998
2019-12-03 23:00:00,7509.851888878038
2019-12-03 23:30:00,7398.64410865826
2019-12-04 00:00:00,7027.220993339444
2019-12-04 00:30:00,6923.243959598414
2019-12-04 01:00:00,6760.736273526109
2019-12-04 01:30:00,6467.764616946456
2019-12-04 02:00:00,6231.1874926605005
2019-12-04 02:30:00,6140.567427719267
2019-12-04 03:00:00,6032.63589631338
2019-12-04 03:30:00,6050.906728723721
2019-12-04 04:00:00,6096.203779582391
2019-12-04 04:30:00,6271.549316927638
2019-12-04 05:00:00,6455.540417754875
2019-12-04 05:30:00,6874.335243387304
2019-12-04 06:00:00,7177.997538097818
2019-12-04 06:30:00,7433.069793277866
2019-12-04 07:00:00,7810.373248579941
2019-12-04 07:30:00,7765.363927346206
2019-12-04 08:00:00,7491.9265384125065
2019-12-04 08:30:00,7455.057673545533
2019-12-04 09:00:00,7342.087838007367
2019-12-04 09:30:00,7305.705887708131
2019-12-04 10:00:00,7243.469169798189
2019-12-04 10:30:00,7168.342154439133
2019-12-04 11:00:00,7154.98363692229
2019-12-04 11:30:00,7175.160047004323
2019-12-04 12:00:00,7201.526840053783
2019-12-04 12:30:00,7271.942634961634
2019-12-04 13:00:00,7376.484435835072
2019-12-04 13:30:00,7399.015839950947
2019-12-04 14:00:00,7473.921995470976
2019-12-04 14:30:00,7718.676286181582
2019-12-04 15:00:00,7850.172394932713
2019-12-04 15:30:00,8103.936157852922
2019-12-04 16:00:00,8287.570239989735
2019-12-04 16:30:00,8424.695236252388
2019-12-04 17:00:00,8651.791116615514
2019-12-04 17:30:00,8695.78368425739
2019-12-04 18:00:00,8372.289864743274
2019-12-04 18:30:00,8353.462214221028
2019-12-04 19:00:00,8301.265247206069
2019-12-04 19:30:00,8381.458012968853
2019-12-04 20:00:00,8407.653289950791
2019-12-04 20:30:00,8263.207473459064
2019-12-04 21:00:00,8011.14069311999
2019-12-04 21:30:00,7830.373689970083
2019-12-04 22:00:00,7722.48072388843
2019-12-04 22:30:00,7607.811163471323
2019-12-04 23:00:00,7457.242618112128
2019-12-04 23:30:00,7223.096158652566
2019-12-05 00:00:00,7165.975833444385
2019-12-05 00:30:00,6999.215295740177
2019-12-05 01:00:00,6755.690435073674
2019-12-05 01:30:00,6466.687877067725
2019-12-05 02:00:00,6305.792745713468
2019-12-05 02:30:00,6194.963444826742
2019-12-05 03:00:00,6116.849986677365
2019-12-05 03:30:00,6121.078506094416
2019-12-05 04:00:00,6193.57968451056
2019-12-05 04:30:00,6358.335664464955
2019-12-05 05:00:00,6538.484913245163
2019-12-05 05:30:00,6849.750713355488
2019-12-05 06:00:00,7218.325375828225
2019-12-05 06:30:00,7459.165446073808
2019-12-05 07:00:00,7821.486784993896
2019-12-05 07:30:00,7865.528968606945
2019-12-05 08:00:00,7838.810211450206
2019-12-05 08:30:00,7886.268488165612
2019-12-05 09:00:00,7735.577408839299
2019-12-05 09:30:00,7690.90071810082
2019-12-05 10:00:00,7573.601809191343
2019-12-05 10:30:00,7483.275586396618
2019-12-05 11:00:00,7587.102200783853
2019-12-05 11:30:00,7548.851017416114
2019-12-05 12:00:00,7582.799478176726
2019-12-05 12:30:00,7642.927316491589
2019-12-05 13:00:00,7808.064946061509
2019-12-05 13:30:00,7827.769083351477
2019-12-05 14:00:00,8020.077631713265
2019-12-05 14:30:00,8235.712649105417
2019-12-05 15:00:00,8391.23040717426
2019-12-05 15:30:00,8546.266580026875
2019-12-05 16:00:00,8823.616485913064
2019-12-05 16:30:00,8834.655160647697
2019-12-05 17:00:00,9097.489785514543
2019-12-05 17:30:00,8972.347255246228
2019-12-05 18:00:00,8903.907267106164
2019-12-05 18:30:00,8797.633083972403
2019-12-05 19:00:00,8716.893191279833
2019-12-05 19:30:00,8675.322717186802
2019-12-05 20:00:00,8546.501730007836
2019-12-05 20:30:00,8404.437556512583
2019-12-05 21:00:00,8036.915874439135
2019-12-05 21:30:00,7889.284282194045
2019-12-05 22:00:00,7687.5994911224025
2019-12-05 22:30:00,7621.117494063414
2019-12-05 23:00:00,7479.089825153786
2019-12-05 23:30:00,7226.26076862478
2019-12-06 00:00:00,7119.883834914907
2019-12-06 00:30:00,7037.730709598161
2019-12-06 01:00:00,6824.2042326816345
2019-12-06 01:30:00,6569.177165344334
2019-12-06 02:00:00,6330.7904122695045
2019-12-06 02:30:00,6280.69838656347
2019-12-06 03:00:00,6205.7537476860525
2019-12-06 03:30:00,6205.7537476860525
2019-12-06 04:00:00,6279.76080073418
2019-12-06 04:30:00,6377.599271502863
2019-12-06 05:00:00,6502.2760851067205
2019-12-06 05:30:00,6896.617930337221
2019-12-06 06:00:00,7141.138890454873
2019-12-06 06:30:00,7384.3429700092665
2019-12-06 07:00:00,7803.786324257491
2019-12-06 07:30:00,7854.386862374047
2019-12-06 08:00:00,7916.880229372955
2019-12-06 08:30:00,7868.707669508143
2019-12-06 09:00:00,7840.490309047785
2019-12-06 09:30:00,7833.742324116049
2019-12-06 10:00:00,7896.13829431681
2019-12-06 10:30:00,7906.382884817152
2019-12-06 11:00:00,7937.099061179404
2019-12-06 11:30:00,7993.8788698449725
2019-12-06 12:00:00,7820.252413015832
2019-12-06 12:30:00,7849.817626699118
2019-12-06 13:00:00,7963.443855771637
2019-12-06 13:30:00,8266.136354939188
2019-12-06 14:00:00,8424.349208011006
2019-12-06 14:30:00,8681.660101445159
2019-12-06 15:00:00,8736.246670909108
2019-12-06 15:30:00,8900.141614332868
2019-12-06 16:00:00,8809.78828154554
2019-12-06 16:30:00,9015.444794172565
2019-12-06 17:00:00,8674.406570711624
2019-12-06 17:30:00,8802.450353744915
2019-12-06 18:00:00,8556.745738638328
2019-12-06 18:30:00,8640.218252509538
2019-12-06 19:00:00,8414.745903587022
2019-12-06 19:30:00,8518.955207456293
2019-12-06 20:00:00,8775.739242797403
2019-12-06 20:30:00,8537.001368782881
2019-12-06 21:00:00,8268.665052521708
2019-12-06 21:30:00,8156.41692557271
2019-12-06 22:00:00,8259.349128377225
2019-12-06 22:30:00,8032.398775680201
2019-12-06 23:00:00,7742.050892902355
2019-12-06 23:30:00,7593.755206289097
2019-12-07 00:00:00,7259.827707892285
2019-12-07 00:30:00,7114.9296648303125
2019-12-07 01:00:00,6832.4074155072185
2019-12-07 01:30:00,6647.681883970262
2019-12-07 02:00:00,6331.87942775653
2019-12-07 02:30:00,6187.701729345106
2019-12-07 03:00:00,6086.7390670701425
2019-12-07 03:30:00,6167.711741410862
2019-12-07 04:00:00,6183.413692589307
2019-12-07 04:30:00,6327.638066643077
2019-12-07 05:00:00,6187.158064198121
2019-12-07 05:30:00,6491.434199882003
2019-12-07 06:00:00,6572.594346436865
2019-12-07 06:30:00,6664.320994157161
2019-12-07 07:00:00,6986.105596207762
2019-12-07 07:30:00,6992.133170484303
2019-12-07 08:00:00,7352.202106327615
2019-12-07 08:30:00,7383.965116764781
2019-12-07 09:00:00,7505.054127149738
2019-12-07 09:30:00,7475.035798353762
2019-12-07 10:00:00,7559.706086322804
2019-12-07 10:30:00,7556.099779675771
2019-12-07 11:00:00,7589.9990320154775
2019-12-07 11:30:00,7551.3162938912155
2019-12-07 12:00:00,7599.7509158710645
2019-12-07 12:30:00,7693.729882240644
2019-12-07 13:00:00,7745.002088791905
2019-12-07 13:30:00,7675.794725108567
2019-12-07 14:00:00,7764.684348482911
2019-12-07 14:30:00,7883.69303842707
2019-12-07 15:00:00,7899.012863612483
2019-12-07 15:30:00,8160.580020004607
2019-12-07 16:00:00,8469.233820310488
2019-12-07 16:30:00,8602.648950534574
2019-12-07 17:00:00,8736.311529814675
2019-12-07 17:30:00,8533.695072631555
2019-12-07 18:00:00,8562.671615567255
2019-12-07 18:30:00,8372.761649264803
2019-12-07 19:00:00,8276.750159141078
2019-12-07 19:30:00,8184.449907210308
2019-12-07 20:00:00,8028.0188938825495
2019-12-07 20:30:00,7791.156652567288
2019-12-07 21:00:00,7556.770905510436
2019-12-07 21:30:00,7481.390045651567
2019-12-07 22:00:00,7410.013621733668
2019-12-07 22:30:00,7417.761248274677
2019-12-07 23:00:00,7317.5016629251695
2019-12-07 23:30:00,7166.20397848597
2019-12-08 00:00:00,6933.242368754778
2019-12-08 00:30:00,6664.663524444666
2019-12-08 01:00:00,6422.209958391142
2019-12-08 01:30:00,6234.859351752838
2019-12-08 02:00:00,6056.491008871229
2019-12-08 02:30:00,5973.079684094675
2019-12-08 03:00:00,5900.157873743571
2019-12-08 03:30:00,5870.865650355704
2019-12-08 04:00:00,5867.1279638832475
2019-12-08 04:30:00,5940.8167176477855
2019-12-08 05:00:00,5961.983427152925
2019-12-08 05:30:00,6045.394751929479
2019-12-08 06:00:00,6122.689910965715
2019-12-08 06:30:00,6262.3014694249805
2019-12-08 07:00:00,6384.163131644355
2019-12-08 07:30:00,6535.021101419833
2019-12-08 08:00:00,6647.1417818104055
2019-12-08 08:30:00,6777.555718651367
2019-12-08 09:00:00,6676.0586181805475
2019-12-08 09:30:00,6806.472555021509
2019-12-08 10:00:00,6891.008152297578
2019-12-08 10:30:00,6804.401731359709
2019-12-08 11:00:00,6902.541188292909
2019-12-08 11:30:00,6989.1476092307785
2019-12-08 12:00:00,7161.175974483598
2019-12-08 12:30:00,7241.415731106661
2019-12-08 13:00:00,7341.343530809435
2019-12-08 13:30:00,7383.989441879554
2019-12-08 14:00:00,7421.261821850256
2019-12-08 14:30:00,7483.671616977929
2019-12-08 15:00:00,7537.336076419904
2019-12-08 15:30:00,7661.396239104928
2019-12-08 16:00:00,7787.052212807134
2019-12-08 16:30:00,7881.071418098623
2019-12-08 17:00:00,8128.623401862531
2019-12-08 17:30:00,8156.750235803129
2019-12-08 18:00:00,8242.189179884335
2019-12-08 18:30:00,8122.10748818642
2019-12-08 19:00:00,8165.720956517734
2019-12-08 19:30:00,8165.720956517734
2019-12-08 20:00:00,8163.177395119255
2019-12-08 20:30:00,8009.353624342697
2019-12-08 21:00:00,7671.454017277499
2019-12-08 21:30:00,7583.555526010446
2019-12-08 22:00:00,7309.418440360007
2019-12-08 22:30:00,7279.152018341614
2019-12-08 23:00:00,7047.23392119255
2019-12-08 23:30:00,6774.667866981478
2019-12-09 00:00:00,6963.117205771638
2019-12-09 00:30:00,6807.276160777171
2019-12-09 01:00:00,6621.634672572505
2019-12-09 01:30:00,6395.466413054678
2019-12-09 02:00:00,6166.625127745366
2019-12-09 02:30:00,6026.519629479361
2019-12-09 03:00:00,6063.007305062709
2019-12-09 03:30:00,6021.725672492493
2019-12-09 04:00:00,6151.6809303986665
2019-12-09 04:30:00,6167.248134716631
2019-12-09 05:00:00,6642.013509790859
2019-12-09 05:30:00,6689.0481040258965
2019-12-09 06:00:00,7443.030892504714
2019-12-09 06:30:00,7688.303967469649
2019-12-09 07:00:00,7979.736840237396
2019-12-09 07:30:00,8191.394643597594
2019-12-09 08:00:00,8045.577450406525
2019-12-09 08:30:00,8190.176531859912
2019-12-09 09:00:00,7868.585105661217
2019-12-09 09:30:00,7948.562530588263
2019-12-09 10:00:00,7865.284174999999
2019-12-09 10:30:00,7911.6365355133275
2019-12-09 11:00:00,7676.145090611629
2019-12-09 11:30:00,7730.599034960387
2019-12-09 12:00:00,7789.115191994649
2019-12-09 12:30:00,7876.2308783076305
2019-12-09 13:00:00,8032.063475815064
2019-12-09 13:30:00,8128.955173779155
2019-12-09 14:00:00,8281.86100757305
2019-12-09 14:30:00,8329.43363530608
2019-12-09 15:00:00,8715.00218718626
2019-12-09 15:30:00,8783.52265698564
2019-12-09 16:00:00,9033.366788539728
2019-12-09 16:30:00,9035.371460827391
2019-12-09 17:00:00,9230.122984887663
2019-12-09 17:30:00,9320.757569623644
2019-12-09 18:00:00,9236.103370995952
2019-12-09 18:30:00,9201.63168966928
2019-12-09 19:00:00,8939.09201215446
2019-12-09 19:30:00,8910.103563204864
2019-12-09 20:00:00,8747.422006202178
2019-12-09 20:30:00,8555.89165631172
2019-12-09 21:00:00,8344.53159944251
2019-12-09 21:30:00,8195.952379879616
2019-12-09 22:00:00,8061.108510450656
2019-12-09 22:30:00,8090.096959400251
2019-12-09 23:00:00,7742.740877446626
2019-12-09 23:30:00,7518.804298049845
2019-12-10 00:00:00,7381.069857824848
2019-12-10 00:30:00,7141.54916414072
2019-12-10 01:00:00,6919.327479058144
2019-12-10 01:30:00,6742.080228023127
2019-12-10 02:00:00,6498.693592514578
2019-12-10 02:30:00,6403.44819588655
2019-12-10 03:00:00,6266.046499006056
2019-12-10 03:30:00,6358.672140038987
2019-12-10 04:00:00,6426.101939576863
2019-12-10 04:30:00,6656.819196261285
2019-12-10 05:00:00,6888.249835597496
2019-12-10 05:30:00,7376.097752590208
2019-12-10 06:00:00,7724.061631042819
2019-12-10 06:30:00,8016.922475022721
2019-12-10 07:00:00,8321.699338587516
2019-12-10 07:30:00,8434.344750184619
2019-12-10 08:00:00,8443.013206503936
2019-12-10 08:30:00,8521.8435618614
2019-12-10 09:00:00,8545.098884382693
2019-12-10 09:30:00,8564.972937101102
2019-12-10 10:00:00,8558.667063600813
2019-12-10 10:30:00,8519.857690571644
2019-12-10 11:00:00,8559.935021200927
2019-12-10 11:30:00,8559.935021200927
2019-12-10 12:00:00,8612.81552396537
2019-12-10 12:30:00,8693.066139035542
2019-12-10 13:00:00,8915.721098663696
2019-12-10 13:30:00,9078.160698680907
2019-12-10 14:00:00,9180.955405263943
2019-12-10 14:30:00,9320.522079384158
2019-12-10 15:00:00,9536.919576162794
2019-12-10 15:30:00,9763.80974039555
2019-12-10 16:00:00,9851.888999948138
2019-12-10 16:30:00,9789.175356364882
2019-12-10 17:00:00,9814.55923723274
2019-12-10 17:30:00,9778.279202904154
2019-12-10 18:00:00,9752.92146340005
2019-12-10 18:30:00,9766.051808496479
2019-12-10 19:00:00,9545.156839426289
2019-12-10 19:30:00,9492.007716259719
2019-12-10 20:00:00,9284.865271334294
2019-12-10 20:30:00,9043.255496606282
2019-12-10 21:00:00,8688.279933294694
2019-12-10 21:30:00,8578.298616107912
2019-12-10 22:00:00,8390.372180205839
2019-12-10 22:30:00,8197.187790592454
2019-12-10 23:00:00,7989.972333495345
2019-12-10 23:30:00,7838.149847654527
2019-12-11 00:00:00,7594.9939774658915
2019-12-11 00:30:00,7383.147120036303
2019-12-11 01:00:00,7086.809326008818
2019-12-11 01:30:00,6838.4906897796545
2019-12-11 02:00:00,6567.874177092092
2019-12-11 02:30:00,6471.192558763962
2019-12-11 03:00:00,6382.9073956493385
2019-12-11 03:30:00,6382.9073956493385
2019-12-11 04:00:00,6426.828910627086
2019-12-11 04:30:00,6585.847838749616
2019-12-11 05:00:00,6822.514470392136
2019-12-11 05:30:00,7240.202510632994
2019-12-11 06:00:00,7638.250235433775
2019-12-11 06:30:00,7941.87495527844
2019-12-11 07:00:00,8168.962651926572
2019-12-11 07:30:00,8359.42602962003
2019-12-11 08:00:00,8437.814195567049
2019-12-11 08:30:00,8547.478761973329
2019-12-11 09:00:00,8735.918030075034
2019-12-11 09:30:00,8646.626680553774
2019-12-11 10:00:00,8864.28588817226
2019-12-11 10:30:00,8825.657231546242
2019-12-11 11:00:00,8831.372640129342
2019-12-11 11:30:00,8980.389628857376
2019-12-11 12:00:00,9109.884679707315
2019-12-11 12:30:00,9942.449921190735
2019-12-11 13:00:00,10105.543400672737
2019-12-11 13:30:00,10075.89311319017
2019-12-11 14:00:00,10028.540872407237
2019-12-11 14:30:00,9942.99878050845
2019-12-11 15:00:00,10198.338326957719
2019-12-11 15:30:00,10196.797563060587
2019-12-11 16:00:00,10187.745799340952
2019-12-11 16:30:00,10189.286563238084
2019-12-11 17:00:00,10085.608503115087
2019-12-11 17:30:00,9956.60465710375
2019-12-11 18:00:00,9841.284462515177
2019-12-11 18:30:00,9703.538076269126
2019-12-11 19:00:00,9462.426556718383
2019-12-11 19:30:00,9228.61201979946
2019-12-11 20:00:00,9010.395067135281
2019-12-11 20:30:00,8697.410825436857
2019-12-11 21:00:00,8386.643033769013
2019-12-11 21:30:00,8168.58773490152
2019-12-11 22:00:00,7933.812877868452
2019-12-11 22:30:00,7749.099413617773
2019-12-11 23:00:00,7673.449135144499
2019-12-11 23:30:00,7474.506779441757
2019-12-12 00:00:00,7235.828078890655
2019-12-12 00:30:00,7126.788339257434
2019-12-12 01:00:00,6894.7398665226765
2019-12-12 01:30:00,6686.761514655091
2019-12-12 02:00:00,6413.9481330845065
2019-12-12 02:30:00,6305.792745713468
2019-12-12 03:00:00,6289.895614547486
2019-12-12 03:30:00,6289.895614547486
2019-12-12 04:00:00,6354.107145047904
2019-12-12 04:30:00,6526.713146427383
2019-12-12 05:00:00,6755.824902431809
2019-12-12 05:30:00,7092.300258700652
2019-12-12 06:00:00,7535.389234690893
2019-12-12 06:30:00,7755.207299819073
2019-12-12 07:00:00,8130.564593666676
2019-12-12 07:30:00,8130.564593666676
2019-12-12 08:00:00,8188.320096073336
2019-12-12 08:30:00,8188.320096073336
2019-12-12 09:00:00,8100.248114968591
2019-12-12 09:30:00,8104.102496903802
2019-12-12 10:00:00,8062.033655891888
2019-12-12 10:30:00,8013.76851400251
2019-12-12 11:00:00,8046.2027582682695
2019-12-12 11:30:00,7948.934428683122
2019-12-12 12:00:00,7952.837491998073
2019-12-12 12:30:00,7909.376270414536
2019-12-12 13:00:00,7986.430940280311
2019-12-12 13:30:00,8101.0135787283125
2019-12-12 14:00:00,8281.589879789974
2019-12-12 14:30:00,8409.776049644179
2019-12-12 15:00:00,8478.06516884739
2019-12-12 15:30:00,8578.986569606444
2019-12-12 16:00:00,8785.872603312426
2019-12-12 16:30:00,8756.622014588698
2019-12-12 17:00:00,8886.293058979418
2019-12-12 17:30:00,8844.768763035625
2019-12-12 18:00:00,8923.46507500622
2019-12-12 18:30:00,8781.858774460134
2019-12-12 19:00:00,8675.322717186802
2019-12-12 19:30:00,8675.322717186802
2019-12-12 20:00:00,8537.889189546717
2019-12-12 20:30:00,8344.73063159933
2019-12-12 21:00:00,7988.650732549757
2019-12-12 21:30:00,7945.839723385456
2019-12-12 22:00:00,7752.602323867324
2019-12-12 22:30:00,7687.5994911224025
2019-12-12 23:00:00,7512.756449834387
2019-12-12 23:30:00,7309.373924544821
2019-12-13 00:00:00,7234.310949632369
2019-12-13 00:30:00,7040.945989986086
2019-12-13 01:00:00,6812.3979641094165
2019-12-13 01:30:00,6622.433099001646
2019-12-13 02:00:00,6351.542224942898
2019-12-13 02:30:00,6270.309730135531
2019-12-13 03:00:00,6210.560428612776
2019-12-13 03:30:00,6210.560428612776
2019-12-13 04:00:00,6279.285079380423
2019-12-13 04:30:00,6492.0197947199085
2019-12-13 05:00:00,6707.857290723629
2019-12-13 05:30:00,7060.477922167294
2019-12-13 06:00:00,7485.568251524181
2019-12-13 06:30:00,7751.50899339115
2019-12-13 07:00:00,8056.903334788829
2019-12-13 07:30:00,8101.394976037528
2019-12-13 08:00:00,8124.178618410255
2019-12-13 08:30:00,8128.08944015539
2019-12-13 09:00:00,8036.695987173687
2019-12-13 09:30:00,8026.237033228737
2019-12-13 10:00:00,8008.7646109862735
2019-12-13 10:30:00,7946.016991263395
2019-12-13 11:00:00,7919.487264953768
2019-12-13 11:30:00,7831.612312703567
2019-12-13 12:00:00,7795.643098132516
2019-12-13 12:30:00,7898.234164181637
2019-12-13 13:00:00,7969.096655515945
2019-12-13 13:30:00,8049.588401686347
2019-12-13 14:00:00,8053.956374804998
2019-12-13 14:30:00,8098.448016053697
2019-12-13 15:00:00,8255.796103503922
2019-12-13 15:30:00,8265.151964205985
2019-12-13 16:00:00,8420.61715562254
2019-12-13 16:30:00,8514.942338513994
2019-12-13 17:00:00,8547.618182368751
2019-12-13 17:30:00,8597.297078996264
2019-12-13 18:00:00,8386.376386903465
2019-12-13 18:30:00,8341.126897460537
2019-12-13 19:00:00,8212.106872587334
2019-12-13 19:30:00,8212.106872587334
2019-12-13 20:00:00,8160.5597119130925
2019-12-13 20:30:00,7942.24350384798
2019-12-13 21:00:00,7886.498238390506
2019-12-13 21:30:00,7799.417907880664
2019-12-13 22:00:00,7669.013585084529
2019-12-13 22:30:00,7595.878716749997
2019-12-13 23:00:00,7475.391518725863
2019-12-13 23:30:00,7192.604388575669
2019-12-14 00:00:00,7114.9296648303125
2019-12-14 00:30:00,6934.707743231384
2019-12-14 01:00:00,6693.357984058218
2019-12-14 01:30:00,6483.785419166407
2019-12-14 02:00:00,6234.040956987847
2019-12-14 02:30:00,6106.734602487877
2019-12-14 03:00:00,5992.594016721972
2019-12-14 03:30:00,6014.800797996819
2019-12-14 04:00:00,6067.547751083961
2019-12-14 04:30:00,6246.358896193364
2019-12-14 05:00:00,6219.094392799554
2019-12-14 05:30:00,6535.241715785095
2019-12-14 06:00:00,6572.594346436865
2019-12-14 06:30:00,6679.963148522925
2019-12-14 07:00:00,7006.538877798588
2019-12-14 07:30:00,7033.716130971846
2019-12-14 08:00:00,7384.543329841416
2019-12-14 08:30:00,7384.543329841416
2019-12-14 09:00:00,7456.037755190842
2019-12-14 09:30:00,7456.037755190842
2019-12-14 10:00:00,7445.017924118463
2019-12-14 10:30:00,7444.321082052319
2019-12-14 11:00:00,7394.962683230001
2019-12-14 11:30:00,7366.911288673465
2019-12-14 12:00:00,7413.515414162367
2019-12-14 12:30:00,7417.778497677375
2019-12-14 13:00:00,7374.569200452415
2019-12-14 13:30:00,7372.849148187947
2019-12-14 14:00:00,7379.445857058791
2019-12-14 14:30:00,7373.41828278225
2019-12-14 15:00:00,7411.00068449122
2019-12-14 15:30:00,7491.368451820149
2019-12-14 16:00:00,7541.667760167284
2019-12-14 16:30:00,7542.804011655992
2019-12-14 17:00:00,7664.248076282413
2019-12-14 17:30:00,7643.491801275866
2019-12-14 18:00:00,7734.282479804651
2019-12-14 18:30:00,7726.23065490087
2019-12-14 19:00:00,7713.334511496829
2019-12-14 19:30:00,7713.334511496829
2019-12-14 20:00:00,7641.175006775619
2019-12-14 20:30:00,7581.827041560468
2019-12-14 21:00:00,7441.527137428492
2019-12-14 21:30:00,7446.429288647083
2019-12-14 22:00:00,7381.962227177131
2019-12-14 22:30:00,7337.337988244906
2019-12-14 23:00:00,7220.212128519539
2019-12-14 23:30:00,7059.859280200227
2019-12-15 00:00:00,6847.90897198904
2019-12-15 00:30:00,6657.219724639691
2019-12-15 01:00:00,6422.209958391142
2019-12-15 01:30:00,6247.787292087828
2019-12-15 02:00:00,6097.79873556467
2019-12-15 02:30:00,5975.25851406386
2019-12-15 03:00:00,5919.1658429400395
2019-12-15 03:30:00,5919.1658429400395
2019-12-15 04:00:00,5961.761836626833
2019-12-15 04:30:00,6010.279894238759
2019-12-15 05:00:00,6023.864291988291
2019-12-15 05:30:00,6133.594558811289
2019-12-15 06:00:00,6249.37352908999
2019-12-15 06:30:00,6336.116529477343
2019-12-15 07:00:00,6464.605306511982
2019-12-15 07:30:00,6566.92884380551
2019-12-15 08:00:00,6777.555718651367
2019-12-15 08:30:00,6814.029027109491
2019-12-15 09:00:00,6775.7945302904545
2019-12-15 09:30:00,6806.472555021509
2019-12-15 10:00:00,6891.008152297578
2019-12-15 10:30:00,6804.401731359709
2019-12-15 11:00:00,6901.409548117721
2019-12-15 11:30:00,6686.041411251827
2019-12-15 12:00:00,7083.236966287615
2019-12-15 12:30:00,6799.830580212103
2019-12-15 13:00:00,7234.955519044668
2019-12-15 13:30:00,7393.072135548501
2019-12-15 14:00:00,7483.671616977929
2019-12-15 14:30:00,7609.336718051365
2019-12-15 15:00:00,7849.550862453005
2019-12-15 15:30:00,7956.903127819282
2019-12-15 16:00:00,8178.854775226157
2019-12-15 16:30:00,8202.630694843854
2019-12-15 17:00:00,8318.722071474054
2019-12-15 17:30:00,8285.830693600568
2019-12-15 18:00:00,8462.708346677664
2019-12-15 18:30:00,8378.40428676962
2019-12-15 19:00:00,8354.867030382713
2019-12-15 19:30:00,8422.017755100942
2019-12-15 20:00:00,8352.323468984237
2019-12-15 20:30:00,8207.669036367954
2019-12-15 21:00:00,7908.921715980461
2019-12-15 21:30:00,7805.269173060106
2019-12-15 22:00:00,7449.669948867419
2019-12-15 22:30:00,7378.170565370537
2019-12-15 23:00:00,7131.271567969274
2019-12-15 23:30:00,6906.500239562254
2019-12-16 00:00:00,7180.354683086565
2019-12-16 00:30:00,6941.224426989302
2019-12-16 01:00:00,6729.504640009038
2019-12-16 01:30:00,6453.594277675313
2019-12-16 02:00:00,6323.258031360893
2019-12-16 02:30:00,6242.285357020174
2019-12-16 03:00:00,6307.605304549493
2019-12-16 03:30:00,6268.85393614585
2019-12-16 04:00:00,6374.636651369833
2019-12-16 04:30:00,6411.475852495853
2019-12-16 05:00:00,6900.2450853080445
2019-12-16 05:30:00,6981.217759648764
2019-12-16 06:00:00,7692.145129469639
2019-12-16 06:30:00,7822.787697102392
2019-12-16 07:00:00,8155.637859493517
2019-12-16 07:30:00,8373.548461826234
2019-12-16 08:00:00,8199.1516035129
2019-12-16 08:30:00,8434.635197527616
2019-12-16 09:00:00,8260.28401789424
2019-12-16 09:30:00,8201.578147725513
2019-12-16 10:00:00,8302.331684050116
2019-12-16 10:30:00,8209.229212927059
2019-12-16 11:00:00,8349.369919387696
2019-12-16 11:30:00,8506.464179245802
2019-12-16 12:00:00,8737.211997061902
2019-12-16 12:30:00,8805.102446638333
2019-12-16 13:00:00,9133.411935629056
2019-12-16 13:30:00,9123.950325936154
2019-12-16 14:00:00,9434.391785051504
2019-12-16 14:30:00,9531.759079842872
2019-12-16 15:00:00,9700.255699973271
2019-12-16 15:30:00,9756.72388990624
2019-12-16 16:00:00,9851.608830762918
2019-12-16 16:30:00,9888.55356877112
2019-12-16 17:00:00,10007.960369345505
2019-12-16 17:30:00,10086.744545653786
2019-12-16 18:00:00,9936.03998121741
2019-12-16 18:30:00,9782.239452237016
2019-12-16 19:00:00,9475.293141580889
2019-12-16 19:30:00,9472.073065813931
2019-12-16 20:00:00,9263.89467528514
2019-12-16 20:30:00,9170.12676496664
2019-12-16 21:00:00,9178.702217409007
2019-12-16 21:30:00,8792.559066357144
2019-12-16 22:00:00,8536.260296358887
2019-12-16 22:30:00,8482.766497129163
2019-12-16 23:00:00,8159.005393152366
2019-12-16 23:30:00,7980.6618654883705
2019-12-17 00:00:00,7616.255904604855
2019-12-17 00:30:00,7381.236153251485
2019-12-17 01:00:00,7195.0245481046695
2019-12-17 01:30:00,6864.570432657213
2019-12-17 02:00:00,6636.988176572423
2019-12-17 02:30:00,6491.302888401008
2019-12-17 03:00:00,6464.35531838461
2019-12-17 03:30:00,6464.197294702769
2019-12-17 04:00:00,6522.8947897671105
2019-12-17 04:30:00,6743.622413809975
2019-12-17 05:00:00,6878.59473333926
2019-12-17 05:30:00,7308.112501897379
2019-12-17 06:00:00,7618.6018749103405
2019-12-17 06:30:00,7849.3415531884175
2019-12-17 07:00:00,8147.62200077715
2019-12-17 07:30:00,8147.62200077715
2019-12-17 08:00:00,8249.046846551766
2019-12-17 08:30:00,8179.495824488402
2019-12-17 09:00:00,8169.482595628525
2019-12-17 09:30:00,8134.02246584274
2019-12-17 10:00:00,8127.413754616611
2019-12-17 10:30:00,8136.388826269601
2019-12-17 11:00:00,8114.365750114514
2019-12-17 11:30:00,8080.2748578369155
2019-12-17 12:00:00,8083.805160013213
2019-12-17 12:30:00,8083.805160013213
2019-12-17 13:00:00,8208.337395500781
2019-12-17 13:30:00,8214.377416598601
2019-12-17 14:00:00,8308.47864105197
2019-12-17 14:30:00,8283.152357394987
2019-12-17 15:00:00,8318.73087093441
2019-12-17 15:30:00,8431.376282531513
2019-12-17 16:00:00,8480.236083448786
2019-12-17 16:30:00,8603.615317427815
2019-12-17 17:00:00,8766.002383778343
2019-12-17 17:30:00,8743.35961556697
2019-12-17 18:00:00,8696.144903369946
2019-12-17 18:30:00,8615.894288299774
2019-12-17 19:00:00,8580.797792553481
2019-12-17 19:30:00,8551.7100855634
2019-12-17 20:00:00,8472.585799954815
2019-12-17 20:30:00,8347.870341926822
2019-12-17 21:00:00,8064.029153085523
2019-12-17 21:30:00,8043.682053837276
2019-12-17 22:00:00,7911.171975990114
2019-12-17 22:30:00,7855.322326984243
2019-12-17 23:00:00,7664.158900164538
2019-12-17 23:30:00,7499.775902259917
2019-12-18 00:00:00,7176.774382972876
2019-12-18 00:30:00,7065.566602753098
2019-12-18 01:00:00,6872.271596744381
2019-12-18 01:30:00,6611.923382742929
2019-12-18 02:00:00,6388.500372388511
2019-12-18 02:30:00,6265.960150887702
2019-12-18 03:00:00,6189.917319066723
2019-12-18 03:30:00,6238.7296972379145
2019-12-18 04:00:00,6272.164249810618
2019-12-18 04:30:00,6451.281891029014
2019-12-18 05:00:00,6700.954345298471
2019-12-18 05:30:00,7012.873148866963
2019-12-18 06:00:00,7289.975060858807
2019-12-18 06:30:00,7638.250235433775
2019-12-18 07:00:00,7870.196265790986
2019-12-18 07:30:00,7958.473232317135
2019-12-18 08:00:00,7988.814845599935
2019-12-18 08:30:00,7988.814845599935
2019-12-18 09:00:00,7999.419200682006
2019-12-18 09:30:00,7912.166100820214
2019-12-18 10:00:00,7805.97633061214
2019-12-18 10:30:00,7875.598309724193
2019-12-18 11:00:00,7792.477189724506
2019-12-18 11:30:00,7822.8969266930135
2019-12-18 12:00:00,7944.190439279088
2019-12-18 12:30:00,8115.809683921894
2019-12-18 13:00:00,8125.043353301561
2019-12-18 13:30:00,8224.387110743648
2019-12-18 14:00:00,8264.736285739715
2019-12-18 14:30:00,8437.253604598263
2019-12-18 15:00:00,8530.798575412473
2019-12-18 15:30:00,8712.50824742828
2019-12-18 16:00:00,8867.689947881336
2019-12-18 16:30:00,8966.138788136937
2019-12-18 17:00:00,9206.689086708355
2019-12-18 17:30:00,9104.645986100557
2019-12-18 18:00:00,9082.088555831579
2019-12-18 18:30:00,8990.743390750375
2019-12-18 19:00:00,8789.241523813927
2019-12-18 19:30:00,8730.310330217144
2019-12-18 20:00:00,8678.678878970617
2019-12-18 20:30:00,8475.181381301072
2019-12-18 21:00:00,8235.18824914274
2019-12-18 21:30:00,8061.936870365856
2019-12-18 22:00:00,7869.813636872066
2019-12-18 22:30:00,7828.90871367459
2019-12-18 23:00:00,7666.005335339524
2019-12-18 23:30:00,7493.2858045124085
2019-12-19 00:00:00,7348.730325939225
2019-12-19 00:30:00,7119.344539452459
2019-12-19 01:00:00,6891.826597680601
2019-12-19 01:30:00,6627.6710730295035
2019-12-19 02:00:00,6420.108270095395
2019-12-19 02:30:00,6322.269799326711
2019-12-19 03:00:00,6248.700118034183
2019-12-19 03:30:00,6299.267865093974
2019-12-19 04:00:00,6285.88746867018
2019-12-19 04:30:00,6498.622184009666
2019-12-19 05:00:00,6639.909508198432
2019-12-19 05:30:00,6979.036053760139
2019-12-19 06:00:00,7302.001906375811
2019-12-19 06:30:00,7594.427431944907
2019-12-19 07:00:00,7882.22311130799
2019-12-19 07:30:00,7886.133933053125
2019-12-19 08:00:00,7906.77456033527
2019-12-19 08:30:00,8034.932583394538
2019-12-19 09:00:00,8019.039890065687
2019-12-19 09:30:00,8125.920028405061
2019-12-19 10:00:00,8041.297293816598
2019-12-19 10:30:00,8041.297293816598
2019-12-19 11:00:00,8114.251002465649
2019-12-19 11:30:00,8180.170189759463
2019-12-19 12:00:00,8272.80475180605
2019-12-19 12:30:00,8372.281938316775
2019-12-19 13:00:00,8502.358762344167
2019-12-19 13:30:00,8692.405849914625
2019-12-19 14:00:00,8798.244700848782
2019-12-19 14:30:00,9050.336664983522
2019-12-19 15:00:00,9267.291607307809
2019-12-19 15:30:00,9497.195322481597
2019-12-19 16:00:00,9721.02200146247
2019-12-19 16:30:00,9755.694370280662
2019-12-19 17:00:00,9817.937931687027
2019-12-19 17:30:00,9844.122936419453
2019-12-19 18:00:00,9630.090169090232
2019-12-19 18:30:00,9468.895884806965
2019-12-19 19:00:00,9391.772856965039
2019-12-19 19:30:00,9373.096168741311
2019-12-19 20:00:00,9271.306216662942
2019-12-19 20:30:00,9047.429418718453
2019-12-19 21:00:00,8666.51391848805
2019-12-19 21:30:00,8533.044440037353
2019-12-19 22:00:00,8347.935379710312
2019-12-19 22:30:00,8150.8834913945275
2019-12-19 23:00:00,7943.716212924556
2019-12-19 23:30:00,7741.325629667374
2019-12-20 00:00:00,7588.4349169450215
2019-12-20 00:30:00,7337.5882197063265
2019-12-20 01:00:00,7157.275506779246
2019-12-20 01:30:00,6882.781313003098
2019-12-20 02:00:00,6640.721203145209
2019-12-20 02:30:00,6481.702275022679
2019-12-20 03:00:00,6394.515304851617
2019-12-20 03:30:00,6394.515304851617
2019-12-20 04:00:00,6373.3707520858125
2019-12-20 04:30:00,6593.444389673178
2019-12-20 05:00:00,6756.98594647775
2019-12-20 05:30:00,7091.404878025858
2019-12-20 06:00:00,7417.887775305624
2019-12-20 06:30:00,7662.356965735869
2019-12-20 07:00:00,8055.546271182481
2019-12-20 07:30:00,8178.037449036789
2019-12-20 08:00:00,8347.929104421148
2019-12-20 08:30:00,8505.465363234334
2019-12-20 09:00:00,8520.723534849236
2019-12-20 09:30:00,8699.879649410994
2019-12-20 10:00:00,8430.326002045509
2019-12-20 10:30:00,8677.495292745363
2019-12-20 11:00:00,8693.636485636687
2019-12-20 11:30:00,8315.14179404656
2019-12-20 12:00:00,8558.355266173034
2019-12-20 12:30:00,8937.56952861999
2019-12-20 13:00:00,9054.93894671558
2019-12-20 13:30:00,9169.272552808674
2019-12-20 14:00:00,9092.301004449668
2019-12-20 14:30:00,10051.152418006679
2019-12-20 15:00:00,10931.477518961448
2019-12-20 15:30:00,10720.355247627134
2019-12-20 16:00:00,10634.585533042695
2019-12-20 16:30:00,10567.424823439333
2019-12-20 17:00:00,10271.840477263766
2019-12-20 17:30:00,9960.182049982262
2019-12-20 18:00:00,9806.963448552464
2019-12-20 18:30:00,9580.987481954153
2019-12-20 19:00:00,9340.516151892201
2019-12-20 19:30:00,9236.788835339468
2019-12-20 20:00:00,9109.13959817322
2019-12-20 20:30:00,8891.125256259018
2019-12-20 21:00:00,8672.57283922379
2019-12-20 21:30:00,8455.132127680074
2019-12-20 22:00:00,8303.223713145073
2019-12-20 22:30:00,8125.67257788269
2019-12-20 23:00:00,7939.199114165622
2019-12-20 23:30:00,7677.048060157434
2019-12-21 00:00:00,7367.688219505711
2019-12-21 00:30:00,7191.07656564468
2019-12-21 01:00:00,6985.523760140251
2019-12-21 01:30:00,6713.059527334335
2019-12-21 02:00:00,6523.192849587887
2019-12-21 02:30:00,6389.154973603554
2019-12-21 03:00:00,6255.877955766071
2019-12-21 03:30:00,6258.778501640206
2019-12-21 04:00:00,6242.579732575552
2019-12-21 04:30:00,6411.541871288309
2019-12-21 05:00:00,6235.993760259106
2019-12-21 05:30:00,6578.280206304517
2019-12-21 06:00:00,6639.1244670821825
2019-12-21 06:30:00,6721.999385777398
2019-12-21 07:00:00,6988.404083557859
2019-12-21 07:30:00,7008.6792956547115
2019-12-21 08:00:00,7431.111131518346
2019-12-21 08:30:00,7456.4816153881975
2019-12-21 09:00:00,7545.496028869018
2019-12-21 09:30:00,7560.060125344097
2019-12-21 10:00:00,7623.332433240013
2019-12-21 10:30:00,7580.231282722322
2019-12-21 11:00:00,7618.548947455458
2019-12-21 11:30:00,7613.387512433801
2019-12-21 12:00:00,7844.6218173531015
2019-12-21 12:30:00,7980.028986868373
2019-12-21 13:00:00,8026.348146566594
2019-12-21 13:30:00,8218.870835425738
2019-12-21 14:00:00,8268.486444978464
2019-12-21 14:30:00,8429.854700613723
2019-12-21 15:00:00,8575.192803033731
2019-12-21 15:30:00,8762.024794504443
2019-12-21 16:00:00,8836.817854046545
2019-12-21 16:30:00,8957.280176256132
2019-12-21 17:00:00,8879.228840625476
2019-12-21 17:30:00,8772.36131511904
2019-12-21 18:00:00,8778.523430318428
2019-12-21 18:30:00,8817.94541893867
2019-12-21 19:00:00,8647.513685458387
2019-12-21 19:30:00,8512.11673705322
2019-12-21 20:00:00,8346.50866440589
2019-12-21 20:30:00,8195.239810622961
2019-12-21 21:00:00,7853.210096833984
2019-12-21 21:30:00,7799.2672353257285
2019-12-21 22:00:00,7547.826746576732
2019-12-21 22:30:00,7546.690495088023
2019-12-21 23:00:00,7436.909213434338
2019-12-21 23:30:00,7356.0407123795685
2019-12-22 00:00:00,7133.18222244778
2019-12-22 00:30:00,6977.988598294173
2019-12-22 01:00:00,6839.985174144899
2019-12-22 01:30:00,6465.028887743489
2019-12-22 02:00:00,6284.70688928088
2019-12-22 02:30:00,6202.089594926741
2019-12-22 03:00:00,6130.397596510011
2019-12-22 03:30:00,6096.868323545083
2019-12-22 04:00:00,6091.677748484459
2019-12-22 04:30:00,6119.014842917919
2019-12-22 05:00:00,6138.791419198919
2019-12-22 05:30:00,6241.7260173928125
2019-12-22 06:00:00,6277.40921479536
2019-12-22 06:30:00,6435.2874422785035
2019-12-22 07:00:00,6535.699829956908
2019-12-22 07:30:00,6826.776989372806
2019-12-22 08:00:00,7017.7410701748095
2019-12-22 08:30:00,7112.93291551185
2019-12-22 09:00:00,7375.313172735503
2019-12-22 09:30:00,7551.586846981677
2019-12-22 10:00:00,7721.739540677768
2019-12-22 10:30:00,7864.031622025906
2019-12-22 11:00:00,7990.858835710781
2019-12-22 11:30:00,7945.891750279727
2019-12-22 12:00:00,8151.874147037564
2019-12-22 12:30:00,8769.940661934772
2019-12-22 13:00:00,8647.975910208068
2019-12-22 13:30:00,8834.7643321766
2019-12-22 14:00:00,8954.89026493807
2019-12-22 14:30:00,9483.78354215782
2019-12-22 15:00:00,9889.662799565192
2019-12-22 15:30:00,9987.175614483902
2019-12-22 16:00:00,10026.544232069002
2019-12-22 16:30:00,10577.350642271325
2019-12-22 17:00:00,10149.724748991508
2019-12-22 17:30:00,9853.529909500812
2019-12-22 18:00:00,9844.73440519495
2019-12-22 18:30:00,9710.439440845495
2019-12-22 19:00:00,9599.882925001248
2019-12-22 19:30:00,9306.962799176252
2019-12-22 20:00:00,9098.44067080314
2019-12-22 20:30:00,8799.523846971391
2019-12-22 21:00:00,8354.80298425159
2019-12-22 21:30:00,8113.0087624569205
2019-12-22 22:00:00,7736.067606828691
2019-12-22 22:30:00,7527.03949000412
2019-12-22 23:00:00,7247.34768310317
2019-12-22 23:30:00,7010.683074598206
2019-12-23 00:00:00,7160.1076234633265
2019-12-23 00:30:00,6887.303268683305
2019-12-23 01:00:00,6637.113946357948
2019-12-23 01:30:00,6305.697193392506
2019-12-23 02:00:00,6187.108579107135
2019-12-23 02:30:00,6089.140139866091
2019-12-23 03:00:00,6055.668100801374
2019-12-23 03:30:00,5998.829821549645
2019-12-23 04:00:00,6080.378601897029
2019-12-23 04:30:00,6137.216881148757
2019-12-23 05:00:00,6557.972185044613
2019-12-23 05:30:00,6691.070100135444
2019-12-23 06:00:00,7298.372636822702
2019-12-23 06:30:00,7418.096679567064
2019-12-23 07:00:00,7901.843787018187
2019-12-23 07:30:00,8221.147689704007
2019-12-23 08:00:00,8074.799847015304
2019-12-23 08:30:00,8286.153552504524
2019-12-23 09:00:00,8120.518949627735
2019-12-23 09:30:00,8014.788243207728
2019-12-23 10:00:00,7950.143862289789
2019-12-23 10:30:00,7853.338451430879
2019-12-23 11:00:00,7664.746797153077
2019-12-23 11:30:00,7635.758348203482
2019-12-23 12:00:00,7555.692592648713
2019-12-23 12:30:00,7555.692592648713
2019-12-23 13:00:00,7637.162728163396
2019-12-23 13:30:00,7722.582294980773
2019-12-23 14:00:00,7764.585353163138
2019-12-23 14:30:00,7878.056612727391
2019-12-23 15:00:00,8059.928146397594
2019-12-23 15:30:00,8240.646412107202
2019-12-23 16:00:00,8413.850922029338
2019-12-23 16:30:00,8573.099407692642
2019-12-23 17:00:00,8587.151502234223
2019-12-23 17:30:00,8603.033335520113
2019-12-23 18:00:00,8515.054188733095
2019-12-23 18:30:00,8582.409694840717
2019-12-23 19:00:00,8385.777850630646
2019-12-23 19:30:00,8466.970123035777
2019-12-23 20:00:00,8396.067575940544
2019-12-23 20:30:00,8289.048577504158
2019-12-23 21:00:00,8176.1545999460095
2019-12-23 21:30:00,8024.564791291692
2019-12-23 22:00:00,7841.646194414227
2019-12-23 22:30:00,7720.867074995318
2019-12-23 23:00:00,7504.503147477541
2019-12-23 23:30:00,7308.5828062000755
2019-12-24 00:00:00,7090.349339766161
2019-12-24 00:30:00,6931.299100514118
2019-12-24 01:00:00,6641.48123119159
2019-12-24 01:30:00,6512.228746840785
2019-12-24 02:00:00,6204.817016455208
2019-12-24 02:30:00,6129.677727586783
2019-12-24 03:00:00,5994.877213204841
2019-12-24 03:30:00,6036.308746210831
2019-12-24 04:00:00,6070.833315939565
2019-12-24 04:30:00,6171.627500319601
2019-12-24 05:00:00,6318.980184118273
2019-12-24 05:30:00,6588.731378812182
2019-12-24 06:00:00,7092.10991693817
2019-12-24 06:30:00,7276.165191732368
2019-12-24 07:00:00,7869.247571130705
2019-12-24 07:30:00,7903.436942285305
2019-12-24 08:00:00,7939.518295595401
2019-12-24 08:30:00,8017.234937963517
2019-12-24 09:00:00,7878.238375948849
2019-12-24 09:30:00,7919.817204496727
2019-12-24 10:00:00,7836.115120931608
2019-12-24 10:30:00,7778.5136715926865
2019-12-24 11:00:00,7795.927726037841
2019-12-24 11:30:00,7885.346628738658
2019-12-24 12:00:00,7865.678451094057
2019-12-24 12:30:00,7814.344084575379
2019-12-24 13:00:00,7824.776556917347
2019-12-24 13:30:00,7849.846167672722
2019-12-24 14:00:00,7918.974767166483
2019-12-24 14:30:00,7947.733140306865
2019-12-24 15:00:00,8097.859177641603
2019-12-24 15:30:00,8245.689284455353
2019-12-24 16:00:00,8429.49910465714
2019-12-24 16:30:00,8493.190565459694
2019-12-24 17:00:00,8660.491270085768
2019-12-24 17:30:00,8659.45987534976
2019-12-24 18:00:00,8658.840851248147
2019-12-24 18:30:00,8560.740092783753
2019-12-24 19:00:00,8484.155066543994
2019-12-24 19:30:00,8457.210513685615
2019-12-24 20:00:00,8424.083295979577
2019-12-24 20:30:00,8251.803438126748
2019-12-24 21:00:00,8069.77554281581
2019-12-24 21:30:00,8063.735521717989
2019-12-24 22:00:00,7921.270420508295
2019-12-24 22:30:00,7912.746485240842
2019-12-24 23:00:00,7726.555264130524
2019-12-24 23:30:00,7603.873559301493
2019-12-25 00:00:00,6848.372739478635
2019-12-25 00:30:00,6684.874498444813
2019-12-25 01:00:00,6453.425926694011
2019-12-25 01:30:00,6286.925891674863
2019-12-25 02:00:00,6065.559251123515
2019-12-25 02:30:00,5942.110997862562
2019-12-25 03:00:00,5865.73878537469
2019-12-25 03:30:00,5869.57994737468
2019-12-25 04:00:00,5848.808936626125
2019-12-25 04:30:00,5997.249426236142
2019-12-25 05:00:00,6030.9327421410035
2019-12-25 05:30:00,6181.338113682762
2019-12-25 06:00:00,6207.622195286144
2019-12-25 06:30:00,6292.267059453917
2019-12-25 07:00:00,6644.783801696022
2019-12-25 07:30:00,6846.20124295201
2019-12-25 08:00:00,6947.055505760102
2019-12-25 08:30:00,7057.469303003232
2019-12-25 09:00:00,6963.90160355867
2019-12-25 09:30:00,7054.977754612349
2019-12-25 10:00:00,7265.748127605699
2019-12-25 10:30:00,7276.448672228988
2019-12-25 11:00:00,7313.301377986403
2019-12-25 11:30:00,7222.225226932725
2019-12-25 12:00:00,7304.576955771531
2019-12-25 12:30:00,7239.251913003371
2019-12-25 13:00:00,7379.170321656028
2019-12-25 13:30:00,7523.401752900674
2019-12-25 14:00:00,7379.848171659842
2019-12-25 14:30:00,7442.6953785451315
2019-12-25 15:00:00,7445.731008663444
2019-12-25 15:30:00,7480.428940822646
2019-12-25 16:00:00,7452.81676855522
2019-12-25 16:30:00,7563.694511334046
2019-12-25 17:00:00,7696.927730456684
2019-12-25 17:30:00,7517.019140516363
2019-12-25 18:00:00,7523.362921179995
2019-12-25 18:30:00,7562.360385173811
2019-12-25 19:00:00,7546.155109464872
2019-12-25 19:30:00,7386.236508030725
2019-12-25 20:00:00,7333.970640132876
2019-12-25 20:30:00,7402.683792642117
2019-12-25 21:00:00,7044.372027086434
2019-12-25 21:30:00,7044.372027086434
2019-12-25 22:00:00,6980.846744449531
2019-12-25 22:30:00,6958.346301680419
2019-12-25 23:00:00,6885.551823200143
2019-12-25 23:30:00,6718.43622770384
2019-12-26 00:00:00,6650.939334728794
2019-12-26 00:30:00,6437.632946371951
2019-12-26 01:00:00,6295.009927000002
2019-12-26 01:30:00,6063.360879607397
2019-12-26 02:00:00,5840.933018108798
2019-12-26 02:30:00,5774.462224826274
2019-12-26 03:00:00,5650.894325244993
2019-12-26 03:30:00,5650.894325244993
2019-12-26 04:00:00,5633.964476496427
2019-12-26 04:30:00,5702.2624802032105
2019-12-26 05:00:00,5701.033595753356
2019-12-26 05:30:00,5717.98696335834
2019-12-26 06:00:00,5849.263152171307
2019-12-26 06:30:00,5937.288473077501
2019-12-26 07:00:00,6165.264990666855
2019-12-26 07:30:00,6243.905364993098
2019-12-26 08:00:00,6519.802791211292
2019-12-26 08:30:00,6648.245408265906
2019-12-26 09:00:00,6637.203866573745
2019-12-26 09:30:00,6694.65879424411
2019-12-26 10:00:00,6676.545712495025
2019-12-26 10:30:00,6687.246257118314
2019-12-26 11:00:00,6666.283529907811
2019-12-26 11:30:00,6641.854359078039
2019-12-26 12:00:00,6630.381348595719
2019-12-26 12:30:00,6547.689162220268
2019-12-26 13:00:00,6591.1025578162735
2019-12-26 13:30:00,6674.586414242053
2019-12-26 14:00:00,6598.9302439033245
2019-12-26 14:30:00,6717.579286537421
2019-12-26 15:00:00,6823.761443907388
2019-12-26 15:30:00,6894.631105601818
2019-12-26 16:00:00,6933.792177525864
2019-12-26 16:30:00,7058.002805656989
2019-12-26 17:00:00,7219.233737256811
2019-12-26 17:30:00,7208.032845418624
2019-12-26 18:00:00,7259.241259174149
2019-12-26 18:30:00,7182.100770165868
2019-12-26 19:00:00,7261.666716120677
2019-12-26 19:30:00,7261.666716120677
2019-12-26 20:00:00,7220.121702119775
2019-12-26 20:30:00,7193.898877244149
2019-12-26 21:00:00,6869.4950295744375
2019-12-26 21:30:00,6877.707529849709
2019-12-26 22:00:00,6838.124479253907
2019-12-26 22:30:00,6781.220114014493
2019-12-26 23:00:00,6671.891722378775
2019-12-26 23:30:00,6518.334673441542
2019-12-27 00:00:00,6795.672585378708
2019-12-27 00:30:00,6659.666164030268
2019-12-27 01:00:00,6413.716231316355
2019-12-27 01:30:00,6155.835519990929
2019-12-27 02:00:00,5977.591881239453
2019-12-27 02:30:00,5874.613865521294
2019-12-27 03:00:00,5844.7326621258935
2019-12-27 03:30:00,5848.573824125883
2019-12-27 04:00:00,5835.445160607293
2019-12-27 04:30:00,5835.445160607293
2019-12-27 05:00:00,5937.854787421301
2019-12-27 05:30:00,5994.084361693761
2019-12-27 06:00:00,6199.0984612377115
2019-12-27 06:30:00,6280.018936610954
2019-12-27 07:00:00,6684.40561748183
2019-12-27 07:30:00,6789.747719883021
2019-12-27 08:00:00,6968.838518135791
2019-12-27 08:30:00,7078.31532013386
2019-12-27 09:00:00,7108.897841986703
2019-12-27 09:30:00,7189.382489732346
2019-12-27 10:00:00,7059.976403213962
2019-12-27 10:30:00,7205.7332004662985
2019-12-27 11:00:00,7206.912525259001
2019-12-27 11:30:00,7244.310297019603
2019-12-27 12:00:00,7399.29579645881
2019-12-27 12:30:00,7424.342484738283
2019-12-27 13:00:00,7523.233762335559
2019-12-27 13:30:00,7689.265423257375
2019-12-27 14:00:00,7815.482965657827
2019-12-27 14:30:00,7938.228094207587
2019-12-27 15:00:00,7999.421899002476
2019-12-27 15:30:00,8226.946372417451
2019-12-27 16:00:00,8429.702605438486
2019-12-27 16:30:00,8545.136852479754
2019-12-27 17:00:00,8480.620283596269
2019-12-27 17:30:00,8535.727669324
2019-12-27 18:00:00,8491.057923406957
2019-12-27 18:30:00,8347.007903739046
2019-12-27 19:00:00,8210.706393545865
2019-12-27 19:30:00,8163.57783403925
2019-12-27 20:00:00,8075.778556109161
2019-12-27 20:30:00,7865.479335888555
2019-12-27 21:00:00,7845.4473684200175
2019-12-27 21:30:00,7740.5171495517225
2019-12-27 22:00:00,7624.76977124103
2019-12-27 22:30:00,7547.212579846726
2019-12-27 23:00:00,7263.338954348181
2019-12-27 23:30:00,7069.973994701898
2019-12-28 00:00:00,6963.689394139785
2019-12-28 00:30:00,6800.3176981357865
2019-12-28 01:00:00,6563.636442529787
2019-12-28 01:30:00,6331.987395137182
2019-12-28 02:00:00,6012.697000051383
2019-12-28 02:30:00,5992.206958952068
2019-12-28 03:00:00,5856.0583715319835
2019-12-28 03:30:00,5859.899533531973
2019-12-28 04:00:00,5868.765134377024
2019-12-28 04:30:00,5931.017630488206
2019-12-28 05:00:00,5825.864166903173
2019-12-28 05:30:00,5945.235980449215
2019-12-28 06:00:00,6200.701051997193
2019-12-28 06:30:00,6379.1252582242205
2019-12-28 07:00:00,6720.905311158235
2019-12-28 07:30:00,6812.058432326871
2019-12-28 08:00:00,6945.60845498174
2019-12-28 08:30:00,7037.74789137935
2019-12-28 09:00:00,7322.887891937459
2019-12-28 09:30:00,7357.309507511604
2019-12-28 10:00:00,7239.783827616131
2019-12-28 10:30:00,7325.704884038007
2019-12-28 11:00:00,7277.000788395587
2019-12-28 11:30:00,7401.562844299542
2019-12-28 12:00:00,7535.496526976913
2019-12-28 12:30:00,7483.144724118272
2019-12-28 13:00:00,7495.766352017091
2019-12-28 13:30:00,7632.73892860998
2019-12-28 14:00:00,7713.286558906002
2019-12-28 14:30:00,7884.546471859193
2019-12-28 15:00:00,8035.173316790502
2019-12-28 15:30:00,8208.708627538352
2019-12-28 16:00:00,8389.563283916157
2019-12-28 16:30:00,8504.64800777816
2019-12-28 17:00:00,8668.911201380104
2019-12-28 17:30:00,8551.289517428613
2019-12-28 18:00:00,8580.429326275847
2019-12-28 18:30:00,8370.204123093738
2019-12-28 19:00:00,8245.171222730738
2019-12-28 19:30:00,8148.399590028708
2019-12-28 20:00:00,8089.571936023306
2019-12-28 20:30:00,7929.847886898731
2019-12-28 21:00:00,7576.648562773306
2019-12-28 21:30:00,7531.968538089124
2019-12-28 22:00:00,7448.854683720158
2019-12-28 22:30:00,7421.354756798
2019-12-28 23:00:00,7216.801903484616
2019-12-28 23:30:00,7163.916540698163
2019-12-29 00:00:00,6867.974734647601
2019-12-29 00:30:00,6583.803493237084
2019-12-29 01:00:00,6425.055802247294
2019-12-29 01:30:00,6233.864033609
2019-12-29 02:00:00,6059.336852727381
2019-12-29 02:30:00,5978.104357920012
2019-12-29 03:00:00,5894.135524870457
2019-12-29 03:30:00,5883.349839835468
2019-12-29 04:00:00,5823.7785277348585
2019-12-29 04:30:00,5879.612153363011
2019-12-29 05:00:00,5900.409823354892
2019-12-29 05:30:00,5928.133936473439
2019-12-29 06:00:00,5980.166872831718
2019-12-29 06:30:00,6060.528784615823
2019-12-29 07:00:00,6139.971364474432
2019-12-29 07:30:00,6198.296820941966
2019-12-29 08:00:00,6668.7459714604865
2019-12-29 08:30:00,6679.432567889851
2019-12-29 09:00:00,6669.84457126469
2019-12-29 09:30:00,6777.074973001807
2019-12-29 10:00:00,6964.028592986893
2019-12-29 10:30:00,7093.2754286119125
2019-12-29 11:00:00,7393.313765878364
2019-12-29 11:30:00,7431.968612244618
2019-12-29 12:00:00,7602.876958292464
2019-12-29 12:30:00,7871.391771381764
2019-12-29 13:00:00,8032.575904253462
2019-12-29 13:30:00,8153.718941752297
2019-12-29 14:00:00,8442.82104987501
2019-12-29 14:30:00,8736.1727856209
2019-12-29 15:00:00,9029.52983105517
2019-12-29 15:30:00,9259.433546228958
2019-12-29 16:00:00,9445.021815256521
2019-12-29 16:30:00,9595.581518342853
2019-12-29 17:00:00,9313.20713839578
2019-12-29 17:30:00,9657.937883641589
2019-12-29 18:00:00,9505.242630529552
2019-12-29 18:30:00,9300.85549139732
2019-12-29 19:00:00,9184.132348695759
2019-12-29 19:30:00,9138.52903822483
2019-12-29 20:00:00,9074.716038260454
2019-12-29 20:30:00,8819.748224580211
2019-12-29 21:00:00,8529.084953034886
2019-12-29 21:30:00,8303.635655733386
2019-12-29 22:00:00,7890.921797270411
2019-12-29 22:30:00,7742.259785360159
2019-12-29 23:00:00,7312.095995650337
2019-12-29 23:30:00,7117.902531687621
2019-12-30 00:00:00,7410.461059688886
2019-12-30 00:30:00,7189.096072412922
2019-12-30 01:00:00,6866.090015357642
2019-12-30 01:30:00,6534.579638639162
2019-12-30 02:00:00,6389.20026909198
2019-12-30 02:30:00,6224.642571679248
2019-12-30 03:00:00,6285.719729477645
2019-12-30 03:30:00,6243.057539328867
2019-12-30 04:00:00,6321.892133947422
2019-12-30 04:30:00,6363.5440482252
2019-12-30 05:00:00,6745.974444604631
2019-12-30 05:30:00,6784.725813008274
2019-12-30 06:00:00,7353.802565509668
2019-12-30 06:30:00,7468.699554425695
2019-12-30 07:00:00,7864.832669313259
2019-12-30 07:30:00,8250.42000944195
2019-12-30 08:00:00,8049.85181448151
2019-12-30 08:30:00,8415.125840397146
2019-12-30 09:00:00,8388.916992308485
2019-12-30 09:30:00,8585.677567488801
2019-12-30 10:00:00,8588.210193213356
2019-12-30 10:30:00,8718.5002027412
2019-12-30 11:00:00,8794.451037549981
2019-12-30 11:30:00,9095.952245195693
2019-12-30 12:00:00,9202.880322446403
2019-12-30 12:30:00,9436.282477663699
2019-12-30 13:00:00,9687.551935469373
2019-12-30 13:30:00,9750.669863202083
2019-12-30 14:00:00,9774.38405615298
2019-12-30 14:30:00,10017.81998780834
2019-12-30 15:00:00,10025.552032635314
2019-12-30 15:30:00,10180.17985907858
2019-12-30 16:00:00,10300.652633402897
2019-12-30 16:30:00,10308.995835799842
2019-12-30 17:00:00,10004.184766774533
2019-12-30 17:30:00,9943.241322140995
2019-12-30 18:00:00,10085.681363531385
2019-12-30 18:30:00,10116.483360948583
2019-12-30 19:00:00,9821.620651228051
2019-12-30 19:30:00,9861.24437010841
2019-12-30 20:00:00,9589.445448113656
2019-12-30 20:30:00,9382.65156808583
2019-12-30 21:00:00,9248.827048715213
2019-12-30 21:30:00,9127.58539977477
2019-12-30 22:00:00,8845.798974444577
2019-12-30 22:30:00,8705.867499340953
2019-12-30 23:00:00,8306.292924122223
2019-12-30 23:30:00,8039.02490909986
2019-12-31 00:00:00,7648.650507112304
2019-12-31 00:30:00,7436.332248958472
2019-12-31 01:00:00,7190.235108615858
2019-12-31 01:30:00,6822.5974811293245
2019-12-31 02:00:00,6554.71898572907
2019-12-31 02:30:00,6451.406087383016
2019-12-31 03:00:00,6378.593204555079
2019-12-31 03:30:00,6330.115996323386
2019-12-31 04:00:00,6352.19526981374
2019-12-31 04:30:00,6448.751883524096
2019-12-31 05:00:00,6580.21581776159
2019-12-31 05:30:00,6731.184342230455
2019-12-31 06:00:00,7172.925068336418
2019-12-31 06:30:00,7365.213125357053
2019-12-31 07:00:00,7828.223446647496
2019-12-31 07:30:00,7862.971696501799
2019-12-31 08:00:00,8049.19663088843
2019-12-31 08:30:00,8110.739999997522
2019-12-31 09:00:00,8157.245061141667
2019-12-31 09:30:00,8237.172320544358
2019-12-31 10:00:00,8251.019014035546
2019-12-31 10:30:00,8422.47032615712
2019-12-31 11:00:00,8548.572751303638
2019-12-31 11:30:00,8622.377730644077
2019-12-31 12:00:00,8857.49280850085
2019-12-31 12:30:00,9078.618989219709
2019-12-31 13:00:00,9221.590539770634
2019-12-31 13:30:00,9395.582896838227
2019-12-31 14:00:00,9441.342622797647
2019-12-31 14:30:00,9512.376149380118
2019-12-31 15:00:00,9931.875863452538
2019-12-31 15:30:00,9866.086161315883
2019-12-31 16:00:00,10124.730584889667
2019-12-31 16:30:00,10227.275034439843
2019-12-31 17:00:00,9845.99776887401
2019-12-31 17:30:00,9752.959710891897
2019-12-31 18:00:00,10162.709001178751
2019-12-31 18:30:00,9945.669797643402
2019-12-31 19:00:00,9300.308043100424
2019-12-31 19:30:00,9512.067154143913
2019-12-31 20:00:00,9690.748395655919
2019-12-31 20:30:00,9478.875144071768
2019-12-31 21:00:00,9092.89215948361
2019-12-31 21:30:00,8850.298231185658
2019-12-31 22:00:00,8611.510890641835
2019-12-31 22:30:00,8442.13458876026
2019-12-31 23:00:00,8041.348194523626
2019-12-31 23:30:00,7841.496178064463
