DATETIME,lightgbm
2019-01-01 00:00:00,7706.602257308996
2019-01-01 00:30:00,7473.824714702479
2019-01-01 01:00:00,7424.570087745139
2019-01-01 01:30:00,7130.0810132682045
2019-01-01 02:00:00,6928.789558459112
2019-01-01 02:30:00,6781.9821885569545
2019-01-01 03:00:00,6724.593114169468
2019-01-01 03:30:00,6722.635628155146
2019-01-01 04:00:00,6542.029888242919
2019-01-01 04:30:00,6634.083687884578
2019-01-01 05:00:00,6600.6589566818575
2019-01-01 05:30:00,6763.626644890585
2019-01-01 06:00:00,6749.933014777683
2019-01-01 06:30:00,6956.959449260999
2019-01-01 07:00:00,7284.117110741991
2019-01-01 07:30:00,7459.5002547615295
2019-01-01 08:00:00,7706.430498821073
2019-01-01 08:30:00,7806.465741700711
2019-01-01 09:00:00,7928.494395344491
2019-01-01 09:30:00,8056.382167505781
2019-01-01 10:00:00,8270.275656795113
2019-01-01 10:30:00,8210.427047786974
2019-01-01 11:00:00,8389.006643036251
2019-01-01 11:30:00,8441.85823340856
2019-01-01 12:00:00,8614.49462746902
2019-01-01 12:30:00,9223.921964579533
2019-01-01 13:00:00,9594.299510694127
2019-01-01 13:30:00,10055.751128250271
2019-01-01 14:00:00,10001.433718501012
2019-01-01 14:30:00,10957.79722114316
2019-01-01 15:00:00,11347.15977076961
2019-01-01 15:30:00,11373.409348962561
2019-01-01 16:00:00,10905.186262100013
2019-01-01 16:30:00,10855.432932674401
2019-01-01 17:00:00,10368.186425697615
2019-01-01 17:30:00,9415.62781998728
2019-01-01 18:00:00,8863.0143502706
2019-01-01 18:30:00,8490.461884598863
2019-01-01 19:00:00,8430.219930614507
2019-01-01 19:30:00,8192.861198322826
2019-01-01 20:00:00,8111.329590631945
2019-01-01 20:30:00,7909.358422847474
2019-01-01 21:00:00,7773.314639800339
2019-01-01 21:30:00,7799.498267049351
2019-01-01 22:00:00,7854.836532970128
2019-01-01 22:30:00,7800.009912545313
2019-01-01 23:00:00,7573.402432688046
2019-01-01 23:30:00,7468.836679081029
2019-01-02 00:00:00,7844.016571776344
2019-01-02 00:30:00,7646.663546662405
2019-01-02 01:00:00,7439.043180338275
2019-01-02 01:30:00,7153.2222666981015
2019-01-02 02:00:00,6855.704408774817
2019-01-02 02:30:00,6725.991487684757
2019-01-02 03:00:00,6511.760504385129
2019-01-02 03:30:00,6492.87344596838
2019-01-02 04:00:00,6380.163189118073
2019-01-02 04:30:00,6377.260058552601
2019-01-02 05:00:00,6450.036365816213
2019-01-02 05:30:00,6483.730881413397
2019-01-02 06:00:00,6908.054834982359
2019-01-02 06:30:00,6966.026620632539
2019-01-02 07:00:00,7360.6235825456915
2019-01-02 07:30:00,7454.857997474937
2019-01-02 08:00:00,7667.716971015377
2019-01-02 08:30:00,7892.068354619282
2019-01-02 09:00:00,7905.225108321537
2019-01-02 09:30:00,8165.965295821994
2019-01-02 10:00:00,8456.179861636267
2019-01-02 10:30:00,8757.38602194326
2019-01-02 11:00:00,9046.5180991556
2019-01-02 11:30:00,9060.810417630724
2019-01-02 12:00:00,9327.436607292817
2019-01-02 12:30:00,9496.44276970005
2019-01-02 13:00:00,9597.712310762752
2019-01-02 13:30:00,9910.583977283219
2019-01-02 14:00:00,10006.726013475116
2019-01-02 14:30:00,10165.64155740718
2019-01-02 15:00:00,10320.324584449843
2019-01-02 15:30:00,10596.687757356192
2019-01-02 16:00:00,10669.926264389742
2019-01-02 16:30:00,10821.551095276385
2019-01-02 17:00:00,10947.453508646317
2019-01-02 17:30:00,11023.404279695416
2019-01-02 18:00:00,10713.735029704309
2019-01-02 18:30:00,10689.657221794077
2019-01-02 19:00:00,10024.185529544699
2019-01-02 19:30:00,9752.502077227542
2019-01-02 20:00:00,9747.11697577671
2019-01-02 20:30:00,9656.351111967751
2019-01-02 21:00:00,9381.995489513656
2019-01-02 21:30:00,9192.29362606587
2019-01-02 22:00:00,8801.820696054503
2019-01-02 22:30:00,8620.088146478967
2019-01-02 23:00:00,8239.708329875431
2019-01-02 23:30:00,7985.015342544533
2019-01-03 00:00:00,7995.261062816589
2019-01-03 00:30:00,7673.297492084531
2019-01-03 01:00:00,7416.026984841848
2019-01-03 01:30:00,7122.844387043605
2019-01-03 02:00:00,6767.032836565284
2019-01-03 02:30:00,6653.614665142695
2019-01-03 03:00:00,6588.994987157847
2019-01-03 03:30:00,6588.994987157847
2019-01-03 04:00:00,6648.859892299596
2019-01-03 04:30:00,6730.875516987697
2019-01-03 05:00:00,6834.861809321223
2019-01-03 05:30:00,7214.489747699591
2019-01-03 06:00:00,7433.425086517414
2019-01-03 06:30:00,7781.875378613859
2019-01-03 07:00:00,8302.456890144593
2019-01-03 07:30:00,8342.725027575909
2019-01-03 08:00:00,8793.22294748487
2019-01-03 08:30:00,9070.723609737826
2019-01-03 09:00:00,9293.675434058712
2019-01-03 09:30:00,9431.686778172809
2019-01-03 10:00:00,9588.84070154005
2019-01-03 10:30:00,9819.34798518627
2019-01-03 11:00:00,9981.25848446597
2019-01-03 11:30:00,10071.87329287552
2019-01-03 12:00:00,10306.859704147437
2019-01-03 12:30:00,10342.708392024597
2019-01-03 13:00:00,10541.388073699116
2019-01-03 13:30:00,10624.243875562863
2019-01-03 14:00:00,10762.84547953589
2019-01-03 14:30:00,11001.812271867577
2019-01-03 15:00:00,11017.158326082501
2019-01-03 15:30:00,10882.366078101484
2019-01-03 16:00:00,10854.578526149493
2019-01-03 16:30:00,10673.835104323869
2019-01-03 17:00:00,10838.89178509997
2019-01-03 17:30:00,10762.160440499645
2019-01-03 18:00:00,10378.680079447378
2019-01-03 18:30:00,10240.508192925066
2019-01-03 19:00:00,9967.140187481475
2019-01-03 19:30:00,9856.193190981605
2019-01-03 20:00:00,9763.69774623017
2019-01-03 20:30:00,9442.569053732595
2019-01-03 21:00:00,9149.987067201339
2019-01-03 21:30:00,9081.855683001904
2019-01-03 22:00:00,8616.187606749094
2019-01-03 22:30:00,8544.078044677683
2019-01-03 23:00:00,8273.972373207938
2019-01-03 23:30:00,8084.915676068126
2019-01-04 00:00:00,7930.91579769839
2019-01-04 00:30:00,7630.640026533134
2019-01-04 01:00:00,7396.438715932148
2019-01-04 01:30:00,7153.353469763096
2019-01-04 02:00:00,6871.252646670041
2019-01-04 02:30:00,6736.782189204075
2019-01-04 03:00:00,6684.329123140949
2019-01-04 03:30:00,6665.489988885656
2019-01-04 04:00:00,6660.468800165536
2019-01-04 04:30:00,6730.803898098329
2019-01-04 05:00:00,6926.603113727251
2019-01-04 05:30:00,7141.314536698564
2019-01-04 06:00:00,7404.613054910685
2019-01-04 06:30:00,7686.585084228453
2019-01-04 07:00:00,8065.055514235951
2019-01-04 07:30:00,8313.83352092649
2019-01-04 08:00:00,8699.045452175902
2019-01-04 08:30:00,8885.87839760672
2019-01-04 09:00:00,9124.791020595561
2019-01-04 09:30:00,9312.72707729028
2019-01-04 10:00:00,9441.643052102349
2019-01-04 10:30:00,9537.71886243531
2019-01-04 11:00:00,9666.732391250225
2019-01-04 11:30:00,9763.618055537507
2019-01-04 12:00:00,9953.731216025835
2019-01-04 12:30:00,10002.128147931644
2019-01-04 13:00:00,10129.252228652023
2019-01-04 13:30:00,10213.492423015276
2019-01-04 14:00:00,10484.327866364602
2019-01-04 14:30:00,10638.959932097618
2019-01-04 15:00:00,10797.312906758823
2019-01-04 15:30:00,10914.491486629653
2019-01-04 16:00:00,10930.745062373262
2019-01-04 16:30:00,10886.703934677662
2019-01-04 17:00:00,10934.975725600349
2019-01-04 17:30:00,10758.506507252838
2019-01-04 18:00:00,10270.707203457074
2019-01-04 18:30:00,10149.392540606856
2019-01-04 19:00:00,9797.193803705439
2019-01-04 19:30:00,9628.922918195884
2019-01-04 20:00:00,9616.404341302112
2019-01-04 20:30:00,9429.628148678321
2019-01-04 21:00:00,9192.615965469407
2019-01-04 21:30:00,9097.006140586926
2019-01-04 22:00:00,8879.519046367934
2019-01-04 22:30:00,8591.177252606607
2019-01-04 23:00:00,8298.644719289665
2019-01-04 23:30:00,8111.43451519302
2019-01-05 00:00:00,7699.348739235089
2019-01-05 00:30:00,7580.0345871898735
2019-01-05 01:00:00,7227.950395087887
2019-01-05 01:30:00,6953.265007201749
2019-01-05 02:00:00,6677.663016139599
2019-01-05 02:30:00,6609.218515694299
2019-01-05 03:00:00,6438.970931871457
2019-01-05 03:30:00,6438.970931871457
2019-01-05 04:00:00,6383.090643407244
2019-01-05 04:30:00,6489.7869177832545
2019-01-05 05:00:00,6275.887710641157
2019-01-05 05:30:00,6488.747836528098
2019-01-05 06:00:00,6599.433060063552
2019-01-05 06:30:00,6749.8944618098
2019-01-05 07:00:00,7132.624563576075
2019-01-05 07:30:00,7229.141880241818
2019-01-05 08:00:00,7763.372414130694
2019-01-05 08:30:00,7969.380659274009
2019-01-05 09:00:00,8224.111002722306
2019-01-05 09:30:00,8320.443014024924
2019-01-05 10:00:00,8450.701234442624
2019-01-05 10:30:00,8796.46956921879
2019-01-05 11:00:00,9136.98309524228
2019-01-05 11:30:00,9066.660956652826
2019-01-05 12:00:00,9068.653263403465
2019-01-05 12:30:00,9421.141785685371
2019-01-05 13:00:00,9593.746326703695
2019-01-05 13:30:00,9715.727659403541
2019-01-05 14:00:00,9807.097816700354
2019-01-05 14:30:00,10017.135840157758
2019-01-05 15:00:00,10106.23126668711
2019-01-05 15:30:00,10207.039659192043
2019-01-05 16:00:00,10379.105384500173
2019-01-05 16:30:00,10439.3352284805
2019-01-05 17:00:00,10177.444013520193
2019-01-05 17:30:00,9877.52463830056
2019-01-05 18:00:00,9786.308581820515
2019-01-05 18:30:00,9649.348031649422
2019-01-05 19:00:00,9295.466789337095
2019-01-05 19:30:00,9319.406198527475
2019-01-05 20:00:00,9319.2326051274
2019-01-05 20:30:00,9112.132839115737
2019-01-05 21:00:00,8899.290715093732
2019-01-05 21:30:00,8709.435327372634
2019-01-05 22:00:00,8578.378626739837
2019-01-05 22:30:00,8401.385018934296
2019-01-05 23:00:00,8159.416391524691
2019-01-05 23:30:00,7929.86413394121
2019-01-06 00:00:00,7670.836670395769
2019-01-06 00:30:00,7467.6353505188745
2019-01-06 01:00:00,7119.516945572163
2019-01-06 01:30:00,6865.369556867708
2019-01-06 02:00:00,6680.229798802402
2019-01-06 02:30:00,6563.762528503324
2019-01-06 03:00:00,6470.920914491028
2019-01-06 03:30:00,6379.8767124299475
2019-01-06 04:00:00,6314.952236317673
2019-01-06 04:30:00,6388.61683601025
2019-01-06 05:00:00,6392.01373327614
2019-01-06 05:30:00,6465.927259121569
2019-01-06 06:00:00,6526.661953251185
2019-01-06 06:30:00,6837.724433896607
2019-01-06 07:00:00,7015.114312445244
2019-01-06 07:30:00,7316.677104438351
2019-01-06 08:00:00,7046.770536983859
2019-01-06 08:30:00,7391.582064555583
2019-01-06 09:00:00,7626.423096041362
2019-01-06 09:30:00,7794.408703932376
2019-01-06 10:00:00,8033.632490247065
2019-01-06 10:30:00,8185.188446691252
2019-01-06 11:00:00,8330.742187999518
2019-01-06 11:30:00,8909.218817911293
2019-01-06 12:00:00,9343.306794983795
2019-01-06 12:30:00,9398.310621789295
2019-01-06 13:00:00,9526.41298711202
2019-01-06 13:30:00,9443.969329272533
2019-01-06 14:00:00,9409.602624931616
2019-01-06 14:30:00,9088.837091252613
2019-01-06 15:00:00,8972.824437285246
2019-01-06 15:30:00,9008.402377596687
2019-01-06 16:00:00,9092.117873556272
2019-01-06 16:30:00,8965.712781886074
2019-01-06 17:00:00,9014.287938365027
2019-01-06 17:30:00,8784.791987141187
2019-01-06 18:00:00,8815.129419675137
2019-01-06 18:30:00,8653.416098388563
2019-01-06 19:00:00,8511.704919539137
2019-01-06 19:30:00,8442.766326826299
2019-01-06 20:00:00,8367.201550427404
2019-01-06 20:30:00,8230.619633130218
2019-01-06 21:00:00,7903.65680934124
2019-01-06 21:30:00,7744.271004384594
2019-01-06 22:00:00,7387.692303726354
2019-01-06 22:30:00,7349.359638454317
2019-01-06 23:00:00,7090.132726740852
2019-01-06 23:30:00,6925.83539503174
2019-01-07 00:00:00,7034.210469606368
2019-01-07 00:30:00,6911.839507752061
2019-01-07 01:00:00,6745.191455295999
2019-01-07 01:30:00,6494.569186283439
2019-01-07 02:00:00,6214.779639431725
2019-01-07 02:30:00,6133.132259509811
2019-01-07 03:00:00,6107.247957263888
2019-01-07 03:30:00,6120.768365166797
2019-01-07 04:00:00,6202.3035626934725
2019-01-07 04:30:00,6215.607921161115
2019-01-07 05:00:00,6680.049722519686
2019-01-07 05:30:00,6723.152773115752
2019-01-07 06:00:00,7520.347114858977
2019-01-07 06:30:00,7691.981392378416
2019-01-07 07:00:00,8116.857451764027
2019-01-07 07:30:00,8313.324684808806
2019-01-07 08:00:00,8103.021050662628
2019-01-07 08:30:00,8265.006884747125
2019-01-07 09:00:00,8123.9868042050075
2019-01-07 09:30:00,8184.246974527643
2019-01-07 10:00:00,8193.965086243355
2019-01-07 10:30:00,8193.965086243355
2019-01-07 11:00:00,8099.7340246442645
2019-01-07 11:30:00,7978.780608450445
2019-01-07 12:00:00,8055.357739197626
2019-01-07 12:30:00,7949.971818096754
2019-01-07 13:00:00,8105.18833740277
2019-01-07 13:30:00,8144.69275858333
2019-01-07 14:00:00,8192.170467468199
2019-01-07 14:30:00,8242.88685191424
2019-01-07 15:00:00,8302.416993493898
2019-01-07 15:30:00,8343.643568503185
2019-01-07 16:00:00,8485.043269875803
2019-01-07 16:30:00,8636.505717165915
2019-01-07 17:00:00,8677.871286367003
2019-01-07 17:30:00,8723.742268077513
2019-01-07 18:00:00,8731.562373614568
2019-01-07 18:30:00,8663.39994149985
2019-01-07 19:00:00,8494.531809503467
2019-01-07 19:30:00,8392.264707936662
2019-01-07 20:00:00,8406.065657219619
2019-01-07 20:30:00,8336.429031190344
2019-01-07 21:00:00,8179.347894903623
2019-01-07 21:30:00,7900.496788955335
2019-01-07 22:00:00,7787.263953549609
2019-01-07 22:30:00,7682.926207083702
2019-01-07 23:00:00,7427.93034493722
2019-01-07 23:30:00,7263.502549284014
2019-01-08 00:00:00,7145.346438353382
2019-01-08 00:30:00,7061.620897942865
2019-01-08 01:00:00,6840.837283185215
2019-01-08 01:30:00,6578.017175620479
2019-01-08 02:00:00,6321.421977683339
2019-01-08 02:30:00,6268.549646320493
2019-01-08 03:00:00,6168.175501512794
2019-01-08 03:30:00,6234.226084050417
2019-01-08 04:00:00,6225.7269244279305
2019-01-08 04:30:00,6424.60792288916
2019-01-08 05:00:00,6711.644834871673
2019-01-08 05:30:00,6990.35797299914
2019-01-08 06:00:00,7504.353393006678
2019-01-08 06:30:00,7700.736831228638
2019-01-08 07:00:00,8074.272706485562
2019-01-08 07:30:00,8183.4186408884225
2019-01-08 08:00:00,8332.101447334886
2019-01-08 08:30:00,8551.923864556025
2019-01-08 09:00:00,8590.02252766683
2019-01-08 09:30:00,8591.318593256361
2019-01-08 10:00:00,8636.486039257365
2019-01-08 10:30:00,8611.857530999092
2019-01-08 11:00:00,8619.842626479589
2019-01-08 11:30:00,8641.314252632623
2019-01-08 12:00:00,8623.977462571369
2019-01-08 12:30:00,8727.413821072458
2019-01-08 13:00:00,8685.967608774918
2019-01-08 13:30:00,8685.288527039433
2019-01-08 14:00:00,8718.820973047275
2019-01-08 14:30:00,8707.307537873252
2019-01-08 15:00:00,8862.877422184072
2019-01-08 15:30:00,8901.92304600778
2019-01-08 16:00:00,8998.679375353511
2019-01-08 16:30:00,9018.505828872805
2019-01-08 17:00:00,9158.795468779037
2019-01-08 17:30:00,9098.360975189491
2019-01-08 18:00:00,9040.851898815328
2019-01-08 18:30:00,8891.763497873026
2019-01-08 19:00:00,8753.57214857408
2019-01-08 19:30:00,8753.57214857408
2019-01-08 20:00:00,8719.16498203042
2019-01-08 20:30:00,8621.611411647247
2019-01-08 21:00:00,8403.02857092887
2019-01-08 21:30:00,8400.911594161207
2019-01-08 22:00:00,8170.912379951174
2019-01-08 22:30:00,8170.912379951174
2019-01-08 23:00:00,8002.815685719298
2019-01-08 23:30:00,7864.177003541179
2019-01-09 00:00:00,7710.127068776149
2019-01-09 00:30:00,7541.110227789444
2019-01-09 01:00:00,7227.098126260661
2019-01-09 01:30:00,7074.124323879388
2019-01-09 02:00:00,6769.141000388198
2019-01-09 02:30:00,6623.409965133553
2019-01-09 03:00:00,6588.961557837966
2019-01-09 03:30:00,6571.466198993843
2019-01-09 04:00:00,6627.295468888489
2019-01-09 04:30:00,6786.420030705971
2019-01-09 05:00:00,7034.008078475126
2019-01-09 05:30:00,7385.346876203657
2019-01-09 06:00:00,7682.406785045492
2019-01-09 06:30:00,7984.055652499335
2019-01-09 07:00:00,8282.923283692384
2019-01-09 07:30:00,8718.346657765655
2019-01-09 08:00:00,9030.69530380208
2019-01-09 08:30:00,9228.338250336132
2019-01-09 09:00:00,9280.49278262939
2019-01-09 09:30:00,9394.773664880453
2019-01-09 10:00:00,9461.69580055016
2019-01-09 10:30:00,9517.901020400941
2019-01-09 11:00:00,9614.791705578271
2019-01-09 11:30:00,9626.718893985146
2019-01-09 12:00:00,9782.768052068384
2019-01-09 12:30:00,9921.684137811058
2019-01-09 13:00:00,10102.026851544375
2019-01-09 13:30:00,10173.85110774925
2019-01-09 14:00:00,10310.202126482844
2019-01-09 14:30:00,10482.326546539953
2019-01-09 15:00:00,10751.981674060735
2019-01-09 15:30:00,10835.26221938219
2019-01-09 16:00:00,10710.182498751474
2019-01-09 16:30:00,10728.294923372441
2019-01-09 17:00:00,10751.475819067455
2019-01-09 17:30:00,10680.983879021262
2019-01-09 18:00:00,10184.549921040889
2019-01-09 18:30:00,9930.772785413246
2019-01-09 19:00:00,9538.707544221048
2019-01-09 19:30:00,9577.796270789602
2019-01-09 20:00:00,9697.090887661556
2019-01-09 20:30:00,9447.654229675705
2019-01-09 21:00:00,9126.254738670452
2019-01-09 21:30:00,8856.66605527526
2019-01-09 22:00:00,8605.120725834024
2019-01-09 22:30:00,8389.31626789647
2019-01-09 23:00:00,8214.27352903476
2019-01-09 23:30:00,7928.370878152254
2019-01-10 00:00:00,7703.889713917551
2019-01-10 00:30:00,7374.170885001981
2019-01-10 01:00:00,7172.659719536896
2019-01-10 01:30:00,6845.799134268977
2019-01-10 02:00:00,6608.8339100593075
2019-01-10 02:30:00,6497.96012322454
2019-01-10 03:00:00,6445.130260337131
2019-01-10 03:30:00,6416.767092762688
2019-01-10 04:00:00,6466.547971916653
2019-01-10 04:30:00,6688.278821617002
2019-01-10 05:00:00,6841.471830927225
2019-01-10 05:30:00,7114.34578965528
2019-01-10 06:00:00,7502.854154738626
2019-01-10 06:30:00,7896.850907812441
2019-01-10 07:00:00,8158.470697833829
2019-01-10 07:30:00,8422.724259801345
2019-01-10 08:00:00,8555.167949332656
2019-01-10 08:30:00,8741.116339809905
2019-01-10 09:00:00,8992.311945716274
2019-01-10 09:30:00,9062.8942256592
2019-01-10 10:00:00,9164.13559408839
2019-01-10 10:30:00,9442.802482166853
2019-01-10 11:00:00,9563.811753926337
2019-01-10 11:30:00,9595.587175789396
2019-01-10 12:00:00,9746.10527736101
2019-01-10 12:30:00,9801.886601978304
2019-01-10 13:00:00,9932.295041037996
2019-01-10 13:30:00,9932.295041037996
2019-01-10 14:00:00,10006.136653955788
2019-01-10 14:30:00,10011.08476040911
2019-01-10 15:00:00,9974.029983467823
2019-01-10 15:30:00,9978.978089921146
2019-01-10 16:00:00,10007.48269045509
2019-01-10 16:30:00,9895.812162936023
2019-01-10 17:00:00,9756.778520064521
2019-01-10 17:30:00,9540.324564349283
2019-01-10 18:00:00,9418.456556788584
2019-01-10 18:30:00,9349.809242837204
2019-01-10 19:00:00,9191.87592681804
2019-01-10 19:30:00,9123.508586906752
2019-01-10 20:00:00,8971.761501880557
2019-01-10 20:30:00,8891.724660888658
2019-01-10 21:00:00,8508.002825228787
2019-01-10 21:30:00,8388.263632008706
2019-01-10 22:00:00,8133.043150926962
2019-01-10 22:30:00,8026.516068753428
2019-01-10 23:00:00,7823.988293511046
2019-01-10 23:30:00,7689.4289763338775
2019-01-11 00:00:00,7777.461894447128
2019-01-11 00:30:00,7565.299889071744
2019-01-11 01:00:00,7312.1131602100095
2019-01-11 01:30:00,6963.262336642612
2019-01-11 02:00:00,6690.525133933029
2019-01-11 02:30:00,6582.834136855662
2019-01-11 03:00:00,6583.0945880788495
2019-01-11 03:30:00,6555.2483161416885
2019-01-11 04:00:00,6579.591515560542
2019-01-11 04:30:00,6763.816191611041
2019-01-11 05:00:00,6887.008931829982
2019-01-11 05:30:00,7222.959777461592
2019-01-11 06:00:00,7620.035018695457
2019-01-11 06:30:00,7938.257240530212
2019-01-11 07:00:00,8205.782087348418
2019-01-11 07:30:00,8526.233677168711
2019-01-11 08:00:00,8670.40317158812
2019-01-11 08:30:00,8725.210954191869
2019-01-11 09:00:00,8899.094012676615
2019-01-11 09:30:00,8994.456589366331
2019-01-11 10:00:00,9001.467982030334
2019-01-11 10:30:00,8927.076258143648
2019-01-11 11:00:00,8860.477253785803
2019-01-11 11:30:00,8831.048499498127
2019-01-11 12:00:00,8824.894378621233
2019-01-11 12:30:00,8824.894378621233
2019-01-11 13:00:00,8823.220283388024
2019-01-11 13:30:00,8927.040761562384
2019-01-11 14:00:00,9034.94460091258
2019-01-11 14:30:00,9059.135605684814
2019-01-11 15:00:00,9043.707412573527
2019-01-11 15:30:00,9101.020031545171
2019-01-11 16:00:00,9160.951167959014
2019-01-11 16:30:00,9213.631692951509
2019-01-11 17:00:00,9233.660834420096
2019-01-11 17:30:00,9205.20686223018
2019-01-11 18:00:00,9002.696140253496
2019-01-11 18:30:00,8904.272168156804
2019-01-11 19:00:00,8740.923505630923
2019-01-11 19:30:00,8725.47729771387
2019-01-11 20:00:00,8715.7203313942
2019-01-11 20:30:00,8451.003030306041
2019-01-11 21:00:00,8248.381062429593
2019-01-11 21:30:00,8248.138591654584
2019-01-11 22:00:00,8088.28724174383
2019-01-11 22:30:00,8040.706216549169
2019-01-11 23:00:00,7829.8459012407575
2019-01-11 23:30:00,7678.148014633471
2019-01-12 00:00:00,7154.312900202576
2019-01-12 00:30:00,7042.7904799876715
2019-01-12 01:00:00,6730.63046461298
2019-01-12 01:30:00,6567.108263214215
2019-01-12 02:00:00,6271.806883727566
2019-01-12 02:30:00,6139.763212933499
2019-01-12 03:00:00,6056.439101494862
2019-01-12 03:30:00,6056.439101494862
2019-01-12 04:00:00,6047.648266951051
2019-01-12 04:30:00,6195.1429221001135
2019-01-12 05:00:00,6053.008203712004
2019-01-12 05:30:00,6384.673547928064
2019-01-12 06:00:00,6421.16612960752
2019-01-12 06:30:00,6399.310682005806
2019-01-12 07:00:00,6821.176968633814
2019-01-12 07:30:00,6963.629955663704
2019-01-12 08:00:00,7404.1524070172245
2019-01-12 08:30:00,7531.217961457245
2019-01-12 09:00:00,7695.396574128701
2019-01-12 09:30:00,7676.825786110882
2019-01-12 10:00:00,7767.602414667056
2019-01-12 10:30:00,7755.067671116555
2019-01-12 11:00:00,7484.569100747266
2019-01-12 11:30:00,7470.329830431053
2019-01-12 12:00:00,7760.536052139444
2019-01-12 12:30:00,7681.365965977166
2019-01-12 13:00:00,8108.429469193513
2019-01-12 13:30:00,8436.788890242884
2019-01-12 14:00:00,8576.11200571731
2019-01-12 14:30:00,8485.491082912791
2019-01-12 15:00:00,8479.966580727827
2019-01-12 15:30:00,8426.485226420593
2019-01-12 16:00:00,8342.39075679426
2019-01-12 16:30:00,8342.39075679426
2019-01-12 17:00:00,8268.803174484614
2019-01-12 17:30:00,8202.225495215127
2019-01-12 18:00:00,8280.054432696683
2019-01-12 18:30:00,8143.522739743855
2019-01-12 19:00:00,8013.882734671343
2019-01-12 19:30:00,8020.7168081573445
2019-01-12 20:00:00,7772.891627282993
2019-01-12 20:30:00,7712.819676897346
2019-01-12 21:00:00,7524.879566747266
2019-01-12 21:30:00,7460.0967108397035
2019-01-12 22:00:00,7191.962966605748
2019-01-12 22:30:00,7162.692026080022
2019-01-12 23:00:00,7093.282869518652
2019-01-12 23:30:00,6990.163042613784
2019-01-13 00:00:00,7353.337066532384
2019-01-13 00:30:00,7084.697624177126
2019-01-13 01:00:00,6898.482594844857
2019-01-13 01:30:00,6542.778743803865
2019-01-13 02:00:00,6414.6062416697905
2019-01-13 02:30:00,6237.184603538562
2019-01-13 03:00:00,6268.199698062191
2019-01-13 03:30:00,6287.08675647894
2019-01-13 04:00:00,6297.919803225763
2019-01-13 04:30:00,6297.919803225763
2019-01-13 05:00:00,6386.3378507519765
2019-01-13 05:30:00,6413.8497570255
2019-01-13 06:00:00,6507.283484433919
2019-01-13 06:30:00,6774.2163197153695
2019-01-13 07:00:00,6860.708312591853
2019-01-13 07:30:00,7035.245425416205
2019-01-13 08:00:00,7386.355545916004
2019-01-13 08:30:00,7711.741935779616
2019-01-13 09:00:00,7955.041212400651
2019-01-13 09:30:00,8072.363876259629
2019-01-13 10:00:00,8295.538408029188
2019-01-13 10:30:00,8500.126460292548
2019-01-13 11:00:00,8767.647939819793
2019-01-13 11:30:00,8824.161332842586
2019-01-13 12:00:00,8869.865073001323
2019-01-13 12:30:00,8951.192908999903
2019-01-13 13:00:00,9221.288399903051
2019-01-13 13:30:00,9425.51686029171
2019-01-13 14:00:00,9479.618349316499
2019-01-13 14:30:00,9653.236952619707
2019-01-13 15:00:00,10019.28582622501
2019-01-13 15:30:00,10157.651907098762
2019-01-13 16:00:00,10140.115605315785
2019-01-13 16:30:00,10427.511820344598
2019-01-13 17:00:00,10429.655429339993
2019-01-13 17:30:00,10478.926660681898
2019-01-13 18:00:00,10492.785947646997
2019-01-13 18:30:00,10318.468418288629
2019-01-13 19:00:00,9839.305061667557
2019-01-13 19:30:00,9685.989012721488
2019-01-13 20:00:00,9842.358242804823
2019-01-13 20:30:00,9700.523231850497
2019-01-13 21:00:00,9415.628015256263
2019-01-13 21:30:00,9211.127984125533
2019-01-13 22:00:00,8946.81333271368
2019-01-13 22:30:00,8686.334391856632
2019-01-13 23:00:00,8439.261568025353
2019-01-13 23:30:00,8054.003599940376
2019-01-14 00:00:00,7729.124330282514
2019-01-14 00:30:00,7390.343535364718
2019-01-14 01:00:00,7219.943819528054
2019-01-14 01:30:00,6976.9452583688935
2019-01-14 02:00:00,6888.198760130697
2019-01-14 02:30:00,6568.25831552911
2019-01-14 03:00:00,6559.505751911058
2019-01-14 03:30:00,6512.699337519252
2019-01-14 04:00:00,6640.716358993474
2019-01-14 04:30:00,6627.051856701089
2019-01-14 05:00:00,7163.429584184427
2019-01-14 05:30:00,7117.351505967887
2019-01-14 06:00:00,7984.850087440552
2019-01-14 06:30:00,8052.855811200315
2019-01-14 07:00:00,8609.827023882615
2019-01-14 07:30:00,8833.275634900554
2019-01-14 08:00:00,8691.016171774183
2019-01-14 08:30:00,8997.468061842354
2019-01-14 09:00:00,8915.37753200754
2019-01-14 09:30:00,8990.862753365578
2019-01-14 10:00:00,9039.595945913707
2019-01-14 10:30:00,9178.333413966036
2019-01-14 11:00:00,9209.670184022458
2019-01-14 11:30:00,9302.419933669522
2019-01-14 12:00:00,9406.219051443466
2019-01-14 12:30:00,9511.186794497726
2019-01-14 13:00:00,9544.78294094924
2019-01-14 13:30:00,9701.50421719278
2019-01-14 14:00:00,9762.215502906845
2019-01-14 14:30:00,10018.286272162904
2019-01-14 15:00:00,10085.408499215553
2019-01-14 15:30:00,10120.218395762462
2019-01-14 16:00:00,10110.087219933705
2019-01-14 16:30:00,10133.042466848532
2019-01-14 17:00:00,10150.157824985108
2019-01-14 17:30:00,10071.854480968563
2019-01-14 18:00:00,9908.15225705827
2019-01-14 18:30:00,9786.738514923649
2019-01-14 19:00:00,9495.561286821727
2019-01-14 19:30:00,9461.398276329526
2019-01-14 20:00:00,9416.950378033165
2019-01-14 20:30:00,9382.787367540965
2019-01-14 21:00:00,9128.913468523186
2019-01-14 21:30:00,8886.129884863418
2019-01-14 22:00:00,8616.631378656639
2019-01-14 22:30:00,8448.855839312433
2019-01-14 23:00:00,8251.561627308058
2019-01-14 23:30:00,7970.549963301795
2019-01-15 00:00:00,7785.13716040849
2019-01-15 00:30:00,7642.311023002851
2019-01-15 01:00:00,7567.246526704959
2019-01-15 01:30:00,7322.629386888239
2019-01-15 02:00:00,6969.369820186453
2019-01-15 02:30:00,6992.03540494282
2019-01-15 03:00:00,6905.883608624326
2019-01-15 03:30:00,6989.629351128596
2019-01-15 04:00:00,6945.395020459434
2019-01-15 04:30:00,7257.036723250798
2019-01-15 05:00:00,7416.262871497909
2019-01-15 05:30:00,7709.946743230784
2019-01-15 06:00:00,8146.221685993169
2019-01-15 06:30:00,8474.320598672146
2019-01-15 07:00:00,8848.758053488084
2019-01-15 07:30:00,9193.341274563878
2019-01-15 08:00:00,9438.587663236018
2019-01-15 08:30:00,9691.924882230474
2019-01-15 09:00:00,9749.04218018145
2019-01-15 09:30:00,9900.062998167954
2019-01-15 10:00:00,10045.732683765766
2019-01-15 10:30:00,10010.82151176204
2019-01-15 11:00:00,10114.198048037611
2019-01-15 11:30:00,10216.534775840804
2019-01-15 12:00:00,10347.519225275755
2019-01-15 12:30:00,10389.061882425189
2019-01-15 13:00:00,10544.092944277154
2019-01-15 13:30:00,10648.043470329842
2019-01-15 14:00:00,10882.977741194418
2019-01-15 14:30:00,10891.419935077614
2019-01-15 15:00:00,11108.402066174644
2019-01-15 15:30:00,11410.05719770502
2019-01-15 16:00:00,11434.015442709384
2019-01-15 16:30:00,11540.468534437767
2019-01-15 17:00:00,11717.523880737008
2019-01-15 17:30:00,11675.323578887437
2019-01-15 18:00:00,11231.468517283778
2019-01-15 18:30:00,11116.822278073485
2019-01-15 19:00:00,10772.786835558
2019-01-15 19:30:00,10757.124212306033
2019-01-15 20:00:00,10413.09639651348
2019-01-15 20:30:00,10278.010893614617
2019-01-15 21:00:00,9929.305855945988
2019-01-15 21:30:00,9724.538953176083
2019-01-15 22:00:00,9374.612654738357
2019-01-15 22:30:00,9275.518615560495
2019-01-15 23:00:00,8876.974443918634
2019-01-15 23:30:00,8488.388077174719
2019-01-16 00:00:00,8650.522930747295
2019-01-16 00:30:00,8448.93229953485
2019-01-16 01:00:00,8020.422981475793
2019-01-16 01:30:00,7556.257917779891
2019-01-16 02:00:00,7395.408546569447
2019-01-16 02:30:00,7278.559739012851
2019-01-16 03:00:00,7185.433036586768
2019-01-16 03:30:00,7115.8175265440095
2019-01-16 04:00:00,7136.8759648438645
2019-01-16 04:30:00,7377.926686096756
2019-01-16 05:00:00,7432.33921544827
2019-01-16 05:30:00,8011.979135306075
2019-01-16 06:00:00,8512.400165632673
2019-01-16 06:30:00,8919.57109881909
2019-01-16 07:00:00,9447.045483366628
2019-01-16 07:30:00,9864.439576207944
2019-01-16 08:00:00,10180.050629390655
2019-01-16 08:30:00,10568.221212719181
2019-01-16 09:00:00,10752.911817642012
2019-01-16 09:30:00,10886.76124436194
2019-01-16 10:00:00,11060.902636756688
2019-01-16 10:30:00,11349.878201147636
2019-01-16 11:00:00,11679.30915763511
2019-01-16 11:30:00,11721.597749230023
2019-01-16 12:00:00,12113.863425262984
2019-01-16 12:30:00,12181.851607402836
2019-01-16 13:00:00,12215.433232943824
2019-01-16 13:30:00,12315.670313789888
2019-01-16 14:00:00,12343.255169676404
2019-01-16 14:30:00,12343.255169676404
2019-01-16 15:00:00,13453.678573657027
2019-01-16 15:30:00,13453.678573657027
2019-01-16 16:00:00,13283.991481858267
2019-01-16 16:30:00,13262.404724361842
2019-01-16 17:00:00,12895.427083123184
2019-01-16 17:30:00,12837.682865735105
2019-01-16 18:00:00,12596.753531232136
2019-01-16 18:30:00,12596.753531232136
2019-01-16 19:00:00,10837.945245215373
2019-01-16 19:30:00,11156.785229842964
2019-01-16 20:00:00,11387.153292474894
2019-01-16 20:30:00,11323.041213787214
2019-01-16 21:00:00,10760.050260684098
2019-01-16 21:30:00,10728.611418897523
2019-01-16 22:00:00,10324.078378788858
2019-01-16 22:30:00,10028.127736974944
2019-01-16 23:00:00,9674.869021991837
2019-01-16 23:30:00,9383.220824394954
2019-01-17 00:00:00,8760.829212526445
2019-01-17 00:30:00,8465.39151541059
2019-01-17 01:00:00,8137.291924100502
2019-01-17 01:30:00,7823.900699926497
2019-01-17 02:00:00,7517.744722859652
2019-01-17 02:30:00,7326.213343897241
2019-01-17 03:00:00,7247.868360746049
2019-01-17 03:30:00,7247.868360746049
2019-01-17 04:00:00,7303.426856043266
2019-01-17 04:30:00,7475.664659103561
2019-01-17 05:00:00,7598.033301811645
2019-01-17 05:30:00,7994.289528179445
2019-01-17 06:00:00,8372.808201479073
2019-01-17 06:30:00,8872.25634650916
2019-01-17 07:00:00,9229.194436195326
2019-01-17 07:30:00,9573.661977327329
2019-01-17 08:00:00,9848.867530014555
2019-01-17 08:30:00,10278.935847792045
2019-01-17 09:00:00,10800.531037116227
2019-01-17 09:30:00,11130.734588844609
2019-01-17 10:00:00,11166.086387627392
2019-01-17 10:30:00,11336.68248557866
2019-01-17 11:00:00,11508.997886576035
2019-01-17 11:30:00,11522.500952125123
2019-01-17 12:00:00,11658.391636187565
2019-01-17 12:30:00,11658.391636187565
2019-01-17 13:00:00,12911.452405130842
2019-01-17 13:30:00,13022.147754585541
2019-01-17 14:00:00,12885.074667410758
2019-01-17 14:30:00,12885.074667410758
2019-01-17 15:00:00,13119.094007897364
2019-01-17 15:30:00,13064.219540002836
2019-01-17 16:00:00,12792.440647316278
2019-01-17 16:30:00,12792.440647316278
2019-01-17 17:00:00,12457.895527775463
2019-01-17 17:30:00,12609.402661412734
2019-01-17 18:00:00,12119.544113058315
2019-01-17 18:30:00,12158.653819147352
2019-01-17 19:00:00,11352.603164614482
2019-01-17 19:30:00,10480.99012860898
2019-01-17 20:00:00,10718.261576222189
2019-01-17 20:30:00,10643.819959509681
2019-01-17 21:00:00,10191.668316715062
2019-01-17 21:30:00,10213.693054579971
2019-01-17 22:00:00,9732.033784365838
2019-01-17 22:30:00,9491.502632630829
2019-01-17 23:00:00,9086.544487141227
2019-01-17 23:30:00,8882.324158279369
2019-01-18 00:00:00,8624.717398789153
2019-01-18 00:30:00,8363.190378523619
2019-01-18 01:00:00,8090.587483605377
2019-01-18 01:30:00,7856.025345230729
2019-01-18 02:00:00,7686.9953107514175
2019-01-18 02:30:00,7579.936848670937
2019-01-18 03:00:00,7376.703718613365
2019-01-18 03:30:00,7376.703718613365
2019-01-18 04:00:00,7421.425857592846
2019-01-18 04:30:00,7681.444586853257
2019-01-18 05:00:00,7884.170246924839
2019-01-18 05:30:00,8188.087566840734
2019-01-18 06:00:00,8683.600199565057
2019-01-18 06:30:00,8776.268187424896
2019-01-18 07:00:00,9310.414300304185
2019-01-18 07:30:00,9636.08347630313
2019-01-18 08:00:00,9939.660300404488
2019-01-18 08:30:00,10140.244558034352
2019-01-18 09:00:00,10604.695312956937
2019-01-18 09:30:00,10850.328343477777
2019-01-18 10:00:00,11433.552872842065
2019-01-18 10:30:00,11503.593048999583
2019-01-18 11:00:00,11874.206440237564
2019-01-18 11:30:00,11932.225379215904
2019-01-18 12:00:00,12055.786589795047
2019-01-18 12:30:00,12148.256930306003
2019-01-18 13:00:00,12096.794530603129
2019-01-18 13:30:00,13241.21800728689
2019-01-18 14:00:00,13184.721867376977
2019-01-18 14:30:00,13184.721867376977
2019-01-18 15:00:00,13188.012136745287
2019-01-18 15:30:00,13188.012136745287
2019-01-18 16:00:00,13026.928593513428
2019-01-18 16:30:00,12986.113955250952
2019-01-18 17:00:00,12798.301104083726
2019-01-18 17:30:00,12650.530962160638
2019-01-18 18:00:00,11864.111842448252
2019-01-18 18:30:00,12016.386934247143
2019-01-18 19:00:00,11828.33472070116
2019-01-18 19:30:00,10624.698778631348
2019-01-18 20:00:00,10479.724987514166
2019-01-18 20:30:00,10642.617581278826
2019-01-18 21:00:00,10135.618915604942
2019-01-18 21:30:00,10012.60512877492
2019-01-18 22:00:00,9529.999992302084
2019-01-18 22:30:00,9247.860791355462
2019-01-18 23:00:00,9190.685889474173
2019-01-18 23:30:00,8983.556559482691
2019-01-19 00:00:00,8564.945019104176
2019-01-19 00:30:00,8314.540098058511
2019-01-19 01:00:00,7883.86447658538
2019-01-19 01:30:00,7789.053145781241
2019-01-19 02:00:00,7424.588954520858
2019-01-19 02:30:00,7304.370631803411
2019-01-19 03:00:00,6943.750441337159
2019-01-19 03:30:00,6943.750441337159
2019-01-19 04:00:00,6864.529954234582
2019-01-19 04:30:00,6980.568598143353
2019-01-19 05:00:00,7088.9532298397435
2019-01-19 05:30:00,7342.326504710394
2019-01-19 06:00:00,7364.7830559577615
2019-01-19 06:30:00,7727.189376776764
2019-01-19 07:00:00,7861.789371679909
2019-01-19 07:30:00,8101.882862804005
2019-01-19 08:00:00,8641.931743798437
2019-01-19 08:30:00,8808.69916664046
2019-01-19 09:00:00,9122.590106187949
2019-01-19 09:30:00,9211.869734140395
2019-01-19 10:00:00,9408.182046253829
2019-01-19 10:30:00,9653.009209925023
2019-01-19 11:00:00,9720.54184557008
2019-01-19 11:30:00,9837.653013765288
2019-01-19 12:00:00,9958.536245995294
2019-01-19 12:30:00,10189.446131316343
2019-01-19 13:00:00,10289.636852733582
2019-01-19 13:30:00,11183.97740257649
2019-01-19 14:00:00,10931.388520798317
2019-01-19 14:30:00,10931.388520798317
2019-01-19 15:00:00,10950.756233110993
2019-01-19 15:30:00,10769.844983212932
2019-01-19 16:00:00,10721.402550211029
2019-01-19 16:30:00,10721.402550211029
2019-01-19 17:00:00,10516.63095812628
2019-01-19 17:30:00,10405.93560867158
2019-01-19 18:00:00,10266.219740115199
2019-01-19 18:30:00,10266.219740115199
2019-01-19 19:00:00,10127.554310298488
2019-01-19 19:30:00,9519.576921621061
2019-01-19 20:00:00,9254.739136880326
2019-01-19 20:30:00,9254.739136880326
2019-01-19 21:00:00,8835.689158525656
2019-01-19 21:30:00,8726.19994669945
2019-01-19 22:00:00,8895.269119034143
2019-01-19 22:30:00,8637.153451052778
2019-01-19 23:00:00,8152.714069485812
2019-01-19 23:30:00,7950.561029413984
2019-01-20 00:00:00,8165.921066837271
2019-01-20 00:30:00,7921.719890906472
2019-01-20 01:00:00,7684.856450614401
2019-01-20 01:30:00,7409.799489106616
2019-01-20 02:00:00,7118.814188517288
2019-01-20 02:30:00,6986.629612017692
2019-01-20 03:00:00,6897.997573754769
2019-01-20 03:30:00,6869.847791251269
2019-01-20 04:00:00,6732.520912814167
2019-01-20 04:30:00,6732.520912814167
2019-01-20 05:00:00,6834.5806492425845
2019-01-20 05:30:00,6899.706972446683
2019-01-20 06:00:00,7070.884833250647
2019-01-20 06:30:00,7325.517924559902
2019-01-20 07:00:00,7536.597582129037
2019-01-20 07:30:00,7814.534482783688
2019-01-20 08:00:00,7897.953497868326
2019-01-20 08:30:00,8062.821568745332
2019-01-20 09:00:00,8091.117292246092
2019-01-20 09:30:00,8276.6855038113
2019-01-20 10:00:00,8679.017928104597
2019-01-20 10:30:00,8771.382142751996
2019-01-20 11:00:00,8825.369811013054
2019-01-20 11:30:00,8700.352578169772
2019-01-20 12:00:00,8608.654044959352
2019-01-20 12:30:00,8734.90643704236
2019-01-20 13:00:00,8556.53855161176
2019-01-20 13:30:00,8489.964201731298
2019-01-20 14:00:00,8448.949679408834
2019-01-20 14:30:00,8509.125026034992
2019-01-20 15:00:00,8572.996124052266
2019-01-20 15:30:00,8608.063056603434
2019-01-20 16:00:00,8662.787886041382
2019-01-20 16:30:00,8647.582551296644
2019-01-20 17:00:00,8720.34925619739
2019-01-20 17:30:00,8602.607878598425
2019-01-20 18:00:00,8687.701123107578
2019-01-20 18:30:00,8600.16387208561
2019-01-20 19:00:00,8665.10953857724
2019-01-20 19:30:00,8606.529419443434
2019-01-20 20:00:00,8538.382579113697
2019-01-20 20:30:00,8489.598042130752
2019-01-20 21:00:00,8249.425646841506
2019-01-20 21:30:00,8150.605489874127
2019-01-20 22:00:00,7841.215957908778
2019-01-20 22:30:00,7681.027917212303
2019-01-20 23:00:00,7430.369289220533
2019-01-20 23:30:00,7267.922775170317
2019-01-21 00:00:00,7286.126987938108
2019-01-21 00:30:00,7323.146619897359
2019-01-21 01:00:00,7168.857462164139
2019-01-21 01:30:00,6843.283571976641
2019-01-21 02:00:00,6633.568183000856
2019-01-21 02:30:00,6509.004890337325
2019-01-21 03:00:00,6638.393773376738
2019-01-21 03:30:00,6461.021871023324
2019-01-21 04:00:00,6764.568903294931
2019-01-21 04:30:00,6647.225054616193
2019-01-21 05:00:00,7074.181773369623
2019-01-21 05:30:00,7117.238060381226
2019-01-21 06:00:00,7963.330709137236
2019-01-21 06:30:00,8092.7797673501
2019-01-21 07:00:00,8803.921146090137
2019-01-21 07:30:00,8965.39517056044
2019-01-21 08:00:00,9016.527185800403
2019-01-21 08:30:00,9150.605006026064
2019-01-21 09:00:00,9091.242356496201
2019-01-21 09:30:00,9160.898275174115
2019-01-21 10:00:00,9062.06741367164
2019-01-21 10:30:00,9139.190482432927
2019-01-21 11:00:00,9047.982879055944
2019-01-21 11:30:00,9112.095908046054
2019-01-21 12:00:00,9219.408351981365
2019-01-21 12:30:00,9204.074312148523
2019-01-21 13:00:00,9317.383713592886
2019-01-21 13:30:00,9403.868971276372
2019-01-21 14:00:00,9487.222263887803
2019-01-21 14:30:00,9786.442491479527
2019-01-21 15:00:00,9949.077653373284
2019-01-21 15:30:00,10020.942783355775
2019-01-21 16:00:00,10153.181031207218
2019-01-21 16:30:00,10285.156916950038
2019-01-21 17:00:00,10315.093550532882
2019-01-21 17:30:00,10144.52924695427
2019-01-21 18:00:00,10012.687972692424
2019-01-21 18:30:00,9993.972789391497
2019-01-21 19:00:00,9748.479452323354
2019-01-21 19:30:00,9785.794955817631
2019-01-21 20:00:00,9751.681265179208
2019-01-21 20:30:00,9451.46690281746
2019-01-21 21:00:00,9281.913045259484
2019-01-21 21:30:00,9162.546904694022
2019-01-21 22:00:00,8969.476478911247
2019-01-21 22:30:00,8747.724396228481
2019-01-21 23:00:00,8569.033540870962
2019-01-21 23:30:00,8343.433491365582
2019-01-22 00:00:00,7925.677133498149
2019-01-22 00:30:00,7841.947798416641
2019-01-22 01:00:00,7768.9339236877895
2019-01-22 01:30:00,7405.866015264731
2019-01-22 02:00:00,7039.777488187871
2019-01-22 02:30:00,6893.1168474368305
2019-01-22 03:00:00,6871.623949084228
2019-01-22 03:30:00,6905.7169151454755
2019-01-22 04:00:00,7001.547378647896
2019-01-22 04:30:00,7160.953611578894
2019-01-22 05:00:00,7435.962764779039
2019-01-22 05:30:00,7801.298971448834
2019-01-22 06:00:00,8222.810472880748
2019-01-22 06:30:00,8577.166597394315
2019-01-22 07:00:00,8965.127092922381
2019-01-22 07:30:00,9162.623305280089
2019-01-22 08:00:00,9397.23591515599
2019-01-22 08:30:00,9477.754898179392
2019-01-22 09:00:00,9620.9385571511
2019-01-22 09:30:00,9594.476892112849
2019-01-22 10:00:00,9749.157734771592
2019-01-22 10:30:00,9807.101083868341
2019-01-22 11:00:00,9793.006259777
2019-01-22 11:30:00,9841.326091143483
2019-01-22 12:00:00,9815.509222987914
2019-01-22 12:30:00,9843.282125229014
2019-01-22 13:00:00,9855.397076736295
2019-01-22 13:30:00,10076.868469009032
2019-01-22 14:00:00,10133.50827813399
2019-01-22 14:30:00,10225.9834229455
2019-01-22 15:00:00,10247.496675216864
2019-01-22 15:30:00,10320.547134639737
2019-01-22 16:00:00,10398.108567390213
2019-01-22 16:30:00,10477.280156840707
2019-01-22 17:00:00,10525.755901565835
2019-01-22 17:30:00,10446.584312115341
2019-01-22 18:00:00,10023.86786136872
2019-01-22 18:30:00,10154.198759601119
2019-01-22 19:00:00,10079.174642012023
2019-01-22 19:30:00,9942.364629841482
2019-01-22 20:00:00,9902.749513180643
2019-01-22 20:30:00,9788.478111552473
2019-01-22 21:00:00,9457.095255595734
2019-01-22 21:30:00,9394.955255281579
2019-01-22 22:00:00,9109.770685582293
2019-01-22 22:30:00,8979.590777244535
2019-01-22 23:00:00,8591.263297626965
2019-01-22 23:30:00,8321.279984799039
2019-01-23 00:00:00,8198.295922774863
2019-01-23 00:30:00,8030.581590679614
2019-01-23 01:00:00,7693.47821591904
2019-01-23 01:30:00,7426.028776638416
2019-01-23 02:00:00,7218.869895654063
2019-01-23 02:30:00,7081.040655298889
2019-01-23 03:00:00,6956.702952616753
2019-01-23 03:30:00,6945.647166906964
2019-01-23 04:00:00,6933.5346232690445
2019-01-23 04:30:00,7169.1891299552
2019-01-23 05:00:00,7330.146688844823
2019-01-23 05:30:00,7791.955377618829
2019-01-23 06:00:00,8173.030721019637
2019-01-23 06:30:00,8569.182947591995
2019-01-23 07:00:00,8803.858896604896
2019-01-23 07:30:00,9126.012243271745
2019-01-23 08:00:00,9393.94363855619
2019-01-23 08:30:00,9649.420395861962
2019-01-23 09:00:00,9749.02849800622
2019-01-23 09:30:00,9927.01575003425
2019-01-23 10:00:00,10114.357216247292
2019-01-23 10:30:00,10293.847498435653
2019-01-23 11:00:00,10431.446833577736
2019-01-23 11:30:00,10592.219974129777
2019-01-23 12:00:00,10930.353539329632
2019-01-23 12:30:00,11141.539744495623
2019-01-23 13:00:00,11378.518329732602
2019-01-23 13:30:00,11413.68706063192
2019-01-23 14:00:00,11562.282647312553
2019-01-23 14:30:00,11573.842849065846
2019-01-23 15:00:00,11457.955977525278
2019-01-23 15:30:00,11470.484617935937
2019-01-23 16:00:00,11215.557264020325
2019-01-23 16:30:00,10934.735821434399
2019-01-23 17:00:00,10915.888338788898
2019-01-23 17:30:00,10973.674546509737
2019-01-23 18:00:00,10157.717815237525
2019-01-23 18:30:00,10492.705011275284
2019-01-23 19:00:00,9989.033268099556
2019-01-23 19:30:00,10359.691602218161
2019-01-23 20:00:00,10252.650015191273
2019-01-23 20:30:00,9926.581065755907
2019-01-23 21:00:00,9695.705433158844
2019-01-23 21:30:00,9483.121439791727
2019-01-23 22:00:00,9311.431183169763
2019-01-23 22:30:00,9078.320743673501
2019-01-23 23:00:00,8832.186086019277
2019-01-23 23:30:00,8635.923502452002
2019-01-24 00:00:00,8505.243727886116
2019-01-24 00:30:00,8238.547081381601
2019-01-24 01:00:00,7870.398003062854
2019-01-24 01:30:00,7503.132529023805
2019-01-24 02:00:00,7299.690205932095
2019-01-24 02:30:00,7201.264640300091
2019-01-24 03:00:00,7030.321517206492
2019-01-24 03:30:00,7075.155370516125
2019-01-24 04:00:00,7087.748427402525
2019-01-24 04:30:00,7243.3466923728465
2019-01-24 05:00:00,7510.05976121149
2019-01-24 05:30:00,8095.040109249333
2019-01-24 06:00:00,8443.76802059318
2019-01-24 06:30:00,8825.27522660974
2019-01-24 07:00:00,9190.572279578791
2019-01-24 07:30:00,9467.808221373942
2019-01-24 08:00:00,9622.443925243662
2019-01-24 08:30:00,9896.225488250091
2019-01-24 09:00:00,10061.17835683941
2019-01-24 09:30:00,10096.87761222269
2019-01-24 10:00:00,10286.36937904296
2019-01-24 10:30:00,10559.367598975312
2019-01-24 11:00:00,10747.555141843437
2019-01-24 11:30:00,10855.828611879242
2019-01-24 12:00:00,11014.244657881349
2019-01-24 12:30:00,10988.133725028421
2019-01-24 13:00:00,11137.364671478268
2019-01-24 13:30:00,11137.364671478268
2019-01-24 14:00:00,11225.360945700002
2019-01-24 14:30:00,10995.333753734876
2019-01-24 15:00:00,10942.82555267363
2019-01-24 15:30:00,10781.283197767832
2019-01-24 16:00:00,10772.637648580287
2019-01-24 16:30:00,10687.43134589541
2019-01-24 17:00:00,10147.483644207341
2019-01-24 17:30:00,9889.94526071177
2019-01-24 18:00:00,10004.380913044031
2019-01-24 18:30:00,9818.848265887178
2019-01-24 19:00:00,9787.422887603727
2019-01-24 19:30:00,9762.394950943351
2019-01-24 20:00:00,9631.813734040097
2019-01-24 20:30:00,9484.824768578703
2019-01-24 21:00:00,9119.236588721336
2019-01-24 21:30:00,8995.683939506818
2019-01-24 22:00:00,8669.41189058324
2019-01-24 22:30:00,8626.105994484296
2019-01-24 23:00:00,8470.554158822133
2019-01-24 23:30:00,8144.587277476929
2019-01-25 00:00:00,8025.167561675455
2019-01-25 00:30:00,7776.079703468162
2019-01-25 01:00:00,7416.935222829945
2019-01-25 01:30:00,7175.772958300986
2019-01-25 02:00:00,7005.1691890628335
2019-01-25 02:30:00,6895.232486172246
2019-01-25 03:00:00,6758.343780351546
2019-01-25 03:30:00,6778.021808957301
2019-01-25 04:00:00,6868.900578673251
2019-01-25 04:30:00,7037.1263604330425
2019-01-25 05:00:00,7285.562795609515
2019-01-25 05:30:00,7742.878855765443
2019-01-25 06:00:00,8091.293729722422
2019-01-25 06:30:00,8490.690046171469
2019-01-25 07:00:00,8808.82311497521
2019-01-25 07:30:00,8981.841039824989
2019-01-25 08:00:00,9119.92129074337
2019-01-25 08:30:00,9248.46771094234
2019-01-25 09:00:00,9419.452263456082
2019-01-25 09:30:00,9437.904901170135
2019-01-25 10:00:00,9482.302190723109
2019-01-25 10:30:00,9466.073728894185
2019-01-25 11:00:00,9466.869593331201
2019-01-25 11:30:00,9466.869593331201
2019-01-25 12:00:00,9527.408495844926
2019-01-25 12:30:00,9682.610138049706
2019-01-25 13:00:00,9742.396594023805
2019-01-25 13:30:00,9885.119012386735
2019-01-25 14:00:00,10173.80477905839
2019-01-25 14:30:00,10345.933509175122
2019-01-25 15:00:00,10450.045573775042
2019-01-25 15:30:00,10589.623820611389
2019-01-25 16:00:00,10688.14753753782
2019-01-25 16:30:00,10736.826614529526
2019-01-25 17:00:00,10809.781492092474
2019-01-25 17:30:00,10648.239137186676
2019-01-25 18:00:00,10428.567175524118
2019-01-25 18:30:00,10212.520200804682
2019-01-25 19:00:00,10179.101183281771
2019-01-25 19:30:00,10132.500705527773
2019-01-25 20:00:00,10126.62744512956
2019-01-25 20:30:00,9903.072030139678
2019-01-25 21:00:00,9641.27081874275
2019-01-25 21:30:00,9495.226098326342
2019-01-25 22:00:00,9245.281950667382
2019-01-25 22:30:00,9085.099559711989
2019-01-25 23:00:00,8782.983291661078
2019-01-25 23:30:00,8477.494597593632
2019-01-26 00:00:00,7994.6477469544125
2019-01-26 00:30:00,7928.604897217886
2019-01-26 01:00:00,7677.78531778097
2019-01-26 01:30:00,7420.650133784446
2019-01-26 02:00:00,7169.156478107302
2019-01-26 02:30:00,7035.779185976222
2019-01-26 03:00:00,6814.799533058058
2019-01-26 03:30:00,6892.170301284326
2019-01-26 04:00:00,6876.031084185211
2019-01-26 04:30:00,7017.483854499032
2019-01-26 05:00:00,6825.888378333141
2019-01-26 05:30:00,7082.521261210596
2019-01-26 06:00:00,7130.567494324177
2019-01-26 06:30:00,7471.509457550446
2019-01-26 07:00:00,7599.175840501121
2019-01-26 07:30:00,7941.16802282718
2019-01-26 08:00:00,8554.412867878087
2019-01-26 08:30:00,8694.20808271292
2019-01-26 09:00:00,8910.977153138128
2019-01-26 09:30:00,9172.177011879734
2019-01-26 10:00:00,9311.057875943847
2019-01-26 10:30:00,9380.457348794955
2019-01-26 11:00:00,9756.951805246965
2019-01-26 11:30:00,9720.54184557008
2019-01-26 12:00:00,9768.947540592297
2019-01-26 12:30:00,9941.803473314136
2019-01-26 13:00:00,10240.469233653033
2019-01-26 13:30:00,10159.745548970537
2019-01-26 14:00:00,10192.671362882904
2019-01-26 14:30:00,10861.172620354955
2019-01-26 15:00:00,10729.030344950455
2019-01-26 15:30:00,10729.030344950455
2019-01-26 16:00:00,10680.587911948553
2019-01-26 16:30:00,10721.402550211029
2019-01-26 17:00:00,10405.93560867158
2019-01-26 17:30:00,10365.120970409103
2019-01-26 18:00:00,10249.1455583513
2019-01-26 18:30:00,10227.558800854875
2019-01-26 19:00:00,9680.570231980337
2019-01-26 19:30:00,9105.33416735778
2019-01-26 20:00:00,9024.417202410123
2019-01-26 20:30:00,9497.466225676932
2019-01-26 21:00:00,9427.67493727539
2019-01-26 21:30:00,9382.506697697538
2019-01-26 22:00:00,8769.502855910147
2019-01-26 22:30:00,8703.632481067887
2019-01-26 23:00:00,8610.629201571819
2019-01-26 23:30:00,8378.289459161342
2019-01-27 00:00:00,8528.457937743979
2019-01-27 00:30:00,8144.368915960773
2019-01-27 01:00:00,7953.153303587925
2019-01-27 01:30:00,7685.937607544826
2019-01-27 02:00:00,7404.184958417587
2019-01-27 02:30:00,7324.142003279589
2019-01-27 03:00:00,7279.871133233992
2019-01-27 03:30:00,7233.799316780546
2019-01-27 04:00:00,7191.034747580741
2019-01-27 04:30:00,7198.790005764251
2019-01-27 05:00:00,7158.558598864445
2019-01-27 05:30:00,7285.055012853421
2019-01-27 06:00:00,7369.566270071017
2019-01-27 06:30:00,7601.542660649828
2019-01-27 07:00:00,7748.2096604746475
2019-01-27 07:30:00,7991.9267694996615
2019-01-27 08:00:00,8240.26710070241
2019-01-27 08:30:00,8207.823990678973
2019-01-27 09:00:00,8804.530393185656
2019-01-27 09:30:00,9229.152478756056
2019-01-27 10:00:00,9809.132682736152
2019-01-27 10:30:00,10190.80108212779
2019-01-27 11:00:00,10293.479437810034
2019-01-27 11:30:00,10275.594609022497
2019-01-27 12:00:00,10419.433555243502
2019-01-27 12:30:00,10440.06313724306
2019-01-27 13:00:00,10501.926340291478
2019-01-27 13:30:00,10501.926340291478
2019-01-27 14:00:00,10305.598363363577
2019-01-27 14:30:00,10292.277557451243
2019-01-27 15:00:00,10314.945777447809
2019-01-27 15:30:00,9824.19854140685
2019-01-27 16:00:00,9801.07258367754
2019-01-27 16:30:00,9801.07258367754
2019-01-27 17:00:00,10322.074715068933
2019-01-27 17:30:00,10126.400215635436
2019-01-27 18:00:00,10542.113553662432
2019-01-27 18:30:00,10514.122623784107
2019-01-27 19:00:00,10297.968095629465
2019-01-27 19:30:00,10185.104817715373
2019-01-27 20:00:00,10008.878254630976
2019-01-27 20:30:00,9926.365806168005
2019-01-27 21:00:00,9765.709015765447
2019-01-27 21:30:00,9505.170992726442
2019-01-27 22:00:00,9125.884847227922
2019-01-27 22:30:00,8924.348077976087
2019-01-27 23:00:00,8554.946735933616
2019-01-27 23:30:00,8346.399429114339
2019-01-28 00:00:00,7950.7415662427375
2019-01-28 00:30:00,7789.599347175526
2019-01-28 01:00:00,7528.1887699718545
2019-01-28 01:30:00,7348.009086207128
2019-01-28 02:00:00,7243.764785644834
2019-01-28 02:30:00,7154.80640239558
2019-01-28 03:00:00,7181.419467363019
2019-01-28 03:30:00,7035.683942913546
2019-01-28 04:00:00,7202.555578196633
2019-01-28 04:30:00,7194.800320013123
2019-01-28 05:00:00,6898.629470512681
2019-01-28 05:30:00,6898.629470512681
2019-01-28 06:00:00,7141.677032709476
2019-01-28 06:30:00,7304.427625266338
2019-01-28 07:00:00,7596.623822185244
2019-01-28 07:30:00,7710.3534649853555
2019-01-28 08:00:00,8397.351345168772
2019-01-28 08:30:00,8434.803339462844
2019-01-28 09:00:00,8449.775301260875
2019-01-28 09:30:00,8142.8329253891625
2019-01-28 10:00:00,8354.872184332964
2019-01-28 10:30:00,8166.48270323126
2019-01-28 11:00:00,9307.294917902655
2019-01-28 11:30:00,9694.257878299855
2019-01-28 12:00:00,10247.049414545954
2019-01-28 12:30:00,10555.320805615378
2019-01-28 13:00:00,10693.562506155937
2019-01-28 13:30:00,10782.579677085734
2019-01-28 14:00:00,10804.369424883404
2019-01-28 14:30:00,10804.369424883404
2019-01-28 15:00:00,10797.518837520432
2019-01-28 15:30:00,10729.19717080611
2019-01-28 16:00:00,10630.15679617035
2019-01-28 16:30:00,9733.023427792277
2019-01-28 17:00:00,10497.774032682251
2019-01-28 17:30:00,10166.36466956284
2019-01-28 18:00:00,9464.268427113035
2019-01-28 18:30:00,9082.480691991288
2019-01-28 19:00:00,8766.132719073501
2019-01-28 19:30:00,8726.426740241348
2019-01-28 20:00:00,8613.026596556545
2019-01-28 20:30:00,8345.087494760954
2019-01-28 21:00:00,8419.660371160964
2019-01-28 21:30:00,8346.981932281735
2019-01-28 22:00:00,8279.582543905619
2019-01-28 22:30:00,8206.494645986233
2019-01-28 23:00:00,8053.360595594668
2019-01-28 23:30:00,7853.786195497109
2019-01-29 00:00:00,8542.556780007963
2019-01-29 00:30:00,8403.80243142021
2019-01-29 01:00:00,8141.2105688609545
2019-01-29 01:30:00,7974.0373184696255
2019-01-29 02:00:00,7692.8985556767175
2019-01-29 02:30:00,7560.109813049425
2019-01-29 03:00:00,7401.566608217247
2019-01-29 03:30:00,7401.566608217247
2019-01-29 04:00:00,7275.628214301135
2019-01-29 04:30:00,7324.929289147219
2019-01-29 05:00:00,7382.606704666743
2019-01-29 05:30:00,7491.261479077619
2019-01-29 06:00:00,7804.299514040157
2019-01-29 06:30:00,7988.722701746273
2019-01-29 07:00:00,8350.282772906734
2019-01-29 07:30:00,8531.879519175272
2019-01-29 08:00:00,8586.276363265777
2019-01-29 08:30:00,8792.714478558406
2019-01-29 09:00:00,8920.18904338384
2019-01-29 09:30:00,8998.96468599054
2019-01-29 10:00:00,9181.289755583857
2019-01-29 10:30:00,9320.699626553907
2019-01-29 11:00:00,9472.266914747175
2019-01-29 11:30:00,9544.334859497398
2019-01-29 12:00:00,9719.346272637782
2019-01-29 12:30:00,9825.454300276719
2019-01-29 13:00:00,9967.568458686073
2019-01-29 13:30:00,10009.872342309505
2019-01-29 14:00:00,10152.368135470022
2019-01-29 14:30:00,10140.105166418687
2019-01-29 15:00:00,10147.39521366105
2019-01-29 15:30:00,10222.595438724957
2019-01-29 16:00:00,10372.954185079041
2019-01-29 16:30:00,10437.511909334751
2019-01-29 17:00:00,10564.699716177458
2019-01-29 17:30:00,10528.851028300298
2019-01-29 18:00:00,10120.699846109857
2019-01-29 18:30:00,10013.00374342801
2019-01-29 19:00:00,9747.22910300038
2019-01-29 19:30:00,9747.22910300038
2019-01-29 20:00:00,9869.38387490795
2019-01-29 20:30:00,9701.931478153756
2019-01-29 21:00:00,9565.224278294003
2019-01-29 21:30:00,9420.791743745676
2019-01-29 22:00:00,9233.414503412567
2019-01-29 22:30:00,9063.599578045389
2019-01-29 23:00:00,8691.264266721264
2019-01-29 23:30:00,8347.441548360533
2019-01-30 00:00:00,8322.03523410559
2019-01-30 00:30:00,8168.121350681389
2019-01-30 01:00:00,7765.563384724917
2019-01-30 01:30:00,7568.396761234713
2019-01-30 02:00:00,7256.58843305119
2019-01-30 02:30:00,7216.3607997147565
2019-01-30 03:00:00,7167.500746466217
2019-01-30 03:30:00,7115.7680281224175
2019-01-30 04:00:00,7104.156540480313
2019-01-30 04:30:00,7265.189020081953
2019-01-30 05:00:00,7464.959756369537
2019-01-30 05:30:00,8037.835874002192
2019-01-30 06:00:00,8461.142578239602
2019-01-30 06:30:00,8948.361299755716
2019-01-30 07:00:00,9530.590688316039
2019-01-30 07:30:00,9759.717191135469
2019-01-30 08:00:00,9804.743551680218
2019-01-30 08:30:00,9779.553178070733
2019-01-30 09:00:00,9934.95698123016
2019-01-30 09:30:00,10179.726817050194
2019-01-30 10:00:00,10140.586534414224
2019-01-30 10:30:00,10205.923203732065
2019-01-30 11:00:00,10425.925743206099
2019-01-30 11:30:00,10556.212523771595
2019-01-30 12:00:00,10738.680083772295
2019-01-30 12:30:00,10883.345997644972
2019-01-30 13:00:00,10937.777459971674
2019-01-30 13:30:00,11047.029863383617
2019-01-30 14:00:00,11074.614719270134
2019-01-30 14:30:00,11081.470767873141
2019-01-30 15:00:00,11063.689537750472
2019-01-30 15:30:00,11051.511702836084
2019-01-30 16:00:00,11000.957428615093
2019-01-30 16:30:00,11000.957428615093
2019-01-30 17:00:00,10904.445154334853
2019-01-30 17:30:00,10815.982039586232
2019-01-30 18:00:00,10480.485309010523
2019-01-30 18:30:00,10548.34603864384
2019-01-30 19:00:00,9980.560628246274
2019-01-30 19:30:00,10428.823493610063
2019-01-30 20:00:00,10186.94731822741
2019-01-30 20:30:00,9949.301094187094
2019-01-30 21:00:00,9744.42791888731
2019-01-30 21:30:00,9468.552690604361
2019-01-30 22:00:00,9567.152737264478
2019-01-30 22:30:00,9390.548573178421
2019-01-30 23:00:00,9143.216838113201
2019-01-30 23:30:00,8826.877377979332
2019-01-31 00:00:00,8789.43442042697
2019-01-31 00:30:00,8533.859941573777
2019-01-31 01:00:00,8128.312925996694
2019-01-31 01:30:00,7846.462677787806
2019-01-31 02:00:00,7415.890104532962
2019-01-31 02:30:00,7375.487078934695
2019-01-31 03:00:00,7173.373416488977
2019-01-31 03:30:00,7232.199684011836
2019-01-31 04:00:00,7318.607846153861
2019-01-31 04:30:00,7554.093829934637
2019-01-31 05:00:00,7839.315837005537
2019-01-31 05:30:00,8431.77824352017
2019-01-31 06:00:00,8879.220631393495
2019-01-31 06:30:00,9320.234730546857
2019-01-31 07:00:00,9869.020881135333
2019-01-31 07:30:00,10052.88908001242
2019-01-31 08:00:00,10011.442653005388
2019-01-31 08:30:00,10301.79802804639
2019-01-31 09:00:00,10425.547135643314
2019-01-31 09:30:00,10531.587098294758
2019-01-31 10:00:00,10719.600664882177
2019-01-31 10:30:00,10802.645479026622
2019-01-31 11:00:00,10851.091306446084
2019-01-31 11:30:00,11116.429908983815
2019-01-31 12:00:00,11366.43477421446
2019-01-31 12:30:00,11357.262144083334
2019-01-31 13:00:00,11624.748484993395
2019-01-31 13:30:00,11537.69729262809
2019-01-31 14:00:00,11643.080094866347
2019-01-31 14:30:00,11689.489723606353
2019-01-31 15:00:00,11569.666541943667
2019-01-31 15:30:00,11896.964256556892
2019-01-31 16:00:00,11961.010172760918
2019-01-31 16:30:00,11816.59484102488
2019-01-31 17:00:00,11686.182056105059
2019-01-31 17:30:00,11481.834894026995
2019-01-31 18:00:00,11216.138466881908
2019-01-31 18:30:00,11423.630240598768
2019-01-31 19:00:00,11287.184602476673
2019-01-31 19:30:00,11310.560410024065
2019-01-31 20:00:00,10949.6400399695
2019-01-31 20:30:00,10710.55101562472
2019-01-31 21:00:00,10523.109354281867
2019-01-31 21:30:00,10234.720826610379
2019-01-31 22:00:00,9890.322752430406
2019-01-31 22:30:00,9748.663866886562
2019-01-31 23:00:00,9576.558558064715
2019-01-31 23:30:00,9205.218164864416
2019-02-01 00:00:00,8385.535219792093
2019-02-01 00:30:00,8165.327285459883
2019-02-01 01:00:00,7862.68921409799
2019-02-01 01:30:00,7545.45919358163
2019-02-01 02:00:00,7358.138854572925
2019-02-01 02:30:00,7274.9696710236385
2019-02-01 03:00:00,7137.610305264591
2019-02-01 03:30:00,7177.790590042858
2019-02-01 04:00:00,7175.686042615592
2019-02-01 04:30:00,7277.588823609624
2019-02-01 05:00:00,7571.302062549205
2019-02-01 05:30:00,8150.966557075666
2019-02-01 06:00:00,8520.96097330246
2019-02-01 06:30:00,8864.08758685178
2019-02-01 07:00:00,9264.01880005813
2019-02-01 07:30:00,9471.993193169092
2019-02-01 08:00:00,9719.760842056103
2019-02-01 08:30:00,9320.585763269604
2019-02-01 09:00:00,9596.724411007643
2019-02-01 09:30:00,9757.072001471755
2019-02-01 10:00:00,9796.15291601132
2019-02-01 10:30:00,9729.303961068914
2019-02-01 11:00:00,9881.945953961522
2019-02-01 11:30:00,9797.729875781548
2019-02-01 12:00:00,10002.435995724507
2019-02-01 12:30:00,10245.187525867761
2019-02-01 13:00:00,10390.146075372735
2019-02-01 13:30:00,10596.367703102189
2019-02-01 14:00:00,10530.53452603915
2019-02-01 14:30:00,10530.53452603915
2019-02-01 15:00:00,10468.222148600453
2019-02-01 15:30:00,10468.222148600453
2019-02-01 16:00:00,10367.98858284462
2019-02-01 16:30:00,10367.98858284462
2019-02-01 17:00:00,10736.167272500477
2019-02-01 17:30:00,10689.399311858191
2019-02-01 18:00:00,10489.557865089082
2019-02-01 18:30:00,10629.137601723574
2019-02-01 19:00:00,10250.797934042937
2019-02-01 19:30:00,9872.965610857183
2019-02-01 20:00:00,9804.226905920472
2019-02-01 20:30:00,9477.942720469375
2019-02-01 21:00:00,9101.128186038686
2019-02-01 21:30:00,8920.20175120607
2019-02-01 22:00:00,8597.098272538173
2019-02-01 22:30:00,8394.533214089595
2019-02-01 23:00:00,8125.968708402645
2019-02-01 23:30:00,7890.849794056567
2019-02-02 00:00:00,7530.427238916534
2019-02-02 00:30:00,7448.439853399041
2019-02-02 01:00:00,7169.741256114375
2019-02-02 01:30:00,6895.241436234319
2019-02-02 02:00:00,6698.930067921759
2019-02-02 02:30:00,6541.954011562395
2019-02-02 03:00:00,6391.913257600572
2019-02-02 03:30:00,6421.535360681357
2019-02-02 04:00:00,6415.972786120109
2019-02-02 04:30:00,6591.416507778413
2019-02-02 05:00:00,6465.895862508033
2019-02-02 05:30:00,6838.368606851442
2019-02-02 06:00:00,6705.134000151897
2019-02-02 06:30:00,7054.962283372446
2019-02-02 07:00:00,7306.630410607861
2019-02-02 07:30:00,7329.396738654187
2019-02-02 08:00:00,7860.393758325489
2019-02-02 08:30:00,7893.265536213918
2019-02-02 09:00:00,7947.11369249463
2019-02-02 09:30:00,7905.28227115793
2019-02-02 10:00:00,7922.685269651646
2019-02-02 10:30:00,7880.853848314946
2019-02-02 11:00:00,7902.197576748692
2019-02-02 11:30:00,7804.474547519053
2019-02-02 12:00:00,7848.883749392217
2019-02-02 12:30:00,7783.172715657397
2019-02-02 13:00:00,7721.173449077307
2019-02-02 13:30:00,7721.173449077307
2019-02-02 14:00:00,7791.827198529169
2019-02-02 14:30:00,7772.726887086614
2019-02-02 15:00:00,7853.743053481655
2019-02-02 15:30:00,7853.743053481655
2019-02-02 16:00:00,7911.37789531092
2019-02-02 16:30:00,7911.37789531092
2019-02-02 17:00:00,7914.468954984194
2019-02-02 17:30:00,7828.901454540219
2019-02-02 18:00:00,8001.594095597127
2019-02-02 18:30:00,7926.338192708847
2019-02-02 19:00:00,7960.796196207714
2019-02-02 19:30:00,7928.813860789342
2019-02-02 20:00:00,7813.495374374492
2019-02-02 20:30:00,7608.450856429959
2019-02-02 21:00:00,7501.273459153389
2019-02-02 21:30:00,7501.273459153389
2019-02-02 22:00:00,7405.53609186399
2019-02-02 22:30:00,7396.628601691882
2019-02-02 23:00:00,7297.115307368157
2019-02-02 23:30:00,7224.725903825356
2019-02-03 00:00:00,6984.934173331117
2019-02-03 00:30:00,6848.462870676569
2019-02-03 01:00:00,6757.309032451745
2019-02-03 01:30:00,6493.19874704367
2019-02-03 02:00:00,6269.9736471188935
2019-02-03 02:30:00,6224.821185875095
2019-02-03 03:00:00,6254.485127516727
2019-02-03 03:30:00,6165.379526044899
2019-02-03 04:00:00,6140.697549876615
2019-02-03 04:30:00,6263.3861528300995
2019-02-03 05:00:00,6301.974508139595
2019-02-03 05:30:00,6556.355665931621
2019-02-03 06:00:00,6571.867600570689
2019-02-03 06:30:00,6809.7899541829
2019-02-03 07:00:00,6994.11057330178
2019-02-03 07:30:00,7231.930117658275
2019-02-03 08:00:00,7432.601630411631
2019-02-03 08:30:00,7612.137000125988
2019-02-03 09:00:00,7809.808424086918
2019-02-03 09:30:00,7861.9692096921835
2019-02-03 10:00:00,8043.588990207026
2019-02-03 10:30:00,8105.0204790754515
2019-02-03 11:00:00,8126.8659293797655
2019-02-03 11:30:00,8124.1128532137955
2019-02-03 12:00:00,8019.588289222128
2019-02-03 12:30:00,7935.8829411123825
2019-02-03 13:00:00,7926.4670924889215
2019-02-03 13:30:00,8043.675402604031
2019-02-03 14:00:00,7966.382009867297
2019-02-03 14:30:00,8095.338990966181
2019-02-03 15:00:00,8310.827547302988
2019-02-03 15:30:00,8323.628440624145
2019-02-03 16:00:00,8525.388610514816
2019-02-03 16:30:00,8613.294388047458
2019-02-03 17:00:00,8954.047243962306
2019-02-03 17:30:00,9024.123146720978
2019-02-03 18:00:00,9086.697599347688
2019-02-03 18:30:00,9060.334632701186
2019-02-03 19:00:00,9143.602247389212
2019-02-03 19:30:00,9129.78812248859
2019-02-03 20:00:00,9093.90588180804
2019-02-03 20:30:00,8939.71864963371
2019-02-03 21:00:00,8629.679230347409
2019-02-03 21:30:00,8526.16243043979
2019-02-03 22:00:00,8179.87589417199
2019-02-03 22:30:00,8083.452125524195
2019-02-03 23:00:00,7658.569535934371
2019-02-03 23:30:00,7430.918808081734
2019-02-04 00:00:00,7287.750729029058
2019-02-04 00:30:00,7351.558691892916
2019-02-04 01:00:00,7221.646179318346
2019-02-04 01:30:00,6965.4970654753715
2019-02-04 02:00:00,6788.470108140766
2019-02-04 02:30:00,6633.558834287442
2019-02-04 03:00:00,6707.795093261244
2019-02-04 03:30:00,6636.529322799046
2019-02-04 04:00:00,6869.727590256088
2019-02-04 04:30:00,6903.125120116175
2019-02-04 05:00:00,7386.302210831772
2019-02-04 05:30:00,7528.250380971488
2019-02-04 06:00:00,8243.972007063549
2019-02-04 06:30:00,8355.055479095183
2019-02-04 07:00:00,8994.759762398113
2019-02-04 07:30:00,9192.586047917435
2019-02-04 08:00:00,9201.95283235345
2019-02-04 08:30:00,9463.947753674292
2019-02-04 09:00:00,9367.683816171933
2019-02-04 09:30:00,9478.30797510994
2019-02-04 10:00:00,9554.807786699108
2019-02-04 10:30:00,9676.11474780711
2019-02-04 11:00:00,9960.17552498979
2019-02-04 11:30:00,9990.305314089228
2019-02-04 12:00:00,10153.844156669715
2019-02-04 12:30:00,10344.053639350652
2019-02-04 13:00:00,10449.929037554793
2019-02-04 13:30:00,10491.507451714588
2019-02-04 14:00:00,10545.61557969234
2019-02-04 14:30:00,10549.010131014338
2019-02-04 15:00:00,10890.585707691209
2019-02-04 15:30:00,10998.020038299925
2019-02-04 16:00:00,11074.200749226877
2019-02-04 16:30:00,11122.854764552916
2019-02-04 17:00:00,10917.177709614469
2019-02-04 17:30:00,10901.287533340324
2019-02-04 18:00:00,10758.732047513746
2019-02-04 18:30:00,10717.2647534018
2019-02-04 19:00:00,9930.60145609078
2019-02-04 19:30:00,9945.517450545785
2019-02-04 20:00:00,9586.8132234276
2019-02-04 20:30:00,9562.624502428422
2019-02-04 21:00:00,9220.240714167108
2019-02-04 21:30:00,9051.918133770232
2019-02-04 22:00:00,8961.229813875076
2019-02-04 22:30:00,8922.87380991388
2019-02-04 23:00:00,8617.726934493521
2019-02-04 23:30:00,8344.18217505378
2019-02-05 00:00:00,7878.972103803619
2019-02-05 00:30:00,7790.513617988805
2019-02-05 01:00:00,7592.958828956784
2019-02-05 01:30:00,7286.849627564161
2019-02-05 02:00:00,7034.2171942352525
2019-02-05 02:30:00,6995.006262745493
2019-02-05 03:00:00,6881.820844942252
2019-02-05 03:30:00,6941.070477013652
2019-02-05 04:00:00,6966.013061975935
2019-02-05 04:30:00,7188.242712137364
2019-02-05 05:00:00,7324.371841156825
2019-02-05 05:30:00,7709.629957456749
2019-02-05 06:00:00,8195.37918934966
2019-02-05 06:30:00,8562.684672518853
2019-02-05 07:00:00,8868.062652509472
2019-02-05 07:30:00,9136.305255635702
2019-02-05 08:00:00,9370.86831835587
2019-02-05 08:30:00,9693.298072025798
2019-02-05 09:00:00,9836.143520409742
2019-02-05 09:30:00,9877.695756473286
2019-02-05 10:00:00,9856.971075763824
2019-02-05 10:30:00,9918.258053756817
2019-02-05 11:00:00,10093.732505305143
2019-02-05 11:30:00,10156.376902556067
2019-02-05 12:00:00,10426.821383699897
2019-02-05 12:30:00,10788.45560357014
2019-02-05 13:00:00,10973.177635128286
2019-02-05 13:30:00,11116.815640491837
2019-02-05 14:00:00,11233.940721479861
2019-02-05 14:30:00,11579.196339736322
2019-02-05 15:00:00,11833.475901548903
2019-02-05 15:30:00,11833.475901548903
2019-02-05 16:00:00,12444.7339738382
2019-02-05 16:30:00,12446.09945190953
2019-02-05 17:00:00,12532.566555356821
2019-02-05 17:30:00,12043.620492783242
2019-02-05 18:00:00,11660.607713569365
2019-02-05 18:30:00,11235.253104637613
2019-02-05 19:00:00,10550.057186215548
2019-02-05 19:30:00,10462.236778204851
2019-02-05 20:00:00,10341.408400273218
2019-02-05 20:30:00,10023.612482690602
2019-02-05 21:00:00,9757.037412868494
2019-02-05 21:30:00,9573.704108729858
2019-02-05 22:00:00,9079.621336849868
2019-02-05 22:30:00,8848.092681159096
2019-02-05 23:00:00,8475.653568743403
2019-02-05 23:30:00,8202.238894855822
2019-02-06 00:00:00,8310.610651174638
2019-02-06 00:30:00,8044.123142518053
2019-02-06 01:00:00,7727.446025093973
2019-02-06 01:30:00,7471.239041334276
2019-02-06 02:00:00,7107.79609681188
2019-02-06 02:30:00,7002.579332723979
2019-02-06 03:00:00,6896.310733603791
2019-02-06 03:30:00,6890.849197324479
2019-02-06 04:00:00,6861.969793445016
2019-02-06 04:30:00,7246.125542013533
2019-02-06 05:00:00,7371.847145476181
2019-02-06 05:30:00,7887.01920259558
2019-02-06 06:00:00,8332.949969722566
2019-02-06 06:30:00,8760.750635918079
2019-02-06 07:00:00,9250.882207406561
2019-02-06 07:30:00,9422.83316452184
2019-02-06 08:00:00,9498.801691684132
2019-02-06 08:30:00,9626.946845309945
2019-02-06 09:00:00,9594.382719062476
2019-02-06 09:30:00,9721.837560900218
2019-02-06 10:00:00,9787.935955104578
2019-02-06 10:30:00,9877.952350375215
2019-02-06 11:00:00,9893.129912942537
2019-02-06 11:30:00,9910.809620353748
2019-02-06 12:00:00,9912.621470902912
2019-02-06 12:30:00,9996.586195266573
2019-02-06 13:00:00,10106.732168142233
2019-02-06 13:30:00,10131.523132452425
2019-02-06 14:00:00,10145.544393575437
2019-02-06 14:30:00,10328.235326122403
2019-02-06 15:00:00,10385.114160891651
2019-02-06 15:30:00,10274.683756478256
2019-02-06 16:00:00,10373.865236302434
2019-02-06 16:30:00,10278.328117161687
2019-02-06 17:00:00,10474.134315376032
2019-02-06 17:30:00,10425.949263201752
2019-02-06 18:00:00,10119.250097036858
2019-02-06 18:30:00,9967.949085414131
2019-02-06 19:00:00,9895.773239298904
2019-02-06 19:30:00,9900.871497780632
2019-02-06 20:00:00,9673.13731775045
2019-02-06 20:30:00,9419.272387307226
2019-02-06 21:00:00,9186.562283355745
2019-02-06 21:30:00,9036.408450640596
2019-02-06 22:00:00,8846.250093011158
2019-02-06 22:30:00,8624.46607690767
2019-02-06 23:00:00,8329.453179377779
2019-02-06 23:30:00,8111.340240774065
2019-02-07 00:00:00,8050.776849184215
2019-02-07 00:30:00,7869.204685700967
2019-02-07 01:00:00,7476.336503401777
2019-02-07 01:30:00,7306.251451669476
2019-02-07 02:00:00,7041.774486706697
2019-02-07 02:30:00,6887.268316821844
2019-02-07 03:00:00,6785.29121415186
2019-02-07 03:30:00,6782.2931820687745
2019-02-07 04:00:00,6854.332342974935
2019-02-07 04:30:00,6996.620568131325
2019-02-07 05:00:00,7254.473729232243
2019-02-07 05:30:00,7751.199350464461
2019-02-07 06:00:00,8165.805303511596
2019-02-07 06:30:00,8603.725543496912
2019-02-07 07:00:00,8961.645092238536
2019-02-07 07:30:00,9173.987536999075
2019-02-07 08:00:00,9269.117097009688
2019-02-07 08:30:00,9474.86298935369
2019-02-07 09:00:00,9548.916371642877
2019-02-07 09:30:00,9590.311199397836
2019-02-07 10:00:00,9724.727755664682
2019-02-07 10:30:00,9647.471888592521
2019-02-07 11:00:00,9681.795052315583
2019-02-07 11:30:00,9755.800002975358
2019-02-07 12:00:00,9889.449359315062
2019-02-07 12:30:00,9946.014137885544
2019-02-07 13:00:00,10034.85703503338
2019-02-07 13:30:00,10103.67119753509
2019-02-07 14:00:00,10070.22254112877
2019-02-07 14:30:00,10406.460557331347
2019-02-07 15:00:00,10343.391340296095
2019-02-07 15:30:00,10580.567834872067
2019-02-07 16:00:00,10655.963670550787
2019-02-07 16:30:00,10655.963670550787
2019-02-07 17:00:00,10490.077035947317
2019-02-07 17:30:00,10732.99648445743
2019-02-07 18:00:00,10429.789647496995
2019-02-07 18:30:00,10558.880502418502
2019-02-07 19:00:00,9774.16006684911
2019-02-07 19:30:00,10035.369849304896
2019-02-07 20:00:00,9825.06064931546
2019-02-07 20:30:00,9590.633522028838
2019-02-07 21:00:00,9163.224784897657
2019-02-07 21:30:00,8947.443446640906
2019-02-07 22:00:00,8710.869917526657
2019-02-07 22:30:00,8706.591809079728
2019-02-07 23:00:00,8321.673631893962
2019-02-07 23:30:00,8081.533055763743
2019-02-08 00:00:00,8104.111870919187
2019-02-08 00:30:00,7915.375725587591
2019-02-08 01:00:00,7640.843074513265
2019-02-08 01:30:00,7321.51278892997
2019-02-08 02:00:00,7062.0184264149075
2019-02-08 02:30:00,6952.08172352432
2019-02-08 03:00:00,6922.297585320611
2019-02-08 03:30:00,6885.219749399837
2019-02-08 04:00:00,6893.820829437651
2019-02-08 04:30:00,7198.026632522993
2019-02-08 05:00:00,7378.38026907824
2019-02-08 05:30:00,7866.514414531199
2019-02-08 06:00:00,8327.363882246644
2019-02-08 06:30:00,8817.236705017498
2019-02-08 07:00:00,9184.799189520141
2019-02-08 07:30:00,9380.365800009942
2019-02-08 08:00:00,9569.223705052565
2019-02-08 08:30:00,9714.927924939971
2019-02-08 09:00:00,9882.014329844502
2019-02-08 09:30:00,10322.25745644133
2019-02-08 10:00:00,10313.284634752377
2019-02-08 10:30:00,10749.983486498277
2019-02-08 11:00:00,10732.688723028905
2019-02-08 11:30:00,11017.456605063355
2019-02-08 12:00:00,11034.15445428907
2019-02-08 12:30:00,11341.68381993676
2019-02-08 13:00:00,11224.381992755048
2019-02-08 13:30:00,11382.886018601843
2019-02-08 14:00:00,11458.859975365463
2019-02-08 14:30:00,11305.862014371562
2019-02-08 15:00:00,11213.529029783387
2019-02-08 15:30:00,11281.34570527367
2019-02-08 16:00:00,11368.587651353408
2019-02-08 16:30:00,11368.587651353408
2019-02-08 17:00:00,10919.41789298402
2019-02-08 17:30:00,10802.550385125105
2019-02-08 18:00:00,10653.885819850524
2019-02-08 18:30:00,10425.188212978555
2019-02-08 19:00:00,10174.305498585478
2019-02-08 19:30:00,10083.66389313588
2019-02-08 20:00:00,10046.754148399774
2019-02-08 20:30:00,9620.330296350798
2019-02-08 21:00:00,9353.462223285875
2019-02-08 21:30:00,9140.238316535708
2019-02-08 22:00:00,8909.448733100342
2019-02-08 22:30:00,8740.370904793564
2019-02-08 23:00:00,8428.367881632188
2019-02-08 23:30:00,8185.497755879465
2019-02-09 00:00:00,7822.599174638232
2019-02-09 00:30:00,7645.134536247793
2019-02-09 01:00:00,7486.69044345764
2019-02-09 01:30:00,7232.128683821386
2019-02-09 02:00:00,7008.689828390744
2019-02-09 02:30:00,6863.45464234907
2019-02-09 03:00:00,6644.384913125768
2019-02-09 03:30:00,6644.384913125768
2019-02-09 04:00:00,6695.689119659802
2019-02-09 04:30:00,6895.044840434536
2019-02-09 05:00:00,6762.4228580687
2019-02-09 05:30:00,6972.829035615099
2019-02-09 06:00:00,7041.473679306709
2019-02-09 06:30:00,7396.597786301073
2019-02-09 07:00:00,7612.543275637573
2019-02-09 07:30:00,7677.907688362814
2019-02-09 08:00:00,8257.590846808967
2019-02-09 08:30:00,8343.33152395147
2019-02-09 09:00:00,8566.41002345188
2019-02-09 09:30:00,8547.6130513845
2019-02-09 10:00:00,8606.459104988358
2019-02-09 10:30:00,8727.540781288588
2019-02-09 11:00:00,8633.25751398347
2019-02-09 11:30:00,8699.939816396574
2019-02-09 12:00:00,8706.91278968632
2019-02-09 12:30:00,8766.724370033364
2019-02-09 13:00:00,9272.64472294672
2019-02-09 13:30:00,9417.55615031649
2019-02-09 14:00:00,9567.393436288809
2019-02-09 14:30:00,9621.385153874247
2019-02-09 15:00:00,9661.195465763767
2019-02-09 15:30:00,9634.389937464317
2019-02-09 16:00:00,9644.40962574208
2019-02-09 16:30:00,9540.805364219736
2019-02-09 17:00:00,9449.317914185684
2019-02-09 17:30:00,9199.734989364135
2019-02-09 18:00:00,9079.843851177426
2019-02-09 18:30:00,8781.374212972267
2019-02-09 19:00:00,8596.455970746312
2019-02-09 19:30:00,8533.292887163738
2019-02-09 20:00:00,8337.035741688485
2019-02-09 20:30:00,8128.788874522918
2019-02-09 21:00:00,7879.941842427838
2019-02-09 21:30:00,7860.841530985283
2019-02-09 22:00:00,7687.470777861196
2019-02-09 22:30:00,7587.932114493039
2019-02-09 23:00:00,7411.699834551938
2019-02-09 23:30:00,7283.759967293826
2019-02-10 00:00:00,7117.944729122282
2019-02-10 00:30:00,6893.066211572224
2019-02-10 01:00:00,6756.6035384246625
2019-02-10 01:30:00,6466.548462422328
2019-02-10 02:00:00,6243.323362497552
2019-02-10 02:30:00,6110.486569402863
2019-02-10 03:00:00,6093.398154768583
2019-02-10 03:30:00,6093.398154768583
2019-02-10 04:00:00,6085.274687833348
2019-02-10 04:30:00,6104.161746250097
2019-02-10 05:00:00,6145.650621038202
2019-02-10 05:30:00,6360.5722887432075
2019-02-10 06:00:00,6368.579629025836
2019-02-10 06:30:00,6493.020996629557
2019-02-10 07:00:00,6686.678506171121
2019-02-10 07:30:00,6833.08540637538
2019-02-10 08:00:00,6983.3262680151565
2019-02-10 08:30:00,7198.448607423563
2019-02-10 09:00:00,7316.386547704195
2019-02-10 09:30:00,7300.832001631197
2019-02-10 10:00:00,7530.740222691172
2019-02-10 10:30:00,7509.823050302714
2019-02-10 11:00:00,7729.38581026319
2019-02-10 11:30:00,8028.4377495809895
2019-02-10 12:00:00,7970.251792935785
2019-02-10 12:30:00,7853.3198179298415
2019-02-10 13:00:00,8081.245540575055
2019-02-10 13:30:00,8324.62750412374
2019-02-10 14:00:00,8344.824389142213
2019-02-10 14:30:00,8289.48600099186
2019-02-10 15:00:00,8428.450646596022
2019-02-10 15:30:00,8437.6776496309
2019-02-10 16:00:00,8563.26923920138
2019-02-10 16:30:00,8837.75991206785
2019-02-10 17:00:00,8716.483355851487
2019-02-10 17:30:00,8716.483355851487
2019-02-10 18:00:00,8590.580109512824
2019-02-10 18:30:00,8421.089448997505
2019-02-10 19:00:00,8483.114725403528
2019-02-10 19:30:00,8414.488448863143
2019-02-10 20:00:00,8641.160363914712
2019-02-10 20:30:00,8493.838686145424
2019-02-10 21:00:00,8287.919170591787
2019-02-10 21:30:00,8042.9805346877765
2019-02-10 22:00:00,7711.962687078612
2019-02-10 22:30:00,7595.0997325576045
2019-02-10 23:00:00,7378.978061271419
2019-02-10 23:30:00,7161.3329720998345
2019-02-11 00:00:00,7243.876515841977
2019-02-11 00:30:00,7140.785496654502
2019-02-11 01:00:00,6977.851974492177
2019-02-11 01:30:00,6758.475477731526
2019-02-11 02:00:00,6548.989028387127
2019-02-11 02:30:00,6431.004225665292
2019-02-11 03:00:00,6394.984506254708
2019-02-11 03:30:00,6414.023762134619
2019-02-11 04:00:00,6533.564444569049
2019-02-11 04:30:00,6581.934181658433
2019-02-11 05:00:00,7177.625127990272
2019-02-11 05:30:00,7226.952413382866
2019-02-11 06:00:00,8109.006579210581
2019-02-11 06:30:00,8251.73340223191
2019-02-11 07:00:00,8670.835140417317
2019-02-11 07:30:00,8849.316787482732
2019-02-11 08:00:00,8364.713374985764
2019-02-11 08:30:00,8558.729545760756
2019-02-11 09:00:00,8386.365457045089
2019-02-11 09:30:00,8386.365457045089
2019-02-11 10:00:00,8260.813466999294
2019-02-11 10:30:00,8162.434079737079
2019-02-11 11:00:00,7919.046084625018
2019-02-11 11:30:00,7933.752265840083
2019-02-11 12:00:00,7985.640581479031
2019-02-11 12:30:00,8030.285695859465
2019-02-11 13:00:00,8071.105562986756
2019-02-11 13:30:00,8071.105562986756
2019-02-11 14:00:00,8360.32662944962
2019-02-11 14:30:00,8371.949101628232
2019-02-11 15:00:00,8659.118530538875
2019-02-11 15:30:00,8935.682740368387
2019-02-11 16:00:00,9108.473829098742
2019-02-11 16:30:00,9286.750465438105
2019-02-11 17:00:00,9311.025852598998
2019-02-11 17:30:00,9403.189194440818
2019-02-11 18:00:00,9316.616744043089
2019-02-11 18:30:00,9219.33301155556
2019-02-11 19:00:00,8875.79727743169
2019-02-11 19:30:00,8938.605631145152
2019-02-11 20:00:00,8860.223463534028
2019-02-11 20:30:00,8687.772763142211
2019-02-11 21:00:00,8433.26573390122
2019-02-11 21:30:00,8246.549393792246
2019-02-11 22:00:00,8082.926496566069
2019-02-11 22:30:00,7928.478552816134
2019-02-11 23:00:00,7774.649380931503
2019-02-11 23:30:00,7517.244189934013
2019-02-12 00:00:00,7232.222398661122
2019-02-12 00:30:00,7089.8731705929995
2019-02-12 01:00:00,6850.161716754505
2019-02-12 01:30:00,6565.826698719193
2019-02-12 02:00:00,6363.693434096727
2019-02-12 02:30:00,6301.878892692952
2019-02-12 03:00:00,6189.30724829322
2019-02-12 03:30:00,6254.717329459015
2019-02-12 04:00:00,6339.875524951604
2019-02-12 04:30:00,6593.372431167037
2019-02-12 05:00:00,6915.185845242616
2019-02-12 05:30:00,7320.346695667057
2019-02-12 06:00:00,7709.134169383947
2019-02-12 06:30:00,7922.610530022613
2019-02-12 07:00:00,8127.028503096032
2019-02-12 07:30:00,8194.6741794061
2019-02-12 08:00:00,8205.34334187152
2019-02-12 08:30:00,8268.451770493584
2019-02-12 09:00:00,8303.245164096172
2019-02-12 09:30:00,8289.484630056244
2019-02-12 10:00:00,8378.14686695136
2019-02-12 10:30:00,8388.689618322202
2019-02-12 11:00:00,8431.583785558629
2019-02-12 11:30:00,8401.355079971618
2019-02-12 12:00:00,8560.307083613417
2019-02-12 12:30:00,8602.255843539879
2019-02-12 13:00:00,8760.434468029756
2019-02-12 13:30:00,8893.784581720403
2019-02-12 14:00:00,9036.344666276109
2019-02-12 14:30:00,9135.94172487998
2019-02-12 15:00:00,9547.449155401702
2019-02-12 15:30:00,9792.362639341478
2019-02-12 16:00:00,10010.829732514057
2019-02-12 16:30:00,10121.206836330834
2019-02-12 17:00:00,10083.748036483332
2019-02-12 17:30:00,10088.144044890629
2019-02-12 18:00:00,10018.009735718899
2019-02-12 18:30:00,9686.697270685132
2019-02-12 19:00:00,9499.598136403345
2019-02-12 19:30:00,9496.531136743368
2019-02-12 20:00:00,9434.109253112654
2019-02-12 20:30:00,9167.956677833261
2019-02-12 21:00:00,8853.454039293045
2019-02-12 21:30:00,8698.80936645719
2019-02-12 22:00:00,8292.148035095897
2019-02-12 22:30:00,8178.09663315134
2019-02-12 23:00:00,7977.599872018844
2019-02-12 23:30:00,7795.664718199242
2019-02-13 00:00:00,7622.194721470184
2019-02-13 00:30:00,7358.211969008999
2019-02-13 01:00:00,7118.457076043188
2019-02-13 01:30:00,6870.785058621607
2019-02-13 02:00:00,6588.636264504222
2019-02-13 02:30:00,6467.123018122956
2019-02-13 03:00:00,6433.708558234197
2019-02-13 03:30:00,6374.1401937700875
2019-02-13 04:00:00,6440.441684511367
2019-02-13 04:30:00,6572.2313507739245
2019-02-13 05:00:00,6765.462608651693
2019-02-13 05:30:00,7210.50867757008
2019-02-13 06:00:00,7637.822729512918
2019-02-13 06:30:00,7989.114504177635
2019-02-13 07:00:00,8266.307401503353
2019-02-13 07:30:00,8284.364553876429
2019-02-13 08:00:00,8392.042860653382
2019-02-13 08:30:00,8493.334666877794
2019-02-13 09:00:00,8874.169369654926
2019-02-13 09:30:00,9113.58808047095
2019-02-13 10:00:00,9138.889071739597
2019-02-13 10:30:00,9031.48434295042
2019-02-13 11:00:00,9197.220705907785
2019-02-13 11:30:00,9374.80591674642
2019-02-13 12:00:00,9588.464096940994
2019-02-13 12:30:00,9885.054615172488
2019-02-13 13:00:00,10372.13732906454
2019-02-13 13:30:00,10761.218139213792
2019-02-13 14:00:00,11061.92510359676
2019-02-13 14:30:00,11290.035025240277
2019-02-13 15:00:00,11787.098184914958
2019-02-13 15:30:00,11974.873820140792
2019-02-13 16:00:00,12552.660088483839
2019-02-13 16:30:00,12552.660088483839
2019-02-13 17:00:00,12412.120357028673
2019-02-13 17:30:00,12386.960596623958
2019-02-13 18:00:00,11958.135182441947
2019-02-13 18:30:00,11458.241906981315
2019-02-13 19:00:00,10889.975743954776
2019-02-13 19:30:00,10604.078113075378
2019-02-13 20:00:00,9949.31033084826
2019-02-13 20:30:00,9705.600002316587
2019-02-13 21:00:00,9007.386246938226
2019-02-13 21:30:00,8441.837895924142
2019-02-13 22:00:00,8567.488823417401
2019-02-13 22:30:00,8244.936043266309
2019-02-13 23:00:00,8083.60477532037
2019-02-13 23:30:00,8147.9975498696085
2019-02-14 00:00:00,7974.026634421954
2019-02-14 00:30:00,7714.564274268791
2019-02-14 01:00:00,7455.662106649484
2019-02-14 01:30:00,7118.451002977951
2019-02-14 02:00:00,6886.277873031397
2019-02-14 02:30:00,6701.435107505852
2019-02-14 03:00:00,6632.241494159249
2019-02-14 03:30:00,6556.2337164237015
2019-02-14 04:00:00,6512.26258216653
2019-02-14 04:30:00,6726.1220547004905
2019-02-14 05:00:00,6973.999457352979
2019-02-14 05:30:00,7427.444742828851
2019-02-14 06:00:00,7870.198715722936
2019-02-14 06:30:00,8174.057818018564
2019-02-14 07:00:00,8465.372495256226
2019-02-14 07:30:00,8490.867660103426
2019-02-14 08:00:00,8472.49697388137
2019-02-14 08:30:00,8550.337695931048
2019-02-14 09:00:00,8562.437798615492
2019-02-14 09:30:00,8519.037505060838
2019-02-14 10:00:00,8489.689081411187
2019-02-14 10:30:00,8449.530085527167
2019-02-14 11:00:00,8479.062290749487
2019-02-14 11:30:00,8385.685370885865
2019-02-14 12:00:00,8348.772730838149
2019-02-14 12:30:00,8371.46602175629
2019-02-14 13:00:00,8394.130403030853
2019-02-14 13:30:00,8438.79024164198
2019-02-14 14:00:00,8539.568854174371
2019-02-14 14:30:00,8555.802827595018
2019-02-14 15:00:00,8713.621378564712
2019-02-14 15:30:00,8939.329202969704
2019-02-14 16:00:00,9102.526121817464
2019-02-14 16:30:00,9198.905713961327
2019-02-14 17:00:00,9433.286406226433
2019-02-14 17:30:00,9283.132573511284
2019-02-14 18:00:00,9247.581002110448
2019-02-14 18:30:00,9140.59951038228
2019-02-14 19:00:00,8845.886995786543
2019-02-14 19:30:00,8753.270772410422
2019-02-14 20:00:00,8600.402402034284
2019-02-14 20:30:00,8404.108849043861
2019-02-14 21:00:00,8100.661757172816
2019-02-14 21:30:00,7939.781517228259
2019-02-14 22:00:00,7736.454420196535
2019-02-14 22:30:00,7674.662395981611
2019-02-14 23:00:00,7436.958901368273
2019-02-14 23:30:00,7280.034610987569
2019-02-15 00:00:00,7222.13429135155
2019-02-15 00:30:00,7047.2797896959355
2019-02-15 01:00:00,6900.013332276001
2019-02-15 01:30:00,6609.729255592135
2019-02-15 02:00:00,6451.2300023075595
2019-02-15 02:30:00,6313.737634385249
2019-02-15 03:00:00,6292.489125895855
2019-02-15 03:30:00,6387.210185939273
2019-02-15 04:00:00,6389.463797557088
2019-02-15 04:30:00,6601.640947382455
2019-02-15 05:00:00,6856.970750322575
2019-02-15 05:30:00,7319.110058061152
2019-02-15 06:00:00,7673.357659071354
2019-02-15 06:30:00,8013.5905139253555
2019-02-15 07:00:00,8268.755926269527
2019-02-15 07:30:00,8293.21498385604
2019-02-15 08:00:00,8253.15668106759
2019-02-15 08:30:00,8399.038995615423
2019-02-15 09:00:00,8404.026331561336
2019-02-15 09:30:00,8393.150892156365
2019-02-15 10:00:00,8417.520591757871
2019-02-15 10:30:00,8392.148487931157
2019-02-15 11:00:00,8362.005125314907
2019-02-15 11:30:00,8289.933340812679
2019-02-15 12:00:00,8221.850132669888
2019-02-15 12:30:00,8221.850132669888
2019-02-15 13:00:00,8149.994338635349
2019-02-15 13:30:00,8241.421298653386
2019-02-15 14:00:00,8286.25743409391
2019-02-15 14:30:00,8347.125054893704
2019-02-15 15:00:00,8458.558500277186
2019-02-15 15:30:00,8524.144355955172
2019-02-15 16:00:00,8659.56046216133
2019-02-15 16:30:00,8806.883639828871
2019-02-15 17:00:00,8858.441691328517
2019-02-15 17:30:00,8821.00121119852
2019-02-15 18:00:00,8730.48411996885
2019-02-15 18:30:00,8704.121153322349
2019-02-15 19:00:00,8593.34923004503
2019-02-15 19:30:00,8618.409975583425
2019-02-15 20:00:00,8531.138598795193
2019-02-15 20:30:00,8314.388853054505
2019-02-15 21:00:00,8125.601095141335
2019-02-15 21:30:00,8010.232991371539
2019-02-15 22:00:00,7765.414223576785
2019-02-15 22:30:00,7710.865337214135
2019-02-15 23:00:00,7557.380212446632
2019-02-15 23:30:00,7385.678799348065
2019-02-16 00:00:00,7213.8889444626075
2019-02-16 00:30:00,7123.177041880408
2019-02-16 01:00:00,6798.728166931627
2019-02-16 01:30:00,6613.021129989701
2019-02-16 02:00:00,6347.254540174307
2019-02-16 02:30:00,6286.311265301745
2019-02-16 03:00:00,6251.305718608898
2019-02-16 03:30:00,6270.192777025647
2019-02-16 04:00:00,6217.756799152056
2019-02-16 04:30:00,6426.221724025684
2019-02-16 05:00:00,6276.125841434043
2019-02-16 05:30:00,6757.873518566449
2019-02-16 06:00:00,6614.192184350936
2019-02-16 06:30:00,6741.352620887685
2019-02-16 07:00:00,7189.1093052446595
2019-02-16 07:30:00,7225.499980233417
2019-02-16 08:00:00,7599.990146529305
2019-02-16 08:30:00,7603.674815050066
2019-02-16 09:00:00,7696.404979751707
2019-02-16 09:30:00,7696.404979751707
2019-02-16 10:00:00,7716.795407038171
2019-02-16 10:30:00,7697.318653892828
2019-02-16 11:00:00,7662.187429372985
2019-02-16 11:30:00,7607.333827478048
2019-02-16 12:00:00,7523.097850310422
2019-02-16 12:30:00,7523.097850310422
2019-02-16 13:00:00,7536.766972198274
2019-02-16 13:30:00,7601.967440925326
2019-02-16 14:00:00,7628.487707645706
2019-02-16 14:30:00,7679.062712861802
2019-02-16 15:00:00,7877.761518427583
2019-02-16 15:30:00,7993.269695054815
2019-02-16 16:00:00,8248.339273793643
2019-02-16 16:30:00,8272.500611878075
2019-02-16 17:00:00,8357.45726656766
2019-02-16 17:30:00,8264.193421672724
2019-02-16 18:00:00,8260.934290679737
2019-02-16 18:30:00,8147.097269339308
2019-02-16 19:00:00,8048.327780219695
2019-02-16 19:30:00,8070.058827760427
2019-02-16 20:00:00,7925.516451385019
2019-02-16 20:30:00,7802.21325186971
2019-02-16 21:00:00,7578.681354347462
2019-02-16 21:30:00,7526.924127146583
2019-02-16 22:00:00,7425.451961253497
2019-02-16 22:30:00,7398.791193880738
2019-02-16 23:00:00,7276.464185156703
2019-02-16 23:30:00,7227.424134663663
2019-02-17 00:00:00,7044.521619111846
2019-02-17 00:30:00,6873.78294991157
2019-02-17 01:00:00,6741.52069262018
2019-02-17 01:30:00,6414.543798041279
2019-02-17 02:00:00,6223.807908910006
2019-02-17 02:30:00,6100.163579879351
2019-02-17 03:00:00,6079.947943978243
2019-02-17 03:30:00,6078.324370730303
2019-02-17 04:00:00,6068.243417780746
2019-02-17 04:30:00,6135.41634800289
2019-02-17 05:00:00,6156.085491755963
2019-02-17 05:30:00,6361.642711556559
2019-02-17 06:00:00,6358.697980958616
2019-02-17 06:30:00,6545.3147967785235
2019-02-17 07:00:00,6699.97302740003
2019-02-17 07:30:00,6946.299835399624
2019-02-17 08:00:00,7062.624459335824
2019-02-17 08:30:00,7195.527082622269
2019-02-17 09:00:00,7317.933849538634
2019-02-17 09:30:00,7363.783295328176
2019-02-17 10:00:00,7454.1777524795325
2019-02-17 10:30:00,7454.1777524795325
2019-02-17 11:00:00,7549.409366033092
2019-02-17 11:30:00,7549.747807565352
2019-02-17 12:00:00,7624.623175663045
2019-02-17 12:30:00,7578.773729873503
2019-02-17 13:00:00,7575.75144083285
2019-02-17 13:30:00,7650.090830537168
2019-02-17 14:00:00,7713.226610303993
2019-02-17 14:30:00,7697.735691480819
2019-02-17 15:00:00,8113.493670454218
2019-02-17 15:30:00,8216.581186596995
2019-02-17 16:00:00,8329.02864093087
2019-02-17 16:30:00,8365.609021295815
2019-02-17 17:00:00,8634.727474707732
2019-02-17 17:30:00,8664.385563184887
2019-02-17 18:00:00,8691.926027257115
2019-02-17 18:30:00,8576.832368446463
2019-02-17 19:00:00,8569.464880414245
2019-02-17 19:30:00,8644.73585880619
2019-02-17 20:00:00,8545.392235984793
2019-02-17 20:30:00,8449.156434126438
2019-02-17 21:00:00,8121.358577347682
2019-02-17 21:30:00,8032.949500822944
2019-02-17 22:00:00,7639.615293757976
2019-02-17 22:30:00,7647.370551941486
2019-02-17 23:00:00,7289.820641969069
2019-02-17 23:30:00,7085.665503771974
2019-02-18 00:00:00,7046.981300002327
2019-02-18 00:30:00,6916.8488937941265
2019-02-18 01:00:00,6899.875457124211
2019-02-18 01:30:00,6631.43755960108
2019-02-18 02:00:00,6475.0075274183155
2019-02-18 02:30:00,6336.574536303141
2019-02-18 03:00:00,6374.8775057361245
2019-02-18 03:30:00,6374.8775057361245
2019-02-18 04:00:00,6511.574244448684
2019-02-18 04:30:00,6511.574244448684
2019-02-18 05:00:00,7114.31529319409
2019-02-18 05:30:00,7237.611575541432
2019-02-18 06:00:00,8071.432972615614
2019-02-18 06:30:00,8207.160279149199
2019-02-18 07:00:00,8632.208769160228
2019-02-18 07:30:00,8690.888970919746
2019-02-18 08:00:00,8458.713447487666
2019-02-18 08:30:00,8654.003633284736
2019-02-18 09:00:00,8661.755566493857
2019-02-18 09:30:00,8832.578482449953
2019-02-18 10:00:00,8901.444951468442
2019-02-18 10:30:00,8798.984841683983
2019-02-18 11:00:00,8864.206329356502
2019-02-18 11:30:00,8877.983475588015
2019-02-18 12:00:00,9140.738292509714
2019-02-18 12:30:00,9313.42048889628
2019-02-18 13:00:00,9479.507684289852
2019-02-18 13:30:00,9685.178953736897
2019-02-18 14:00:00,9470.93564249387
2019-02-18 14:30:00,9512.825079630245
2019-02-18 15:00:00,9673.871738734439
2019-02-18 15:30:00,9861.957796273355
2019-02-18 16:00:00,9949.538490871879
2019-02-18 16:30:00,10357.256514969109
2019-02-18 17:00:00,10061.197788368418
2019-02-18 17:30:00,10345.70410345355
2019-02-18 18:00:00,10010.090290919326
2019-02-18 18:30:00,10154.6039646904
2019-02-18 19:00:00,9563.13138462296
2019-02-18 19:30:00,9570.505698530882
2019-02-18 20:00:00,9542.130329425485
2019-02-18 20:30:00,9275.755324454236
2019-02-18 21:00:00,9024.01391162823
2019-02-18 21:30:00,8985.523713401799
2019-02-18 22:00:00,8768.090377935681
2019-02-18 22:30:00,8373.7771533887
2019-02-18 23:00:00,8327.702941052023
2019-02-18 23:30:00,8116.934270404083
2019-02-19 00:00:00,7720.7787823944145
2019-02-19 00:30:00,7629.024055337379
2019-02-19 01:00:00,7434.902355165148
2019-02-19 01:30:00,7169.235907633542
2019-02-19 02:00:00,6817.834981901575
2019-02-19 02:30:00,6738.070747845651
2019-02-19 03:00:00,6702.335609073967
2019-02-19 03:30:00,6738.402581465608
2019-02-19 04:00:00,6766.060067991591
2019-02-19 04:30:00,7030.886298776048
2019-02-19 05:00:00,7236.661957194138
2019-02-19 05:30:00,7601.763164393562
2019-02-19 06:00:00,8029.2025575967755
2019-02-19 06:30:00,8290.85873349232
2019-02-19 07:00:00,8641.68648293358
2019-02-19 07:30:00,8722.136805654662
2019-02-19 08:00:00,8803.736988735052
2019-02-19 08:30:00,8864.439662693081
2019-02-19 09:00:00,9045.921156701492
2019-02-19 09:30:00,9094.304806851864
2019-02-19 10:00:00,9190.219712626324
2019-02-19 10:30:00,9235.28533387658
2019-02-19 11:00:00,9300.333849872954
2019-02-19 11:30:00,9376.98403175061
2019-02-19 12:00:00,9570.480764943553
2019-02-19 12:30:00,9668.882636805638
2019-02-19 13:00:00,9844.22542284439
2019-02-19 13:30:00,9957.66299894083
2019-02-19 14:00:00,10213.443106770756
2019-02-19 14:30:00,10477.651220036272
2019-02-19 15:00:00,10617.040220409977
2019-02-19 15:30:00,10834.102118203029
2019-02-19 16:00:00,10694.234140917793
2019-02-19 16:30:00,10694.234140917793
2019-02-19 17:00:00,10556.487772878603
2019-02-19 17:30:00,10480.39275788735
2019-02-19 18:00:00,10730.192204812049
2019-02-19 18:30:00,10366.061062142726
2019-02-19 19:00:00,9784.242108594746
2019-02-19 19:30:00,9699.035805909869
2019-02-19 20:00:00,9556.444543743888
2019-02-19 20:30:00,9355.477189175339
2019-02-19 21:00:00,9168.879525493414
2019-02-19 21:30:00,9053.714829144754
2019-02-19 22:00:00,8488.219256922923
2019-02-19 22:30:00,8497.775036769513
2019-02-19 23:00:00,8090.772122435451
2019-02-19 23:30:00,7935.514903161688
2019-02-20 00:00:00,7965.48766648668
2019-02-20 00:30:00,7804.500702037425
2019-02-20 01:00:00,7481.146508697851
2019-02-20 01:30:00,7280.427206120489
2019-02-20 02:00:00,7048.340569861004
2019-02-20 02:30:00,6906.62874652332
2019-02-20 03:00:00,6772.223228592759
2019-02-20 03:30:00,6840.596961875568
2019-02-20 04:00:00,6918.204525030544
2019-02-20 04:30:00,6983.336423044633
2019-02-20 05:00:00,7306.705829767907
2019-02-20 05:30:00,7882.3580626039
2019-02-20 06:00:00,8208.524253469512
2019-02-20 06:30:00,8615.972322837899
2019-02-20 07:00:00,8830.99214788848
2019-02-20 07:30:00,8920.621711327778
2019-02-20 08:00:00,9057.864634437394
2019-02-20 08:30:00,9060.972967909242
2019-02-20 09:00:00,9062.9813578453
2019-02-20 09:30:00,9110.159905150967
2019-02-20 10:00:00,9532.757009744142
2019-02-20 10:30:00,9590.700358840892
2019-02-20 11:00:00,9642.208825792182
2019-02-20 11:30:00,9595.780477335384
2019-02-20 12:00:00,9733.438676316999
2019-02-20 12:30:00,9649.02750897473
2019-02-20 13:00:00,9596.108904045701
2019-02-20 13:30:00,9816.964815115405
2019-02-20 14:00:00,9485.427827706384
2019-02-20 14:30:00,9669.958924773937
2019-02-20 15:00:00,9723.201085823042
2019-02-20 15:30:00,9776.99947765551
2019-02-20 16:00:00,9862.745983749304
2019-02-20 16:30:00,9862.745983749304
2019-02-20 17:00:00,9862.612256003305
2019-02-20 17:30:00,9672.597070027661
2019-02-20 18:00:00,9621.809177717954
2019-02-20 18:30:00,9421.493461649952
2019-02-20 19:00:00,9285.054155380392
2019-02-20 19:30:00,9148.318651458236
2019-02-20 20:00:00,8899.732846041947
2019-02-20 20:30:00,8666.521852938391
2019-02-20 21:00:00,8360.268863905427
2019-02-20 21:30:00,8255.40169831097
2019-02-20 22:00:00,8097.13421504062
2019-02-20 22:30:00,7926.140359207524
2019-02-20 23:00:00,7784.636808460565
2019-02-20 23:30:00,7584.390472491619
2019-02-21 00:00:00,7480.057077664595
2019-02-21 00:30:00,7292.044836352779
2019-02-21 01:00:00,7080.358209647443
2019-02-21 01:30:00,6836.582498793275
2019-02-21 02:00:00,6590.578146710119
2019-02-21 02:30:00,6467.9267342500525
2019-02-21 03:00:00,6388.017908532189
2019-02-21 03:30:00,6388.017908532189
2019-02-21 04:00:00,6483.965027257743
2019-02-21 04:30:00,6742.540430197291
2019-02-21 05:00:00,6932.010638173027
2019-02-21 05:30:00,7573.492450520814
2019-02-21 06:00:00,7957.058166412871
2019-02-21 06:30:00,8269.505858600078
2019-02-21 07:00:00,8542.054606988117
2019-02-21 07:30:00,8674.39553592343
2019-02-21 08:00:00,8680.440713898359
2019-02-21 08:30:00,8743.915440576646
2019-02-21 09:00:00,8750.081227670124
2019-02-21 09:30:00,8750.081227670124
2019-02-21 10:00:00,8728.83723976925
2019-02-21 10:30:00,8685.868048345741
2019-02-21 11:00:00,8561.05672627458
2019-02-21 11:30:00,8532.956989064676
2019-02-21 12:00:00,8559.097676630488
2019-02-21 12:30:00,8559.097676630488
2019-02-21 13:00:00,8570.246633947949
2019-02-21 13:30:00,8650.815223553935
2019-02-21 14:00:00,8625.387383008794
2019-02-21 14:30:00,8666.231267055588
2019-02-21 15:00:00,8739.747858022774
2019-02-21 15:30:00,8917.491849126802
2019-02-21 16:00:00,9020.493528542627
2019-02-21 16:30:00,9064.428950297499
2019-02-21 17:00:00,9281.642639017868
2019-02-21 17:30:00,9214.397248248883
2019-02-21 18:00:00,9077.66417659917
2019-02-21 18:30:00,9000.391474292821
2019-02-21 19:00:00,8961.651970767045
2019-02-21 19:30:00,8911.595352080056
2019-02-21 20:00:00,8707.879226515119
2019-02-21 20:30:00,8523.986828711495
2019-02-21 21:00:00,8266.952670924906
2019-02-21 21:30:00,8207.514733568856
2019-02-21 22:00:00,7973.957281371937
2019-02-21 22:30:00,7934.653343636286
2019-02-21 23:00:00,7766.788129638014
2019-02-21 23:30:00,7510.233869143366
2019-02-22 00:00:00,7430.29457792242
2019-02-22 00:30:00,7257.157629645992
2019-02-22 01:00:00,6956.556864702815
2019-02-22 01:30:00,6783.905033715787
2019-02-22 02:00:00,6469.570097000961
2019-02-22 02:30:00,6358.581102728184
2019-02-22 03:00:00,6318.421293975174
2019-02-22 03:30:00,6318.421293975174
2019-02-22 04:00:00,6451.480282638278
2019-02-22 04:30:00,6635.179382253573
2019-02-22 05:00:00,6922.096867450786
2019-02-22 05:30:00,7386.764686506756
2019-02-22 06:00:00,7836.621407301261
2019-02-22 06:30:00,8204.381500489311
2019-02-22 07:00:00,8469.84835271642
2019-02-22 07:30:00,8572.328789768699
2019-02-22 08:00:00,8586.324628694187
2019-02-22 08:30:00,8718.531404723351
2019-02-22 09:00:00,8735.87778037034
2019-02-22 09:30:00,8705.306964014602
2019-02-22 10:00:00,8708.079022799788
2019-02-22 10:30:00,8708.079022799788
2019-02-22 11:00:00,8627.314011838193
2019-02-22 11:30:00,8534.697788462072
2019-02-22 12:00:00,8469.346151987944
2019-02-22 12:30:00,8551.675899250624
2019-02-22 13:00:00,8457.455278144942
2019-02-22 13:30:00,8457.455278144942
2019-02-22 14:00:00,8534.50787465208
2019-02-22 14:30:00,8465.980893388598
2019-02-22 15:00:00,8566.275932188175
2019-02-22 15:30:00,8650.862915794514
2019-02-22 16:00:00,8747.120859175584
2019-02-22 16:30:00,8808.5012013581
2019-02-22 17:00:00,8865.023501100193
2019-02-22 17:30:00,8827.583020970196
2019-02-22 18:00:00,8737.623991909946
2019-02-22 18:30:00,8618.786524972058
2019-02-22 19:00:00,8510.730348880577
2019-02-22 19:30:00,8572.514345149364
2019-02-22 20:00:00,8517.958658764486
2019-02-22 20:30:00,8215.264208613587
2019-02-22 21:00:00,8034.336420301759
2019-02-22 21:30:00,7969.63876463658
2019-02-22 22:00:00,7826.072422470351
2019-02-22 22:30:00,7760.31455445818
2019-02-22 23:00:00,7662.404795642787
2019-02-22 23:30:00,7465.175222974288
2019-02-23 00:00:00,7302.160480809646
2019-02-23 00:30:00,7148.803015917484
2019-02-23 01:00:00,6922.477037609069
2019-02-23 01:30:00,6672.107592457904
2019-02-23 02:00:00,6406.149159322981
2019-02-23 02:30:00,6332.803465948586
2019-02-23 03:00:00,6242.067027877253
2019-02-23 03:30:00,6260.954086294002
2019-02-23 04:00:00,6224.197463553095
2019-02-23 04:30:00,6336.694845685607
2019-02-23 05:00:00,6329.32541828465
2019-02-23 05:30:00,6776.26878629418
2019-02-23 06:00:00,6692.138260044876
2019-02-23 06:30:00,6976.804280958405
2019-02-23 07:00:00,7310.958930872411
2019-02-23 07:30:00,7250.822944438369
2019-02-23 08:00:00,7708.020084221024
2019-02-23 08:30:00,7816.633000946993
2019-02-23 09:00:00,7763.389346398847
2019-02-23 09:30:00,7739.93619008388
2019-02-23 10:00:00,7745.700122913647
2019-02-23 10:30:00,7644.077666017708
2019-02-23 11:00:00,7635.188127351318
2019-02-23 11:30:00,7498.291698585152
2019-02-23 12:00:00,7399.221973824514
2019-02-23 12:30:00,7386.059753717583
2019-02-23 13:00:00,7373.604772813294
2019-02-23 13:30:00,7392.2143716420005
2019-02-23 14:00:00,7362.129715703917
2019-02-23 14:30:00,7361.018734289033
2019-02-23 15:00:00,7390.023217025292
2019-02-23 15:30:00,7390.743313340466
2019-02-23 16:00:00,7547.594266589
2019-02-23 16:30:00,7590.738053706718
2019-02-23 17:00:00,7742.5710994833935
2019-02-23 17:30:00,7700.8285795795355
2019-02-23 18:00:00,7872.524735487674
2019-02-23 18:30:00,7742.953366992877
2019-02-23 19:00:00,7795.500286166454
2019-02-23 19:30:00,7795.500286166454
2019-02-23 20:00:00,7589.556496582131
2019-02-23 20:30:00,7530.013448653737
2019-02-23 21:00:00,7424.043070481907
2019-02-23 21:30:00,7427.196992707026
2019-02-23 22:00:00,7357.6161002462195
2019-02-23 22:30:00,7341.734212674997
2019-02-23 23:00:00,7271.100001106312
2019-02-23 23:30:00,7145.677058683395
2019-02-24 00:00:00,6772.48744000828
2019-02-24 00:30:00,6632.463875632336
2019-02-24 01:00:00,6472.605699124654
2019-02-24 01:30:00,6150.401150808992
2019-02-24 02:00:00,5985.588766331719
2019-02-24 02:30:00,5930.419350928443
2019-02-24 03:00:00,5886.480617712146
2019-02-24 03:30:00,5857.35136194664
2019-02-24 04:00:00,5870.238423608292
2019-02-24 04:30:00,5935.395331903876
2019-02-24 05:00:00,5968.997689507746
2019-02-24 05:30:00,6145.168850309318
2019-02-24 06:00:00,6154.926621366608
2019-02-24 06:30:00,6419.87987319074
2019-02-24 07:00:00,6572.807930091929
2019-02-24 07:30:00,6764.352191293001
2019-02-24 08:00:00,6871.880208475902
2019-02-24 08:30:00,6978.856507992261
2019-02-24 09:00:00,7094.203757385638
2019-02-24 09:30:00,7097.357679610756
2019-02-24 10:00:00,7158.470290462124
2019-02-24 10:30:00,7078.131212875052
2019-02-24 11:00:00,7061.74502988537
2019-02-24 11:30:00,6939.3653790937715
2019-02-24 12:00:00,6886.082828748086
2019-02-24 12:30:00,6882.928906522968
2019-02-24 13:00:00,6908.7773842146835
2019-02-24 13:30:00,6908.7773842146835
2019-02-24 14:00:00,6971.216765388722
2019-02-24 14:30:00,6952.807385844233
2019-02-24 15:00:00,6981.264324088953
2019-02-24 15:30:00,7014.526745213707
2019-02-24 16:00:00,7213.15223281573
2019-02-24 16:30:00,7263.287075653042
2019-02-24 17:00:00,7589.506954578064
2019-02-24 17:30:00,7662.397488743068
2019-02-24 18:00:00,7819.29929988363
2019-02-24 18:30:00,7822.305743610323
2019-02-24 19:00:00,7955.426009059393
2019-02-24 19:30:00,8090.2625868841415
2019-02-24 20:00:00,7904.813204981863
2019-02-24 20:30:00,7697.407041106803
2019-02-24 21:00:00,7529.038406067937
2019-02-24 21:30:00,7515.304221377947
2019-02-24 22:00:00,7232.721376803055
2019-02-24 22:30:00,7197.619795705573
2019-02-24 23:00:00,6937.947080660448
2019-02-24 23:30:00,6701.338000784722
2019-02-25 00:00:00,6863.470157641298
2019-02-25 00:30:00,6732.675503407714
2019-02-25 01:00:00,6490.471082584194
2019-02-25 01:30:00,6241.115472805366
2019-02-25 02:00:00,6050.96785002689
2019-02-25 02:30:00,5928.3592529383195
2019-02-25 03:00:00,5918.007849389158
2019-02-25 03:30:00,5891.45120430988
2019-02-25 04:00:00,6030.598868789295
2019-02-25 04:30:00,6059.576600858884
2019-02-25 05:00:00,6541.784198332198
2019-02-25 05:30:00,6642.1300708460785
2019-02-25 06:00:00,7542.349700488895
2019-02-25 06:30:00,7839.414088441826
2019-02-25 07:00:00,8239.615011431753
2019-02-25 07:30:00,8510.445650767575
2019-02-25 08:00:00,8261.729942980373
2019-02-25 08:30:00,8455.763505145609
2019-02-25 09:00:00,8216.95326777944
2019-02-25 09:30:00,8333.798149427943
2019-02-25 10:00:00,8146.289663571979
2019-02-25 10:30:00,8209.400871536574
2019-02-25 11:00:00,7878.926748704764
2019-02-25 11:30:00,7996.643162786796
2019-02-25 12:00:00,7986.865599172695
2019-02-25 12:30:00,7776.536820775102
2019-02-25 13:00:00,7843.152171878573
2019-02-25 13:30:00,7823.725629524295
2019-02-25 14:00:00,7905.262126904529
2019-02-25 14:30:00,7985.2718156994615
2019-02-25 15:00:00,8161.135458448044
2019-02-25 15:30:00,8276.258298874603
2019-02-25 16:00:00,8451.012220366447
2019-02-25 16:30:00,8648.75108449313
2019-02-25 17:00:00,8724.539723321283
2019-02-25 17:30:00,8920.667993828913
2019-02-25 18:00:00,8871.53597390662
2019-02-25 18:30:00,8859.541781788572
2019-02-25 19:00:00,8706.51782350792
2019-02-25 19:30:00,8690.612742682271
2019-02-25 20:00:00,8584.980478093155
2019-02-25 20:30:00,8385.790591394278
2019-02-25 21:00:00,8164.666692021346
2019-02-25 21:30:00,8089.86218014228
2019-02-25 22:00:00,7865.446358137388
2019-02-25 22:30:00,7845.693466305269
2019-02-25 23:00:00,7615.884436583106
2019-02-25 23:30:00,7446.393060160384
2019-02-26 00:00:00,7282.865477658975
2019-02-26 00:30:00,7131.771966557938
2019-02-26 01:00:00,6927.543810319703
2019-02-26 01:30:00,6611.919315365809
2019-02-26 02:00:00,6338.296685651675
2019-02-26 02:30:00,6258.904533290147
2019-02-26 03:00:00,6204.325894845201
2019-02-26 03:30:00,6241.985266189954
2019-02-26 04:00:00,6295.186866258967
2019-02-26 04:30:00,6593.374432128033
2019-02-26 05:00:00,6925.469903744867
2019-02-26 05:30:00,7380.053196334833
2019-02-26 06:00:00,7827.171746873172
2019-02-26 06:30:00,8091.831252189427
2019-02-26 07:00:00,8324.720812663785
2019-02-26 07:30:00,8359.990512565759
2019-02-26 08:00:00,8312.017602475576
2019-02-26 08:30:00,8415.425600016646
2019-02-26 09:00:00,8413.255923870933
2019-02-26 09:30:00,8413.255923870933
2019-02-26 10:00:00,8436.927840004162
2019-02-26 10:30:00,8369.87992476447
2019-02-26 11:00:00,8318.22601101182
2019-02-26 11:30:00,8261.21566703813
2019-02-26 12:00:00,8297.184632327544
2019-02-26 12:30:00,8252.424918042001
2019-02-26 13:00:00,8298.39581894363
2019-02-26 13:30:00,8272.396402223905
2019-02-26 14:00:00,8364.90224136817
2019-02-26 14:30:00,8371.31981459225
2019-02-26 15:00:00,8481.571511499362
2019-02-26 15:30:00,8612.560636271997
2019-02-26 16:00:00,8668.14527275958
2019-02-26 16:30:00,8836.750951685528
2019-02-26 17:00:00,9037.851698239949
2019-02-26 17:30:00,9078.188749834837
2019-02-26 18:00:00,9034.487710578976
2019-02-26 18:30:00,8955.961259288806
2019-02-26 19:00:00,8864.627499068803
2019-02-26 19:30:00,8820.179403631115
2019-02-26 20:00:00,8513.910943076073
2019-02-26 20:30:00,8382.921818303437
2019-02-26 21:00:00,8166.923969038968
2019-02-26 21:30:00,8086.40507045428
2019-02-26 22:00:00,7949.546901166513
2019-02-26 22:30:00,7949.546901166513
2019-02-26 23:00:00,7750.833093916414
2019-02-26 23:30:00,7708.47433446294
2019-02-27 00:00:00,7278.640591161317
2019-02-27 00:30:00,7126.284571825926
2019-02-27 01:00:00,6892.942142261651
2019-02-27 01:30:00,6630.787972419794
2019-02-27 02:00:00,6456.775835251819
2019-02-27 02:30:00,6371.90430159514
2019-02-27 03:00:00,6313.312058528997
2019-02-27 03:30:00,6322.2242045438215
2019-02-27 04:00:00,6385.289156583479
2019-02-27 04:30:00,6489.257018407876
2019-02-27 05:00:00,6748.345387750241
2019-02-27 05:30:00,7228.1854172044605
2019-02-27 06:00:00,7662.917644719683
2019-02-27 06:30:00,7909.797127230957
2019-02-27 07:00:00,8117.563346146368
2019-02-27 07:30:00,8103.338416508068
2019-02-27 08:00:00,8143.356205841476
2019-02-27 08:30:00,8180.435979252652
2019-02-27 09:00:00,8197.651995204453
2019-02-27 09:30:00,8152.626280411579
2019-02-27 10:00:00,8259.429810172081
2019-02-27 10:30:00,8192.722161139338
2019-02-27 11:00:00,8227.022651167488
2019-02-27 11:30:00,8305.17051654085
2019-02-27 12:00:00,8370.037520833479
2019-02-27 12:30:00,8482.126516017235
2019-02-27 13:00:00,8446.82646580671
2019-02-27 13:30:00,8484.264474828537
2019-02-27 14:00:00,8622.14847107023
2019-02-27 14:30:00,8702.717060676216
2019-02-27 15:00:00,8843.02776054044
2019-02-27 15:30:00,9056.304350062816
2019-02-27 16:00:00,9273.923815536793
2019-02-27 16:30:00,9362.107974604998
2019-02-27 17:00:00,9472.303655775828
2019-02-27 17:30:00,9335.803865755932
2019-02-27 18:00:00,9339.903888071332
2019-02-27 18:30:00,9236.186638731517
2019-02-27 19:00:00,9058.353117528883
2019-02-27 19:30:00,9058.353117528883
2019-02-27 20:00:00,8815.218834984184
2019-02-27 20:30:00,8596.685450542498
2019-02-27 21:00:00,8330.4444432004
2019-02-27 21:30:00,8129.97295902386
2019-02-27 22:00:00,7961.394076293841
2019-02-27 22:30:00,7825.600936424079
2019-02-27 23:00:00,7679.751492681363
2019-02-27 23:30:00,7470.098582032665
2019-02-28 00:00:00,7321.081630661033
2019-02-28 00:30:00,7169.410535588431
2019-02-28 01:00:00,6976.276262912395
2019-02-28 01:30:00,6654.173665704415
2019-02-28 02:00:00,6460.675827563966
2019-02-28 02:30:00,6310.529181745494
2019-02-28 03:00:00,6301.8510430580145
2019-02-28 03:30:00,6292.93889704319
2019-02-28 04:00:00,6284.242357933875
2019-02-28 04:30:00,6486.173885910452
2019-02-28 05:00:00,6789.046728957168
2019-02-28 05:30:00,7209.91898923405
2019-02-28 06:00:00,7673.345661960548
2019-02-28 06:30:00,8007.597081530105
2019-02-28 07:00:00,8205.176237437376
2019-02-28 07:30:00,8307.841108149449
2019-02-28 08:00:00,8283.419550724093
2019-02-28 08:30:00,8544.647648462353
2019-02-28 09:00:00,8600.275777689141
2019-02-28 09:30:00,8712.718831614016
2019-02-28 10:00:00,8783.070328639993
2019-02-28 10:30:00,8759.487344673853
2019-02-28 11:00:00,8773.423418755025
2019-02-28 11:30:00,8790.263740235132
2019-02-28 12:00:00,8853.575772280772
2019-02-28 12:30:00,8849.601187077395
2019-02-28 13:00:00,8917.39847675738
2019-02-28 13:30:00,8959.593935846357
2019-02-28 14:00:00,9023.691693538565
2019-02-28 14:30:00,9033.495815057788
2019-02-28 15:00:00,9177.10030443783
2019-02-28 15:30:00,9294.996403333955
2019-02-28 16:00:00,9397.333621431819
2019-02-28 16:30:00,9406.744350232211
2019-02-28 17:00:00,9436.6371707796
2019-02-28 17:30:00,9377.155524426511
2019-02-28 18:00:00,9394.939015972108
2019-02-28 18:30:00,9420.838184390483
2019-02-28 19:00:00,9312.882307527805
2019-02-28 19:30:00,9169.577432292679
2019-02-28 20:00:00,8866.525197931802
2019-02-28 20:30:00,8732.078894678252
2019-02-28 21:00:00,8449.217830666954
2019-02-28 21:30:00,8297.627232677449
2019-02-28 22:00:00,8113.618871535294
2019-02-28 22:30:00,8023.435290869063
2019-02-28 23:00:00,7829.815525298327
2019-02-28 23:30:00,7677.522073604546
2019-03-01 00:00:00,7428.688525052069
2019-03-01 00:30:00,7242.927533700269
2019-03-01 01:00:00,7052.648979505605
2019-03-01 01:30:00,6818.051541664648
2019-03-01 02:00:00,6558.402247853904
2019-03-01 02:30:00,6463.103986174547
2019-03-01 03:00:00,6392.529438321789
2019-03-01 03:30:00,6456.71201820276
2019-03-01 04:00:00,6489.061134738951
2019-03-01 04:30:00,6676.411852017545
2019-03-01 05:00:00,6958.564341543297
2019-03-01 05:30:00,7403.9806844829
2019-03-01 06:00:00,7849.265714527363
2019-03-01 06:30:00,8221.805567920921
2019-03-01 07:00:00,8471.042366602134
2019-03-01 07:30:00,8555.458740587846
2019-03-01 08:00:00,8595.620395560201
2019-03-01 08:30:00,8742.255574518458
2019-03-01 09:00:00,8750.514286338366
2019-03-01 09:30:00,8840.863169049422
2019-03-01 10:00:00,8875.161718292267
2019-03-01 10:30:00,8911.88496902266
2019-03-01 11:00:00,8883.869818377678
2019-03-01 11:30:00,8861.292026343488
2019-03-01 12:00:00,8805.913937931202
2019-03-01 12:30:00,8866.255435081439
2019-03-01 13:00:00,8946.16677014646
2019-03-01 13:30:00,8980.712075239453
2019-03-01 14:00:00,9089.160056876432
2019-03-01 14:30:00,9169.72065243303
2019-03-01 15:00:00,9458.444763537926
2019-03-01 15:30:00,9613.625225935652
2019-03-01 16:00:00,9790.17335782763
2019-03-01 16:30:00,9807.853065238842
2019-03-01 17:00:00,9789.249693325419
2019-03-01 17:30:00,9625.814516509943
2019-03-01 18:00:00,9428.356895849973
2019-03-01 18:30:00,9217.091851349733
2019-03-01 19:00:00,9108.68398558042
2019-03-01 19:30:00,9077.109435161408
2019-03-01 20:00:00,8990.571415971302
2019-03-01 20:30:00,8749.066386099585
2019-03-01 21:00:00,8541.928825849443
2019-03-01 21:30:00,8387.676049467838
2019-03-01 22:00:00,8196.305538579594
2019-03-01 22:30:00,8125.5318251239105
2019-03-01 23:00:00,7896.421874724635
2019-03-01 23:30:00,7728.388347422867
2019-03-02 00:00:00,7567.309420111592
2019-03-02 00:30:00,7405.652779483494
2019-03-02 01:00:00,7167.358985900881
2019-03-02 01:30:00,6874.250170183914
2019-03-02 02:00:00,6686.4401014279
2019-03-02 02:30:00,6573.720983580542
2019-03-02 03:00:00,6380.813629473061
2019-03-02 03:30:00,6383.234716463373
2019-03-02 04:00:00,6365.371819112979
2019-03-02 04:30:00,6580.8297068354605
2019-03-02 05:00:00,6500.628374050739
2019-03-02 05:30:00,6845.7420277093415
2019-03-02 06:00:00,6724.390719525441
2019-03-02 06:30:00,7059.515313436876
2019-03-02 07:00:00,7254.848907415348
2019-03-02 07:30:00,7277.615235461673
2019-03-02 08:00:00,7764.784619917038
2019-03-02 08:30:00,7810.315359072257
2019-03-02 09:00:00,7866.843468492394
2019-03-02 09:30:00,7884.213078438856
2019-03-02 10:00:00,7987.239904464124
2019-03-02 10:30:00,7987.239904464124
2019-03-02 11:00:00,8048.172537610789
2019-03-02 11:30:00,7995.01302378799
2019-03-02 12:00:00,7942.5670507411605
2019-03-02 12:30:00,7942.5670507411605
2019-03-02 13:00:00,8009.163693753734
2019-03-02 13:30:00,8033.325031838164
2019-03-02 14:00:00,8046.891758400247
2019-03-02 14:30:00,8104.746059422624
2019-03-02 15:00:00,8358.693533054193
2019-03-02 15:30:00,8431.502119675619
2019-03-02 16:00:00,8677.009672379694
2019-03-02 16:30:00,8768.6152310685
2019-03-02 17:00:00,8615.611566055326
2019-03-02 17:30:00,8559.218836838922
2019-03-02 18:00:00,8603.890082767295
2019-03-02 18:30:00,8452.909881567371
2019-03-02 19:00:00,8424.859535983382
2019-03-02 19:30:00,8411.461787662181
2019-03-02 20:00:00,8208.860478901492
2019-03-02 20:30:00,8032.950197280271
2019-03-02 21:00:00,7760.349760638095
2019-03-02 21:30:00,7736.8966043231285
2019-03-02 22:00:00,7540.541161765711
2019-03-02 22:30:00,7496.099303601447
2019-03-02 23:00:00,7366.836524955958
2019-03-02 23:30:00,7254.333636368287
2019-03-03 00:00:00,7097.077003062989
2019-03-03 00:30:00,6939.593700601249
2019-03-03 01:00:00,6810.6440761756
2019-03-03 01:30:00,6521.389081514422
2019-03-03 02:00:00,6245.735988537661
2019-03-03 02:30:00,6200.583527293862
2019-03-03 03:00:00,6242.8079967381855
2019-03-03 03:30:00,6244.7654827525075
2019-03-03 04:00:00,6213.702259919393
2019-03-03 04:30:00,6286.366627436716
2019-03-03 05:00:00,6368.27346903687
2019-03-03 05:30:00,6613.095256600386
2019-03-03 06:00:00,6560.394111298448
2019-03-03 06:30:00,6773.98312951214
2019-03-03 07:00:00,6934.0153767167385
2019-03-03 07:30:00,7094.433713422011
2019-03-03 08:00:00,7174.407917362224
2019-03-03 08:30:00,7381.14915592388
2019-03-03 09:00:00,7589.297507794948
2019-03-03 09:30:00,7725.649624433187
2019-03-03 10:00:00,7740.467182906736
2019-03-03 10:30:00,7677.93824553108
2019-03-03 11:00:00,7784.53113981309
2019-03-03 11:30:00,7819.061094332424
2019-03-03 12:00:00,7903.097592929045
2019-03-03 12:30:00,7856.29672649425
2019-03-03 13:00:00,7853.758156895737
2019-03-03 13:30:00,7994.144715429689
2019-03-03 14:00:00,7985.924686266447
2019-03-03 14:30:00,8096.959635668383
2019-03-03 15:00:00,8272.603375963128
2019-03-03 15:30:00,8347.710214862303
2019-03-03 16:00:00,8495.512280871375
2019-03-03 16:30:00,8516.017816126154
2019-03-03 17:00:00,8764.010747713934
2019-03-03 17:30:00,8764.010747713934
2019-03-03 18:00:00,8846.124123094969
2019-03-03 18:30:00,8632.669551391606
2019-03-03 19:00:00,8650.181067599835
2019-03-03 19:30:00,8650.181067599835
2019-03-03 20:00:00,8504.827308242864
2019-03-03 20:30:00,8406.451044787042
2019-03-03 21:00:00,8178.688883079793
2019-03-03 21:30:00,7983.784891240456
2019-03-03 22:00:00,7709.176722858544
2019-03-03 22:30:00,7688.203629312709
2019-03-03 23:00:00,7390.36367172912
2019-03-03 23:30:00,7206.3983127858955
2019-03-04 00:00:00,7278.761264628937
2019-03-04 00:30:00,7041.560630155076
2019-03-04 01:00:00,6909.178957733329
2019-03-04 01:30:00,6746.387928715945
2019-03-04 02:00:00,6565.549039568668
2019-03-04 02:30:00,6500.858220323079
2019-03-04 03:00:00,6421.102974792849
2019-03-04 03:30:00,6385.95027921354
2019-03-04 04:00:00,6503.636508199031
2019-03-04 04:30:00,6597.17214832344
2019-03-04 05:00:00,7164.99704948907
2019-03-04 05:30:00,7349.53801481485
2019-03-04 06:00:00,8270.588978055319
2019-03-04 06:30:00,8232.856759967211
2019-03-04 07:00:00,8691.34775968211
2019-03-04 07:30:00,8936.386537979603
2019-03-04 08:00:00,8821.86539616532
2019-03-04 08:30:00,8964.13712551296
2019-03-04 09:00:00,8881.201249964153
2019-03-04 09:30:00,8918.06255198843
2019-03-04 10:00:00,8889.20660409983
2019-03-04 10:30:00,8905.34302817805
2019-03-04 11:00:00,8998.564458206247
2019-03-04 11:30:00,9199.889929480172
2019-03-04 12:00:00,9220.645539423822
2019-03-04 12:30:00,9258.550371835483
2019-03-04 13:00:00,9371.147973411642
2019-03-04 13:30:00,9595.897864400386
2019-03-04 14:00:00,9643.580745275553
2019-03-04 14:30:00,9793.252243971565
2019-03-04 15:00:00,9831.078573827945
2019-03-04 15:30:00,10026.304090787316
2019-03-04 16:00:00,10225.782202158076
2019-03-04 16:30:00,10256.441482394952
2019-03-04 17:00:00,10309.940068297792
2019-03-04 17:30:00,10479.09764080623
2019-03-04 18:00:00,10234.813565573504
2019-03-04 18:30:00,10167.987170631262
2019-03-04 19:00:00,9823.835441971749
2019-03-04 19:30:00,9767.898915186544
2019-03-04 20:00:00,9596.294755261522
2019-03-04 20:30:00,9390.513339071604
2019-03-04 21:00:00,9122.472366389668
2019-03-04 21:30:00,9002.301825385835
2019-03-04 22:00:00,8550.379856936916
2019-03-04 22:30:00,8456.21796493277
2019-03-04 23:00:00,8254.270121687594
2019-03-04 23:30:00,8079.816400765175
2019-03-05 00:00:00,7711.945363786067
2019-03-05 00:30:00,7635.615247884933
2019-03-05 01:00:00,7422.532678995026
2019-03-05 01:30:00,7125.4641021129355
2019-03-05 02:00:00,6804.597481215323
2019-03-05 02:30:00,6645.190430374284
2019-03-05 03:00:00,6602.647211823713
2019-03-05 03:30:00,6716.000592517722
2019-03-05 04:00:00,6727.644712965091
2019-03-05 04:30:00,6986.069453307224
2019-03-05 05:00:00,7138.148801306559
2019-03-05 05:30:00,7554.715092789428
2019-03-05 06:00:00,8013.593222987006
2019-03-05 06:30:00,8367.282134190975
2019-03-05 07:00:00,8629.692807654581
2019-03-05 07:30:00,8811.78789734528
2019-03-05 08:00:00,8787.732722386309
2019-03-05 08:30:00,8904.597414568747
2019-03-05 09:00:00,8965.165097978195
2019-03-05 09:30:00,9089.682217852609
2019-03-05 10:00:00,9065.126427322564
2019-03-05 10:30:00,9019.78922198325
2019-03-05 11:00:00,9166.233747600016
2019-03-05 11:30:00,9250.896745811502
2019-03-05 12:00:00,9417.497341846742
2019-03-05 12:30:00,9595.356498322899
2019-03-05 13:00:00,9725.410967250877
2019-03-05 13:30:00,9838.863171636354
2019-03-05 14:00:00,9886.189205284849
2019-03-05 14:30:00,10174.655919839124
2019-03-05 15:00:00,10587.63593999456
2019-03-05 15:30:00,10848.527961159582
2019-03-05 16:00:00,10862.104312509831
2019-03-05 16:30:00,10912.677806724067
2019-03-05 17:00:00,10862.095570219431
2019-03-05 17:30:00,10418.28699216093
2019-03-05 18:00:00,10191.748841967781
2019-03-05 18:30:00,9987.900077927712
2019-03-05 19:00:00,9870.693571023548
2019-03-05 19:30:00,9665.527106702626
2019-03-05 20:00:00,9333.122010483967
2019-03-05 20:30:00,9105.03468938287
2019-03-05 21:00:00,8776.530876898656
2019-03-05 21:30:00,8689.517579602807
2019-03-05 22:00:00,8430.589430924816
2019-03-05 22:30:00,8340.642311418329
2019-03-05 23:00:00,8054.833481689695
2019-03-05 23:30:00,7846.357943019802
2019-03-06 00:00:00,7849.458135814271
2019-03-06 00:30:00,7644.25488636594
2019-03-06 01:00:00,7355.472419550354
2019-03-06 01:30:00,7144.772342625132
2019-03-06 02:00:00,6907.196723283946
2019-03-06 02:30:00,6779.399933707175
2019-03-06 03:00:00,6668.807241477011
2019-03-06 03:30:00,6701.665458814717
2019-03-06 04:00:00,6790.741116969376
2019-03-06 04:30:00,7010.828022930953
2019-03-06 05:00:00,7211.059346744444
2019-03-06 05:30:00,7787.186827768999
2019-03-06 06:00:00,8177.675670122087
2019-03-06 06:30:00,8557.909114355289
2019-03-06 07:00:00,8814.263586883202
2019-03-06 07:30:00,8939.984843836135
2019-03-06 08:00:00,8965.237998815617
2019-03-06 08:30:00,9038.043043555552
2019-03-06 09:00:00,9108.543329074319
2019-03-06 09:30:00,9112.073144560025
2019-03-06 10:00:00,9171.722871175658
2019-03-06 10:30:00,9142.913077437363
2019-03-06 11:00:00,9153.886769317445
2019-03-06 11:30:00,9181.928859241374
2019-03-06 12:00:00,9381.215333393173
2019-03-06 12:30:00,9609.805063116313
2019-03-06 13:00:00,9844.024781886406
2019-03-06 13:30:00,9980.567871006915
2019-03-06 14:00:00,10110.929335679755
2019-03-06 14:30:00,10418.702247386704
2019-03-06 15:00:00,10586.976059087645
2019-03-06 15:30:00,10799.372868055736
2019-03-06 16:00:00,10641.44755854238
2019-03-06 16:30:00,10538.444491099353
2019-03-06 17:00:00,10410.914024558544
2019-03-06 17:30:00,10410.914024558544
2019-03-06 18:00:00,10299.49847176637
2019-03-06 18:30:00,10224.98046015358
2019-03-06 19:00:00,10045.530112147804
2019-03-06 19:30:00,10006.336405573991
2019-03-06 20:00:00,9785.81148831391
2019-03-06 20:30:00,9399.478556520427
2019-03-06 21:00:00,9054.742061485986
2019-03-06 21:30:00,8918.117287362777
2019-03-06 22:00:00,8514.512336301697
2019-03-06 22:30:00,8404.612145786768
2019-03-06 23:00:00,8111.384869659451
2019-03-06 23:30:00,7883.280418379445
2019-03-07 00:00:00,7865.463124883395
2019-03-07 00:30:00,7534.864888415711
2019-03-07 01:00:00,7273.951935778069
2019-03-07 01:30:00,6952.381502077214
2019-03-07 02:00:00,6666.673242794683
2019-03-07 02:30:00,6537.441078648648
2019-03-07 03:00:00,6482.8028802639
2019-03-07 03:30:00,6482.6320015426245
2019-03-07 04:00:00,6525.0954544460255
2019-03-07 04:30:00,6818.829057929905
2019-03-07 05:00:00,7107.363251943919
2019-03-07 05:30:00,7596.082674160338
2019-03-07 06:00:00,8017.158304853487
2019-03-07 06:30:00,8401.087317009893
2019-03-07 07:00:00,8674.890443165237
2019-03-07 07:30:00,8773.632852183226
2019-03-07 08:00:00,8867.326599188673
2019-03-07 08:30:00,8872.596330803271
2019-03-07 09:00:00,8747.481620683624
2019-03-07 09:30:00,8415.038113531673
2019-03-07 10:00:00,8556.990676514519
2019-03-07 10:30:00,8557.342902240358
2019-03-07 11:00:00,8604.53375350642
2019-03-07 11:30:00,8454.740955917367
2019-03-07 12:00:00,8494.851489240715
2019-03-07 12:30:00,8643.194938124021
2019-03-07 13:00:00,8986.286007168115
2019-03-07 13:30:00,9571.82726849818
2019-03-07 14:00:00,9765.721570089363
2019-03-07 14:30:00,9530.816194541343
2019-03-07 15:00:00,9568.809283160153
2019-03-07 15:30:00,9591.408720596894
2019-03-07 16:00:00,9588.287626215522
2019-03-07 16:30:00,9424.455921935167
2019-03-07 17:00:00,9329.351138570286
2019-03-07 17:30:00,9320.260306223678
2019-03-07 18:00:00,9378.564441512968
2019-03-07 18:30:00,9415.718236238206
2019-03-07 19:00:00,9322.963882568962
2019-03-07 19:30:00,9283.471939447125
2019-03-07 20:00:00,8968.081920206314
2019-03-07 20:30:00,8734.870927102758
2019-03-07 21:00:00,8376.680925792982
2019-03-07 21:30:00,8215.874849356733
2019-03-07 22:00:00,7997.812365130239
2019-03-07 22:30:00,7823.46625258493
2019-03-07 23:00:00,7728.246370479481
2019-03-07 23:30:00,7499.773584180437
2019-03-08 00:00:00,7299.0538281356685
2019-03-08 00:30:00,7178.343443391734
2019-03-08 01:00:00,6967.705172048095
2019-03-08 01:30:00,6646.524403039926
2019-03-08 02:00:00,6455.396198899471
2019-03-08 02:30:00,6306.077442553465
2019-03-08 03:00:00,6264.036877698028
2019-03-08 03:30:00,6299.189573277336
2019-03-08 04:00:00,6345.381231409554
2019-03-08 04:30:00,6499.7940011724495
2019-03-08 05:00:00,6839.783049873257
2019-03-08 05:30:00,7202.646510504008
2019-03-08 06:00:00,7688.670993175288
2019-03-08 06:30:00,8045.161092270603
2019-03-08 07:00:00,8241.106116654275
2019-03-08 07:30:00,8241.106116654275
2019-03-08 08:00:00,8198.988170138997
2019-03-08 08:30:00,8198.988170138997
2019-03-08 09:00:00,8163.642900818959
2019-03-08 09:30:00,8103.935769303261
2019-03-08 10:00:00,8175.022267957208
2019-03-08 10:30:00,8125.469795067931
2019-03-08 11:00:00,8107.159437802827
2019-03-08 11:30:00,8028.63536174537
2019-03-08 12:00:00,7979.365621434811
2019-03-08 12:30:00,7966.376279926199
2019-03-08 13:00:00,7999.742219292729
2019-03-08 13:30:00,8043.969623914534
2019-03-08 14:00:00,8032.114075676096
2019-03-08 14:30:00,8074.670129742383
2019-03-08 15:00:00,8178.92987553352
2019-03-08 15:30:00,8196.355485865208
2019-03-08 16:00:00,8278.32495811958
2019-03-08 16:30:00,8383.192123714036
2019-03-08 17:00:00,8387.999354447407
2019-03-08 17:30:00,8324.486774439089
2019-03-08 18:00:00,8308.972902290114
2019-03-08 18:30:00,8244.520947630826
2019-03-08 19:00:00,8202.782943749842
2019-03-08 19:30:00,8137.197088071857
2019-03-08 20:00:00,8077.03269540891
2019-03-08 20:30:00,7894.448250945906
2019-03-08 21:00:00,7667.118826033679
2019-03-08 21:30:00,7653.009059783604
2019-03-08 22:00:00,7586.052376526812
2019-03-08 22:30:00,7599.328914690242
2019-03-08 23:00:00,7504.166387004196
2019-03-08 23:30:00,7397.1079249237155
2019-03-09 00:00:00,7178.629291776154
2019-03-09 00:30:00,7059.7253725161545
2019-03-09 01:00:00,6867.14028714562
2019-03-09 01:30:00,6637.960051037248
2019-03-09 02:00:00,6343.657582726874
2019-03-09 02:30:00,6282.714307854312
2019-03-09 03:00:00,6208.405615711103
2019-03-09 03:30:00,6248.599321979775
2019-03-09 04:00:00,6270.734149733464
2019-03-09 04:30:00,6411.8625725010015
2019-03-09 05:00:00,6286.520466490712
2019-03-09 05:30:00,6654.9427477148265
2019-03-09 06:00:00,6654.876108436923
2019-03-09 06:30:00,6919.194335162383
2019-03-09 07:00:00,7224.958260755469
2019-03-09 07:30:00,7204.646874789277
2019-03-09 08:00:00,7632.124811901268
2019-03-09 08:30:00,7608.671655586301
2019-03-09 09:00:00,7655.997650783157
2019-03-09 09:30:00,7655.997650783157
2019-03-09 10:00:00,7597.1835043906685
2019-03-09 10:30:00,7589.280221171041
2019-03-09 11:00:00,7579.836891571346
2019-03-09 11:30:00,7579.836891571346
2019-03-09 12:00:00,7474.231404701719
2019-03-09 12:30:00,7585.00801479736
2019-03-09 13:00:00,7646.133342290617
2019-03-09 13:30:00,7701.3610066981355
2019-03-09 14:00:00,7902.477907636144
2019-03-09 14:30:00,7998.365075271169
2019-03-09 15:00:00,8194.380843836454
2019-03-09 15:30:00,8351.166003541633
2019-03-09 16:00:00,8618.263134988625
2019-03-09 16:30:00,8799.838924407506
2019-03-09 17:00:00,8674.094936525422
2019-03-09 17:30:00,8532.08916204242
2019-03-09 18:00:00,8627.46907664278
2019-03-09 18:30:00,8537.432356395871
2019-03-09 19:00:00,8612.366096720869
2019-03-09 19:30:00,8548.067936270852
2019-03-09 20:00:00,8296.221249627408
2019-03-09 20:30:00,8154.678430151595
2019-03-09 21:00:00,7918.926446408104
2019-03-09 21:30:00,7868.05661024574
2019-03-09 22:00:00,7661.775343876022
2019-03-09 22:30:00,7615.863741395754
2019-03-09 23:00:00,7381.1282163456
2019-03-09 23:30:00,7341.636682994474
2019-03-10 00:00:00,7224.372056765898
2019-03-10 00:30:00,7001.271131606364
2019-03-10 01:00:00,6814.58400813242
2019-03-10 01:30:00,6536.803290410512
2019-03-10 02:00:00,6274.2353150397885
2019-03-10 02:30:00,6115.978577759523
2019-03-10 03:00:00,6079.032098506186
2019-03-10 03:30:00,6039.68195064284
2019-03-10 04:00:00,6070.613399770885
2019-03-10 04:30:00,6160.788341548341
2019-03-10 05:00:00,6180.9589474442555
2019-03-10 05:30:00,6485.880271075407
2019-03-10 06:00:00,6550.076384476344
2019-03-10 06:30:00,6775.344192149389
2019-03-10 07:00:00,6917.720385144212
2019-03-10 07:30:00,7161.844176695891
2019-03-10 08:00:00,7349.660803843517
2019-03-10 08:30:00,7506.536533123706
2019-03-10 09:00:00,7622.630074997681
2019-03-10 09:30:00,7642.168455535295
2019-03-10 10:00:00,7637.5451775506
2019-03-10 10:30:00,7575.018305141565
2019-03-10 11:00:00,7556.625971632502
2019-03-10 11:30:00,7556.625971632502
2019-03-10 12:00:00,7520.915474855427
2019-03-10 12:30:00,7637.535958601426
2019-03-10 13:00:00,7691.421449642621
2019-03-10 13:30:00,7625.739786661601
2019-03-10 14:00:00,7727.726220823422
2019-03-10 14:30:00,7719.349810523998
2019-03-10 15:00:00,7816.77987163527
2019-03-10 15:30:00,7844.246021393314
2019-03-10 16:00:00,7945.520025930571
2019-03-10 16:30:00,7983.089554836981
2019-03-10 17:00:00,8279.050570303301
2019-03-10 17:30:00,8357.127091938424
2019-03-10 18:00:00,8446.224315663707
2019-03-10 18:30:00,8409.678857404933
2019-03-10 19:00:00,8559.08776360782
2019-03-10 19:30:00,8495.821856511913
2019-03-10 20:00:00,8350.082784181552
2019-03-10 20:30:00,8182.707840966401
2019-03-10 21:00:00,7833.129701168998
2019-03-10 21:30:00,7778.043081758034
2019-03-10 22:00:00,7504.310551663893
2019-03-10 22:30:00,7440.845302382157
2019-03-10 23:00:00,7221.7113608315685
2019-03-10 23:30:00,7012.216798440761
2019-03-11 00:00:00,7021.791038202046
2019-03-11 00:30:00,6899.420076347739
2019-03-11 01:00:00,6820.846800142535
2019-03-11 01:30:00,6531.311062169443
2019-03-11 02:00:00,6328.6508665339925
2019-03-11 02:30:00,6296.980324529514
2019-03-11 03:00:00,6208.83640897501
2019-03-11 03:30:00,6208.83640897501
2019-03-11 04:00:00,6333.932179404623
2019-03-11 04:30:00,6437.425281644697
2019-03-11 05:00:00,7017.227924885766
2019-03-11 05:30:00,7106.047619553035
2019-03-11 06:00:00,8039.853338961296
2019-03-11 06:30:00,8268.055366693086
2019-03-11 07:00:00,8688.285316231124
2019-03-11 07:30:00,8684.185475274278
2019-03-11 08:00:00,8761.309420232643
2019-03-11 08:30:00,9054.278244825988
2019-03-11 09:00:00,8788.221742049831
2019-03-11 09:30:00,8779.658368740565
2019-03-11 10:00:00,8747.218014070308
2019-03-11 10:30:00,8747.218014070308
2019-03-11 11:00:00,8806.497531529189
2019-03-11 11:30:00,8785.106062376137
2019-03-11 12:00:00,8895.627862773435
2019-03-11 12:30:00,8912.485434643495
2019-03-11 13:00:00,9128.554326938092
2019-03-11 13:30:00,9379.69085172394
2019-03-11 14:00:00,9668.305068133737
2019-03-11 14:30:00,9804.416712132976
2019-03-11 15:00:00,9934.525855552607
2019-03-11 15:30:00,10243.166764548623
2019-03-11 16:00:00,10205.867988180717
2019-03-11 16:30:00,10246.330868962003
2019-03-11 17:00:00,10046.418852818913
2019-03-11 17:30:00,10245.678843650654
2019-03-11 18:00:00,10187.787967686392
2019-03-11 18:30:00,10104.938314796425
2019-03-11 19:00:00,9806.396635534338
2019-03-11 19:30:00,9707.476181761262
2019-03-11 20:00:00,9701.715756678497
2019-03-11 20:30:00,9589.233003132851
2019-03-11 21:00:00,9347.33591946539
2019-03-11 21:30:00,9073.285443122144
2019-03-11 22:00:00,8909.541690023938
2019-03-11 22:30:00,8651.672748256404
2019-03-11 23:00:00,8374.572174915333
2019-03-11 23:30:00,8132.011614870383
2019-03-12 00:00:00,7820.688572940276
2019-03-12 00:30:00,7719.965528814193
2019-03-12 01:00:00,7482.3328983045485
2019-03-12 01:30:00,7194.717677755397
2019-03-12 02:00:00,6908.552466539786
2019-03-12 02:30:00,6779.74560865007
2019-03-12 03:00:00,6547.86510763487
2019-03-12 03:30:00,6357.050582082091
2019-03-12 04:00:00,6388.310709089912
2019-03-12 04:30:00,6766.41456055026
2019-03-12 05:00:00,7181.513504895111
2019-03-12 05:30:00,7596.465869486965
2019-03-12 06:00:00,7949.908098734101
2019-03-12 06:30:00,8221.458594735237
2019-03-12 07:00:00,8498.543252175785
2019-03-12 07:30:00,8651.066328338646
2019-03-12 08:00:00,8662.096238749877
2019-03-12 08:30:00,8726.229403546655
2019-03-12 09:00:00,8843.357686990872
2019-03-12 09:30:00,8876.55191035954
2019-03-12 10:00:00,8929.348047975785
2019-03-12 10:30:00,8901.950916231342
2019-03-12 11:00:00,8956.536035680638
2019-03-12 11:30:00,8995.113840400028
2019-03-12 12:00:00,9080.878380444183
2019-03-12 12:30:00,9154.799979318817
2019-03-12 13:00:00,9184.457827407037
2019-03-12 13:30:00,9284.357875221513
2019-03-12 14:00:00,9440.84721742625
2019-03-12 14:30:00,9472.42176784526
2019-03-12 15:00:00,9601.936733123868
2019-03-12 15:30:00,9727.233795355929
2019-03-12 16:00:00,9908.282066584434
2019-03-12 16:30:00,9944.130754461594
2019-03-12 17:00:00,9851.516316053732
2019-03-12 17:30:00,9837.468566195075
2019-03-12 18:00:00,9828.167510695965
2019-03-12 18:30:00,9637.29271358938
2019-03-12 19:00:00,9554.838855475822
2019-03-12 19:30:00,9440.013867132076
2019-03-12 20:00:00,9230.163221722472
2019-03-12 20:30:00,9018.798128057224
2019-03-12 21:00:00,8692.456693692611
2019-03-12 21:30:00,8543.890650966767
2019-03-12 22:00:00,8351.618842794202
2019-03-12 22:30:00,8279.539353196427
2019-03-12 23:00:00,8011.57821721679
2019-03-12 23:30:00,7923.221482451539
2019-03-13 00:00:00,7903.699258784813
2019-03-13 00:30:00,7683.841459488398
2019-03-13 01:00:00,7350.417939145738
2019-03-13 01:30:00,7012.031044434241
2019-03-13 02:00:00,6736.624407639763
2019-03-13 02:30:00,6622.744368696332
2019-03-13 03:00:00,6582.2712332974725
2019-03-13 03:30:00,6539.805692781372
2019-03-13 04:00:00,6540.915176359485
2019-03-13 04:30:00,6834.648779843364
2019-03-13 05:00:00,7058.744470630208
2019-03-13 05:30:00,7595.0299654834325
2019-03-13 06:00:00,8017.114316307638
2019-03-13 06:30:00,8368.545447361299
2019-03-13 07:00:00,8657.555130893876
2019-03-13 07:30:00,8777.672443411426
2019-03-13 08:00:00,8821.754202072461
2019-03-13 08:30:00,8971.0756614106
2019-03-13 09:00:00,8957.711125600943
2019-03-13 09:30:00,8937.133405189523
2019-03-13 10:00:00,8947.572487044736
2019-03-13 10:30:00,8997.12033486197
2019-03-13 11:00:00,9041.352437233718
2019-03-13 11:30:00,8959.371836792532
2019-03-13 12:00:00,9021.567796317931
2019-03-13 12:30:00,8889.746058801946
2019-03-13 13:00:00,9115.97721995568
2019-03-13 13:30:00,9251.930755664407
2019-03-13 14:00:00,9321.648788120998
2019-03-13 14:30:00,9440.741796935294
2019-03-13 15:00:00,9623.187412492838
2019-03-13 15:30:00,9947.46333158873
2019-03-13 16:00:00,10567.872719250776
2019-03-13 16:30:00,10875.347340952707
2019-03-13 17:00:00,10701.616887173783
2019-03-13 17:30:00,10675.613610316619
2019-03-13 18:00:00,10618.522746500868
2019-03-13 18:30:00,10457.778663922696
2019-03-13 19:00:00,10375.889520461902
2019-03-13 19:30:00,10191.34926003114
2019-03-13 20:00:00,10055.444489489691
2019-03-13 20:30:00,9525.71043197554
2019-03-13 21:00:00,9039.674521246892
2019-03-13 21:30:00,8752.6832360421
2019-03-13 22:00:00,8417.682133278226
2019-03-13 22:30:00,8268.155129072642
2019-03-13 23:00:00,8031.035280836544
2019-03-13 23:30:00,7825.564343778995
2019-03-14 00:00:00,7596.206457796184
2019-03-14 00:30:00,7439.475562913515
2019-03-14 01:00:00,7202.263865673878
2019-03-14 01:30:00,6933.233343560694
2019-03-14 02:00:00,6545.099587376825
2019-03-14 02:30:00,6505.5533390493965
2019-03-14 03:00:00,6351.909447252323
2019-03-14 03:30:00,6389.9253535434955
2019-03-14 04:00:00,6484.517159582651
2019-03-14 04:30:00,6762.7705911279545
2019-03-14 05:00:00,7012.03530121485
2019-03-14 05:30:00,7567.054884010891
2019-03-14 06:00:00,8017.948087716607
2019-03-14 06:30:00,8331.37633978775
2019-03-14 07:00:00,8615.912791514105
2019-03-14 07:30:00,8669.232971045896
2019-03-14 08:00:00,8657.420163738512
2019-03-14 08:30:00,8700.493666869257
2019-03-14 09:00:00,8706.659453962735
2019-03-14 09:30:00,8696.400595109002
2019-03-14 10:00:00,8642.341962931116
2019-03-14 10:30:00,8642.341962931116
2019-03-14 11:00:00,8566.185646553531
2019-03-14 11:30:00,8578.815516772507
2019-03-14 12:00:00,8585.220286609594
2019-03-14 12:30:00,8585.220286609594
2019-03-14 13:00:00,8585.887459601425
2019-03-14 13:30:00,8546.162754042232
2019-03-14 14:00:00,8512.652880569478
2019-03-14 14:30:00,8572.331785738828
2019-03-14 15:00:00,8727.009059135959
2019-03-14 15:30:00,8747.514594390737
2019-03-14 16:00:00,8784.055650607737
2019-03-14 16:30:00,8796.685520826713
2019-03-14 17:00:00,8967.736038060431
2019-03-14 17:30:00,8862.928016776792
2019-03-14 18:00:00,8834.870571455103
2019-03-14 18:30:00,8871.593822185496
2019-03-14 19:00:00,8892.537419240498
2019-03-14 19:30:00,8770.657335063888
2019-03-14 20:00:00,8527.432164318123
2019-03-14 20:30:00,8366.588310312689
2019-03-14 21:00:00,8157.983051966238
2019-03-14 21:30:00,8093.285396301059
2019-03-14 22:00:00,7858.159798624464
2019-03-14 22:30:00,7858.159798624464
2019-03-14 23:00:00,7759.09603379119
2019-03-14 23:30:00,7522.211329025158
2019-03-15 00:00:00,7374.975456132956
2019-03-15 00:30:00,7224.717983122
2019-03-15 01:00:00,7038.764274289683
2019-03-15 01:30:00,6707.209513563154
2019-03-15 02:00:00,6488.939318090159
2019-03-15 02:30:00,6422.925660146548
2019-03-15 03:00:00,6327.331112734085
2019-03-15 03:30:00,6327.331112734085
2019-03-15 04:00:00,6448.570590559764
2019-03-15 04:30:00,6629.462410673189
2019-03-15 05:00:00,6943.937532703049
2019-03-15 05:30:00,7409.147228946182
2019-03-15 06:00:00,7963.123652069579
2019-03-15 06:30:00,8331.91949171402
2019-03-15 07:00:00,8609.479236595997
2019-03-15 07:30:00,8753.463982481735
2019-03-15 08:00:00,8744.609367720184
2019-03-15 08:30:00,8862.263483842065
2019-03-15 09:00:00,8896.680685993122
2019-03-15 09:30:00,8957.265139555293
2019-03-15 10:00:00,8977.442793343997
2019-03-15 10:30:00,8916.245909824536
2019-03-15 11:00:00,8872.77045608773
2019-03-15 11:30:00,8921.03134339859
2019-03-15 12:00:00,8909.974352395757
2019-03-15 12:30:00,8829.24088132475
2019-03-15 13:00:00,8839.717730427727
2019-03-15 13:30:00,8876.901104255092
2019-03-15 14:00:00,8986.176948614242
2019-03-15 14:30:00,9052.032825793096
2019-03-15 15:00:00,9182.178282824754
2019-03-15 15:30:00,9270.36244189296
2019-03-15 16:00:00,9387.775733426306
2019-03-15 16:30:00,9326.629203603086
2019-03-15 17:00:00,9291.605346478122
2019-03-15 17:30:00,9176.391802879787
2019-03-15 18:00:00,9125.522225193617
2019-03-15 18:30:00,9037.338066125412
2019-03-15 19:00:00,8911.833264197354
2019-03-15 19:30:00,8716.93976657427
2019-03-15 20:00:00,8575.86317129681
2019-03-15 20:30:00,8249.560666488725
2019-03-15 21:00:00,8051.021514106287
2019-03-15 21:30:00,7948.060752208735
2019-03-15 22:00:00,7836.9252277218475
2019-03-15 22:30:00,7762.857092063531
2019-03-15 23:00:00,7593.948200581939
2019-03-15 23:30:00,7418.142701009132
2019-03-16 00:00:00,7310.940720803203
2019-03-16 00:30:00,7150.250895463624
2019-03-16 01:00:00,6898.839542570229
2019-03-16 01:30:00,6664.392619968539
2019-03-16 02:00:00,6431.16830397021
2019-03-16 02:30:00,6320.641974092212
2019-03-16 03:00:00,6251.926609167104
2019-03-16 03:30:00,6184.051417615384
2019-03-16 04:00:00,6174.118054949958
2019-03-16 04:30:00,6310.086610056328
2019-03-16 05:00:00,6278.739210733274
2019-03-16 05:30:00,6654.961526574033
2019-03-16 06:00:00,6678.430963558608
2019-03-16 06:30:00,6827.544410744389
2019-03-16 07:00:00,7218.913294943285
2019-03-16 07:30:00,7231.159958691272
2019-03-16 08:00:00,7622.3289597431685
2019-03-16 08:30:00,7627.3080182516305
2019-03-16 09:00:00,7668.552525516747
2019-03-16 09:30:00,7703.430013519087
2019-03-16 10:00:00,7695.5660788729965
2019-03-16 10:30:00,7640.123037688062
2019-03-16 11:00:00,7637.384694341106
2019-03-16 11:30:00,7654.388110209895
2019-03-16 12:00:00,7594.449206783007
2019-03-16 12:30:00,7489.629081423124
2019-03-16 13:00:00,7446.267067504851
2019-03-16 13:30:00,7387.7690046044645
2019-03-16 14:00:00,7389.05983179761
2019-03-16 14:30:00,7386.687211108918
2019-03-16 15:00:00,7403.191788513542
2019-03-16 15:30:00,7498.249098592736
2019-03-16 16:00:00,7554.393306566034
2019-03-16 16:30:00,7509.95144840177
2019-03-16 17:00:00,7731.634618740973
2019-03-16 17:30:00,7575.755820250329
2019-03-16 18:00:00,7733.797859037777
2019-03-16 18:30:00,7679.923356447394
2019-03-16 19:00:00,7748.322144619887
2019-03-16 19:30:00,7705.178357502168
2019-03-16 20:00:00,7524.816522883223
2019-03-16 20:30:00,7498.810558592484
2019-03-16 21:00:00,7358.34998619029
2019-03-16 21:30:00,7347.0826490673935
2019-03-16 22:00:00,7231.897592870121
2019-03-16 22:30:00,6970.665320688193
2019-03-16 23:00:00,6891.922868545771
2019-03-16 23:30:00,7078.739036609051
2019-03-17 00:00:00,6774.941624805553
2019-03-17 00:30:00,6560.7546393118
2019-03-17 01:00:00,6456.8069534793285
2019-03-17 01:30:00,6044.762457751388
2019-03-17 02:00:00,5924.6588223490735
2019-03-17 02:30:00,5841.229410951444
2019-03-17 03:00:00,5791.655709160511
2019-03-17 03:30:00,5777.006575167769
2019-03-17 04:00:00,5789.58120372974
2019-03-17 04:30:00,5847.798463737656
2019-03-17 05:00:00,5926.974410557387
2019-03-17 05:30:00,6048.751431320053
2019-03-17 06:00:00,6099.679080218518
2019-03-17 06:30:00,6283.903495163186
2019-03-17 07:00:00,6636.847761629522
2019-03-17 07:30:00,6774.699863045998
2019-03-17 08:00:00,6997.905656460406
2019-03-17 08:30:00,7173.887224184023
2019-03-17 09:00:00,7293.258947483194
2019-03-17 09:30:00,7315.780632200257
2019-03-17 10:00:00,7363.243321390809
2019-03-17 10:30:00,7254.890692039855
2019-03-17 11:00:00,7350.106207278167
2019-03-17 11:30:00,7203.938762196899
2019-03-17 12:00:00,7247.466449273512
2019-03-17 12:30:00,7149.013867254615
2019-03-17 13:00:00,7190.90571446392
2019-03-17 13:30:00,7086.843419755227
2019-03-17 14:00:00,7209.048086421359
2019-03-17 14:30:00,7308.131856548754
2019-03-17 15:00:00,7400.63731481176
2019-03-17 15:30:00,7480.002399738367
2019-03-17 16:00:00,7626.734617313207
2019-03-17 16:30:00,7616.802860746341
2019-03-17 17:00:00,7681.005008141796
2019-03-17 17:30:00,7829.792015865992
2019-03-17 18:00:00,7978.26834252614
2019-03-17 18:30:00,7951.4221002597005
2019-03-17 19:00:00,8129.207541730191
2019-03-17 19:30:00,7915.931606984413
2019-03-17 20:00:00,7733.555416440513
2019-03-17 20:30:00,7601.549556002058
2019-03-17 21:00:00,7483.075118688546
2019-03-17 21:30:00,7399.7877994096825
2019-03-17 22:00:00,7183.409030018793
2019-03-17 22:30:00,7177.33793481066
2019-03-17 23:00:00,6897.919036409694
2019-03-17 23:30:00,6782.9016670626215
2019-03-18 00:00:00,6832.755797828114
2019-03-18 00:30:00,6795.589942852983
2019-03-18 01:00:00,6650.178326204808
2019-03-18 01:30:00,6272.848004381694
2019-03-18 02:00:00,6075.249087303058
2019-03-18 02:30:00,5937.763806026938
2019-03-18 03:00:00,5938.633431896823
2019-03-18 03:30:00,5908.481864202405
2019-03-18 04:00:00,6009.396415023105
2019-03-18 04:30:00,6027.267852911511
2019-03-18 05:00:00,6568.615058427345
2019-03-18 05:30:00,6764.767663622158
2019-03-18 06:00:00,7696.597700718899
2019-03-18 06:30:00,7998.416117625716
2019-03-18 07:00:00,8448.64318373833
2019-03-18 07:30:00,8555.039562305505
2019-03-18 08:00:00,8637.833652479167
2019-03-18 08:30:00,8956.60447959199
2019-03-18 09:00:00,8590.497559480804
2019-03-18 09:30:00,8725.576858327937
2019-03-18 10:00:00,8639.851648317288
2019-03-18 10:30:00,8639.851648317288
2019-03-18 11:00:00,8627.399142129632
2019-03-18 11:30:00,8508.608662444633
2019-03-18 12:00:00,8512.75191930586
2019-03-18 12:30:00,8480.650562053246
2019-03-18 13:00:00,8546.567841595299
2019-03-18 13:30:00,8512.850986022717
2019-03-18 14:00:00,8549.809299779128
2019-03-18 14:30:00,8575.129347973221
2019-03-18 15:00:00,8556.204825629717
2019-03-18 15:30:00,8586.484028251602
2019-03-18 16:00:00,8689.406404722095
2019-03-18 16:30:00,8803.439818547322
2019-03-18 17:00:00,8770.310662914553
2019-03-18 17:30:00,8918.420771980134
2019-03-18 18:00:00,8947.208606300668
2019-03-18 18:30:00,8929.54175215096
2019-03-18 19:00:00,8762.762968151072
2019-03-18 19:30:00,8593.829156810012
2019-03-18 20:00:00,8577.163049316248
2019-03-18 20:30:00,8390.210137516531
2019-03-18 21:00:00,8086.537021828437
2019-03-18 21:30:00,7873.153781748491
2019-03-18 22:00:00,7746.123876323485
2019-03-18 22:30:00,7790.446219831569
2019-03-18 23:00:00,7557.287955778241
2019-03-18 23:30:00,7389.918236993349
2019-03-19 00:00:00,7207.863122814729
2019-03-19 00:30:00,7070.736722478261
2019-03-19 01:00:00,6742.359051858932
2019-03-19 01:30:00,6474.349292720162
2019-03-19 02:00:00,6217.982457648302
2019-03-19 02:30:00,6161.121071459263
2019-03-19 03:00:00,6018.629569767571
2019-03-19 03:30:00,6089.49948344201
2019-03-19 04:00:00,6110.75080239145
2019-03-19 04:30:00,6379.250097655486
2019-03-19 05:00:00,6733.127500544983
2019-03-19 05:30:00,7230.339780367115
2019-03-19 06:00:00,7765.343262015803
2019-03-19 06:30:00,8047.116732771454
2019-03-19 07:00:00,8246.293760923845
2019-03-19 07:30:00,8305.3020574999
2019-03-19 08:00:00,8247.228490856876
2019-03-19 08:30:00,8247.228490856876
2019-03-19 09:00:00,8300.303409706172
2019-03-19 09:30:00,8300.303409706172
2019-03-19 10:00:00,8342.807635505236
2019-03-19 10:30:00,8292.698463896386
2019-03-19 11:00:00,8144.993411068651
2019-03-19 11:30:00,8134.08703405514
2019-03-19 12:00:00,8120.540873466031
2019-03-19 12:30:00,8208.392003984596
2019-03-19 13:00:00,8257.452599812266
2019-03-19 13:30:00,8227.382290230706
2019-03-19 14:00:00,8254.583671956228
2019-03-19 14:30:00,8236.238676704234
2019-03-19 15:00:00,8319.012840259229
2019-03-19 15:30:00,8402.316614078667
2019-03-19 16:00:00,8566.537286950124
2019-03-19 16:30:00,8613.011331578802
2019-03-19 17:00:00,8758.694753354857
2019-03-19 17:30:00,8739.009683995768
2019-03-19 18:00:00,8794.747238625241
2019-03-19 18:30:00,8733.613202899216
2019-03-19 19:00:00,8742.733612915805
2019-03-19 19:30:00,8498.273492411281
2019-03-19 20:00:00,8324.830341452312
2019-03-19 20:30:00,8153.400923374876
2019-03-19 21:00:00,7965.567401652781
2019-03-19 21:30:00,7918.594738864209
2019-03-19 22:00:00,7773.852973277145
2019-03-19 22:30:00,7781.086401655618
2019-03-19 23:00:00,7671.916167452244
2019-03-19 23:30:00,7529.77121486756
2019-03-20 00:00:00,7246.589036274732
2019-03-20 00:30:00,7098.886585470707
2019-03-20 01:00:00,6947.204318899088
2019-03-20 01:30:00,6584.405306604729
2019-03-20 02:00:00,6369.871881775325
2019-03-20 02:30:00,6241.4563061347235
2019-03-20 03:00:00,6126.173588872087
2019-03-20 03:30:00,6162.387773330088
2019-03-20 04:00:00,6212.312309337217
2019-03-20 04:30:00,6362.798132177054
2019-03-20 05:00:00,6645.223245194246
2019-03-20 05:30:00,7134.84726829525
2019-03-20 06:00:00,7623.481224782951
2019-03-20 06:30:00,7998.3886483441265
2019-03-20 07:00:00,8248.173563994967
2019-03-20 07:30:00,8272.63262158148
2019-03-20 08:00:00,8198.978903565387
2019-03-20 08:30:00,8279.209497318452
2019-03-20 09:00:00,8286.09255768479
2019-03-20 09:30:00,8406.613666843825
2019-03-20 10:00:00,8455.039301883464
2019-03-20 10:30:00,8400.88473125958
2019-03-20 11:00:00,8430.179890871506
2019-03-20 11:30:00,8318.09089568775
2019-03-20 12:00:00,8394.962920256157
2019-03-20 12:30:00,8416.88048557484
2019-03-20 13:00:00,8486.357222448212
2019-03-20 13:30:00,8486.19642210308
2019-03-20 14:00:00,8551.102651382302
2019-03-20 14:30:00,8551.102651382302
2019-03-20 15:00:00,8550.109465079835
2019-03-20 15:30:00,8580.587926863911
2019-03-20 16:00:00,8697.57373632266
2019-03-20 16:30:00,8768.686694026115
2019-03-20 17:00:00,8908.180407389018
2019-03-20 17:30:00,8846.01137373282
2019-03-20 18:00:00,8834.786234726542
2019-03-20 18:30:00,8830.53277480699
2019-03-20 19:00:00,8839.752722187673
2019-03-20 19:30:00,8621.219337745988
2019-03-20 20:00:00,8427.470771530974
2019-03-20 20:30:00,8250.276677613258
2019-03-20 21:00:00,8066.030946234797
2019-03-20 21:30:00,7891.223224409258
2019-03-20 22:00:00,7734.760342973474
2019-03-20 22:30:00,7688.417754043966
2019-03-20 23:00:00,7619.085725419742
2019-03-20 23:30:00,7419.5477332620585
2019-03-21 00:00:00,7326.012894748284
2019-03-21 00:30:00,7180.433890328413
2019-03-21 01:00:00,6939.797060811859
2019-03-21 01:30:00,6628.730766861299
2019-03-21 02:00:00,6423.009780867323
2019-03-21 02:30:00,6319.37657480908
2019-03-21 03:00:00,6216.471929967928
2019-03-21 03:30:00,6252.812107332133
2019-03-21 04:00:00,6324.81974216453
2019-03-21 04:30:00,6552.997664313263
2019-03-21 05:00:00,6876.096804000359
2019-03-21 05:30:00,7281.440165611688
2019-03-21 06:00:00,7860.818038911645
2019-03-21 06:30:00,8184.771129191688
2019-03-21 07:00:00,8427.031521533047
2019-03-21 07:30:00,8389.59351251122
2019-03-21 08:00:00,8341.887557786118
2019-03-21 08:30:00,8320.985973492052
2019-03-21 09:00:00,8339.482616489857
2019-03-21 09:30:00,8423.51331698008
2019-03-21 10:00:00,8485.230470956696
2019-03-21 10:30:00,8485.842900913985
2019-03-21 11:00:00,8473.969504465875
2019-03-21 11:30:00,8506.870173476489
2019-03-21 12:00:00,8482.88139300369
2019-03-21 12:30:00,8559.973979016479
2019-03-21 13:00:00,8599.71758639345
2019-03-21 13:30:00,8615.194058101633
2019-03-21 14:00:00,8652.231878457405
2019-03-21 14:30:00,8612.507172898213
2019-03-21 15:00:00,8826.953448815564
2019-03-21 15:30:00,8932.040760863285
2019-03-21 16:00:00,9016.384021105529
2019-03-21 16:30:00,9156.119882268256
2019-03-21 17:00:00,9306.422631974006
2019-03-21 17:30:00,9217.232585795422
2019-03-21 18:00:00,9259.565781191472
2019-03-21 18:30:00,9138.657500083138
2019-03-21 19:00:00,9127.454547721125
2019-03-21 19:30:00,8897.792265852177
2019-03-21 20:00:00,8600.653842340344
2019-03-21 20:30:00,8435.290049905356
2019-03-21 21:00:00,8210.36003585306
2019-03-21 21:30:00,8106.54052348205
2019-03-21 22:00:00,7912.738777117528
2019-03-21 22:30:00,7835.738186876068
2019-03-21 23:00:00,7650.922719444366
2019-03-21 23:30:00,7481.360196093936
2019-03-22 00:00:00,7316.165577250938
2019-03-22 00:30:00,7188.869791256886
2019-03-22 01:00:00,6979.550234670047
2019-03-22 01:30:00,6655.21554343676
2019-03-22 02:00:00,6396.1213478829795
2019-03-22 02:30:00,6273.95051504881
2019-03-22 03:00:00,6227.052076466246
2019-03-22 03:30:00,6190.711899102042
2019-03-22 04:00:00,6257.814116063806
2019-03-22 04:30:00,6492.107565298262
2019-03-22 05:00:00,6803.0398147287715
2019-03-22 05:30:00,7228.114892109635
2019-03-22 06:00:00,7762.059348591067
2019-03-22 06:30:00,8084.012078393395
2019-03-22 07:00:00,8324.522134431838
2019-03-22 07:30:00,8364.612825262624
2019-03-22 08:00:00,8304.862718674302
2019-03-22 08:30:00,8412.382566077717
2019-03-22 09:00:00,8458.119390758808
2019-03-22 09:30:00,8467.222614898881
2019-03-22 10:00:00,8429.347371853208
2019-03-22 10:30:00,8426.802253748232
2019-03-22 11:00:00,8432.070183540158
2019-03-22 11:30:00,8457.565348387358
2019-03-22 12:00:00,8453.581262783322
2019-03-22 12:30:00,8527.928102478678
2019-03-22 13:00:00,8581.393490334112
2019-03-22 13:30:00,8718.457809147922
2019-03-22 14:00:00,8676.16628401187
2019-03-22 14:30:00,8726.898653099914
2019-03-22 15:00:00,8845.802382053893
2019-03-22 15:30:00,9004.02038253832
2019-03-22 16:00:00,9088.677047065667
2019-03-22 16:30:00,9134.668278397172
2019-03-22 17:00:00,9112.573424867582
2019-03-22 17:30:00,8955.036477224354
2019-03-22 18:00:00,8874.970415041751
2019-03-22 18:30:00,8874.970415041751
2019-03-22 19:00:00,8797.149034505817
2019-03-22 19:30:00,8648.367327246275
2019-03-22 20:00:00,8538.296695688501
2019-03-22 20:30:00,8275.45046559338
2019-03-22 21:00:00,8128.3932976765855
2019-03-22 21:30:00,8033.6145712096395
2019-03-22 22:00:00,7848.032642970549
2019-03-22 22:30:00,7713.47332579338
2019-03-22 23:00:00,7522.899697072046
2019-03-22 23:30:00,7368.779442909901
2019-03-23 00:00:00,7243.268009371816
2019-03-23 00:30:00,7033.566410559619
2019-03-23 01:00:00,6771.010545790954
2019-03-23 01:30:00,6522.103352750899
2019-03-23 02:00:00,6273.367530293353
2019-03-23 02:30:00,6149.686969710415
2019-03-23 03:00:00,6071.645625664844
2019-03-23 03:30:00,6096.427995247203
2019-03-23 04:00:00,6072.799284905527
2019-03-23 04:30:00,6277.599971071067
2019-03-23 05:00:00,6249.683245008185
2019-03-23 05:30:00,6657.512514133
2019-03-23 06:00:00,6647.3322505407905
2019-03-23 06:30:00,6815.141204853004
2019-03-23 07:00:00,7180.184856370868
2019-03-23 07:30:00,7226.096458851136
2019-03-23 08:00:00,7501.906452291222
2019-03-23 08:30:00,7616.43353595363
2019-03-23 09:00:00,7660.330725027704
2019-03-23 09:30:00,7748.256578819919
2019-03-23 10:00:00,7693.551548055122
2019-03-23 10:30:00,7662.196926486774
2019-03-23 11:00:00,7659.164286975403
2019-03-23 11:30:00,7637.033034054856
2019-03-23 12:00:00,7615.276054849791
2019-03-23 12:30:00,7697.159224750407
2019-03-23 13:00:00,7795.857929240075
2019-03-23 13:30:00,7758.1480705299755
2019-03-23 14:00:00,7710.4453902572
2019-03-23 14:30:00,7827.026260154385
2019-03-23 15:00:00,7958.207140650887
2019-03-23 15:30:00,7958.207140650887
2019-03-23 16:00:00,7893.783420242609
2019-03-23 16:30:00,7967.813645740473
2019-03-23 17:00:00,8033.561588364898
2019-03-23 17:30:00,7936.530746592611
2019-03-23 18:00:00,8015.369188933591
2019-03-23 18:30:00,8006.468325351426
2019-03-23 19:00:00,7978.19270339786
2019-03-23 19:30:00,7849.201471839693
2019-03-23 20:00:00,7611.7026155527265
2019-03-23 20:30:00,7507.92714670562
2019-03-23 21:00:00,7408.2953459177725
2019-03-23 21:30:00,7385.086547000797
2019-03-23 22:00:00,7301.86911263992
2019-03-23 22:30:00,7301.86911263992
2019-03-23 23:00:00,7217.7582609955525
2019-03-23 23:30:00,7093.2973842929605
2019-03-24 00:00:00,6768.980937254941
2019-03-24 00:30:00,6551.640029536069
2019-03-24 01:00:00,6400.0076161937195
2019-03-24 01:30:00,6128.89704522795
2019-03-24 02:00:00,5936.989697323955
2019-03-24 02:30:00,5820.327008344488
2019-03-24 03:00:00,5771.030455931196
2019-03-24 03:30:00,5771.030455931196
2019-03-24 04:00:00,5775.70890838382
2019-03-24 04:30:00,5820.843215089574
2019-03-24 05:00:00,5963.129041068909
2019-03-24 05:30:00,6102.017156588159
2019-03-24 06:00:00,6192.466466629328
2019-03-24 06:30:00,6359.33807239145
2019-03-24 07:00:00,6626.848582978171
2019-03-24 07:30:00,6749.788765914852
2019-03-24 08:00:00,6949.617477606138
2019-03-24 08:30:00,6995.118968000737
2019-03-24 09:00:00,6996.6412315179205
2019-03-24 09:30:00,6997.963175416753
2019-03-24 10:00:00,7046.038142647376
2019-03-24 10:30:00,7046.038142647376
2019-03-24 11:00:00,7095.850511768465
2019-03-24 11:30:00,7037.353404097474
2019-03-24 12:00:00,7097.023435551759
2019-03-24 12:30:00,7203.544858961378
2019-03-24 13:00:00,7395.120864038466
2019-03-24 13:30:00,7577.099731264167
2019-03-24 14:00:00,7546.859668931417
2019-03-24 14:30:00,7862.265629219677
2019-03-24 15:00:00,8036.1090839696935
2019-03-24 15:30:00,8136.127598388316
2019-03-24 16:00:00,8187.445656504195
2019-03-24 16:30:00,8257.674073303859
2019-03-24 17:00:00,8504.371418549612
2019-03-24 17:30:00,8489.875737102984
2019-03-24 18:00:00,8533.418320355348
2019-03-24 18:30:00,8533.418320355348
2019-03-24 19:00:00,8589.674629891493
2019-03-24 19:30:00,8491.29836643567
2019-03-24 20:00:00,8293.320096863637
2019-03-24 20:30:00,8123.49067747396
2019-03-24 21:00:00,7868.514222029678
2019-03-24 21:30:00,7648.420858159506
2019-03-24 22:00:00,7410.548789341513
2019-03-24 22:30:00,7324.912341756758
2019-03-24 23:00:00,7153.242828453177
2019-03-24 23:30:00,6883.632758887584
2019-03-25 00:00:00,7047.296648994774
2019-03-25 00:30:00,6837.071595479172
2019-03-25 01:00:00,6686.414741854176
2019-03-25 01:30:00,6456.770812184023
2019-03-25 02:00:00,6360.124727334074
2019-03-25 02:30:00,6185.596953989465
2019-03-25 03:00:00,6098.055221379346
2019-03-25 03:30:00,6097.574464435321
2019-03-25 04:00:00,6179.260001880388
2019-03-25 04:30:00,6236.568446788854
2019-03-25 05:00:00,6824.667753597467
2019-03-25 05:30:00,7064.378733537845
2019-03-25 06:00:00,8049.837221889814
2019-03-25 06:30:00,8237.185550390794
2019-03-25 07:00:00,8717.714690982648
2019-03-25 07:30:00,8919.51203453118
2019-03-25 08:00:00,8740.219177165562
2019-03-25 08:30:00,8974.211829905149
2019-03-25 09:00:00,8815.573147010595
2019-03-25 09:30:00,8830.402325124753
2019-03-25 10:00:00,8820.434054694577
2019-03-25 10:30:00,8829.27760714809
2019-03-25 11:00:00,8951.656765637987
2019-03-25 11:30:00,9004.111646708408
2019-03-25 12:00:00,9109.643562906062
2019-03-25 12:30:00,9240.792096438892
2019-03-25 13:00:00,9623.07657096356
2019-03-25 13:30:00,9680.983172648517
2019-03-25 14:00:00,9759.726749971684
2019-03-25 14:30:00,9807.081934003558
2019-03-25 15:00:00,10103.088118605563
2019-03-25 15:30:00,10166.810090675395
2019-03-25 16:00:00,10213.785523446184
2019-03-25 16:30:00,10203.53398909238
2019-03-25 17:00:00,10137.473857914314
2019-03-25 17:30:00,10075.032382009
2019-03-25 18:00:00,9941.949010853667
2019-03-25 18:30:00,9852.765700645095
2019-03-25 19:00:00,9481.795410350476
2019-03-25 19:30:00,9287.595901823845
2019-03-25 20:00:00,9033.300582870123
2019-03-25 20:30:00,8782.138030714219
2019-03-25 21:00:00,8509.89337112198
2019-03-25 21:30:00,8369.71578300316
2019-03-25 22:00:00,8233.534889034927
2019-03-25 22:30:00,8194.060826194242
2019-03-25 23:00:00,7686.2419420713695
2019-03-25 23:30:00,7503.061348953728
2019-03-26 00:00:00,7321.159317496274
2019-03-26 00:30:00,7207.427593175891
2019-03-26 01:00:00,6850.314163108696
2019-03-26 01:30:00,6512.024083398435
2019-03-26 02:00:00,6310.368720049341
2019-03-26 02:30:00,6265.01101720958
2019-03-26 03:00:00,6188.475287111483
2019-03-26 03:30:00,6182.851050839955
2019-03-26 04:00:00,6238.823018838875
2019-03-26 04:30:00,6595.674162043463
2019-03-26 05:00:00,7057.354821241388
2019-03-26 05:30:00,7516.771344215829
2019-03-26 06:00:00,7866.981611718254
2019-03-26 06:30:00,8180.145726772434
2019-03-26 07:00:00,8402.462974865355
2019-03-26 07:30:00,8478.888432418042
2019-03-26 08:00:00,8553.208859650307
2019-03-26 08:30:00,8670.456381856386
2019-03-26 09:00:00,8676.622168949863
2019-03-26 09:30:00,8651.81627229674
2019-03-26 10:00:00,8546.1394064668
2019-03-26 10:30:00,8558.769276685776
2019-03-26 11:00:00,8515.07229148593
2019-03-26 11:30:00,8504.662330544445
2019-03-26 12:00:00,8550.494339291072
2019-03-26 12:30:00,8573.954728085557
2019-03-26 13:00:00,8562.73465275533
2019-03-26 13:30:00,8562.73465275533
2019-03-26 14:00:00,8650.619370103104
2019-03-26 14:30:00,8661.983004628219
2019-03-26 15:00:00,8801.42978556026
2019-03-26 15:30:00,8821.935320815039
2019-03-26 16:00:00,8861.052980730023
2019-03-26 16:30:00,8922.83697699881
2019-03-26 17:00:00,9069.894748493802
2019-03-26 17:30:00,9016.382697948395
2019-03-26 18:00:00,8907.029880356678
2019-03-26 18:30:00,8811.915805267688
2019-03-26 19:00:00,8853.013800042558
2019-03-26 19:30:00,8708.535813629354
2019-03-26 20:00:00,8457.09290921788
2019-03-26 20:30:00,8365.543582304832
2019-03-26 21:00:00,8116.587973136432
2019-03-26 21:30:00,7971.723891482753
2019-03-26 22:00:00,7799.40062137086
2019-03-26 22:30:00,7799.40062137086
2019-03-26 23:00:00,7708.718447143539
2019-03-26 23:30:00,7566.573494558856
2019-03-27 00:00:00,7288.228712806954
2019-03-27 00:30:00,7056.320251906494
2019-03-27 01:00:00,6842.59991696311
2019-03-27 01:30:00,6536.642075850691
2019-03-27 02:00:00,6306.500019343907
2019-03-27 02:30:00,6196.670127238174
2019-03-27 03:00:00,6115.512171897935
2019-03-27 03:30:00,6173.918925153668
2019-03-27 04:00:00,6169.801340035829
2019-03-27 04:30:00,6385.984026006301
2019-03-27 05:00:00,6645.40006483866
2019-03-27 05:30:00,7141.318913071634
2019-03-27 06:00:00,7665.120901315173
2019-03-27 06:30:00,7975.330669211169
2019-03-27 07:00:00,8204.574843486884
2019-03-27 07:30:00,8205.872914533431
2019-03-27 08:00:00,8086.721097692137
2019-03-27 08:30:00,8085.002238938322
2019-03-27 09:00:00,7987.117323999235
2019-03-27 09:30:00,7958.469632086764
2019-03-27 10:00:00,7914.105921496992
2019-03-27 10:30:00,7848.348053484821
2019-03-27 11:00:00,7842.136863763161
2019-03-27 11:30:00,7766.799234384158
2019-03-27 12:00:00,7767.177221854818
2019-03-27 12:30:00,7852.423323553547
2019-03-27 13:00:00,7892.777765850696
2019-03-27 13:30:00,7901.219005377259
2019-03-27 14:00:00,7919.921924940584
2019-03-27 14:30:00,7974.705753396655
2019-03-27 15:00:00,8107.37291116457
2019-03-27 15:30:00,8244.452283884122
2019-03-27 16:00:00,8365.953792101835
2019-03-27 16:30:00,8467.708047337652
2019-03-27 17:00:00,8689.703761964043
2019-03-27 17:30:00,8675.291510799636
2019-03-27 18:00:00,8731.292123071478
2019-03-27 18:30:00,8827.512557838494
2019-03-27 19:00:00,8739.64613769169
2019-03-27 19:30:00,8494.895231817398
2019-03-27 20:00:00,8238.869493666038
2019-03-27 20:30:00,8117.374289144704
2019-03-27 21:00:00,7890.038514659425
2019-03-27 21:30:00,7769.588963732332
2019-03-27 22:00:00,7563.11811059506
2019-03-27 22:30:00,7629.820987637041
2019-03-27 23:00:00,7447.606136184565
2019-03-27 23:30:00,7269.11746455048
2019-03-28 00:00:00,7225.940543494137
2019-03-28 00:30:00,7078.238092690112
2019-03-28 01:00:00,6845.790970854551
2019-03-28 01:30:00,6563.353818769814
2019-03-28 02:00:00,6371.312365993586
2019-03-28 02:30:00,6259.065652401094
2019-03-28 03:00:00,6207.505761129129
2019-03-28 03:30:00,6207.505761129129
2019-03-28 04:00:00,6259.843759835613
2019-03-28 04:30:00,6456.40291219247
2019-03-28 05:00:00,6787.5112001913885
2019-03-28 05:30:00,7153.607033645534
2019-03-28 06:00:00,7675.687195939222
2019-03-28 06:30:00,8014.227037343928
2019-03-28 07:00:00,8285.769276691399
2019-03-28 07:30:00,8233.859517000079
2019-03-28 08:00:00,8123.357798846932
2019-03-28 08:30:00,8064.3721033270895
2019-03-28 09:00:00,8108.518508759915
2019-03-28 09:30:00,8178.045292725352
2019-03-28 10:00:00,7999.145043149929
2019-03-28 10:30:00,7994.891583230377
2019-03-28 11:00:00,8000.459426322305
2019-03-28 11:30:00,7948.624941208092
2019-03-28 12:00:00,7924.764260045856
2019-03-28 12:30:00,7967.016793346752
2019-03-28 13:00:00,7870.085973352273
2019-03-28 13:30:00,7943.140882436823
2019-03-28 14:00:00,7944.465165281971
2019-03-28 14:30:00,7940.306166117
2019-03-28 15:00:00,8065.300392728734
2019-03-28 15:30:00,8129.933458014716
2019-03-28 16:00:00,8228.501416572426
2019-03-28 16:30:00,8299.911788743062
2019-03-28 17:00:00,8469.36453261384
2019-03-28 17:30:00,8515.740841989418
2019-03-28 18:00:00,8638.141603526889
2019-03-28 18:30:00,8689.368195590887
2019-03-28 19:00:00,8636.888011465811
2019-03-28 19:30:00,8404.083513788977
2019-03-28 20:00:00,8203.856512650906
2019-03-28 20:30:00,8047.9157888810905
2019-03-28 21:00:00,7765.001663211398
2019-03-28 21:30:00,7750.891896961323
2019-03-28 22:00:00,7543.282572059353
2019-03-28 22:30:00,7637.850016545905
2019-03-28 23:00:00,7473.708284820801
2019-03-28 23:30:00,7314.474681838765
2019-03-29 00:00:00,7272.46860592878
2019-03-29 00:30:00,7126.8896015089085
2019-03-29 01:00:00,6938.852855770453
2019-03-29 01:30:00,6626.90614640992
2019-03-29 02:00:00,6417.108255293299
2019-03-29 02:30:00,6270.796592823692
2019-03-29 03:00:00,6264.309303428161
2019-03-29 03:30:00,6239.526933845802
2019-03-29 04:00:00,6356.533929790659
2019-03-29 04:30:00,6510.946699553555
2019-03-29 05:00:00,6853.690263290898
2019-03-29 05:30:00,7247.0532580215195
2019-03-29 06:00:00,7856.006122570278
2019-03-29 06:30:00,8153.320269236488
2019-03-29 07:00:00,8364.612825262624
2019-03-29 07:30:00,8358.806221228546
2019-03-29 08:00:00,8241.71450439769
2019-03-29 08:30:00,8188.792507892536
2019-03-29 09:00:00,8153.561737917809
2019-03-29 09:30:00,8157.334440893335
2019-03-29 10:00:00,8110.622306927702
2019-03-29 10:30:00,8189.146382985158
2019-03-29 11:00:00,8117.784896828434
2019-03-29 11:30:00,8076.411975846135
2019-03-29 12:00:00,7981.306789330874
2019-03-29 12:30:00,7981.306789330874
2019-03-29 13:00:00,8046.819526569183
2019-03-29 13:30:00,8070.079670872866
2019-03-29 14:00:00,8091.774621712116
2019-03-29 14:30:00,8104.307058928342
2019-03-29 15:00:00,8271.697057807623
2019-03-29 15:30:00,8420.445824862129
2019-03-29 16:00:00,8581.969525872775
2019-03-29 16:30:00,8719.033844686584
2019-03-29 17:00:00,8711.000501743394
2019-03-29 17:30:00,8697.186376842772
2019-03-29 18:00:00,8705.806438235168
2019-03-29 18:30:00,8792.75385844384
2019-03-29 19:00:00,8682.485552076287
2019-03-29 19:30:00,8489.469194490868
2019-03-29 20:00:00,8384.043919306896
2019-03-29 20:30:00,8167.930618189959
2019-03-29 21:00:00,8013.67662983
2019-03-29 21:30:00,7874.816215252685
2019-03-29 22:00:00,7713.47332579338
2019-03-29 22:30:00,7681.240503113948
2019-03-29 23:00:00,7521.937631351721
2019-03-29 23:30:00,7368.779442909901
2019-03-30 00:00:00,7198.50006196091
2019-03-30 00:30:00,7050.779741127585
2019-03-30 01:00:00,6799.666509077006
2019-03-30 01:30:00,6576.563571605231
2019-03-30 02:00:00,6283.044939026483
2019-03-30 02:30:00,6170.0542225035
2019-03-30 03:00:00,6053.961390935686
2019-03-30 03:30:00,6081.450542951503
2019-03-30 04:00:00,6111.530115073729
2019-03-30 04:30:00,6276.077613199149
2019-03-30 05:00:00,6240.740849917402
2019-03-30 05:30:00,6589.589632682171
2019-03-30 06:00:00,6653.091031218946
2019-03-30 06:30:00,6767.528368728532
2019-03-30 07:00:00,7242.339610325792
2019-03-30 07:30:00,7244.164746609135
2019-03-30 08:00:00,7571.109313357067
2019-03-30 08:30:00,7604.152304621265
2019-03-30 09:00:00,7583.559504389788
2019-03-30 09:30:00,7589.621355966386
2019-03-30 10:00:00,7681.449812800974
2019-03-30 10:30:00,7629.990724237257
2019-03-30 11:00:00,7589.2350401632
2019-03-30 11:30:00,7489.696376795043
2019-03-30 12:00:00,7507.741977343325
2019-03-30 12:30:00,7457.705070955004
2019-03-30 13:00:00,7431.148603380441
2019-03-30 13:30:00,7457.853739066312
2019-03-30 14:00:00,7532.806263334013
2019-03-30 14:30:00,7545.917345325092
2019-03-30 15:00:00,7697.118211786296
2019-03-30 15:30:00,7853.287866335718
2019-03-30 16:00:00,8008.283726902943
2019-03-30 16:30:00,8004.309141699566
2019-03-30 17:00:00,8120.975302035351
2019-03-30 17:30:00,8060.179782051035
2019-03-30 18:00:00,8151.677100929585
2019-03-30 18:30:00,8207.473292037657
2019-03-30 19:00:00,8168.685965641656
2019-03-30 19:30:00,7960.713564518921
2019-03-30 20:00:00,7767.989448386351
2019-03-30 20:30:00,7685.687170917326
2019-03-30 21:00:00,7427.826611496707
2019-03-30 21:30:00,7428.238042741157
2019-03-30 22:00:00,7369.798177259558
2019-03-30 22:30:00,7325.965906206624
2019-03-30 23:00:00,7233.350009857882
2019-03-30 23:30:00,7211.917639398402
2019-03-31 00:00:00,6881.901828555502
2019-03-31 00:30:00,6745.430525900954
2019-03-31 01:00:00,6568.673469463151
2019-03-31 01:30:00,6324.731817357799
2019-03-31 02:00:00,6129.179372036906
2019-03-31 02:30:00,5997.593469130445
2019-03-31 03:00:00,5970.0125174521
2019-03-31 03:30:00,5923.54218382802
2019-03-31 04:00:00,5927.492494104272
2019-03-31 04:30:00,5926.725741326407
2019-03-31 05:00:00,5998.730206756058
2019-03-31 05:30:00,6115.774911965687
2019-03-31 06:00:00,6303.619403186702
2019-03-31 06:30:00,6553.0568796240295
2019-03-31 07:00:00,6731.081189733196
2019-03-31 07:30:00,7020.51991979923
2019-03-31 08:00:00,7157.449300124362
2019-03-31 08:30:00,7386.671354207857
2019-03-31 09:00:00,7417.642652485611
2019-03-31 09:30:00,7434.531534143995
2019-03-31 10:00:00,7439.869656218129
2019-03-31 10:30:00,7329.663768576365
2019-03-31 11:00:00,7309.96260342556
2019-03-31 11:30:00,7183.7865593506685
2019-03-31 12:00:00,6912.7883100157715
2019-03-31 12:30:00,6769.782086020003
2019-03-31 13:00:00,6904.562141727251
2019-03-31 13:30:00,6876.240133931549
2019-03-31 14:00:00,6871.2127101124315
2019-03-31 14:30:00,6800.798373870828
2019-03-31 15:00:00,6778.75431183987
2019-03-31 15:30:00,6847.979810728139
2019-03-31 16:00:00,7088.507631502368
2019-03-31 16:30:00,7078.723343575651
2019-03-31 17:00:00,7324.367800040225
2019-03-31 17:30:00,7437.690539623216
2019-03-31 18:00:00,7631.804985984207
2019-03-31 18:30:00,7765.690558513354
2019-03-31 19:00:00,7844.66827098023
2019-03-31 19:30:00,7654.1807744865555
2019-03-31 20:00:00,7492.671039086633
2019-03-31 20:30:00,7385.408084757544
2019-03-31 21:00:00,7254.749514237971
2019-03-31 21:30:00,7136.551967102787
2019-03-31 22:00:00,6934.285771373109
2019-03-31 22:30:00,6859.2655849385565
2019-03-31 23:00:00,6710.573690299696
2019-03-31 23:30:00,6572.169845212464
2019-04-01 00:00:00,6587.175899906954
2019-04-01 00:30:00,6407.884077055582
2019-04-01 01:00:00,6306.3264113059195
2019-04-01 01:30:00,5961.941190495838
2019-04-01 02:00:00,5905.792210827076
2019-04-01 02:30:00,5813.240120546993
2019-04-01 03:00:00,5836.04232095601
2019-04-01 03:30:00,5740.768802762532
2019-04-01 04:00:00,5836.027446636133
2019-04-01 04:30:00,5945.989690153162
2019-04-01 05:00:00,6332.353802637655
2019-04-01 05:30:00,6444.079480124478
2019-04-01 06:00:00,7330.013081466007
2019-04-01 06:30:00,7614.57625155989
2019-04-01 07:00:00,8344.168846637274
2019-04-01 07:30:00,8723.633153723827
2019-04-01 08:00:00,8271.585622635283
2019-04-01 08:30:00,8408.064710009252
2019-04-01 09:00:00,7741.225263846608
2019-04-01 09:30:00,7544.670199190821
2019-04-01 10:00:00,7208.4640714975885
2019-04-01 10:30:00,7163.664773951931
2019-04-01 11:00:00,6888.306560221494
2019-04-01 11:30:00,6779.320708226224
2019-04-01 12:00:00,6812.954281424186
2019-04-01 12:30:00,6778.102087843536
2019-04-01 13:00:00,6823.660367800641
2019-04-01 13:30:00,6852.128066641855
2019-04-01 14:00:00,6904.451839650551
2019-04-01 14:30:00,6980.8301939856
2019-04-01 15:00:00,7166.411417757331
2019-04-01 15:30:00,7506.166245686278
2019-04-01 16:00:00,7820.115819770774
2019-04-01 16:30:00,8222.01670881432
2019-04-01 17:00:00,8459.06009826395
2019-04-01 17:30:00,8669.182405751311
2019-04-01 18:00:00,8828.246491585322
2019-04-01 18:30:00,8878.98026054346
2019-04-01 19:00:00,8637.35981801863
2019-04-01 19:30:00,8532.452484327534
2019-04-01 20:00:00,8316.435910678758
2019-04-01 20:30:00,8254.71110992424
2019-04-01 21:00:00,7898.095445319484
2019-04-01 21:30:00,7774.440248568684
2019-04-01 22:00:00,7609.169505091348
2019-04-01 22:30:00,7600.37320279704
2019-04-01 23:00:00,7389.594621530079
2019-04-01 23:30:00,7225.237752480316
2019-04-02 00:00:00,7308.666275475298
2019-04-02 00:30:00,7205.6550701539545
2019-04-02 01:00:00,6879.437472962986
2019-04-02 01:30:00,6722.144106594989
2019-04-02 02:00:00,6474.174508818098
2019-04-02 02:30:00,6387.95533489269
2019-04-02 03:00:00,6203.078927398953
2019-04-02 03:30:00,6240.661811095362
2019-04-02 04:00:00,6285.236067228434
2019-04-02 04:30:00,6583.4236330975
2019-04-02 05:00:00,6961.568591302314
2019-04-02 05:30:00,7408.3502055637055
2019-04-02 06:00:00,7967.718811002359
2019-04-02 06:30:00,8292.27583462165
2019-04-02 07:00:00,8578.861693934074
2019-04-02 07:30:00,8499.621979806048
2019-04-02 08:00:00,8344.469379260385
2019-04-02 08:30:00,8262.23970010354
2019-04-02 09:00:00,8376.385799512982
2019-04-02 09:30:00,8487.469533033349
2019-04-02 10:00:00,8063.21476585024
2019-04-02 10:30:00,7951.98455100977
2019-04-02 11:00:00,7920.4713474075525
2019-04-02 11:30:00,7927.7047757860255
2019-04-02 12:00:00,8008.575046909877
2019-04-02 12:30:00,8002.164300558604
2019-04-02 13:00:00,8156.5180813805855
2019-04-02 13:30:00,8156.5180813805855
2019-04-02 14:00:00,8161.899004330543
2019-04-02 14:30:00,8057.902217868546
2019-04-02 15:00:00,8144.742945108591
2019-04-02 15:30:00,8173.376986909781
2019-04-02 16:00:00,8188.302987182114
2019-04-02 16:30:00,8297.111140404515
2019-04-02 17:00:00,8483.339396059086
2019-04-02 17:30:00,8594.528383147775
2019-04-02 18:00:00,8692.196878929544
2019-04-02 18:30:00,8741.079455528143
2019-04-02 19:00:00,8636.448187958595
2019-04-02 19:30:00,8519.707035852447
2019-04-02 20:00:00,8298.962538626716
2019-04-02 20:30:00,8143.127220531527
2019-04-02 21:00:00,7989.637819963979
2019-04-02 21:30:00,7878.40760512351
2019-04-02 22:00:00,7845.374379672641
2019-04-02 22:30:00,7845.374379672641
2019-04-02 23:00:00,7665.998491443821
2019-04-02 23:30:00,7651.010476903367
2019-04-03 00:00:00,7282.439505910696
2019-04-03 00:30:00,7134.7370551066715
2019-04-03 01:00:00,6910.19179675578
2019-04-03 01:30:00,6605.541222798539
2019-04-03 02:00:00,6348.6948615128995
2019-04-03 02:30:00,6186.813832653116
2019-04-03 03:00:00,6263.8182438832755
2019-04-03 03:30:00,6199.988914503254
2019-04-03 04:00:00,6272.059074345619
2019-04-03 04:30:00,6473.358968402491
2019-04-03 05:00:00,6793.596442791939
2019-04-03 05:30:00,7179.370304851839
2019-04-03 06:00:00,7710.413578609258
2019-04-03 06:30:00,8048.953420013964
2019-04-03 07:00:00,8307.385069905991
2019-04-03 07:30:00,8262.725231294864
2019-04-03 08:00:00,8172.806710017228
2019-04-03 08:30:00,8175.960632242347
2019-04-03 09:00:00,8119.202903041733
2019-04-03 09:30:00,8095.972292270232
2019-04-03 10:00:00,8024.8547424839435
2019-04-03 10:30:00,8058.019746691485
2019-04-03 11:00:00,7935.50516003443
2019-04-03 11:30:00,7863.549788644314
2019-04-03 12:00:00,7819.751209276626
2019-04-03 12:30:00,7909.205793098447
2019-04-03 13:00:00,7914.8665501196
2019-04-03 13:30:00,7965.616824707763
2019-04-03 14:00:00,8029.882265737235
2019-04-03 14:30:00,8042.118928630292
2019-04-03 15:00:00,8159.616819710647
2019-04-03 15:30:00,8204.120952912157
2019-04-03 16:00:00,8288.806529523643
2019-04-03 16:30:00,8324.1661414442
2019-04-03 17:00:00,8566.868078655629
2019-04-03 17:30:00,8646.908495093134
2019-04-03 18:00:00,8794.414917068312
2019-04-03 18:30:00,8794.414917068312
2019-04-03 19:00:00,8602.334099087038
2019-04-03 19:30:00,8390.868421465555
2019-04-03 20:00:00,8258.440729774062
2019-04-03 20:30:00,8099.376769590848
2019-04-03 21:00:00,7819.322088334253
2019-04-03 21:30:00,7801.383254903082
2019-04-03 22:00:00,7566.8649956978825
2019-04-03 22:30:00,7553.588457534453
2019-04-03 23:00:00,7447.581688140901
2019-04-03 23:30:00,7302.2505724748935
2019-04-04 00:00:00,7266.864635206063
2019-04-04 00:30:00,7120.753144173471
2019-04-04 01:00:00,7000.698529142547
2019-04-04 01:30:00,6644.314223376691
2019-04-04 02:00:00,6446.276082609159
2019-04-04 02:30:00,6349.5654076879755
2019-04-04 03:00:00,6282.300018671825
2019-04-04 03:30:00,6291.212164686649
2019-04-04 04:00:00,6369.409292156366
2019-04-04 04:30:00,6505.703284461085
2019-04-04 05:00:00,6806.115793494059
2019-04-04 05:30:00,7250.500476787751
2019-04-04 06:00:00,7822.342035968725
2019-04-04 06:30:00,8163.0090027550405
2019-04-04 07:00:00,8414.606530078787
2019-04-04 07:30:00,8402.276219651283
2019-04-04 08:00:00,8253.741570852735
2019-04-04 08:30:00,8157.167789687974
2019-04-04 09:00:00,8050.775533736494
2019-04-04 09:30:00,8025.643065034781
2019-04-04 10:00:00,7941.668255506206
2019-04-04 10:30:00,7773.832353210087
2019-04-04 11:00:00,7812.041247394112
2019-04-04 11:30:00,7685.049972946166
2019-04-04 12:00:00,7694.590294822828
2019-04-04 12:30:00,7769.625469140407
2019-04-04 13:00:00,7852.599774936547
2019-04-04 13:30:00,7868.739747628892
2019-04-04 14:00:00,7872.771037612237
2019-04-04 14:30:00,7885.593142912948
2019-04-04 15:00:00,8030.508803031123
2019-04-04 15:30:00,8195.791511683872
2019-04-04 16:00:00,8337.257972004516
2019-04-04 16:30:00,8465.975391065342
2019-04-04 17:00:00,8618.95042901028
2019-04-04 17:30:00,8643.546008673897
2019-04-04 18:00:00,8826.402000374153
2019-04-04 18:30:00,8802.440581823621
2019-04-04 19:00:00,8642.48920037249
2019-04-04 19:30:00,8490.402368807227
2019-04-04 20:00:00,8214.179937025736
2019-04-04 20:30:00,8084.37402530053
2019-04-04 21:00:00,7890.122616743498
2019-04-04 21:30:00,7716.041795184741
2019-04-04 22:00:00,7544.6551968152635
2019-04-04 22:30:00,7538.383834157115
2019-04-04 23:00:00,7407.289602297604
2019-04-04 23:30:00,7240.5376298057445
2019-04-05 00:00:00,7236.273982282998
2019-04-05 00:30:00,7029.518033779473
2019-04-05 01:00:00,6887.800452619617
2019-04-05 01:30:00,6586.1005643871395
2019-04-05 02:00:00,6278.401682136348
2019-04-05 02:30:00,6166.796819492097
2019-04-05 03:00:00,6090.570534920007
2019-04-05 03:30:00,6131.575983564169
2019-04-05 04:00:00,6192.257991621616
2019-04-05 04:30:00,6439.591919746457
2019-04-05 05:00:00,6680.510286061013
2019-04-05 05:30:00,7170.1343091620165
2019-04-05 06:00:00,7692.24507773349
2019-04-05 06:30:00,8049.68957626897
2019-04-05 07:00:00,8341.53382998931
2019-04-05 07:30:00,8341.53382998931
2019-04-05 08:00:00,8260.247305852272
2019-04-05 08:30:00,8281.889603742875
2019-04-05 09:00:00,8298.512436835972
2019-04-05 09:30:00,8343.124015874046
2019-04-05 10:00:00,8282.843424347695
2019-04-05 10:30:00,8291.941250826187
2019-04-05 11:00:00,8178.533267537085
2019-04-05 11:30:00,8161.313909311471
2019-04-05 12:00:00,8148.083246361803
2019-04-05 12:30:00,8162.308176000102
2019-04-05 13:00:00,8166.67540798944
2019-04-05 13:30:00,8174.845387222406
2019-04-05 14:00:00,8152.108365286721
2019-04-05 14:30:00,8195.760149946327
2019-04-05 15:00:00,8211.744659673917
2019-04-05 15:30:00,8316.761011391383
2019-04-05 16:00:00,8421.84524098422
2019-04-05 16:30:00,8407.679124001237
2019-04-05 17:00:00,8489.259961665855
2019-04-05 17:30:00,8523.4645399896
2019-04-05 18:00:00,8581.947724414045
2019-04-05 18:30:00,8607.00846995244
2019-04-05 19:00:00,8475.594975121674
2019-04-05 19:30:00,8260.120630310477
2019-04-05 20:00:00,8186.77161937214
2019-04-05 20:30:00,7982.384451065388
2019-04-05 21:00:00,7833.926818909063
2019-04-05 21:30:00,7704.634188225212
2019-04-05 22:00:00,7649.763276420993
2019-04-05 22:30:00,7564.946807774753
2019-04-05 23:00:00,7481.202768712408
2019-04-05 23:30:00,7436.413555130498
2019-04-06 00:00:00,7319.256922385842
2019-04-06 00:30:00,7165.89945749368
2019-04-06 01:00:00,6945.122355445345
2019-04-06 01:30:00,6717.278881868787
2019-04-06 02:00:00,6373.890977242897
2019-04-06 02:30:00,6257.1734751037675
2019-04-06 03:00:00,6204.638630131315
2019-04-06 03:30:00,6154.920838919012
2019-04-06 04:00:00,6154.311406021439
2019-04-06 04:30:00,6296.26683684706
2019-04-06 05:00:00,6237.310981330526
2019-04-06 05:30:00,6674.911900482796
2019-04-06 06:00:00,6676.219993497539
2019-04-06 06:30:00,7024.111307479388
2019-04-06 07:00:00,7322.104333606316
2019-04-06 07:30:00,7322.104333606316
2019-04-06 08:00:00,7671.377552734588
2019-04-06 08:30:00,7671.377552734588
2019-04-06 09:00:00,7692.425188526112
2019-04-06 09:30:00,7679.314106535033
2019-04-06 10:00:00,7598.486737180685
2019-04-06 10:30:00,7509.812534451971
2019-04-06 11:00:00,7488.035164856391
2019-04-06 11:30:00,7422.648009504006
2019-04-06 12:00:00,7473.186305279659
2019-04-06 12:30:00,7415.73372318779
2019-04-06 13:00:00,7403.603716646101
2019-04-06 13:30:00,7412.115273121306
2019-04-06 14:00:00,7406.45621452584
2019-04-06 14:30:00,7404.495025081597
2019-04-06 15:00:00,7477.7064791037465
2019-04-06 15:30:00,7582.118253611756
2019-04-06 16:00:00,7654.198870616408
2019-04-06 16:30:00,7648.847025701308
2019-04-06 17:00:00,7786.300863837403
2019-04-06 17:30:00,7742.214397640479
2019-04-06 18:00:00,7936.535737843349
2019-04-06 18:30:00,7935.206951901574
2019-04-06 19:00:00,7850.67162434488
2019-04-06 19:30:00,7667.45157198869
2019-04-06 20:00:00,7549.203688525052
2019-04-06 20:30:00,7494.737225609038
2019-04-06 21:00:00,7383.091001984613
2019-04-06 21:30:00,7394.963059052671
2019-04-06 22:00:00,7321.453950327814
2019-04-06 22:30:00,7328.687378706287
2019-04-06 23:00:00,7261.532385560036
2019-04-06 23:30:00,7185.101285009382
2019-04-07 00:00:00,6876.402097641182
2019-04-07 00:30:00,6665.194245938547
2019-04-07 01:00:00,6492.450155750203
2019-04-07 01:30:00,6176.020461431972
2019-04-07 02:00:00,6056.243627403327
2019-04-07 02:30:00,5925.141179543963
2019-04-07 03:00:00,5813.294103921163
2019-04-07 03:30:00,5813.947808616235
2019-04-07 04:00:00,5825.249001924914
2019-04-07 04:30:00,5908.218133898551
2019-04-07 05:00:00,5973.544558197612
2019-04-07 05:30:00,6156.328234763109
2019-04-07 06:00:00,6335.337932731453
2019-04-07 06:30:00,6547.231952494306
2019-04-07 07:00:00,6690.552885948107
2019-04-07 07:30:00,6877.81108720194
2019-04-07 08:00:00,6971.398353214975
2019-04-07 08:30:00,6979.818961933412
2019-04-07 09:00:00,7007.96018042956
2019-04-07 09:30:00,6982.281743443664
2019-04-07 10:00:00,6896.113002856555
2019-04-07 10:30:00,6826.473196923416
2019-04-07 11:00:00,6814.944488293895
2019-04-07 11:30:00,6741.091680849451
2019-04-07 12:00:00,6775.577223344667
2019-04-07 12:30:00,6751.227503260164
2019-04-07 13:00:00,6816.287742490731
2019-04-07 13:30:00,6811.622480894353
2019-04-07 14:00:00,6945.8570284483885
2019-04-07 14:30:00,6947.452177797369
2019-04-07 15:00:00,7021.98980743828
2019-04-07 15:30:00,7246.01532964227
2019-04-07 16:00:00,7609.744489267373
2019-04-07 16:30:00,7729.604921700642
2019-04-07 17:00:00,7964.290248837824
2019-04-07 17:30:00,8104.707475710591
2019-04-07 18:00:00,8282.004815031923
2019-04-07 18:30:00,8413.336845843725
2019-04-07 19:00:00,8435.887669041653
2019-04-07 19:30:00,8205.48843633698
2019-04-07 20:00:00,8046.483032481343
2019-04-07 20:30:00,7885.318465817544
2019-04-07 21:00:00,7607.157674732525
2019-04-07 21:30:00,7499.642807302418
2019-04-07 22:00:00,7322.208610608557
2019-04-07 22:30:00,7271.866146106545
2019-04-07 23:00:00,6992.534775895702
2019-04-07 23:30:00,6842.837514250753
2019-04-08 00:00:00,6910.021806780755
2019-04-08 00:30:00,6848.744399542167
2019-04-08 01:00:00,6634.427011590106
2019-04-08 01:30:00,6441.797436528642
2019-04-08 02:00:00,6285.864958713101
2019-04-08 02:30:00,6050.918933106302
2019-04-08 03:00:00,5992.193350974742
2019-04-08 03:30:00,5992.193350974742
2019-04-08 04:00:00,6098.271934319355
2019-04-08 04:30:00,6098.271934319355
2019-04-08 05:00:00,6523.957687108742
2019-04-08 05:30:00,6579.719310620141
2019-04-08 06:00:00,7496.215268497284
2019-04-08 06:30:00,7786.915232863622
2019-04-08 07:00:00,8158.727717784237
2019-04-08 07:30:00,8507.54237827658
2019-04-08 08:00:00,8171.547916770643
2019-04-08 08:30:00,8340.88031305347
2019-04-08 09:00:00,8159.320230254093
2019-04-08 09:30:00,8206.845873799743
2019-04-08 10:00:00,8111.360552134695
2019-04-08 10:30:00,7825.907293139255
2019-04-08 11:00:00,7601.877193516966
2019-04-08 11:30:00,7546.132722703237
2019-04-08 12:00:00,7678.30621039517
2019-04-08 12:30:00,7772.41896245831
2019-04-08 13:00:00,7968.057446088941
2019-04-08 13:30:00,8082.348765201975
2019-04-08 14:00:00,8305.029987525366
2019-04-08 14:30:00,8420.595835948885
2019-04-08 15:00:00,8828.25720633983
2019-04-08 15:30:00,8880.405828212744
2019-04-08 16:00:00,9185.885878199164
2019-04-08 16:30:00,9374.68030743598
2019-04-08 17:00:00,9459.764086534555
2019-04-08 17:30:00,9633.162135422886
2019-04-08 18:00:00,9534.27151043037
2019-04-08 18:30:00,9706.211887116555
2019-04-08 19:00:00,9421.725380786906
2019-04-08 19:30:00,9183.560122702454
2019-04-08 20:00:00,8773.71371476497
2019-04-08 20:30:00,8556.845434839042
2019-04-08 21:00:00,8302.707679040568
2019-04-08 21:30:00,8117.4580044500735
2019-04-08 22:00:00,8003.117623516602
2019-04-08 22:30:00,7962.318974426778
2019-04-08 23:00:00,7807.996588350083
2019-04-08 23:30:00,7638.769258171032
2019-04-09 00:00:00,7490.873594162234
2019-04-09 00:30:00,7340.066924775752
2019-04-09 01:00:00,7189.366884751373
2019-04-09 01:30:00,6955.645239831696
2019-04-09 02:00:00,6766.6717451874665
2019-04-09 02:30:00,6533.403903183624
2019-04-09 03:00:00,6328.911375617624
2019-04-09 03:30:00,6235.0335956106155
2019-04-09 04:00:00,6197.689753670517
2019-04-09 04:30:00,6244.3222642392375
2019-04-09 05:00:00,6369.184020002758
2019-04-09 05:30:00,6685.803761732435
2019-04-09 06:00:00,7129.159746544393
2019-04-09 06:30:00,7508.843536297317
2019-04-09 07:00:00,8042.949206634886
2019-04-09 07:30:00,8076.724718800048
2019-04-09 08:00:00,8166.2024551889535
2019-04-09 08:30:00,8238.446071461922
2019-04-09 09:00:00,8179.060621109177
2019-04-09 09:30:00,8192.521024860536
2019-04-09 10:00:00,8189.023029354618
2019-04-09 10:30:00,8219.281370537468
2019-04-09 11:00:00,8168.716328205502
2019-04-09 11:30:00,8105.221938051874
2019-04-09 12:00:00,8127.320826702506
2019-04-09 12:30:00,8223.492400928093
2019-04-09 13:00:00,8183.85136562305
2019-04-09 13:30:00,8206.292569441277
2019-04-09 14:00:00,8243.179387115732
2019-04-09 14:30:00,8216.492221907763
2019-04-09 15:00:00,8280.704841110688
2019-04-09 15:30:00,8463.983187875325
2019-04-09 16:00:00,8594.697013459232
2019-04-09 16:30:00,8893.892940081147
2019-04-09 17:00:00,9154.949527020868
2019-04-09 17:30:00,9311.394797318833
2019-04-09 18:00:00,9524.287418804362
2019-04-09 18:30:00,9668.35319579384
2019-04-09 19:00:00,9589.638651515832
2019-04-09 19:30:00,9253.55845664134
2019-04-09 20:00:00,8937.18929455998
2019-04-09 20:30:00,8683.472766201645
2019-04-09 21:00:00,8420.401637764806
2019-04-09 21:30:00,8226.863799149663
2019-04-09 22:00:00,8043.768454501615
2019-04-09 22:30:00,7959.204407501051
2019-04-09 23:00:00,7726.6460182091905
2019-04-09 23:30:00,7637.225466674052
2019-04-10 00:00:00,7294.574281249869
2019-04-10 00:30:00,7114.75106893503
2019-04-10 01:00:00,6957.152997229631
2019-04-10 01:30:00,6713.110020035338
2019-04-10 02:00:00,6519.625236017921
2019-04-10 02:30:00,6269.057604662734
2019-04-10 03:00:00,6088.440995811901
2019-04-10 03:30:00,6024.156770305557
2019-04-10 04:00:00,5997.3667488728925
2019-04-10 04:30:00,6045.657984322611
2019-04-10 05:00:00,6245.497396693355
2019-04-10 05:30:00,6474.142098512493
2019-04-10 06:00:00,6728.99435268078
2019-04-10 06:30:00,7193.231449851152
2019-04-10 07:00:00,7796.3805262518
2019-04-10 07:30:00,7885.30882579703
2019-04-10 08:00:00,8041.663013293354
2019-04-10 08:30:00,8041.663013293354
2019-04-10 09:00:00,8173.398823205408
2019-04-10 09:30:00,8058.916935829008
2019-04-10 10:00:00,8182.038012930932
2019-04-10 10:30:00,8204.384220259326
2019-04-10 11:00:00,8193.879603583826
2019-04-10 11:30:00,8163.4202663856795
2019-04-10 12:00:00,8232.611263543582
2019-04-10 12:30:00,8255.304554461723
2019-04-10 13:00:00,8302.198997635001
2019-04-10 13:30:00,8302.198997635001
2019-04-10 14:00:00,8347.17726971125
2019-04-10 14:30:00,8414.606426283879
2019-04-10 15:00:00,8410.308449183207
2019-04-10 15:30:00,8447.746458205034
2019-04-10 16:00:00,8470.53677611795
2019-04-10 16:30:00,8584.47337601443
2019-04-10 17:00:00,8727.28141469797
2019-04-10 17:30:00,8747.78694995275
2019-04-10 18:00:00,9023.473420362045
2019-04-10 18:30:00,9179.554423537447
2019-04-10 19:00:00,8984.129890376598
2019-04-10 19:30:00,8795.366992710731
2019-04-10 20:00:00,8472.440283532873
2019-04-10 20:30:00,8377.020837792317
2019-04-10 21:00:00,8147.1974486260215
2019-04-10 21:30:00,7916.377696875518
2019-04-10 22:00:00,7710.62860204966
2019-04-10 22:30:00,7742.8614247290925
2019-04-10 23:00:00,7538.322006233729
2019-04-10 23:30:00,7431.263544153248
2019-04-11 00:00:00,7426.245024285167
2019-04-11 00:30:00,7272.989992509247
2019-04-11 01:00:00,7128.9318343859795
2019-04-11 01:30:00,7006.823886445731
2019-04-11 02:00:00,6729.164693087106
2019-04-11 02:30:00,6461.772569215498
2019-04-11 03:00:00,6314.4144482011425
2019-04-11 03:30:00,6216.890603223937
2019-04-11 04:00:00,6160.173588347508
2019-04-11 04:30:00,6214.958817766469
2019-04-11 05:00:00,6369.207751036095
2019-04-11 05:30:00,6571.265804822775
2019-04-11 06:00:00,6864.639551859146
2019-04-11 06:30:00,7360.5866962553355
2019-04-11 07:00:00,7961.830192407541
2019-04-11 07:30:00,8018.698928553206
2019-04-11 08:00:00,8120.719784652649
2019-04-11 08:30:00,8032.406539743734
2019-04-11 09:00:00,8152.089910502739
2019-04-11 09:30:00,8015.201350877678
2019-04-11 10:00:00,7799.4678926565475
2019-04-11 10:30:00,7661.510368741503
2019-04-11 11:00:00,7612.523892897651
2019-04-11 11:30:00,7505.46543081717
2019-04-11 12:00:00,7546.639653050731
2019-04-11 12:30:00,7551.906339544049
2019-04-11 13:00:00,7544.829185004846
2019-04-11 13:30:00,7563.372409661593
2019-04-11 14:00:00,7634.713081933904
2019-04-11 14:30:00,7677.401785865615
2019-04-11 15:00:00,7681.750302639589
2019-04-11 15:30:00,7764.466631095331
2019-04-11 16:00:00,7954.879607282561
2019-04-11 16:30:00,8144.510926389285
2019-04-11 17:00:00,8360.78838083856
2019-04-11 17:30:00,8613.326880665076
2019-04-11 18:00:00,8990.646013409703
2019-04-11 18:30:00,9200.870269530209
2019-04-11 19:00:00,9058.742925554405
2019-04-11 19:30:00,8813.988297550952
2019-04-11 20:00:00,8548.608593310228
2019-04-11 20:30:00,8410.021868761347
2019-04-11 21:00:00,8196.010610883957
2019-04-11 21:30:00,8091.006588516945
2019-04-11 22:00:00,7903.913286183736
2019-04-11 22:30:00,7981.752652561246
2019-04-11 23:00:00,7755.925840995132
2019-04-11 23:30:00,7641.669395912774
2019-04-12 00:00:00,7544.682368151572
2019-04-12 00:30:00,7397.7955423679
2019-04-12 01:00:00,7205.117872216913
2019-04-12 01:30:00,7068.169761774745
2019-04-12 02:00:00,6807.655425850438
2019-04-12 02:30:00,6576.89647608766
2019-04-12 03:00:00,6382.163340798378
2019-04-12 03:30:00,6287.901264043291
2019-04-12 04:00:00,6280.151838395874
2019-04-12 04:30:00,6275.570074730721
2019-04-12 05:00:00,6423.710709835423
2019-04-12 05:30:00,6683.39624819096
2019-04-12 06:00:00,6960.312881225225
2019-04-12 06:30:00,7481.37356086031
2019-04-12 07:00:00,8016.357158362559
2019-04-12 07:30:00,8174.88607898146
2019-04-12 08:00:00,8260.726295759801
2019-04-12 08:30:00,8173.126515410637
2019-04-12 09:00:00,7976.004622206301
2019-04-12 09:30:00,7976.004622206301
2019-04-12 10:00:00,7970.688279947288
2019-04-12 10:30:00,7907.153517275608
2019-04-12 11:00:00,7784.037537858129
2019-04-12 11:30:00,7689.031853711855
2019-04-12 12:00:00,7583.278762429852
2019-04-12 12:30:00,7659.993614871713
2019-04-12 13:00:00,7724.287138982089
2019-04-12 13:30:00,7740.980196688158
2019-04-12 14:00:00,7740.638083623742
2019-04-12 14:30:00,7743.792005848861
2019-04-12 15:00:00,7762.195268385282
2019-04-12 15:30:00,7827.953136397453
2019-04-12 16:00:00,8079.954024567356
2019-04-12 16:30:00,8161.054510163741
2019-04-12 17:00:00,8255.19150205454
2019-04-12 17:30:00,8479.901160126237
2019-04-12 18:00:00,8770.322216082135
2019-04-12 18:30:00,8951.526963657436
2019-04-12 19:00:00,8798.28239696185
2019-04-12 19:30:00,8600.425358707362
2019-04-12 20:00:00,8520.178930505474
2019-04-12 20:30:00,8335.971389768825
2019-04-12 21:00:00,8207.40357379009
2019-04-12 21:30:00,8026.839765675068
2019-04-12 22:00:00,7925.422602261193
2019-04-12 22:30:00,7973.003627455854
2019-04-12 23:00:00,7747.874955809993
2019-04-12 23:30:00,7702.136244350368
2019-04-13 00:00:00,7506.711532451086
2019-04-13 00:30:00,7389.03107084969
2019-04-13 01:00:00,7244.301576336451
2019-04-13 01:30:00,7020.317901792159
2019-04-13 02:00:00,6788.174750601068
2019-04-13 02:30:00,6587.5755541410435
2019-04-13 03:00:00,6319.519988011914
2019-04-13 03:30:00,6180.409295653769
2019-04-13 04:00:00,6106.159562378982
2019-04-13 04:30:00,6120.786032104723
2019-04-13 05:00:00,6090.241500788229
2019-04-13 05:30:00,6259.369962694248
2019-04-13 06:00:00,6254.863085061872
2019-04-13 06:30:00,6576.692377682614
2019-04-13 07:00:00,6980.397600569545
2019-04-13 07:30:00,6943.548780944117
2019-04-13 08:00:00,7455.619180003721
2019-04-13 08:30:00,7432.557682850028
2019-04-13 09:00:00,7370.688320608409
2019-04-13 09:30:00,7380.670600013439
2019-04-13 10:00:00,7414.360072344966
2019-04-13 10:30:00,7414.360072344966
2019-04-13 11:00:00,7347.4279485974785
2019-04-13 11:30:00,7341.227108611124
2019-04-13 12:00:00,7339.443825529978
2019-04-13 12:30:00,7302.211945768638
2019-04-13 13:00:00,7292.808073367609
2019-04-13 13:30:00,7277.168656571396
2019-04-13 14:00:00,7252.785367822164
2019-04-13 14:30:00,7251.862231109573
2019-04-13 15:00:00,7289.216200395786
2019-04-13 15:30:00,7301.155105693487
2019-04-13 16:00:00,7388.865272616957
2019-04-13 16:30:00,7438.186101449919
2019-04-13 17:00:00,7697.196006885196
2019-04-13 17:30:00,7739.953687140345
2019-04-13 18:00:00,8071.749111335776
2019-04-13 18:30:00,8126.481964714277
2019-04-13 19:00:00,8063.5000867219915
2019-04-13 19:30:00,7898.87956304526
2019-04-13 20:00:00,7726.748892809307
2019-04-13 20:30:00,7590.655636123316
2019-04-13 21:00:00,7480.835203949884
2019-04-13 21:30:00,7442.9433820264785
2019-04-13 22:00:00,7340.875108536238
2019-04-13 22:30:00,7379.343898733593
2019-04-13 23:00:00,7252.130262209733
2019-04-13 23:30:00,7252.130262209733
2019-04-14 00:00:00,7027.136616467906
2019-04-14 00:30:00,6902.73364212269
2019-04-14 01:00:00,6753.08928658802
2019-04-14 01:30:00,6548.845132562033
2019-04-14 02:00:00,6461.465201371197
2019-04-14 02:30:00,6135.990382691754
2019-04-14 03:00:00,5990.143984756532
2019-04-14 03:30:00,5858.647298924669
2019-04-14 04:00:00,5868.373101371659
2019-04-14 04:30:00,5865.950198532757
2019-04-14 05:00:00,5879.648682601158
2019-04-14 05:30:00,5993.947675559751
2019-04-14 06:00:00,6004.087276801263
2019-04-14 06:30:00,6141.803438711624
2019-04-14 07:00:00,6270.989834858965
2019-04-14 07:30:00,6378.665719286679
2019-04-14 08:00:00,6632.363984316025
2019-04-14 08:30:00,6739.707661314389
2019-04-14 09:00:00,6881.597605278756
2019-04-14 09:30:00,6872.336665275167
2019-04-14 10:00:00,6802.436873778795
2019-04-14 10:30:00,6802.436873778795
2019-04-14 11:00:00,6834.506174579833
2019-04-14 11:30:00,6812.482421608715
2019-04-14 12:00:00,6758.612005581889
2019-04-14 12:30:00,6698.232037325453
2019-04-14 13:00:00,6746.66122303016
2019-04-14 13:30:00,6797.331919857701
2019-04-14 14:00:00,6942.24065263457
2019-04-14 14:30:00,6942.24065263457
2019-04-14 15:00:00,6958.7804310840775
2019-04-14 15:30:00,7124.818922400033
2019-04-14 16:00:00,7278.938653944553
2019-04-14 16:30:00,7387.7524846410115
2019-04-14 17:00:00,7623.103383988209
2019-04-14 17:30:00,7702.24278622254
2019-04-14 18:00:00,8133.508185102708
2019-04-14 18:30:00,8281.75943083073
2019-04-14 19:00:00,8169.03128999657
2019-04-14 19:30:00,7856.799598811819
2019-04-14 20:00:00,7626.319523303244
2019-04-14 20:30:00,7539.721009998164
2019-04-14 21:00:00,7339.008231001161
2019-04-14 21:30:00,7202.87527258349
2019-04-14 22:00:00,7024.901116578723
2019-04-14 22:30:00,6994.266865733663
2019-04-14 23:00:00,6856.659912856763
2019-04-14 23:30:00,6791.732919043078
2019-04-15 00:00:00,6896.115090812017
2019-04-15 00:30:00,6800.0628880541335
2019-04-15 01:00:00,6606.566490187264
2019-04-15 01:30:00,6393.361945758422
2019-04-15 02:00:00,6297.89260347181
2019-04-15 02:30:00,5989.724025950661
2019-04-15 03:00:00,5935.074256274055
2019-04-15 03:30:00,5893.4747132810335
2019-04-15 04:00:00,5952.112812232705
2019-04-15 04:30:00,5952.112812232705
2019-04-15 05:00:00,6219.2826224616165
2019-04-15 05:30:00,6354.151819223243
2019-04-15 06:00:00,6918.954824361841
2019-04-15 06:30:00,7380.56958826061
2019-04-15 07:00:00,7583.947144161354
2019-04-15 07:30:00,8071.118423921036
2019-04-15 08:00:00,7807.559345509119
2019-04-15 08:30:00,8160.3277810906275
2019-04-15 09:00:00,8073.970699136957
2019-04-15 09:30:00,8073.970699136957
2019-04-15 10:00:00,8133.948743189984
2019-04-15 10:30:00,8119.39534299957
2019-04-15 11:00:00,7921.686822240813
2019-04-15 11:30:00,7823.30743497859
2019-04-15 12:00:00,7946.84342192713
2019-04-15 12:30:00,7906.093552037996
2019-04-15 13:00:00,7770.332477089375
2019-04-15 13:30:00,7589.55345057301
2019-04-15 14:00:00,7705.262191796909
2019-04-15 14:30:00,7784.360563019595
2019-04-15 15:00:00,7985.032521896799
2019-04-15 15:30:00,8199.53473202812
2019-04-15 16:00:00,8174.875719025954
2019-04-15 16:30:00,8371.893253869222
2019-04-15 17:00:00,8626.609168264835
2019-04-15 17:30:00,8814.801412696956
2019-04-15 18:00:00,8954.392229614627
2019-04-15 18:30:00,9242.27730557062
2019-04-15 19:00:00,8791.036532303679
2019-04-15 19:30:00,8607.985170986594
2019-04-15 20:00:00,8439.89354153681
2019-04-15 20:30:00,8278.17265121377
2019-04-15 21:00:00,8119.089150126127
2019-04-15 21:30:00,7985.624093039293
2019-04-15 22:00:00,7826.042335321336
2019-04-15 22:30:00,7772.248257380515
2019-04-15 23:00:00,7632.212979832618
2019-04-15 23:30:00,7517.784845804165
2019-04-16 00:00:00,7416.527866931585
2019-04-16 00:30:00,7290.658732917886
2019-04-16 01:00:00,7027.188900994825
2019-04-16 01:30:00,6922.6105141939215
2019-04-16 02:00:00,6646.977788030506
2019-04-16 02:30:00,6446.714028646142
2019-04-16 03:00:00,6238.783041724017
2019-04-16 03:30:00,6132.768030006708
2019-04-16 04:00:00,6098.665845964392
2019-04-16 04:30:00,6117.754624776733
2019-04-16 05:00:00,6261.432223436752
2019-04-16 05:30:00,6514.63847704719
2019-04-16 06:00:00,7074.701104042365
2019-04-16 06:30:00,7332.938927725236
2019-04-16 07:00:00,7937.692458378802
2019-04-16 07:30:00,7941.988382772402
2019-04-16 08:00:00,8072.956928819089
2019-04-16 08:30:00,8072.956928819089
2019-04-16 09:00:00,8361.503883672054
2019-04-16 09:30:00,8433.549142194428
2019-04-16 10:00:00,8015.344671235951
2019-04-16 10:30:00,8026.659781618515
2019-04-16 11:00:00,7989.856890471815
2019-04-16 11:30:00,7982.623462093342
2019-04-16 12:00:00,8015.997291261096
2019-04-16 12:30:00,7995.335789270649
2019-04-16 13:00:00,8039.288256801529
2019-04-16 13:30:00,8089.658284935206
2019-04-16 14:00:00,8073.597690818604
2019-04-16 14:30:00,8105.830513498036
2019-04-16 15:00:00,8104.7149805686795
2019-04-16 15:30:00,8159.062381098286
2019-04-16 16:00:00,8292.622186298106
2019-04-16 16:30:00,8379.8460242406
2019-04-16 17:00:00,8481.69862899778
2019-04-16 17:30:00,8604.946846938958
2019-04-16 18:00:00,8932.904546832562
2019-04-16 18:30:00,9040.198378870553
2019-04-16 19:00:00,8833.004523586626
2019-04-16 19:30:00,8541.201483357185
2019-04-16 20:00:00,8359.354201953514
2019-04-16 20:30:00,8229.210998872506
2019-04-16 21:00:00,8065.726519641362
2019-04-16 21:30:00,7934.189809852225
2019-04-16 22:00:00,7816.494237891089
2019-04-16 22:30:00,7889.506976274999
2019-04-16 23:00:00,7719.3054728189345
2019-04-16 23:30:00,7701.355069074388
2019-04-17 00:00:00,7374.288990134328
2019-04-17 00:30:00,7229.184350120653
2019-04-17 01:00:00,7043.912736563966
2019-04-17 01:30:00,6856.986455369416
2019-04-17 02:00:00,6613.252462718322
2019-04-17 02:30:00,6389.006874235462
2019-04-17 03:00:00,6199.199217012056
2019-04-17 03:30:00,6070.458760630435
2019-04-17 04:00:00,6054.505316274949
2019-04-17 04:30:00,6111.930166889515
2019-04-17 05:00:00,6246.433999749935
2019-04-17 05:30:00,6457.552363747942
2019-04-17 06:00:00,6733.888283819578
2019-04-17 06:30:00,7151.442932725681
2019-04-17 07:00:00,7575.211015608203
2019-04-17 07:30:00,7657.699896627768
2019-04-17 08:00:00,7849.53183733434
2019-04-17 08:30:00,7915.28970534651
2019-04-17 09:00:00,8071.7703036780495
2019-04-17 09:30:00,8150.927981373469
2019-04-17 10:00:00,7902.812147787488
2019-04-17 10:30:00,7906.584850763014
2019-04-17 11:00:00,7811.899134461293
2019-04-17 11:30:00,7811.899134461293
2019-04-17 12:00:00,7831.031679923292
2019-04-17 12:30:00,7826.8969204462555
2019-04-17 13:00:00,7739.134977921649
2019-04-17 13:30:00,7765.7076672606445
2019-04-17 14:00:00,7803.9784126566055
2019-04-17 14:30:00,7902.524228957925
2019-04-17 15:00:00,7964.307438899508
2019-04-17 15:30:00,8034.792549947549
2019-04-17 16:00:00,8166.57500941727
2019-04-17 16:30:00,8244.72287479064
2019-04-17 17:00:00,8460.673749673544
2019-04-17 17:30:00,8565.954651777472
2019-04-17 18:00:00,8883.02378632302
2019-04-17 18:30:00,9039.301733390905
2019-04-17 19:00:00,8848.54028072557
2019-04-17 19:30:00,8576.46806582407
2019-04-17 20:00:00,8385.011175439437
2019-04-17 20:30:00,8186.767089981361
2019-04-17 21:00:00,8045.073718127473
2019-04-17 21:30:00,7840.047874309478
2019-04-17 22:00:00,7676.264448849928
2019-04-17 22:30:00,7708.497271529361
2019-04-17 23:00:00,7506.407084258501
2019-04-17 23:30:00,7436.9044073814575
2019-04-18 00:00:00,7426.431689719154
2019-04-18 00:30:00,7276.431144825445
2019-04-18 01:00:00,7189.388979790702
2019-04-18 01:30:00,6946.4775866003065
2019-04-18 02:00:00,6662.592412130814
2019-04-18 02:30:00,6411.343344701068
2019-04-18 03:00:00,6272.127625398832
2019-04-18 03:30:00,6190.983652231551
2019-04-18 04:00:00,6134.266637355121
2019-04-18 04:30:00,6152.837682316082
2019-04-18 05:00:00,6303.197969751712
2019-04-18 05:30:00,6516.275329458828
2019-04-18 06:00:00,6878.6766524846935
2019-04-18 06:30:00,7220.765111237375
2019-04-18 07:00:00,7677.669183907816
2019-04-18 07:30:00,7758.175311708779
2019-04-18 08:00:00,7961.161828055742
2019-04-18 08:30:00,7996.600820192514
2019-04-18 09:00:00,8147.338945724083
2019-04-18 09:30:00,8089.231880215801
2019-04-18 10:00:00,7844.335674779573
2019-04-18 10:30:00,7942.881491080892
2019-04-18 11:00:00,7899.04058476148
2019-04-18 11:30:00,7866.252636472332
2019-04-18 12:00:00,7908.345389699926
2019-04-18 12:30:00,7857.981237013951
2019-04-18 13:00:00,7878.09289183418
2019-04-18 13:30:00,7869.305141589783
2019-04-18 14:00:00,7970.067322180983
2019-04-18 14:30:00,8033.863826957752
2019-04-18 15:00:00,8102.189109487506
2019-04-18 15:30:00,8210.282968728265
2019-04-18 16:00:00,8320.428264306815
2019-04-18 16:30:00,8409.162556240837
2019-04-18 17:00:00,8628.94806911304
2019-04-18 17:30:00,8801.48363356649
2019-04-18 18:00:00,9014.420183315191
2019-04-18 18:30:00,9160.588201340675
2019-04-18 19:00:00,9008.964049020675
2019-04-18 19:30:00,8775.75305591712
2019-04-18 20:00:00,8470.02164863517
2019-04-18 20:30:00,8327.32900776601
2019-04-18 21:00:00,8162.2869522187875
2019-04-18 21:30:00,8037.395791031234
2019-04-18 22:00:00,7848.858460839428
2019-04-18 22:30:00,7894.04062911001
2019-04-18 23:00:00,7688.971889046017
2019-04-18 23:30:00,7613.673976050901
2019-04-19 00:00:00,7089.718177452311
2019-04-19 00:30:00,7008.5234938972935
2019-04-19 01:00:00,6819.079641642163
2019-04-19 01:30:00,6601.9661109451245
2019-04-19 02:00:00,6471.070720341451
2019-04-19 02:30:00,6240.2297650163555
2019-04-19 03:00:00,6081.6563330130175
2019-04-19 03:30:00,6047.961817415835
2019-04-19 04:00:00,5949.4314574127475
2019-04-19 04:30:00,5949.4314574127475
2019-04-19 05:00:00,5899.857340473997
2019-04-19 05:30:00,6073.915263587774
2019-04-19 06:00:00,6004.481610566967
2019-04-19 06:30:00,6302.952123159819
2019-04-19 07:00:00,6619.600388137924
2019-04-19 07:30:00,6608.416154987033
2019-04-19 08:00:00,6941.738427982283
2019-04-19 08:30:00,6943.228823193891
2019-04-19 09:00:00,7078.9290307734545
2019-04-19 09:30:00,7008.637186396848
2019-04-19 10:00:00,6996.71943660386
2019-04-19 10:30:00,6924.7580704734
2019-04-19 11:00:00,7045.870794038929
2019-04-19 11:30:00,7074.213791561945
2019-04-19 12:00:00,7096.074584031467
2019-04-19 12:30:00,7061.430480065538
2019-04-19 13:00:00,7065.17239457266
2019-04-19 13:30:00,7154.755752310174
2019-04-19 14:00:00,7215.106275811566
2019-04-19 14:30:00,7219.533328369211
2019-04-19 15:00:00,7260.608028100403
2019-04-19 15:30:00,7189.799902903245
2019-04-19 16:00:00,7316.4684958972275
2019-04-19 16:30:00,7327.976355179377
2019-04-19 17:00:00,7357.501818119402
2019-04-19 17:30:00,7411.412142400723
2019-04-19 18:00:00,7645.417835089368
2019-04-19 18:30:00,7695.783740453165
2019-04-19 19:00:00,7456.552645043806
2019-04-19 19:30:00,7352.496610613863
2019-04-19 20:00:00,7252.56939976522
2019-04-19 20:30:00,7191.543757679271
2019-04-19 21:00:00,7200.005894784032
2019-04-19 21:30:00,7074.63892598762
2019-04-19 22:00:00,7077.733119639232
2019-04-19 22:30:00,7088.62486252964
2019-04-19 23:00:00,7058.672890164725
2019-04-19 23:30:00,6996.975963718311
2019-04-20 00:00:00,7468.0930063531205
2019-04-20 00:30:00,7249.431227440118
2019-04-20 01:00:00,7050.674044634751
2019-04-20 01:30:00,6894.265201356067
2019-04-20 02:00:00,6634.282676460164
2019-04-20 02:30:00,6353.8095838866
2019-04-20 03:00:00,6090.887908359082
2019-04-20 03:30:00,5952.876759555295
2019-04-20 04:00:00,5834.575792462912
2019-04-20 04:30:00,5815.280088841157
2019-04-20 05:00:00,5722.036603427471
2019-04-20 05:30:00,5762.529895267913
2019-04-20 06:00:00,5975.918638396319
2019-04-20 06:30:00,6085.749762025622
2019-04-20 07:00:00,6365.758689201053
2019-04-20 07:30:00,6450.114177135356
2019-04-20 08:00:00,6608.892225720986
2019-04-20 08:30:00,6657.093099628973
2019-04-20 09:00:00,6922.512195361859
2019-04-20 09:30:00,7021.462385571119
2019-04-20 10:00:00,6815.005517577115
2019-04-20 10:30:00,6820.393222172442
2019-04-20 11:00:00,6784.313657952353
2019-04-20 11:30:00,6686.051607945671
2019-04-20 12:00:00,6713.289451378899
2019-04-20 12:30:00,6722.393863124953
2019-04-20 13:00:00,6710.063057083929
2019-04-20 13:30:00,6735.589500937353
2019-04-20 14:00:00,6766.348063958109
2019-04-20 14:30:00,6785.187198213403
2019-04-20 15:00:00,6846.638496334536
2019-04-20 15:30:00,6946.90861546306
2019-04-20 16:00:00,7169.052459999855
2019-04-20 16:30:00,7156.2852736014265
2019-04-20 17:00:00,7482.036020342279
2019-04-20 17:30:00,7594.708729681901
2019-04-20 18:00:00,7759.729893233766
2019-04-20 18:30:00,7747.538850877136
2019-04-20 19:00:00,7757.4539412971035
2019-04-20 19:30:00,7662.225671608873
2019-04-20 20:00:00,7417.561675073798
2019-04-20 20:30:00,7375.803261580008
2019-04-20 21:00:00,7199.458260391663
2019-04-20 21:30:00,7130.009479351369
2019-04-20 22:00:00,7040.200217357701
2019-04-20 22:30:00,7145.444294851945
2019-04-20 23:00:00,7082.202695812274
2019-04-20 23:30:00,7087.347929632591
2019-04-21 00:00:00,6738.013808024143
2019-04-21 00:30:00,6612.114992615904
2019-04-21 01:00:00,6485.933229364487
2019-04-21 01:30:00,6265.22668720333
2019-04-21 02:00:00,6060.79754574013
2019-04-21 02:30:00,5905.194643886654
2019-04-21 03:00:00,5731.832039745797
2019-04-21 03:30:00,5681.113720469422
2019-04-21 04:00:00,5572.525267565574
2019-04-21 04:30:00,5561.173234444645
2019-04-21 05:00:00,5608.8491141140275
2019-04-21 05:30:00,5607.210982406618
2019-04-21 06:00:00,5687.596289119065
2019-04-21 06:30:00,5726.147600496643
2019-04-21 07:00:00,5728.872487083292
2019-04-21 07:30:00,5758.653018533889
2019-04-21 08:00:00,6105.948787390347
2019-04-21 08:30:00,6238.1630788861985
2019-04-21 09:00:00,6533.904129119539
2019-04-21 09:30:00,6634.274869457033
2019-04-21 10:00:00,6557.852684164472
2019-04-21 10:30:00,6575.341804713802
2019-04-21 11:00:00,6520.089613589521
2019-04-21 11:30:00,6520.089613589521
2019-04-21 12:00:00,6567.566762652829
2019-04-21 12:30:00,6579.816472519977
2019-04-21 13:00:00,6520.500974367944
2019-04-21 13:30:00,6573.809244251359
2019-04-21 14:00:00,6627.831925583027
2019-04-21 14:30:00,6679.719834479657
2019-04-21 15:00:00,6814.744862880164
2019-04-21 15:30:00,6932.231457312192
2019-04-21 16:00:00,7065.343799203467
2019-04-21 16:30:00,7304.537102322271
2019-04-21 17:00:00,7515.785113551195
2019-04-21 17:30:00,7569.9783695577
2019-04-21 18:00:00,7729.421133710788
2019-04-21 18:30:00,7770.714686001144
2019-04-21 19:00:00,7734.703988515929
2019-04-21 19:30:00,7675.5585509940565
2019-04-21 20:00:00,7548.728216826834
2019-04-21 20:30:00,7466.294016128987
2019-04-21 21:00:00,7268.462253430916
2019-04-21 21:30:00,7176.209315857524
2019-04-21 22:00:00,6967.701934845733
2019-04-21 22:30:00,6967.701934845733
2019-04-21 23:00:00,6788.4556703907165
2019-04-21 23:30:00,6788.4556703907165
2019-04-22 00:00:00,6757.605037623407
2019-04-22 00:30:00,6580.876444604074
2019-04-22 01:00:00,6404.97936043097
2019-04-22 01:30:00,6199.040112739394
2019-04-22 02:00:00,6042.5687143778905
2019-04-22 02:30:00,5776.6199805178
2019-04-22 03:00:00,5731.572400172332
2019-04-22 03:30:00,5701.773186531731
2019-04-22 04:00:00,5636.2754582654325
2019-04-22 04:30:00,5636.2754582654325
2019-04-22 05:00:00,5697.360278981931
2019-04-22 05:30:00,5732.765273105042
2019-04-22 06:00:00,5748.112300469568
2019-04-22 06:30:00,5924.0110213221915
2019-04-22 07:00:00,6142.357460256257
2019-04-22 07:30:00,6407.352965304032
2019-04-22 08:00:00,6423.806313715988
2019-04-22 08:30:00,6601.075777313074
2019-04-22 09:00:00,6822.238528204457
2019-04-22 09:30:00,6857.043794235846
2019-04-22 10:00:00,6965.529837413499
2019-04-22 10:30:00,6825.969123538206
2019-04-22 11:00:00,6755.814128305513
2019-04-22 11:30:00,6685.042091363116
2019-04-22 12:00:00,6720.76591667485
2019-04-22 12:30:00,6792.031687137048
2019-04-22 13:00:00,6839.01521653154
2019-04-22 13:30:00,6837.726928377289
2019-04-22 14:00:00,6925.567571256826
2019-04-22 14:30:00,6985.282217301334
2019-04-22 15:00:00,7069.6849902345875
2019-04-22 15:30:00,7328.079609538683
2019-04-22 16:00:00,7445.735601472985
2019-04-22 16:30:00,7535.458485248539
2019-04-22 17:00:00,7630.64245720949
2019-04-22 17:30:00,7637.867330828608
2019-04-22 18:00:00,8041.087950361604
2019-04-22 18:30:00,8112.61170278165
2019-04-22 19:00:00,7907.553382247624
2019-04-22 19:30:00,7791.73349651698
2019-04-22 20:00:00,7470.313024840254
2019-04-22 20:30:00,7419.435092502083
2019-04-22 21:00:00,7288.263571098832
2019-04-22 21:30:00,7145.5924531126675
2019-04-22 22:00:00,7071.188450405634
2019-04-22 22:30:00,7102.823557192654
2019-04-22 23:00:00,7064.129913725522
2019-04-22 23:30:00,6938.589155751531
2019-04-23 00:00:00,7341.408398246202
2019-04-23 00:30:00,7178.737480828652
2019-04-23 01:00:00,6956.986713302145
2019-04-23 01:30:00,6788.025525011219
2019-04-23 02:00:00,6514.5163124424835
2019-04-23 02:30:00,6327.9611639859395
2019-04-23 03:00:00,6081.448727102716
2019-04-23 03:30:00,6025.633742270528
2019-04-23 04:00:00,5993.169689935622
2019-04-23 04:30:00,5993.169689935622
2019-04-23 05:00:00,6063.795576660304
2019-04-23 05:30:00,6169.208400918331
2019-04-23 06:00:00,6767.587155839412
2019-04-23 06:30:00,6825.598136361415
2019-04-23 07:00:00,7419.866468873404
2019-04-23 07:30:00,7532.985907969042
2019-04-23 08:00:00,7736.246028397008
2019-04-23 08:30:00,8078.053527917049
2019-04-23 09:00:00,8084.439101580627
2019-04-23 09:30:00,8160.674039313405
2019-04-23 10:00:00,7863.024090441596
2019-04-23 10:30:00,7875.348130077422
2019-04-23 11:00:00,7654.617461017433
2019-04-23 11:30:00,7658.048379977469
2019-04-23 12:00:00,7708.813940219527
2019-04-23 12:30:00,7701.682326755612
2019-04-23 13:00:00,7853.550480136202
2019-04-23 13:30:00,7909.812739144714
2019-04-23 14:00:00,7969.834421527149
2019-04-23 14:30:00,7960.137748120533
2019-04-23 15:00:00,8053.416921786963
2019-04-23 15:30:00,8080.344613114322
2019-04-23 16:00:00,8006.379692472665
2019-04-23 16:30:00,8109.243062528671
2019-04-23 17:00:00,8192.980721019876
2019-04-23 17:30:00,8219.20163567622
2019-04-23 18:00:00,8477.773701555905
2019-04-23 18:30:00,8530.69569806106
2019-04-23 19:00:00,8379.819685734861
2019-04-23 19:30:00,8181.522264580926
2019-04-23 20:00:00,8041.186231471728
2019-04-23 20:30:00,7894.423253556969
2019-04-23 21:00:00,7763.730100220505
2019-04-23 21:30:00,7717.802155968676
2019-04-23 22:00:00,7580.09118124475
2019-04-23 22:30:00,7620.868282221224
2019-04-23 23:00:00,7515.096463033919
2019-04-23 23:30:00,7425.419506581113
2019-04-24 00:00:00,7103.529038005267
2019-04-24 00:30:00,6980.396021231092
2019-04-24 01:00:00,6876.221896745712
2019-04-24 01:30:00,6653.864244127895
2019-04-24 02:00:00,6470.7348547621505
2019-04-24 02:30:00,6228.505092523497
2019-04-24 03:00:00,6024.346633519292
2019-04-24 03:30:00,5951.879904842625
2019-04-24 04:00:00,5966.849014321373
2019-04-24 04:30:00,5966.849014321373
2019-04-24 05:00:00,6097.861929614108
2019-04-24 05:30:00,6251.801703584722
2019-04-24 06:00:00,6711.331288506484
2019-04-24 06:30:00,6841.384349934442
2019-04-24 07:00:00,7526.57456817796
2019-04-24 07:30:00,7487.480162193718
2019-04-24 08:00:00,7776.0066320525575
2019-04-24 08:30:00,7858.584446921887
2019-04-24 09:00:00,8077.291945001323
2019-04-24 09:30:00,8202.054072296063
2019-04-24 10:00:00,8025.970682944579
2019-04-24 10:30:00,8097.711691789618
2019-04-24 11:00:00,7996.095881748169
2019-04-24 11:30:00,7963.30793345902
2019-04-24 12:00:00,7975.142345503767
2019-04-24 12:30:00,7979.905802930735
2019-04-24 13:00:00,8001.152312904527
2019-04-24 13:30:00,8038.849475663419
2019-04-24 14:00:00,8039.167909128539
2019-04-24 14:30:00,8107.5432126578135
2019-04-24 15:00:00,8107.493191658293
2019-04-24 15:30:00,8163.604219437205
2019-04-24 16:00:00,8299.832525122894
2019-04-24 16:30:00,8344.492363734022
2019-04-24 17:00:00,8508.935837574663
2019-04-24 17:30:00,8600.56757295829
2019-04-24 18:00:00,8978.655425501403
2019-04-24 18:30:00,8946.073632090025
2019-04-24 19:00:00,8708.651211547676
2019-04-24 19:30:00,8413.134582553215
2019-04-24 20:00:00,8206.67585021765
2019-04-24 20:30:00,8093.652969491553
2019-04-24 21:00:00,7918.838067800935
2019-04-24 21:30:00,7720.140297837182
2019-04-24 22:00:00,7549.124982501114
2019-04-24 22:30:00,7620.300754630771
2019-04-24 23:00:00,7441.73866010535
2019-04-24 23:30:00,7324.140348480107
2019-04-25 00:00:00,6964.183678524707
2019-04-25 00:30:00,6932.961212112409
2019-04-25 01:00:00,6685.727609423043
2019-04-25 01:30:00,6537.634525505397
2019-04-25 02:00:00,6360.403615714566
2019-04-25 02:30:00,6224.347778987407
2019-04-25 03:00:00,6014.073126496384
2019-04-25 03:30:00,5995.502081535424
2019-04-25 04:00:00,5842.640431641035
2019-04-25 04:30:00,5869.46999877484
2019-04-25 05:00:00,5848.720249604491
2019-04-25 05:30:00,5981.068514419483
2019-04-25 06:00:00,5996.528744515307
2019-04-25 06:30:00,6185.9587329134665
2019-04-25 07:00:00,6563.064564229052
2019-04-25 07:30:00,6501.420981028007
2019-04-25 08:00:00,6969.674547520831
2019-04-25 08:30:00,6976.891962058244
2019-04-25 09:00:00,7308.607417665233
2019-04-25 09:30:00,7384.081009152671
2019-04-25 10:00:00,7399.148204036622
2019-04-25 10:30:00,7350.1202878783815
2019-04-25 11:00:00,7299.214996729237
2019-04-25 11:30:00,7330.665187721806
2019-04-25 12:00:00,7290.155555407936
2019-04-25 12:30:00,7346.681445730863
2019-04-25 13:00:00,7341.127704182858
2019-04-25 13:30:00,7287.222122970227
2019-04-25 14:00:00,7340.893137961895
2019-04-25 14:30:00,7399.513189066097
2019-04-25 15:00:00,7419.783887016157
2019-04-25 15:30:00,7420.8214990941815
2019-04-25 16:00:00,7348.924303254143
2019-04-25 16:30:00,7526.288515962758
2019-04-25 17:00:00,7693.980326572749
2019-04-25 17:30:00,7625.571775815628
2019-04-25 18:00:00,8052.793387707621
2019-04-25 18:30:00,7987.482102748751
2019-04-25 19:00:00,7854.750105030646
2019-04-25 19:30:00,7762.810428938967
2019-04-25 20:00:00,7526.443565408971
2019-04-25 20:30:00,7493.955485939135
2019-04-25 21:00:00,7272.949868931578
2019-04-25 21:30:00,7292.872257736158
2019-04-25 22:00:00,7214.186773619151
2019-04-25 22:30:00,7224.030842718148
2019-04-25 23:00:00,7054.01924982301
2019-04-25 23:30:00,7093.847613526201
2019-04-26 00:00:00,7293.474226081254
2019-04-26 00:30:00,7194.4121914534735
2019-04-26 01:00:00,6985.092634866634
2019-04-26 01:30:00,6866.784322928217
2019-04-26 02:00:00,6568.839535614102
2019-04-26 02:30:00,6311.506983055074
2019-04-26 03:00:00,6131.480200233836
2019-04-26 03:30:00,6029.294633904767
2019-04-26 04:00:00,5984.979573034749
2019-04-26 04:30:00,5981.875465213311
2019-04-26 05:00:00,6073.149418916442
2019-04-26 05:30:00,6143.355956211135
2019-04-26 06:00:00,6681.116630593852
2019-04-26 06:30:00,6670.7643040013745
2019-04-26 07:00:00,7179.370095827616
2019-04-26 07:30:00,7188.741225130771
2019-04-26 08:00:00,7280.42258837895
2019-04-26 08:30:00,7344.605168259922
2019-04-26 09:00:00,7335.290735864319
2019-04-26 09:30:00,7363.653903438762
2019-04-26 10:00:00,6878.4767371720445
2019-04-26 10:30:00,6924.49071371332
2019-04-26 11:00:00,6910.530053058975
2019-04-26 11:30:00,6938.893220633418
2019-04-26 12:00:00,7080.614519496162
2019-04-26 12:30:00,7114.707485557409
2019-04-26 13:00:00,7169.149615025983
2019-04-26 13:30:00,7310.538312463469
2019-04-26 14:00:00,7343.052693736053
2019-04-26 14:30:00,7345.662002875609
2019-04-26 15:00:00,7382.515408783454
2019-04-26 15:30:00,7416.411367011093
2019-04-26 16:00:00,7494.829731210374
2019-04-26 16:30:00,7567.634358251416
2019-04-26 17:00:00,7686.458140767049
2019-04-26 17:30:00,7914.92360439606
2019-04-26 18:00:00,8087.894641385289
2019-04-26 18:30:00,8181.271561248915
2019-04-26 19:00:00,8026.4762272445005
2019-04-26 19:30:00,7743.936018071631
2019-04-26 20:00:00,7693.809455154932
2019-04-26 20:30:00,7644.165334835033
2019-04-26 21:00:00,7532.015061247665
2019-04-26 21:30:00,7303.278781388584
2019-04-26 22:00:00,7236.186130131276
2019-04-26 22:30:00,7236.186130131276
2019-04-26 23:00:00,7108.11472378933
2019-04-26 23:30:00,7103.461155257964
2019-04-27 00:00:00,6963.630619981556
2019-04-27 00:30:00,6865.50772334119
2019-04-27 01:00:00,6644.528099279333
2019-04-27 01:30:00,6513.678783669905
2019-04-27 02:00:00,6245.418759156923
2019-04-27 02:30:00,6007.955802344693
2019-04-27 03:00:00,5825.682520448227
2019-04-27 03:30:00,5708.042481515099
2019-04-27 04:00:00,5698.322100639142
2019-04-27 04:30:00,5698.322100639142
2019-04-27 05:00:00,5627.969184464895
2019-04-27 05:30:00,5729.987454259412
2019-04-27 06:00:00,6257.236468447304
2019-04-27 06:30:00,6311.044377627165
2019-04-27 07:00:00,6745.430539994376
2019-04-27 07:30:00,6859.921428700301
2019-04-27 08:00:00,7067.606956929633
2019-04-27 08:30:00,7177.067354905432
2019-04-27 09:00:00,7615.111680612215
2019-04-27 09:30:00,7653.393395693212
2019-04-27 10:00:00,7313.682398231316
2019-04-27 10:30:00,7263.780576282087
2019-04-27 11:00:00,7200.266210988576
2019-04-27 11:30:00,7168.9696320220655
2019-04-27 12:00:00,7077.017543926867
2019-04-27 12:30:00,7059.590553826527
2019-04-27 13:00:00,7113.917596938198
2019-04-27 13:30:00,7149.132357963935
2019-04-27 14:00:00,7090.787402281414
2019-04-27 14:30:00,7143.081841743318
2019-04-27 15:00:00,7185.819682730943
2019-04-27 15:30:00,7261.471814810834
2019-04-27 16:00:00,7317.028458743285
2019-04-27 16:30:00,7420.331617155274
2019-04-27 17:00:00,7530.8031372003425
2019-04-27 17:30:00,7711.172052768252
2019-04-27 18:00:00,8019.362273852474
2019-04-27 18:30:00,7939.057417754872
2019-04-27 19:00:00,7854.979498376783
2019-04-27 19:30:00,7659.695077682197
2019-04-27 20:00:00,7478.146112252773
2019-04-27 20:30:00,7409.608131975852
2019-04-27 21:00:00,7323.062727900608
2019-04-27 21:30:00,7246.631627349953
2019-04-27 22:00:00,7160.952210252789
2019-04-27 22:30:00,7230.860406250078
2019-04-27 23:00:00,7109.66406983554
2019-04-27 23:30:00,7072.03580277994
2019-04-28 00:00:00,6903.640644426608
2019-04-28 00:30:00,6774.093087259054
2019-04-28 01:00:00,6660.734005925315
2019-04-28 01:30:00,6489.149477963274
2019-04-28 02:00:00,6243.65392347986
2019-04-28 02:30:00,6013.252260870636
2019-04-28 03:00:00,5913.885713304867
2019-04-28 03:30:00,5770.3027373884715
2019-04-28 04:00:00,5759.648527294275
2019-04-28 04:30:00,5744.517595388345
2019-04-28 05:00:00,5799.0925938083265
2019-04-28 05:30:00,5846.302071216266
2019-04-28 06:00:00,5941.328380436649
2019-04-28 06:30:00,5994.0650468794865
2019-04-28 07:00:00,6180.778569587133
2019-04-28 07:30:00,6290.908942501569
2019-04-28 08:00:00,6537.267881621006
2019-04-28 08:30:00,6588.356614584924
2019-04-28 09:00:00,6740.366281826379
2019-04-28 09:30:00,6740.366281826379
2019-04-28 10:00:00,6746.64423797511
2019-04-28 10:30:00,6672.887766660191
2019-04-28 11:00:00,6635.193354482908
2019-04-28 11:30:00,6474.262510830795
2019-04-28 12:00:00,6533.282192980484
2019-04-28 12:30:00,6488.129731736685
2019-04-28 13:00:00,6479.001260206854
2019-04-28 13:30:00,6383.824563526893
2019-04-28 14:00:00,6390.96470451748
2019-04-28 14:30:00,6491.408087690758
2019-04-28 15:00:00,6639.948932306098
2019-04-28 15:30:00,6726.538654677106
2019-04-28 16:00:00,7065.047117530304
2019-04-28 16:30:00,7093.654896741252
2019-04-28 17:00:00,7397.698449111154
2019-04-28 17:30:00,7661.895665503854
2019-04-28 18:00:00,8159.630167074229
2019-04-28 18:30:00,8302.689476177633
2019-04-28 19:00:00,8130.808327179147
2019-04-28 19:30:00,7924.590062894127
2019-04-28 20:00:00,7701.44764671089
2019-04-28 20:30:00,7610.412936926599
2019-04-28 21:00:00,7469.30809773235
2019-04-28 21:30:00,7441.1583152288495
2019-04-28 22:00:00,7181.280332511197
2019-04-28 22:30:00,7181.280332511197
2019-04-28 23:00:00,6970.421935363376
2019-04-28 23:30:00,6970.421935363376
2019-04-29 00:00:00,7001.765157237054
2019-04-29 00:30:00,6875.970515073462
2019-04-29 01:00:00,6782.689469866804
2019-04-29 01:30:00,6564.917708216875
2019-04-29 02:00:00,6425.351948466691
2019-04-29 02:30:00,6229.259794449424
2019-04-29 03:00:00,6046.9135223503645
2019-04-29 03:30:00,5988.401965532719
2019-04-29 04:00:00,6091.451988093434
2019-04-29 04:30:00,6037.097466155059
2019-04-29 05:00:00,6282.204259637297
2019-04-29 05:30:00,6341.369056334519
2019-04-29 06:00:00,6899.323179910106
2019-04-29 06:30:00,7352.572640004566
2019-04-29 07:00:00,7863.046821488955
2019-04-29 07:30:00,8260.716625037734
2019-04-29 08:00:00,8032.5389135927735
2019-04-29 08:30:00,8070.093622232326
2019-04-29 09:00:00,7735.163389112662
2019-04-29 09:30:00,7704.105893622216
2019-04-29 10:00:00,7659.7668991963865
2019-04-29 10:30:00,7610.7844608761325
2019-04-29 11:00:00,7269.786248008191
2019-04-29 11:30:00,7080.973147943657
2019-04-29 12:00:00,7085.943238475729
2019-04-29 12:30:00,7219.583646922307
2019-04-29 13:00:00,7158.722763126307
2019-04-29 13:30:00,7137.8376093151055
2019-04-29 14:00:00,7375.265284877632
2019-04-29 14:30:00,7508.631201041568
2019-04-29 15:00:00,7637.368714778332
2019-04-29 15:30:00,7806.773635030889
2019-04-29 16:00:00,8215.954834080372
2019-04-29 16:30:00,8413.723799161975
2019-04-29 17:00:00,8653.695246134099
2019-04-29 17:30:00,8938.86244805573
2019-04-29 18:00:00,9303.912412014008
2019-04-29 18:30:00,9445.70134309733
2019-04-29 19:00:00,9016.17820641995
2019-04-29 19:30:00,8752.82500824475
2019-04-29 20:00:00,8499.369802176576
2019-04-29 20:30:00,8432.654353887017
2019-04-29 21:00:00,8141.328990529058
2019-04-29 21:30:00,8075.001320491935
2019-04-29 22:00:00,8033.775445527078
2019-04-29 22:30:00,8029.193681861925
2019-04-29 23:00:00,7825.292228086495
2019-04-29 23:30:00,7836.656034829161
2019-04-30 00:00:00,7774.2203791525135
2019-04-30 00:30:00,7558.848608611907
2019-04-30 01:00:00,7343.755803953567
2019-04-30 01:30:00,7096.9694700674545
2019-04-30 02:00:00,6917.338333209847
2019-04-30 02:30:00,6607.733128226267
2019-04-30 03:00:00,6362.416747025738
2019-04-30 03:30:00,6273.345143267031
2019-04-30 04:00:00,6214.122614516942
2019-04-30 04:30:00,6283.618112998217
2019-04-30 05:00:00,6439.6952630746
2019-04-30 05:30:00,6764.940520802596
2019-04-30 06:00:00,7179.821876819635
2019-04-30 06:30:00,7695.68773626189
2019-04-30 07:00:00,8132.711178827374
2019-04-30 07:30:00,8288.23387928649
2019-04-30 08:00:00,8371.572011788265
2019-04-30 08:30:00,8362.098783701063
2019-04-30 09:00:00,8296.048329900941
2019-04-30 09:30:00,8262.214875986156
2019-04-30 10:00:00,8166.450333360831
2019-04-30 10:30:00,8124.724404341306
2019-04-30 11:00:00,8114.232583472501
2019-04-30 11:30:00,8062.9228301064095
2019-04-30 12:00:00,8036.950671542864
2019-04-30 12:30:00,8009.370603736979
2019-04-30 13:00:00,8050.327758068339
2019-04-30 13:30:00,8078.30712082822
2019-04-30 14:00:00,8079.839727445514
2019-04-30 14:30:00,8086.664913258873
2019-04-30 15:00:00,8117.435842307123
2019-04-30 15:30:00,8178.912767988262
2019-04-30 16:00:00,8311.378861074721
2019-04-30 16:30:00,8419.49153776726
2019-04-30 17:00:00,8542.491647523659
2019-04-30 17:30:00,8816.227604450494
2019-04-30 18:00:00,9254.04576603769
2019-04-30 18:30:00,9244.0726425337
2019-04-30 19:00:00,9159.809227789183
2019-04-30 19:30:00,8835.571948817496
2019-04-30 20:00:00,8579.209788078297
2019-04-30 20:30:00,8436.205396478816
2019-04-30 21:00:00,8303.820794598729
2019-04-30 21:30:00,8197.892716024462
2019-04-30 22:00:00,7955.739776625735
2019-04-30 22:30:00,8040.3038236263
2019-04-30 23:00:00,7852.746748160845
2019-04-30 23:30:00,7852.746748160845
2019-05-01 00:00:00,7701.703444317543
2019-05-01 00:30:00,7472.939343949383
2019-05-01 01:00:00,7265.197965757269
2019-05-01 01:30:00,7082.911960056306
2019-05-01 02:00:00,6913.614796994898
2019-05-01 02:30:00,6612.548974875191
2019-05-01 03:00:00,6487.2049315544655
2019-05-01 03:30:00,6379.994463621307
2019-05-01 04:00:00,6277.883709079282
2019-05-01 04:30:00,6273.884955395847
2019-05-01 05:00:00,6421.859623927102
2019-05-01 05:30:00,6643.841416546834
2019-05-01 06:00:00,6939.970187120344
2019-05-01 06:30:00,7491.300567711152
2019-05-01 07:00:00,8007.820753866343
2019-05-01 07:30:00,8207.609796312343
2019-05-01 08:00:00,8297.131009530369
2019-05-01 08:30:00,8225.05922502814
2019-05-01 09:00:00,8107.251047035503
2019-05-01 09:30:00,8147.585738270328
2019-05-01 10:00:00,7942.178146203693
2019-05-01 10:30:00,7959.391566936601
2019-05-01 11:00:00,7760.68792521847
2019-05-01 11:30:00,7769.0711124084055
2019-05-01 12:00:00,7680.216310975458
2019-05-01 12:30:00,7585.699381763945
2019-05-01 13:00:00,7629.893131636521
2019-05-01 13:30:00,7751.165572141638
2019-05-01 14:00:00,7891.418733982614
2019-05-01 14:30:00,7896.656460602351
2019-05-01 15:00:00,8013.398866536231
2019-05-01 15:30:00,8032.937247073845
2019-05-01 16:00:00,8196.13956172839
2019-05-01 16:30:00,8308.31090069853
2019-05-01 17:00:00,8513.503834070907
2019-05-01 17:30:00,8824.650225039855
2019-05-01 18:00:00,9224.783704415195
2019-05-01 18:30:00,9171.69626424006
2019-05-01 19:00:00,9057.318571906784
2019-05-01 19:30:00,8778.81806494907
2019-05-01 20:00:00,8540.580856687768
2019-05-01 20:30:00,8407.66534449401
2019-05-01 21:00:00,8184.362706881242
2019-05-01 21:30:00,8058.7086540655455
2019-05-01 22:00:00,7873.060335337053
2019-05-01 22:30:00,7872.015015746596
2019-05-01 23:00:00,7705.6637383767675
2019-05-01 23:30:00,7537.02715813566
2019-05-02 00:00:00,7656.16016541549
2019-05-02 00:30:00,7410.472145424085
2019-05-02 01:00:00,7220.838424104788
2019-05-02 01:30:00,6988.249869961648
2019-05-02 02:00:00,6852.944734363374
2019-05-02 02:30:00,6552.528368956138
2019-05-02 03:00:00,6385.704209826534
2019-05-02 03:30:00,6292.886553291171
2019-05-02 04:00:00,6162.628941091367
2019-05-02 04:30:00,6241.383268551061
2019-05-02 05:00:00,6349.811419181658
2019-05-02 05:30:00,6570.708607223631
2019-05-02 06:00:00,6833.275744216267
2019-05-02 06:30:00,7350.049916330694
2019-05-02 07:00:00,7874.855423490672
2019-05-02 07:30:00,8008.7146580098815
2019-05-02 08:00:00,8271.003033811605
2019-05-02 08:30:00,8283.898797892329
2019-05-02 09:00:00,8265.22824716807
2019-05-02 09:30:00,8217.425815157345
2019-05-02 10:00:00,8206.728016839916
2019-05-02 10:30:00,8206.728016839916
2019-05-02 11:00:00,8209.366967167365
2019-05-02 11:30:00,8162.4000925103055
2019-05-02 12:00:00,8111.146479559055
2019-05-02 12:30:00,8049.56457127135
2019-05-02 13:00:00,7938.43336366895
2019-05-02 13:30:00,7942.290491658801
2019-05-02 14:00:00,8030.682649872064
2019-05-02 14:30:00,8156.681255571254
2019-05-02 15:00:00,8152.517592485679
2019-05-02 15:30:00,8152.517592485679
2019-05-02 16:00:00,8373.151989538617
2019-05-02 16:30:00,8468.195943409166
2019-05-02 17:00:00,8692.4171345932
2019-05-02 17:30:00,8938.92329227488
2019-05-02 18:00:00,9322.594066291205
2019-05-02 18:30:00,9235.054565268605
2019-05-02 19:00:00,9016.372441699079
2019-05-02 19:30:00,8793.506158037448
2019-05-02 20:00:00,8507.68919368199
2019-05-02 20:30:00,8373.22328034828
2019-05-02 21:00:00,8168.424373495243
2019-05-02 21:30:00,8068.433955048892
2019-05-02 22:00:00,7882.996928776073
2019-05-02 22:30:00,7892.410548354626
2019-05-02 23:00:00,7725.69890406661
2019-05-02 23:30:00,7653.046410966841
2019-05-03 00:00:00,7563.638372334728
2019-05-03 00:30:00,7449.346481875775
2019-05-03 01:00:00,7233.711718266767
2019-05-03 01:30:00,7072.685870630132
2019-05-03 02:00:00,6815.9589186283465
2019-05-03 02:30:00,6585.199968865568
2019-05-03 03:00:00,6393.885916603062
2019-05-03 03:30:00,6265.47034096246
2019-05-03 04:00:00,6220.732526373808
2019-05-03 04:30:00,6220.732526373808
2019-05-03 05:00:00,6351.700361941415
2019-05-03 05:30:00,6580.88433086814
2019-05-03 06:00:00,6873.583087445999
2019-05-03 06:30:00,7359.3343838166475
2019-05-03 07:00:00,7906.60806440459
2019-05-03 07:30:00,8029.109104522498
2019-05-03 08:00:00,8241.074128448738
2019-05-03 08:30:00,8307.988584760478
2019-05-03 09:00:00,8250.263682053888
2019-05-03 09:30:00,8280.4923876409
2019-05-03 10:00:00,8199.801300801637
2019-05-03 10:30:00,8064.835516624185
2019-05-03 11:00:00,8106.716507475042
2019-05-03 11:30:00,8117.2212262241155
2019-05-03 12:00:00,8095.047086514917
2019-05-03 12:30:00,8106.8090522771945
2019-05-03 13:00:00,8174.090440884239
2019-05-03 13:30:00,8308.829279440326
2019-05-03 14:00:00,8337.711952318337
2019-05-03 14:30:00,8375.149961340165
2019-05-03 15:00:00,8371.093861958572
2019-05-03 15:30:00,8368.441180149614
2019-05-03 16:00:00,8453.85673254336
2019-05-03 16:30:00,8548.389220706302
2019-05-03 17:00:00,8589.69781997825
2019-05-03 17:30:00,8884.460822478472
2019-05-03 18:00:00,9095.442979680727
2019-05-03 18:30:00,9064.344409350646
2019-05-03 19:00:00,8883.094315721812
2019-05-03 19:30:00,8588.040207665812
2019-05-03 20:00:00,8431.42319515201
2019-05-03 20:30:00,8261.435659208018
2019-05-03 21:00:00,8162.9732504740505
2019-05-03 21:30:00,7987.280957932747
2019-05-03 22:00:00,7910.441758749265
2019-05-03 22:30:00,7910.441758749265
2019-05-03 23:00:00,7769.530361798844
2019-05-03 23:30:00,7650.535279769567
2019-05-04 00:00:00,7447.624419111807
2019-05-04 00:30:00,7300.7635834160055
2019-05-04 01:00:00,7122.693916728346
2019-05-04 01:30:00,6925.4321617096575
2019-05-04 02:00:00,6578.712908300631
2019-05-04 02:30:00,6300.506205757607
2019-05-04 03:00:00,6184.97998406204
2019-05-04 03:30:00,5948.433084100883
2019-05-04 04:00:00,5899.362335961922
2019-05-04 04:30:00,5929.036079185723
2019-05-04 05:00:00,5899.141014592227
2019-05-04 05:30:00,6059.14028393793
2019-05-04 06:00:00,6129.694975688793
2019-05-04 06:30:00,6406.800165470886
2019-05-04 07:00:00,6993.310946029297
2019-05-04 07:30:00,6994.168824810919
2019-05-04 08:00:00,7474.834075121202
2019-05-04 08:30:00,7552.728013019842
2019-05-04 09:00:00,7573.2489044322965
2019-05-04 09:30:00,7540.448383943108
2019-05-04 10:00:00,7531.0988921548915
2019-05-04 10:30:00,7529.273755871548
2019-05-04 11:00:00,7594.151391132212
2019-05-04 11:30:00,7617.604547447178
2019-05-04 12:00:00,7690.523560623504
2019-05-04 12:30:00,7661.943551723843
2019-05-04 13:00:00,7617.199272589365
2019-05-04 13:30:00,7591.093434465441
2019-05-04 14:00:00,7558.861790483061
2019-05-04 14:30:00,7558.861790483061
2019-05-04 15:00:00,7606.149258561654
2019-05-04 15:30:00,7574.166923143282
2019-05-04 16:00:00,7639.02010235248
2019-05-04 16:30:00,7690.822848925794
2019-05-04 17:00:00,7760.71337343755
2019-05-04 17:30:00,7853.657101711625
2019-05-04 18:00:00,8256.73500121771
2019-05-04 18:30:00,8149.181915267522
2019-05-04 19:00:00,8042.938999324101
2019-05-04 19:30:00,7868.357213984248
2019-05-04 20:00:00,7677.38421328064
2019-05-04 20:30:00,7571.426768826429
2019-05-04 21:00:00,7486.092169362509
2019-05-04 21:30:00,7479.495229614709
2019-05-04 22:00:00,7403.694673574382
2019-05-04 22:30:00,7444.143772712707
2019-05-04 23:00:00,7307.327561750163
2019-05-04 23:30:00,7309.65817508557
2019-05-05 00:00:00,7180.116996799894
2019-05-05 00:30:00,7102.29269665677
2019-05-05 01:00:00,6925.9449869855725
2019-05-05 01:30:00,6763.453629536725
2019-05-05 02:00:00,6557.581973765199
2019-05-05 02:30:00,6198.807550159606
2019-05-05 03:00:00,6094.635620321709
2019-05-05 03:30:00,5959.893811483968
2019-05-05 04:00:00,5900.316685031728
2019-05-05 04:30:00,5900.316685031728
2019-05-05 05:00:00,5908.357273124987
2019-05-05 05:30:00,5970.616954117151
2019-05-05 06:00:00,6010.74525934458
2019-05-05 06:30:00,6157.832550558096
2019-05-05 07:00:00,6376.329017942314
2019-05-05 07:30:00,6575.690060794563
2019-05-05 08:00:00,6774.833945049734
2019-05-05 08:30:00,6957.5251043423
2019-05-05 09:00:00,7106.856297078824
2019-05-05 09:30:00,7285.826993336814
2019-05-05 10:00:00,7337.077095652921
2019-05-05 10:30:00,7273.611846371185
2019-05-05 11:00:00,7140.695044650559
2019-05-05 11:30:00,6996.434622615542
2019-05-05 12:00:00,6923.655423173978
2019-05-05 12:30:00,6869.63153047413
2019-05-05 13:00:00,6900.61124810624
2019-05-05 13:30:00,6827.254607388669
2019-05-05 14:00:00,6868.130686793101
2019-05-05 14:30:00,6942.371481408448
2019-05-05 15:00:00,6993.37113295723
2019-05-05 15:30:00,7070.544168307925
2019-05-05 16:00:00,7316.2608968120285
2019-05-05 16:30:00,7511.7574707098
2019-05-05 17:00:00,7718.418554440362
2019-05-05 17:30:00,8021.8635730306205
2019-05-05 18:00:00,8500.480257926414
2019-05-05 18:30:00,8518.198934862568
2019-05-05 19:00:00,8528.180323848588
2019-05-05 19:30:00,8239.258933362575
2019-05-05 20:00:00,8060.704290262681
2019-05-05 20:30:00,7911.110747945877
2019-05-05 21:00:00,7653.175483698171
2019-05-05 21:30:00,7565.461580363099
2019-05-05 22:00:00,7318.5568033078935
2019-05-05 22:30:00,7335.444910223002
2019-05-05 23:00:00,7094.622269798075
2019-05-05 23:30:00,7002.60321039734
2019-05-06 00:00:00,7038.571629116609
2019-05-06 00:30:00,6908.9028238843985
2019-05-06 01:00:00,6810.26249238946
2019-05-06 01:30:00,6702.651195439428
2019-05-06 02:00:00,6458.065478806154
2019-05-06 02:30:00,6231.256212188188
2019-05-06 03:00:00,6036.329157594358
2019-05-06 03:30:00,5944.488308597406
2019-05-06 04:00:00,5970.401411835116
2019-05-06 04:30:00,5970.401411835116
2019-05-06 05:00:00,6274.4684679620805
2019-05-06 05:30:00,6312.614822584787
2019-05-06 06:00:00,7030.683335798189
2019-05-06 06:30:00,7493.89326704602
2019-05-06 07:00:00,8005.157327042242
2019-05-06 07:30:00,8349.66314869932
2019-05-06 08:00:00,8229.208128025844
2019-05-06 08:30:00,8338.058884514578
2019-05-06 09:00:00,7881.703053669477
2019-05-06 09:30:00,7924.889498233485
2019-05-06 10:00:00,7900.4291958155545
2019-05-06 10:30:00,7904.292244522743
2019-05-06 11:00:00,7597.619975802207
2019-05-06 11:30:00,7391.317023562276
2019-05-06 12:00:00,7520.758218888692
2019-05-06 12:30:00,7470.267238088201
2019-05-06 13:00:00,7552.590749152171
2019-05-06 13:30:00,7835.064424172112
2019-05-06 14:00:00,8089.687836780412
2019-05-06 14:30:00,8149.186064713517
2019-05-06 15:00:00,8149.620022405232
2019-05-06 15:30:00,8295.18434388043
2019-05-06 16:00:00,8421.454855047896
2019-05-06 16:30:00,8580.978568440098
2019-05-06 17:00:00,8868.610079444581
2019-05-06 17:30:00,9138.262432431107
2019-05-06 18:00:00,9546.437599061874
2019-05-06 18:30:00,9586.093123978348
2019-05-06 19:00:00,9369.771970520056
2019-05-06 19:30:00,9157.747333434067
2019-05-06 20:00:00,8998.679989729682
2019-05-06 20:30:00,8832.820594045115
2019-05-06 21:00:00,8483.763211385442
2019-05-06 21:30:00,8382.336271631983
2019-05-06 22:00:00,8300.868809011854
2019-05-06 22:30:00,8162.268976416092
2019-05-06 23:00:00,8103.771088404858
2019-05-06 23:30:00,7964.726698292682
2019-05-07 00:00:00,7783.253915155294
2019-05-07 00:30:00,7611.749218998408
2019-05-07 01:00:00,7347.063646602271
2019-05-07 01:30:00,7217.514676053448
2019-05-07 02:00:00,6997.926079587769
2019-05-07 02:30:00,6651.822792008585
2019-05-07 03:00:00,6393.769540233192
2019-05-07 03:30:00,6327.200074489102
2019-05-07 04:00:00,6257.382305330265
2019-05-07 04:30:00,6302.473171289907
2019-05-07 05:00:00,6522.902564052043
2019-05-07 05:30:00,6841.790782293551
2019-05-07 06:00:00,7288.323255653915
2019-05-07 06:30:00,7832.958384572714
2019-05-07 07:00:00,8323.102021413211
2019-05-07 07:30:00,8529.995658298356
2019-05-07 08:00:00,8604.651347507819
2019-05-07 08:30:00,8486.015229627608
2019-05-07 09:00:00,8292.510721825633
2019-05-07 09:30:00,8273.68849263772
2019-05-07 10:00:00,8070.956288307652
2019-05-07 10:30:00,8006.263490417042
2019-05-07 11:00:00,7901.530507864758
2019-05-07 11:30:00,7826.334835173015
2019-05-07 12:00:00,7792.135567188955
2019-05-07 12:30:00,7800.12483425113
2019-05-07 13:00:00,7837.126981261793
2019-05-07 13:30:00,7837.126981261793
2019-05-07 14:00:00,7895.259148672772
2019-05-07 14:30:00,7895.259148672772
2019-05-07 15:00:00,7936.973763425219
2019-05-07 15:30:00,7953.947298329481
2019-05-07 16:00:00,8128.436162430459
2019-05-07 16:30:00,8267.651158898838
2019-05-07 17:00:00,8546.728228528038
2019-05-07 17:30:00,8885.677977226605
2019-05-07 18:00:00,9454.06016005858
2019-05-07 18:30:00,9479.219310825198
2019-05-07 19:00:00,9351.689301693832
2019-05-07 19:30:00,9120.878266520325
2019-05-07 20:00:00,8903.559896803368
2019-05-07 20:30:00,8766.91381538196
2019-05-07 21:00:00,8549.86260172332
2019-05-07 21:30:00,8407.145346509593
2019-05-07 22:00:00,8253.266068924591
2019-05-07 22:30:00,8282.85562156213
2019-05-07 23:00:00,8081.066718945924
2019-05-07 23:30:00,7957.16830831347
2019-05-08 00:00:00,7763.839363641728
2019-05-08 00:30:00,7631.6440851282
2019-05-08 01:00:00,7419.905420092042
2019-05-08 01:30:00,7222.722006209764
2019-05-08 02:00:00,7042.90705869288
2019-05-08 02:30:00,6814.234728574984
2019-05-08 03:00:00,6551.762272299774
2019-05-08 03:30:00,6421.362415276043
2019-05-08 04:00:00,6335.250434766512
2019-05-08 04:30:00,6411.171425781088
2019-05-08 05:00:00,6533.2805994514465
2019-05-08 05:30:00,6831.750868735773
2019-05-08 06:00:00,7195.541317055054
2019-05-08 06:30:00,7925.789996606605
2019-05-08 07:00:00,8417.09377568788
2019-05-08 07:30:00,8752.96046102998
2019-05-08 08:00:00,8906.778953870196
2019-05-08 08:30:00,8661.04612196055
2019-05-08 09:00:00,8334.63265614511
2019-05-08 09:30:00,8162.653427764995
2019-05-08 10:00:00,7958.586555473707
2019-05-08 10:30:00,7827.042244639975
2019-05-08 11:00:00,7572.705351708589
2019-05-08 11:30:00,7444.869021897236
2019-05-08 12:00:00,7444.055506068156
2019-05-08 12:30:00,7379.541523527912
2019-05-08 13:00:00,7430.364731653696
2019-05-08 13:30:00,7453.715286796938
2019-05-08 14:00:00,7514.3928207344115
2019-05-08 14:30:00,7553.666780220791
2019-05-08 15:00:00,7598.698889006706
2019-05-08 15:30:00,7666.987532247882
2019-05-08 16:00:00,7949.757443077314
2019-05-08 16:30:00,8233.764484267323
2019-05-08 17:00:00,8501.048098382646
2019-05-08 17:30:00,8878.953389543292
2019-05-08 18:00:00,9406.954380929174
2019-05-08 18:30:00,9446.57343787183
2019-05-08 19:00:00,9350.896598668744
2019-05-08 19:30:00,9156.886787855392
2019-05-08 20:00:00,8979.074509932529
2019-05-08 20:30:00,8844.248373897148
2019-05-08 21:00:00,8669.654414257053
2019-05-08 21:30:00,8470.992267543967
2019-05-08 22:00:00,8272.471015008729
2019-05-08 22:30:00,8244.534548093843
2019-05-08 23:00:00,8080.346184465139
2019-05-08 23:30:00,7908.913602562568
2019-05-09 00:00:00,7906.540296668009
2019-05-09 00:30:00,7726.242268031216
2019-05-09 01:00:00,7372.801449065096
2019-05-09 01:30:00,7223.114537310203
2019-05-09 02:00:00,6952.347203392364
2019-05-09 02:30:00,6690.012200830711
2019-05-09 03:00:00,6475.644947532188
2019-05-09 03:30:00,6368.434479599029
2019-05-09 04:00:00,6269.386608287298
2019-05-09 04:30:00,6258.818020297056
2019-05-09 05:00:00,6394.944151056392
2019-05-09 05:30:00,6653.96047621209
2019-05-09 06:00:00,7019.543344073689
2019-05-09 06:30:00,7633.140928239276
2019-05-09 07:00:00,8291.117262688533
2019-05-09 07:30:00,8576.72130579268
2019-05-09 08:00:00,8722.144157567283
2019-05-09 08:30:00,8629.527934191163
2019-05-09 09:00:00,8351.071707683457
2019-05-09 09:30:00,8177.751978946536
2019-05-09 10:00:00,8012.742554907241
2019-05-09 10:30:00,7982.433131556305
2019-05-09 11:00:00,7803.769822567633
2019-05-09 11:30:00,7607.470065268838
2019-05-09 12:00:00,7568.8957610410125
2019-05-09 12:30:00,7562.82466583288
2019-05-09 13:00:00,7592.2882336626535
2019-05-09 13:30:00,7654.557482161224
2019-05-09 14:00:00,7652.628067269712
2019-05-09 14:30:00,7755.786072452406
2019-05-09 15:00:00,7784.307967325092
2019-05-09 15:30:00,7951.100107181694
2019-05-09 16:00:00,8160.112332545699
2019-05-09 16:30:00,8334.496562032808
2019-05-09 17:00:00,8630.757656372778
2019-05-09 17:30:00,9056.795579946347
2019-05-09 18:00:00,9578.549913786335
2019-05-09 18:30:00,9594.17725552157
2019-05-09 19:00:00,9562.807878451897
2019-05-09 19:30:00,9389.122132821509
2019-05-09 20:00:00,9092.37611430379
2019-05-09 20:30:00,8966.016679511707
2019-05-09 21:00:00,8749.277280006569
2019-05-09 21:30:00,8549.513671368975
2019-05-09 22:00:00,8318.643984171347
2019-05-09 22:30:00,8297.338848809954
2019-05-09 23:00:00,8150.056151550779
2019-05-09 23:30:00,8071.532075493322
2019-05-10 00:00:00,7939.908521258481
2019-05-10 00:30:00,7827.918934281582
2019-05-10 01:00:00,7610.895664488932
2019-05-10 01:30:00,7432.321473806575
2019-05-10 02:00:00,7216.816208986391
2019-05-10 02:30:00,6954.559530883789
2019-05-10 03:00:00,6715.769262147482
2019-05-10 03:30:00,6562.002721103148
2019-05-10 04:00:00,6505.109922004703
2019-05-10 04:30:00,6541.066945927082
2019-05-10 05:00:00,6716.267405184308
2019-05-10 05:30:00,7058.467426407358
2019-05-10 06:00:00,7424.583468677919
2019-05-10 06:30:00,8129.567571495979
2019-05-10 07:00:00,8701.002038364977
2019-05-10 07:30:00,9045.371553887566
2019-05-10 08:00:00,9117.751844966811
2019-05-10 08:30:00,8998.890390414179
2019-05-10 09:00:00,8647.636480978521
2019-05-10 09:30:00,8400.256938346072
2019-05-10 10:00:00,8209.618345703682
2019-05-10 10:30:00,8046.3639192925775
2019-05-10 11:00:00,7917.735427611604
2019-05-10 11:30:00,7691.734955574283
2019-05-10 12:00:00,7615.302408735784
2019-05-10 12:30:00,7567.423299569513
2019-05-10 13:00:00,7580.333362731285
2019-05-10 13:30:00,7608.483145234785
2019-05-10 14:00:00,7588.55227021532
2019-05-10 14:30:00,7740.992629301908
2019-05-10 15:00:00,7766.165664674771
2019-05-10 15:30:00,7961.95968147066
2019-05-10 16:00:00,8177.606820696234
2019-05-10 16:30:00,8404.75797271023
2019-05-10 17:00:00,8541.547311083545
2019-05-10 17:30:00,9046.652495428234
2019-05-10 18:00:00,9356.491299992387
2019-05-10 18:30:00,9461.100187642396
2019-05-10 19:00:00,9253.695432551061
2019-05-10 19:30:00,9188.08788041457
2019-05-10 20:00:00,9009.188122685304
2019-05-10 20:30:00,8870.823047210048
2019-05-10 21:00:00,8731.603460823495
2019-05-10 21:30:00,8486.848832820042
2019-05-10 22:00:00,8406.093547090075
2019-05-10 22:30:00,8380.598382242875
2019-05-10 23:00:00,8181.692867320468
2019-05-10 23:30:00,8065.457653845467
2019-05-11 00:00:00,7810.874827265306
2019-05-11 00:30:00,7677.371309408197
2019-05-11 01:00:00,7567.095161751142
2019-05-11 01:30:00,7422.618721464317
2019-05-11 02:00:00,7155.688938713878
2019-05-11 02:30:00,6832.7841640205515
2019-05-11 03:00:00,6490.1965675576985
2019-05-11 03:30:00,6442.994265727962
2019-05-11 04:00:00,6275.441633722916
2019-05-11 04:30:00,6344.210235747087
2019-05-11 05:00:00,6288.303736619006
2019-05-11 05:30:00,6480.231523703103
2019-05-11 06:00:00,6596.95663553446
2019-05-11 06:30:00,6895.968580668798
2019-05-11 07:00:00,7160.968587625359
2019-05-11 07:30:00,7439.338931889728
2019-05-11 08:00:00,8106.455060427461
2019-05-11 08:30:00,8027.5394093436325
2019-05-11 09:00:00,8042.211286649919
2019-05-11 09:30:00,8088.581267252639
2019-05-11 10:00:00,8015.569010265786
2019-05-11 10:30:00,7923.470953335008
2019-05-11 11:00:00,7898.8933425322675
2019-05-11 11:30:00,7889.691228308986
2019-05-11 12:00:00,7953.59629580955
2019-05-11 12:30:00,7891.604352691944
2019-05-11 13:00:00,7872.205718461886
2019-05-11 13:30:00,7872.205718461886
2019-05-11 14:00:00,7821.086573735514
2019-05-11 14:30:00,7708.06026078794
2019-05-11 15:00:00,7594.374161889994
2019-05-11 15:30:00,7608.99172493444
2019-05-11 16:00:00,7803.924162149887
2019-05-11 16:30:00,7984.690164495492
2019-05-11 17:00:00,8309.565385262855
2019-05-11 17:30:00,8608.58296771068
2019-05-11 18:00:00,9187.815493743265
2019-05-11 18:30:00,9132.248018286795
2019-05-11 19:00:00,9090.195242773145
2019-05-11 19:30:00,8920.25327268307
2019-05-11 20:00:00,8623.558424171812
2019-05-11 20:30:00,8568.52590542091
2019-05-11 21:00:00,8464.982778804135
2019-05-11 21:30:00,8241.655478166236
2019-05-11 22:00:00,8083.654700669573
2019-05-11 22:30:00,8032.784864507208
2019-05-11 23:00:00,7865.846150835231
2019-05-11 23:30:00,7771.803534578627
2019-05-12 00:00:00,7708.225037297133
2019-05-12 00:30:00,7576.810764688052
2019-05-12 01:00:00,7354.882774149327
2019-05-12 01:30:00,7072.846853981453
2019-05-12 02:00:00,6858.635413720659
2019-05-12 02:30:00,6590.904459141536
2019-05-12 03:00:00,6347.974699954702
2019-05-12 03:30:00,6194.485364666347
2019-05-12 04:00:00,6062.2159206864835
2019-05-12 04:30:00,6074.758067360562
2019-05-12 05:00:00,6109.04401482626
2019-05-12 05:30:00,6239.937570986963
2019-05-12 06:00:00,6350.4052208295925
2019-05-12 06:30:00,6612.0257212312345
2019-05-12 07:00:00,6797.869289796942
2019-05-12 07:30:00,7148.112410722184
2019-05-12 08:00:00,7530.380294445122
2019-05-12 08:30:00,7651.5289207113
2019-05-12 09:00:00,7780.2234777468275
2019-05-12 09:30:00,7750.934660337528
2019-05-12 10:00:00,7547.238702956228
2019-05-12 10:30:00,7331.701004235891
2019-05-12 11:00:00,7238.284131121347
2019-05-12 11:30:00,7110.467710550067
2019-05-12 12:00:00,6980.9453623853005
2019-05-12 12:30:00,6917.584327965846
2019-05-12 13:00:00,6923.519154975134
2019-05-12 13:30:00,6907.210073783979
2019-05-12 14:00:00,6961.163529507534
2019-05-12 14:30:00,6955.4488577275715
2019-05-12 15:00:00,6982.619978251542
2019-05-12 15:30:00,7126.107185009741
2019-05-12 16:00:00,7432.392385783193
2019-05-12 16:30:00,7696.158570748002
2019-05-12 17:00:00,8154.889257126227
2019-05-12 17:30:00,8475.972187590369
2019-05-12 18:00:00,9014.109817953422
2019-05-12 18:30:00,9026.433384204733
2019-05-12 19:00:00,9065.848642458355
2019-05-12 19:30:00,8849.589299396397
2019-05-12 20:00:00,8724.317542397348
2019-05-12 20:30:00,8654.31621286621
2019-05-12 21:00:00,8480.311294185036
2019-05-12 21:30:00,8358.97975976247
2019-05-12 22:00:00,8060.362911572843
2019-05-12 22:30:00,7962.290164642157
2019-05-12 23:00:00,7654.697031247793
2019-05-12 23:30:00,7538.748359241563
2019-05-13 00:00:00,7494.794185083541
2019-05-13 00:30:00,7188.387190750648
2019-05-13 01:00:00,7151.746758382851
2019-05-13 01:30:00,7054.774445736092
2019-05-13 02:00:00,6924.205034771405
2019-05-13 02:30:00,6610.547391318392
2019-05-13 03:00:00,6523.028869450075
2019-05-13 03:30:00,6432.095820448379
2019-05-13 04:00:00,6457.449531516736
2019-05-13 04:30:00,6457.449531516736
2019-05-13 05:00:00,6799.478371019208
2019-05-13 05:30:00,6805.374883882788
2019-05-13 06:00:00,7723.609859998312
2019-05-13 06:30:00,7816.124100584371
2019-05-13 07:00:00,8865.071326433357
2019-05-13 07:30:00,9279.499734363646
2019-05-13 08:00:00,9342.709218931957
2019-05-13 08:30:00,9505.079629766751
2019-05-13 09:00:00,9074.415417475091
2019-05-13 09:30:00,9036.756388402822
2019-05-13 10:00:00,8802.794045495864
2019-05-13 10:30:00,8599.435311490783
2019-05-13 11:00:00,8395.928126807225
2019-05-13 11:30:00,8186.724218331643
2019-05-13 12:00:00,8092.31488974085
2019-05-13 12:30:00,8014.08052848899
2019-05-13 13:00:00,7941.318769577893
2019-05-13 13:30:00,7867.3873934176
2019-05-13 14:00:00,7781.793374060399
2019-05-13 14:30:00,7823.596589206343
2019-05-13 15:00:00,8043.828724123326
2019-05-13 15:30:00,8276.358864141981
2019-05-13 16:00:00,8513.58080697997
2019-05-13 16:30:00,8868.579725162985
2019-05-13 17:00:00,9146.053898976264
2019-05-13 17:30:00,9528.837443825654
2019-05-13 18:00:00,9853.398121239903
2019-05-13 18:30:00,9933.629725271076
2019-05-13 19:00:00,9784.726356025481
2019-05-13 19:30:00,9627.29470277102
2019-05-13 20:00:00,9349.34219418473
2019-05-13 20:30:00,9349.34219418473
2019-05-13 21:00:00,9063.350176495878
2019-05-13 21:30:00,8869.922047970134
2019-05-13 22:00:00,8621.318587834567
2019-05-13 22:30:00,8397.581666855898
2019-05-13 23:00:00,8454.40907346619
2019-05-13 23:30:00,8241.70991831245
2019-05-14 00:00:00,8079.2573113478
2019-05-14 00:30:00,7927.070329971907
2019-05-14 01:00:00,7772.839212236771
2019-05-14 01:30:00,7527.988125959166
2019-05-14 02:00:00,7317.145251961012
2019-05-14 02:30:00,7066.523915306305
2019-05-14 03:00:00,6665.4486596642
2019-05-14 03:30:00,6619.164053416585
2019-05-14 04:00:00,6449.350617550223
2019-05-14 04:30:00,6610.216334296999
2019-05-14 05:00:00,6791.5578226510115
2019-05-14 05:30:00,7072.230706407714
2019-05-14 06:00:00,7509.60170477652
2019-05-14 06:30:00,8142.053034946294
2019-05-14 07:00:00,8911.719297597308
2019-05-14 07:30:00,9114.57286517848
2019-05-14 08:00:00,9198.5346063121
2019-05-14 08:30:00,9134.04276887062
2019-05-14 09:00:00,8783.927474792863
2019-05-14 09:30:00,8719.794309996085
2019-05-14 10:00:00,8474.261836013038
2019-05-14 10:30:00,8393.387705903026
2019-05-14 11:00:00,8167.1458305361575
2019-05-14 11:30:00,8005.189196561331
2019-05-14 12:00:00,7953.803689659305
2019-05-14 12:30:00,7920.916187938563
2019-05-14 13:00:00,7898.874224682622
2019-05-14 13:30:00,7889.651338048445
2019-05-14 14:00:00,7924.077313874706
2019-05-14 14:30:00,8015.045760380249
2019-05-14 15:00:00,8078.284912844835
2019-05-14 15:30:00,8180.162663726442
2019-05-14 16:00:00,8342.87433313656
2019-05-14 16:30:00,8477.19643761395
2019-05-14 17:00:00,8828.218004011966
2019-05-14 17:30:00,9315.52623154915
2019-05-14 18:00:00,9759.176386357578
2019-05-14 18:30:00,9759.176386357578
2019-05-14 19:00:00,9579.550623754558
2019-05-14 19:30:00,9339.475315690628
2019-05-14 20:00:00,9113.331409113463
2019-05-14 20:30:00,8962.973465561332
2019-05-14 21:00:00,8748.457505830856
2019-05-14 21:30:00,8547.681120604884
2019-05-14 22:00:00,8340.290635376277
2019-05-14 22:30:00,8318.985500014884
2019-05-14 23:00:00,8161.849649634864
2019-05-14 23:30:00,8085.1222847825
2019-05-15 00:00:00,7957.865025534917
2019-05-15 00:30:00,7778.123540087166
2019-05-15 01:00:00,7549.36828674805
2019-05-15 01:30:00,7319.516616858978
2019-05-15 02:00:00,7155.004639605031
2019-05-15 02:30:00,6862.329878811992
2019-05-15 03:00:00,6603.6836876892785
2019-05-15 03:30:00,6505.629082925715
2019-05-15 04:00:00,6424.685679242982
2019-05-15 04:30:00,6495.247132531378
2019-05-15 05:00:00,6637.110093116363
2019-05-15 05:30:00,6955.986765789701
2019-05-15 06:00:00,7280.3507453368675
2019-05-15 06:30:00,7980.059508888199
2019-05-15 07:00:00,8546.457651320266
2019-05-15 07:30:00,8844.417637910947
2019-05-15 08:00:00,8935.916967171348
2019-05-15 08:30:00,8752.412248702516
2019-05-15 09:00:00,8479.584344250161
2019-05-15 09:30:00,8298.7555711633
2019-05-15 10:00:00,8140.392117419965
2019-05-15 10:30:00,8014.677615622739
2019-05-15 11:00:00,7850.328096457684
2019-05-15 11:30:00,7757.697682889515
2019-05-15 12:00:00,7658.385199737318
2019-05-15 12:30:00,7588.007522149859
2019-05-15 13:00:00,7663.36372232672
2019-05-15 13:30:00,7647.596827233146
2019-05-15 14:00:00,7736.385715045316
2019-05-15 14:30:00,7804.005741292262
2019-05-15 15:00:00,7826.823325526661
2019-05-15 15:30:00,8004.920734953799
2019-05-15 16:00:00,8186.915574517482
2019-05-15 16:30:00,8451.504735553306
2019-05-15 17:00:00,8736.086075153291
2019-05-15 17:30:00,9146.459991569685
2019-05-15 18:00:00,9792.54306822242
2019-05-15 18:30:00,9792.051380617393
2019-05-15 19:00:00,9700.790245691305
2019-05-15 19:30:00,9328.069395201566
2019-05-15 20:00:00,9109.859198142673
2019-05-15 20:30:00,9007.563817109942
2019-05-15 21:00:00,8785.210714321918
2019-05-15 21:30:00,8603.400580610625
2019-05-15 22:00:00,8415.854851856773
2019-05-15 22:30:00,8447.156620738051
2019-05-15 23:00:00,8223.640733561602
2019-05-15 23:30:00,8142.399853641745
2019-05-16 00:00:00,8084.843357483652
2019-05-16 00:30:00,7920.339155173368
2019-05-16 01:00:00,7756.527131438171
2019-05-16 01:30:00,7481.2002436495095
2019-05-16 02:00:00,7242.068406072191
2019-05-16 02:30:00,6965.057679179963
2019-05-16 03:00:00,6707.5944008867245
2019-05-16 03:30:00,6553.295278278809
2019-05-16 04:00:00,6492.395035877604
2019-05-16 04:30:00,6521.478560249164
2019-05-16 05:00:00,6699.662667105813
2019-05-16 05:30:00,7033.972230694294
2019-05-16 06:00:00,7356.5439868058265
2019-05-16 06:30:00,8070.4267796117965
2019-05-16 07:00:00,8694.19703442168
2019-05-16 07:30:00,8953.816862731446
2019-05-16 08:00:00,9091.993820609643
2019-05-16 08:30:00,8882.980230982937
2019-05-16 09:00:00,8587.03012758541
2019-05-16 09:30:00,8351.071707683457
2019-05-16 10:00:00,8232.076157612768
2019-05-16 10:30:00,8147.531857817015
2019-05-16 11:00:00,7970.234769851954
2019-05-16 11:30:00,7791.984055579538
2019-05-16 12:00:00,7778.793545214032
2019-05-16 12:30:00,7801.288860517984
2019-05-16 13:00:00,7759.219128366765
2019-05-16 13:30:00,7756.266121934483
2019-05-16 14:00:00,7781.0091288247895
2019-05-16 14:30:00,7811.6620392012965
2019-05-16 15:00:00,7882.298658016695
2019-05-16 15:30:00,7977.985349176784
2019-05-16 16:00:00,8196.745544373354
2019-05-16 16:30:00,8395.043356603059
2019-05-16 17:00:00,8774.442094447628
2019-05-16 17:30:00,9157.532902403262
2019-05-16 18:00:00,9610.818743760346
2019-05-16 18:30:00,9622.49263670895
2019-05-16 19:00:00,9568.013738524518
2019-05-16 19:30:00,9389.122132821509
2019-05-16 20:00:00,9143.659142220835
2019-05-16 20:30:00,8966.016679511707
2019-05-16 21:00:00,8764.903762580623
2019-05-16 21:30:00,8566.353992849083
2019-05-16 22:00:00,8386.073140743976
2019-05-16 22:30:00,8318.643984171347
2019-05-16 23:00:00,8207.305669505944
2019-05-16 23:30:00,8112.904996475621
2019-05-17 00:00:00,8035.9704109945
2019-05-17 00:30:00,7829.083566841324
2019-05-17 01:00:00,7683.287561180283
2019-05-17 01:30:00,7450.736757023768
2019-05-17 02:00:00,7219.430787844062
2019-05-17 02:30:00,6980.713545899234
2019-05-17 03:00:00,6765.964402876677
2019-05-17 03:30:00,6607.20665461082
2019-05-17 04:00:00,6514.817707593005
2019-05-17 04:30:00,6533.656841848298
2019-05-17 05:00:00,6807.7542144090985
2019-05-17 05:30:00,7045.449400628925
2019-05-17 06:00:00,7389.707690565815
2019-05-17 06:30:00,8049.538573229846
2019-05-17 07:00:00,8580.595104542126
2019-05-17 07:30:00,8959.280599120315
2019-05-17 08:00:00,9060.724677465048
2019-05-17 08:30:00,8886.246034917831
2019-05-17 09:00:00,8588.942163119422
2019-05-17 09:30:00,8359.507449610894
2019-05-17 10:00:00,8290.85922562354
2019-05-17 10:30:00,8219.871888603258
2019-05-17 11:00:00,7970.0124757633375
2019-05-17 11:30:00,7872.46405950961
2019-05-17 12:00:00,7808.110308040374
2019-05-17 12:30:00,7775.877485360941
2019-05-17 13:00:00,7765.666627885138
2019-05-17 13:30:00,7802.264834365641
2019-05-17 14:00:00,7806.606103426278
2019-05-17 14:30:00,7901.842281819658
2019-05-17 15:00:00,7935.831322534282
2019-05-17 15:30:00,8084.930940812806
2019-05-17 16:00:00,8243.056458144652
2019-05-17 16:30:00,8447.015215382693
2019-05-17 17:00:00,8543.380245264681
2019-05-17 17:30:00,8928.682208844426
2019-05-17 18:00:00,9294.868037359704
2019-05-17 18:30:00,9294.376349754677
2019-05-17 19:00:00,9191.44463418579
2019-05-17 19:30:00,9042.074251321317
2019-05-17 20:00:00,8845.254204603456
2019-05-17 20:30:00,8693.97470854083
2019-05-17 21:00:00,8631.94774250655
2019-05-17 21:30:00,8471.710921285585
2019-05-17 22:00:00,8413.561272885176
2019-05-17 22:30:00,8388.066108037976
2019-05-17 23:00:00,8205.684229285165
2019-05-17 23:30:00,8119.861585700157
2019-05-18 00:00:00,7875.498409093176
2019-05-18 00:30:00,7714.615260597402
2019-05-18 01:00:00,7642.026857632839
2019-05-18 01:30:00,7436.270935491585
2019-05-18 02:00:00,7224.9481589146
2019-05-18 02:30:00,6865.057879605871
2019-05-18 03:00:00,6555.582483341187
2019-05-18 03:30:00,6426.627999636732
2019-05-18 04:00:00,6258.150834966641
2019-05-18 04:30:00,6360.338817777158
2019-05-18 05:00:00,6305.330482777977
2019-05-18 05:30:00,6570.467657239566
2019-05-18 06:00:00,6536.937973653139
2019-05-18 06:30:00,6856.900153729108
2019-05-18 07:00:00,7159.416179083121
2019-05-18 07:30:00,7541.158204308936
2019-05-18 08:00:00,8071.1230958254855
2019-05-18 08:30:00,7972.719647285513
2019-05-18 09:00:00,7813.282306491648
2019-05-18 09:30:00,7654.325861670651
2019-05-18 10:00:00,7478.509107558141
2019-05-18 10:30:00,7430.7727449430295
2019-05-18 11:00:00,7370.005839305533
2019-05-18 11:30:00,7313.329379737618
2019-05-18 12:00:00,7265.458353522121
2019-05-18 12:30:00,7208.132100044374
2019-05-18 13:00:00,7123.680637330228
2019-05-18 13:30:00,7104.3939596616765
2019-05-18 14:00:00,7158.715971711749
2019-05-18 14:30:00,7175.942670721585
2019-05-18 15:00:00,7215.138009363316
2019-05-18 15:30:00,7300.020055252383
2019-05-18 16:00:00,7425.481524019265
2019-05-18 16:30:00,7567.490235787093
2019-05-18 17:00:00,7871.529463129754
2019-05-18 17:30:00,8086.971688261064
2019-05-18 18:00:00,8562.374101802356
2019-05-18 18:30:00,8509.554087394512
2019-05-18 19:00:00,8390.845903079955
2019-05-18 19:30:00,8192.829156733655
2019-05-18 20:00:00,8043.292204935632
2019-05-18 20:30:00,7977.581171200812
2019-05-18 21:00:00,7796.375171076892
2019-05-18 21:30:00,7696.836507708735
2019-05-18 22:00:00,7538.108319817977
2019-05-18 22:30:00,7565.7113171165165
2019-05-18 23:00:00,7472.966329660991
2019-05-18 23:30:00,7458.550710206995
2019-05-19 00:00:00,7369.809551332895
2019-05-19 00:30:00,7203.3271273577075
2019-05-19 01:00:00,7073.418918272822
2019-05-19 01:30:00,6881.678716639852
2019-05-19 02:00:00,6723.661313231423
2019-05-19 02:30:00,6487.380869979988
2019-05-19 03:00:00,6272.582757149742
2019-05-19 03:30:00,6095.68547844432
2019-05-19 04:00:00,6024.560832199608
2019-05-19 04:30:00,6028.434995268226
2019-05-19 05:00:00,6109.04401482626
2019-05-19 05:30:00,6207.843901048286
2019-05-19 06:00:00,6291.701069797655
2019-05-19 06:30:00,6569.286994575554
2019-05-19 07:00:00,6699.715873801599
2019-05-19 07:30:00,7014.707967150789
2019-05-19 08:00:00,7236.524117706841
2019-05-19 08:30:00,7305.325566871839
2019-05-19 09:00:00,7325.562852977862
2019-05-19 09:30:00,7285.826993336814
2019-05-19 10:00:00,7164.555135760358
2019-05-19 10:30:00,7031.119590998776
2019-05-19 11:00:00,6938.948582845217
2019-05-19 11:30:00,6833.812228447219
2019-05-19 12:00:00,6767.979278292338
2019-05-19 12:30:00,6767.979278292338
2019-05-19 13:00:00,6723.344165704286
2019-05-19 13:30:00,6727.7931072534575
2019-05-19 14:00:00,6804.319799576629
2019-05-19 14:30:00,6868.130686793101
2019-05-19 15:00:00,6992.486979059453
2019-05-19 15:30:00,7131.821856789704
2019-05-19 16:00:00,7387.3544963645845
2019-05-19 16:30:00,7544.866656042827
2019-05-19 17:00:00,7968.89951941294
2019-05-19 17:30:00,8345.623488008763
2019-05-19 18:00:00,8749.277262580697
2019-05-19 18:30:00,8667.846834774213
2019-05-19 19:00:00,8653.065212779262
2019-05-19 19:30:00,8535.648049643689
2019-05-19 20:00:00,8259.438715829154
2019-05-19 20:30:00,8144.058083506132
2019-05-19 21:00:00,7989.744262906617
2019-05-19 21:30:00,7942.597040065385
2019-05-19 22:00:00,7620.614953322876
2019-05-19 22:30:00,7620.614953322876
2019-05-19 23:00:00,7388.017071800099
2019-05-19 23:30:00,7324.551822518362
2019-05-20 00:00:00,7232.794879721638
2019-05-20 00:30:00,7192.887952576441
2019-05-20 01:00:00,7100.9487694030095
2019-05-20 01:30:00,6844.570669287866
2019-05-20 02:00:00,6810.5084853021835
2019-05-20 02:30:00,6429.907143811839
2019-05-20 03:00:00,6349.265838269399
2019-05-20 03:30:00,6266.268357971965
2019-05-20 04:00:00,6271.496527630284
2019-05-20 04:30:00,6271.496527630284
2019-05-20 05:00:00,6568.683889125116
2019-05-20 05:30:00,6698.40798503575
2019-05-20 06:00:00,7644.356278190581
2019-05-20 06:30:00,7770.633624641682
2019-05-20 07:00:00,8571.687935986694
2019-05-20 07:30:00,8718.109403367245
2019-05-20 08:00:00,8682.822045736295
2019-05-20 08:30:00,9005.46507294974
2019-05-20 09:00:00,8499.352317768815
2019-05-20 09:30:00,8599.735249022875
2019-05-20 10:00:00,8278.537497829968
2019-05-20 10:30:00,8234.626382944289
2019-05-20 11:00:00,8081.6976648206255
2019-05-20 11:30:00,7986.569292691882
2019-05-20 12:00:00,8005.702531614946
2019-05-20 12:30:00,7961.415262873549
2019-05-20 13:00:00,8092.93989537988
2019-05-20 13:30:00,8025.613601543758
2019-05-20 14:00:00,8040.699243061831
2019-05-20 14:30:00,8222.644691010553
2019-05-20 15:00:00,8337.21520558639
2019-05-20 15:30:00,8528.585868359369
2019-05-20 16:00:00,8635.00253668745
2019-05-20 16:30:00,8885.248840818958
2019-05-20 17:00:00,9138.091404372713
2019-05-20 17:30:00,9562.75694096348
2019-05-20 18:00:00,9764.730053786012
2019-05-20 18:30:00,9628.279311333585
2019-05-20 19:00:00,9452.37379082745
2019-05-20 19:30:00,9198.77514845656
2019-05-20 20:00:00,8934.622002380278
2019-05-20 20:30:00,8770.377572581854
2019-05-20 21:00:00,8447.19251207441
2019-05-20 21:30:00,8411.737068886761
2019-05-20 22:00:00,8208.72576364048
2019-05-20 22:30:00,8251.87458842665
2019-05-20 23:00:00,8063.277930987785
2019-05-20 23:30:00,8063.277930987785
2019-05-21 00:00:00,7841.10210997835
2019-05-21 00:30:00,7790.297031263943
2019-05-21 01:00:00,7545.285643018192
2019-05-21 01:30:00,7376.699578110555
2019-05-21 02:00:00,7151.133615569333
2019-05-21 02:30:00,6804.471292001819
2019-05-21 03:00:00,6537.704264672851
2019-05-21 03:30:00,6502.551569093543
2019-05-21 04:00:00,6365.5266266056915
2019-05-21 04:30:00,6482.0652337463
2019-05-21 05:00:00,6720.303155736212
2019-05-21 05:30:00,6984.112741904555
2019-05-21 06:00:00,7474.785603203996
2019-05-21 06:30:00,7868.677840151608
2019-05-21 07:00:00,8403.911629614107
2019-05-21 07:30:00,8684.254169010275
2019-05-21 08:00:00,8888.243609923446
2019-05-21 08:30:00,8872.88858067605
2019-05-21 09:00:00,8625.791837966606
2019-05-21 09:30:00,8487.236221544183
2019-05-21 10:00:00,8429.359786417666
2019-05-21 10:30:00,8415.181021295124
2019-05-21 11:00:00,8274.137353207543
2019-05-21 11:30:00,8112.739599340888
2019-05-21 12:00:00,8034.7150987267005
2019-05-21 12:30:00,7950.033508087684
2019-05-21 13:00:00,7959.377628075041
2019-05-21 13:30:00,7981.140426159011
2019-05-21 14:00:00,8012.860389674344
2019-05-21 14:30:00,8055.7325797131025
2019-05-21 15:00:00,8144.13200946969
2019-05-21 15:30:00,8174.013630648074
2019-05-21 16:00:00,8315.520003399539
2019-05-21 16:30:00,8514.294062536215
2019-05-21 17:00:00,8830.731433724894
2019-05-21 17:30:00,9213.931873660234
2019-05-21 18:00:00,9606.377976007334
2019-05-21 18:30:00,9545.542635248383
2019-05-21 19:00:00,9423.551115821436
2019-05-21 19:30:00,9167.447739236197
2019-05-21 20:00:00,8941.288596926513
2019-05-21 20:30:00,8734.44057046946
2019-05-21 21:00:00,8653.741496554392
2019-05-21 21:30:00,8456.276244957107
2019-05-21 22:00:00,8305.494241807355
2019-05-21 22:30:00,8305.494241807355
2019-05-21 23:00:00,8108.825550502198
2019-05-21 23:30:00,7968.653725890343
2019-05-22 00:00:00,7843.881408099336
2019-05-22 00:30:00,7666.576625513684
2019-05-22 01:00:00,7541.019468339585
2019-05-22 01:30:00,7247.447602460148
2019-05-22 02:00:00,7091.596608417018
2019-05-22 02:30:00,6785.745361363309
2019-05-22 03:00:00,6552.123784158917
2019-05-22 03:30:00,6417.305673409305
2019-05-22 04:00:00,6377.076027525642
2019-05-22 04:30:00,6400.544849607543
2019-05-22 05:00:00,6567.418655927243
2019-05-22 05:30:00,6867.9685397952535
2019-05-22 06:00:00,7145.006251217522
2019-05-22 06:30:00,7759.3880833585345
2019-05-22 07:00:00,8384.452094384367
2019-05-22 07:30:00,8643.10989109621
2019-05-22 08:00:00,8729.068940714295
2019-05-22 08:30:00,8482.877334176377
2019-05-22 09:00:00,8227.345198992665
2019-05-22 09:30:00,8091.571604980045
2019-05-22 10:00:00,7904.379177726057
2019-05-22 10:30:00,7842.380166680884
2019-05-22 11:00:00,7697.953918287206
2019-05-22 11:30:00,7596.70041918958
2019-05-22 12:00:00,7534.471583920099
2019-05-22 12:30:00,7562.621366423598
2019-05-22 13:00:00,7582.988975096094
2019-05-22 13:30:00,7612.612941815362
2019-05-22 14:00:00,7666.679772464946
2019-05-22 14:30:00,7786.602580003451
2019-05-22 15:00:00,7927.445536333012
2019-05-22 15:30:00,7972.873286565774
2019-05-22 16:00:00,8133.509951029394
2019-05-22 16:30:00,8293.603392628902
2019-05-22 17:00:00,8623.259409458418
2019-05-22 17:30:00,9001.346238411523
2019-05-22 18:00:00,9345.480854094978
2019-05-22 18:30:00,9253.279601320937
2019-05-22 19:00:00,9151.791815209323
2019-05-22 19:30:00,8936.76605197604
2019-05-22 20:00:00,8720.00108525617
2019-05-22 20:30:00,8565.748308874565
2019-05-22 21:00:00,8384.800807890406
2019-05-22 21:30:00,8171.874585514704
2019-05-22 22:00:00,8056.970209521097
2019-05-22 22:30:00,8056.970209521097
2019-05-22 23:00:00,7899.3715752740045
2019-05-22 23:30:00,7732.579435417403
2019-05-23 00:00:00,7678.249102321651
2019-05-23 00:30:00,7510.452950207538
2019-05-23 01:00:00,7321.966640667472
2019-05-23 01:30:00,7230.965122894493
2019-05-23 02:00:00,6969.639442845116
2019-05-23 02:30:00,6787.699986170996
2019-05-23 03:00:00,6539.037907688668
2019-05-23 03:30:00,6422.351330597815
2019-05-23 04:00:00,6389.766331609598
2019-05-23 04:30:00,6408.653390026347
2019-05-23 05:00:00,6574.965698062436
2019-05-23 05:30:00,6925.990351250419
2019-05-23 06:00:00,7209.010693274544
2019-05-23 06:30:00,7850.769657520301
2019-05-23 07:00:00,8429.546401315225
2019-05-23 07:30:00,8688.556699473214
2019-05-23 08:00:00,8797.955899308172
2019-05-23 08:30:00,8650.63272164063
2019-05-23 09:00:00,8351.071707683457
2019-05-23 09:30:00,8192.368865605282
2019-05-23 10:00:00,8140.8259140227165
2019-05-23 10:30:00,8039.346090635903
2019-05-23 11:00:00,7901.2071012819515
2019-05-23 11:30:00,7795.391331749874
2019-05-23 12:00:00,7753.9693549680005
2019-05-23 12:30:00,7786.757303257149
2019-05-23 13:00:00,7779.106838962037
2019-05-23 13:30:00,7797.0456723932075
2019-05-23 14:00:00,7915.859309286035
2019-05-23 14:30:00,7982.058205771823
2019-05-23 15:00:00,8117.095896374091
2019-05-23 15:30:00,8175.600834949909
2019-05-23 16:00:00,8342.549808369822
2019-05-23 16:30:00,8488.117914731958
2019-05-23 17:00:00,8769.780342696187
2019-05-23 17:30:00,9126.133304131818
2019-05-23 18:00:00,9473.970414201214
2019-05-23 18:30:00,9413.017855982402
2019-05-23 19:00:00,9202.201774918916
2019-05-23 19:30:00,9049.791251480616
2019-05-23 20:00:00,8746.828731161086
2019-05-23 20:30:00,8574.17209134746
2019-05-23 21:00:00,8389.204633579722
2019-05-23 21:30:00,8231.65102936319
2019-05-23 22:00:00,8076.697162172645
2019-05-23 22:30:00,8096.635103552285
2019-05-23 23:00:00,7944.742315658521
2019-05-23 23:30:00,7898.514827797481
2019-05-24 00:00:00,7763.319276830712
2019-05-24 00:30:00,7649.062831748354
2019-05-24 01:00:00,7450.730335025327
2019-05-24 01:30:00,7277.116683702392
2019-05-24 02:00:00,7059.785060970751
2019-05-24 02:30:00,6798.767667226673
2019-05-24 03:00:00,6548.421192791713
2019-05-24 03:30:00,6422.727478018992
2019-05-24 04:00:00,6390.793708199089
2019-05-24 04:30:00,6409.680766615838
2019-05-24 05:00:00,6542.362391951463
2019-05-24 05:30:00,6874.452219774825
2019-05-24 06:00:00,7100.372514452554
2019-05-24 06:30:00,7651.322411428181
2019-05-24 07:00:00,8205.809489005738
2019-05-24 07:30:00,8456.396250823322
2019-05-24 08:00:00,8583.848740144873
2019-05-24 08:30:00,8497.767183405185
2019-05-24 09:00:00,8281.842283460108
2019-05-24 09:30:00,8201.899474586804
2019-05-24 10:00:00,8033.857682592461
2019-05-24 10:30:00,7996.536132605152
2019-05-24 11:00:00,7861.798314349262
2019-05-24 11:30:00,7796.040446337091
2019-05-24 12:00:00,7719.155751242943
2019-05-24 12:30:00,7650.63801762021
2019-05-24 13:00:00,7713.8746620965185
2019-05-24 13:30:00,7692.782444161929
2019-05-24 14:00:00,7792.342572056923
2019-05-24 14:30:00,7833.062368524107
2019-05-24 15:00:00,7963.424235852968
2019-05-24 15:30:00,8114.697027607327
2019-05-24 16:00:00,8192.665607054754
2019-05-24 16:30:00,8357.859803501073
2019-05-24 17:00:00,8559.091998977518
2019-05-24 17:30:00,8884.193288055834
2019-05-24 18:00:00,9160.661615511672
2019-05-24 18:30:00,9052.068480270447
2019-05-24 19:00:00,8919.899052688195
2019-05-24 19:30:00,8733.373270790906
2019-05-24 20:00:00,8523.683553955505
2019-05-24 20:30:00,8386.619235141696
2019-05-24 21:00:00,8339.728807909
2019-05-24 21:30:00,8117.802783412586
2019-05-24 22:00:00,8118.960940182887
2019-05-24 22:30:00,8148.957275063578
2019-05-24 23:00:00,8016.045322350775
2019-05-24 23:30:00,7945.560211302734
2019-05-25 00:00:00,7667.537314647034
2019-05-25 00:30:00,7578.560557472385
2019-05-25 01:00:00,7382.186763903645
2019-05-25 01:30:00,7216.149646825171
2019-05-25 02:00:00,6991.580506617108
2019-05-25 02:30:00,6762.054947729008
2019-05-25 03:00:00,6479.771940030332
2019-05-25 03:30:00,6361.360446912322
2019-05-25 04:00:00,6166.990603726035
2019-05-25 04:30:00,6264.092473530504
2019-05-25 05:00:00,6199.169583522341
2019-05-25 05:30:00,6429.150447342052
2019-05-25 06:00:00,6485.985065216561
2019-05-25 06:30:00,6746.881078438231
2019-05-25 07:00:00,7162.336637350404
2019-05-25 07:30:00,7260.132396625131
2019-05-25 08:00:00,7789.28349738985
2019-05-25 08:30:00,7641.972115561854
2019-05-25 09:00:00,7640.515332587178
2019-05-25 09:30:00,7552.686483996239
2019-05-25 10:00:00,7460.35650628307
2019-05-25 10:30:00,7465.989070689309
2019-05-25 11:00:00,7391.2734569684435
2019-05-25 11:30:00,7345.204352831524
2019-05-25 12:00:00,7241.240686625432
2019-05-25 12:30:00,7187.853033534606
2019-05-25 13:00:00,7225.277185086344
2019-05-25 13:30:00,7223.779583522142
2019-05-25 14:00:00,7241.4586963751035
2019-05-25 14:30:00,7256.8342342823635
2019-05-25 15:00:00,7279.198033357972
2019-05-25 15:30:00,7289.127881401098
2019-05-25 16:00:00,7478.014812654441
2019-05-25 16:30:00,7645.459132995799
2019-05-25 17:00:00,7923.381894509403
2019-05-25 17:30:00,8216.810010395024
2019-05-25 18:00:00,8536.99439060987
2019-05-25 18:30:00,8422.495009989716
2019-05-25 19:00:00,8248.741083005578
2019-05-25 19:30:00,8099.760421933878
2019-05-25 20:00:00,7942.280713991403
2019-05-25 20:30:00,7848.238097734798
2019-05-25 21:00:00,7763.375703460961
2019-05-25 21:30:00,7620.403749214763
2019-05-25 22:00:00,7525.676733024277
2019-05-25 22:30:00,7522.153872893442
2019-05-25 23:00:00,7470.156422133057
2019-05-25 23:30:00,7470.156422133057
2019-05-26 00:00:00,7352.920669674511
2019-05-26 00:30:00,7133.387933068049
2019-05-26 01:00:00,6994.0538333462155
2019-05-26 01:30:00,6762.963475689289
2019-05-26 02:00:00,6635.713856143122
2019-05-26 02:30:00,6357.167594524493
2019-05-26 03:00:00,6119.659624274699
2019-05-26 03:30:00,6006.144266336467
2019-05-26 04:00:00,5939.08943084533
2019-05-26 04:30:00,5939.08943084533
2019-05-26 05:00:00,6024.271043690572
2019-05-26 05:30:00,6102.945014681931
2019-05-26 06:00:00,6138.440054668501
2019-05-26 06:30:00,6502.534608163915
2019-05-26 07:00:00,6694.170003229582
2019-05-26 07:30:00,6943.100696379298
2019-05-26 08:00:00,7155.732024555035
2019-05-26 08:30:00,7236.524117706841
2019-05-26 09:00:00,7311.453086727787
2019-05-26 09:30:00,7285.826993336814
2019-05-26 10:00:00,7157.5828375871115
2019-05-26 10:30:00,7065.229900081922
2019-05-26 11:00:00,6862.434807096076
2019-05-26 11:30:00,6760.455587729648
2019-05-26 12:00:00,6597.336115557308
2019-05-26 12:30:00,6636.467352205617
2019-05-26 13:00:00,6601.315029704781
2019-05-26 13:30:00,6616.59931795921
2019-05-26 14:00:00,6668.5005990139925
2019-05-26 14:30:00,6813.881731539456
2019-05-26 15:00:00,6971.32292490669
2019-05-26 15:30:00,6986.082681635236
2019-05-26 16:00:00,7274.974758211549
2019-05-26 16:30:00,7440.983277174092
2019-05-26 17:00:00,7798.404112999559
2019-05-26 17:30:00,8200.196226941362
2019-05-26 18:00:00,8552.75317596356
2019-05-26 18:30:00,8521.451407082284
2019-05-26 19:00:00,8497.571264024995
2019-05-26 19:30:00,8204.991323572953
2019-05-26 20:00:00,8081.531211097097
2019-05-26 20:30:00,7927.254475189907
2019-05-26 21:00:00,7768.913749248465
2019-05-26 21:30:00,7689.478206629651
2019-05-26 22:00:00,7384.581449993965
2019-05-26 22:30:00,7379.9996863288125
2019-05-26 23:00:00,7192.054494888472
2019-05-26 23:30:00,7101.523618243602
2019-05-27 00:00:00,7163.097586860527
2019-05-27 00:30:00,6986.423945200104
2019-05-27 01:00:00,6926.28121531746
2019-05-27 01:30:00,6754.629886146033
2019-05-27 02:00:00,6451.405133583224
2019-05-27 02:30:00,6272.170701224734
2019-05-27 03:00:00,6146.842480925605
2019-05-27 03:30:00,5992.434053623526
2019-05-27 04:00:00,6033.524893022139
2019-05-27 04:30:00,5991.925350029117
2019-05-27 05:00:00,6315.491658094263
2019-05-27 05:30:00,6382.478758784222
2019-05-27 06:00:00,7263.0933918339615
2019-05-27 06:30:00,7564.238212546193
2019-05-27 07:00:00,8325.001378927142
2019-05-27 07:30:00,8678.337381484343
2019-05-27 08:00:00,8509.05249220921
2019-05-27 08:30:00,9092.081330864368
2019-05-27 09:00:00,8592.083448893916
2019-05-27 09:30:00,8578.918409273063
2019-05-27 10:00:00,8368.431729090189
2019-05-27 10:30:00,8161.452116802033
2019-05-27 11:00:00,7863.979015157497
2019-05-27 11:30:00,7712.036724679045
2019-05-27 12:00:00,7549.6507762202245
2019-05-27 12:30:00,7383.0397690865175
2019-05-27 13:00:00,7455.2809676728675
2019-05-27 13:30:00,7446.6605552483425
2019-05-27 14:00:00,7602.537400186352
2019-05-27 14:30:00,7744.485570326068
2019-05-27 15:00:00,7806.8887875877635
2019-05-27 15:30:00,8084.471163663022
2019-05-27 16:00:00,8334.760944591037
2019-05-27 16:30:00,8661.897759761192
2019-05-27 17:00:00,8950.522814928028
2019-05-27 17:30:00,9352.780966511029
2019-05-27 18:00:00,9599.794161960128
2019-05-27 18:30:00,9643.736117023038
2019-05-27 19:00:00,9524.130208249886
2019-05-27 19:30:00,9326.344024586468
2019-05-27 20:00:00,8874.493225290526
2019-05-27 20:30:00,8773.765687866093
2019-05-27 21:00:00,8536.705880121823
2019-05-27 21:30:00,8343.09911616741
2019-05-27 22:00:00,8198.07051252942
2019-05-27 22:30:00,8197.104950113708
2019-05-27 23:00:00,8061.721210395107
2019-05-27 23:30:00,8092.09897549337
2019-05-28 00:00:00,7814.824697608294
2019-05-28 00:30:00,7665.895843259685
2019-05-28 01:00:00,7434.171993352619
2019-05-28 01:30:00,7269.469029701578
2019-05-28 02:00:00,7045.609379713008
2019-05-28 02:30:00,6689.65311571997
2019-05-28 03:00:00,6407.121250241501
2019-05-28 03:30:00,6359.122829458372
2019-05-28 04:00:00,6312.736096959023
2019-05-28 04:30:00,6403.711362860271
2019-05-28 05:00:00,6549.798548914386
2019-05-28 05:30:00,6980.481398807715
2019-05-28 06:00:00,7435.578062753194
2019-05-28 06:30:00,7972.995038747781
2019-05-28 07:00:00,8685.980456125468
2019-05-28 07:30:00,8797.19807716893
2019-05-28 08:00:00,9006.058013686392
2019-05-28 08:30:00,8911.63392669346
2019-05-28 09:00:00,8651.768776688994
2019-05-28 09:30:00,8562.248429338706
2019-05-28 10:00:00,8357.52632561177
2019-05-28 10:30:00,8292.986185705262
2019-05-28 11:00:00,8160.260801033415
2019-05-28 11:30:00,8113.723518062988
2019-05-28 12:00:00,8144.103838571504
2019-05-28 12:30:00,8257.95950978643
2019-05-28 13:00:00,8272.657453615722
2019-05-28 13:30:00,8331.567088790584
2019-05-28 14:00:00,8348.520200032412
2019-05-28 14:30:00,8473.897701221456
2019-05-28 15:00:00,8420.382319010318
2019-05-28 15:30:00,8471.608911074316
2019-05-28 16:00:00,8776.727236780987
2019-05-28 16:30:00,9074.266722507298
2019-05-28 17:00:00,9554.694458597332
2019-05-28 17:30:00,10146.674763806312
2019-05-28 18:00:00,10783.578733185434
2019-05-28 18:30:00,10783.578733185434
2019-05-28 19:00:00,10569.118483900815
2019-05-28 19:30:00,10388.37506207519
2019-05-28 20:00:00,10088.734207218598
2019-05-28 20:30:00,9871.275438492057
2019-05-28 21:00:00,9646.113508840366
2019-05-28 21:30:00,9429.502948806565
2019-05-28 22:00:00,9042.16853189191
2019-05-28 22:30:00,8912.588145575532
2019-05-28 23:00:00,8527.953937716185
2019-05-28 23:30:00,8403.627862005755
2019-05-29 00:00:00,8317.3396528262
2019-05-29 00:30:00,8109.048894439698
2019-05-29 01:00:00,7929.305360095644
2019-05-29 01:30:00,7699.448876340708
2019-05-29 02:00:00,7524.345843754216
2019-05-29 02:30:00,7151.786349842291
2019-05-29 03:00:00,6941.841507926738
2019-05-29 03:30:00,6703.912217600628
2019-05-29 04:00:00,6654.112763900232
2019-05-29 04:30:00,6742.154095316891
2019-05-29 05:00:00,6857.645782186095
2019-05-29 05:30:00,7198.808038445732
2019-05-29 06:00:00,7664.734512269949
2019-05-29 06:30:00,8492.56255778437
2019-05-29 07:00:00,9213.219110382262
2019-05-29 07:30:00,9591.2588267532
2019-05-29 08:00:00,9762.568506659072
2019-05-29 08:30:00,9586.274303048733
2019-05-29 09:00:00,9182.756914944424
2019-05-29 09:30:00,8966.98558144032
2019-05-29 10:00:00,8708.647832566603
2019-05-29 10:30:00,8488.125914590228
2019-05-29 11:00:00,8325.266540440452
2019-05-29 11:30:00,8230.501465020081
2019-05-29 12:00:00,8104.032675945907
2019-05-29 12:30:00,8080.772531642224
2019-05-29 13:00:00,7982.888003826991
2019-05-29 13:30:00,8027.216556801938
2019-05-29 14:00:00,8095.556173158565
2019-05-29 14:30:00,8186.181174721311
2019-05-29 15:00:00,8280.531262939716
2019-05-29 15:30:00,8414.779113526058
2019-05-29 16:00:00,8738.009150425654
2019-05-29 16:30:00,9071.21661167479
2019-05-29 17:00:00,9499.990872192264
2019-05-29 17:30:00,10058.884440127009
2019-05-29 18:00:00,10598.651288481042
2019-05-29 18:30:00,10702.218229321905
2019-05-29 19:00:00,10562.818604214057
2019-05-29 19:30:00,10382.075182388433
2019-05-29 20:00:00,10080.32767137579
2019-05-29 20:30:00,9983.00645174208
2019-05-29 21:00:00,9690.897298598176
2019-05-29 21:30:00,9393.515074217801
2019-05-29 22:00:00,9078.369628195735
2019-05-29 22:30:00,8927.09013213311
2019-05-29 23:00:00,8556.066290752342
2019-05-29 23:30:00,8437.305346872348
2019-05-30 00:00:00,8346.301086096624
2019-05-30 00:30:00,8230.23087531486
2019-05-30 01:00:00,8041.944430440531
2019-05-30 01:30:00,7772.000371590659
2019-05-30 02:00:00,7529.550900134146
2019-05-30 02:30:00,7205.395313330009
2019-05-30 03:00:00,6951.4689287804
2019-05-30 03:30:00,6790.580942914715
2019-05-30 04:00:00,6656.791901737766
2019-05-30 04:30:00,6700.5613395231085
2019-05-30 05:00:00,6881.460819498012
2019-05-30 05:30:00,7143.577589094351
2019-05-30 06:00:00,7529.265176239328
2019-05-30 06:30:00,8297.399603431117
2019-05-30 07:00:00,9013.194832931344
2019-05-30 07:30:00,9354.366601683634
2019-05-30 08:00:00,9465.813169010598
2019-05-30 08:30:00,9362.102304402666
2019-05-30 09:00:00,9096.83982827975
2019-05-30 09:30:00,8890.022274329529
2019-05-30 10:00:00,8736.162041145883
2019-05-30 10:30:00,8600.101286257037
2019-05-30 11:00:00,8464.45315155959
2019-05-30 11:30:00,8253.878755674008
2019-05-30 12:00:00,8146.089596663994
2019-05-30 12:30:00,8124.255056219308
2019-05-30 13:00:00,8077.672703854554
2019-05-30 13:30:00,8102.894037602479
2019-05-30 14:00:00,8081.710963273206
2019-05-30 14:30:00,8103.212471067599
2019-05-30 15:00:00,8193.78745163082
2019-05-30 15:30:00,8330.030639763963
2019-05-30 16:00:00,8659.57293135199
2019-05-30 16:30:00,8985.400147831666
2019-05-30 17:00:00,9425.427277452734
2019-05-30 17:30:00,9919.335866436559
2019-05-30 18:00:00,10323.11151542294
2019-05-30 18:30:00,10323.11151542294
2019-05-30 19:00:00,10334.44093482168
2019-05-30 19:30:00,10151.750002274714
2019-05-30 20:00:00,9911.91311390938
2019-05-30 20:30:00,9804.159065020864
2019-05-30 21:00:00,9583.493279573393
2019-05-30 21:30:00,9351.191355737092
2019-05-30 22:00:00,9041.266604581146
2019-05-30 22:30:00,8914.19956919253
2019-05-30 23:00:00,8714.089110494917
2019-05-30 23:30:00,8515.42696378183
2019-05-31 00:00:00,8326.786113805403
2019-05-31 00:30:00,8167.064118364035
2019-05-31 01:00:00,7960.959252099337
2019-05-31 01:30:00,7759.473129498953
2019-05-31 02:00:00,7523.716190553154
2019-05-31 02:30:00,7217.9854826132205
2019-05-31 03:00:00,6960.105185166186
2019-05-31 03:30:00,6839.968346066633
2019-05-31 04:00:00,6776.687216316743
2019-05-31 04:30:00,6829.326806694225
2019-05-31 05:00:00,6970.969599518288
2019-05-31 05:30:00,7349.357579727864
2019-05-31 06:00:00,7822.547657246501
2019-05-31 06:30:00,8544.101109501322
2019-05-31 07:00:00,9370.242985404802
2019-05-31 07:30:00,9828.448194313987
2019-05-31 08:00:00,10024.080730949003
2019-05-31 08:30:00,9774.921048724158
2019-05-31 09:00:00,9485.718504847486
2019-05-31 09:30:00,9314.066308543579
2019-05-31 10:00:00,9044.158666325286
2019-05-31 10:30:00,8851.157468527008
2019-05-31 11:00:00,8587.573125424018
2019-05-31 11:30:00,8414.065681983313
2019-05-31 12:00:00,8250.64088649448
2019-05-31 12:30:00,8184.295810916733
2019-05-31 13:00:00,8122.23447485751
2019-05-31 13:30:00,8122.23447485751
2019-05-31 14:00:00,8130.146118866875
2019-05-31 14:30:00,8132.042717931921
2019-05-31 15:00:00,8249.086660880863
2019-05-31 15:30:00,8342.463580744485
2019-05-31 16:00:00,8726.150476043464
2019-05-31 16:30:00,9114.950784717395
2019-05-31 17:00:00,9601.11558825528
2019-05-31 17:30:00,10202.181260296999
2019-05-31 18:00:00,10797.952570347978
2019-05-31 18:30:00,10797.952570347978
2019-05-31 19:00:00,10723.739219531102
2019-05-31 19:30:00,10719.15745586595
2019-05-31 20:00:00,10491.371375106732
2019-05-31 20:30:00,10378.50809719264
2019-05-31 21:00:00,10232.066869465181
2019-05-31 21:30:00,9868.772417734453
2019-05-31 22:00:00,9712.626539271138
2019-05-31 22:30:00,9531.750571995646
2019-05-31 23:00:00,9211.769316713591
2019-05-31 23:30:00,8976.648462032334
2019-06-01 00:00:00,8887.197974747425
2019-06-01 00:30:00,8776.02756230296
2019-06-01 01:00:00,8477.803728621635
2019-06-01 01:30:00,8224.814739329231
2019-06-01 02:00:00,7881.8471610066545
2019-06-01 02:30:00,7650.079153604255
2019-06-01 03:00:00,7340.513018395698
2019-06-01 03:30:00,7131.660304388983
2019-06-01 04:00:00,6947.485326827749
2019-06-01 04:30:00,7015.857628283814
2019-06-01 05:00:00,6980.813608639899
2019-06-01 05:30:00,7350.600637540669
2019-06-01 06:00:00,7309.307061803939
2019-06-01 06:30:00,7999.988124046858
2019-06-01 07:00:00,8324.585584160377
2019-06-01 07:30:00,8807.690572856083
2019-06-01 08:00:00,9507.424766117962
2019-06-01 08:30:00,9385.66819688146
2019-06-01 09:00:00,9446.072397096132
2019-06-01 09:30:00,9214.180450676968
2019-06-01 10:00:00,8885.823007851015
2019-06-01 10:30:00,8652.146714429311
2019-06-01 11:00:00,8407.469646389769
2019-06-01 11:30:00,8111.999360730199
2019-06-01 12:00:00,7933.178597812649
2019-06-01 12:30:00,7846.426521192057
2019-06-01 13:00:00,7769.5563903150805
2019-06-01 13:30:00,7770.854461361626
2019-06-01 14:00:00,7725.742240946265
2019-06-01 14:30:00,7813.571089537204
2019-06-01 15:00:00,7905.632122769225
2019-06-01 15:30:00,7954.780845965613
2019-06-01 16:00:00,8143.438932754087
2019-06-01 16:30:00,8537.669078069579
2019-06-01 17:00:00,9090.854631245717
2019-06-01 17:30:00,9577.624439674084
2019-06-01 18:00:00,10136.7993747013
2019-06-01 18:30:00,10180.786326373971
2019-06-01 19:00:00,9927.88903015667
2019-06-01 19:30:00,9903.770736485229
2019-06-01 20:00:00,9620.379554567973
2019-06-01 20:30:00,9516.204182007421
2019-06-01 21:00:00,9416.091267841375
2019-06-01 21:30:00,9303.598337613414
2019-06-01 22:00:00,8959.413563569044
2019-06-01 22:30:00,8909.83840237555
2019-06-01 23:00:00,8547.846564565049
2019-06-01 23:30:00,8444.776885401374
2019-06-02 00:00:00,8295.173533033643
2019-06-02 00:30:00,8066.360589422319
2019-06-02 01:00:00,7907.891745730856
2019-06-02 01:30:00,7649.246101446028
2019-06-02 02:00:00,7352.042450563188
2019-06-02 02:30:00,7122.147256469711
2019-06-02 03:00:00,6942.455217860077
2019-06-02 03:30:00,6786.477479719552
2019-06-02 04:00:00,6637.433882326577
2019-06-02 04:30:00,6632.061228178311
2019-06-02 05:00:00,6652.3859066334435
2019-06-02 05:30:00,6812.085523880904
2019-06-02 06:00:00,6857.513824591025
2019-06-02 06:30:00,7220.994437825649
2019-06-02 07:00:00,7433.581246254974
2019-06-02 07:30:00,7960.924098230755
2019-06-02 08:00:00,8190.118804634907
2019-06-02 08:30:00,8419.55151571267
2019-06-02 09:00:00,8446.212361060028
2019-06-02 09:30:00,8363.953573188965
2019-06-02 10:00:00,8277.895404966097
2019-06-02 10:30:00,8099.363761139485
2019-06-02 11:00:00,8002.0746194456615
2019-06-02 11:30:00,7857.618856182072
2019-06-02 12:00:00,7723.761663787774
2019-06-02 12:30:00,7735.0134383774775
2019-06-02 13:00:00,7576.46134720336
2019-06-02 13:30:00,7575.363995731642
2019-06-02 14:00:00,7604.41223686325
2019-06-02 14:30:00,7604.41223686325
2019-06-02 15:00:00,7728.307038120707
2019-06-02 15:30:00,7882.895419300222
2019-06-02 16:00:00,8165.992208965296
2019-06-02 16:30:00,8413.857484226726
2019-06-02 17:00:00,8983.193140864147
2019-06-02 17:30:00,9523.52182780098
2019-06-02 18:00:00,9899.652491623334
2019-06-02 18:30:00,9899.652491623334
2019-06-02 19:00:00,9773.292802891568
2019-06-02 19:30:00,9596.252834769984
2019-06-02 20:00:00,9315.214056143164
2019-06-02 20:30:00,9205.152496422901
2019-06-02 21:00:00,8983.198938912748
2019-06-02 21:30:00,8805.73226276293
2019-06-02 22:00:00,8515.921983248669
2019-06-02 22:30:00,8445.596722197131
2019-06-02 23:00:00,8269.281895084325
2019-06-02 23:30:00,8158.217061942777
2019-06-03 00:00:00,8091.979848200429
2019-06-03 00:30:00,7773.051350303134
2019-06-03 01:00:00,7584.969894301244
2019-06-03 01:30:00,7440.352617829814
2019-06-03 02:00:00,7302.344632975094
2019-06-03 02:30:00,7075.148377679647
2019-06-03 03:00:00,6884.368359899118
2019-06-03 03:30:00,6751.783183363126
2019-06-03 04:00:00,6796.682384397249
2019-06-03 04:30:00,6796.682384397249
2019-06-03 05:00:00,7089.418153498403
2019-06-03 05:30:00,7253.469444125482
2019-06-03 06:00:00,8105.612758662584
2019-06-03 06:30:00,8292.179016700795
2019-06-03 07:00:00,9274.819281693033
2019-06-03 07:30:00,9460.082304983769
2019-06-03 08:00:00,9817.364256119801
2019-06-03 08:30:00,9909.227259815107
2019-06-03 09:00:00,9515.683619334468
2019-06-03 09:30:00,9466.738553707433
2019-06-03 10:00:00,9255.375050484823
2019-06-03 10:30:00,9106.64919780244
2019-06-03 11:00:00,8997.297082307694
2019-06-03 11:30:00,8986.434935363463
2019-06-03 12:00:00,8739.994929716573
2019-06-03 12:30:00,8722.01739399049
2019-06-03 13:00:00,8766.147783876911
2019-06-03 13:30:00,8716.219743188227
2019-06-03 14:00:00,8801.07851170928
2019-06-03 14:30:00,8860.050936025737
2019-06-03 15:00:00,8959.688260782295
2019-06-03 15:30:00,9031.477811606552
2019-06-03 16:00:00,9321.714740049501
2019-06-03 16:30:00,9601.555082732924
2019-06-03 17:00:00,9986.36624220575
2019-06-03 17:30:00,10373.038147773275
2019-06-03 18:00:00,10775.414326900578
2019-06-03 18:30:00,10775.414326900578
2019-06-03 19:00:00,10522.053710330858
2019-06-03 19:30:00,10397.672431227022
2019-06-03 20:00:00,10004.092208150252
2019-06-03 20:30:00,9944.51157800375
2019-06-03 21:00:00,9774.79875439294
2019-06-03 21:30:00,9426.71967104339
2019-06-03 22:00:00,9206.946011540007
2019-06-03 22:30:00,8939.322857691715
2019-06-03 23:00:00,8573.692298367823
2019-06-03 23:30:00,8522.297157364388
2019-06-04 00:00:00,8363.323917504109
2019-06-04 00:30:00,8128.021981004724
2019-06-04 01:00:00,7941.826496767457
2019-06-04 01:30:00,7866.44676440062
2019-06-04 02:00:00,7532.274469544526
2019-06-04 02:30:00,7325.563276286829
2019-06-04 03:00:00,7010.1259685612295
2019-06-04 03:30:00,6909.503000302784
2019-06-04 04:00:00,6768.955043818776
2019-06-04 04:30:00,6894.967404120838
2019-06-04 05:00:00,7026.605405596471
2019-06-04 05:30:00,7348.641798347627
2019-06-04 06:00:00,7923.31313940395
2019-06-04 06:30:00,8452.815424572498
2019-06-04 07:00:00,9065.020352789097
2019-06-04 07:30:00,9448.751286039767
2019-06-04 08:00:00,9735.594951339335
2019-06-04 08:30:00,9699.866775373386
2019-06-04 09:00:00,9414.983787898012
2019-06-04 09:30:00,9271.882701783446
2019-06-04 10:00:00,9114.31980894607
2019-06-04 10:30:00,8962.364228328935
2019-06-04 11:00:00,8849.122896596937
2019-06-04 11:30:00,8787.486343591452
2019-06-04 12:00:00,8817.347338043377
2019-06-04 12:30:00,8798.762837521133
2019-06-04 13:00:00,8807.581061760306
2019-06-04 13:30:00,8785.669214314014
2019-06-04 14:00:00,8784.982209691714
2019-06-04 14:30:00,8803.905102573737
2019-06-04 15:00:00,8803.698068239793
2019-06-04 15:30:00,8881.800827759016
2019-06-04 16:00:00,9174.866083345247
2019-06-04 16:30:00,9533.572569809174
2019-06-04 17:00:00,10137.563056683188
2019-06-04 17:30:00,10766.552754024351
2019-06-04 18:00:00,11284.095231797402
2019-06-04 18:30:00,11291.094487703098
2019-06-04 19:00:00,11249.441187842556
2019-06-04 19:30:00,11037.35991750461
2019-06-04 20:00:00,10708.540153222279
2019-06-04 20:30:00,10547.305710627541
2019-06-04 21:00:00,10312.37716467475
2019-06-04 21:30:00,10113.403307377035
2019-06-04 22:00:00,9719.031026704622
2019-06-04 22:30:00,9545.968991831654
2019-06-04 23:00:00,9158.107172258864
2019-06-04 23:30:00,9066.123848796711
2019-06-05 00:00:00,8687.601140912266
2019-06-05 00:30:00,8424.997381592153
2019-06-05 01:00:00,8254.231122583604
2019-06-05 01:30:00,8115.904960644933
2019-06-05 02:00:00,7777.847646152902
2019-06-05 02:30:00,7515.917080867695
2019-06-05 03:00:00,7218.01234769939
2019-06-05 03:30:00,7100.13857739901
2019-06-05 04:00:00,7000.39477511183
2019-06-05 04:30:00,7000.39477511183
2019-06-05 05:00:00,7138.868602586645
2019-06-05 05:30:00,7496.924349481852
2019-06-05 06:00:00,8000.047719545057
2019-06-05 06:30:00,8819.729958215219
2019-06-05 07:00:00,9549.95488917616
2019-06-05 07:30:00,10050.982083146326
2019-06-05 08:00:00,10364.401013558716
2019-06-05 08:30:00,10344.631264619404
2019-06-05 09:00:00,10178.565443184843
2019-06-05 09:30:00,10145.485137797688
2019-06-05 10:00:00,10124.749539511064
2019-06-05 10:30:00,10028.068940345871
2019-06-05 11:00:00,9913.476689987232
2019-06-05 11:30:00,9804.972592055077
2019-06-05 12:00:00,9534.632295794516
2019-06-05 12:30:00,9500.297028450837
2019-06-05 13:00:00,9396.16937818729
2019-06-05 13:30:00,9396.16937818729
2019-06-05 14:00:00,9334.248376846013
2019-06-05 14:30:00,9199.885882322103
2019-06-05 15:00:00,9321.774288317156
2019-06-05 15:30:00,9499.485039948695
2019-06-05 16:00:00,9810.496423324079
2019-06-05 16:30:00,10043.410591052396
2019-06-05 17:00:00,10717.279532380058
2019-06-05 17:30:00,11248.856492057435
2019-06-05 18:00:00,11692.21674021751
2019-06-05 18:30:00,11692.21674021751
2019-06-05 19:00:00,11619.0696633037
2019-06-05 19:30:00,11618.954376765083
2019-06-05 20:00:00,11333.883692953139
2019-06-05 20:30:00,11002.756073282917
2019-06-05 21:00:00,10640.234290041502
2019-06-05 21:30:00,10308.065639692302
2019-06-05 22:00:00,9966.738846463619
2019-06-05 22:30:00,9748.041830308919
2019-06-05 23:00:00,9387.463133237901
2019-06-05 23:30:00,9143.328056622287
2019-06-06 00:00:00,8922.830063944908
2019-06-06 00:30:00,8715.3418234754
2019-06-06 01:00:00,8405.438219641408
2019-06-06 01:30:00,8196.586423428469
2019-06-06 02:00:00,8001.712432862949
2019-06-06 02:30:00,7602.647730776957
2019-06-06 03:00:00,7250.531414983821
2019-06-06 03:30:00,7156.360674218341
2019-06-06 04:00:00,6991.485540858175
2019-06-06 04:30:00,7095.858552459799
2019-06-06 05:00:00,7186.110848077789
2019-06-06 05:30:00,7652.311919741899
2019-06-06 06:00:00,8071.8027401941
2019-06-06 06:30:00,8875.675825181283
2019-06-06 07:00:00,9631.909586484297
2019-06-06 07:30:00,10113.470618383028
2019-06-06 08:00:00,10426.206806105993
2019-06-06 08:30:00,10426.206806105993
2019-06-06 09:00:00,10135.148629519597
2019-06-06 09:30:00,10038.877063195987
2019-06-06 10:00:00,9914.1485044092
2019-06-06 10:30:00,9830.856188142
2019-06-06 11:00:00,9793.17865607138
2019-06-06 11:30:00,9483.830787764311
2019-06-06 12:00:00,9132.511870417346
2019-06-06 12:30:00,8978.449752684253
2019-06-06 13:00:00,8823.994844567225
2019-06-06 13:30:00,8791.413051155847
2019-06-06 14:00:00,8785.366674993546
2019-06-06 14:30:00,8826.00431546317
2019-06-06 15:00:00,8909.118554809695
2019-06-06 15:30:00,9001.258460996076
2019-06-06 16:00:00,9272.9870803786
2019-06-06 16:30:00,9541.596624606198
2019-06-06 17:00:00,10123.467019349784
2019-06-06 17:30:00,10889.95416629925
2019-06-06 18:00:00,11360.732475950865
2019-06-06 18:30:00,11360.732475950865
2019-06-06 19:00:00,11344.465366569537
2019-06-06 19:30:00,11047.028271665948
2019-06-06 20:00:00,10808.011908118939
2019-06-06 20:30:00,10690.05737220152
2019-06-06 21:00:00,10380.880983571256
2019-06-06 21:30:00,10117.886652968988
2019-06-06 22:00:00,9862.663323642455
2019-06-06 22:30:00,9663.675784548592
2019-06-06 23:00:00,9339.953262651496
2019-06-06 23:30:00,9072.46924187723
2019-06-07 00:00:00,8945.69260295277
2019-06-07 00:30:00,8728.864183719505
2019-06-07 01:00:00,8439.018524908204
2019-06-07 01:30:00,8214.311712075136
2019-06-07 02:00:00,8043.8647087064255
2019-06-07 02:30:00,7735.572678252632
2019-06-07 03:00:00,7452.974835878033
2019-06-07 03:30:00,7277.991741654448
2019-06-07 04:00:00,7191.103878347456
2019-06-07 04:30:00,7186.779032985109
2019-06-07 05:00:00,7370.784875296355
2019-06-07 05:30:00,7792.747537492747
2019-06-07 06:00:00,8228.62470121553
2019-06-07 06:30:00,9068.532810464354
2019-06-07 07:00:00,9878.30286231748
2019-06-07 07:30:00,10480.39910260964
2019-06-07 08:00:00,10592.983787576117
2019-06-07 08:30:00,10446.997971394067
2019-06-07 09:00:00,10176.42435817168
2019-06-07 09:30:00,9929.835055555754
2019-06-07 10:00:00,9564.995073553955
2019-06-07 10:30:00,9312.255610422684
2019-06-07 11:00:00,8992.947127130572
2019-06-07 11:30:00,8725.086042387333
2019-06-07 12:00:00,8450.418370877214
2019-06-07 12:30:00,8338.329375693458
2019-06-07 13:00:00,8264.235341257188
2019-06-07 13:30:00,8264.235341257188
2019-06-07 14:00:00,8234.808486235885
2019-06-07 14:30:00,8264.235341257188
2019-06-07 15:00:00,8286.92863217533
2019-06-07 15:30:00,8485.172717633408
2019-06-07 16:00:00,8768.055072590325
2019-06-07 16:30:00,9174.787635626759
2019-06-07 17:00:00,9675.768309024554
2019-06-07 17:30:00,10322.205315937203
2019-06-07 18:00:00,10790.114499529056
2019-06-07 18:30:00,10934.985690520534
2019-06-07 19:00:00,10846.90246311525
2019-06-07 19:30:00,10648.701344603282
2019-06-07 20:00:00,10592.24806864405
2019-06-07 20:30:00,10403.47482511831
2019-06-07 21:00:00,10252.726480586196
2019-06-07 21:30:00,10000.089619322018
2019-06-07 22:00:00,9756.416564175048
2019-06-07 22:30:00,9613.041079887187
2019-06-07 23:00:00,9246.248828549093
2019-06-07 23:30:00,9060.601173636685
2019-06-08 00:00:00,8688.38712133612
2019-06-08 00:30:00,8577.216708891654
2019-06-08 01:00:00,8249.49983945412
2019-06-08 01:30:00,8020.113417869805
2019-06-08 02:00:00,7766.850401123903
2019-06-08 02:30:00,7535.082393721504
2019-06-08 03:00:00,7286.017599497657
2019-06-08 03:30:00,7114.21156615917
2019-06-08 04:00:00,6934.094725373018
2019-06-08 04:30:00,6962.286742050818
2019-06-08 05:00:00,6885.36758739717
2019-06-08 05:30:00,7164.233672056411
2019-06-08 06:00:00,6974.861514421525
2019-06-08 06:30:00,7607.338326786755
2019-06-08 07:00:00,8227.189772178965
2019-06-08 07:30:00,8869.144307772764
2019-06-08 08:00:00,9132.912692073236
2019-06-08 08:30:00,9052.649810729268
2019-06-08 09:00:00,9294.99471886335
2019-06-08 09:30:00,9108.579519778259
2019-06-08 10:00:00,8944.43534329595
2019-06-08 10:30:00,8670.30062455072
2019-06-08 11:00:00,8464.144190996341
2019-06-08 11:30:00,8314.809901195804
2019-06-08 12:00:00,8067.989110047561
2019-06-08 12:30:00,7937.46299067862
2019-06-08 13:00:00,7984.601890914831
2019-06-08 13:30:00,7933.732054752466
2019-06-08 14:00:00,7895.460138955014
2019-06-08 14:30:00,7860.042783320537
2019-06-08 15:00:00,7926.124226052789
2019-06-08 15:30:00,7961.745231931989
2019-06-08 16:00:00,8239.894455672455
2019-06-08 16:30:00,8527.63884993965
2019-06-08 17:00:00,9106.187467479374
2019-06-08 17:30:00,9537.458532324876
2019-06-08 18:00:00,10005.677756907859
2019-06-08 18:30:00,9856.226490798557
2019-06-08 19:00:00,9789.629917811919
2019-06-08 19:30:00,9529.157531634608
2019-06-08 20:00:00,9329.23971522139
2019-06-08 20:30:00,9244.172528325138
2019-06-08 21:00:00,8941.281269595396
2019-06-08 21:30:00,8800.063877516437
2019-06-08 22:00:00,8524.785604780443
2019-06-08 22:30:00,8527.68627171993
2019-06-08 23:00:00,8247.3763531403
2019-06-08 23:30:00,8093.7800223059785
2019-06-09 00:00:00,8151.976476694834
2019-06-09 00:30:00,8011.387653036984
2019-06-09 01:00:00,7861.970571541485
2019-06-09 01:30:00,7493.408129924296
2019-06-09 02:00:00,7298.000726680748
2019-06-09 02:30:00,6989.428298375936
2019-06-09 03:00:00,6723.164781923236
2019-06-09 03:30:00,6625.981412593195
2019-06-09 04:00:00,6481.876496417149
2019-06-09 04:30:00,6472.390641253877
2019-06-09 05:00:00,6487.182421003764
2019-06-09 05:30:00,6595.814170379836
2019-06-09 06:00:00,6629.99774716903
2019-06-09 06:30:00,6996.885893615389
2019-06-09 07:00:00,7210.541933291704
2019-06-09 07:30:00,7598.160988813952
2019-06-09 08:00:00,7995.022133173015
2019-06-09 08:30:00,8323.45558689978
2019-06-09 09:00:00,8669.000831676129
2019-06-09 09:30:00,8826.338633710944
2019-06-09 10:00:00,8932.401868958244
2019-06-09 10:30:00,8894.076880825922
2019-06-09 11:00:00,8819.394098330098
2019-06-09 11:30:00,8737.684211394971
2019-06-09 12:00:00,8567.495577590511
2019-06-09 12:30:00,8643.166803370243
2019-06-09 13:00:00,8476.474250728175
2019-06-09 13:30:00,8396.449416001105
2019-06-09 14:00:00,8288.314162917417
2019-06-09 14:30:00,8340.361842731056
2019-06-09 15:00:00,8302.074102373534
2019-06-09 15:30:00,8413.795235265909
2019-06-09 16:00:00,8593.077826598477
2019-06-09 16:30:00,8800.565684172649
2019-06-09 17:00:00,9455.132319474
2019-06-09 17:30:00,9706.203906443709
2019-06-09 18:00:00,10227.489354895313
2019-06-09 18:30:00,10210.907797281312
2019-06-09 19:00:00,10016.511281842682
2019-06-09 19:30:00,9742.483559117612
2019-06-09 20:00:00,9663.057190935995
2019-06-09 20:30:00,9409.929824876639
2019-06-09 21:00:00,9170.065694054787
2019-06-09 21:30:00,8990.654036928197
2019-06-09 22:00:00,8648.27266400899
2019-06-09 22:30:00,8570.765778788857
2019-06-09 23:00:00,8260.818609950384
2019-06-09 23:30:00,8149.753776808835
2019-06-10 00:00:00,7862.468196600488
2019-06-10 00:30:00,7413.014020862521
2019-06-10 01:00:00,7285.904759670107
2019-06-10 01:30:00,7118.228481044859
2019-06-10 02:00:00,7002.396497049635
2019-06-10 02:30:00,6662.3782262294635
2019-06-10 03:00:00,6480.28913819883
2019-06-10 03:30:00,6504.879285365035
2019-06-10 04:00:00,6415.358907561343
2019-06-10 04:30:00,6381.889787466272
2019-06-10 05:00:00,6426.580382081273
2019-06-10 05:30:00,6525.009613671079
2019-06-10 06:00:00,6746.389926800103
2019-06-10 06:30:00,6924.166797681515
2019-06-10 07:00:00,7652.167258878636
2019-06-10 07:30:00,7734.272152393161
2019-06-10 08:00:00,8114.688727867606
2019-06-10 08:30:00,8203.073835784531
2019-06-10 09:00:00,8028.456352732019
2019-06-10 09:30:00,7947.485206824172
2019-06-10 10:00:00,8042.123638686951
2019-06-10 10:30:00,7864.648419337808
2019-06-10 11:00:00,7648.267253353561
2019-06-10 11:30:00,7618.869300509718
2019-06-10 12:00:00,7392.6220748251035
2019-06-10 12:30:00,7196.409829727398
2019-06-10 13:00:00,7252.485648170722
2019-06-10 13:30:00,7252.485648170722
2019-06-10 14:00:00,7300.415714978557
2019-06-10 14:30:00,7403.513821253694
2019-06-10 15:00:00,7474.312003055934
2019-06-10 15:30:00,7660.0954902140875
2019-06-10 16:00:00,7874.920598065876
2019-06-10 16:30:00,8026.889553401531
2019-06-10 17:00:00,8494.268494471062
2019-06-10 17:30:00,8788.108497999243
2019-06-10 18:00:00,9453.334983879357
2019-06-10 18:30:00,9528.572248738279
2019-06-10 19:00:00,9220.841905739408
2019-06-10 19:30:00,8947.56229284433
2019-06-10 20:00:00,8691.894302444129
2019-06-10 20:30:00,8669.266991722772
2019-06-10 21:00:00,8529.992817883838
2019-06-10 21:30:00,8374.38345601641
2019-06-10 22:00:00,8195.826927139728
2019-06-10 22:30:00,7952.840932369842
2019-06-10 23:00:00,7820.712436339806
2019-06-10 23:30:00,7750.686968629466
2019-06-11 00:00:00,8401.891367027565
2019-06-11 00:30:00,8178.516042354595
2019-06-11 01:00:00,7937.558901768885
2019-06-11 01:30:00,7706.004194262431
2019-06-11 02:00:00,7419.807045536506
2019-06-11 02:30:00,7152.997865875616
2019-06-11 03:00:00,6801.956355047897
2019-06-11 03:30:00,6648.441588116778
2019-06-11 04:00:00,6481.1451507984975
2019-06-11 04:30:00,6481.1451507984975
2019-06-11 05:00:00,6494.5720194271335
2019-06-11 05:30:00,6640.864205681499
2019-06-11 06:00:00,7074.960960823646
2019-06-11 06:30:00,7212.577118841809
2019-06-11 07:00:00,8276.078302865046
2019-06-11 07:30:00,8469.36689497228
2019-06-11 08:00:00,8514.912542616852
2019-06-11 08:30:00,8492.484301303255
2019-06-11 09:00:00,8527.252942714851
2019-06-11 09:30:00,8598.213721761133
2019-06-11 10:00:00,8263.231975422774
2019-06-11 10:30:00,8348.684298226055
2019-06-11 11:00:00,8119.200641124637
2019-06-11 11:30:00,8037.497207712622
2019-06-11 12:00:00,8017.091457913882
2019-06-11 12:30:00,8025.6280207175505
2019-06-11 13:00:00,8081.661299865049
2019-06-11 13:30:00,8067.053641853247
2019-06-11 14:00:00,8075.317064008556
2019-06-11 14:30:00,8051.050096644753
2019-06-11 15:00:00,8072.090130392996
2019-06-11 15:30:00,8159.755573261665
2019-06-11 16:00:00,8239.468033136971
2019-06-11 16:30:00,8391.5044567438
2019-06-11 17:00:00,8831.532125228272
2019-06-11 17:30:00,9249.11116832576
2019-06-11 18:00:00,9605.007589089215
2019-06-11 18:30:00,9527.287999398388
2019-06-11 19:00:00,9424.929877270495
2019-06-11 19:30:00,9267.582358032561
2019-06-11 20:00:00,9038.281202288117
2019-06-11 20:30:00,8950.621094645327
2019-06-11 21:00:00,8845.17731944363
2019-06-11 21:30:00,8703.375779694488
2019-06-11 22:00:00,8585.664919780009
2019-06-11 22:30:00,8492.9681933046
2019-06-11 23:00:00,8329.116272989393
2019-06-11 23:30:00,8243.25213266696
2019-06-12 00:00:00,7826.853196859135
2019-06-12 00:30:00,7712.596751776778
2019-06-12 01:00:00,7469.246828531495
2019-06-12 01:30:00,7280.871372756315
2019-06-12 02:00:00,7079.3988039749165
2019-06-12 02:30:00,6838.0594388365935
2019-06-12 03:00:00,6597.562585751379
2019-06-12 03:30:00,6550.360283921642
2019-06-12 04:00:00,6469.429242400597
2019-06-12 04:30:00,6454.529112573388
2019-06-12 05:00:00,6599.283603760429
2019-06-12 05:30:00,6950.308256948412
2019-06-12 06:00:00,7315.145297411715
2019-06-12 06:30:00,8152.086801904504
2019-06-12 07:00:00,8823.827879604949
2019-06-12 07:30:00,9302.526894417704
2019-06-12 08:00:00,9522.883757927868
2019-06-12 08:30:00,9380.32205342929
2019-06-12 09:00:00,9079.669316178006
2019-06-12 09:30:00,8881.66569955528
2019-06-12 10:00:00,8599.512270291578
2019-06-12 10:30:00,8441.159578566774
2019-06-12 11:00:00,8268.742080012495
2019-06-12 11:30:00,8058.479064484998
2019-06-12 12:00:00,7902.818920849321
2019-06-12 12:30:00,7793.680145150568
2019-06-12 13:00:00,7831.188284835338
2019-06-12 13:30:00,7745.942183136609
2019-06-12 14:00:00,7841.138346891468
2019-06-12 14:30:00,7859.635693856043
2019-06-12 15:00:00,7895.217376035299
2019-06-12 15:30:00,8026.40359402471
2019-06-12 16:00:00,8338.207370454931
2019-06-12 16:30:00,8533.29753368789
2019-06-12 17:00:00,8994.093754655305
2019-06-12 17:30:00,9526.198880628137
2019-06-12 18:00:00,9998.199162306026
2019-06-12 18:30:00,10009.87305525463
2019-06-12 19:00:00,9883.982365725384
2019-06-12 19:30:00,9701.638939668748
2019-06-12 20:00:00,9501.064970807904
2019-06-12 20:30:00,9332.984421810525
2019-06-12 21:00:00,9195.152047838523
2019-06-12 21:30:00,9009.309737328778
2019-06-12 22:00:00,8686.655526401832
2019-06-12 22:30:00,8625.018973396347
2019-06-12 23:00:00,8329.662543616723
2019-06-12 23:30:00,8256.95410039954
2019-06-13 00:00:00,8113.946460507022
2019-06-13 00:30:00,7940.617279539404
2019-06-13 01:00:00,7736.5010633391485
2019-06-13 01:30:00,7505.506145810617
2019-06-13 02:00:00,7208.795688836581
2019-06-13 02:30:00,6939.304894037118
2019-06-13 03:00:00,6665.094993606755
2019-06-13 03:30:00,6525.38027467422
2019-06-13 04:00:00,6452.425945195761
2019-06-13 04:30:00,6479.936768167452
2019-06-13 05:00:00,6612.495388082105
2019-06-13 05:30:00,6908.869064582337
2019-06-13 06:00:00,7382.180668082597
2019-06-13 06:30:00,8166.599424951762
2019-06-13 07:00:00,8920.477877993468
2019-06-13 07:30:00,9258.684159581324
2019-06-13 08:00:00,9485.48578739539
2019-06-13 08:30:00,9449.376186267871
2019-06-13 09:00:00,9184.964785435508
2019-06-13 09:30:00,9000.133689740002
2019-06-13 10:00:00,8781.98212685575
2019-06-13 10:30:00,8500.425436945148
2019-06-13 11:00:00,8411.420898606259
2019-06-13 11:30:00,8196.358975609264
2019-06-13 12:00:00,8147.836599696958
2019-06-13 12:30:00,8076.095590851918
2019-06-13 13:00:00,8017.729287187246
2019-06-13 13:30:00,8111.829987479022
2019-06-13 14:00:00,8029.965950080304
2019-06-13 14:30:00,8003.4803118729815
2019-06-13 15:00:00,8127.8393533476055
2019-06-13 15:30:00,8137.051321226947
2019-06-13 16:00:00,8299.274722434613
2019-06-13 16:30:00,8531.261986594478
2019-06-13 17:00:00,8933.453369068702
2019-06-13 17:30:00,9445.248742771457
2019-06-13 18:00:00,9916.04606044192
2019-06-13 18:30:00,9826.029665171283
2019-06-13 19:00:00,9734.338139813583
2019-06-13 19:30:00,9507.602820148313
2019-06-13 20:00:00,9275.20971773408
2019-06-13 20:30:00,9132.191525533475
2019-06-13 21:00:00,8885.925871853377
2019-06-13 21:30:00,8653.578362511069
2019-06-13 22:00:00,8333.966678806877
2019-06-13 22:30:00,8333.966678806877
2019-06-13 23:00:00,8113.596363939943
2019-06-13 23:30:00,8072.223442957644
2019-06-14 00:00:00,7933.676041372924
2019-06-14 00:30:00,7747.4332108363715
2019-06-14 01:00:00,7528.959813753996
2019-06-14 01:30:00,7307.456962273389
2019-06-14 02:00:00,7170.733513944335
2019-06-14 02:30:00,6867.002967441509
2019-06-14 03:00:00,6556.521286309313
2019-06-14 03:30:00,6420.947650801711
2019-06-14 04:00:00,6302.3140226738815
2019-06-14 04:30:00,6302.3140226738815
2019-06-14 05:00:00,6479.445260744574
2019-06-14 05:30:00,6804.8033991232
2019-06-14 06:00:00,7141.415280700463
2019-06-14 06:30:00,7837.699052112526
2019-06-14 07:00:00,8488.747801906933
2019-06-14 07:30:00,8749.938980268369
2019-06-14 08:00:00,8948.340543350438
2019-06-14 08:30:00,8948.340543350438
2019-06-14 09:00:00,8746.624735648578
2019-06-14 09:30:00,8592.371959266973
2019-06-14 10:00:00,8507.451601158187
2019-06-14 10:30:00,8431.146595029357
2019-06-14 11:00:00,8218.900009267081
2019-06-14 11:30:00,8135.058960464954
2019-06-14 12:00:00,8115.630950388722
2019-06-14 12:30:00,8057.853485683967
2019-06-14 13:00:00,8002.892961675659
2019-06-14 13:30:00,8002.892961675659
2019-06-14 14:00:00,8004.446915316675
2019-06-14 14:30:00,7916.129236960121
2019-06-14 15:00:00,7969.270390229956
2019-06-14 15:30:00,8097.885062116154
2019-06-14 16:00:00,8196.224862330451
2019-06-14 16:30:00,8383.434360652787
2019-06-14 17:00:00,8726.845463508727
2019-06-14 17:30:00,9205.792048888288
2019-06-14 18:00:00,9411.147904201804
2019-06-14 18:30:00,9413.508052315403
2019-06-14 19:00:00,9263.496458647536
2019-06-14 19:30:00,9103.401417181316
2019-06-14 20:00:00,9009.297073208494
2019-06-14 20:30:00,8949.115055274766
2019-06-14 21:00:00,8863.463549347187
2019-06-14 21:30:00,8675.718791578194
2019-06-14 22:00:00,8538.736294108417
2019-06-14 22:30:00,8538.736294108417
2019-06-14 23:00:00,8321.277064009468
2019-06-14 23:30:00,8261.419097771015
2019-06-15 00:00:00,8006.561704729706
2019-06-15 00:30:00,7923.465650287657
2019-06-15 01:00:00,7750.109604518416
2019-06-15 01:30:00,7591.960113670094
2019-06-15 02:00:00,7299.479927201105
2019-06-15 02:30:00,7056.769052765932
2019-06-15 03:00:00,6736.696273526728
2019-06-15 03:30:00,6630.31589287249
2019-06-15 04:00:00,6453.923723725442
2019-06-15 04:30:00,6499.716961222664
2019-06-15 05:00:00,6438.798659411297
2019-06-15 05:30:00,6744.173030686389
2019-06-15 06:00:00,6766.707866265994
2019-06-15 06:30:00,7263.963890648118
2019-06-15 07:00:00,7657.028622337227
2019-06-15 07:30:00,8066.1835429030525
2019-06-15 08:00:00,8511.40273791788
2019-06-15 08:30:00,8526.647718087006
2019-06-15 09:00:00,8539.239431167389
2019-06-15 09:30:00,8405.95060580838
2019-06-15 10:00:00,8085.254976036475
2019-06-15 10:30:00,7969.427997185729
2019-06-15 11:00:00,7822.2403878495925
2019-06-15 11:30:00,7587.6563599736355
2019-06-15 12:00:00,7482.7744994562
2019-06-15 12:30:00,7463.462302564361
2019-06-15 13:00:00,7449.551872270745
2019-06-15 13:30:00,7449.551872270745
2019-06-15 14:00:00,7467.913479859118
2019-06-15 14:30:00,7510.750506393202
2019-06-15 15:00:00,7493.690196715904
2019-06-15 15:30:00,7541.040924179923
2019-06-15 16:00:00,7772.866127501278
2019-06-15 16:30:00,7985.056307944446
2019-06-15 17:00:00,8430.817151563122
2019-06-15 17:30:00,8929.292942716851
2019-06-15 18:00:00,9505.360269614233
2019-06-15 18:30:00,9517.206935642238
2019-06-15 19:00:00,9452.422847073169
2019-06-15 19:30:00,9269.285692324938
2019-06-15 20:00:00,9138.414785757772
2019-06-15 20:30:00,8969.8775020767
2019-06-15 21:00:00,8821.706649738493
2019-06-15 21:30:00,8658.875053283953
2019-06-15 22:00:00,8427.330483131358
2019-06-15 22:30:00,8427.330483131358
2019-06-15 23:00:00,8171.840421293809
2019-06-15 23:30:00,8139.170089577168
2019-06-16 00:00:00,8002.210134804036
2019-06-16 00:30:00,7880.890234016316
2019-06-16 01:00:00,7671.026073146477
2019-06-16 01:30:00,7336.431469603171
2019-06-16 02:00:00,7184.941242379174
2019-06-16 02:30:00,6855.412994261364
2019-06-16 03:00:00,6751.236542323029
2019-06-16 03:30:00,6586.272984282844
2019-06-16 04:00:00,6441.243535441752
2019-06-16 04:30:00,6441.243535441752
2019-06-16 05:00:00,6503.127634548974
2019-06-16 05:30:00,6629.687115910999
2019-06-16 06:00:00,6706.402411306147
2019-06-16 06:30:00,7060.4162795704215
2019-06-16 07:00:00,7262.50816803332
2019-06-16 07:30:00,7723.791544429994
2019-06-16 08:00:00,8045.343584122261
2019-06-16 08:30:00,8311.013462148165
2019-06-16 09:00:00,8437.097053017378
2019-06-16 09:30:00,8404.839795929245
2019-06-16 10:00:00,8196.151910472281
2019-06-16 10:30:00,8092.520251693427
2019-06-16 11:00:00,7877.040849868832
2019-06-16 11:30:00,7597.782217254887
2019-06-16 12:00:00,7446.417331236028
2019-06-16 12:30:00,7266.468355137452
2019-06-16 13:00:00,7166.80932699014
2019-06-16 13:30:00,7081.714286735922
2019-06-16 14:00:00,7139.262967557427
2019-06-16 14:30:00,7197.58832751103
2019-06-16 15:00:00,7329.477891435947
2019-06-16 15:30:00,7487.529965560258
2019-06-16 16:00:00,7816.740707729062
2019-06-16 16:30:00,8161.061123962068
2019-06-16 17:00:00,8712.858546607149
2019-06-16 17:30:00,9298.203894215185
2019-06-16 18:00:00,9883.56884470459
2019-06-16 18:30:00,9888.201519129687
2019-06-16 19:00:00,9771.022175780281
2019-06-16 19:30:00,9629.710383624646
2019-06-16 20:00:00,9379.136314022124
2019-06-16 20:30:00,9245.97792295655
2019-06-16 21:00:00,9010.615891132897
2019-06-16 21:30:00,8842.575425488434
2019-06-16 22:00:00,8487.322527891847
2019-06-16 22:30:00,8487.322527891847
2019-06-16 23:00:00,8259.842913191647
2019-06-16 23:30:00,8138.511378769063
2019-06-17 00:00:00,7866.097731063138
2019-06-17 00:30:00,7711.807873170338
2019-06-17 01:00:00,7493.804490629787
2019-06-17 01:30:00,7424.330300442657
2019-06-17 02:00:00,7159.844902089501
2019-06-17 02:30:00,6848.735135720187
2019-06-17 03:00:00,6723.037351235054
2019-06-17 03:30:00,6538.3512201167805
2019-06-17 04:00:00,6613.835905909525
2019-06-17 04:30:00,6613.835905909525
2019-06-17 05:00:00,6885.268786037751
2019-06-17 05:30:00,6955.487693889731
2019-06-17 06:00:00,7946.806162265364
2019-06-17 06:30:00,8168.262307208589
2019-06-17 07:00:00,9062.316645592777
2019-06-17 07:30:00,9290.979016720912
2019-06-17 08:00:00,9526.922697352302
2019-06-17 08:30:00,9790.525037575762
2019-06-17 09:00:00,9463.556887297906
2019-06-17 09:30:00,9754.887027315795
2019-06-17 10:00:00,9491.399448411446
2019-06-17 10:30:00,9531.05497332792
2019-06-17 11:00:00,9459.054899488443
2019-06-17 11:30:00,9455.948230041533
2019-06-17 12:00:00,9323.796580837963
2019-06-17 12:30:00,9181.954913540725
2019-06-17 13:00:00,9138.671043545237
2019-06-17 13:30:00,9138.671043545237
2019-06-17 14:00:00,9063.330027581938
2019-06-17 14:30:00,9063.330027581938
2019-06-17 15:00:00,9125.220916741411
2019-06-17 15:30:00,9285.866448850038
2019-06-17 16:00:00,9428.25912699986
2019-06-17 16:30:00,9798.143734535031
2019-06-17 17:00:00,10236.30238420818
2019-06-17 17:30:00,10670.715520856866
2019-06-17 18:00:00,11096.87373844667
2019-06-17 18:30:00,11096.87373844667
2019-06-17 19:00:00,10924.150804070827
2019-06-17 19:30:00,10737.587851421224
2019-06-17 20:00:00,10503.01246998849
2019-06-17 20:30:00,10302.256251359056
2019-06-17 21:00:00,10029.82042448381
2019-06-17 21:30:00,9775.960299576664
2019-06-17 22:00:00,9391.19812393653
2019-06-17 22:30:00,9348.435929573146
2019-06-17 23:00:00,9034.907729288067
2019-06-17 23:30:00,8742.261757976015
2019-06-18 00:00:00,8401.81765930791
2019-06-18 00:30:00,8266.68216864053
2019-06-18 01:00:00,8104.676697882837
2019-06-18 01:30:00,7906.422891500824
2019-06-18 02:00:00,7758.845261551922
2019-06-18 02:30:00,7492.31155331544
2019-06-18 03:00:00,7238.913892990598
2019-06-18 03:30:00,7108.327548787099
2019-06-18 04:00:00,6891.505703886248
2019-06-18 04:30:00,6969.679877350487
2019-06-18 05:00:00,7096.170054470005
2019-06-18 05:30:00,7393.799827497005
2019-06-18 06:00:00,7927.617426897458
2019-06-18 06:30:00,8554.514177103798
2019-06-18 07:00:00,9166.301489022118
2019-06-18 07:30:00,9580.321502349318
2019-06-18 08:00:00,9846.99224077353
2019-06-18 08:30:00,9846.99224077353
2019-06-18 09:00:00,9618.836021695288
2019-06-18 09:30:00,9549.800477381192
2019-06-18 10:00:00,9338.669686464349
2019-06-18 10:30:00,9210.214084990737
2019-06-18 11:00:00,9079.663386188466
2019-06-18 11:30:00,8954.578999703073
2019-06-18 12:00:00,8857.734517638482
2019-06-18 12:30:00,8814.357299343865
2019-06-18 13:00:00,8907.552206948087
2019-06-18 13:30:00,8870.828956217694
2019-06-18 14:00:00,8879.52275201096
2019-06-18 14:30:00,8912.381717387661
2019-06-18 15:00:00,8938.104959569733
2019-06-18 15:30:00,9115.252563255572
2019-06-18 16:00:00,9320.819224917062
2019-06-18 16:30:00,9689.77307393049
2019-06-18 17:00:00,10106.935184110816
2019-06-18 17:30:00,10527.939950322634
2019-06-18 18:00:00,11163.114032764466
2019-06-18 18:30:00,11034.106038599426
2019-06-18 19:00:00,10956.794439628431
2019-06-18 19:30:00,10644.632756072178
2019-06-18 20:00:00,10430.313544763581
2019-06-18 20:30:00,10231.474115815541
2019-06-18 21:00:00,9911.158506560787
2019-06-18 21:30:00,9685.565816345797
2019-06-18 22:00:00,9279.49059983911
2019-06-18 22:30:00,9185.702344882093
2019-06-18 23:00:00,8829.907291076854
2019-06-18 23:30:00,8710.118467986082
2019-06-19 00:00:00,8446.439981255013
2019-06-19 00:30:00,8248.51335247404
2019-06-19 01:00:00,8079.401193275298
2019-06-19 01:30:00,7862.273009822031
2019-06-19 02:00:00,7571.2104564311885
2019-06-19 02:30:00,7251.078495592423
2019-06-19 03:00:00,6983.114805803367
2019-06-19 03:30:00,6838.4042879596955
2019-06-19 04:00:00,6716.995177890942
2019-06-19 04:30:00,6716.995177890942
2019-06-19 05:00:00,6922.976943571798
2019-06-19 05:30:00,7242.587764537147
2019-06-19 06:00:00,7726.28093406845
2019-06-19 06:30:00,8532.495363525924
2019-06-19 07:00:00,9189.874163303104
2019-06-19 07:30:00,9598.162098087936
2019-06-19 08:00:00,9852.488969928909
2019-06-19 08:30:00,9728.615399225047
2019-06-19 09:00:00,9529.215206237272
2019-06-19 09:30:00,9417.290956811306
2019-06-19 10:00:00,9217.038829682871
2019-06-19 10:30:00,9061.809261618759
2019-06-19 11:00:00,8808.724946715258
2019-06-19 11:30:00,8663.609009703036
2019-06-19 12:00:00,8596.408629147125
2019-06-19 12:30:00,8650.144125308496
2019-06-19 13:00:00,8615.305831911897
2019-06-19 13:30:00,8672.955627890062
2019-06-19 14:00:00,8693.580257275597
2019-06-19 14:30:00,8570.844077380578
2019-06-19 15:00:00,8663.902822079428
2019-06-19 15:30:00,8657.908886905085
2019-06-19 16:00:00,8906.488123225441
2019-06-19 16:30:00,9245.954422472623
2019-06-19 17:00:00,9678.804911443262
2019-06-19 17:30:00,10163.335676920029
2019-06-19 18:00:00,10643.067578091028
2019-06-19 18:30:00,10719.201497903492
2019-06-19 19:00:00,10498.318143190465
2019-06-19 19:30:00,10365.536489121354
2019-06-19 20:00:00,10153.223983886528
2019-06-19 20:30:00,9894.096973149999
2019-06-19 21:00:00,9669.298611216951
2019-06-19 21:30:00,9430.093743048534
2019-06-19 22:00:00,9089.378689481253
2019-06-19 22:30:00,8982.103752309276
2019-06-19 23:00:00,8625.375205720506
2019-06-19 23:30:00,8484.4697503861
2019-06-20 00:00:00,8327.329922368102
2019-06-20 00:30:00,8218.547162054125
2019-06-20 01:00:00,8061.217133252904
2019-06-20 01:30:00,7740.228998639725
2019-06-20 02:00:00,7504.581197565263
2019-06-20 02:30:00,7211.131204778379
2019-06-20 03:00:00,7031.039486830463
2019-06-20 03:30:00,6833.998731064319
2019-06-20 04:00:00,6767.1388290556215
2019-06-20 04:30:00,6819.463554233397
2019-06-20 05:00:00,6958.024221463604
2019-06-20 05:30:00,7377.651796940335
2019-06-20 06:00:00,7870.562696384574
2019-06-20 06:30:00,8709.93678329728
2019-06-20 07:00:00,9467.65989882738
2019-06-20 07:30:00,9896.912097527167
2019-06-20 08:00:00,10111.960819743186
2019-06-20 08:30:00,10040.890803639575
2019-06-20 09:00:00,9740.14551745686
2019-06-20 09:30:00,9461.523614465881
2019-06-20 10:00:00,9160.707237203904
2019-06-20 10:30:00,8953.890667104319
2019-06-20 11:00:00,8585.792274992888
2019-06-20 11:30:00,8340.340773547734
2019-06-20 12:00:00,8225.137095754166
2019-06-20 12:30:00,8124.753965030705
2019-06-20 13:00:00,8057.372647099894
2019-06-20 13:30:00,8082.593980847819
2019-06-20 14:00:00,8082.593980847819
2019-06-20 14:30:00,8102.132361385433
2019-06-20 15:00:00,8180.9753207757585
2019-06-20 15:30:00,8293.863805659168
2019-06-20 16:00:00,8633.656941445548
2019-06-20 16:30:00,9089.300473919759
2019-06-20 17:00:00,9722.239813159285
2019-06-20 17:30:00,10359.624982138388
2019-06-20 18:00:00,11133.280063695043
2019-06-20 18:30:00,11177.375562865129
2019-06-20 19:00:00,11071.79822420889
2019-06-20 19:30:00,10945.100756314814
2019-06-20 20:00:00,10819.589115087429
2019-06-20 20:30:00,10710.985145209179
2019-06-20 21:00:00,10504.10834542991
2019-06-20 21:30:00,10171.338743095637
2019-06-20 22:00:00,9791.270823657516
2019-06-20 22:30:00,9598.142585784557
2019-06-20 23:00:00,9183.380108853704
2019-06-20 23:30:00,9087.335125062393
2019-06-21 00:00:00,8831.294008026096
2019-06-21 00:30:00,8632.378993415177
2019-06-21 01:00:00,8419.800838780404
2019-06-21 01:30:00,8180.336443556106
2019-06-21 02:00:00,8011.424291120181
2019-06-21 02:30:00,7673.720170843857
2019-06-21 03:00:00,7421.714006785342
2019-06-21 03:30:00,7230.858466285989
2019-06-21 04:00:00,7171.049130460306
2019-06-21 04:30:00,7206.1475286772875
2019-06-21 05:00:00,7394.499443050396
2019-06-21 05:30:00,7845.158861985391
2019-06-21 06:00:00,8262.313291952676
2019-06-21 06:30:00,9129.855074038243
2019-06-21 07:00:00,9948.725752046637
2019-06-21 07:30:00,10457.85576782798
2019-06-21 08:00:00,10788.36306948428
2019-06-21 08:30:00,10584.269955969892
2019-06-21 09:00:00,10278.968491258334
2019-06-21 09:30:00,10055.915754152642
2019-06-21 10:00:00,9797.989981788014
2019-06-21 10:30:00,9480.116026757698
2019-06-21 11:00:00,9198.358072295438
2019-06-21 11:30:00,8957.01829303652
2019-06-21 12:00:00,8794.005721416554
2019-06-21 12:30:00,8648.889784404331
2019-06-21 13:00:00,8646.206122138698
2019-06-21 13:30:00,8738.822345514818
2019-06-21 14:00:00,8812.706845502746
2019-06-21 14:30:00,8907.019887170107
2019-06-21 15:00:00,8970.190266713607
2019-06-21 15:30:00,9150.88603096435
2019-06-21 16:00:00,9523.550371186237
2019-06-21 16:30:00,9864.696299633251
2019-06-21 17:00:00,10279.695624665803
2019-06-21 17:30:00,10932.373303757922
2019-06-21 18:00:00,11247.824471739355
2019-06-21 18:30:00,11550.744184306093
2019-06-21 19:00:00,11153.753410430862
2019-06-21 19:30:00,11173.523159370174
2019-06-21 20:00:00,11077.714570103497
2019-06-21 20:30:00,10867.333384509948
2019-06-21 21:00:00,10779.531937022693
2019-06-21 21:30:00,10468.74277423696
2019-06-21 22:00:00,10175.794875319038
2019-06-21 22:30:00,9989.291597898115
2019-06-21 23:00:00,9575.996672627023
2019-06-21 23:30:00,9403.686191376133
2019-06-22 00:00:00,9160.126681215006
2019-06-22 00:30:00,8926.430732014313
2019-06-22 01:00:00,8600.36156056872
2019-06-22 01:30:00,8358.521803533136
2019-06-22 02:00:00,8105.710366858793
2019-06-22 02:30:00,7812.969383240807
2019-06-22 03:00:00,7532.728148888203
2019-06-22 03:30:00,7364.560737879368
2019-06-22 04:00:00,7222.881187964291
2019-06-22 04:30:00,7268.256371442654
2019-06-22 05:00:00,7209.455033390563
2019-06-22 05:30:00,7459.375245789234
2019-06-22 06:00:00,7553.865411898858
2019-06-22 06:30:00,8299.34213284298
2019-06-22 07:00:00,8620.96677447213
2019-06-22 07:30:00,9232.626954026586
2019-06-22 08:00:00,9605.39934873831
2019-06-22 08:30:00,9584.419026657144
2019-06-22 09:00:00,9717.080565274213
2019-06-22 09:30:00,9539.19699605863
2019-06-22 10:00:00,9271.967579488779
2019-06-22 10:30:00,9089.36965298194
2019-06-22 11:00:00,8756.830602595499
2019-06-22 11:30:00,8507.187524875093
2019-06-22 12:00:00,8335.369162447456
2019-06-22 12:30:00,8115.7428706484525
2019-06-22 13:00:00,8009.877755542082
2019-06-22 13:30:00,8000.976891959916
2019-06-22 14:00:00,7956.166310460099
2019-06-22 14:30:00,8000.30652970882
2019-06-22 15:00:00,8023.932459654488
2019-06-22 15:30:00,8112.4138816135855
2019-06-22 16:00:00,8559.881902761143
2019-06-22 16:30:00,9140.089931541259
2019-06-22 17:00:00,9793.632784533793
2019-06-22 17:30:00,10327.872604879472
2019-06-22 18:00:00,10993.573762039732
2019-06-22 18:30:00,10768.436052044346
2019-06-22 19:00:00,10716.170488962725
2019-06-22 19:30:00,10716.170488962725
2019-06-22 20:00:00,10407.044423199557
2019-06-22 20:30:00,10328.757558758243
2019-06-22 21:00:00,10217.682622508384
2019-06-22 21:30:00,10008.517382394331
2019-06-22 22:00:00,9734.859757405515
2019-06-22 22:30:00,9595.703902329062
2019-06-22 23:00:00,9226.794538027581
2019-06-22 23:30:00,9081.197051778398
2019-06-23 00:00:00,9016.043610131826
2019-06-23 00:30:00,8608.912673924146
2019-06-23 01:00:00,8342.828371831705
2019-06-23 01:30:00,8058.496829503965
2019-06-23 02:00:00,7908.168839254239
2019-06-23 02:30:00,7548.440529805327
2019-06-23 03:00:00,7401.6996379115435
2019-06-23 03:30:00,7197.061660158318
2019-06-23 04:00:00,7112.092910584274
2019-06-23 04:30:00,7112.092910584274
2019-06-23 05:00:00,7065.965982131138
2019-06-23 05:30:00,7254.747823746318
2019-06-23 06:00:00,7284.029357563691
2019-06-23 06:30:00,7835.023541396734
2019-06-23 07:00:00,8061.88066412605
2019-06-23 07:30:00,8667.685091578252
2019-06-23 08:00:00,9226.932099990727
2019-06-23 08:30:00,9504.576178000973
2019-06-23 09:00:00,9462.835533747892
2019-06-23 09:30:00,9483.092100497746
2019-06-23 10:00:00,9312.790551983773
2019-06-23 10:30:00,9089.19756371112
2019-06-23 11:00:00,8907.546473641809
2019-06-23 11:30:00,8583.18000243415
2019-06-23 12:00:00,8358.65808458059
2019-06-23 12:30:00,8303.856867568802
2019-06-23 13:00:00,8355.974422314956
2019-06-23 13:30:00,8241.043676120786
2019-06-23 14:00:00,8316.412629372246
2019-06-23 14:30:00,8302.137955549124
2019-06-23 15:00:00,8470.069148108809
2019-06-23 15:30:00,8767.326496313344
2019-06-23 16:00:00,9001.89785493966
2019-06-23 16:30:00,9451.342919709106
2019-06-23 17:00:00,10256.766993858557
2019-06-23 17:30:00,10599.39701353743
2019-06-23 18:00:00,11003.436458802316
2019-06-23 18:30:00,10998.80378437722
2019-06-23 19:00:00,10900.998106331437
2019-06-23 19:30:00,10776.684889669557
2019-06-23 20:00:00,10559.659974476683
2019-06-23 20:30:00,10536.85090703482
2019-06-23 21:00:00,10238.404049984629
2019-06-23 21:30:00,10138.72651955956
2019-06-23 22:00:00,9628.598630328226
2019-06-23 22:30:00,9507.32118677176
2019-06-23 23:00:00,9120.520468999148
2019-06-23 23:30:00,8850.386752775452
2019-06-24 00:00:00,8734.30530960841
2019-06-24 00:30:00,8595.872911548126
2019-06-24 01:00:00,8387.950241363123
2019-06-24 01:30:00,7788.578666448042
2019-06-24 02:00:00,7775.308496523984
2019-06-24 02:30:00,7436.764284831459
2019-06-24 03:00:00,7322.527524314588
2019-06-24 03:30:00,7197.427790856887
2019-06-24 04:00:00,7527.084154245883
2019-06-24 04:30:00,7527.084154245883
2019-06-24 05:00:00,7575.89398266434
2019-06-24 05:30:00,7731.390413632116
2019-06-24 06:00:00,8605.285511094848
2019-06-24 06:30:00,8717.450463650694
2019-06-24 07:00:00,9759.547408022992
2019-06-24 07:30:00,9868.072281132534
2019-06-24 08:00:00,10614.829975736517
2019-06-24 08:30:00,10614.28177657934
2019-06-24 09:00:00,10678.758342917285
2019-06-24 09:30:00,10668.89276417364
2019-06-24 10:00:00,10477.651374443565
2019-06-24 10:30:00,10295.466913399641
2019-06-24 11:00:00,9914.77744093299
2019-06-24 11:30:00,9625.015888215914
2019-06-24 12:00:00,9593.633906185038
2019-06-24 12:30:00,9662.128693686178
2019-06-24 13:00:00,9542.22172274319
2019-06-24 13:30:00,9542.22172274319
2019-06-24 14:00:00,9547.702619990716
2019-06-24 14:30:00,9574.06197498146
2019-06-24 15:00:00,9706.334929427283
2019-06-24 15:30:00,10063.673443623353
2019-06-24 16:00:00,10277.23005276883
2019-06-24 16:30:00,10701.038595457585
2019-06-24 17:00:00,11227.696638154597
2019-06-24 17:30:00,11334.617713634112
2019-06-24 18:00:00,11965.850682161537
2019-06-24 18:30:00,11992.698564828394
2019-06-24 19:00:00,11694.668514952906
2019-06-24 19:30:00,11580.846441646943
2019-06-24 20:00:00,11196.910461250638
2019-06-24 20:30:00,11200.962464052998
2019-06-24 21:00:00,11034.78898230789
2019-06-24 21:30:00,10800.853907021125
2019-06-24 22:00:00,10537.964196678317
2019-06-24 22:30:00,10124.183258941204
2019-06-24 23:00:00,9896.667705245527
2019-06-24 23:30:00,9476.891325999579
2019-06-25 00:00:00,8967.594518381797
2019-06-25 00:30:00,8792.463965036986
2019-06-25 01:00:00,8470.798793471198
2019-06-25 01:30:00,8343.933483139808
2019-06-25 02:00:00,8179.232001979432
2019-06-25 02:30:00,7902.542697618759
2019-06-25 03:00:00,7686.877617404509
2019-06-25 03:30:00,7483.0222974104545
2019-06-25 04:00:00,7394.515625879851
2019-06-25 04:30:00,7482.276233384442
2019-06-25 05:00:00,7568.2860357330765
2019-06-25 05:30:00,7945.670380826033
2019-06-25 06:00:00,8332.209316650968
2019-06-25 06:30:00,9104.647673817644
2019-06-25 07:00:00,9897.165984022646
2019-06-25 07:30:00,10406.967532951916
2019-06-25 08:00:00,10721.574934644288
2019-06-25 08:30:00,10825.141875485151
2019-06-25 09:00:00,10634.815492953292
2019-06-25 09:30:00,10531.217405151818
2019-06-25 10:00:00,10352.696690283416
2019-06-25 10:30:00,10170.826087287589
2019-06-25 11:00:00,9919.524113494415
2019-06-25 11:30:00,9703.173002587117
2019-06-25 12:00:00,9603.845274516085
2019-06-25 12:30:00,9572.270724097074
2019-06-25 13:00:00,9446.879292711246
2019-06-25 13:30:00,9404.38709972277
2019-06-25 14:00:00,9375.924778312687
2019-06-25 14:30:00,9404.38709972277
2019-06-25 15:00:00,9502.569578694865
2019-06-25 15:30:00,9601.161612250451
2019-06-25 16:00:00,9912.97829487369
2019-06-25 16:30:00,10184.407783329036
2019-06-25 17:00:00,10709.369640909188
2019-06-25 17:30:00,11326.54178499538
2019-06-25 18:00:00,11872.92172822508
2019-06-25 18:30:00,11872.92172822508
2019-06-25 19:00:00,11586.528762192338
2019-06-25 19:30:00,11428.989136648812
2019-06-25 20:00:00,11199.562526821284
2019-06-25 20:30:00,10886.249908900038
2019-06-25 21:00:00,10636.110397869958
2019-06-25 21:30:00,10347.612027040173
2019-06-25 22:00:00,9954.177721142674
2019-06-25 22:30:00,9846.481618460826
2019-06-25 23:00:00,9382.23248736395
2019-06-25 23:30:00,9207.31572874191
2019-06-26 00:00:00,8987.964999558839
2019-06-26 00:30:00,8789.124922125473
2019-06-26 01:00:00,8560.119821591376
2019-06-26 01:30:00,8354.664656533827
2019-06-26 02:00:00,8084.252884284612
2019-06-26 02:30:00,7792.71891787317
2019-06-26 03:00:00,7454.11672755785
2019-06-26 03:30:00,7227.223771339033
2019-06-26 04:00:00,7197.268493513558
2019-06-26 04:30:00,7197.268493513558
2019-06-26 05:00:00,7273.9668425845675
2019-06-26 05:30:00,7708.385529143301
2019-06-26 06:00:00,8213.459248211539
2019-06-26 06:30:00,9021.686956569092
2019-06-26 07:00:00,9724.40542771686
2019-06-26 07:30:00,10139.634640602555
2019-06-26 08:00:00,10346.010351884155
2019-06-26 08:30:00,10251.914766428388
2019-06-26 09:00:00,9968.380549972508
2019-06-26 09:30:00,9770.504306950455
2019-06-26 10:00:00,9569.816753422214
2019-06-26 10:30:00,9398.91292384026
2019-06-26 11:00:00,9179.93993227896
2019-06-26 11:30:00,9082.9985189798
2019-06-26 12:00:00,8873.423287412243
2019-06-26 12:30:00,8838.936331368492
2019-06-26 13:00:00,8825.993810249125
2019-06-26 13:30:00,8700.562942595992
2019-06-26 14:00:00,8822.317851062557
2019-06-26 14:30:00,8867.06366596004
2019-06-26 15:00:00,8993.751466704836
2019-06-26 15:30:00,9079.466487586811
2019-06-26 16:00:00,9354.623554668302
2019-06-26 16:30:00,9677.016153288327
2019-06-26 17:00:00,10242.530961243572
2019-06-26 17:30:00,10696.597091686237
2019-06-26 18:00:00,11168.479830951746
2019-06-26 18:30:00,11168.479830951746
2019-06-26 19:00:00,11005.108721417673
2019-06-26 19:30:00,10815.598237588845
2019-06-26 20:00:00,10602.409281447866
2019-06-26 20:30:00,10403.96867662022
2019-06-26 21:00:00,10201.87932962999
2019-06-26 21:30:00,10015.660882276361
2019-06-26 22:00:00,9616.10773133146
2019-06-26 22:30:00,9547.826132481472
2019-06-26 23:00:00,9167.438264964429
2019-06-26 23:30:00,9019.125610761774
2019-06-27 00:00:00,8813.415749826334
2019-06-27 00:30:00,8591.880910555848
2019-06-27 01:00:00,8379.586113096522
2019-06-27 01:30:00,8195.702852317776
2019-06-27 02:00:00,7994.052640718008
2019-06-27 02:30:00,7725.778818610248
2019-06-27 03:00:00,7359.5820364058545
2019-06-27 03:30:00,7194.145998315964
2019-06-27 04:00:00,7033.703208682899
2019-06-27 04:30:00,7020.175394840621
2019-06-27 05:00:00,7123.065298338496
2019-06-27 05:30:00,7511.755296078764
2019-06-27 06:00:00,7974.323407526775
2019-06-27 06:30:00,8730.280933758155
2019-06-27 07:00:00,9486.724425986777
2019-06-27 07:30:00,9901.3578133564
2019-06-27 08:00:00,10089.443972984833
2019-06-27 08:30:00,9957.008854790916
2019-06-27 09:00:00,9724.1008561508
2019-06-27 09:30:00,9544.99719589699
2019-06-27 10:00:00,9408.199759024224
2019-06-27 10:30:00,9200.897756183687
2019-06-27 11:00:00,9026.439593333796
2019-06-27 11:30:00,8726.80391844287
2019-06-27 12:00:00,8555.01381161744
2019-06-27 12:30:00,8460.0248911108
2019-06-27 13:00:00,8382.92410149137
2019-06-27 13:30:00,8382.92410149137
2019-06-27 14:00:00,8409.60376932882
2019-06-27 14:30:00,8447.041778350647
2019-06-27 15:00:00,8462.38302984532
2019-06-27 15:30:00,8581.143973725313
2019-06-27 16:00:00,8888.700259749832
2019-06-27 16:30:00,9224.841004423022
2019-06-27 17:00:00,9754.367673984883
2019-06-27 17:30:00,10323.433043866315
2019-06-27 18:00:00,10899.925020014523
2019-06-27 18:30:00,10899.925020014523
2019-06-27 19:00:00,10886.387571136263
2019-06-27 19:30:00,10649.211076560292
2019-06-27 20:00:00,10438.544170206873
2019-06-27 20:30:00,10315.917990984111
2019-06-27 21:00:00,10107.060173390944
2019-06-27 21:30:00,9853.31039234681
2019-06-27 22:00:00,9539.181964638477
2019-06-27 22:30:00,9402.830648126232
2019-06-27 23:00:00,9121.034814164774
2019-06-27 23:30:00,8920.264020653482
2019-06-28 00:00:00,8801.337212364115
2019-06-28 00:30:00,8597.262928603544
2019-06-28 01:00:00,8319.549781638429
2019-06-28 01:30:00,8159.827786197053
2019-06-28 02:00:00,7942.146361923177
2019-06-28 02:30:00,7584.567441522333
2019-06-28 03:00:00,7293.443420893877
2019-06-28 03:30:00,7092.812050390371
2019-06-28 04:00:00,6989.695310541406
2019-06-28 04:30:00,7063.091421245815
2019-06-28 05:00:00,7204.2939675585385
2019-06-28 05:30:00,7562.650461803896
2019-06-28 06:00:00,8063.377594602638
2019-06-28 06:30:00,8796.854536130499
2019-06-28 07:00:00,9519.19156368697
2019-06-28 07:30:00,9933.824951056595
2019-06-28 08:00:00,10182.06657186906
2019-06-28 08:30:00,10007.481575676107
2019-06-28 09:00:00,9721.804517530732
2019-06-28 09:30:00,9502.52999191021
2019-06-28 10:00:00,9304.775956230891
2019-06-28 10:30:00,9135.726872034202
2019-06-28 11:00:00,8837.063838844158
2019-06-28 11:30:00,8593.953596693384
2019-06-28 12:00:00,8411.308571463778
2019-06-28 12:30:00,8319.229722646704
2019-06-28 13:00:00,8248.90291375678
2019-06-28 13:30:00,8239.63993055157
2019-06-28 14:00:00,8251.076585703613
2019-06-28 14:30:00,8305.051890318486
2019-06-28 15:00:00,8351.403075117634
2019-06-28 15:30:00,8396.062913728761
2019-06-28 16:00:00,8763.306899025356
2019-06-28 16:30:00,9083.44810917106
2019-06-28 17:00:00,9482.091963819195
2019-06-28 17:30:00,10048.119654129925
2019-06-28 18:00:00,10442.397973780586
2019-06-28 18:30:00,10497.25402080078
2019-06-28 19:00:00,10362.82218485326
2019-06-28 19:30:00,10201.587742258522
2019-06-28 20:00:00,10220.791581980473
2019-06-28 20:30:00,10112.728232793339
2019-06-28 21:00:00,9988.237417983164
2019-06-28 21:30:00,9784.71087212038
2019-06-28 22:00:00,9533.435515826464
2019-06-28 22:30:00,9417.482298408777
2019-06-28 23:00:00,9136.697679261557
2019-06-28 23:30:00,8962.482456413174
2019-06-29 00:00:00,8700.983321492138
2019-06-29 00:30:00,8570.72483315119
2019-06-29 01:00:00,8204.477808822854
2019-06-29 01:30:00,7954.685665605985
2019-06-29 02:00:00,7747.2587665089495
2019-06-29 02:30:00,7466.6783534942115
2019-06-29 03:00:00,7141.752703155019
2019-06-29 03:30:00,6961.687391029809
2019-06-29 04:00:00,6811.477054688581
2019-06-29 04:30:00,6811.477054688581
2019-06-29 05:00:00,6777.062249877404
2019-06-29 05:30:00,7091.565122443669
2019-06-29 06:00:00,6980.545932644106
2019-06-29 06:30:00,7705.1011137156
2019-06-29 07:00:00,8235.290331235861
2019-06-29 07:30:00,8572.677480969835
2019-06-29 08:00:00,9065.146736448878
2019-06-29 08:30:00,8971.143063497922
2019-06-29 09:00:00,9099.72091957188
2019-06-29 09:30:00,8737.017577001357
2019-06-29 10:00:00,8490.118592937453
2019-06-29 10:30:00,8174.064576117928
2019-06-29 11:00:00,7947.675454370077
2019-06-29 11:30:00,7779.076406653936
2019-06-29 12:00:00,7513.032731221458
2019-06-29 12:30:00,7523.713903766434
2019-06-29 13:00:00,7483.553199138713
2019-06-29 13:30:00,7488.530087136736
2019-06-29 14:00:00,7461.306458994002
2019-06-29 14:30:00,7482.882836887617
2019-06-29 15:00:00,7529.961300247353
2019-06-29 15:30:00,7561.26779709365
2019-06-29 16:00:00,7836.224254138022
2019-06-29 16:30:00,8096.780480339731
2019-06-29 17:00:00,8565.129618734807
2019-06-29 17:30:00,9173.24375129831
2019-06-29 18:00:00,9572.029203219006
2019-06-29 18:30:00,9646.090212850851
2019-06-29 19:00:00,9517.327719270774
2019-06-29 19:30:00,9336.137334052768
2019-06-29 20:00:00,9210.64717304101
2019-06-29 20:30:00,9147.479826256429
2019-06-29 21:00:00,8905.069416968765
2019-06-29 21:30:00,8706.368702727703
2019-06-29 22:00:00,8572.38504792495
2019-06-29 22:30:00,8540.642673131008
2019-06-29 23:00:00,8284.047093118057
2019-06-29 23:30:00,8195.818962142888
2019-06-30 00:00:00,8093.821133586056
2019-06-30 00:30:00,7908.164552495079
2019-06-30 01:00:00,7697.669521400144
2019-06-30 01:30:00,7407.520467978762
2019-06-30 02:00:00,7201.442833252847
2019-06-30 02:30:00,6944.184584157382
2019-06-30 03:00:00,6774.132998266931
2019-06-30 03:30:00,6586.272984282844
2019-06-30 04:00:00,6442.95165201472
2019-06-30 04:30:00,6382.684568981162
2019-06-30 05:00:00,6460.597769403091
2019-06-30 05:30:00,6670.655147274378
2019-06-30 06:00:00,6753.7403251968535
2019-06-30 06:30:00,7056.851719378731
2019-06-30 07:00:00,7260.958884203113
2019-06-30 07:30:00,7761.992679873522
2019-06-30 08:00:00,8005.687296024364
2019-06-30 08:30:00,8427.584626995971
2019-06-30 09:00:00,8571.189257134529
2019-06-30 09:30:00,8609.31213867902
2019-06-30 10:00:00,8335.28844094022
2019-06-30 10:30:00,8155.3154941304
2019-06-30 11:00:00,8015.198206487835
2019-06-30 11:30:00,7714.402701000885
2019-06-30 12:00:00,7529.247550376629
2019-06-30 12:30:00,7361.72973547472
2019-06-30 13:00:00,7346.089534701544
2019-06-30 13:30:00,7175.229935708577
2019-06-30 14:00:00,7198.990443459902
2019-06-30 14:30:00,7292.562095790094
2019-06-30 15:00:00,7425.807097180014
2019-06-30 15:30:00,7586.89682355842
2019-06-30 16:00:00,7897.206224645641
2019-06-30 16:30:00,8232.331503427164
2019-06-30 17:00:00,8642.215692092048
2019-06-30 17:30:00,9220.08557155111
2019-06-30 18:00:00,9772.647616232563
2019-06-30 18:30:00,9693.707994061537
2019-06-30 19:00:00,9624.504523552025
2019-06-30 19:30:00,9354.202917141381
2019-06-30 20:00:00,9160.09343907299
2019-06-30 20:30:00,8942.693255962125
2019-06-30 21:00:00,8789.083474707528
2019-06-30 21:30:00,8667.928341341853
2019-06-30 22:00:00,8345.029282411992
2019-06-30 22:30:00,8345.029282411992
2019-06-30 23:00:00,8142.395686094893
2019-06-30 23:30:00,8035.590826624841
2019-07-01 00:00:00,7994.7966572873875
2019-07-01 00:30:00,7736.70547779675
2019-07-01 01:00:00,7582.02889186574
2019-07-01 01:30:00,7497.617287125394
2019-07-01 02:00:00,7194.2761129069595
2019-07-01 02:30:00,6963.395519704665
2019-07-01 03:00:00,6746.472937691051
2019-07-01 03:30:00,6604.9882593768725
2019-07-01 04:00:00,6615.82161796822
2019-07-01 04:30:00,6607.378472004344
2019-07-01 05:00:00,6915.537157290372
2019-07-01 05:30:00,6952.007194755592
2019-07-01 06:00:00,7839.736816405527
2019-07-01 06:30:00,7907.863410197709
2019-07-01 07:00:00,8917.2794717871
2019-07-01 07:30:00,9333.008926742688
2019-07-01 08:00:00,9595.759769512635
2019-07-01 08:30:00,9705.008411419414
2019-07-01 09:00:00,9283.648073298482
2019-07-01 09:30:00,9365.10520297498
2019-07-01 10:00:00,9101.144134570535
2019-07-01 10:30:00,8886.31670354418
2019-07-01 11:00:00,8635.252466450458
2019-07-01 11:30:00,8396.731740791289
2019-07-01 12:00:00,8298.136691538786
2019-07-01 12:30:00,8176.135100709999
2019-07-01 13:00:00,8107.373482189487
2019-07-01 13:30:00,8089.397130979132
2019-07-01 14:00:00,8127.490470317987
2019-07-01 14:30:00,8235.45870012083
2019-07-01 15:00:00,8366.024376934565
2019-07-01 15:30:00,8667.187114370468
2019-07-01 16:00:00,8934.822171422873
2019-07-01 16:30:00,9408.871265474425
2019-07-01 17:00:00,9800.970544049773
2019-07-01 17:30:00,10439.931471249884
2019-07-01 18:00:00,11044.713831226853
2019-07-01 18:30:00,11219.206945621037
2019-07-01 19:00:00,11152.538668191926
2019-07-01 19:30:00,11005.046150646156
2019-07-01 20:00:00,10715.033284690073
2019-07-01 20:30:00,10597.157409914646
2019-07-01 21:00:00,10274.117822720655
2019-07-01 21:30:00,10039.733512098626
2019-07-01 22:00:00,9737.084718617183
2019-07-01 22:30:00,9519.293501841872
2019-07-01 23:00:00,9350.688111653308
2019-07-01 23:30:00,9090.304449786789
2019-07-02 00:00:00,8651.063549073298
2019-07-02 00:30:00,8505.388962263976
2019-07-02 01:00:00,8236.223159805786
2019-07-02 01:30:00,8063.249172451494
2019-07-02 02:00:00,7823.600073039061
2019-07-02 02:30:00,7597.0103260381275
2019-07-02 03:00:00,7247.139164983881
2019-07-02 03:30:00,7148.512530168636
2019-07-02 04:00:00,7024.869329575242
2019-07-02 04:30:00,7153.119010630817
2019-07-02 05:00:00,7209.311730343459
2019-07-02 05:30:00,7590.524437878135
2019-07-02 06:00:00,8124.492604068158
2019-07-02 06:30:00,8878.727757128869
2019-07-02 07:00:00,9779.899603858888
2019-07-02 07:30:00,10298.858975014347
2019-07-02 08:00:00,10669.402902251077
2019-07-02 08:30:00,10622.625248990711
2019-07-02 09:00:00,10296.200228865078
2019-07-02 09:30:00,10116.067069243652
2019-07-02 10:00:00,9877.180825199683
2019-07-02 10:30:00,9620.842013050642
2019-07-02 11:00:00,9313.05224187773
2019-07-02 11:30:00,9032.618040394458
2019-07-02 12:00:00,8737.921379939997
2019-07-02 12:30:00,8566.705224917834
2019-07-02 13:00:00,8509.90114326984
2019-07-02 13:30:00,8447.846519173268
2019-07-02 14:00:00,8447.846519173268
2019-07-02 14:30:00,8519.926008771043
2019-07-02 15:00:00,8618.25354193234
2019-07-02 15:30:00,8904.54786469733
2019-07-02 16:00:00,9184.337481099663
2019-07-02 16:30:00,9444.085047692517
2019-07-02 17:00:00,10114.652599120025
2019-07-02 17:30:00,10770.30300057551
2019-07-02 18:00:00,11311.682043993218
2019-07-02 18:30:00,11311.682043993218
2019-07-02 19:00:00,11305.90348533165
2019-07-02 19:30:00,11014.251746726635
2019-07-02 20:00:00,10775.876827585158
2019-07-02 20:30:00,10587.103584059418
2019-07-02 21:00:00,10318.617378171553
2019-07-02 21:30:00,10047.344444812525
2019-07-02 22:00:00,9802.018525445244
2019-07-02 22:30:00,9534.398501140224
2019-07-02 23:00:00,9166.439993628632
2019-07-02 23:30:00,8970.122899723345
2019-07-03 00:00:00,8740.120951932433
2019-07-03 00:30:00,8507.084226157142
2019-07-03 01:00:00,8242.716771083758
2019-07-03 01:30:00,8061.308256449581
2019-07-03 02:00:00,7838.994597950272
2019-07-03 02:30:00,7463.331651049196
2019-07-03 03:00:00,7163.029887841259
2019-07-03 03:30:00,7042.217949113266
2019-07-03 04:00:00,6955.092031683193
2019-07-03 04:30:00,6968.619845525471
2019-07-03 05:00:00,7117.484259649833
2019-07-03 05:30:00,7541.884466897108
2019-07-03 06:00:00,8066.046873524317
2019-07-03 06:30:00,8989.062050287961
2019-07-03 07:00:00,9716.757508635797
2019-07-03 07:30:00,10168.358573190297
2019-07-03 08:00:00,10549.458710117071
2019-07-03 08:30:00,10476.68818370093
2019-07-03 09:00:00,10148.719075734214
2019-07-03 09:30:00,9976.96044252452
2019-07-03 10:00:00,9667.2346949191
2019-07-03 10:30:00,9413.369764475876
2019-07-03 11:00:00,9154.024050423046
2019-07-03 11:30:00,8822.244416604683
2019-07-03 12:00:00,8612.799666344883
2019-07-03 12:30:00,8413.697555783581
2019-07-03 13:00:00,8240.364290973268
2019-07-03 13:30:00,8172.721144348975
2019-07-03 14:00:00,8075.248236282114
2019-07-03 14:30:00,8050.026902534189
2019-07-03 15:00:00,8187.316230441842
2019-07-03 15:30:00,8256.758475976327
2019-07-03 16:00:00,8554.976136844107
2019-07-03 16:30:00,8753.6770086634
2019-07-03 17:00:00,9464.727278316648
2019-07-03 17:30:00,10175.061239454364
2019-07-03 18:00:00,10864.27470479278
2019-07-03 18:30:00,11121.585093157813
2019-07-03 19:00:00,11059.839211789033
2019-07-03 19:30:00,10913.014085921644
2019-07-03 20:00:00,10686.051520450099
2019-07-03 20:30:00,10577.58420006302
2019-07-03 21:00:00,10382.511299368423
2019-07-03 21:30:00,10074.488321772878
2019-07-03 22:00:00,9723.005078475602
2019-07-03 22:30:00,9607.467328796893
2019-07-03 23:00:00,9300.08563947168
2019-07-03 23:30:00,9061.509807741288
2019-07-04 00:00:00,8869.815658474232
2019-07-04 00:30:00,8690.071911465448
2019-07-04 01:00:00,8454.990785953438
2019-07-04 01:30:00,8217.792657854834
2019-07-04 02:00:00,8047.822697032134
2019-07-04 02:30:00,7713.709453811201
2019-07-04 03:00:00,7433.669714231875
2019-07-04 03:30:00,7167.725841858263
2019-07-04 04:00:00,7095.7870437296715
2019-07-04 04:30:00,7112.345548882426
2019-07-04 05:00:00,7297.677710218995
2019-07-04 05:30:00,7786.905224432443
2019-07-04 06:00:00,8200.174700147161
2019-07-04 06:30:00,8978.797968958112
2019-07-04 07:00:00,9781.802868233977
2019-07-04 07:30:00,10248.54389002705
2019-07-04 08:00:00,10526.023319907548
2019-07-04 08:30:00,10521.763900967062
2019-07-04 09:00:00,10171.796445357964
2019-07-04 09:30:00,9848.008973242533
2019-07-04 10:00:00,9544.672441350209
2019-07-04 10:30:00,9288.411615737612
2019-07-04 11:00:00,9041.619122557602
2019-07-04 11:30:00,8805.812367843755
2019-07-04 12:00:00,8641.88012202649
2019-07-04 12:30:00,8489.370838668412
2019-07-04 13:00:00,8451.665605165363
2019-07-04 13:30:00,8368.809787074055
2019-07-04 14:00:00,8365.094992175173
2019-07-04 14:30:00,8429.54694683446
2019-07-04 15:00:00,8434.85800750077
2019-07-04 15:30:00,8568.605248627597
2019-07-04 16:00:00,8869.310119788364
2019-07-04 16:30:00,9170.308813696758
2019-07-04 17:00:00,9747.371534298705
2019-07-04 17:30:00,10330.801291496004
2019-07-04 18:00:00,10903.358080009008
2019-07-04 18:30:00,10790.494802094916
2019-07-04 19:00:00,10692.318965430137
2019-07-04 19:30:00,10445.878220150522
2019-07-04 20:00:00,10283.28784810815
2019-07-04 20:30:00,10122.25894171611
2019-07-04 21:00:00,9787.968096815364
2019-07-04 21:30:00,9440.062568791263
2019-07-04 22:00:00,9191.931553971574
2019-07-04 22:30:00,9073.643039686041
2019-07-04 23:00:00,8729.830138779158
2019-07-04 23:30:00,8636.040619982821
2019-07-05 00:00:00,8424.240639709951
2019-07-05 00:30:00,8286.54313004926
2019-07-05 01:00:00,8054.8901889372055
2019-07-05 01:30:00,7842.8278926653675
2019-07-05 02:00:00,7547.197089747655
2019-07-05 02:30:00,7233.332725072566
2019-07-05 03:00:00,7020.5002235775555
2019-07-05 03:30:00,6862.828060313926
2019-07-05 04:00:00,6752.4192061368
2019-07-05 04:30:00,6765.101463567772
2019-07-05 05:00:00,6898.0208091061495
2019-07-05 05:30:00,7202.107628818497
2019-07-05 06:00:00,7634.075169687452
2019-07-05 06:30:00,8388.35333131907
2019-07-05 07:00:00,9039.25821759594
2019-07-05 07:30:00,9429.351775767287
2019-07-05 08:00:00,9737.630912976761
2019-07-05 08:30:00,9737.630912976761
2019-07-05 09:00:00,9580.228910065034
2019-07-05 09:30:00,9470.651352438865
2019-07-05 10:00:00,9338.827957179168
2019-07-05 10:30:00,9216.120188058974
2019-07-05 11:00:00,9026.556424421364
2019-07-05 11:30:00,8875.151940797974
2019-07-05 12:00:00,8791.04789596666
2019-07-05 12:30:00,8638.906823801028
2019-07-05 13:00:00,8470.603971158853
2019-07-05 13:30:00,8470.603971158853
2019-07-05 14:00:00,8456.085915999189
2019-07-05 14:30:00,8548.70213937531
2019-07-05 15:00:00,8562.124546142652
2019-07-05 15:30:00,8605.198049273396
2019-07-05 16:00:00,8826.49186520426
2019-07-05 16:30:00,9089.183964101052
2019-07-05 17:00:00,9517.197581387527
2019-07-05 17:30:00,9967.299682392646
2019-07-05 18:00:00,10294.49297828636
2019-07-05 18:30:00,10289.287118213739
2019-07-05 19:00:00,10198.410345417826
2019-07-05 19:30:00,9992.513719047085
2019-07-05 20:00:00,9879.359684586268
2019-07-05 20:30:00,9767.003824505578
2019-07-05 21:00:00,9687.233002870596
2019-07-05 21:30:00,9414.788840409026
2019-07-05 22:00:00,9145.450421620384
2019-07-05 22:30:00,9058.715053684684
2019-07-05 23:00:00,8798.544869243231
2019-07-05 23:30:00,8636.144938223866
2019-07-06 00:00:00,8487.351938085883
2019-07-06 00:30:00,8278.981122672252
2019-07-06 01:00:00,7931.252900462729
2019-07-06 01:30:00,7725.348322407146
2019-07-06 02:00:00,7424.506243591389
2019-07-06 02:30:00,7189.384537040873
2019-07-06 03:00:00,6864.151381194924
2019-07-06 03:30:00,6679.270294278659
2019-07-06 04:00:00,6550.692364858215
2019-07-06 04:30:00,6591.961304326204
2019-07-06 05:00:00,6437.634502091557
2019-07-06 05:30:00,6769.106338207605
2019-07-06 06:00:00,6678.306304103724
2019-07-06 06:30:00,7195.289920877916
2019-07-06 07:00:00,7540.674988169469
2019-07-06 07:30:00,7891.814990522749
2019-07-06 08:00:00,8512.405149566508
2019-07-06 08:30:00,8490.973612487394
2019-07-06 09:00:00,8535.946389407602
2019-07-06 09:30:00,8392.081342394551
2019-07-06 10:00:00,8318.91630814458
2019-07-06 10:30:00,8276.893055284185
2019-07-06 11:00:00,8121.693393299883
2019-07-06 11:30:00,7975.991364044363
2019-07-06 12:00:00,7917.8451201706475
2019-07-06 12:30:00,7919.195656345191
2019-07-06 13:00:00,7785.596977012391
2019-07-06 13:30:00,7766.496665569835
2019-07-06 14:00:00,7777.157667257144
2019-07-06 14:30:00,7706.254609241274
2019-07-06 15:00:00,7774.889125220822
2019-07-06 15:30:00,7833.269305058854
2019-07-06 16:00:00,8056.792356136998
2019-07-06 16:30:00,8285.271581229816
2019-07-06 17:00:00,8684.50085869424
2019-07-06 17:30:00,9183.224081795948
2019-07-06 18:00:00,9697.82521984606
2019-07-06 18:30:00,9643.928677894733
2019-07-06 19:00:00,9529.423804917993
2019-07-06 19:30:00,9363.710044593621
2019-07-06 20:00:00,9174.535304742432
2019-07-06 20:30:00,9111.050147448388
2019-07-06 21:00:00,8818.047807635432
2019-07-06 21:30:00,8712.759836502486
2019-07-06 22:00:00,8518.075900486181
2019-07-06 22:30:00,8460.54545362757
2019-07-06 23:00:00,8199.920010643677
2019-07-06 23:30:00,8044.980441101565
2019-07-07 00:00:00,7995.0997384571265
2019-07-07 00:30:00,7837.270820718262
2019-07-07 01:00:00,7664.651986832933
2019-07-07 01:30:00,7457.353204305338
2019-07-07 02:00:00,7221.578009212333
2019-07-07 02:30:00,6918.539947999487
2019-07-07 03:00:00,6692.893147967495
2019-07-07 03:30:00,6532.4649349216625
2019-07-07 04:00:00,6422.741021616842
2019-07-07 04:30:00,6377.167927371548
2019-07-07 05:00:00,6437.342938856749
2019-07-07 05:30:00,6563.386975040993
2019-07-07 06:00:00,6578.563347168148
2019-07-07 06:30:00,6887.598395698368
2019-07-07 07:00:00,6983.92637585751
2019-07-07 07:30:00,7356.212010427362
2019-07-07 08:00:00,7717.521224739758
2019-07-07 08:30:00,8015.741771247193
2019-07-07 09:00:00,8285.445355833333
2019-07-07 09:30:00,8294.87156633869
2019-07-07 10:00:00,8147.969700570695
2019-07-07 10:30:00,8082.905732830201
2019-07-07 11:00:00,7964.607977136321
2019-07-07 11:30:00,7710.959694490603
2019-07-07 12:00:00,7522.143399496223
2019-07-07 12:30:00,7461.57533450972
2019-07-07 13:00:00,7300.893368579576
2019-07-07 13:30:00,7170.529028065396
2019-07-07 14:00:00,7232.213555752725
2019-07-07 14:30:00,7195.295752716149
2019-07-07 15:00:00,7313.813864447527
2019-07-07 15:30:00,7416.062045384316
2019-07-07 16:00:00,7644.8538646689585
2019-07-07 16:30:00,8053.515921763916
2019-07-07 17:00:00,8559.022698052235
2019-07-07 17:30:00,9019.37064654695
2019-07-07 18:00:00,9725.476107359296
2019-07-07 18:30:00,9690.346027353693
2019-07-07 19:00:00,9642.326120603651
2019-07-07 19:30:00,9487.124478398871
2019-07-07 20:00:00,9219.369073492902
2019-07-07 20:30:00,9151.175779580975
2019-07-07 21:00:00,8901.710832772727
2019-07-07 21:30:00,8796.497003391634
2019-07-07 22:00:00,8510.295470622812
2019-07-07 22:30:00,8419.679426119264
2019-07-07 23:00:00,8158.7846443299495
2019-07-07 23:30:00,8092.475842759316
2019-07-08 00:00:00,7732.784674499757
2019-07-08 00:30:00,7539.845914286305
2019-07-08 01:00:00,7350.520879664014
2019-07-08 01:30:00,7308.135417065105
2019-07-08 02:00:00,6981.693774865556
2019-07-08 02:30:00,6708.9423857277725
2019-07-08 03:00:00,6598.810989698667
2019-07-08 03:30:00,6555.609536894572
2019-07-08 04:00:00,6551.524420862831
2019-07-08 04:30:00,6527.383591227391
2019-07-08 05:00:00,6775.728187752375
2019-07-08 05:30:00,6960.269153078156
2019-07-08 06:00:00,7811.20541745934
2019-07-08 06:30:00,7998.729327146431
2019-07-08 07:00:00,8877.469614758718
2019-07-08 07:30:00,9240.58355372159
2019-07-08 08:00:00,9626.367785159518
2019-07-08 08:30:00,9924.121449331906
2019-07-08 09:00:00,9574.697468438004
2019-07-08 09:30:00,9696.185375310757
2019-07-08 10:00:00,9352.534418283904
2019-07-08 10:30:00,9227.693077101314
2019-07-08 11:00:00,8964.713067020884
2019-07-08 11:30:00,8818.10648084151
2019-07-08 12:00:00,8673.273691954368
2019-07-08 12:30:00,8523.219356636831
2019-07-08 13:00:00,8464.876405893063
2019-07-08 13:30:00,8332.500775507659
2019-07-08 14:00:00,8360.850937630832
2019-07-08 14:30:00,8471.182591797573
2019-07-08 15:00:00,8532.734245064907
2019-07-08 15:30:00,8692.6096922848
2019-07-08 16:00:00,8905.600062538402
2019-07-08 16:30:00,9315.610236853401
2019-07-08 17:00:00,9676.748505482648
2019-07-08 17:30:00,10122.673879737877
2019-07-08 18:00:00,10587.796562184985
2019-07-08 18:30:00,10667.285782333185
2019-07-08 19:00:00,10527.20773569092
2019-07-08 19:30:00,10344.525869897723
2019-07-08 20:00:00,9965.567215322948
2019-07-08 20:30:00,9877.674788703058
2019-07-08 21:00:00,9640.865147065699
2019-07-08 21:30:00,9440.060246035475
2019-07-08 22:00:00,9236.248308049599
2019-07-08 22:30:00,9044.65484511595
2019-07-08 23:00:00,8834.430347215288
2019-07-08 23:30:00,8444.80764320281
2019-07-09 00:00:00,8148.792196016539
2019-07-09 00:30:00,7997.788213953157
2019-07-09 01:00:00,7859.574833081878
2019-07-09 01:30:00,7710.725846040768
2019-07-09 02:00:00,7447.591947089173
2019-07-09 02:30:00,7217.864967616024
2019-07-09 03:00:00,6940.562871565007
2019-07-09 03:30:00,6856.83733115449
2019-07-09 04:00:00,6761.242763076281
2019-07-09 04:30:00,6761.242763076281
2019-07-09 05:00:00,6920.481850965847
2019-07-09 05:30:00,7164.816578126429
2019-07-09 06:00:00,7676.7173963322475
2019-07-09 06:30:00,8127.636159875662
2019-07-09 07:00:00,8638.021087109633
2019-07-09 07:30:00,8990.838194597654
2019-07-09 08:00:00,9372.386653353491
2019-07-09 08:30:00,9487.600196951826
2019-07-09 09:00:00,9547.217209735023
2019-07-09 09:30:00,9465.192110088545
2019-07-09 10:00:00,9233.804442896564
2019-07-09 10:30:00,9120.813107204136
2019-07-09 11:00:00,9001.631433592722
2019-07-09 11:30:00,8777.4522632617
2019-07-09 12:00:00,8614.457181685668
2019-07-09 12:30:00,8552.32702281593
2019-07-09 13:00:00,8498.554626966314
2019-07-09 13:30:00,8460.108179206487
2019-07-09 14:00:00,8543.72240866603
2019-07-09 14:30:00,8494.839832067431
2019-07-09 15:00:00,8518.46590039502
2019-07-09 15:30:00,8442.040442842334
2019-07-09 16:00:00,8688.573044680847
2019-07-09 16:30:00,8909.137747930155
2019-07-09 17:00:00,9319.301764505435
2019-07-09 17:30:00,9763.476640745352
2019-07-09 18:00:00,10243.31212246435
2019-07-09 18:30:00,10357.617809264497
2019-07-09 19:00:00,10203.113903552938
2019-07-09 19:30:00,10105.792683919228
2019-07-09 20:00:00,9824.033522287835
2019-07-09 20:30:00,9689.585903469142
2019-07-09 21:00:00,9449.980675182933
2019-07-09 21:30:00,9293.988433994456
2019-07-09 22:00:00,8962.220541326446
2019-07-09 22:30:00,8892.653698879161
2019-07-09 23:00:00,8601.438976731257
2019-07-09 23:30:00,8524.447181949623
2019-07-10 00:00:00,8492.377915565487
2019-07-10 00:30:00,8247.177714105414
2019-07-10 01:00:00,8094.8206175754985
2019-07-10 01:30:00,7812.750272152617
2019-07-10 02:00:00,7579.349662246432
2019-07-10 02:30:00,7214.331061263431
2019-07-10 03:00:00,7106.289728437555
2019-07-10 03:30:00,6958.314177214167
2019-07-10 04:00:00,6831.229176606855
2019-07-10 04:30:00,6778.904451429079
2019-07-10 05:00:00,6908.313533026916
2019-07-10 05:30:00,7256.600200320951
2019-07-10 06:00:00,7729.656638360542
2019-07-10 06:30:00,8495.471732545642
2019-07-10 07:00:00,9145.272833218278
2019-07-10 07:30:00,9502.829132901672
2019-07-10 08:00:00,9782.819681993798
2019-07-10 08:30:00,9804.87217238889
2019-07-10 09:00:00,9575.823217137311
2019-07-10 09:30:00,9389.04702451352
2019-07-10 10:00:00,9049.852025785141
2019-07-10 10:30:00,8867.429128214766
2019-07-10 11:00:00,8534.913388680265
2019-07-10 11:30:00,8330.862699188108
2019-07-10 12:00:00,8206.369606376595
2019-07-10 12:30:00,8116.159762402627
2019-07-10 13:00:00,8007.558836131585
2019-07-10 13:30:00,8007.558836131585
2019-07-10 14:00:00,8009.433555813294
2019-07-10 14:30:00,8045.674651354587
2019-07-10 15:00:00,8155.978734445441
2019-07-10 15:30:00,8324.502531909598
2019-07-10 16:00:00,8569.831342864703
2019-07-10 16:30:00,8896.133847672789
2019-07-10 17:00:00,9445.122848971276
2019-07-10 17:30:00,10125.42811477203
2019-07-10 18:00:00,10722.726098514833
2019-07-10 18:30:00,10743.47237433585
2019-07-10 19:00:00,10696.034967485879
2019-07-10 19:30:00,10631.76881439663
2019-07-10 20:00:00,10335.943132367524
2019-07-10 20:30:00,10263.98158818006
2019-07-10 21:00:00,10060.564357488553
2019-07-10 21:30:00,9794.690438235159
2019-07-10 22:00:00,9451.113631972696
2019-07-10 22:30:00,9352.52159841711
2019-07-10 23:00:00,9047.554850824356
2019-07-10 23:30:00,8856.550168574066
2019-07-11 00:00:00,8695.340529273019
2019-07-11 00:30:00,8525.739438492457
2019-07-11 01:00:00,8271.688598505756
2019-07-11 01:30:00,8035.096059933881
2019-07-11 02:00:00,7816.37085446139
2019-07-11 02:30:00,7371.158817704441
2019-07-11 03:00:00,7148.955319912756
2019-07-11 03:30:00,6933.298837176079
2019-07-11 04:00:00,6917.44056372419
2019-07-11 04:30:00,6917.44056372419
2019-07-11 05:00:00,7116.982974977819
2019-07-11 05:30:00,7361.708897134397
2019-07-11 06:00:00,7815.559368316727
2019-07-11 06:30:00,8547.450871561083
2019-07-11 07:00:00,9237.136405791234
2019-07-11 07:30:00,9601.771754891182
2019-07-11 08:00:00,10038.254167815037
2019-07-11 08:30:00,10094.204727014447
2019-07-11 09:00:00,9868.625448481438
2019-07-11 09:30:00,9601.236620420445
2019-07-11 10:00:00,9294.118424628237
2019-07-11 10:30:00,9078.604539257412
2019-07-11 11:00:00,8826.269661472648
2019-07-11 11:30:00,8563.665902152536
2019-07-11 12:00:00,8427.82107443952
2019-07-11 12:30:00,8289.404214359552
2019-07-11 13:00:00,8291.577886306386
2019-07-11 13:30:00,8265.749568530597
2019-07-11 14:00:00,8291.577886306386
2019-07-11 14:30:00,8303.629143997852
2019-07-11 15:00:00,8395.448420240939
2019-07-11 15:30:00,8507.537415424695
2019-07-11 16:00:00,8703.351521874574
2019-07-11 16:30:00,9068.903443913443
2019-07-11 17:00:00,9638.443146472871
2019-07-11 17:30:00,10209.609723498274
2019-07-11 18:00:00,10877.78203572826
2019-07-11 18:30:00,11062.086659484467
2019-07-11 19:00:00,11008.836708851608
2019-07-11 19:30:00,10792.406490096653
2019-07-11 20:00:00,10701.250571598239
2019-07-11 20:30:00,10438.349939906731
2019-07-11 21:00:00,10189.033952730846
2019-07-11 21:30:00,10138.810717549495
2019-07-11 22:00:00,9806.558641673531
2019-07-11 22:30:00,9684.462522708545
2019-07-11 23:00:00,9383.846163974094
2019-07-11 23:30:00,9110.580067042303
2019-07-12 00:00:00,8886.415329780204
2019-07-12 00:30:00,8644.203003682778
2019-07-12 01:00:00,8417.344189651567
2019-07-12 01:30:00,8145.638369881322
2019-07-12 02:00:00,7849.497386371154
2019-07-12 02:30:00,7539.127581831036
2019-07-12 03:00:00,7278.646362471752
2019-07-12 03:30:00,7123.331902959229
2019-07-12 04:00:00,6987.312912805467
2019-07-12 04:30:00,7024.856369479942
2019-07-12 05:00:00,7133.773391161803
2019-07-12 05:30:00,7477.284413839723
2019-07-12 06:00:00,7825.165371979772
2019-07-12 06:30:00,8515.417817930047
2019-07-12 07:00:00,9177.739250765517
2019-07-12 07:30:00,9506.719495540296
2019-07-12 08:00:00,9772.84223522768
2019-07-12 08:30:00,9773.333922832706
2019-07-12 09:00:00,9574.733586001334
2019-07-12 09:30:00,9391.06962238647
2019-07-12 10:00:00,9065.389612770767
2019-07-12 10:30:00,8838.036051058934
2019-07-12 11:00:00,8573.482625156217
2019-07-12 11:30:00,8392.653852069356
2019-07-12 12:00:00,8311.977739578031
2019-07-12 12:30:00,8210.89024144259
2019-07-12 13:00:00,8182.161052294697
2019-07-12 13:30:00,8182.161052294697
2019-07-12 14:00:00,8194.106222288068
2019-07-12 14:30:00,8210.89024144259
2019-07-12 15:00:00,8269.288473216326
2019-07-12 15:30:00,8407.705333296293
2019-07-12 16:00:00,8635.433845161715
2019-07-12 16:30:00,8957.62589246075
2019-07-12 17:00:00,9326.45173667762
2019-07-12 17:30:00,9834.501538629744
2019-07-12 18:00:00,10339.334056090995
2019-07-12 18:30:00,10434.871175231741
2019-07-12 19:00:00,10387.365332101677
2019-07-12 19:30:00,10188.92472727403
2019-07-12 20:00:00,10159.379661162018
2019-07-12 20:30:00,9996.800565899977
2019-07-12 21:00:00,9911.971704037984
2019-07-12 21:30:00,9660.490107892658
2019-07-12 22:00:00,9519.612881045428
2019-07-12 22:30:00,9361.07212865151
2019-07-12 23:00:00,9070.74242682384
2019-07-12 23:30:00,8877.741229025562
2019-07-13 00:00:00,8688.027924266367
2019-07-13 00:30:00,8470.835326012919
2019-07-13 01:00:00,8069.048067528328
2019-07-13 01:30:00,7899.470220897068
2019-07-13 02:00:00,7645.882742851883
2019-07-13 02:30:00,7348.31538048057
2019-07-13 03:00:00,7024.373004196637
2019-07-13 03:30:00,6829.566594903213
2019-07-13 04:00:00,6730.935492740494
2019-07-13 04:30:00,6722.820366000553
2019-07-13 05:00:00,6646.531278300576
2019-07-13 05:30:00,6908.3468531223725
2019-07-13 06:00:00,6872.610058772432
2019-07-13 06:30:00,7349.355184766141
2019-07-13 07:00:00,7658.938251904777
2019-07-13 07:30:00,7850.20548150072
2019-07-13 08:00:00,8501.898629477473
2019-07-13 08:30:00,8507.72588395085
2019-07-13 09:00:00,8716.336695397715
2019-07-13 09:30:00,8520.936974469207
2019-07-13 10:00:00,8348.353219812361
2019-07-13 10:30:00,8153.171081260437
2019-07-13 11:00:00,7968.67702716753
2019-07-13 11:30:00,7880.7511733753145
2019-07-13 12:00:00,7757.965895209077
2019-07-13 12:30:00,7619.658937027883
2019-07-13 13:00:00,7525.818595859184
2019-07-13 13:30:00,7524.256925172591
2019-07-13 14:00:00,7519.532410316226
2019-07-13 14:30:00,7579.592143903205
2019-07-13 15:00:00,7661.607472448853
2019-07-13 15:30:00,7791.178840943649
2019-07-13 16:00:00,7913.627119027519
2019-07-13 16:30:00,8133.510838115087
2019-07-13 17:00:00,8547.86585838892
2019-07-13 17:30:00,8927.013465519081
2019-07-13 18:00:00,9464.056101932285
2019-07-13 18:30:00,9464.547789537311
2019-07-13 19:00:00,9326.70251310176
2019-07-13 19:30:00,9252.049352491209
2019-07-13 20:00:00,9040.177286718494
2019-07-13 20:30:00,8874.14150974216
2019-07-13 21:00:00,8688.326678576172
2019-07-13 21:30:00,8591.999563518752
2019-07-13 22:00:00,8418.98989485089
2019-07-13 22:30:00,8399.145686278796
2019-07-13 23:00:00,8091.755405638291
2019-07-13 23:30:00,8022.78259167048
2019-07-14 00:00:00,8007.076177065848
2019-07-14 00:30:00,7882.191288135176
2019-07-14 01:00:00,7668.313664158156
2019-07-14 01:30:00,7339.678377075806
2019-07-14 02:00:00,7220.367510302997
2019-07-14 02:30:00,6884.3482457466225
2019-07-14 03:00:00,6670.870952115837
2019-07-14 03:30:00,6470.824867013146
2019-07-14 04:00:00,6299.403989200173
2019-07-14 04:30:00,6248.82024639085
2019-07-14 05:00:00,6358.116753424319
2019-07-14 05:30:00,6484.217843670892
2019-07-14 06:00:00,6559.54703376214
2019-07-14 06:30:00,6954.1153416011775
2019-07-14 07:00:00,7167.200349856138
2019-07-14 07:30:00,7434.084634852956
2019-07-14 08:00:00,7796.6572941689055
2019-07-14 08:30:00,8072.772292631839
2019-07-14 09:00:00,8226.864435780086
2019-07-14 09:30:00,8195.59763170553
2019-07-14 10:00:00,8151.012645628217
2019-07-14 10:30:00,8049.482459947283
2019-07-14 11:00:00,7895.710298564569
2019-07-14 11:30:00,7667.296787501544
2019-07-14 12:00:00,7480.393712817797
2019-07-14 12:30:00,7528.301698871342
2019-07-14 13:00:00,7491.823176374348
2019-07-14 13:30:00,7410.07009244489
2019-07-14 14:00:00,7404.351601582353
2019-07-14 14:30:00,7423.601501950399
2019-07-14 15:00:00,7560.926188853094
2019-07-14 15:30:00,7664.765600775616
2019-07-14 16:00:00,8126.408922482089
2019-07-14 16:30:00,8364.739550282919
2019-07-14 17:00:00,9103.583042434373
2019-07-14 17:30:00,9684.226467063523
2019-07-14 18:00:00,10432.168405541648
2019-07-14 18:30:00,10432.168405541648
2019-07-14 19:00:00,10398.655094867598
2019-07-14 19:30:00,10306.28198168721
2019-07-14 20:00:00,10018.42718293556
2019-07-14 20:30:00,9973.996820356293
2019-07-14 21:00:00,9730.210145749472
2019-07-14 21:30:00,9612.665173767678
2019-07-14 22:00:00,9248.289711142937
2019-07-14 22:30:00,9215.795838058351
2019-07-14 23:00:00,8917.135238420324
2019-07-14 23:30:00,8614.603962574922
2019-07-15 00:00:00,8569.563865171387
2019-07-15 00:30:00,8307.7052357329
2019-07-15 01:00:00,7877.860348047948
2019-07-15 01:30:00,7649.833535704605
2019-07-15 02:00:00,7556.9511619719515
2019-07-15 02:30:00,7272.523139419446
2019-07-15 03:00:00,7150.039682782658
2019-07-15 03:30:00,7005.37480338712
2019-07-15 04:00:00,7204.369885878291
2019-07-15 04:30:00,6951.574087692533
2019-07-15 05:00:00,7102.377774986969
2019-07-15 05:30:00,7277.861576261651
2019-07-15 06:00:00,8086.429264304599
2019-07-15 06:30:00,8504.187391536361
2019-07-15 07:00:00,9558.0705456038
2019-07-15 07:30:00,9718.087901848428
2019-07-15 08:00:00,10217.316077494143
2019-07-15 08:30:00,10229.56279225306
2019-07-15 09:00:00,10020.968497789583
2019-07-15 09:30:00,10084.626890964642
2019-07-15 10:00:00,9709.109428668404
2019-07-15 10:30:00,9496.106489492904
2019-07-15 11:00:00,9146.459512052825
2019-07-15 11:30:00,8982.936868837229
2019-07-15 12:00:00,8917.079904686067
2019-07-15 12:30:00,8718.440569705645
2019-07-15 13:00:00,8709.579066329728
2019-07-15 13:30:00,8727.453938330813
2019-07-15 14:00:00,8727.358287031046
2019-07-15 14:30:00,8746.60818739909
2019-07-15 15:00:00,8957.847318944088
2019-07-15 15:30:00,9007.527704046435
2019-07-15 16:00:00,9506.543877033579
2019-07-15 16:30:00,9797.225849244303
2019-07-15 17:00:00,10408.524295157646
2019-07-15 17:30:00,11024.240246252455
2019-07-15 18:00:00,11482.092957883438
2019-07-15 18:30:00,11589.65442231874
2019-07-15 19:00:00,11472.25497654107
2019-07-15 19:30:00,11440.66900618676
2019-07-15 20:00:00,11076.365558852405
2019-07-15 20:30:00,11054.939899276316
2019-07-15 21:00:00,10740.443381288937
2019-07-15 21:30:00,10444.4453525739
2019-07-15 22:00:00,10082.17109690552
2019-07-15 22:30:00,9771.525401663945
2019-07-15 23:00:00,9381.271879155773
2019-07-15 23:30:00,9285.002293597418
2019-07-16 00:00:00,8777.230655670917
2019-07-16 00:30:00,8585.06988941281
2019-07-16 01:00:00,8282.024876232857
2019-07-16 01:30:00,8256.249413722613
2019-07-16 02:00:00,7912.980712175249
2019-07-16 02:30:00,7718.41678117456
2019-07-16 03:00:00,7462.899256791026
2019-07-16 03:30:00,7306.27973736311
2019-07-16 04:00:00,7156.604870800529
2019-07-16 04:30:00,7215.598693199185
2019-07-16 05:00:00,7294.87406337485
2019-07-16 05:30:00,7616.105403328988
2019-07-16 06:00:00,8052.04515811868
2019-07-16 06:30:00,8626.668342333001
2019-07-16 07:00:00,9285.33496276917
2019-07-16 07:30:00,9714.90015611774
2019-07-16 08:00:00,10091.370516320221
2019-07-16 08:30:00,10122.610837693133
2019-07-16 09:00:00,9954.089977293668
2019-07-16 09:30:00,9709.312345545059
2019-07-16 10:00:00,9447.976340520136
2019-07-16 10:30:00,9276.412932995487
2019-07-16 11:00:00,9106.540144012637
2019-07-16 11:30:00,8852.823615654303
2019-07-16 12:00:00,8691.444887987756
2019-07-16 12:30:00,8555.444869844758
2019-07-16 13:00:00,8475.515331331657
2019-07-16 13:30:00,8452.822040413514
2019-07-16 14:00:00,8452.822040413514
2019-07-16 14:30:00,8423.395185392214
2019-07-16 15:00:00,8467.795451429356
2019-07-16 15:30:00,8597.20127313229
2019-07-16 16:00:00,8830.979600916993
2019-07-16 16:30:00,9164.025495869277
2019-07-16 17:00:00,9664.61269806824
2019-07-16 17:30:00,10283.008757510177
2019-07-16 18:00:00,11122.463074561045
2019-07-16 18:30:00,11241.537015524915
2019-07-16 19:00:00,11235.758456863347
2019-07-16 19:30:00,11045.243170057362
2019-07-16 20:00:00,10774.742655917136
2019-07-16 20:30:00,10689.536353232259
2019-07-16 21:00:00,10434.091507433666
2019-07-16 21:30:00,10251.4005748867
2019-07-16 22:00:00,9902.469932189368
2019-07-16 22:30:00,9719.331743744086
2019-07-16 23:00:00,9314.318173808646
2019-07-16 23:30:00,9125.950932488595
2019-07-17 00:00:00,8847.691127432498
2019-07-17 00:30:00,8629.157742990812
2019-07-17 01:00:00,8440.134527168988
2019-07-17 01:30:00,8174.827966918173
2019-07-17 02:00:00,7931.900021203681
2019-07-17 02:30:00,7602.362902437342
2019-07-17 03:00:00,7428.579838027051
2019-07-17 03:30:00,7222.341636730829
2019-07-17 04:00:00,7100.85244872738
2019-07-17 04:30:00,7159.268268013438
2019-07-17 05:00:00,7189.082270427061
2019-07-17 05:30:00,7669.231704040989
2019-07-17 06:00:00,8058.481625769005
2019-07-17 06:30:00,8791.597536821368
2019-07-17 07:00:00,9442.082472764745
2019-07-17 07:30:00,9836.561411576628
2019-07-17 08:00:00,10200.360844356499
2019-07-17 08:30:00,10239.129065611993
2019-07-17 09:00:00,10009.914787056961
2019-07-17 09:30:00,9756.234031430793
2019-07-17 10:00:00,9429.07340429985
2019-07-17 10:30:00,9159.642916866545
2019-07-17 11:00:00,8819.770747066425
2019-07-17 11:30:00,8493.033822949534
2019-07-17 12:00:00,8363.712701629944
2019-07-17 12:30:00,8239.520771188276
2019-07-17 13:00:00,8181.196844099748
2019-07-17 13:30:00,8088.564773302795
2019-07-17 14:00:00,8019.50135670858
2019-07-17 14:30:00,8143.708028979486
2019-07-17 15:00:00,8219.431812826248
2019-07-17 15:30:00,8379.153808267609
2019-07-17 16:00:00,8621.217556166766
2019-07-17 16:30:00,8914.595779092295
2019-07-17 17:00:00,9377.600663449579
2019-07-17 17:30:00,10027.962242274247
2019-07-17 18:00:00,10692.43402164498
2019-07-17 18:30:00,10796.949395219002
2019-07-17 19:00:00,10754.988531405235
2019-07-17 19:30:00,10635.881174815977
2019-07-17 20:00:00,10332.981040014361
2019-07-17 20:30:00,10266.834483511566
2019-07-17 21:00:00,10056.74478089256
2019-07-17 21:30:00,9833.419485053853
2019-07-17 22:00:00,9524.778828138733
2019-07-17 22:30:00,9353.87499855678
2019-07-17 23:00:00,9057.638720782761
2019-07-17 23:30:00,8898.269568699036
2019-07-18 00:00:00,8750.468159477055
2019-07-18 00:30:00,8482.87783094091
2019-07-18 01:00:00,8260.592609895768
2019-07-18 01:30:00,8135.135739966652
2019-07-18 02:00:00,7818.366063449544
2019-07-18 02:30:00,7470.105258361093
2019-07-18 03:00:00,7176.138026167266
2019-07-18 03:30:00,6921.592300323001
2019-07-18 04:00:00,6871.880023836658
2019-07-18 04:30:00,6977.506078344104
2019-07-18 05:00:00,7047.850238742523
2019-07-18 05:30:00,7386.576665297031
2019-07-18 06:00:00,7847.75490329962
2019-07-18 06:30:00,8596.511593038762
2019-07-18 07:00:00,9208.767024323062
2019-07-18 07:30:00,9615.394613548444
2019-07-18 08:00:00,10079.412426103696
2019-07-18 08:30:00,9887.77919998519
2019-07-18 09:00:00,9694.12697289821
2019-07-18 09:30:00,9464.104131323265
2019-07-18 10:00:00,9184.085610831065
2019-07-18 10:30:00,8888.789032000057
2019-07-18 11:00:00,8611.733455928292
2019-07-18 11:30:00,8359.929021788717
2019-07-18 12:00:00,8157.875008550311
2019-07-18 12:30:00,7927.704141715044
2019-07-18 13:00:00,7863.531554103029
2019-07-18 13:30:00,7882.074778759777
2019-07-18 14:00:00,7876.35628789724
2019-07-18 14:30:00,7897.449043553529
2019-07-18 15:00:00,8024.862211503424
2019-07-18 15:30:00,8186.814489685497
2019-07-18 16:00:00,8417.165571962203
2019-07-18 16:30:00,8742.04054574983
2019-07-18 17:00:00,9287.550732212958
2019-07-18 17:30:00,9800.347310503532
2019-07-18 18:00:00,10440.478267417162
2019-07-18 18:30:00,10555.055646052666
2019-07-18 19:00:00,10641.840534669253
2019-07-18 19:30:00,10485.811952147136
2019-07-18 20:00:00,10291.282754600661
2019-07-18 20:30:00,10178.926894519971
2019-07-18 21:00:00,9979.205975852758
2019-07-18 21:30:00,9727.724379707432
2019-07-18 22:00:00,9382.62751202905
2019-07-18 22:30:00,9271.06657850209
2019-07-18 23:00:00,8948.53595183988
2019-07-18 23:30:00,8825.637562896489
2019-07-19 00:00:00,8629.098754673234
2019-07-19 00:30:00,8493.029320254356
2019-07-19 01:00:00,8242.839237320111
2019-07-19 01:30:00,8024.807462228344
2019-07-19 02:00:00,7782.926701881399
2019-07-19 02:30:00,7466.503950555393
2019-07-19 03:00:00,7202.110526078679
2019-07-19 03:30:00,7023.50072401023
2019-07-19 04:00:00,6962.431415092425
2019-07-19 04:30:00,6993.682841597071
2019-07-19 05:00:00,7147.433716588565
2019-07-19 05:30:00,7478.842432125505
2019-07-19 06:00:00,7909.4583476795915
2019-07-19 06:30:00,8608.74427547189
2019-07-19 07:00:00,9197.214016803673
2019-07-19 07:30:00,9516.058425107896
2019-07-19 08:00:00,9850.163262876604
2019-07-19 08:30:00,9797.821245138783
2019-07-19 09:00:00,9628.645396091288
2019-07-19 09:30:00,9383.258520355042
2019-07-19 10:00:00,9055.970843580784
2019-07-19 10:30:00,8784.870168816406
2019-07-19 11:00:00,8468.961111416627
2019-07-19 11:30:00,8191.63664124138
2019-07-19 12:00:00,8058.164228649782
2019-07-19 12:30:00,7905.942876634934
2019-07-19 13:00:00,7866.321443823757
2019-07-19 13:30:00,7833.107783892407
2019-07-19 14:00:00,7807.017226383586
2019-07-19 14:30:00,7829.649332825197
2019-07-19 15:00:00,7928.6025418146955
2019-07-19 15:30:00,8143.857097301329
2019-07-19 16:00:00,8305.654300326587
2019-07-19 16:30:00,8639.967820203543
2019-07-19 17:00:00,9110.093672935005
2019-07-19 17:30:00,9614.752862015876
2019-07-19 18:00:00,10216.30750118749
2019-07-19 18:30:00,10404.866573737381
2019-07-19 19:00:00,10300.939417331774
2019-07-19 19:30:00,10260.969111875678
2019-07-19 20:00:00,10184.457064548173
2019-07-19 20:30:00,10169.824941482908
2019-07-19 21:00:00,10073.56697533193
2019-07-19 21:30:00,9769.899626462098
2019-07-19 22:00:00,9507.97417892239
2019-07-19 22:30:00,9410.609133038657
2019-07-19 23:00:00,9051.430693167618
2019-07-19 23:30:00,8895.841377597242
2019-07-20 00:00:00,8742.497420414533
2019-07-20 00:30:00,8605.984044834253
2019-07-20 01:00:00,8275.739033155707
2019-07-20 01:30:00,7925.785923769962
2019-07-20 02:00:00,7746.432128390893
2019-07-20 02:30:00,7434.473170978485
2019-07-20 03:00:00,7153.486560359198
2019-07-20 03:30:00,7030.276563753789
2019-07-20 04:00:00,6825.108115943921
2019-07-20 04:30:00,6886.269508809131
2019-07-20 05:00:00,6871.18625733031
2019-07-20 05:30:00,7159.91476923737
2019-07-20 06:00:00,6999.24957679971
2019-07-20 06:30:00,7502.241800444915
2019-07-20 07:00:00,7687.213412883067
2019-07-20 07:30:00,8132.8473593465615
2019-07-20 08:00:00,8752.610167226776
2019-07-20 08:30:00,8864.429325829125
2019-07-20 09:00:00,9226.769184077604
2019-07-20 09:30:00,8948.390724978117
2019-07-20 10:00:00,8561.380932086055
2019-07-20 10:30:00,8277.841791310122
2019-07-20 11:00:00,7922.61186319019
2019-07-20 11:30:00,7719.956330207617
2019-07-20 12:00:00,7526.299631576705
2019-07-20 12:30:00,7468.26293875674
2019-07-20 13:00:00,7431.733182644543
2019-07-20 13:30:00,7419.7787747112
2019-07-20 14:00:00,7358.678424461516
2019-07-20 14:30:00,7394.701833949552
2019-07-20 15:00:00,7427.3075570773935
2019-07-20 15:30:00,7463.84981163863
2019-07-20 16:00:00,7719.421959778894
2019-07-20 16:30:00,7973.461933722683
2019-07-20 17:00:00,8450.809221869242
2019-07-20 17:30:00,9076.217564386972
2019-07-20 18:00:00,9751.002070166136
2019-07-20 18:30:00,9749.866010984555
2019-07-20 19:00:00,9732.435761324059
2019-07-20 19:30:00,9565.797397032988
2019-07-20 20:00:00,9467.968824176716
2019-07-20 20:30:00,9393.907814544871
2019-07-20 21:00:00,9289.587721859309
2019-07-20 21:30:00,9181.47420098501
2019-07-20 22:00:00,9001.803960216972
2019-07-20 22:30:00,8881.685496170472
2019-07-20 23:00:00,8587.6238956696
2019-07-20 23:30:00,8526.241810750973
2019-07-21 00:00:00,8268.665126238044
2019-07-21 00:30:00,8009.250981601044
2019-07-21 01:00:00,7788.996789208028
2019-07-21 01:30:00,7616.730314445009
2019-07-21 02:00:00,7344.171420854956
2019-07-21 02:30:00,7045.569507489952
2019-07-21 03:00:00,6899.965316141699
2019-07-21 03:30:00,6710.205592044955
2019-07-21 04:00:00,6593.211546299034
2019-07-21 04:30:00,6503.935371280758
2019-07-21 05:00:00,6530.474491780374
2019-07-21 05:30:00,6615.153922593281
2019-07-21 06:00:00,6773.560926773335
2019-07-21 06:30:00,7207.626359002326
2019-07-21 07:00:00,7468.247880975176
2019-07-21 07:30:00,7870.409238541107
2019-07-21 08:00:00,8317.42608589448
2019-07-21 08:30:00,8697.279752571498
2019-07-21 09:00:00,8616.153103781216
2019-07-21 09:30:00,8574.667932284798
2019-07-21 10:00:00,8392.825221823317
2019-07-21 10:30:00,8083.536155847058
2019-07-21 11:00:00,7825.329147169757
2019-07-21 11:30:00,7504.844760553511
2019-07-21 12:00:00,7293.03294843366
2019-07-21 12:30:00,7040.772885324418
2019-07-21 13:00:00,6970.996869697733
2019-07-21 13:30:00,6970.996869697733
2019-07-21 14:00:00,6981.937552121681
2019-07-21 14:30:00,6981.937552121681
2019-07-21 15:00:00,7023.969273721136
2019-07-21 15:30:00,7101.142309071832
2019-07-21 16:00:00,7414.899646060539
2019-07-21 16:30:00,7756.2452976491595
2019-07-21 17:00:00,8385.226391160153
2019-07-21 17:30:00,8865.031824615262
2019-07-21 18:00:00,9741.905069475564
2019-07-21 18:30:00,9823.719014593331
2019-07-21 19:00:00,9845.713973217737
2019-07-21 19:30:00,9791.831990600216
2019-07-21 20:00:00,9653.563260977826
2019-07-21 20:30:00,9554.97122742224
2019-07-21 21:00:00,9329.209730624569
2019-07-21 21:30:00,9124.841641907633
2019-07-21 22:00:00,8876.862218361823
2019-07-21 22:30:00,8752.048182291861
2019-07-21 23:00:00,8386.849854235938
2019-07-21 23:30:00,8178.42490635833
2019-07-22 00:00:00,8096.554121195322
2019-07-22 00:30:00,7633.971260650089
2019-07-22 01:00:00,7415.79337334247
2019-07-22 01:30:00,7239.0972252056545
2019-07-22 02:00:00,7233.317502906044
2019-07-22 02:30:00,6875.080530186535
2019-07-22 03:00:00,6782.611688745021
2019-07-22 03:30:00,6682.36445152346
2019-07-22 04:00:00,6694.457608216514
2019-07-22 04:30:00,6694.457608216514
2019-07-22 05:00:00,6980.845054871415
2019-07-22 05:30:00,7057.4546505048975
2019-07-22 06:00:00,8054.124559128139
2019-07-22 06:30:00,8405.151103541886
2019-07-22 07:00:00,9427.160911899678
2019-07-22 07:30:00,9768.644647766896
2019-07-22 08:00:00,10194.678211190203
2019-07-22 08:30:00,10164.095437278962
2019-07-22 09:00:00,9922.74538020317
2019-07-22 09:30:00,9679.555448171677
2019-07-22 10:00:00,9250.477599216076
2019-07-22 10:30:00,8975.181682294495
2019-07-22 11:00:00,8626.068219568086
2019-07-22 11:30:00,8275.458769396912
2019-07-22 12:00:00,7925.742732940466
2019-07-22 12:30:00,7718.538466283553
2019-07-22 13:00:00,7785.791547606745
2019-07-22 13:30:00,7705.511778019378
2019-07-22 14:00:00,7691.075878488286
2019-07-22 14:30:00,7776.954420686423
2019-07-22 15:00:00,7891.539588797393
2019-07-22 15:30:00,8215.759195316848
2019-07-22 16:00:00,8523.926954723802
2019-07-22 16:30:00,8787.982416607736
2019-07-22 17:00:00,9250.737665742281
2019-07-22 17:30:00,9734.399171136747
2019-07-22 18:00:00,10232.76128238507
2019-07-22 18:30:00,10482.394170841711
2019-07-22 19:00:00,10440.506673855387
2019-07-22 19:30:00,10231.78853092365
2019-07-22 20:00:00,9891.49710446795
2019-07-22 20:30:00,9814.183063451466
2019-07-22 21:00:00,9646.453021663041
2019-07-22 21:30:00,9271.895740237804
2019-07-22 22:00:00,9144.689312784965
2019-07-22 22:30:00,8791.761899065175
2019-07-22 23:00:00,8426.562444896668
2019-07-22 23:30:00,8391.107001709019
2019-07-23 00:00:00,8067.232570582531
2019-07-23 00:30:00,7950.207523271214
2019-07-23 01:00:00,7759.4579054461465
2019-07-23 01:30:00,7658.127432313199
2019-07-23 02:00:00,7384.948991514392
2019-07-23 02:30:00,7099.257675701966
2019-07-23 03:00:00,6774.0958849365925
2019-07-23 03:30:00,6768.316427969172
2019-07-23 04:00:00,6632.268761234722
2019-07-23 04:30:00,6724.3225608763805
2019-07-23 05:00:00,6870.103031719253
2019-07-23 05:30:00,7249.828708806073
2019-07-23 06:00:00,7673.097413705685
2019-07-23 06:30:00,8274.28561232183
2019-07-23 07:00:00,9009.308543552483
2019-07-23 07:30:00,9369.696097486194
2019-07-23 08:00:00,9666.723042071259
2019-07-23 08:30:00,9580.429467675727
2019-07-23 09:00:00,9492.643127699565
2019-07-23 09:30:00,9314.783971223407
2019-07-23 10:00:00,9095.817958978107
2019-07-23 10:30:00,8915.645566881984
2019-07-23 11:00:00,8606.065514638502
2019-07-23 11:30:00,8309.774453969912
2019-07-23 12:00:00,8160.444293591179
2019-07-23 12:30:00,7991.877334464616
2019-07-23 13:00:00,7939.863080904479
2019-07-23 13:30:00,7921.524459917097
2019-07-23 14:00:00,7941.072766722663
2019-07-23 14:30:00,7945.326226642214
2019-07-23 15:00:00,7920.614534585892
2019-07-23 15:30:00,7948.178858316467
2019-07-23 16:00:00,8114.778776597769
2019-07-23 16:30:00,8312.06632671358
2019-07-23 17:00:00,8715.424590369092
2019-07-23 17:30:00,9207.193272437024
2019-07-23 18:00:00,9971.630053219938
2019-07-23 18:30:00,10064.003166400325
2019-07-23 19:00:00,9991.190310514792
2019-07-23 19:30:00,9827.514870947964
2019-07-23 20:00:00,9634.607557610221
2019-07-23 20:30:00,9447.654194141216
2019-07-23 21:00:00,9285.713861271937
2019-07-23 21:30:00,9052.155242564852
2019-07-23 22:00:00,8788.122244009743
2019-07-23 22:30:00,8804.821795761398
2019-07-23 23:00:00,8448.128946207657
2019-07-23 23:30:00,8345.714717943518
2019-07-24 00:00:00,8161.374532553088
2019-07-24 00:30:00,8062.598405296217
2019-07-24 01:00:00,7863.267821689974
2019-07-24 01:30:00,7658.3182886026325
2019-07-24 02:00:00,7372.672975174842
2019-07-24 02:30:00,7052.541014336076
2019-07-24 03:00:00,6797.8057907055
2019-07-24 03:30:00,6636.917804839814
2019-07-24 04:00:00,6505.724397042881
2019-07-24 04:30:00,6549.493834828223
2019-07-24 05:00:00,6712.8567116227605
2019-07-24 05:30:00,7012.02016188733
2019-07-24 06:00:00,7495.753230867897
2019-07-24 06:30:00,8203.972233217484
2019-07-24 07:00:00,9077.03927781565
2019-07-24 07:30:00,9486.105850463653
2019-07-24 08:00:00,9640.004557740904
2019-07-24 08:30:00,9432.651011401455
2019-07-24 09:00:00,9080.594726194448
2019-07-24 09:30:00,8742.584135733674
2019-07-24 10:00:00,8415.209277447066
2019-07-24 10:30:00,8138.662589531115
2019-07-24 11:00:00,7860.67180795796
2019-07-24 11:30:00,7714.813628700085
2019-07-24 12:00:00,7482.188428182345
2019-07-24 12:30:00,7422.92990090277
2019-07-24 13:00:00,7444.509443031386
2019-07-24 13:30:00,7481.434130443829
2019-07-24 14:00:00,7510.700249969441
2019-07-24 14:30:00,7521.734556615834
2019-07-24 15:00:00,7631.824997616433
2019-07-24 15:30:00,7713.356272302143
2019-07-24 16:00:00,7941.497910779091
2019-07-24 16:30:00,8193.173686760487
2019-07-24 17:00:00,8675.413546998185
2019-07-24 17:30:00,9084.643519619822
2019-07-24 18:00:00,9794.711225826904
2019-07-24 18:30:00,9911.253515548511
2019-07-24 19:00:00,9875.677767049647
2019-07-24 19:30:00,9708.168521868676
2019-07-24 20:00:00,9485.030830313286
2019-07-24 20:30:00,9382.93803068126
2019-07-24 21:00:00,9256.525651787442
2019-07-24 21:30:00,8974.697203545662
2019-07-24 22:00:00,8726.799766378253
2019-07-24 22:30:00,8624.93460073871
2019-07-24 23:00:00,8359.660476180012
2019-07-24 23:30:00,8226.46874361762
2019-07-25 00:00:00,8214.026327787635
2019-07-25 00:30:00,8076.205269942939
2019-07-25 01:00:00,7907.081770485831
2019-07-25 01:30:00,7650.144674532421
2019-07-25 02:00:00,7361.340756513857
2019-07-25 02:30:00,7109.763209969695
2019-07-25 03:00:00,6856.9702336963655
2019-07-25 03:30:00,6734.936438964434
2019-07-25 04:00:00,6612.66953994941
2019-07-25 04:30:00,6700.710871366069
2019-07-25 05:00:00,6814.760529837945
2019-07-25 05:30:00,7087.933085144071
2019-07-25 06:00:00,7456.383966211709
2019-07-25 06:30:00,8258.746254286194
2019-07-25 07:00:00,9106.149297795606
2019-07-25 07:30:00,9437.526742654944
2019-07-25 08:00:00,9598.735158706279
2019-07-25 08:30:00,9448.895375827056
2019-07-25 09:00:00,9062.283712513388
2019-07-25 09:30:00,8747.259502873849
2019-07-25 10:00:00,8529.584090177192
2019-07-25 10:30:00,8298.633841807254
2019-07-25 11:00:00,8087.153955565612
2019-07-25 11:30:00,7971.89448748856
2019-07-25 12:00:00,7807.760131302296
2019-07-25 12:30:00,7748.384176365957
2019-07-25 13:00:00,7700.029050648033
2019-07-25 13:30:00,7659.35874360066
2019-07-25 14:00:00,7698.814114977227
2019-07-25 14:30:00,7718.064015345273
2019-07-25 15:00:00,7821.32495587034
2019-07-25 15:30:00,7992.251855203978
2019-07-25 16:00:00,8197.732571451985
2019-07-25 16:30:00,8498.306688744264
2019-07-25 17:00:00,8970.819082620093
2019-07-25 17:30:00,9490.486533976724
2019-07-25 18:00:00,10206.864405841667
2019-07-25 18:30:00,10310.925139514551
2019-07-25 19:00:00,10312.755724164812
2019-07-25 19:30:00,10200.399864084122
2019-07-25 20:00:00,9961.944227982824
2019-07-25 20:30:00,9833.56241611457
2019-07-25 21:00:00,9681.945052619694
2019-07-25 21:30:00,9507.780759623021
2019-07-25 22:00:00,9210.839789649543
2019-07-25 22:30:00,9160.014215196887
2019-07-25 23:00:00,8881.098567745612
2019-07-25 23:30:00,8796.074236070846
2019-07-26 00:00:00,8569.960821893888
2019-07-26 00:30:00,8468.242959833568
2019-07-26 01:00:00,8226.40876321678
2019-07-26 01:30:00,8132.008653998858
2019-07-26 02:00:00,7843.538981083189
2019-07-26 02:30:00,7533.495702476085
2019-07-26 03:00:00,7256.079020013273
2019-07-26 03:30:00,7174.620314404312
2019-07-26 04:00:00,6995.205769241323
2019-07-26 04:30:00,7086.0509670006695
2019-07-26 05:00:00,7174.153881454438
2019-07-26 05:30:00,7568.5326199035635
2019-07-26 06:00:00,8041.669226064872
2019-07-26 06:30:00,8853.122969711909
2019-07-26 07:00:00,9598.77057732509
2019-07-26 07:30:00,10089.237573309974
2019-07-26 08:00:00,10317.21040448679
2019-07-26 08:30:00,10077.898983567127
2019-07-26 09:00:00,9737.194062610553
2019-07-26 09:30:00,9483.007945328316
2019-07-26 10:00:00,9164.503861445724
2019-07-26 10:30:00,9008.914545875348
2019-07-26 11:00:00,8617.37346842528
2019-07-26 11:30:00,8404.141319425382
2019-07-26 12:00:00,8211.376211750301
2019-07-26 12:30:00,8047.726476286972
2019-07-26 13:00:00,7951.0533231663385
2019-07-26 13:30:00,7849.146996895993
2019-07-26 14:00:00,7845.382853532842
2019-07-26 14:30:00,7893.201888113842
2019-07-26 15:00:00,7958.196381437161
2019-07-26 15:30:00,8097.056796014476
2019-07-26 16:00:00,8240.834508335342
2019-07-26 16:30:00,8575.148028212298
2019-07-26 17:00:00,9011.664845641462
2019-07-26 17:30:00,9535.044289111558
2019-07-26 18:00:00,10137.217589559092
2019-07-26 18:30:00,10354.708689986928
2019-07-26 19:00:00,10295.222953719498
2019-07-26 19:30:00,10129.406747459609
2019-07-26 20:00:00,10120.801100775723
2019-07-26 20:30:00,9980.260046227793
2019-07-26 21:00:00,9974.501200578903
2019-07-26 21:30:00,9684.779988224158
2019-07-26 22:00:00,9439.186585746256
2019-07-26 22:30:00,9302.540462653542
2019-07-26 23:00:00,8915.296983936098
2019-07-26 23:30:00,8728.33752687335
2019-07-27 00:00:00,8748.228686865998
2019-07-27 00:30:00,8474.359648416108
2019-07-27 01:00:00,8171.102376081892
2019-07-27 01:30:00,7937.73928621252
2019-07-27 02:00:00,7783.897156639218
2019-07-27 02:30:00,7432.236612629981
2019-07-27 03:00:00,7114.915238394847
2019-07-27 03:30:00,6964.705279667493
2019-07-27 04:00:00,6771.620611710355
2019-07-27 04:30:00,6847.701012211693
2019-07-27 05:00:00,6750.332688896769
2019-07-27 05:30:00,7113.133903730069
2019-07-27 06:00:00,6965.823985807797
2019-07-27 06:30:00,7494.986149548043
2019-07-27 07:00:00,7783.037653068687
2019-07-27 07:30:00,8391.39133082337
2019-07-27 08:00:00,8948.18658847418
2019-07-27 08:30:00,8911.509456516986
2019-07-27 09:00:00,9071.414670136333
2019-07-27 09:30:00,8925.408844013193
2019-07-27 10:00:00,8637.00522545634
2019-07-27 10:30:00,8512.737332398508
2019-07-27 11:00:00,8239.133174803155
2019-07-27 11:30:00,8078.11902228356
2019-07-27 12:00:00,7979.822613408761
2019-07-27 12:30:00,7900.357958940412
2019-07-27 13:00:00,7865.590374236785
2019-07-27 13:30:00,7808.78020408413
2019-07-27 14:00:00,7725.084991440602
2019-07-27 14:30:00,7654.495531498964
2019-07-27 15:00:00,7685.870230646086
2019-07-27 15:30:00,7811.585023890751
2019-07-27 16:00:00,7993.369284447114
2019-07-27 16:30:00,8322.753612631332
2019-07-27 17:00:00,8675.638195930967
2019-07-27 17:30:00,9195.822066722962
2019-07-27 18:00:00,9782.87455970958
2019-07-27 18:30:00,9815.727454428645
2019-07-27 19:00:00,9706.84771568037
2019-07-27 19:30:00,9519.884199523542
2019-07-27 20:00:00,9335.523349684992
2019-07-27 20:30:00,9188.698590162081
2019-07-27 21:00:00,9073.2568707638
2019-07-27 21:30:00,8817.970645057505
2019-07-27 22:00:00,8569.462119419986
2019-07-27 22:30:00,8569.462119419986
2019-07-27 23:00:00,8302.22789639448
2019-07-27 23:30:00,8177.310038070357
2019-07-28 00:00:00,8169.454048079837
2019-07-28 00:30:00,8020.053093198483
2019-07-28 01:00:00,7856.410620162388
2019-07-28 01:30:00,7628.276207349505
2019-07-28 02:00:00,7327.45496765137
2019-07-28 02:30:00,7108.375475899871
2019-07-28 03:00:00,6927.238084742709
2019-07-28 03:30:00,6739.891463512871
2019-07-28 04:00:00,6660.552758188525
2019-07-28 04:30:00,6655.970994523373
2019-07-28 05:00:00,6677.535326458482
2019-07-28 05:30:00,6843.60482623327
2019-07-28 06:00:00,6910.297936261212
2019-07-28 06:30:00,7228.9333258849765
2019-07-28 07:00:00,7401.604367896609
2019-07-28 07:30:00,7874.700604669028
2019-07-28 08:00:00,8077.873230015744
2019-07-28 08:30:00,8170.311069324451
2019-07-28 09:00:00,8287.14476222139
2019-07-28 09:30:00,8139.219657016654
2019-07-28 10:00:00,8052.447639365669
2019-07-28 10:30:00,7830.889142443635
2019-07-28 11:00:00,7603.185970276991
2019-07-28 11:30:00,7363.933813650847
2019-07-28 12:00:00,7248.211738137457
2019-07-28 12:30:00,7121.547370259384
2019-07-28 13:00:00,7113.962081051203
2019-07-28 13:30:00,7169.484628483842
2019-07-28 14:00:00,7243.0714271753195
2019-07-28 14:30:00,7243.0714271753195
2019-07-28 15:00:00,7347.820602672263
2019-07-28 15:30:00,7451.620643089351
2019-07-28 16:00:00,7666.065495459266
2019-07-28 16:30:00,7969.779805061845
2019-07-28 17:00:00,8478.053288186113
2019-07-28 17:30:00,8833.646097152923
2019-07-28 18:00:00,9696.779120899142
2019-07-28 18:30:00,9801.933857601756
2019-07-28 19:00:00,9760.862226333791
2019-07-28 19:30:00,9645.648682735457
2019-07-28 20:00:00,9426.19769611245
2019-07-28 20:30:00,9288.457541381724
2019-07-28 21:00:00,9041.009982183823
2019-07-28 21:30:00,8925.96137469112
2019-07-28 22:00:00,8620.45909747822
2019-07-28 22:30:00,8556.518426446231
2019-07-28 23:00:00,8300.101850548435
2019-07-28 23:30:00,8205.668092988397
2019-07-29 00:00:00,7941.243458324314
2019-07-29 00:30:00,7619.523593285887
2019-07-29 01:00:00,7371.093175542477
2019-07-29 01:30:00,7280.2636990877245
2019-07-29 02:00:00,7187.994850015436
2019-07-29 02:30:00,6984.0429856947185
2019-07-29 03:00:00,6883.433271176062
2019-07-29 03:30:00,6747.970077458425
2019-07-29 04:00:00,6752.3632973404165
2019-07-29 04:30:00,6814.084864830539
2019-07-29 05:00:00,7164.230626735842
2019-07-29 05:30:00,7202.418090319922
2019-07-29 06:00:00,8179.479968988573
2019-07-29 06:30:00,8392.312361460643
2019-07-29 07:00:00,9600.585247144301
2019-07-29 07:30:00,9715.914756676262
2019-07-29 08:00:00,10059.639493681041
2019-07-29 08:30:00,10108.929471753503
2019-07-29 09:00:00,9746.855209255807
2019-07-29 09:30:00,9516.62385158044
2019-07-29 10:00:00,9021.986690289112
2019-07-29 10:30:00,8846.061611417235
2019-07-29 11:00:00,8641.87349339429
2019-07-29 11:30:00,8411.535255951681
2019-07-29 12:00:00,8179.581432137076
2019-07-29 12:30:00,8150.470219309108
2019-07-29 13:00:00,8073.90776882445
2019-07-29 13:30:00,7968.764317577289
2019-07-29 14:00:00,8014.416019026571
2019-07-29 14:30:00,8173.69588221893
2019-07-29 15:00:00,8193.293440376068
2019-07-29 15:30:00,8392.131942951004
2019-07-29 16:00:00,8683.585315610158
2019-07-29 16:30:00,9002.219775576343
2019-07-29 17:00:00,9452.839343367865
2019-07-29 17:30:00,10055.434069985893
2019-07-29 18:00:00,10689.352337643708
2019-07-29 18:30:00,10877.304763105285
2019-07-29 19:00:00,10803.566772749416
2019-07-29 19:30:00,10645.7274504017
2019-07-29 20:00:00,10315.581211592105
2019-07-29 20:30:00,10071.025499306605
2019-07-29 21:00:00,9916.411146936416
2019-07-29 21:30:00,9702.334135519071
2019-07-29 22:00:00,9368.502402432412
2019-07-29 22:30:00,9152.652625616078
2019-07-29 23:00:00,8949.477197597575
2019-07-29 23:30:00,8711.678622540072
2019-07-30 00:00:00,8491.094595121038
2019-07-30 00:30:00,8342.175789168023
2019-07-30 01:00:00,8131.127263178623
2019-07-30 01:30:00,8020.828183598272
2019-07-30 02:00:00,7738.577455355071
2019-07-30 02:30:00,7576.515465349879
2019-07-30 03:00:00,7231.360637627013
2019-07-30 03:30:00,7148.189129434266
2019-07-30 04:00:00,6995.1751526825465
2019-07-30 04:30:00,7098.858984331647
2019-07-30 05:00:00,7188.816869655211
2019-07-30 05:30:00,7570.029577189887
2019-07-30 06:00:00,8016.0661352201805
2019-07-30 06:30:00,8773.330424435015
2019-07-30 07:00:00,9665.413764139985
2019-07-30 07:30:00,10126.16573758695
2019-07-30 08:00:00,10354.81973901138
2019-07-30 08:30:00,10234.369773458377
2019-07-30 09:00:00,9842.105330932929
2019-07-30 09:30:00,9585.606307149477
2019-07-30 10:00:00,9319.711531650668
2019-07-30 10:30:00,9069.915439790364
2019-07-30 11:00:00,8773.212600661935
2019-07-30 11:30:00,8582.846176377449
2019-07-30 12:00:00,8476.703309536328
2019-07-30 12:30:00,8321.989897839636
2019-07-30 13:00:00,8225.243209087057
2019-07-30 13:30:00,8305.591746419192
2019-07-30 14:00:00,8320.691826793089
2019-07-30 14:30:00,8400.62136530619
2019-07-30 15:00:00,8489.156984740514
2019-07-30 15:30:00,8627.712601162937
2019-07-30 16:00:00,8934.776462164806
2019-07-30 16:30:00,9217.964216975583
2019-07-30 17:00:00,9694.49960329945
2019-07-30 17:30:00,10154.319141612095
2019-07-30 18:00:00,10749.212985968925
2019-07-30 18:30:00,10749.212985968925
2019-07-30 19:00:00,10645.190057708247
2019-07-30 19:30:00,10409.274474545053
2019-07-30 20:00:00,10251.66969626045
2019-07-30 20:30:00,10065.166418839526
2019-07-30 21:00:00,9811.594681874141
2019-07-30 21:30:00,9506.727390028567
2019-07-30 22:00:00,9220.489261850107
2019-07-30 22:30:00,9121.08579007322
2019-07-30 23:00:00,8745.439317469582
2019-07-30 23:30:00,8579.464105753903
2019-07-31 00:00:00,8341.071639804377
2019-07-31 00:30:00,8230.397870175842
2019-07-31 01:00:00,8091.48826458957
2019-07-31 01:30:00,7852.226414285767
2019-07-31 02:00:00,7620.345841460212
2019-07-31 02:30:00,7331.6307008212525
2019-07-31 03:00:00,7114.968330652543
2019-07-31 03:30:00,6903.749481139649
2019-07-31 04:00:00,6772.504991931383
2019-07-31 04:30:00,6824.237710275184
2019-07-31 05:00:00,6884.032789354024
2019-07-31 05:30:00,7192.994629377522
2019-07-31 06:00:00,7692.90225823591
2019-07-31 06:30:00,8408.786113058033
2019-07-31 07:00:00,9127.241126379462
2019-07-31 07:30:00,9486.196655488999
2019-07-31 08:00:00,9672.551191284345
2019-07-31 08:30:00,9654.871483873134
2019-07-31 09:00:00,9359.91726313864
2019-07-31 09:30:00,9311.72120267688
2019-07-31 10:00:00,9075.280785111681
2019-07-31 10:30:00,8920.05026826874
2019-07-31 11:00:00,8771.451920763488
2019-07-31 11:30:00,8592.947881951353
2019-07-31 12:00:00,8464.23553505232
2019-07-31 12:30:00,8423.391651005526
2019-07-31 13:00:00,8402.224310560301
2019-07-31 13:30:00,8402.224310560301
2019-07-31 14:00:00,8356.150381154917
2019-07-31 14:30:00,8364.727630414154
2019-07-31 15:00:00,8365.081646214872
2019-07-31 15:30:00,8426.718199220357
2019-07-31 16:00:00,8727.180624526087
2019-07-31 16:30:00,8971.762747229617
2019-07-31 17:00:00,9467.904085213646
2019-07-31 17:30:00,9979.351946232919
2019-07-31 18:00:00,10771.541266227587
2019-07-31 18:30:00,10971.990606234742
2019-07-31 19:00:00,10817.28304358511
2019-07-31 19:30:00,10745.841697742995
2019-07-31 20:00:00,10505.426108388467
2019-07-31 20:30:00,10324.682686562843
2019-07-31 21:00:00,10103.43310957804
2019-07-31 21:30:00,9815.768358769845
2019-07-31 22:00:00,9493.431031801178
2019-07-31 22:30:00,9336.10549335322
2019-07-31 23:00:00,9058.470950510227
2019-07-31 23:30:00,8827.231395862807
2019-08-01 00:00:00,8740.666997503562
2019-08-01 00:30:00,8497.556755352787
2019-08-01 01:00:00,8286.696160493466
2019-08-01 01:30:00,8144.53108347412
2019-08-01 02:00:00,7866.7312126251145
2019-08-01 02:30:00,7584.595393235862
2019-08-01 03:00:00,7251.189579345985
2019-08-01 03:30:00,7157.018838580505
2019-08-01 04:00:00,7004.213792719149
2019-08-01 04:30:00,6999.67180062619
2019-08-01 05:00:00,7125.278293638141
2019-08-01 05:30:00,7455.96310602989
2019-08-01 06:00:00,7967.757231639703
2019-08-01 06:30:00,8803.257704478894
2019-08-01 07:00:00,9594.509686940553
2019-08-01 07:30:00,10000.386794214592
2019-08-01 08:00:00,10255.401167331858
2019-08-01 08:30:00,10043.546170324491
2019-08-01 09:00:00,9689.381859910278
2019-08-01 09:30:00,9435.516929467054
2019-08-01 10:00:00,9144.456926060713
2019-08-01 10:30:00,8996.251553339078
2019-08-01 11:00:00,8873.673706517871
2019-08-01 11:30:00,8555.564658032077
2019-08-01 12:00:00,8463.165411987478
2019-08-01 12:30:00,8387.901927690948
2019-08-01 13:00:00,8280.180164496524
2019-08-01 13:30:00,8280.180164496524
2019-08-01 14:00:00,8231.120970179614
2019-08-01 14:30:00,8232.419041226161
2019-08-01 15:00:00,8296.483973491291
2019-08-01 15:30:00,8385.218265425314
2019-08-01 16:00:00,8695.90606691774
2019-08-01 16:30:00,8961.166230175972
2019-08-01 17:00:00,9453.497396367664
2019-08-01 17:30:00,10060.587024764169
2019-08-01 18:00:00,10705.91102103834
2019-08-01 18:30:00,10890.215644794547
2019-08-01 19:00:00,10899.265486765773
2019-08-01 19:30:00,10714.960863009566
2019-08-01 20:00:00,10528.064205355153
2019-08-01 20:30:00,10302.369735896555
2019-08-01 21:00:00,10075.438385422647
2019-08-01 21:30:00,9869.613067856782
2019-08-01 22:00:00,9569.21842674061
2019-08-01 22:30:00,9437.787618721251
2019-08-01 23:00:00,9103.012704129045
2019-08-01 23:30:00,8920.796741739507
2019-08-02 00:00:00,8735.00770085003
2019-08-02 00:30:00,8592.262443141397
2019-08-02 01:00:00,8387.2155966053
2019-08-02 01:30:00,8157.357337529236
2019-08-02 02:00:00,7939.933997907811
2019-08-02 02:30:00,7673.970886476527
2019-08-02 03:00:00,7383.847824120775
2019-08-02 03:30:00,7184.111114856889
2019-08-02 04:00:00,7079.4273923538485
2019-08-02 04:30:00,7079.4273923538485
2019-08-02 05:00:00,7198.87744842181
2019-08-02 05:30:00,7648.496472516092
2019-08-02 06:00:00,8022.3974746692265
2019-08-02 06:30:00,8831.647508214035
2019-08-02 07:00:00,9471.21303624542
2019-08-02 07:30:00,9942.871251102213
2019-08-02 08:00:00,10013.733803340898
2019-08-02 08:30:00,9860.945777616078
2019-08-02 09:00:00,9519.42817521876
2019-08-02 09:30:00,9217.005135280686
2019-08-02 10:00:00,8953.626608412356
2019-08-02 10:30:00,8664.126157489445
2019-08-02 11:00:00,8393.535897084237
2019-08-02 11:30:00,8156.108819286924
2019-08-02 12:00:00,7950.673689958678
2019-08-02 12:30:00,7839.84873554152
2019-08-02 13:00:00,7760.633742018962
2019-08-02 13:30:00,7764.768501495999
2019-08-02 14:00:00,7799.813133336134
2019-08-02 14:30:00,7799.813133336134
2019-08-02 15:00:00,7807.214118395658
2019-08-02 15:30:00,7926.152295228633
2019-08-02 16:00:00,8240.9643475824
2019-08-02 16:30:00,8550.212097787944
2019-08-02 17:00:00,8867.0101370707
2019-08-02 17:30:00,9393.250743324514
2019-08-02 18:00:00,9998.112865413199
2019-08-02 18:30:00,10185.951599160086
2019-08-02 19:00:00,10234.599194456167
2019-08-02 19:30:00,10036.15858962852
2019-08-02 20:00:00,10077.133223106888
2019-08-02 20:30:00,9894.442290559922
2019-08-02 21:00:00,9868.191114235195
2019-08-02 21:30:00,9591.303733034241
2019-08-02 22:00:00,9404.425332425144
2019-08-02 22:30:00,9305.833298869558
2019-08-02 23:00:00,8956.256833329575
2019-08-02 23:30:00,8801.469444911001
2019-08-03 00:00:00,8627.126464373225
2019-08-03 00:30:00,8538.91298719044
2019-08-03 01:00:00,8224.877830214846
2019-08-03 01:30:00,7880.528911504801
2019-08-03 02:00:00,7689.550616164942
2019-08-03 02:30:00,7411.464988076952
2019-08-03 03:00:00,7124.887897817151
2019-08-03 03:30:00,7019.265309969114
2019-08-03 04:00:00,6826.0023237388705
2019-08-03 04:30:00,6866.182608517135
2019-08-03 05:00:00,6765.728953853727
2019-08-03 05:30:00,7078.588113112904
2019-08-03 06:00:00,6851.5787502350995
2019-08-03 06:30:00,7475.8295346523955
2019-08-03 07:00:00,7930.70253773038
2019-08-03 07:30:00,8509.833623727842
2019-08-03 08:00:00,8983.832497495938
2019-08-03 08:30:00,8873.455253223263
2019-08-03 09:00:00,8936.114390176755
2019-08-03 09:30:00,8648.431768448949
2019-08-03 10:00:00,8404.778821314529
2019-08-03 10:30:00,8202.360000710381
2019-08-03 11:00:00,7956.55362315263
2019-08-03 11:30:00,7788.472650638377
2019-08-03 12:00:00,7664.990661850596
2019-08-03 12:30:00,7532.6514779932495
2019-08-03 13:00:00,7489.412100939882
2019-08-03 13:30:00,7395.279777616258
2019-08-03 14:00:00,7415.4819118711675
2019-08-03 14:30:00,7381.755466597759
2019-08-03 15:00:00,7385.3763478763985
2019-08-03 15:30:00,7391.141435954116
2019-08-03 16:00:00,7552.973844971895
2019-08-03 16:30:00,7817.458182612527
2019-08-03 17:00:00,8192.217710188164
2019-08-03 17:30:00,8645.032802703581
2019-08-03 18:00:00,9361.771515944063
2019-08-03 18:30:00,9589.499376648642
2019-08-03 19:00:00,9486.80579567959
2019-08-03 19:30:00,9389.789490345262
2019-08-03 20:00:00,9241.179898410404
2019-08-03 20:30:00,9143.109930558427
2019-08-03 21:00:00,9038.705300018471
2019-08-03 21:30:00,8799.57405182302
2019-08-03 22:00:00,8574.971653611645
2019-08-03 22:30:00,8574.971653611645
2019-08-03 23:00:00,8393.463091001064
2019-08-03 23:30:00,8151.701271487539
2019-08-04 00:00:00,8018.03317009743
2019-08-04 00:30:00,7828.052173859597
2019-08-04 01:00:00,7689.480643631197
2019-08-04 01:30:00,7500.4015979042
2019-08-04 02:00:00,7234.071235782903
2019-08-04 02:30:00,7023.515951891919
2019-08-04 03:00:00,6775.624566453721
2019-08-04 03:30:00,6583.000493146801
2019-08-04 04:00:00,6510.808847273103
2019-08-04 04:30:00,6511.38187994643
2019-08-04 05:00:00,6530.978085245391
2019-08-04 05:30:00,6697.047585020179
2019-08-04 06:00:00,6775.109116091472
2019-08-04 06:30:00,7121.124447044938
2019-08-04 07:00:00,7392.6658821483325
2019-08-04 07:30:00,7787.226645288451
2019-08-04 08:00:00,8101.394243820631
2019-08-04 08:30:00,8411.511747611401
2019-08-04 09:00:00,8411.656863568807
2019-08-04 09:30:00,8279.60148935878
2019-08-04 10:00:00,8117.640684656554
2019-08-04 10:30:00,7923.817203013046
2019-08-04 11:00:00,7634.142098631492
2019-08-04 11:30:00,7382.510742040697
2019-08-04 12:00:00,7131.670563546675
2019-08-04 12:30:00,7015.4181159822365
2019-08-04 13:00:00,6910.8690184188235
2019-08-04 13:30:00,6837.112547103905
2019-08-04 14:00:00,6855.303167947751
2019-08-04 14:30:00,6855.303167947751
2019-08-04 15:00:00,6959.327594284742
2019-08-04 15:30:00,7005.866378790377
2019-08-04 16:00:00,7365.855361886961
2019-08-04 16:30:00,7607.464629655934
2019-08-04 17:00:00,8275.929455715339
2019-08-04 17:30:00,8600.845963815835
2019-08-04 18:00:00,9559.014377541303
2019-08-04 18:30:00,9732.440230355327
2019-08-04 19:00:00,9694.135382081315
2019-08-04 19:30:00,9589.656663700756
2019-08-04 20:00:00,9407.874980082142
2019-08-04 20:30:00,9380.300656369394
2019-08-04 21:00:00,9127.963931655024
2019-08-04 21:30:00,8984.83241708546
2019-08-04 22:00:00,8644.109327657967
2019-08-04 22:30:00,8575.51011900968
2019-08-04 23:00:00,8286.498373149949
2019-08-04 23:30:00,8170.5983361195995
2019-08-05 00:00:00,8089.139050079575
2019-08-05 00:30:00,7640.654850204547
2019-08-05 01:00:00,7462.199147954384
2019-08-05 01:30:00,7374.058033784867
2019-08-05 02:00:00,7347.549627443904
2019-08-05 02:30:00,7096.242897540717
2019-08-05 03:00:00,6947.873992001753
2019-08-05 03:30:00,6847.577300237553
2019-08-05 04:00:00,6997.268043533377
2019-08-05 04:30:00,6972.112568731656
2019-08-05 05:00:00,7198.583614324489
2019-08-05 05:30:00,7379.889558882573
2019-08-05 06:00:00,8115.191596109932
2019-08-05 06:30:00,8478.028007942234
2019-08-05 07:00:00,9458.906316592544
2019-08-05 07:30:00,9735.988667084528
2019-08-05 08:00:00,10069.552362791559
2019-08-05 08:30:00,10123.730221565285
2019-08-05 09:00:00,9883.871804530492
2019-08-05 09:30:00,9884.579405127026
2019-08-05 10:00:00,9294.385081758843
2019-08-05 10:30:00,9079.599128757834
2019-08-05 11:00:00,8821.878388492156
2019-08-05 11:30:00,8655.265903173866
2019-08-05 12:00:00,8572.444073836223
2019-08-05 12:30:00,8338.95620388445
2019-08-05 13:00:00,8309.642717378967
2019-08-05 13:30:00,8229.857722468112
2019-08-05 14:00:00,8199.694436451238
2019-08-05 14:30:00,8250.410820897287
2019-08-05 15:00:00,8383.093325522563
2019-08-05 15:30:00,8631.24288335892
2019-08-05 16:00:00,8817.803865349711
2019-08-05 16:30:00,9180.307934573264
2019-08-05 17:00:00,9696.310169969485
2019-08-05 17:30:00,10118.952902898243
2019-08-05 18:00:00,10758.417681644461
2019-08-05 18:30:00,10914.137961427465
2019-08-05 19:00:00,10882.790621247479
2019-08-05 19:30:00,10695.156612900502
2019-08-05 20:00:00,10389.423896365823
2019-08-05 20:30:00,10235.49274229431
2019-08-05 21:00:00,10002.00592390908
2019-08-05 21:30:00,9792.40227731848
2019-08-05 22:00:00,9410.389730515031
2019-08-05 22:30:00,9228.007337657882
2019-08-05 23:00:00,9026.804660779573
2019-08-05 23:30:00,8867.979679299635
2019-08-06 00:00:00,8354.23098845446
2019-08-06 00:30:00,8216.732249601459
2019-08-06 01:00:00,8089.678108763275
2019-08-06 01:30:00,7995.297525992227
2019-08-06 02:00:00,7777.217328360145
2019-08-06 02:30:00,7615.1553383549535
2019-08-06 03:00:00,7245.157868513231
2019-08-06 03:30:00,7142.30833171473
2019-08-06 04:00:00,7036.679958922788
2019-08-06 04:30:00,7077.912617977898
2019-08-06 05:00:00,7202.901755400391
2019-08-06 05:30:00,7544.2860992318765
2019-08-06 06:00:00,7977.035894908938
2019-08-06 06:30:00,8662.737115777309
2019-08-06 07:00:00,9443.523466125534
2019-08-06 07:30:00,9812.61337505846
2019-08-06 08:00:00,10019.28050076317
2019-08-06 08:30:00,9810.382984340344
2019-08-06 09:00:00,9451.52176086189
2019-08-06 09:30:00,9183.621466867891
2019-08-06 10:00:00,8911.056474168669
2019-08-06 10:30:00,8619.775569782549
2019-08-06 11:00:00,8423.710624238143
2019-08-06 11:30:00,8240.72388793298
2019-08-06 12:00:00,8055.214414373007
2019-08-06 12:30:00,8015.483012650323
2019-08-06 13:00:00,8019.850244639657
2019-08-06 13:30:00,8012.306888724127
2019-08-06 14:00:00,7992.7586003888055
2019-08-06 14:30:00,7999.484309796614
2019-08-06 15:00:00,8012.79935038469
2019-08-06 15:30:00,8082.789093290222
2019-08-06 16:00:00,8287.317569270841
2019-08-06 16:30:00,8487.493969085257
2019-08-06 17:00:00,8944.546236996875
2019-08-06 17:30:00,9441.672631236344
2019-08-06 18:00:00,10099.71201802785
2019-08-06 18:30:00,10335.388543643718
2019-08-06 19:00:00,10289.730302387192
2019-08-06 19:30:00,10150.54275483819
2019-08-06 20:00:00,9927.860254083756
2019-08-06 20:30:00,9806.545591233538
2019-08-06 21:00:00,9675.522348078186
2019-08-06 21:30:00,9412.47539104149
2019-08-06 22:00:00,9200.040772175167
2019-08-06 22:30:00,9061.085976942502
2019-08-06 23:00:00,8801.340010610167
2019-08-06 23:30:00,8667.806640353825
2019-08-07 00:00:00,8478.49138923168
2019-08-07 00:30:00,8291.55119319049
2019-08-07 01:00:00,8100.579635191008
2019-08-07 01:30:00,7917.781297840314
2019-08-07 02:00:00,7621.021884528241
2019-08-07 02:30:00,7350.678662411498
2019-08-07 03:00:00,7076.648002913962
2019-08-07 03:30:00,6940.594769944609
2019-08-07 04:00:00,6847.728880105411
2019-08-07 04:30:00,6847.728880105411
2019-08-07 05:00:00,7027.019437527131
2019-08-07 05:30:00,7400.456055373243
2019-08-07 06:00:00,7920.0568828782325
2019-08-07 06:30:00,8735.725092844123
2019-08-07 07:00:00,9619.920621619303
2019-08-07 07:30:00,10003.705970155339
2019-08-07 08:00:00,10158.342157717161
2019-08-07 08:30:00,10003.849896573216
2019-08-07 09:00:00,9573.570658365377
2019-08-07 09:30:00,9343.547816790433
2019-08-07 10:00:00,8977.197054378432
2019-08-07 10:30:00,8741.398501676184
2019-08-07 11:00:00,8420.367668235096
2019-08-07 11:30:00,8091.667879932715
2019-08-07 12:00:00,7901.581116716059
2019-08-07 12:30:00,7756.430530516002
2019-08-07 13:00:00,7719.554637891738
2019-08-07 13:30:00,7627.075107814536
2019-08-07 14:00:00,7586.86765380945
2019-08-07 14:30:00,7567.525197091225
2019-08-07 15:00:00,7709.7992740558475
2019-08-07 15:30:00,7775.444015132236
2019-08-07 16:00:00,8072.565774144056
2019-08-07 16:30:00,8326.698027306884
2019-08-07 17:00:00,8765.279833107701
2019-08-07 17:30:00,9374.579734336578
2019-08-07 18:00:00,10101.130563255587
2019-08-07 18:30:00,10402.504412325445
2019-08-07 19:00:00,10452.454321110095
2019-08-07 19:30:00,10259.186478706408
2019-08-07 20:00:00,10066.157024162727
2019-08-07 20:30:00,9953.801164082037
2019-08-07 21:00:00,9882.75329688615
2019-08-07 21:30:00,9538.095374861317
2019-08-07 22:00:00,9283.245809568647
2019-08-07 22:30:00,9088.783719271474
2019-08-07 23:00:00,8859.006379298615
2019-08-07 23:30:00,8659.309742948784
2019-08-08 00:00:00,8500.229945549067
2019-08-08 00:30:00,8324.497419523768
2019-08-08 01:00:00,8098.76307047392
2019-08-08 01:30:00,7882.412317019601
2019-08-08 02:00:00,7671.6311528842625
2019-08-08 02:30:00,7274.229222944669
2019-08-08 03:00:00,7025.6062813965045
2019-08-08 03:30:00,6915.1256751936135
2019-08-08 04:00:00,6779.483867196136
2019-08-08 04:30:00,6855.564267697474
2019-08-08 05:00:00,7019.352247809889
2019-08-08 05:30:00,7431.456255956972
2019-08-08 06:00:00,7954.955010021767
2019-08-08 06:30:00,8715.27690059577
2019-08-08 07:00:00,9509.456034100314
2019-08-08 07:30:00,9940.721553813355
2019-08-08 08:00:00,10174.038781272195
2019-08-08 08:30:00,10046.470178825799
2019-08-08 09:00:00,9601.446296406732
2019-08-08 09:30:00,9283.239295763582
2019-08-08 10:00:00,8928.425205028807
2019-08-08 10:30:00,8628.960955195633
2019-08-08 11:00:00,8331.04583025449
2019-08-08 11:30:00,8054.846165568859
2019-08-08 12:00:00,7934.03892622297
2019-08-08 12:30:00,7701.320002674408
2019-08-08 13:00:00,7649.492128020077
2019-08-08 13:30:00,7614.301981337212
2019-08-08 14:00:00,7619.572698515862
2019-08-08 14:30:00,7661.706998230762
2019-08-08 15:00:00,7659.314453567244
2019-08-08 15:30:00,7812.800929722376
2019-08-08 16:00:00,8009.149101630885
2019-08-08 16:30:00,8259.125032362857
2019-08-08 17:00:00,8622.726012464647
2019-08-08 17:30:00,9217.221771379596
2019-08-08 18:00:00,9873.673023880034
2019-08-08 18:30:00,10127.422804924168
2019-08-08 19:00:00,10258.787225743035
2019-08-08 19:30:00,10141.849601997194
2019-08-08 20:00:00,9985.676723720202
2019-08-08 20:30:00,9787.098284310741
2019-08-08 21:00:00,9590.99816064926
2019-08-08 21:30:00,9359.525754031574
2019-08-08 22:00:00,9054.459468294252
2019-08-08 22:30:00,8904.305635579103
2019-08-08 23:00:00,8597.208501856883
2019-08-08 23:30:00,8360.09990738397
2019-08-09 00:00:00,8252.31367034405
2019-08-09 00:30:00,8143.530910030068
2019-08-09 01:00:00,7944.655703108585
2019-08-09 01:30:00,7763.345637643387
2019-08-09 02:00:00,7570.5722561534285
2019-08-09 02:30:00,7211.680711864656
2019-08-09 03:00:00,6953.078465807543
2019-08-09 03:30:00,6790.03133735392
2019-08-09 04:00:00,6695.025680921849
2019-08-09 04:30:00,6695.025680921849
2019-08-09 05:00:00,6888.499767575564
2019-08-09 05:30:00,7156.870980167233
2019-08-09 06:00:00,7623.772206757485
2019-08-09 06:30:00,8533.80105799525
2019-08-09 07:00:00,9251.395547467715
2019-08-09 07:30:00,9689.443016210551
2019-08-09 08:00:00,9826.173858775637
2019-08-09 08:30:00,9578.796734904157
2019-08-09 09:00:00,9321.119005097904
2019-08-09 09:30:00,9150.260056538062
2019-08-09 10:00:00,8876.644628377271
2019-08-09 10:30:00,8736.913342411084
2019-08-09 11:00:00,8600.821665298157
2019-08-09 11:30:00,8320.16035972563
2019-08-09 12:00:00,8196.187080166153
2019-08-09 12:30:00,8029.579409725155
2019-08-09 13:00:00,8033.946641714489
2019-08-09 13:30:00,7960.30760844133
2019-08-09 14:00:00,7963.119417602033
2019-08-09 14:30:00,7931.218528288185
2019-08-09 15:00:00,7901.762539832005
2019-08-09 15:30:00,7947.990027693045
2019-08-09 16:00:00,8209.170753653161
2019-08-09 16:30:00,8461.409898910659
2019-08-09 17:00:00,8861.063756284722
2019-08-09 17:30:00,9370.682852495787
2019-08-09 18:00:00,9992.166484627222
2019-08-09 18:30:00,10174.799358301487
2019-08-09 19:00:00,10127.909834456821
2019-08-09 19:30:00,10025.00634876992
2019-08-09 20:00:00,9941.17393222411
2019-08-09 20:30:00,9848.800819043723
2019-08-09 21:00:00,9801.44840872979
2019-08-09 21:30:00,9522.638795929346
2019-08-09 22:00:00,9265.6121903931
2019-08-09 22:30:00,9085.584251416167
2019-08-09 23:00:00,8716.554003565512
2019-08-09 23:30:00,8518.004233833972
2019-08-10 00:00:00,8310.660906970399
2019-08-10 00:30:00,8136.068249319075
2019-08-10 01:00:00,7761.81953773558
2019-08-10 01:30:00,7709.78266432364
2019-08-10 02:00:00,7371.521839941089
2019-08-10 02:30:00,7190.030659865939
2019-08-10 03:00:00,6872.181552395676
2019-08-10 03:30:00,6687.30046547941
2019-08-10 04:00:00,6562.952838767853
2019-08-10 04:30:00,6615.277563945629
2019-08-10 05:00:00,6449.587333718257
2019-08-10 05:30:00,6767.318394587982
2019-08-10 06:00:00,6687.505743963728
2019-08-10 06:30:00,7331.146100721699
2019-08-10 07:00:00,7640.056450397992
2019-08-10 07:30:00,8085.645392797282
2019-08-10 08:00:00,8581.789015820084
2019-08-10 08:30:00,8409.722556557012
2019-08-10 09:00:00,8315.959050655561
2019-08-10 09:30:00,8237.043399571732
2019-08-10 10:00:00,8002.869079030269
2019-08-10 10:30:00,7881.33053245021
2019-08-10 11:00:00,7686.867400422014
2019-08-10 11:30:00,7554.528216564668
2019-08-10 12:00:00,7407.39616125055
2019-08-10 12:30:00,7368.773138539298
2019-08-10 13:00:00,7367.809037963775
2019-08-10 13:30:00,7368.6775486036495
2019-08-10 14:00:00,7368.007186352553
2019-08-10 14:30:00,7349.215457996562
2019-08-10 15:00:00,7396.002754537616
2019-08-10 15:30:00,7460.584878416064
2019-08-10 16:00:00,7754.235515129876
2019-08-10 16:30:00,8043.94237113513
2019-08-10 17:00:00,8529.913985752019
2019-08-10 17:30:00,9077.924123815932
2019-08-10 18:00:00,9749.320593284705
2019-08-10 18:30:00,9971.993872693425
2019-08-10 19:00:00,9874.410475297038
2019-08-10 19:30:00,9728.144316330608
2019-08-10 20:00:00,9474.25268771441
2019-08-10 20:30:00,9363.875443441735
2019-08-10 21:00:00,9193.994872478905
2019-08-10 21:30:00,9010.857717730674
2019-08-10 22:00:00,8845.141220225123
2019-08-10 22:30:00,8728.680604442283
2019-08-10 23:00:00,8422.218834850548
2019-08-10 23:30:00,8265.928528336013
2019-08-11 00:00:00,8199.237028798529
2019-08-11 00:30:00,7964.878627142709
2019-08-11 01:00:00,7797.166280837902
2019-08-11 01:30:00,7592.088284538965
2019-08-11 02:00:00,7339.702181755616
2019-08-11 02:30:00,7033.200341576918
2019-08-11 03:00:00,6880.490879334567
2019-08-11 03:30:00,6723.807594694632
2019-08-11 04:00:00,6576.6662675849775
2019-08-11 04:30:00,6535.55175681061
2019-08-11 05:00:00,6567.6901087836495
2019-08-11 05:30:00,6687.884818897501
2019-08-11 06:00:00,6806.917320125748
2019-08-11 06:30:00,7208.774698111341
2019-08-11 07:00:00,7459.442471398439
2019-08-11 07:30:00,7859.844189116882
2019-08-11 08:00:00,8106.989961014214
2019-08-11 08:30:00,8372.181043818884
2019-08-11 09:00:00,8399.333297317497
2019-08-11 09:30:00,8279.60148935878
2019-08-11 10:00:00,8224.720643306073
2019-08-11 10:30:00,8048.702091943717
2019-08-11 11:00:00,8022.337048609197
2019-08-11 11:30:00,7899.566804452833
2019-08-11 12:00:00,7703.307163951921
2019-08-11 12:30:00,7693.179748122462
2019-08-11 13:00:00,7567.873842752977
2019-08-11 13:30:00,7505.788689721081
2019-08-11 14:00:00,7591.067103213457
2019-08-11 14:30:00,7617.06269059805
2019-08-11 15:00:00,7745.20567846236
2019-08-11 15:30:00,7966.353168774919
2019-08-11 16:00:00,8212.858873281806
2019-08-11 16:30:00,8609.852344478055
2019-08-11 17:00:00,9250.461924421046
2019-08-11 17:30:00,9713.790309125789
2019-08-11 18:00:00,10515.22100768818
2019-08-11 18:30:00,10690.791667089845
2019-08-11 19:00:00,10729.929103690118
2019-08-11 19:30:00,10472.20123442257
2019-08-11 20:00:00,10280.567542801035
2019-08-11 20:30:00,10192.068592689266
2019-08-11 21:00:00,9826.486039451576
2019-08-11 21:30:00,9694.738130876207
2019-08-11 22:00:00,9312.428269020487
2019-08-11 22:30:00,9125.652076396696
2019-08-11 23:00:00,8721.065767914353
2019-08-11 23:30:00,8468.289775764155
2019-08-12 00:00:00,8527.032209537258
2019-08-12 00:30:00,8075.443272986103
2019-08-12 01:00:00,7767.306779097965
2019-08-12 01:30:00,7481.604030000451
2019-08-12 02:00:00,7491.232408075233
2019-08-12 02:30:00,7229.010362757002
2019-08-12 03:00:00,7105.469601415063
2019-08-12 03:30:00,6995.868232079801
2019-08-12 04:00:00,6957.336696333324
2019-08-12 04:30:00,7036.219939845311
2019-08-12 05:00:00,7190.462306584798
2019-08-12 05:30:00,7288.627793218585
2019-08-12 06:00:00,8296.053547269728
2019-08-12 06:30:00,8597.946778372794
2019-08-12 07:00:00,9422.782251827102
2019-08-12 07:30:00,9557.131875796047
2019-08-12 08:00:00,10099.04241794889
2019-08-12 08:30:00,10214.890519274892
2019-08-12 09:00:00,10228.41434925395
2019-08-12 09:30:00,10153.270705074136
2019-08-12 10:00:00,9779.760783212081
2019-08-12 10:30:00,9587.141337860738
2019-08-12 11:00:00,9573.862763315645
2019-08-12 11:30:00,9342.816928168082
2019-08-12 12:00:00,9170.520348658947
2019-08-12 12:30:00,9074.674488622275
2019-08-12 13:00:00,8916.101737750461
2019-08-12 13:30:00,8854.295016513513
2019-08-12 14:00:00,8915.759624686047
2019-08-12 14:30:00,9101.911019021696
2019-08-12 15:00:00,9109.476911654267
2019-08-12 15:30:00,9179.05006000683
2019-08-12 16:00:00,9512.124589075329
2019-08-12 16:30:00,9876.491847813297
2019-08-12 17:00:00,10282.23417614293
2019-08-12 17:30:00,10864.439211573337
2019-08-12 18:00:00,11373.26460898862
2019-08-12 18:30:00,11585.077351053607
2019-08-12 19:00:00,11525.719538791793
2019-08-12 19:30:00,11453.570592353144
2019-08-12 20:00:00,11048.202597634612
2019-08-12 20:30:00,11051.23182849061
2019-08-12 21:00:00,10875.94863987569
2019-08-12 21:30:00,10622.288496593023
2019-08-12 22:00:00,10257.373261791534
2019-08-12 22:30:00,9913.725518299208
2019-08-12 23:00:00,9638.462561120137
2019-08-12 23:30:00,9357.94172735992
2019-08-13 00:00:00,8680.258495563285
2019-08-13 00:30:00,8521.553314443483
2019-08-13 01:00:00,8346.697473189268
2019-08-13 01:30:00,8207.668974549233
2019-08-13 02:00:00,8083.394756861721
2019-08-13 02:30:00,7846.473020464047
2019-08-13 03:00:00,7597.393660317405
2019-08-13 03:30:00,7485.649966468313
2019-08-13 04:00:00,7333.416882170037
2019-08-13 04:30:00,7521.921209341027
2019-08-13 05:00:00,7482.666246483929
2019-08-13 05:30:00,7772.481761945673
2019-08-13 06:00:00,8230.962325759012
2019-08-13 06:30:00,9045.687685938605
2019-08-13 07:00:00,9903.19608488154
2019-08-13 07:30:00,10265.850551245916
2019-08-13 08:00:00,10536.984125541867
2019-08-13 08:30:00,10376.788771401176
2019-08-13 09:00:00,10077.606068563346
2019-08-13 09:30:00,9806.176580108
2019-08-13 10:00:00,9431.762427808391
2019-08-13 10:30:00,9104.010378093346
2019-08-13 11:00:00,8859.246735947878
2019-08-13 11:30:00,8574.051858469404
2019-08-13 12:00:00,8428.679731924312
2019-08-13 12:30:00,8333.617726719183
2019-08-13 13:00:00,8255.473409565822
2019-08-13 13:30:00,8212.838461488938
2019-08-13 14:00:00,8146.594656330749
2019-08-13 14:30:00,8169.69782358322
2019-08-13 15:00:00,8186.249186696352
2019-08-13 15:30:00,8242.004942086776
2019-08-13 16:00:00,8444.81732763644
2019-08-13 16:30:00,8726.71545716279
2019-08-13 17:00:00,9198.558532774221
2019-08-13 17:30:00,9828.987311881443
2019-08-13 18:00:00,10615.952529102717
2019-08-13 18:30:00,10960.911800692249
2019-08-13 19:00:00,11034.71536786641
2019-08-13 19:30:00,10884.574163483754
2019-08-13 20:00:00,10512.620464021587
2019-08-13 20:30:00,10491.87418820057
2019-08-13 21:00:00,10248.815939676124
2019-08-13 21:30:00,10012.630750645667
2019-08-13 22:00:00,9738.587491075656
2019-08-13 22:30:00,9499.768174703415
2019-08-13 23:00:00,9200.128281876876
2019-08-13 23:30:00,9021.666187287863
2019-08-14 00:00:00,8745.38300057925
2019-08-14 00:30:00,8601.348376546726
2019-08-14 01:00:00,8382.65548829374
2019-08-14 01:30:00,8215.733365199232
2019-08-14 02:00:00,8024.349266688183
2019-08-14 02:30:00,7718.449089109435
2019-08-14 03:00:00,7528.010218329237
2019-08-14 03:30:00,7289.181818992422
2019-08-14 04:00:00,7089.106523575377
2019-08-14 04:30:00,7263.945777379477
2019-08-14 05:00:00,7379.88786848214
2019-08-14 05:30:00,7855.668797747794
2019-08-14 06:00:00,8305.687435123424
2019-08-14 06:30:00,9170.988757458348
2019-08-14 07:00:00,9932.325934766677
2019-08-14 07:30:00,10285.673571348278
2019-08-14 08:00:00,10424.931119934903
2019-08-14 08:30:00,10212.063379332638
2019-08-14 09:00:00,9827.229215623578
2019-08-14 09:30:00,9507.362652499438
2019-08-14 10:00:00,9123.932574537605
2019-08-14 10:30:00,8895.189940436243
2019-08-14 11:00:00,8559.648250774086
2019-08-14 11:30:00,8278.98694520156
2019-08-14 12:00:00,8188.719110969953
2019-08-14 12:30:00,8053.055813137271
2019-08-14 13:00:00,7987.532379422771
2019-08-14 13:30:00,7917.04726837473
2019-08-14 14:00:00,7916.705155310315
2019-08-14 14:30:00,7916.705155310315
2019-08-14 15:00:00,8029.3184081594645
2019-08-14 15:30:00,8116.876939905457
2019-08-14 16:00:00,8400.287358919048
2019-08-14 16:30:00,8732.830887070017
2019-08-14 17:00:00,9248.320008541124
2019-08-14 17:30:00,9850.039947397021
2019-08-14 18:00:00,10651.843316086124
2019-08-14 18:30:00,10965.15593400737
2019-08-14 19:00:00,10915.78738556261
2019-08-14 19:30:00,10904.178295583664
2019-08-14 20:00:00,10611.309675022609
2019-08-14 20:30:00,10505.016231415324
2019-08-14 21:00:00,10291.83977281762
2019-08-14 21:30:00,10041.827769105203
2019-08-14 22:00:00,9664.17703621359
2019-08-14 22:30:00,9510.728192422222
2019-08-14 23:00:00,9223.589303256893
2019-08-14 23:30:00,8934.2900567598
2019-08-15 00:00:00,8842.374542217764
2019-08-15 00:30:00,8659.489469389197
2019-08-15 01:00:00,8436.265816946534
2019-08-15 01:30:00,8274.321873963407
2019-08-15 02:00:00,8062.235048252291
2019-08-15 02:30:00,7802.562358534582
2019-08-15 03:00:00,7524.806702878492
2019-08-15 03:30:00,7361.799118114487
2019-08-15 04:00:00,7277.4996483399245
2019-08-15 04:30:00,7345.477794546615
2019-08-15 05:00:00,7524.316829572265
2019-08-15 05:30:00,7943.657508302848
2019-08-15 06:00:00,8325.382080206067
2019-08-15 06:30:00,9204.784258675283
2019-08-15 07:00:00,9950.999256570427
2019-08-15 07:30:00,10369.168386823736
2019-08-15 08:00:00,10540.603362242768
2019-08-15 08:30:00,10332.780550519603
2019-08-15 09:00:00,9986.90504544576
2019-08-15 09:30:00,9659.961193048917
2019-08-15 10:00:00,9308.670650480302
2019-08-15 10:30:00,9064.387285422168
2019-08-15 11:00:00,8773.626467739554
2019-08-15 11:30:00,8511.022708419441
2019-08-15 12:00:00,8374.331111621552
2019-08-15 12:30:00,8279.566036201182
2019-08-15 13:00:00,8238.766121356359
2019-08-15 13:30:00,8170.745970147972
2019-08-15 14:00:00,8156.13216303926
2019-08-15 14:30:00,8136.025940960696
2019-08-15 15:00:00,8149.423381848709
2019-08-15 15:30:00,8231.715227101391
2019-08-15 16:00:00,8477.687637093142
2019-08-15 16:30:00,8790.059715862586
2019-08-15 17:00:00,9253.651664985531
2019-08-15 17:30:00,9770.527389005774
2019-08-15 18:00:00,10490.240331685878
2019-08-15 18:30:00,10887.413972266457
2019-08-15 19:00:00,10936.31455283714
2019-08-15 19:30:00,10740.400839101989
2019-08-15 20:00:00,10461.146154331936
2019-08-15 20:30:00,10461.146154331936
2019-08-15 21:00:00,10191.428530025669
2019-08-15 21:30:00,9870.394950377546
2019-08-15 22:00:00,9606.53148197107
2019-08-15 22:30:00,9349.905834603178
2019-08-15 23:00:00,9077.520119744539
2019-08-15 23:30:00,8856.022217802241
2019-08-16 00:00:00,8736.721825862527
2019-08-16 00:30:00,8518.188441420842
2019-08-16 01:00:00,8284.299713275954
2019-08-16 01:30:00,8116.102510757356
2019-08-16 02:00:00,7910.739483892366
2019-08-16 02:30:00,7621.872286607702
2019-08-16 03:00:00,7302.363111548957
2019-08-16 03:30:00,7153.6089235098425
2019-08-16 04:00:00,7048.925201006802
2019-08-16 04:30:00,7117.319023289223
2019-08-16 05:00:00,7192.926425570167
2019-08-16 05:30:00,7712.662693091228
2019-08-16 06:00:00,8162.4347898659935
2019-08-16 06:30:00,8997.072097612716
2019-08-16 07:00:00,9859.982183594771
2019-08-16 07:30:00,10165.548272317317
2019-08-16 08:00:00,10271.357646190254
2019-08-16 08:30:00,10144.87845445387
2019-08-16 09:00:00,9740.30371414475
2019-08-16 09:30:00,9481.491043610444
2019-08-16 10:00:00,9007.181753118346
2019-08-16 10:30:00,8720.45139732036
2019-08-16 11:00:00,8401.031213712035
2019-08-16 11:30:00,8130.4905422209895
2019-08-16 12:00:00,7799.065668027158
2019-08-16 12:30:00,7643.475492717844
2019-08-16 13:00:00,7664.395715525811
2019-08-16 13:30:00,7667.54963775093
2019-08-16 14:00:00,7669.221291729453
2019-08-16 14:30:00,7717.626954102501
2019-08-16 15:00:00,7790.437901446153
2019-08-16 15:30:00,7874.021475953712
2019-08-16 16:00:00,8222.033315935234
2019-08-16 16:30:00,8459.6891866983
2019-08-16 17:00:00,8764.987633048728
2019-08-16 17:30:00,9253.755331251476
2019-08-16 18:00:00,9977.329886559284
2019-08-16 18:30:00,10334.39904060444
2019-08-16 19:00:00,10351.969543623634
2019-08-16 19:30:00,10160.38179037637
2019-08-16 20:00:00,10134.869405368947
2019-08-16 20:30:00,10079.7858756774
2019-08-16 21:00:00,9935.707539881527
2019-08-16 21:30:00,9650.789035613057
2019-08-16 22:00:00,9370.940926255751
2019-08-16 22:30:00,9301.60709288008
2019-08-16 23:00:00,8927.750859743837
2019-08-16 23:30:00,8792.230872164911
2019-08-17 00:00:00,8649.297154301556
2019-08-17 00:30:00,8571.023435774483
2019-08-17 01:00:00,8213.96925915464
2019-08-17 01:30:00,7950.556313671495
2019-08-17 02:00:00,7744.8333889715705
2019-08-17 02:30:00,7513.942614198213
2019-08-17 03:00:00,7177.714221441925
2019-08-17 03:30:00,7076.615265281177
2019-08-17 04:00:00,6934.549813004827
2019-08-17 04:30:00,6966.451259852738
2019-08-17 05:00:00,6798.099655645633
2019-08-17 05:30:00,7171.957880251197
2019-08-17 06:00:00,6994.698623459823
2019-08-17 06:30:00,7622.7270250990905
2019-08-17 07:00:00,8034.428145099803
2019-08-17 07:30:00,8413.48218943559
2019-08-17 08:00:00,8804.5495130526
2019-08-17 08:30:00,8800.634720274571
2019-08-17 09:00:00,8800.458885663611
2019-08-17 09:30:00,8368.384601996822
2019-08-17 10:00:00,7991.933260687262
2019-08-17 10:30:00,7823.549644216763
2019-08-17 11:00:00,7569.264185550921
2019-08-17 11:30:00,7476.238661106249
2019-08-17 12:00:00,7372.810685469253
2019-08-17 12:30:00,7347.752245813236
2019-08-17 13:00:00,7331.641615408001
2019-08-17 13:30:00,7298.140868797526
2019-08-17 14:00:00,7308.464967861288
2019-08-17 14:30:00,7307.9105636444765
2019-08-17 15:00:00,7414.72618716785
2019-08-17 15:30:00,7425.550929385477
2019-08-17 16:00:00,7521.431163208212
2019-08-17 16:30:00,7615.396635906732
2019-08-17 17:00:00,7969.840216725787
2019-08-17 17:30:00,8276.058258838624
2019-08-17 18:00:00,8875.232828756869
2019-08-17 18:30:00,9145.449172072229
2019-08-17 19:00:00,9068.54320154868
2019-08-17 19:30:00,8892.633467459802
2019-08-17 20:00:00,8691.45122404612
2019-08-17 20:30:00,8594.658479177006
2019-08-17 21:00:00,8482.27030295357
2019-08-17 21:30:00,8325.979996439035
2019-08-17 22:00:00,8114.076610160963
2019-08-17 22:30:00,8169.872801269042
2019-08-17 23:00:00,7979.933102122099
2019-08-17 23:30:00,7878.479252622355
2019-08-18 00:00:00,7828.938219667239
2019-08-18 00:30:00,7680.408556677048
2019-08-18 01:00:00,7363.740229729244
2019-08-18 01:30:00,7160.220196236288
2019-08-18 02:00:00,7096.530081026394
2019-08-18 02:30:00,6909.139916927691
2019-08-18 03:00:00,6685.559209525462
2019-08-18 03:30:00,6558.463819568501
2019-08-18 04:00:00,6442.914673865621
2019-08-18 04:30:00,6348.559535797289
2019-08-18 05:00:00,6481.879012139281
2019-08-18 05:30:00,6682.211547633747
2019-08-18 06:00:00,6752.557451235565
2019-08-18 06:30:00,7090.5701786630325
2019-08-18 07:00:00,7224.1793005668405
2019-08-18 07:30:00,7641.79568022271
2019-08-18 08:00:00,7785.537333353625
2019-08-18 08:30:00,7795.669425533328
2019-08-18 09:00:00,7923.928936294316
2019-08-18 09:30:00,7810.548299353807
2019-08-18 10:00:00,7614.630839208648
2019-08-18 10:30:00,7344.453713462265
2019-08-18 11:00:00,7244.893809395898
2019-08-18 11:30:00,7035.1423285336805
2019-08-18 12:00:00,6936.933277679845
2019-08-18 12:30:00,6841.552883991156
2019-08-18 13:00:00,6833.204532323865
2019-08-18 13:30:00,6762.4574808614825
2019-08-18 14:00:00,6700.510846551769
2019-08-18 14:30:00,6744.445809089653
2019-08-18 15:00:00,6857.828860156542
2019-08-18 15:30:00,7021.344579913993
2019-08-18 16:00:00,7246.42337756318
2019-08-18 16:30:00,7563.3176328457075
2019-08-18 17:00:00,7983.941855557045
2019-08-18 17:30:00,8437.013195579066
2019-08-18 18:00:00,9033.93524169653
2019-08-18 18:30:00,9376.42061855756
2019-08-18 19:00:00,9365.777933026626
2019-08-18 19:30:00,9187.46347102409
2019-08-18 20:00:00,8985.437103336046
2019-08-18 20:30:00,8938.310961399045
2019-08-18 21:00:00,8687.476706254234
2019-08-18 21:30:00,8556.659270414424
2019-08-18 22:00:00,8255.833648595046
2019-08-18 22:30:00,8240.455054242839
2019-08-18 23:00:00,7968.843377715984
2019-08-18 23:30:00,7801.5317927012
2019-08-19 00:00:00,7578.069934061913
2019-08-19 00:30:00,7410.375287052156
2019-08-19 01:00:00,7258.1653332900505
2019-08-19 01:30:00,7190.554802413624
2019-08-19 02:00:00,6978.709445433602
2019-08-19 02:30:00,6714.754358590126
2019-08-19 03:00:00,6634.932608780226
2019-08-19 03:30:00,6496.685789773344
2019-08-19 04:00:00,6568.910023320556
2019-08-19 04:30:00,6524.4162864302525
2019-08-19 05:00:00,6787.330685131732
2019-08-19 05:30:00,6928.81536344591
2019-08-19 06:00:00,7829.646037426401
2019-08-19 06:30:00,8183.044976195298
2019-08-19 07:00:00,9307.513472372755
2019-08-19 07:30:00,9453.309929814232
2019-08-19 08:00:00,9608.351793898328
2019-08-19 08:30:00,9701.136699016273
2019-08-19 09:00:00,9051.33819518215
2019-08-19 09:30:00,8991.358330843701
2019-08-19 10:00:00,8732.280972172415
2019-08-19 10:30:00,8608.058315562179
2019-08-19 11:00:00,8312.851614355679
2019-08-19 11:30:00,7890.891681089161
2019-08-19 12:00:00,7711.319050507381
2019-08-19 12:30:00,7605.883806118293
2019-08-19 13:00:00,7415.353476903597
2019-08-19 13:30:00,7300.1286557653775
2019-08-19 14:00:00,7342.885473162995
2019-08-19 14:30:00,7483.601188919836
2019-08-19 15:00:00,7510.818361793861
2019-08-19 15:30:00,7845.356257466724
2019-08-19 16:00:00,8258.726033322046
2019-08-19 16:30:00,8584.722979117614
2019-08-19 17:00:00,9047.263798443517
2019-08-19 17:30:00,9364.798787321686
2019-08-19 18:00:00,9767.1682249569
2019-08-19 18:30:00,10099.966200476876
2019-08-19 19:00:00,10020.965898083725
2019-08-19 19:30:00,9851.548761679996
2019-08-19 20:00:00,9464.48381031665
2019-08-19 20:30:00,9378.481846602572
2019-08-19 21:00:00,9149.41074961317
2019-08-19 21:30:00,8924.026638336625
2019-08-19 22:00:00,8547.46937299429
2019-08-19 22:30:00,8428.606370343587
2019-08-19 23:00:00,8370.64012327023
2019-08-19 23:30:00,8227.93251311834
2019-08-20 00:00:00,7961.8515390913135
2019-08-20 00:30:00,7767.837806956225
2019-08-20 01:00:00,7560.3873161774
2019-08-20 01:30:00,7430.282750212065
2019-08-20 02:00:00,7220.377545697476
2019-08-20 02:30:00,7014.651560492856
2019-08-20 03:00:00,6642.499342717585
2019-08-20 03:30:00,6586.509728881827
2019-08-20 04:00:00,6470.523855423546
2019-08-20 04:30:00,6581.240248194318
2019-08-20 05:00:00,6702.127565340398
2019-08-20 05:30:00,7109.789204782512
2019-08-20 06:00:00,7631.408808303417
2019-08-20 06:30:00,8212.144807123288
2019-08-20 07:00:00,8871.682104998883
2019-08-20 07:30:00,9166.057131319398
2019-08-20 08:00:00,9243.155092245082
2019-08-20 08:30:00,9040.22321660196
2019-08-20 09:00:00,8693.363031453564
2019-08-20 09:30:00,8492.041216731091
2019-08-20 10:00:00,8381.895650139759
2019-08-20 10:30:00,8273.583282851629
2019-08-20 11:00:00,8152.001735326948
2019-08-20 11:30:00,8068.735454257986
2019-08-20 12:00:00,8033.430321978593
2019-08-20 12:30:00,8009.44903505095
2019-08-20 13:00:00,8059.729768628016
2019-08-20 13:30:00,8059.729768628016
2019-08-20 14:00:00,8055.761025852165
2019-08-20 14:30:00,8033.3207069998925
2019-08-20 15:00:00,8036.517326912678
2019-08-20 15:30:00,8126.4706493094745
2019-08-20 16:00:00,8349.258877267417
2019-08-20 16:30:00,8598.501827529493
2019-08-20 17:00:00,9217.55591435108
2019-08-20 17:30:00,9877.719238299189
2019-08-20 18:00:00,10604.752368678179
2019-08-20 18:30:00,10977.830235960126
2019-08-20 19:00:00,11091.918118225567
2019-08-20 19:30:00,10891.468778218412
2019-08-20 20:00:00,10574.569456318332
2019-08-20 20:30:00,10510.109429454471
2019-08-20 21:00:00,10200.8762056389
2019-08-20 21:30:00,9827.73100920327
2019-08-20 22:00:00,9510.123616889303
2019-08-20 22:30:00,9323.347424265512
2019-08-20 23:00:00,8950.615142049013
2019-08-20 23:30:00,8618.851753502888
2019-08-21 00:00:00,8465.829706475353
2019-08-21 00:30:00,8226.09010869702
2019-08-21 01:00:00,8097.780447268532
2019-08-21 01:30:00,7926.386493859406
2019-08-21 02:00:00,7573.991063264349
2019-08-21 02:30:00,7274.039045224547
2019-08-21 03:00:00,7038.309212441467
2019-08-21 03:30:00,6828.781335618381
2019-08-21 04:00:00,6749.791234106874
2019-08-21 04:30:00,6801.523952450675
2019-08-21 05:00:00,6951.805017574078
2019-08-21 05:30:00,7311.434387356099
2019-08-21 06:00:00,7928.404935608587
2019-08-21 06:30:00,8767.490609495713
2019-08-21 07:00:00,9569.692510986713
2019-08-21 07:30:00,9924.419160697442
2019-08-21 08:00:00,9922.765763625883
2019-08-21 08:30:00,9706.14127401704
2019-08-21 09:00:00,9210.60922859198
2019-08-21 09:30:00,8939.01230575708
2019-08-21 10:00:00,8558.43099009881
2019-08-21 10:30:00,8318.519173261462
2019-08-21 11:00:00,8114.365303721171
2019-08-21 11:30:00,7866.635127729741
2019-08-21 12:00:00,7692.6359187961425
2019-08-21 12:30:00,7556.453242411104
2019-08-21 13:00:00,7541.34728705657
2019-08-21 13:30:00,7534.796446004267
2019-08-21 14:00:00,7566.091612510719
2019-08-21 14:30:00,7565.5372082939075
2019-08-21 15:00:00,7618.628108996038
2019-08-21 15:30:00,7717.420070612094
2019-08-21 16:00:00,7942.8497953027945
2019-08-21 16:30:00,8285.637223100151
2019-08-21 17:00:00,8740.837453443295
2019-08-21 17:30:00,9328.10668918843
2019-08-21 18:00:00,9996.580758246566
2019-08-21 18:30:00,10348.177842497775
2019-08-21 19:00:00,10405.396209734894
2019-08-21 19:30:00,10247.265874961597
2019-08-21 20:00:00,10097.738336527511
2019-08-21 20:30:00,9911.235059106588
2019-08-21 21:00:00,9665.62559076063
2019-08-21 21:30:00,9360.758298915056
2019-08-21 22:00:00,9099.85465279171
2019-08-21 22:30:00,8910.479366233403
2019-08-21 23:00:00,8523.005174342421
2019-08-21 23:30:00,8353.017638398429
2019-08-22 00:00:00,8355.220549308988
2019-08-22 00:30:00,8199.86765142688
2019-08-22 01:00:00,7910.217931362694
2019-08-22 01:30:00,7657.779700224729
2019-08-22 02:00:00,7333.46978818019
2019-08-22 02:30:00,7099.4677049445045
2019-08-22 03:00:00,6872.158169192023
2019-08-22 03:30:00,6711.270183326337
2019-08-22 04:00:00,6589.003284311313
2019-08-22 04:30:00,6546.60394401722
2019-08-22 05:00:00,6739.995000995106
2019-08-22 05:30:00,7070.436312042035
2019-08-22 06:00:00,7651.38362949489
2019-08-22 06:30:00,8569.777840703875
2019-08-22 07:00:00,9302.69278808869
2019-08-22 07:30:00,9524.124155847701
2019-08-22 08:00:00,9497.785329785585
2019-08-22 08:30:00,9223.469636139194
2019-08-22 09:00:00,8864.26899372671
2019-08-22 09:30:00,8537.966488918624
2019-08-22 10:00:00,8309.540543048764
2019-08-22 10:30:00,8139.379634739621
2019-08-22 11:00:00,7868.611244630365
2019-08-22 11:30:00,7666.040124673422
2019-08-22 12:00:00,7593.210286061838
2019-08-22 12:30:00,7491.381234657878
2019-08-22 13:00:00,7510.6371058790555
2019-08-22 13:30:00,7464.128001019342
2019-08-22 14:00:00,7481.421521597043
2019-08-22 14:30:00,7568.174258494055
2019-08-22 15:00:00,7617.951399081061
2019-08-22 15:30:00,7685.929545287752
2019-08-22 16:00:00,7961.313561291417
2019-08-22 16:30:00,8233.402718330759
2019-08-22 17:00:00,8615.644266836112
2019-08-22 17:30:00,9047.517406652754
2019-08-22 18:00:00,9683.040587953523
2019-08-22 18:30:00,9912.832809600357
2019-08-22 19:00:00,10028.383744691822
2019-08-22 19:30:00,9830.613300532668
2019-08-22 20:00:00,9589.087315003966
2019-08-22 20:30:00,9453.840896300848
2019-08-22 21:00:00,9188.078980993823
2019-08-22 21:30:00,9004.021559181523
2019-08-22 22:00:00,8713.713042361771
2019-08-22 22:30:00,8497.109983143637
2019-08-22 23:00:00,8256.45479847187
2019-08-22 23:30:00,8173.040246605183
2019-08-23 00:00:00,8022.724238974655
2019-08-23 00:30:00,7820.266748209475
2019-08-23 01:00:00,7693.023350959843
2019-08-23 01:30:00,7449.387664187019
2019-08-23 02:00:00,7218.081695007313
2019-08-23 02:30:00,7058.4423901324435
2019-08-23 03:00:00,6788.381670962711
2019-08-23 03:30:00,6595.435891709274
2019-08-23 04:00:00,6545.581106732834
2019-08-23 04:30:00,6545.581106732834
2019-08-23 05:00:00,6700.928488810061
2019-08-23 05:30:00,7035.238052398542
2019-08-23 06:00:00,7414.88190851138
2019-08-23 06:30:00,8176.605653651827
2019-08-23 07:00:00,8834.946453311719
2019-08-23 07:30:00,9043.52538234776
2019-08-23 08:00:00,9054.27167689031
2019-08-23 08:30:00,8803.306434632432
2019-08-23 09:00:00,8422.599864606955
2019-08-23 09:30:00,8224.355779148877
2019-08-23 10:00:00,8102.055679117802
2019-08-23 10:30:00,8058.48544261946
2019-08-23 11:00:00,7900.3838789832635
2019-08-23 11:30:00,7911.041526112313
2019-08-23 12:00:00,7765.4252179323075
2019-08-23 12:30:00,7765.4252179323075
2019-08-23 13:00:00,7787.731283352812
2019-08-23 13:30:00,7876.662269407132
2019-08-23 14:00:00,7835.2082048693965
2019-08-23 14:30:00,7888.085320412028
2019-08-23 15:00:00,7911.634880404325
2019-08-23 15:30:00,8030.956914444026
2019-08-23 16:00:00,8267.58068178481
2019-08-23 16:30:00,8529.822417159538
2019-08-23 17:00:00,8913.21703645366
2019-08-23 17:30:00,9396.327123441753
2019-08-23 18:00:00,10031.352269877398
2019-08-23 18:30:00,10313.975595104766
2019-08-23 19:00:00,10210.571893320639
2019-08-23 19:30:00,10049.337450725901
2019-08-23 20:00:00,10007.076562263952
2019-08-23 20:30:00,9870.79652002438
2019-08-23 21:00:00,9743.677801257903
2019-08-23 21:30:00,9545.90735709875
2019-08-23 22:00:00,9310.035450621821
2019-08-23 22:30:00,9221.851291553616
2019-08-23 23:00:00,8893.506422046388
2019-08-23 23:30:00,8800.02671490902
2019-08-24 00:00:00,8633.956238247143
2019-08-24 00:30:00,8602.552931217013
2019-08-24 01:00:00,8233.532740372106
2019-08-24 01:30:00,7937.319274399769
2019-08-24 02:00:00,7727.169591841818
2019-08-24 02:30:00,7458.927761726367
2019-08-24 03:00:00,7193.845896543898
2019-08-24 03:30:00,7069.715969314239
2019-08-24 04:00:00,6987.728168775028
2019-08-24 04:30:00,6987.728168775028
2019-08-24 05:00:00,6888.766079196779
2019-08-24 05:30:00,7236.754733552325
2019-08-24 06:00:00,7094.679258903133
2019-08-24 06:30:00,7638.858700201064
2019-08-24 07:00:00,7936.056289302684
2019-08-24 07:30:00,8467.88275006812
2019-08-24 08:00:00,8751.184888504366
2019-08-24 08:30:00,8643.504856422185
2019-08-24 09:00:00,8896.757461889374
2019-08-24 09:30:00,8528.274237656171
2019-08-24 10:00:00,8281.973920820952
2019-08-24 10:30:00,7951.856515666551
2019-08-24 11:00:00,7676.786988865679
2019-08-24 11:30:00,7449.208453559107
2019-08-24 12:00:00,7338.512334932046
2019-08-24 12:30:00,7331.855737941317
2019-08-24 13:00:00,7239.4824568416625
2019-08-24 13:30:00,7139.434585828104
2019-08-24 14:00:00,7145.426979057416
2019-08-24 14:30:00,7145.426979057416
2019-08-24 15:00:00,7204.578739005872
2019-08-24 15:30:00,7312.453546295638
2019-08-24 16:00:00,7442.754930194742
2019-08-24 16:30:00,7503.8467318216735
2019-08-24 17:00:00,7952.458281366351
2019-08-24 17:30:00,8319.996416854492
2019-08-24 18:00:00,9102.945400350613
2019-08-24 18:30:00,9468.331848121241
2019-08-24 19:00:00,9467.098234486255
2019-08-24 19:30:00,9372.662417907968
2019-08-24 20:00:00,9165.312765389604
2019-08-24 20:30:00,9110.470542438929
2019-08-24 21:00:00,8976.001999043336
2019-08-24 21:30:00,8780.39831023064
2019-08-24 22:00:00,8563.182971180928
2019-08-24 22:30:00,8567.057792504434
2019-08-24 23:00:00,8373.792878810633
2019-08-24 23:30:00,8168.4316884245045
2019-08-25 00:00:00,7965.024632656158
2019-08-25 00:30:00,7768.50054603902
2019-08-25 01:00:00,7645.168885779052
2019-08-25 01:30:00,7355.8494790359955
2019-08-25 02:00:00,7095.00853939025
2019-08-25 02:30:00,6840.06980748747
2019-08-25 03:00:00,6656.337200223716
2019-08-25 03:30:00,6542.533327854005
2019-08-25 04:00:00,6334.200991234959
2019-08-25 04:30:00,6334.200991234959
2019-08-25 05:00:00,6350.319025468674
2019-08-25 05:30:00,6582.870967752109
2019-08-25 06:00:00,6709.656622725541
2019-08-25 06:30:00,7073.1040316798635
2019-08-25 07:00:00,7359.282992522884
2019-08-25 07:30:00,7685.263405734514
2019-08-25 08:00:00,7751.098721029658
2019-08-25 08:30:00,7930.023101295668
2019-08-25 09:00:00,7970.021744731207
2019-08-25 09:30:00,7839.6599101096635
2019-08-25 10:00:00,7472.207240030156
2019-08-25 10:30:00,7219.662644097825
2019-08-25 11:00:00,6975.839519740227
2019-08-25 11:30:00,6776.293542843369
2019-08-25 12:00:00,6652.423828819736
2019-08-25 12:30:00,6484.688081042672
2019-08-25 13:00:00,6589.077144927444
2019-08-25 13:30:00,6529.508780463335
2019-08-25 14:00:00,6478.818201772275
2019-08-25 14:30:00,6499.96987869034
2019-08-25 15:00:00,6633.392366520845
2019-08-25 15:30:00,6775.428729196724
2019-08-25 16:00:00,7080.970133636637
2019-08-25 16:30:00,7195.908791242494
2019-08-25 17:00:00,7721.2595877005415
2019-08-25 17:30:00,7969.375582669647
2019-08-25 18:00:00,8558.479098427888
2019-08-25 18:30:00,8857.74108245808
2019-08-25 19:00:00,8959.316447346613
2019-08-25 19:30:00,8873.285904507626
2019-08-25 20:00:00,8720.406431857999
2019-08-25 20:30:00,8647.788135275012
2019-08-25 21:00:00,8458.534452341797
2019-08-25 21:30:00,8349.567101487319
2019-08-25 22:00:00,7962.7024735541845
2019-08-25 22:30:00,7895.555820445723
2019-08-25 23:00:00,7627.973334923863
2019-08-25 23:30:00,7485.316924024669
2019-08-26 00:00:00,7397.82943849287
2019-08-26 00:30:00,7069.714276791288
2019-08-26 01:00:00,7147.764374311296
2019-08-26 01:30:00,7054.631892186941
2019-08-26 02:00:00,6964.613372078266
2019-08-26 02:30:00,6699.097728474255
2019-08-26 03:00:00,6551.907015164246
2019-08-26 03:30:00,6410.422336850068
2019-08-26 04:00:00,6499.211188572113
2019-08-26 04:30:00,6508.371741358957
2019-08-26 05:00:00,6765.389627196856
2019-08-26 05:30:00,6903.610265587771
2019-08-26 06:00:00,7802.70839884334
2019-08-26 06:30:00,8057.114691066811
2019-08-26 07:00:00,9210.493697982163
2019-08-26 07:30:00,9443.332728460422
2019-08-26 08:00:00,9335.433905293718
2019-08-26 08:30:00,9320.030428707469
2019-08-26 09:00:00,8673.354407808305
2019-08-26 09:30:00,8681.189422558742
2019-08-26 10:00:00,8335.100377275678
2019-08-26 10:30:00,8096.637392851632
2019-08-26 11:00:00,7833.327644561188
2019-08-26 11:30:00,7667.199953764344
2019-08-26 12:00:00,7396.187836856945
2019-08-26 12:30:00,7182.099291023007
2019-08-26 13:00:00,7221.6356246466785
2019-08-26 13:30:00,7167.288851036619
2019-08-26 14:00:00,7253.84646761287
2019-08-26 14:30:00,7332.293840442528
2019-08-26 15:00:00,7559.41114551731
2019-08-26 15:30:00,7831.826882142226
2019-08-26 16:00:00,8252.165847411305
2019-08-26 16:30:00,8649.063192233436
2019-08-26 17:00:00,9080.872047192954
2019-08-26 17:30:00,9508.786276512627
2019-08-26 18:00:00,9928.053410434268
2019-08-26 18:30:00,10194.896181481428
2019-08-26 19:00:00,10127.877344109338
2019-08-26 19:30:00,9994.77869274309
2019-08-26 20:00:00,9673.027341789986
2019-08-26 20:30:00,9431.309132450808
2019-08-26 21:00:00,9299.758105703278
2019-08-26 21:30:00,9158.546842083706
2019-08-26 22:00:00,8828.818033572188
2019-08-26 22:30:00,8578.568966294028
2019-08-26 23:00:00,8522.760584406014
2019-08-26 23:30:00,8407.51788131894
2019-08-27 00:00:00,7933.5559066334645
2019-08-27 00:30:00,7883.963718801517
2019-08-27 01:00:00,7697.8492158222525
2019-08-27 01:30:00,7634.410354481714
2019-08-27 02:00:00,7439.115634716372
2019-08-27 02:30:00,7173.854309050249
2019-08-27 03:00:00,6857.199910695293
2019-08-27 03:30:00,6796.086600454276
2019-08-27 04:00:00,6669.08934849878
2019-08-27 04:30:00,6755.466541391733
2019-08-27 05:00:00,6869.750127231471
2019-08-27 05:30:00,7259.299289569027
2019-08-27 06:00:00,7709.901485682617
2019-08-27 06:30:00,8085.886830308924
2019-08-27 07:00:00,8569.867160332326
2019-08-27 07:30:00,8808.860711922554
2019-08-27 08:00:00,8976.781600476623
2019-08-27 08:30:00,8976.781600476623
2019-08-27 09:00:00,8789.719005873134
2019-08-27 09:30:00,8635.079840715347
2019-08-27 10:00:00,8529.914432255475
2019-08-27 10:30:00,8529.914432255475
2019-08-27 11:00:00,8448.247017616728
2019-08-27 11:30:00,8292.108771702184
2019-08-27 12:00:00,8224.059505791278
2019-08-27 12:30:00,8213.051309709408
2019-08-27 13:00:00,8237.295561135703
2019-08-27 13:30:00,8233.272022441537
2019-08-27 14:00:00,8243.82938676675
2019-08-27 14:30:00,8146.442307175222
2019-08-27 15:00:00,8141.4852623096285
2019-08-27 15:30:00,8238.872341901159
2019-08-27 16:00:00,8500.210323941328
2019-08-27 16:30:00,8769.850428403608
2019-08-27 17:00:00,9116.270260506379
2019-08-27 17:30:00,9527.362200305284
2019-08-27 18:00:00,10134.035426020975
2019-08-27 18:30:00,10396.936057712483
2019-08-27 19:00:00,10343.984192634054
2019-08-27 19:30:00,10079.582907131575
2019-08-27 20:00:00,9864.52831529261
2019-08-27 20:30:00,9649.36831826915
2019-08-27 21:00:00,9365.47780899316
2019-08-27 21:30:00,9110.893977437172
2019-08-27 22:00:00,8822.005443914986
2019-08-27 22:30:00,8666.649049357595
2019-08-27 23:00:00,8357.149814065824
2019-08-27 23:30:00,8187.375639742509
2019-08-28 00:00:00,8271.4703676989
2019-08-28 00:30:00,8155.400156917126
2019-08-28 01:00:00,7969.715800205578
2019-08-28 01:30:00,7765.964040543067
2019-08-28 02:00:00,7558.075929760765
2019-08-28 02:30:00,7199.609067347532
2019-08-28 03:00:00,6988.450815185588
2019-08-28 03:30:00,6791.410059419444
2019-08-28 04:00:00,6727.133428629073
2019-08-28 04:30:00,6768.402368097062
2019-08-28 05:00:00,6910.900288207577
2019-08-28 05:30:00,7179.2715007992465
2019-08-28 06:00:00,7630.973017995067
2019-08-28 06:30:00,8333.242654661926
2019-08-28 07:00:00,8970.529195004568
2019-08-28 07:30:00,9191.113764723783
2019-08-28 08:00:00,9249.335149407425
2019-08-28 08:30:00,9073.086813706093
2019-08-28 09:00:00,8727.629224823408
2019-08-28 09:30:00,8570.879836650509
2019-08-28 10:00:00,8398.226424379258
2019-08-28 10:30:00,8392.41982034518
2019-08-28 11:00:00,8185.610025337942
2019-08-28 11:30:00,8133.489879398488
2019-08-28 12:00:00,8033.517432599657
2019-08-28 12:30:00,8008.296098851732
2019-08-28 13:00:00,7917.04726837473
2019-08-28 13:30:00,7987.532379422771
2019-08-28 14:00:00,7951.2968389963635
2019-08-28 14:30:00,7877.329275129007
2019-08-28 15:00:00,7863.768886258724
2019-08-28 15:30:00,7980.481485167804
2019-08-28 16:00:00,8179.34998254283
2019-08-28 16:30:00,8406.093962953126
2019-08-28 17:00:00,8749.234931864195
2019-08-28 17:30:00,9181.526046337282
2019-08-28 18:00:00,9812.409323305645
2019-08-28 18:30:00,10202.439146589351
2019-08-28 19:00:00,10210.448367432038
2019-08-28 19:30:00,10027.757434885072
2019-08-28 20:00:00,9838.806146318462
2019-08-28 20:30:00,9699.811776057033
2019-08-28 21:00:00,9463.296046749447
2019-08-28 21:30:00,9167.143566472956
2019-08-28 22:00:00,8920.262336457843
2019-08-28 22:30:00,8800.009895118757
2019-08-28 23:00:00,8532.78814456686
2019-08-28 23:30:00,8388.295773470069
2019-08-29 00:00:00,8443.95484124301
2019-08-29 00:30:00,8283.14876480676
2019-08-29 01:00:00,8139.468772842244
2019-08-29 01:30:00,8015.262100571338
2019-08-29 02:00:00,7706.364489489762
2019-08-29 02:30:00,7308.24582634729
2019-08-29 03:00:00,7118.802940339048
2019-08-29 03:30:00,6918.542130609238
2019-08-29 04:00:00,6836.660803725354
2019-08-29 04:30:00,6847.71658943514
2019-08-29 05:00:00,6970.824674789898
2019-08-29 05:30:00,7381.752795741446
2019-08-29 06:00:00,7757.395986489729
2019-08-29 06:30:00,8493.060463548312
2019-08-29 07:00:00,9139.140330466857
2019-08-29 07:30:00,9390.876947156896
2019-08-29 08:00:00,9360.914172772333
2019-08-29 08:30:00,9130.981230155026
2019-08-29 09:00:00,8775.075083391537
2019-08-29 09:30:00,8537.966488918624
2019-08-29 10:00:00,8257.420397109327
2019-08-29 10:30:00,8090.898770198264
2019-08-29 11:00:00,8000.016639582415
2019-08-29 11:30:00,7770.451638258972
2019-08-29 12:00:00,7760.653619251203
2019-08-29 12:30:00,7662.967815073462
2019-08-29 13:00:00,7672.578241603154
2019-08-29 13:30:00,7644.428459099654
2019-08-29 14:00:00,7518.468202265271
2019-08-29 14:30:00,7594.020482453044
2019-08-29 15:00:00,7686.172016062762
2019-08-29 15:30:00,7715.139463809357
2019-08-29 16:00:00,7952.89295257298
2019-08-29 16:30:00,8172.733363646329
2019-08-29 17:00:00,8498.716755001671
2019-08-29 17:30:00,8890.3268373878
2019-08-29 18:00:00,9512.122369765946
2019-08-29 18:30:00,9770.277624067876
2019-08-29 19:00:00,9833.717408354109
2019-08-29 19:30:00,9711.621289389122
2019-08-29 20:00:00,9518.703963902797
2019-08-29 20:30:00,9420.111930347211
2019-08-29 21:00:00,9208.116919216047
2019-08-29 21:30:00,9056.824221734953
2019-08-29 22:00:00,8826.516595773162
2019-08-29 22:30:00,8792.029639729411
2019-08-29 23:00:00,8495.293033169824
2019-08-29 23:30:00,8304.585329665075
2019-08-30 00:00:00,8151.093887283929
2019-08-30 00:30:00,8095.694904352231
2019-08-30 01:00:00,7947.611634286574
2019-08-30 01:30:00,7705.004638826593
2019-08-30 02:00:00,7501.70127882908
2019-08-30 02:30:00,7227.735774875593
2019-08-30 03:00:00,7006.7080304373385
2019-08-30 03:30:00,6888.250589536261
2019-08-30 04:00:00,6788.897521068922
2019-08-30 04:30:00,6798.5463493016105
2019-08-30 05:00:00,7019.779839058414
2019-08-30 05:30:00,7396.022407904987
2019-08-30 06:00:00,7812.017388540083
2019-08-30 06:30:00,8475.361295356939
2019-08-30 07:00:00,9143.600931428608
2019-08-30 07:30:00,9400.775827553947
2019-08-30 08:00:00,9549.450570964953
2019-08-30 08:30:00,9505.019347416897
2019-08-30 09:00:00,9181.944806632584
2019-08-30 09:30:00,9094.405305609984
2019-08-30 10:00:00,9018.642364954772
2019-08-30 10:30:00,8926.502458768391
2019-08-30 11:00:00,8748.455673153558
2019-08-30 11:30:00,8634.669454396091
2019-08-30 12:00:00,8587.511308771169
2019-08-30 12:30:00,8597.770167624902
2019-08-30 13:00:00,8602.894888291416
2019-08-30 13:30:00,8663.851473434652
2019-08-30 14:00:00,8722.627469450794
2019-08-30 14:30:00,8784.649808564458
2019-08-30 15:00:00,8785.428192455378
2019-08-30 15:30:00,8848.23271688702
2019-08-30 16:00:00,9189.894960800428
2019-08-30 16:30:00,9460.66633084176
2019-08-30 17:00:00,9820.97528237847
2019-08-30 17:30:00,10110.645402707134
2019-08-30 18:00:00,10592.411990862929
2019-08-30 18:30:00,10721.41998502797
2019-08-30 19:00:00,10674.171360023336
2019-08-30 19:30:00,10473.722020016181
2019-08-30 20:00:00,10301.941132187972
2019-08-30 20:30:00,10216.734829503095
2019-08-30 21:00:00,10063.04218202762
2019-08-30 21:30:00,9813.546456685304
2019-08-30 22:00:00,9552.296037719134
2019-08-30 22:30:00,9580.457114272836
2019-08-30 23:00:00,8967.681241038563
2019-08-30 23:30:00,8766.997371771407
2019-08-31 00:00:00,8603.751218693496
2019-08-31 00:30:00,8359.141940592648
2019-08-31 01:00:00,8054.192467515404
2019-08-31 01:30:00,7817.872317695683
2019-08-31 02:00:00,7679.690218141251
2019-08-31 02:30:00,7415.773511446763
2019-08-31 03:00:00,7079.724728416989
2019-08-31 03:30:00,6960.8208091569895
2019-08-31 04:00:00,6741.262217906445
2019-08-31 04:30:00,6817.3426184077825
2019-08-31 05:00:00,6717.061079547723
2019-08-31 05:30:00,7034.021806980171
2019-08-31 06:00:00,6784.4419171859645
2019-08-31 06:30:00,7509.682252804178
2019-08-31 07:00:00,7909.969257881302
2019-08-31 07:30:00,8193.876367603845
2019-08-31 08:00:00,8767.664766226386
2019-08-31 08:30:00,8655.171835998424
2019-08-31 09:00:00,8818.303693666607
2019-08-31 09:30:00,8652.267916690273
2019-08-31 10:00:00,8478.927914255686
2019-08-31 10:30:00,8390.672488064098
2019-08-31 11:00:00,8336.885275453133
2019-08-31 11:30:00,8316.419428114634
2019-08-31 12:00:00,8304.726564460972
2019-08-31 12:30:00,8205.966704805049
2019-08-31 13:00:00,8083.228251955276
2019-08-31 13:30:00,8136.307391620275
2019-08-31 14:00:00,8135.7742653438345
2019-08-31 14:30:00,8135.7742653438345
2019-08-31 15:00:00,8174.906745627829
2019-08-31 15:30:00,8306.07030509211
2019-08-31 16:00:00,8454.304347853977
2019-08-31 16:30:00,8726.488995861417
2019-08-31 17:00:00,9008.75907456032
2019-08-31 17:30:00,9264.01046941017
2019-08-31 18:00:00,9933.471283494999
2019-08-31 18:30:00,10080.588702394974
2019-08-31 19:00:00,9939.509315237901
2019-08-31 19:30:00,9682.33911966116
2019-08-31 20:00:00,9500.09270156397
2019-08-31 20:30:00,9314.400024988461
2019-08-31 21:00:00,9116.217142970438
2019-08-31 21:30:00,8909.010129425364
2019-08-31 22:00:00,8646.893998603395
2019-08-31 22:30:00,8548.20743655286
2019-08-31 23:00:00,8350.307602298593
2019-08-31 23:30:00,8181.156505122244
2019-09-01 00:00:00,8037.942585837993
2019-09-01 00:30:00,7839.733841031168
2019-09-01 01:00:00,7634.441775081043
2019-09-01 01:30:00,7406.158442501256
2019-09-01 02:00:00,7129.638173276826
2019-09-01 02:30:00,6819.874651942755
2019-09-01 03:00:00,6746.209695503335
2019-09-01 03:30:00,6502.202623746773
2019-09-01 04:00:00,6361.394555443466
2019-09-01 04:30:00,6326.298116899822
2019-09-01 05:00:00,6338.469715649858
2019-09-01 05:30:00,6517.515801267533
2019-09-01 06:00:00,6590.799825867545
2019-09-01 06:30:00,6917.348996306435
2019-09-01 07:00:00,7054.089571358594
2019-09-01 07:30:00,7385.859643080959
2019-09-01 08:00:00,7607.7312232926615
2019-09-01 08:30:00,7715.5217673987845
2019-09-01 09:00:00,7864.359072151179
2019-09-01 09:30:00,7822.72893202438
2019-09-01 10:00:00,7682.247994243891
2019-09-01 10:30:00,7643.335731225313
2019-09-01 11:00:00,7468.451755633653
2019-09-01 11:30:00,7324.6798913449875
2019-09-01 12:00:00,7283.021901760683
2019-09-01 12:30:00,7122.643532838429
2019-09-01 13:00:00,7085.401603448653
2019-09-01 13:30:00,7006.98876902201
2019-09-01 14:00:00,7029.889782639691
2019-09-01 14:30:00,7113.996127953161
2019-09-01 15:00:00,7161.603834373819
2019-09-01 15:30:00,7252.425337081009
2019-09-01 16:00:00,7463.097365200878
2019-09-01 16:30:00,7698.033422764803
2019-09-01 17:00:00,8147.541799550065
2019-09-01 17:30:00,8422.890330297943
2019-09-01 18:00:00,9156.262993253973
2019-09-01 18:30:00,9408.781747231465
2019-09-01 19:00:00,9423.061507553535
2019-09-01 19:30:00,9236.285314929744
2019-09-01 20:00:00,8964.023179825497
2019-09-01 20:30:00,8817.069189954656
2019-09-01 21:00:00,8605.924637175103
2019-09-01 21:30:00,8487.569812665432
2019-09-01 22:00:00,8219.478986952798
2019-09-01 22:30:00,8219.478986952798
2019-09-01 23:00:00,7976.05517948458
2019-09-01 23:30:00,7854.723645062012
2019-09-02 00:00:00,7723.681324556109
2019-09-02 00:30:00,7530.742564342657
2019-09-02 01:00:00,7272.1298162597295
2019-09-02 01:30:00,7201.668603912744
2019-09-02 02:00:00,7261.35235337135
2019-09-02 02:30:00,6986.566761653457
2019-09-02 03:00:00,6817.573859343433
2019-09-02 03:30:00,6651.662625074356
2019-09-02 04:00:00,6665.766349711471
2019-09-02 04:30:00,6543.094312907133
2019-09-02 05:00:00,6778.106171729086
2019-09-02 05:30:00,6898.397329653862
2019-09-02 06:00:00,7694.358194972709
2019-09-02 06:30:00,8034.147344050149
2019-09-02 07:00:00,8895.11383215361
2019-09-02 07:30:00,9063.233418593567
2019-09-02 08:00:00,8916.973291438688
2019-09-02 08:30:00,9088.65825458117
2019-09-02 09:00:00,8505.332737349985
2019-09-02 09:30:00,8441.465296185801
2019-09-02 10:00:00,8112.84781178821
2019-09-02 10:30:00,7984.628360048544
2019-09-02 11:00:00,7622.256306638939
2019-09-02 11:30:00,7334.47336825578
2019-09-02 12:00:00,7180.92563386753
2019-09-02 12:30:00,7013.447513916739
2019-09-02 13:00:00,6935.362888825232
2019-09-02 13:30:00,6842.1456980659905
2019-09-02 14:00:00,6842.67135784
2019-09-02 14:30:00,6944.532219884206
2019-09-02 15:00:00,7110.516512595487
2019-09-02 15:30:00,7420.742515428269
2019-09-02 16:00:00,7705.041825675674
2019-09-02 16:30:00,8199.6781154358
2019-09-02 17:00:00,8512.561277286157
2019-09-02 17:30:00,8804.697366152162
2019-09-02 18:00:00,9231.345230814759
2019-09-02 18:30:00,9494.542545323686
2019-09-02 19:00:00,9542.056041393354
2019-09-02 19:30:00,9409.203772082039
2019-09-02 20:00:00,9149.711741289517
2019-09-02 20:30:00,9124.152505283493
2019-09-02 21:00:00,9007.637145220917
2019-09-02 21:30:00,8742.963234101395
2019-09-02 22:00:00,8456.894596166547
2019-09-02 22:30:00,8281.480149709223
2019-09-02 23:00:00,8350.60128216099
2019-09-02 23:30:00,8161.299265503701
2019-09-03 00:00:00,7838.1609489277125
2019-09-03 00:30:00,7749.183729326527
2019-09-03 01:00:00,7635.429836692966
2019-09-03 01:30:00,7445.135296098572
2019-09-03 02:00:00,7293.127485419388
2019-09-03 02:30:00,7132.985803617631
2019-09-03 03:00:00,6798.322039961682
2019-09-03 03:30:00,6615.6351679278105
2019-09-03 04:00:00,6501.212445968786
2019-09-03 04:30:00,6571.63788185184
2019-09-03 05:00:00,6741.521582977281
2019-09-03 05:30:00,7078.4695475032095
2019-09-03 06:00:00,7509.447335056372
2019-09-03 06:30:00,8102.855726025896
2019-09-03 07:00:00,8664.935717801029
2019-09-03 07:30:00,8855.83408539803
2019-09-03 08:00:00,8825.204862343586
2019-09-03 08:30:00,8561.282834257641
2019-09-03 09:00:00,8289.719347814465
2019-09-03 09:30:00,8122.441875683259
2019-09-03 10:00:00,7975.199080466695
2019-09-03 10:30:00,7888.84453894814
2019-09-03 11:00:00,7826.312583090652
2019-09-03 11:30:00,7777.682460979029
2019-09-03 12:00:00,7758.21130504989
2019-09-03 12:30:00,7706.439210122395
2019-09-03 13:00:00,7723.604466615473
2019-09-03 13:30:00,7736.881004778903
2019-09-03 14:00:00,7737.609340844182
2019-09-03 14:30:00,7723.224795926817
2019-09-03 15:00:00,7785.590744262539
2019-09-03 15:30:00,7855.703019848664
2019-09-03 16:00:00,7927.390799213347
2019-09-03 16:30:00,8124.674943187628
2019-09-03 17:00:00,8418.794641338227
2019-09-03 17:30:00,8799.389706779044
2019-09-03 18:00:00,9307.08691637715
2019-09-03 18:30:00,9663.746265881613
2019-09-03 19:00:00,9754.363754079284
2019-09-03 19:30:00,9528.541837347808
2019-09-03 20:00:00,9308.371942533971
2019-09-03 20:30:00,9183.35470969069
2019-09-03 21:00:00,8990.342769521914
2019-09-03 21:30:00,8757.099839335333
2019-09-03 22:00:00,8475.340835135692
2019-09-03 22:30:00,8398.421771718753
2019-09-03 23:00:00,8133.603274580668
2019-09-03 23:30:00,8087.289498469479
2019-09-04 00:00:00,7951.868827723087
2019-09-04 00:30:00,7832.546793683386
2019-09-04 01:00:00,7624.964701614881
2019-09-04 01:30:00,7320.507582697992
2019-09-04 02:00:00,6536.184267004174
2019-09-04 02:30:00,6350.9164012188185
2019-09-04 03:00:00,6139.988466361508
2019-09-04 03:30:00,6052.253458624049
2019-09-04 04:00:00,6012.4111432748805
2019-09-04 04:30:00,6437.9866693337
2019-09-04 05:00:00,6721.915758869915
2019-09-04 05:30:00,6988.374406623545
2019-09-04 06:00:00,7388.817656176474
2019-09-04 06:30:00,8058.995266319569
2019-09-04 07:00:00,8668.636703144915
2019-09-04 07:30:00,8809.077763591145
2019-09-04 08:00:00,8748.03934043636
2019-09-04 08:30:00,8225.325159903728
2019-09-04 09:00:00,8066.017649083849
2019-09-04 09:30:00,7929.808300808074
2019-09-04 10:00:00,7620.446037499617
2019-09-04 10:30:00,7579.430430865864
2019-09-04 11:00:00,7308.3789477991495
2019-09-04 11:30:00,7303.058164685849
2019-09-04 12:00:00,7269.523360449078
2019-09-04 12:30:00,7193.025866157953
2019-09-04 13:00:00,7273.520264200873
2019-09-04 13:30:00,7306.308212490021
2019-09-04 14:00:00,7311.825348511531
2019-09-04 14:30:00,7430.586655902095
2019-09-04 15:00:00,7477.886912167827
2019-09-04 15:30:00,7489.489328596853
2019-09-04 16:00:00,7719.6205931389595
2019-09-04 16:30:00,7874.538126604014
2019-09-04 17:00:00,8153.845111837602
2019-09-04 17:30:00,8404.22840591654
2019-09-04 18:00:00,8864.441421057596
2019-09-04 18:30:00,9184.733061869569
2019-09-04 19:00:00,9267.266825783609
2019-09-04 19:30:00,9091.543165692803
2019-09-04 20:00:00,8855.675579855515
2019-09-04 20:30:00,8723.015879207474
2019-09-04 21:00:00,8551.773915189311
2019-09-04 21:30:00,8407.931099749192
2019-09-04 22:00:00,8179.452894396976
2019-09-04 22:30:00,8178.745293800442
2019-09-04 23:00:00,8021.815862725451
2019-09-04 23:30:00,7962.830167205608
2019-09-05 00:00:00,7953.354875910592
2019-09-05 00:30:00,7750.0906574197315
2019-09-05 01:00:00,7553.267339135261
2019-09-05 01:30:00,7376.672855380539
2019-09-05 02:00:00,7108.746987275883
2019-09-05 02:30:00,6873.121930390749
2019-09-05 03:00:00,6688.508501149978
2019-09-05 03:30:00,6476.846102687392
2019-09-05 04:00:00,6385.869852917977
2019-09-05 04:30:00,6440.362345851638
2019-09-05 05:00:00,6572.305415895734
2019-09-05 05:30:00,6916.264872729958
2019-09-05 06:00:00,7291.528648338531
2019-09-05 06:30:00,7961.008470939393
2019-09-05 07:00:00,8574.216550592502
2019-09-05 07:30:00,8661.0100631447
2019-09-05 08:00:00,8578.692673830177
2019-09-05 08:30:00,8332.257150599404
2019-09-05 09:00:00,8025.1254248971045
2019-09-05 09:30:00,7763.001218258794
2019-09-05 10:00:00,7591.469741116809
2019-09-05 10:30:00,7554.795299638737
2019-09-05 11:00:00,7332.738259263027
2019-09-05 11:30:00,7230.4636690579455
2019-09-05 12:00:00,7289.692516506947
2019-09-05 12:30:00,7287.147398401971
2019-09-05 13:00:00,7400.786849664742
2019-09-05 13:30:00,7408.192353828155
2019-09-05 14:00:00,7421.241461757004
2019-09-05 14:30:00,7582.924122623232
2019-09-05 15:00:00,7562.737583403814
2019-09-05 15:30:00,7571.401831405227
2019-09-05 16:00:00,7642.505835733464
2019-09-05 16:30:00,7926.27229554694
2019-09-05 17:00:00,8104.328384360247
2019-09-05 17:30:00,8365.354060074862
2019-09-05 18:00:00,8933.001071824821
2019-09-05 18:30:00,9152.620346129434
2019-09-05 19:00:00,9146.989628826712
2019-09-05 19:30:00,8931.64133473556
2019-09-05 20:00:00,8657.555320488453
2019-09-05 20:30:00,8525.132977006515
2019-09-05 21:00:00,8342.531436328429
2019-09-05 21:30:00,8169.969453943137
2019-09-05 22:00:00,7969.890601689965
2019-09-05 22:30:00,7993.5061909337
2019-09-05 23:00:00,7788.143471321349
2019-09-05 23:30:00,7722.030244031348
2019-09-06 00:00:00,7599.712993860906
2019-09-06 00:30:00,7518.424854846378
2019-09-06 01:00:00,7364.266662429739
2019-09-06 01:30:00,7198.8007076541835
2019-09-06 02:00:00,7046.72824695998
2019-09-06 02:30:00,6798.883976087852
2019-09-06 03:00:00,6548.297931215521
2019-09-06 03:30:00,6427.905911822945
2019-09-06 04:00:00,6396.14015477109
2019-09-06 04:30:00,6420.280984406529
2019-09-06 05:00:00,6561.9677887873795
2019-09-06 05:30:00,6866.104965356807
2019-09-06 06:00:00,7174.954728233761
2019-09-06 06:30:00,7684.915448319544
2019-09-06 07:00:00,8190.948740948655
2019-09-06 07:30:00,8218.452944949868
2019-09-06 08:00:00,8197.942409431467
2019-09-06 08:30:00,8088.374216156009
2019-09-06 09:00:00,7858.873312308944
2019-09-06 09:30:00,7778.714232344153
2019-09-06 10:00:00,7628.390989516316
2019-09-06 10:30:00,7542.248881560862
2019-09-06 11:00:00,7483.955736441115
2019-09-06 11:30:00,7345.066026485779
2019-09-06 12:00:00,7368.902781699501
2019-09-06 12:30:00,7317.005972244461
2019-09-06 13:00:00,7418.078592704812
2019-09-06 13:30:00,7363.511561100532
2019-09-06 14:00:00,7420.556583810431
2019-09-06 14:30:00,7458.593150455025
2019-09-06 15:00:00,7546.757415613025
2019-09-06 15:30:00,7574.907198116525
2019-09-06 16:00:00,7777.135915503242
2019-09-06 16:30:00,7988.023224963802
2019-09-06 17:00:00,8114.367141412254
2019-09-06 17:30:00,8318.417830904418
2019-09-06 18:00:00,8655.92454873997
2019-09-06 18:30:00,8914.497876840585
2019-09-06 19:00:00,8900.61351114517
2019-09-06 19:30:00,8692.034582109129
2019-09-06 20:00:00,8581.85460076989
2019-09-06 20:30:00,8423.00013530157
2019-09-06 21:00:00,8340.449914150593
2019-09-06 21:30:00,8208.471009160665
2019-09-06 22:00:00,8027.7875395392875
2019-09-06 22:30:00,7988.311217622034
2019-09-06 23:00:00,7875.9571115062245
2019-09-06 23:30:00,7765.132157089067
2019-09-07 00:00:00,7580.1256117364355
2019-09-07 00:30:00,7497.876959095841
2019-09-07 01:00:00,7294.444103014105
2019-09-07 01:30:00,7093.1969251542405
2019-09-07 02:00:00,6931.231522363466
2019-09-07 02:30:00,6608.35381398916
2019-09-07 03:00:00,6398.898573260718
2019-09-07 03:30:00,6261.709221588605
2019-09-07 04:00:00,6131.3969787871765
2019-09-07 04:30:00,6131.3969787871765
2019-09-07 05:00:00,6084.3962510154115
2019-09-07 05:30:00,6331.500339901584
2019-09-07 06:00:00,6320.884592446022
2019-09-07 06:30:00,6649.500844606861
2019-09-07 07:00:00,7019.5625198893495
2019-09-07 07:30:00,7147.431165498564
2019-09-07 08:00:00,7469.548518248809
2019-09-07 08:30:00,7303.027954813155
2019-09-07 09:00:00,7577.685171068307
2019-09-07 09:30:00,7653.7444174874545
2019-09-07 10:00:00,7304.758704417583
2019-09-07 10:30:00,7289.120625452402
2019-09-07 11:00:00,7191.445477065356
2019-09-07 11:30:00,7068.305396049972
2019-09-07 12:00:00,7025.514210468915
2019-09-07 12:30:00,7076.233754682248
2019-09-07 13:00:00,7069.420950981383
2019-09-07 13:30:00,7160.664357670347
2019-09-07 14:00:00,7125.973995006892
2019-09-07 14:30:00,7151.932623394341
2019-09-07 15:00:00,7258.159542983721
2019-09-07 15:30:00,7301.592841079662
2019-09-07 16:00:00,7407.927890572401
2019-09-07 16:30:00,7187.967478228497
2019-09-07 17:00:00,7625.556426413351
2019-09-07 17:30:00,7726.974517951246
2019-09-07 18:00:00,8022.294101164739
2019-09-07 18:30:00,8144.238272429236
2019-09-07 19:00:00,8084.893988976443
2019-09-07 19:30:00,7942.130180934936
2019-09-07 20:00:00,7740.18046536254
2019-09-07 20:30:00,7698.437945458682
2019-09-07 21:00:00,7500.82316214506
2019-09-07 21:30:00,7425.122645972563
2019-09-07 22:00:00,7380.718416858268
2019-09-07 22:30:00,7401.991803194349
2019-09-07 23:00:00,7334.90894187159
2019-09-07 23:30:00,7334.90894187159
2019-09-08 00:00:00,7176.209985977967
2019-09-08 00:30:00,7066.806397098236
2019-09-08 01:00:00,6834.421695745931
2019-09-08 01:30:00,6723.855280629998
2019-09-08 02:00:00,6529.077087622199
2019-09-08 02:30:00,6315.818156484673
2019-09-08 03:00:00,6090.64134649485
2019-09-08 03:30:00,5932.972888793596
2019-09-08 04:00:00,5823.7589830025045
2019-09-08 04:30:00,5794.1146328513105
2019-09-08 05:00:00,5788.484506668529
2019-09-08 05:30:00,5890.3010417092955
2019-09-08 06:00:00,5917.570098545098
2019-09-08 06:30:00,6233.761117596757
2019-09-08 07:00:00,6501.18070614705
2019-09-08 07:30:00,6666.485406552336
2019-09-08 08:00:00,6841.242124916413
2019-09-08 08:30:00,6944.3242573294
2019-09-08 09:00:00,7020.908740301209
2019-09-08 09:30:00,6915.827574918992
2019-09-08 10:00:00,6847.235367183256
2019-09-08 10:30:00,6717.670056076015
2019-09-08 11:00:00,6580.914035460723
2019-09-08 11:30:00,6446.673979164941
2019-09-08 12:00:00,6441.171685981349
2019-09-08 12:30:00,6323.484741342573
2019-09-08 13:00:00,6303.168570071982
2019-09-08 13:30:00,6303.168570071982
2019-09-08 14:00:00,6322.47785280037
2019-09-08 14:30:00,6322.47785280037
2019-09-08 15:00:00,6506.632055471201
2019-09-08 15:30:00,6656.615644531125
2019-09-08 16:00:00,6892.088921347395
2019-09-08 16:30:00,7116.927461840651
2019-09-08 17:00:00,7475.942312151456
2019-09-08 17:30:00,7796.973194296105
2019-09-08 18:00:00,8392.556016747432
2019-09-08 18:30:00,8751.951357061995
2019-09-08 19:00:00,8842.243423753556
2019-09-08 19:30:00,8731.90671307351
2019-09-08 20:00:00,8611.275185464126
2019-09-08 20:30:00,8538.702969302547
2019-09-08 21:00:00,8302.015161676489
2019-09-08 21:30:00,8218.76041287262
2019-09-08 22:00:00,7913.388150766307
2019-09-08 22:30:00,7880.732572601271
2019-09-08 23:00:00,7556.517314880102
2019-09-08 23:30:00,7365.945142404798
2019-09-09 00:00:00,7335.570417358825
2019-09-09 00:30:00,7293.506533247288
2019-09-09 01:00:00,7181.288701876273
2019-09-09 01:30:00,7107.707097278261
2019-09-09 02:00:00,6883.975398693942
2019-09-09 02:30:00,6638.1298666125385
2019-09-09 03:00:00,6505.979550137673
2019-09-09 03:30:00,6389.89580349161
2019-09-09 04:00:00,6266.48873120202
2019-09-09 04:30:00,6173.271540442778
2019-09-09 05:00:00,6436.122157203842
2019-09-09 05:30:00,6643.591886451672
2019-09-09 06:00:00,7595.686947103126
2019-09-09 06:30:00,7701.996340685242
2019-09-09 07:00:00,8456.944854113479
2019-09-09 07:30:00,8541.630422335835
2019-09-09 08:00:00,8378.992481178571
2019-09-09 08:30:00,8389.6267360771
2019-09-09 09:00:00,8019.119039616649
2019-09-09 09:30:00,8007.105058975455
2019-09-09 10:00:00,7848.916480164882
2019-09-09 10:30:00,7627.245828381252
2019-09-09 11:00:00,7331.805088779334
2019-09-09 11:30:00,7138.663894853851
2019-09-09 12:00:00,7224.3110771724
2019-09-09 12:30:00,7194.638541636463
2019-09-09 13:00:00,7055.276880383295
2019-09-09 13:30:00,7119.483729509757
2019-09-09 14:00:00,7070.9293021670255
2019-09-09 14:30:00,7258.257188624655
2019-09-09 15:00:00,7384.094965840216
2019-09-09 15:30:00,7731.92513856035
2019-09-09 16:00:00,8145.0109612719825
2019-09-09 16:30:00,8310.218872794887
2019-09-09 17:00:00,8672.326667650083
2019-09-09 17:30:00,8896.738630917227
2019-09-09 18:00:00,9421.451179520029
2019-09-09 18:30:00,9967.9289088104
2019-09-09 19:00:00,9851.635109384235
2019-09-09 19:30:00,9727.095261896697
2019-09-09 20:00:00,9435.079065654136
2019-09-09 20:30:00,9272.189144768492
2019-09-09 21:00:00,9216.689689785353
2019-09-09 21:30:00,9103.16167860732
2019-09-09 22:00:00,8622.251702495314
2019-09-09 22:30:00,8378.159798394727
2019-09-09 23:00:00,8315.524056598824
2019-09-09 23:30:00,8230.206670766094
2019-09-10 00:00:00,7942.764723164152
2019-09-10 00:30:00,7768.227828075329
2019-09-10 01:00:00,7577.81994296057
2019-09-10 01:30:00,7377.752834559867
2019-09-10 02:00:00,7195.817527645984
2019-09-10 02:30:00,6877.035598415936
2019-09-10 03:00:00,6647.320909507936
2019-09-10 03:30:00,6475.209914853804
2019-09-10 04:00:00,6399.857585019055
2019-09-10 04:30:00,6420.694503275504
2019-09-10 05:00:00,6651.71102826822
2019-09-10 05:30:00,6937.1173438025735
2019-09-10 06:00:00,7484.313616099061
2019-09-10 06:30:00,8049.271601207109
2019-09-10 07:00:00,8542.652849892593
2019-09-10 07:30:00,8593.879441956591
2019-09-10 08:00:00,8654.855517559767
2019-09-10 08:30:00,8494.754752338731
2019-09-10 09:00:00,8287.477731851062
2019-09-10 09:30:00,8171.096897028958
2019-09-10 10:00:00,8065.478189442777
2019-09-10 10:30:00,7943.591378698294
2019-09-10 11:00:00,7865.201383812151
2019-09-10 11:30:00,7765.59735541148
2019-09-10 12:00:00,7772.209900435168
2019-09-10 12:30:00,7780.199167497342
2019-09-10 13:00:00,7874.630998628493
2019-09-10 13:30:00,7899.039354337421
2019-09-10 14:00:00,7872.463443707927
2019-09-10 14:30:00,7926.057398310226
2019-09-10 15:00:00,8021.017299752351
2019-09-10 15:30:00,8091.701492199484
2019-09-10 16:00:00,8256.763266532733
2019-09-10 16:30:00,8579.519228922158
2019-09-10 17:00:00,8996.555953518255
2019-09-10 17:30:00,9526.618123764665
2019-09-10 18:00:00,10034.764646343601
2019-09-10 18:30:00,10518.770669377203
2019-09-10 19:00:00,10520.965943244844
2019-09-10 19:30:00,10222.14804393704
2019-09-10 20:00:00,9957.236132935865
2019-09-10 20:30:00,9736.674702064252
2019-09-10 21:00:00,9442.942663858186
2019-09-10 21:30:00,9180.76284027418
2019-09-10 22:00:00,8890.522184486279
2019-09-10 22:30:00,8795.731209067006
2019-09-10 23:00:00,8486.82907326142
2019-09-10 23:30:00,8399.500048902995
2019-09-11 00:00:00,8194.290262779432
2019-09-11 00:30:00,8072.344060992199
2019-09-11 01:00:00,7886.9390960527135
2019-09-11 01:30:00,7642.903535046052
2019-09-11 02:00:00,7412.813550134518
2019-09-11 02:30:00,7116.694494260818
2019-09-11 03:00:00,6927.199559732543
2019-09-11 03:30:00,6725.514895693053
2019-09-11 04:00:00,6706.308538957708
2019-09-11 04:30:00,6706.308538957708
2019-09-11 05:00:00,6838.495552090512
2019-09-11 05:30:00,7097.454284885873
2019-09-11 06:00:00,7548.227083950154
2019-09-11 06:30:00,8290.248195746448
2019-09-11 07:00:00,8973.577924278638
2019-09-11 07:30:00,9100.093001579375
2019-09-11 08:00:00,9065.279614062654
2019-09-11 08:30:00,8882.588312354987
2019-09-11 09:00:00,8505.974624568546
2019-09-11 09:30:00,8204.008183634625
2019-09-11 10:00:00,8033.541529123132
2019-09-11 10:30:00,7972.711872172913
2019-09-11 11:00:00,7940.923903763275
2019-09-11 11:30:00,7756.455175279654
2019-09-11 12:00:00,7650.827864708875
2019-09-11 12:30:00,7591.647449409293
2019-09-11 13:00:00,7550.021629705782
2019-09-11 13:30:00,7512.451089303417
2019-09-11 14:00:00,7507.766985081756
2019-09-11 14:30:00,7550.455689013467
2019-09-11 15:00:00,7550.161819341264
2019-09-11 15:30:00,7655.347761636762
2019-09-11 16:00:00,7930.817158032223
2019-09-11 16:30:00,8134.369194861415
2019-09-11 17:00:00,8534.463290066507
2019-09-11 17:30:00,9011.570002608809
2019-09-11 18:00:00,9597.107646887827
2019-09-11 18:30:00,10110.574822083026
2019-09-11 19:00:00,10164.981682426229
2019-09-11 19:30:00,10085.252294438864
2019-09-11 20:00:00,9863.24961147635
2019-09-11 20:30:00,9735.51520786174
2019-09-11 21:00:00,9434.412851077554
2019-09-11 21:30:00,9178.052646188275
2019-09-11 22:00:00,8924.645520613582
2019-09-11 22:30:00,8785.23381585265
2019-09-11 23:00:00,8507.218411343662
2019-09-11 23:30:00,8310.014364898381
2019-09-12 00:00:00,8251.115679868797
2019-09-12 00:30:00,8157.738760005163
2019-09-12 01:00:00,8012.412802742205
2019-09-12 01:30:00,7825.131204854064
2019-09-12 02:00:00,7545.370891284186
2019-09-12 02:30:00,7267.068969585928
2019-09-12 03:00:00,7036.797686907196
2019-09-12 03:30:00,6957.739076168997
2019-09-12 04:00:00,6805.956508811636
2019-09-12 04:30:00,6815.915144950074
2019-09-12 05:00:00,6943.582582950221
2019-09-12 05:30:00,7248.313230378923
2019-09-12 06:00:00,7745.9069686342
2019-09-12 06:30:00,8400.945936610718
2019-09-12 07:00:00,9043.916016734454
2019-09-12 07:30:00,9160.764262632349
2019-09-12 08:00:00,9142.01768112423
2019-09-12 08:30:00,8913.638619408557
2019-09-12 09:00:00,8549.55364689089
2019-09-12 09:30:00,8211.996180860706
2019-09-12 10:00:00,7921.78213637858
2019-09-12 10:30:00,7827.08788264209
2019-09-12 11:00:00,7591.323623916657
2019-09-12 11:30:00,7409.279856230567
2019-09-12 12:00:00,7442.097344766925
2019-09-12 12:30:00,7323.634001121821
2019-09-12 13:00:00,7342.268567841634
2019-09-12 13:30:00,7342.268567841634
2019-09-12 14:00:00,7383.735893268158
2019-09-12 14:30:00,7393.659347362163
2019-09-12 15:00:00,7383.675190980248
2019-09-12 15:30:00,7443.42452280425
2019-09-12 16:00:00,7560.848898120004
2019-09-12 16:30:00,7837.906273341007
2019-09-12 17:00:00,8211.056643182414
2019-09-12 17:30:00,8540.679865079279
2019-09-12 18:00:00,9059.326048033388
2019-09-12 18:30:00,9517.679746656884
2019-09-12 19:00:00,9584.304711709987
2019-09-12 19:30:00,9548.128472204262
2019-09-12 20:00:00,9310.474044107114
2019-09-12 20:30:00,9206.801293317112
2019-09-12 21:00:00,8958.473987198558
2019-09-12 21:30:00,8762.97058992258
2019-09-12 22:00:00,8473.217260864778
2019-09-12 22:30:00,8451.305413418486
2019-09-12 23:00:00,8190.41352796243
2019-09-12 23:30:00,8064.9235264742
2019-09-13 00:00:00,8038.4939621492695
2019-09-13 00:30:00,7893.093233022019
2019-09-13 01:00:00,7656.7384115529385
2019-09-13 01:30:00,7467.652780480179
2019-09-13 02:00:00,7227.840098518431
2019-09-13 02:30:00,6994.446323892769
2019-09-13 03:00:00,6781.271939466578
2019-09-13 03:30:00,6600.485072918994
2019-09-13 04:00:00,6472.424947359589
2019-09-13 04:30:00,6472.424947359589
2019-09-13 05:00:00,6552.687818251367
2019-09-13 05:30:00,6968.385758196503
2019-09-13 06:00:00,7427.60125653901
2019-09-13 06:30:00,8061.295092609759
2019-09-13 07:00:00,8624.469920082684
2019-09-13 07:30:00,8778.739316649368
2019-09-13 08:00:00,8933.622152597069
2019-09-13 08:30:00,8690.630048317069
2019-09-13 09:00:00,8429.199959825399
2019-09-13 09:30:00,8241.298413603017
2019-09-13 10:00:00,7957.90722274372
2019-09-13 10:30:00,7716.034744041189
2019-09-13 11:00:00,7507.088248881304
2019-09-13 11:30:00,7420.3245442399475
2019-09-13 12:00:00,7454.142877613814
2019-09-13 12:30:00,7371.7022578156375
2019-09-13 13:00:00,7488.359699399859
2019-09-13 13:30:00,7537.494208752435
2019-09-13 14:00:00,7581.799194726867
2019-09-13 14:30:00,7628.25959688192
2019-09-13 15:00:00,7728.004900049677
2019-09-13 15:30:00,7808.612471597027
2019-09-13 16:00:00,8018.223399909285
2019-09-13 16:30:00,8122.480979279785
2019-09-13 17:00:00,8214.160791564256
2019-09-13 17:30:00,8452.246176163513
2019-09-13 18:00:00,8801.165234875052
2019-09-13 18:30:00,9110.20263783995
2019-09-13 19:00:00,9153.565964885825
2019-09-13 19:30:00,8956.262281949179
2019-09-13 20:00:00,8964.610781402715
2019-09-13 20:30:00,8853.012447970537
2019-09-13 21:00:00,8723.252492089787
2019-09-13 21:30:00,8479.80580537301
2019-09-13 22:00:00,8329.166717534914
2019-09-13 22:30:00,8264.841668783725
2019-09-13 23:00:00,8120.086380734633
2019-09-13 23:30:00,8034.509549423866
2019-09-14 00:00:00,7787.551258324143
2019-09-14 00:30:00,7619.376996165068
2019-09-14 01:00:00,7472.816678781199
2019-09-14 01:30:00,7326.840688246134
2019-09-14 02:00:00,7131.706078147966
2019-09-14 02:30:00,6859.121346858911
2019-09-14 03:00:00,6595.514514226177
2019-09-14 03:30:00,6508.812162177694
2019-09-14 04:00:00,6349.171255253579
2019-09-14 04:30:00,6349.171255253579
2019-09-14 05:00:00,6194.704269325273
2019-09-14 05:30:00,6331.672764534239
2019-09-14 06:00:00,6469.809444787527
2019-09-14 06:30:00,6714.971379040459
2019-09-14 07:00:00,7184.273420709185
2019-09-14 07:30:00,7166.690902032666
2019-09-14 08:00:00,7609.696295353371
2019-09-14 08:30:00,7548.454199585955
2019-09-14 09:00:00,7334.511251118295
2019-09-14 09:30:00,7338.748199634991
2019-09-14 10:00:00,7263.590442007885
2019-09-14 10:30:00,7237.484971266732
2019-09-14 11:00:00,7109.549594193123
2019-09-14 11:30:00,6961.458815794279
2019-09-14 12:00:00,6789.1697995954455
2019-09-14 12:30:00,6763.352519421454
2019-09-14 13:00:00,6683.25327573001
2019-09-14 13:30:00,6663.908779527256
2019-09-14 14:00:00,6598.735073349899
2019-09-14 14:30:00,6598.735073349899
2019-09-14 15:00:00,6708.910918345879
2019-09-14 15:30:00,6773.659043301694
2019-09-14 16:00:00,7066.53888177529
2019-09-14 16:30:00,7219.929723730343
2019-09-14 17:00:00,7362.326947542541
2019-09-14 17:30:00,7396.598671795003
2019-09-14 18:00:00,7783.391264415358
2019-09-14 18:30:00,8064.517079270341
2019-09-14 19:00:00,8093.616668531979
2019-09-14 19:30:00,7987.170387589022
2019-09-14 20:00:00,7777.017393796852
2019-09-14 20:30:00,7712.234537889291
2019-09-14 21:00:00,7573.101900551443
2019-09-14 21:30:00,7464.367841767448
2019-09-14 22:00:00,7363.575293372494
2019-09-14 22:30:00,7358.973604285778
2019-09-14 23:00:00,7338.2916060642365
2019-09-14 23:30:00,7332.090766077882
2019-09-15 00:00:00,7160.885035798369
2019-09-15 00:30:00,6981.713885371337
2019-09-15 01:00:00,6841.355085720431
2019-09-15 01:30:00,6652.62017704792
2019-09-15 02:00:00,6519.26369386631
2019-09-15 02:30:00,6265.777129392351
2019-09-15 03:00:00,6117.683986464222
2019-09-15 03:30:00,6010.947983863079
2019-09-15 04:00:00,5943.814164402974
2019-09-15 04:30:00,5943.835508926018
2019-09-15 05:00:00,5944.530231801147
2019-09-15 05:30:00,6029.465957771494
2019-09-15 06:00:00,6116.557484038887
2019-09-15 06:30:00,6407.976444536062
2019-09-15 07:00:00,6565.871294441667
2019-09-15 07:30:00,6653.221139244886
2019-09-15 08:00:00,6778.2108063636
2019-09-15 08:30:00,6767.855585866766
2019-09-15 09:00:00,6825.02564088554
2019-09-15 09:30:00,6737.589359433882
2019-09-15 10:00:00,6695.646303104897
2019-09-15 10:30:00,6551.875326145722
2019-09-15 11:00:00,6507.149320872513
2019-09-15 11:30:00,6379.276298140936
2019-09-15 12:00:00,6328.751427835891
2019-09-15 12:30:00,6269.183063371782
2019-09-15 13:00:00,6294.256424057158
2019-09-15 13:30:00,6247.419527424608
2019-09-15 14:00:00,6166.041553397049
2019-09-15 14:30:00,6166.041553397049
2019-09-15 15:00:00,6321.461974512244
2019-09-15 15:30:00,6407.8321692491745
2019-09-15 16:00:00,6698.177237986038
2019-09-15 16:30:00,6913.712843721165
2019-09-15 17:00:00,7251.930341141116
2019-09-15 17:30:00,7406.4396352744125
2019-09-15 18:00:00,7953.8627535478345
2019-09-15 18:30:00,8371.227933392165
2019-09-15 19:00:00,8473.042806034638
2019-09-15 19:30:00,8379.459685985243
2019-09-15 20:00:00,8191.3313724490545
2019-09-15 20:30:00,8093.393639488288
2019-09-15 21:00:00,7923.630355383376
2019-09-15 21:30:00,7807.431828760126
2019-09-15 22:00:00,7489.584196374557
2019-09-15 22:30:00,7501.4519876762515
2019-09-15 23:00:00,7200.858771294682
2019-09-15 23:30:00,7193.625342916209
2019-09-16 00:00:00,7128.678309283825
2019-09-16 00:30:00,7142.975828168718
2019-09-16 01:00:00,6991.550288750559
2019-09-16 01:30:00,6889.872442916411
2019-09-16 02:00:00,6776.328208184475
2019-09-16 02:30:00,6483.154254352714
2019-09-16 03:00:00,6393.767414585758
2019-09-16 03:30:00,6205.459414450828
2019-09-16 04:00:00,6115.822221316423
2019-09-16 04:30:00,6178.179340241111
2019-09-16 05:00:00,6454.8132672514175
2019-09-16 05:30:00,6587.636850700966
2019-09-16 06:00:00,7441.509434379615
2019-09-16 06:30:00,7606.240895120402
2019-09-16 07:00:00,8234.930709446424
2019-09-16 07:30:00,8377.470891857025
2019-09-16 08:00:00,8165.42405505877
2019-09-16 08:30:00,8140.493654363203
2019-09-16 09:00:00,7582.228054067717
2019-09-16 09:30:00,7540.676918921255
2019-09-16 10:00:00,7392.795831456506
2019-09-16 10:30:00,7228.5871620033995
2019-09-16 11:00:00,7050.596484251465
2019-09-16 11:30:00,7012.63019583732
2019-09-16 12:00:00,7036.542861240749
2019-09-16 12:30:00,6915.561232012654
2019-09-16 13:00:00,6854.558111053318
2019-09-16 13:30:00,6826.090412212104
2019-09-16 14:00:00,6880.989587755984
2019-09-16 14:30:00,6974.206778515226
2019-09-16 15:00:00,7122.928245011606
2019-09-16 15:30:00,7388.709581291865
2019-09-16 16:00:00,7685.128664025622
2019-09-16 16:30:00,8123.379139811701
2019-09-16 17:00:00,8347.761646494444
2019-09-16 17:30:00,8648.972805346642
2019-09-16 18:00:00,8721.161201114848
2019-09-16 18:30:00,9042.159343987703
2019-09-16 19:00:00,8939.380078246935
2019-09-16 19:30:00,8727.765924816096
2019-09-16 20:00:00,8447.431844361457
2019-09-16 20:30:00,8483.263722577001
2019-09-16 21:00:00,8229.447575804097
2019-09-16 21:30:00,8075.066142402295
2019-09-16 22:00:00,7790.01152740344
2019-09-16 22:30:00,7687.694650173608
2019-09-16 23:00:00,7433.928526115851
2019-09-16 23:30:00,7448.926681430117
2019-09-17 00:00:00,7262.527535209066
2019-09-17 00:30:00,7158.134039461964
2019-09-17 01:00:00,6990.31315009553
2019-09-17 01:30:00,6755.676416877339
2019-09-17 02:00:00,6545.424053466654
2019-09-17 02:30:00,6270.0073977270185
2019-09-17 03:00:00,6043.08678734583
2019-09-17 03:30:00,5962.7560739083
2019-09-17 04:00:00,5949.728465531587
2019-09-17 04:30:00,5981.147848708077
2019-09-17 05:00:00,6099.577925418729
2019-09-17 05:30:00,6470.741766914086
2019-09-17 06:00:00,7018.2063040707935
2019-09-17 06:30:00,7411.086633347982
2019-09-17 07:00:00,7932.83233509351
2019-09-17 07:30:00,7860.815288032169
2019-09-17 08:00:00,7931.939315978154
2019-09-17 08:30:00,7922.39134361847
2019-09-17 09:00:00,8108.558617656912
2019-09-17 09:30:00,8142.89323878665
2019-09-17 10:00:00,7899.894478492439
2019-09-17 10:30:00,7890.824553745082
2019-09-17 11:00:00,7715.24581172658
2019-09-17 11:30:00,7708.348584841577
2019-09-17 12:00:00,7770.897536434015
2019-09-17 12:30:00,7742.503872504664
2019-09-17 13:00:00,7832.5505320928505
2019-09-17 13:30:00,7832.609167717275
2019-09-17 14:00:00,7887.993354127918
2019-09-17 14:30:00,7792.572711273054
2019-09-17 15:00:00,7776.979323476618
2019-09-17 15:30:00,7805.613365277809
2019-09-17 16:00:00,8004.805047866411
2019-09-17 16:30:00,8110.494203601445
2019-09-17 17:00:00,8308.073683082848
2019-09-17 17:30:00,8552.961001251644
2019-09-17 18:00:00,8947.994700111161
2019-09-17 18:30:00,9124.715483661428
2019-09-17 19:00:00,9044.413926605546
2019-09-17 19:30:00,8733.330885147061
2019-09-17 20:00:00,8465.249263040689
2019-09-17 20:30:00,8269.889564970272
2019-09-17 21:00:00,8155.306007523336
2019-09-17 21:30:00,8025.107310345668
2019-09-17 22:00:00,7824.4363517517
2019-09-17 22:30:00,7862.484828582318
2019-09-17 23:00:00,7690.330384451446
2019-09-17 23:30:00,7692.941993366788
2019-09-18 00:00:00,7550.830473885682
2019-09-18 00:30:00,7443.772011805202
2019-09-18 01:00:00,7265.344253096909
2019-09-18 01:30:00,7175.653347772284
2019-09-18 02:00:00,6947.424986507319
2019-09-18 02:30:00,6646.359164387612
2019-09-18 03:00:00,6530.657862999815
2019-09-18 03:30:00,6404.539636824285
2019-09-18 04:00:00,6304.743336734212
2019-09-18 04:30:00,6352.80693201178
2019-09-18 05:00:00,6455.58044489999
2019-09-18 05:30:00,6838.6223102794675
2019-09-18 06:00:00,7161.999311355885
2019-09-18 06:30:00,7750.831415812014
2019-09-18 07:00:00,8395.863333057534
2019-09-18 07:30:00,8579.132931848178
2019-09-18 08:00:00,8811.004151740437
2019-09-18 08:30:00,8882.548099628511
2019-09-18 09:00:00,8732.745351626458
2019-09-18 09:30:00,8834.727922234784
2019-09-18 10:00:00,8816.328107589432
2019-09-18 10:30:00,8847.881253939264
2019-09-18 11:00:00,8785.048460136424
2019-09-18 11:30:00,8696.087860169242
2019-09-18 12:00:00,8599.667192779438
2019-09-18 12:30:00,8661.501479830307
2019-09-18 13:00:00,8663.998108494936
2019-09-18 13:30:00,8663.998108494936
2019-09-18 14:00:00,8643.9085228024
2019-09-18 14:30:00,8643.9085228024
2019-09-18 15:00:00,8658.278106879901
2019-09-18 15:30:00,8718.46012481363
2019-09-18 16:00:00,8890.168051522014
2019-09-18 16:30:00,9083.274526146415
2019-09-18 17:00:00,9443.835994329203
2019-09-18 17:30:00,9558.80132342431
2019-09-18 18:00:00,10106.856516632533
2019-09-18 18:30:00,10408.493038072365
2019-09-18 19:00:00,10237.171444102354
2019-09-18 19:30:00,10015.574474971907
2019-09-18 20:00:00,9857.243333035183
2019-09-18 20:30:00,9538.735361466468
2019-09-18 21:00:00,9278.559190899989
2019-09-18 21:30:00,8852.450642206963
2019-09-18 22:00:00,8615.382201923332
2019-09-18 22:30:00,8491.763712196464
2019-09-18 23:00:00,8183.26058724611
2019-09-18 23:30:00,8004.876460598695
2019-09-19 00:00:00,8173.761930467675
2019-09-19 00:30:00,7900.457203302786
2019-09-19 01:00:00,7732.583985664883
2019-09-19 01:30:00,7536.2504173860825
2019-09-19 02:00:00,6965.097975120091
2019-09-19 02:30:00,6783.158518445972
2019-09-19 03:00:00,6507.761124268815
2019-09-19 03:30:00,6315.200725595394
2019-09-19 04:00:00,6406.194747397158
2019-09-19 04:30:00,6463.228679994985
2019-09-19 05:00:00,6577.116864769163
2019-09-19 05:30:00,6909.302383701853
2019-09-19 06:00:00,7247.856717609865
2019-09-19 06:30:00,8079.069895363849
2019-09-19 07:00:00,8631.75660559802
2019-09-19 07:30:00,8808.707842789066
2019-09-19 08:00:00,9003.698606816984
2019-09-19 08:30:00,8917.66505970379
2019-09-19 09:00:00,8700.349750070638
2019-09-19 09:30:00,8619.781160464652
2019-09-19 10:00:00,8470.318633775574
2019-09-19 10:30:00,8470.318633775574
2019-09-19 11:00:00,8396.792963391581
2019-09-19 11:30:00,8270.692200087611
2019-09-19 12:00:00,8247.29691865652
2019-09-19 12:30:00,8271.288280621211
2019-09-19 13:00:00,8216.753113800574
2019-09-19 13:30:00,8187.326258779278
2019-09-19 14:00:00,8162.390985136969
2019-09-19 14:30:00,8162.390985136969
2019-09-19 15:00:00,8177.076635916347
2019-09-19 15:30:00,8242.546110593807
2019-09-19 16:00:00,8416.283457403639
2019-09-19 16:30:00,8636.039312796962
2019-09-19 17:00:00,8807.085983000356
2019-09-19 17:30:00,9072.18230308721
2019-09-19 18:00:00,9605.29004455799
2019-09-19 18:30:00,9835.082266204825
2019-09-19 19:00:00,9935.03213599493
2019-09-19 19:30:00,9782.904809765027
2019-09-19 20:00:00,9547.27676368579
2019-09-19 20:30:00,9360.500571061999
2019-09-19 21:00:00,9060.250420508464
2019-09-19 21:30:00,8822.201791466818
2019-09-19 22:00:00,8555.325347663591
2019-09-19 22:30:00,8491.383735056565
2019-09-19 23:00:00,8257.327862629429
2019-09-19 23:30:00,8118.0984906160265
2019-09-20 00:00:00,7917.088105728431
2019-09-20 00:30:00,7694.766571839478
2019-09-20 01:00:00,7466.964293095
2019-09-20 01:30:00,7276.711210693655
2019-09-20 02:00:00,7072.105013208404
2019-09-20 02:30:00,6819.607173804909
2019-09-20 03:00:00,6520.748356380848
2019-09-20 03:30:00,6432.424946864438
2019-09-20 04:00:00,6320.56303029101
2019-09-20 04:30:00,6405.912961031273
2019-09-20 05:00:00,6464.93393869159
2019-09-20 05:30:00,6763.489869391721
2019-09-20 06:00:00,7119.49926117115
2019-09-20 06:30:00,7720.960317533326
2019-09-20 07:00:00,8151.3828310699455
2019-09-20 07:30:00,8334.07569769574
2019-09-20 08:00:00,8428.88155973548
2019-09-20 08:30:00,8385.636946679575
2019-09-20 09:00:00,8220.740586692677
2019-09-20 09:30:00,8144.652669023573
2019-09-20 10:00:00,7833.728307771636
2019-09-20 10:30:00,7656.429808446003
2019-09-20 11:00:00,7574.480340331141
2019-09-20 11:30:00,7653.389019908122
2019-09-20 12:00:00,7608.680684981679
2019-09-20 12:30:00,7567.072938473556
2019-09-20 13:00:00,7565.82545968154
2019-09-20 13:30:00,7556.37037681372
2019-09-20 14:00:00,7537.286795909707
2019-09-20 14:30:00,7577.1151596128975
2019-09-20 15:00:00,7573.754357206211
2019-09-20 15:30:00,7620.292306702189
2019-09-20 16:00:00,7852.336490581631
2019-09-20 16:30:00,8071.258169909418
2019-09-20 17:00:00,8152.793310945536
2019-09-20 17:30:00,8379.18524305978
2019-09-20 18:00:00,8654.473545317738
2019-09-20 18:30:00,9031.532164928316
2019-09-20 19:00:00,9004.352763903304
2019-09-20 19:30:00,8904.949292126417
2019-09-20 20:00:00,8706.320758413223
2019-09-20 20:30:00,8617.12684807805
2019-09-20 21:00:00,8488.674833483976
2019-09-20 21:30:00,8269.650080916934
2019-09-20 22:00:00,8153.238307244932
2019-09-20 22:30:00,8106.709230074368
2019-09-20 23:00:00,7946.176401778264
2019-09-20 23:30:00,7800.759763675058
2019-09-21 00:00:00,7564.392440240127
2019-09-21 00:30:00,7477.405150652613
2019-09-21 01:00:00,7267.359911939649
2019-09-21 01:30:00,7019.6949241084
2019-09-21 02:00:00,6797.382302615475
2019-09-21 02:30:00,6565.6041735266535
2019-09-21 03:00:00,6294.675668795093
2019-09-21 03:30:00,6155.564976436947
2019-09-21 04:00:00,6014.69614670294
2019-09-21 04:30:00,6077.721143509595
2019-09-21 05:00:00,6060.583531178647
2019-09-21 05:30:00,6281.746545760863
2019-09-21 06:00:00,6283.740729218221
2019-09-21 06:30:00,6560.211883300114
2019-09-21 07:00:00,6967.782899304861
2019-09-21 07:30:00,7048.09686954387
2019-09-21 08:00:00,7251.926216051735
2019-09-21 08:30:00,7260.346824770171
2019-09-21 09:00:00,7347.797204440538
2019-09-21 09:30:00,7333.687438190463
2019-09-21 10:00:00,7243.701685415438
2019-09-21 10:30:00,7242.75165776005
2019-09-21 11:00:00,7143.832696133288
2019-09-21 11:30:00,7137.151966944528
2019-09-21 12:00:00,6961.457390220508
2019-09-21 12:30:00,6965.539764807846
2019-09-21 13:00:00,6937.246549896692
2019-09-21 13:30:00,6886.638977342218
2019-09-21 14:00:00,6845.486144545583
2019-09-21 14:30:00,6877.387591393494
2019-09-21 15:00:00,7011.372739893804
2019-09-21 15:30:00,7079.468119185154
2019-09-21 16:00:00,7253.469135962078
2019-09-21 16:30:00,7291.22470566878
2019-09-21 17:00:00,7385.7227102691795
2019-09-21 17:30:00,7555.420225221223
2019-09-21 18:00:00,7821.180203867807
2019-09-21 18:30:00,7994.6735581039975
2019-09-21 19:00:00,7991.772076675738
2019-09-21 19:30:00,7853.899399600727
2019-09-21 20:00:00,7594.781863000296
2019-09-21 20:30:00,7454.400482563966
2019-09-21 21:00:00,7381.080063320866
2019-09-21 21:30:00,7352.236237131136
2019-09-21 22:00:00,7250.497251350243
2019-09-21 22:30:00,7264.149784175506
2019-09-21 23:00:00,7172.797511428962
2019-09-21 23:30:00,7124.516193381807
2019-09-22 00:00:00,7026.354599596407
2019-09-22 00:30:00,6864.825101997382
2019-09-22 01:00:00,6719.219107085752
2019-09-22 01:30:00,6545.924276416287
2019-09-22 02:00:00,6363.919302580126
2019-09-22 02:30:00,6059.962385820794
2019-09-22 03:00:00,6028.497153853069
2019-09-22 03:30:00,5822.887195053527
2019-09-22 04:00:00,5813.023451531615
2019-09-22 04:30:00,5797.892519625686
2019-09-22 05:00:00,5831.468590666547
2019-09-22 05:30:00,5858.883806902616
2019-09-22 06:00:00,5990.188667327773
2019-09-22 06:30:00,6013.297599358953
2019-09-22 07:00:00,6234.399200628942
2019-09-22 07:30:00,6386.478867482778
2019-09-22 08:00:00,6558.6441787075355
2019-09-22 08:30:00,6695.519116169642
2019-09-22 09:00:00,6863.454963579296
2019-09-22 09:30:00,6932.4378355117715
2019-09-22 10:00:00,6869.768683739569
2019-09-22 10:30:00,6785.552559848318
2019-09-22 11:00:00,6822.03124662331
2019-09-22 11:30:00,6678.260269664135
2019-09-22 12:00:00,6622.612605781111
2019-09-22 12:30:00,6567.403950566856
2019-09-22 13:00:00,6504.47608384951
2019-09-22 13:30:00,6504.640367127915
2019-09-22 14:00:00,6562.604202648179
2019-09-22 14:30:00,6648.1327878185875
2019-09-22 15:00:00,6858.693493142978
2019-09-22 15:30:00,6938.356629386168
2019-09-22 16:00:00,7007.144340796707
2019-09-22 16:30:00,7166.716376095883
2019-09-22 17:00:00,7468.550772508191
2019-09-22 17:30:00,7583.299068316771
2019-09-22 18:00:00,7937.123333406413
2019-09-22 18:30:00,8248.835871865522
2019-09-22 19:00:00,8273.403470554767
2019-09-22 19:30:00,7972.3654942928
2019-09-22 20:00:00,7814.0907720795985
2019-09-22 20:30:00,7644.781423739021
2019-09-22 21:00:00,7457.942028425086
2019-09-22 21:30:00,7348.412047331504
2019-09-22 22:00:00,7139.967680464155
2019-09-22 22:30:00,7205.842814416272
2019-09-22 23:00:00,6974.507336812105
2019-09-22 23:30:00,6929.67779350003
2019-09-23 00:00:00,7134.310119734047
2019-09-23 00:30:00,6947.414292060781
2019-09-23 01:00:00,6804.645353850368
2019-09-23 01:30:00,6575.0014241802155
2019-09-23 02:00:00,6440.48161255179
2019-09-23 02:30:00,6160.780733871855
2019-09-23 03:00:00,6031.67761281322
2019-09-23 03:30:00,5963.8849022227205
2019-09-23 04:00:00,5975.0345079399585
2019-09-23 04:30:00,5975.0345079399585
2019-09-23 05:00:00,6265.1803166405125
2019-09-23 05:30:00,6338.413092747448
2019-09-23 06:00:00,6892.125082402276
2019-09-23 06:30:00,7068.0238032549
2019-09-23 07:00:00,7336.184057376631
2019-09-23 07:30:00,7514.323305414987
2019-09-23 08:00:00,7423.553519934894
2019-09-23 08:30:00,7724.472123796419
2019-09-23 09:00:00,7280.052838738433
2019-09-23 09:30:00,7159.178785852388
2019-09-23 10:00:00,7133.573742352524
2019-09-23 10:30:00,7170.283015113914
2019-09-23 11:00:00,7046.940284701616
2019-09-23 11:30:00,6926.354280205329
2019-09-23 12:00:00,6919.131581515656
2019-09-23 12:30:00,6874.133933927654
2019-09-23 13:00:00,6825.605763759469
2019-09-23 13:30:00,6815.914211029543
2019-09-23 14:00:00,6926.9860916274465
2019-09-23 14:30:00,6990.554784176409
2019-09-23 15:00:00,7064.90529304947
2019-09-23 15:30:00,7288.926425103257
2019-09-23 16:00:00,7366.264224649399
2019-09-23 16:30:00,7918.404714238114
2019-09-23 17:00:00,8247.200839150582
2019-09-23 17:30:00,8510.904572128982
2019-09-23 18:00:00,8759.339069616442
2019-09-23 18:30:00,9137.273236258558
2019-09-23 19:00:00,9134.82112715313
2019-09-23 19:30:00,8911.704894657089
2019-09-23 20:00:00,8610.4928372944
2019-09-23 20:30:00,8546.482530172832
2019-09-23 21:00:00,8281.022776179003
2019-09-23 21:30:00,8154.922936367718
2019-09-23 22:00:00,7989.16380941207
2019-09-23 22:30:00,7866.3071037170575
2019-09-23 23:00:00,7654.378983118908
2019-09-23 23:30:00,7679.034266634442
2019-09-24 00:00:00,7389.993201608555
2019-09-24 00:30:00,7239.54426735937
2019-09-24 01:00:00,7031.563018902449
2019-09-24 01:30:00,6878.990189459684
2019-09-24 02:00:00,6590.659860263164
2019-09-24 02:30:00,6420.66683044465
2019-09-24 03:00:00,6170.146450458289
2019-09-24 03:30:00,6141.496914818223
2019-09-24 04:00:00,6071.471217586031
2019-09-24 04:30:00,6120.382547847072
2019-09-24 05:00:00,6274.938429715533
2019-09-24 05:30:00,6580.842287656964
2019-09-24 06:00:00,7093.423259768727
2019-09-24 06:30:00,7515.856231937741
2019-09-24 07:00:00,8005.548864938116
2019-09-24 07:30:00,8016.555820420156
2019-09-24 08:00:00,8032.199148296658
2019-09-24 08:30:00,8008.994015572591
2019-09-24 09:00:00,8157.269826974263
2019-09-24 09:30:00,8082.776346530581
2019-09-24 10:00:00,7833.367664324279
2019-09-24 10:30:00,7832.5731954773455
2019-09-24 11:00:00,7535.999917461951
2019-09-24 11:30:00,7505.62663662658
2019-09-24 12:00:00,7587.268438564437
2019-09-24 12:30:00,7611.570624191675
2019-09-24 13:00:00,7682.275172368527
2019-09-24 13:30:00,7682.275172368527
2019-09-24 14:00:00,7652.271275877321
2019-09-24 14:30:00,7652.349741696168
2019-09-24 15:00:00,7740.928289692121
2019-09-24 15:30:00,7765.9897259028585
2019-09-24 16:00:00,7770.49711989827
2019-09-24 16:30:00,7918.6621741541285
2019-09-24 17:00:00,8089.384652030711
2019-09-24 17:30:00,8308.95743993387
2019-09-24 18:00:00,8712.853628624927
2019-09-24 18:30:00,9096.422565280614
2019-09-24 19:00:00,9222.133072402352
2019-09-24 19:30:00,9040.426093337372
2019-09-24 20:00:00,8769.133886376034
2019-09-24 20:30:00,8599.363661236983
2019-09-24 21:00:00,8534.941903843117
2019-09-24 21:30:00,8344.305399707038
2019-09-24 22:00:00,8148.822883233583
2019-09-24 22:30:00,8146.679433047465
2019-09-24 23:00:00,7905.418615434327
2019-09-24 23:30:00,7853.221580239145
2019-09-25 00:00:00,7610.15501341888
2019-09-25 00:30:00,7457.687341060182
2019-09-25 01:00:00,7273.0823578348345
2019-09-25 01:30:00,7181.504060337417
2019-09-25 02:00:00,6931.921349260852
2019-09-25 02:30:00,6646.210929539346
2019-09-25 03:00:00,6468.179933966801
2019-09-25 03:30:00,6351.493356875948
2019-09-25 04:00:00,6314.92681286798
2019-09-25 04:30:00,6303.681534960622
2019-09-25 05:00:00,6438.2445659905
2019-09-25 05:30:00,6740.890867714251
2019-09-25 06:00:00,7103.302974193462
2019-09-25 06:30:00,7742.202910253652
2019-09-25 07:00:00,8206.704660115625
2019-09-25 07:30:00,8183.3499568658835
2019-09-25 08:00:00,8173.362012284858
2019-09-25 08:30:00,8001.414720436597
2019-09-25 09:00:00,7655.953386466679
2019-09-25 09:30:00,7522.059127705929
2019-09-25 10:00:00,7390.703577946743
2019-09-25 10:30:00,7242.749556212122
2019-09-25 11:00:00,7100.537782603343
2019-09-25 11:30:00,6972.102497429088
2019-09-25 12:00:00,7057.52475893083
2019-09-25 12:30:00,6998.862697154122
2019-09-25 13:00:00,6989.414867036068
2019-09-25 13:30:00,7015.502118714036
2019-09-25 14:00:00,7089.268286728033
2019-09-25 14:30:00,7209.533098392143
2019-09-25 15:00:00,7229.534138135113
2019-09-25 15:30:00,7307.145071173936
2019-09-25 16:00:00,7336.7017685764295
2019-09-25 16:30:00,7484.2934046365235
2019-09-25 17:00:00,7841.484828094685
2019-09-25 17:30:00,8124.663057341781
2019-09-25 18:00:00,8545.710217723838
2019-09-25 18:30:00,8922.764026267512
2019-09-25 19:00:00,9078.152192288304
2019-09-25 19:30:00,8893.285203874204
2019-09-25 20:00:00,8661.530772360924
2019-09-25 20:30:00,8484.741747987922
2019-09-25 21:00:00,8358.179234367219
2019-09-25 21:30:00,8222.010299891484
2019-09-25 22:00:00,8055.043839438677
2019-09-25 22:30:00,8011.1983857584055
2019-09-25 23:00:00,7864.204867468147
2019-09-25 23:30:00,7671.6386233573985
2019-09-26 00:00:00,7595.335839896038
2019-09-26 00:30:00,7499.367131576425
2019-09-26 01:00:00,7237.75575185091
2019-09-26 01:30:00,7141.280911084938
2019-09-26 02:00:00,6847.682975482668
2019-09-26 02:30:00,6625.575606257448
2019-09-26 03:00:00,6404.103405936949
2019-09-26 03:30:00,6303.462772310597
2019-09-26 04:00:00,6224.702987732933
2019-09-26 04:30:00,6253.241860522907
2019-09-26 05:00:00,6366.414992720732
2019-09-26 05:30:00,6650.032827970722
2019-09-26 06:00:00,6976.498048590447
2019-09-26 06:30:00,7617.694798093977
2019-09-26 07:00:00,8026.670318351955
2019-09-26 07:30:00,8026.670318351955
2019-09-26 08:00:00,8093.430486515775
2019-09-26 08:30:00,7983.719464705919
2019-09-26 09:00:00,7628.011523470312
2019-09-26 09:30:00,7571.901058084367
2019-09-26 10:00:00,7373.3766247689155
2019-09-26 10:30:00,7287.646610631219
2019-09-26 11:00:00,7213.115256176232
2019-09-26 11:30:00,7115.10575119485
2019-09-26 12:00:00,7133.419234023952
2019-09-26 12:30:00,7133.419234023952
2019-09-26 13:00:00,7188.683478623127
2019-09-26 13:30:00,7180.26286990469
2019-09-26 14:00:00,7278.162726721938
2019-09-26 14:30:00,7291.240103041062
2019-09-26 15:00:00,7300.050446994743
2019-09-26 15:30:00,7422.084200832868
2019-09-26 16:00:00,7566.279756903016
2019-09-26 16:30:00,7824.357177208965
2019-09-26 17:00:00,8080.257916417135
2019-09-26 17:30:00,8248.004577063746
2019-09-26 18:00:00,8641.223741981901
2019-09-26 18:30:00,9055.759779050664
2019-09-26 19:00:00,9102.695186468325
2019-09-26 19:30:00,8947.907798049751
2019-09-26 20:00:00,8772.012366413803
2019-09-26 20:30:00,8583.721455535995
2019-09-26 21:00:00,8373.77740434786
2019-09-26 21:30:00,8188.979965946913
2019-09-26 22:00:00,7976.12736091132
2019-09-26 22:30:00,8037.597566961289
2019-09-26 23:00:00,7787.291533066501
2019-09-26 23:30:00,7737.119876955898
2019-09-27 00:00:00,7602.324602776248
2019-09-27 00:30:00,7449.88424368966
2019-09-27 01:00:00,7236.837274298778
2019-09-27 01:30:00,7184.193049642381
2019-09-27 02:00:00,6959.535657913984
2019-09-27 02:30:00,6678.032727661282
2019-09-27 03:00:00,6477.662022776344
2019-09-27 03:30:00,6370.4515548431855
2019-09-27 04:00:00,6320.8160403992615
2019-09-27 04:30:00,6352.978794871741
2019-09-27 05:00:00,6469.033705129886
2019-09-27 05:30:00,6712.193834939599
2019-09-27 06:00:00,7013.452634802792
2019-09-27 06:30:00,7535.682800682815
2019-09-27 07:00:00,7926.411008754848
2019-09-27 07:30:00,7949.671153058531
2019-09-27 08:00:00,8000.060971247095
2019-09-27 08:30:00,7937.406289062398
2019-09-27 09:00:00,7683.763775154261
2019-09-27 09:30:00,7638.93022951446
2019-09-27 10:00:00,7396.500787432118
2019-09-27 10:30:00,7399.654709657237
2019-09-27 11:00:00,7303.6330668410565
2019-09-27 11:30:00,7255.132650386145
2019-09-27 12:00:00,7222.158367832135
2019-09-27 12:30:00,7222.158367832135
2019-09-27 13:00:00,7255.468761336394
2019-09-27 13:30:00,7250.767881487945
2019-09-27 14:00:00,7269.401072186708
2019-09-27 14:30:00,7310.075977607541
2019-09-27 15:00:00,7389.10767532907
2019-09-27 15:30:00,7408.860567161188
2019-09-27 16:00:00,7507.900093193565
2019-09-27 16:30:00,7721.267426063993
2019-09-27 17:00:00,7916.485703227884
2019-09-27 17:30:00,8114.367141412254
2019-09-27 18:00:00,8437.391164298284
2019-09-27 18:30:00,8763.21838077796
2019-09-27 19:00:00,8841.539517087705
2019-09-27 19:30:00,8634.721963137485
2019-09-27 20:00:00,8530.082261440562
2019-09-27 20:30:00,8427.601824388285
2019-09-27 21:00:00,8339.244999203229
2019-09-27 21:30:00,8189.717994997642
2019-09-27 22:00:00,8012.451287246365
2019-09-27 22:30:00,8012.451287246365
2019-09-27 23:00:00,7765.487516366898
2019-09-27 23:30:00,7653.990936895102
2019-09-28 00:00:00,7491.154585189272
2019-09-28 00:30:00,7390.668569739688
2019-09-28 01:00:00,7085.675343349017
2019-09-28 01:30:00,6939.624332510462
2019-09-28 02:00:00,6737.545603189282
2019-09-28 02:30:00,6471.671389213689
2019-09-28 03:00:00,6249.197866802235
2019-09-28 03:30:00,6176.067334827929
2019-09-28 04:00:00,6095.8701474959835
2019-09-28 04:30:00,6071.087777913624
2019-09-28 05:00:00,5982.685623543932
2019-09-28 05:30:00,6202.145849793488
2019-09-28 06:00:00,6260.187409656736
2019-09-28 06:30:00,6489.386709890474
2019-09-28 07:00:00,6896.589646503713
2019-09-28 07:30:00,6984.954600390614
2019-09-28 08:00:00,7231.54223113709
2019-09-28 08:30:00,7137.8844315766
2019-09-28 09:00:00,7255.047234915135
2019-09-28 09:30:00,7129.213213719563
2019-09-28 10:00:00,6934.517470267445
2019-09-28 10:30:00,6917.787011738521
2019-09-28 11:00:00,6755.206397457804
2019-09-28 11:30:00,6671.207096674256
2019-09-28 12:00:00,6679.421630106579
2019-09-28 12:30:00,6686.421823234986
2019-09-28 13:00:00,6679.004510766305
2019-09-28 13:30:00,6679.004510766305
2019-09-28 14:00:00,6667.2239062184135
2019-09-28 14:30:00,6703.25172427409
2019-09-28 15:00:00,6795.6189878436135
2019-09-28 15:30:00,6821.4997560380925
2019-09-28 16:00:00,7154.323566166902
2019-09-28 16:30:00,7261.415830869653
2019-09-28 17:00:00,7401.261132593546
2019-09-28 17:30:00,7427.366152870849
2019-09-28 18:00:00,7728.898447646844
2019-09-28 18:30:00,7908.563559142317
2019-09-28 19:00:00,7954.232615304615
2019-09-28 19:30:00,7795.2761704836175
2019-09-28 20:00:00,7517.770893733472
2019-09-28 20:30:00,7424.319851355729
2019-09-28 21:00:00,7343.6823781531775
2019-09-28 21:30:00,7304.987702260218
2019-09-28 22:00:00,7227.818177872424
2019-09-28 22:30:00,7241.538210104074
2019-09-28 23:00:00,7182.825037992407
2019-09-28 23:30:00,7125.294161391015
2019-09-29 00:00:00,6855.620477328177
2019-09-29 00:30:00,6725.734575923747
2019-09-29 01:00:00,6631.279384990792
2019-09-29 01:30:00,6527.831114118308
2019-09-29 02:00:00,6209.330022551882
2019-09-29 02:30:00,5978.928359942658
2019-09-29 03:00:00,5884.202096325464
2019-09-29 03:30:00,5847.987911867463
2019-09-29 04:00:00,5777.019589246845
2019-09-29 04:30:00,5815.812175250805
2019-09-29 05:00:00,5826.122446906733
2019-09-29 05:30:00,5949.8699627812075
2019-09-29 06:00:00,6003.21555134041
2019-09-29 06:30:00,6113.4198069772465
2019-09-29 07:00:00,6212.4414768514325
2019-09-29 07:30:00,6307.3096839580685
2019-09-29 08:00:00,6561.0879451446135
2019-09-29 08:30:00,6466.525858456907
2019-09-29 09:00:00,6611.610497080592
2019-09-29 09:30:00,6596.991992016465
2019-09-29 10:00:00,6322.1350428166925
2019-09-29 10:30:00,6304.094694757468
2019-09-29 11:00:00,6294.216283826531
2019-09-29 11:30:00,6217.821001491526
2019-09-29 12:00:00,6220.0606135938615
2019-09-29 12:30:00,6243.599803189225
2019-09-29 13:00:00,6278.39743172692
2019-09-29 13:30:00,6254.091489353692
2019-09-29 14:00:00,6148.386273405903
2019-09-29 14:30:00,6203.639713743814
2019-09-29 15:00:00,6297.493588648936
2019-09-29 15:30:00,6418.612359094223
2019-09-29 16:00:00,6654.098209282376
2019-09-29 16:30:00,6925.972774930008
2019-09-29 17:00:00,7160.18100948746
2019-09-29 17:30:00,7279.819242945803
2019-09-29 18:00:00,7708.356934451104
2019-09-29 18:30:00,8159.6770109694535
2019-09-29 19:00:00,8364.197879548268
2019-09-29 19:30:00,8239.415857721604
2019-09-29 20:00:00,8007.211849901315
2019-09-29 20:30:00,7834.10014554007
2019-09-29 21:00:00,7638.054357597424
2019-09-29 21:30:00,7571.3788753761655
2019-09-29 22:00:00,7374.26781165013
2019-09-29 22:30:00,7294.902726723523
2019-09-29 23:00:00,7072.653914659462
2019-09-29 23:30:00,7072.653914659462
2019-09-30 00:00:00,7172.190897162112
2019-09-30 00:30:00,6948.550945356645
2019-09-30 01:00:00,6827.88260567351
2019-09-30 01:30:00,6749.158579356266
2019-09-30 02:00:00,6578.819372611677
2019-09-30 02:30:00,6304.687960178425
2019-09-30 03:00:00,6159.2535950023375
2019-09-30 03:30:00,6031.184210662445
2019-09-30 04:00:00,6050.424893074837
2019-09-30 04:30:00,6050.424893074837
2019-09-30 05:00:00,6334.09213221796
2019-09-30 05:30:00,6427.771953094948
2019-09-30 06:00:00,7118.464146366467
2019-09-30 06:30:00,7423.643534502362
2019-09-30 07:00:00,7673.975482439415
2019-09-30 07:30:00,7764.322462203779
2019-09-30 08:00:00,7484.349870993877
2019-09-30 08:30:00,7599.516479624626
2019-09-30 09:00:00,7141.401365319366
2019-09-30 09:30:00,7071.182457467387
2019-09-30 10:00:00,7088.075151090531
2019-09-30 10:30:00,6954.768164817816
2019-09-30 11:00:00,6751.948259847764
2019-09-30 11:30:00,6557.996074108669
2019-09-30 12:00:00,6648.093356752532
2019-09-30 12:30:00,6569.099449318236
2019-09-30 13:00:00,6504.413164411831
2019-09-30 13:30:00,6656.201751147162
2019-09-30 14:00:00,6605.071926465397
2019-09-30 14:30:00,6646.671469458419
2019-09-30 15:00:00,6751.95263632348
2019-09-30 15:30:00,7052.266792283525
2019-09-30 16:00:00,7307.379056807541
2019-09-30 16:30:00,7755.569537076927
2019-09-30 17:00:00,8235.77318229354
2019-09-30 17:30:00,8445.624337834184
2019-09-30 18:00:00,8624.040775234802
2019-09-30 18:30:00,9014.42524851656
2019-09-30 19:00:00,9079.11045702966
2019-09-30 19:30:00,8827.576905987647
2019-09-30 20:00:00,8529.350136333527
2019-09-30 20:30:00,8465.33982921196
2019-09-30 21:00:00,8284.136879341415
2019-09-30 21:30:00,8173.288144353622
2019-09-30 22:00:00,8102.933324978198
2019-09-30 22:30:00,7969.304549623112
2019-09-30 23:00:00,7819.077011781858
2019-09-30 23:30:00,7768.537461195738
2019-10-01 00:00:00,7553.718974354906
2019-10-01 00:30:00,7435.167545996632
2019-10-01 01:00:00,7310.56710117217
2019-10-01 01:30:00,7114.057002379001
2019-10-01 02:00:00,6865.658862124177
2019-10-01 02:30:00,6648.570119578156
2019-10-01 03:00:00,6375.746598878739
2019-10-01 03:30:00,6326.574851467702
2019-10-01 04:00:00,6281.6169203829195
2019-10-01 04:30:00,6344.173760763311
2019-10-01 05:00:00,6448.247046228429
2019-10-01 05:30:00,6800.757953963405
2019-10-01 06:00:00,7134.509859507795
2019-10-01 06:30:00,7515.940377262353
2019-10-01 07:00:00,7914.377348077153
2019-10-01 07:30:00,7927.928769256759
2019-10-01 08:00:00,8190.078505822794
2019-10-01 08:30:00,8244.43325226012
2019-10-01 09:00:00,8313.1081269361
2019-10-01 09:30:00,8320.341555314573
2019-10-01 10:00:00,7992.617493108204
2019-10-01 10:30:00,7979.340954944774
2019-10-01 11:00:00,7929.018622072236
2019-10-01 11:30:00,7827.9965652590845
2019-10-01 12:00:00,7874.602303266388
2019-10-01 12:30:00,7855.251773942077
2019-10-01 13:00:00,7903.484814888751
2019-10-01 13:30:00,7923.772783673812
2019-10-01 14:00:00,7915.135889962594
2019-10-01 14:30:00,8065.351094988415
2019-10-01 15:00:00,8064.515174011681
2019-10-01 15:30:00,8098.81520929622
2019-10-01 16:00:00,8218.02057823806
2019-10-01 16:30:00,8287.016401662451
2019-10-01 17:00:00,8475.80633538301
2019-10-01 17:30:00,8716.75643035707
2019-10-01 18:00:00,9087.296574278946
2019-10-01 18:30:00,9305.255777512903
2019-10-01 19:00:00,9351.89457888998
2019-10-01 19:30:00,9117.5127288358
2019-10-01 20:00:00,8850.071100753932
2019-10-01 20:30:00,8684.9617558469
2019-10-01 21:00:00,8512.475455335882
2019-10-01 21:30:00,8381.7715625864
2019-10-01 22:00:00,8243.298625090609
2019-10-01 22:30:00,8223.760244552992
2019-10-01 23:00:00,7954.379427210712
2019-10-01 23:30:00,7922.146604531279
2019-10-02 00:00:00,7574.35482359135
2019-10-02 00:30:00,7419.606045015578
2019-10-02 01:00:00,7193.478104803722
2019-10-02 01:30:00,7106.55076590892
2019-10-02 02:00:00,6860.464102772873
2019-10-02 02:30:00,6556.221838646266
2019-10-02 03:00:00,6421.232744517828
2019-10-02 03:30:00,6314.022276584669
2019-10-02 04:00:00,6211.911522042645
2019-10-02 04:30:00,6211.911522042645
2019-10-02 05:00:00,6466.435617102541
2019-10-02 05:30:00,6688.465412348224
2019-10-02 06:00:00,6916.753351124883
2019-10-02 06:30:00,7363.397082006541
2019-10-02 07:00:00,7687.121925446608
2019-10-02 07:30:00,7701.231691696683
2019-10-02 08:00:00,7871.690401090219
2019-10-02 08:30:00,7799.819015790323
2019-10-02 09:00:00,7709.877322163232
2019-10-02 09:30:00,7705.742562686195
2019-10-02 10:00:00,7522.697048558782
2019-10-02 10:30:00,7607.943150257511
2019-10-02 11:00:00,7518.911594539994
2019-10-02 11:30:00,7417.706177588628
2019-10-02 12:00:00,7333.555924451277
2019-10-02 12:30:00,7200.2072482292915
2019-10-02 13:00:00,7256.243783909833
2019-10-02 13:30:00,7272.344916004375
2019-10-02 14:00:00,7303.6484489928725
2019-10-02 14:30:00,7303.6484489928725
2019-10-02 15:00:00,7347.882938287146
2019-10-02 15:30:00,7434.810277181949
2019-10-02 16:00:00,7519.463917800447
2019-10-02 16:30:00,7742.935290382842
2019-10-02 17:00:00,7926.901139978626
2019-10-02 17:30:00,8217.11690624918
2019-10-02 18:00:00,8501.586185957598
2019-10-02 18:30:00,8978.591323124685
2019-10-02 19:00:00,9081.23618583426
2019-10-02 19:30:00,8903.593723125132
2019-10-02 20:00:00,8614.703593555738
2019-10-02 20:30:00,8408.960570520247
2019-10-02 21:00:00,8279.748734844892
2019-10-02 21:30:00,8106.0162400499075
2019-10-02 22:00:00,7978.202141640053
2019-10-02 22:30:00,7958.663761102439
2019-10-02 23:00:00,7794.8480417447045
2019-10-02 23:30:00,7629.101221478561
2019-10-03 00:00:00,7660.226804537034
2019-10-03 00:30:00,7491.15215535473
2019-10-03 01:00:00,7195.689029635717
2019-10-03 01:30:00,7047.171856788232
2019-10-03 02:00:00,6843.428662347338
2019-10-03 02:30:00,6542.362840227631
2019-10-03 03:00:00,6400.936809063333
2019-10-03 03:30:00,6261.3875155151345
2019-10-03 04:00:00,6212.561600725595
2019-10-03 04:30:00,6208.56284704216
2019-10-03 05:00:00,6371.684067546372
2019-10-03 05:30:00,6618.3697341428715
2019-10-03 06:00:00,6808.458603298671
2019-10-03 06:30:00,7196.877360233423
2019-10-03 07:00:00,7482.053814363219
2019-10-03 07:30:00,7497.453994264361
2019-10-03 08:00:00,7714.659223226438
2019-10-03 08:30:00,7672.37641806971
2019-10-03 09:00:00,7562.465294656147
2019-10-03 09:30:00,7509.974317155242
2019-10-03 10:00:00,7236.089802754004
2019-10-03 10:30:00,7318.863211916114
2019-10-03 11:00:00,7213.3969772306755
2019-10-03 11:30:00,7202.412859465721
2019-10-03 12:00:00,7237.791214510884
2019-10-03 12:30:00,7251.198789613341
2019-10-03 13:00:00,7430.950315693355
2019-10-03 13:30:00,7543.807343106396
2019-10-03 14:00:00,7640.234204135509
2019-10-03 14:30:00,7634.767939110982
2019-10-03 15:00:00,7588.315919876869
2019-10-03 15:30:00,7651.165442849861
2019-10-03 16:00:00,7700.7558312689425
2019-10-03 16:30:00,7804.9705640441525
2019-10-03 17:00:00,8178.211797265455
2019-10-03 17:30:00,8382.555172302134
2019-10-03 18:00:00,8494.772537821023
2019-10-03 18:30:00,8744.528242711636
2019-10-03 19:00:00,8807.718430367775
2019-10-03 19:30:00,8602.58719800986
2019-10-03 20:00:00,8322.724511023222
2019-10-03 20:30:00,8205.356229194911
2019-10-03 21:00:00,8062.372425729309
2019-10-03 21:30:00,7857.346581911314
2019-10-03 22:00:00,7714.545843815986
2019-10-03 22:30:00,7714.545843815986
2019-10-03 23:00:00,7531.276200280601
2019-10-03 23:30:00,7502.852235334767
2019-10-04 00:00:00,7403.697971512022
2019-10-04 00:30:00,7230.0843201890875
2019-10-04 01:00:00,7099.999719100916
2019-10-04 01:30:00,6938.677982657145
2019-10-04 02:00:00,6734.409721893271
2019-10-04 02:30:00,6467.1193612246425
2019-10-04 03:00:00,6254.692942110638
2019-10-04 03:30:00,6220.998426513454
2019-10-04 04:00:00,6101.1220040754115
2019-10-04 04:30:00,6174.946489374283
2019-10-04 05:00:00,6295.781248604122
2019-10-04 05:30:00,6511.410265150529
2019-10-04 06:00:00,6777.498400688413
2019-10-04 06:30:00,7154.925898102966
2019-10-04 07:00:00,7430.85621082624
2019-10-04 07:30:00,7450.080528868951
2019-10-04 08:00:00,7601.738770030717
2019-10-04 08:30:00,7607.436671109809
2019-10-04 09:00:00,7684.535446583345
2019-10-04 09:30:00,7698.681490664494
2019-10-04 10:00:00,7430.175640366165
2019-10-04 10:30:00,7425.848759435739
2019-10-04 11:00:00,7379.751908959105
2019-10-04 11:30:00,7378.565586077965
2019-10-04 12:00:00,7483.749389996278
2019-10-04 12:30:00,7483.749389996278
2019-10-04 13:00:00,7448.432397513086
2019-10-04 13:30:00,7538.5647045033
2019-10-04 14:00:00,7692.621362201589
2019-10-04 14:30:00,7681.210686202435
2019-10-04 15:00:00,7792.462731300174
2019-10-04 15:30:00,7915.554357830178
2019-10-04 16:00:00,8027.052638884337
2019-10-04 16:30:00,8239.517284815085
2019-10-04 17:00:00,8297.64679524705
2019-10-04 17:30:00,8373.917621186833
2019-10-04 18:00:00,8580.441923811597
2019-10-04 18:30:00,8727.228876627656
2019-10-04 19:00:00,8678.022603255931
2019-10-04 19:30:00,8502.599632711459
2019-10-04 20:00:00,8301.844051079956
2019-10-04 20:30:00,8123.271766347276
2019-10-04 21:00:00,7994.1709112595745
2019-10-04 21:30:00,7813.2869914301
2019-10-04 22:00:00,7620.6213709148715
2019-10-04 22:30:00,7666.360082374496
2019-10-04 23:00:00,7479.807900283012
2019-10-04 23:30:00,7397.606053943971
2019-10-05 00:00:00,7278.519074201205
2019-10-05 00:30:00,7062.912822589935
2019-10-05 01:00:00,6833.100708555671
2019-10-05 01:30:00,6704.9849024689065
2019-10-05 02:00:00,6436.424581388424
2019-10-05 02:30:00,6164.435424028956
2019-10-05 03:00:00,5933.328456826233
2019-10-05 03:30:00,5826.013771192615
2019-10-05 04:00:00,5758.786565408746
2019-10-05 04:30:00,5795.665906714967
2019-10-05 05:00:00,5740.923190917207
2019-10-05 05:30:00,5892.695421560106
2019-10-05 06:00:00,6283.963995046856
2019-10-05 06:30:00,6144.138530174686
2019-10-05 07:00:00,6696.392172489408
2019-10-05 07:30:00,6760.9969522359825
2019-10-05 08:00:00,6976.631975773858
2019-10-05 08:30:00,6994.354152579473
2019-10-05 09:00:00,7236.131422051539
2019-10-05 09:30:00,7185.331392613309
2019-10-05 10:00:00,7098.985195262851
2019-10-05 10:30:00,7098.985195262851
2019-10-05 11:00:00,7115.2914857946425
2019-10-05 11:30:00,7253.449766237536
2019-10-05 12:00:00,7215.6349317066015
2019-10-05 12:30:00,7243.784714210101
2019-10-05 13:00:00,7105.73731716056
2019-10-05 13:30:00,7106.875650445211
2019-10-05 14:00:00,7099.70224349236
2019-10-05 14:30:00,7116.257390451755
2019-10-05 15:00:00,7197.819323163898
2019-10-05 15:30:00,7197.293502208644
2019-10-05 16:00:00,7299.097722188835
2019-10-05 16:30:00,7322.3262201888165
2019-10-05 17:00:00,7482.432003556222
2019-10-05 17:30:00,7532.468909944543
2019-10-05 18:00:00,7824.949672367868
2019-10-05 18:30:00,7912.201517814121
2019-10-05 19:00:00,7861.021975808592
2019-10-05 19:30:00,7684.3092707478
2019-10-05 20:00:00,7397.7000161575315
2019-10-05 20:30:00,7359.07699344628
2019-10-05 21:00:00,7233.4339420530505
2019-10-05 21:30:00,7203.06003406237
2019-10-05 22:00:00,7095.793114362415
2019-10-05 22:30:00,7175.920618432797
2019-10-05 23:00:00,7057.345000234565
2019-10-05 23:30:00,7029.195217731066
2019-10-06 00:00:00,6918.922075595394
2019-10-06 00:30:00,6721.805602773843
2019-10-06 01:00:00,6635.1319282921695
2019-10-06 01:30:00,6463.330259836864
2019-10-06 02:00:00,6259.510409559436
2019-10-06 02:30:00,5979.7735399322455
2019-10-06 03:00:00,5885.733927777067
2019-10-06 03:30:00,5735.908008483805
2019-10-06 04:00:00,5720.785545126633
2019-10-06 04:30:00,5720.785545126633
2019-10-06 05:00:00,5758.978599225441
2019-10-06 05:30:00,5779.7812996975845
2019-10-06 06:00:00,5901.05160279328
2019-10-06 06:30:00,5971.9866801253365
2019-10-06 07:00:00,6091.512857734477
2019-10-06 07:30:00,6247.10479093494
2019-10-06 08:00:00,6519.501861392386
2019-10-06 08:30:00,6673.473736088531
2019-10-06 09:00:00,6817.737415024325
2019-10-06 09:30:00,6851.535174817132
2019-10-06 10:00:00,6950.735439356201
2019-10-06 10:30:00,6858.54723117224
2019-10-06 11:00:00,6818.100433299478
2019-10-06 11:30:00,6724.10742238881
2019-10-06 12:00:00,6728.426898720814
2019-10-06 12:30:00,6721.538762580966
2019-10-06 13:00:00,6775.084721646864
2019-10-06 13:30:00,6708.6162170691405
2019-10-06 14:00:00,6749.594916695542
2019-10-06 14:30:00,6749.594916695542
2019-10-06 15:00:00,6744.923270902024
2019-10-06 15:30:00,6847.425308393212
2019-10-06 16:00:00,6980.833092871177
2019-10-06 16:30:00,6950.350088021151
2019-10-06 17:00:00,7196.6559442787
2019-10-06 17:30:00,7288.642822166168
2019-10-06 18:00:00,7622.4806287799875
2019-10-06 18:30:00,7819.2213939380235
2019-10-06 19:00:00,8012.077307268767
2019-10-06 19:30:00,7743.828180015061
2019-10-06 20:00:00,7616.850409534369
2019-10-06 20:30:00,7467.748712667877
2019-10-06 21:00:00,7371.071090891794
2019-10-06 21:30:00,7200.796179463561
2019-10-06 22:00:00,6993.475431722609
2019-10-06 22:30:00,6998.620665542926
2019-10-06 23:00:00,6879.70077126032
2019-10-06 23:30:00,6812.578291857361
2019-10-07 00:00:00,6753.271060012646
2019-10-07 00:30:00,6662.016472924808
2019-10-07 01:00:00,6520.217089784416
2019-10-07 01:30:00,6313.183258590617
2019-10-07 02:00:00,6119.78906528846
2019-10-07 02:30:00,5968.542892496787
2019-10-07 03:00:00,5813.614762100637
2019-10-07 03:30:00,5759.410467712527
2019-10-07 04:00:00,5753.419533947362
2019-10-07 04:30:00,5753.419533947362
2019-10-07 05:00:00,5976.810865499375
2019-10-07 05:30:00,6010.095626783989
2019-10-07 06:00:00,6183.988303391527
2019-10-07 06:30:00,6432.020273738298
2019-10-07 07:00:00,6407.871388167467
2019-10-07 07:30:00,6834.0677216803915
2019-10-07 08:00:00,6617.703904911324
2019-10-07 08:30:00,6601.980469618025
2019-10-07 09:00:00,6670.603072935408
2019-10-07 09:30:00,6640.731354388063
2019-10-07 10:00:00,6458.813963458658
2019-10-07 10:30:00,6376.967210782026
2019-10-07 11:00:00,6427.791850450894
2019-10-07 11:30:00,6597.682628373212
2019-10-07 12:00:00,6574.937995538222
2019-10-07 12:30:00,6461.922979829098
2019-10-07 13:00:00,6635.126881648686
2019-10-07 13:30:00,6856.11134544375
2019-10-07 14:00:00,6638.197932499578
2019-10-07 14:30:00,6459.739671436819
2019-10-07 15:00:00,6648.5107874247415
2019-10-07 15:30:00,6952.067662795117
2019-10-07 16:00:00,7185.540667727365
2019-10-07 16:30:00,7384.349087946306
2019-10-07 17:00:00,7505.3371846397395
2019-10-07 17:30:00,7617.064255312837
2019-10-07 18:00:00,7844.87345932028
2019-10-07 18:30:00,7949.163638837175
2019-10-07 19:00:00,7840.547904079553
2019-10-07 19:30:00,7746.304627733234
2019-10-07 20:00:00,7565.082488148837
2019-10-07 20:30:00,7471.820802086738
2019-10-07 21:00:00,7345.690999435389
2019-10-07 21:30:00,7303.649571247624
2019-10-07 22:00:00,7122.812479466472
2019-10-07 22:30:00,7122.812479466472
2019-10-07 23:00:00,7037.0017303041495
2019-10-07 23:30:00,6838.205089628521
2019-10-08 00:00:00,7486.118102392586
2019-10-08 00:30:00,7299.359127706848
2019-10-08 01:00:00,7023.83969026141
2019-10-08 01:30:00,6737.326620493096
2019-10-08 02:00:00,6565.513678588404
2019-10-08 02:30:00,6464.56029327514
2019-10-08 03:00:00,6357.089601407485
2019-10-08 03:30:00,6308.178271146445
2019-10-08 04:00:00,6255.01534504695
2019-10-08 04:30:00,6294.875457405324
2019-10-08 05:00:00,6421.945128002671
2019-10-08 05:30:00,6564.868483173318
2019-10-08 06:00:00,7022.95431762725
2019-10-08 06:30:00,7022.95431762725
2019-10-08 07:00:00,7481.096824060194
2019-10-08 07:30:00,7577.269521029365
2019-10-08 08:00:00,7539.862561702341
2019-10-08 08:30:00,7437.861424818867
2019-10-08 09:00:00,7341.486202382737
2019-10-08 09:30:00,7580.165480312034
2019-10-08 10:00:00,7269.768890320417
2019-10-08 10:30:00,7144.621583649383
2019-10-08 11:00:00,7001.768048493441
2019-10-08 11:30:00,6940.5399734531065
2019-10-08 12:00:00,7103.670126582413
2019-10-08 12:30:00,7102.991044846929
2019-10-08 13:00:00,7156.805568396432
2019-10-08 13:30:00,7345.4139193431365
2019-10-08 14:00:00,7548.106825813388
2019-10-08 14:30:00,7640.712297004136
2019-10-08 15:00:00,7799.53049979774
2019-10-08 15:30:00,7877.508948965851
2019-10-08 16:00:00,7864.8108119677545
2019-10-08 16:30:00,7957.93683912579
2019-10-08 17:00:00,8153.875875766356
2019-10-08 17:30:00,8402.057720577743
2019-10-08 18:00:00,8501.990195834644
2019-10-08 18:30:00,8509.210864574165
2019-10-08 19:00:00,8549.154319667112
2019-10-08 19:30:00,8415.77623182902
2019-10-08 20:00:00,8115.982356093096
2019-10-08 20:30:00,8040.786683401353
2019-10-08 21:00:00,7904.130393921274
2019-10-08 21:30:00,7861.6504929406965
2019-10-08 22:00:00,7794.759481801624
2019-10-08 22:30:00,7818.215711012622
2019-10-08 23:00:00,7695.256842652857
2019-10-08 23:30:00,7607.985898741264
2019-10-09 00:00:00,6999.930763443712
2019-10-09 00:30:00,6884.392189389523
2019-10-09 01:00:00,6638.6340686701105
2019-10-09 01:30:00,6420.7217061809915
2019-10-09 02:00:00,6193.500731480203
2019-10-09 02:30:00,6068.252340115089
2019-10-09 03:00:00,5996.834597978289
2019-10-09 03:30:00,5996.834597978289
2019-10-09 04:00:00,6019.246921926522
2019-10-09 04:30:00,6158.708274363287
2019-10-09 05:00:00,6399.946967002518
2019-10-09 05:30:00,6699.300402815146
2019-10-09 06:00:00,7020.913351825568
2019-10-09 06:30:00,7317.5860372935085
2019-10-09 07:00:00,7626.510705310627
2019-10-09 07:30:00,7645.32877177889
2019-10-09 08:00:00,7762.8444368042365
2019-10-09 08:30:00,7752.3306221303465
2019-10-09 09:00:00,7841.940336392608
2019-10-09 09:30:00,7711.0798962972385
2019-10-09 10:00:00,7503.163521763403
2019-10-09 10:30:00,7398.7960303273985
2019-10-09 11:00:00,7279.050967108427
2019-10-09 11:30:00,7186.197277350567
2019-10-09 12:00:00,7414.490236853708
2019-10-09 12:30:00,7447.076434404152
2019-10-09 13:00:00,7475.946262154463
2019-10-09 13:30:00,7408.446305943899
2019-10-09 14:00:00,7528.11832012509
2019-10-09 14:30:00,7570.25261983999
2019-10-09 15:00:00,7545.391218092359
2019-10-09 15:30:00,7675.333573045574
2019-10-09 16:00:00,7905.086524246722
2019-10-09 16:30:00,8048.490355492406
2019-10-09 17:00:00,8258.352988334778
2019-10-09 17:30:00,8361.604576528907
2019-10-09 18:00:00,8475.110034927033
2019-10-09 18:30:00,8529.004553861998
2019-10-09 19:00:00,8529.354035538841
2019-10-09 19:30:00,8405.049871120867
2019-10-09 20:00:00,8205.006572021577
2019-10-09 20:30:00,8065.291640895043
2019-10-09 21:00:00,7797.547833122768
2019-10-09 21:30:00,7680.92734937677
2019-10-09 22:00:00,7475.2088617244435
2019-10-09 22:30:00,7560.454963423173
2019-10-09 23:00:00,7478.689795208781
2019-10-09 23:30:00,7364.397904749828
2019-10-10 00:00:00,7254.646443234926
2019-10-10 00:30:00,7153.532899609776
2019-10-10 01:00:00,6932.181720477043
2019-10-10 01:30:00,6654.5861777710425
2019-10-10 02:00:00,6451.314034203606
2019-10-10 02:30:00,6255.268083822142
2019-10-10 03:00:00,6177.588308581264
2019-10-10 03:30:00,6177.588308581264
2019-10-10 04:00:00,6229.951028648986
2019-10-10 04:30:00,6416.47390217118
2019-10-10 05:00:00,6670.550914633572
2019-10-10 05:30:00,7115.78924417058
2019-10-10 06:00:00,7541.171764760371
2019-10-10 06:30:00,7725.557963954824
2019-10-10 07:00:00,7844.4878973972145
2019-10-10 07:30:00,7866.122436165952
2019-10-10 08:00:00,7989.562487722632
2019-10-10 08:30:00,7742.986277573292
2019-10-10 09:00:00,7498.8366575109885
2019-10-10 09:30:00,7550.688166879893
2019-10-10 10:00:00,7264.611089989981
2019-10-10 10:30:00,7222.98377220395
2019-10-10 11:00:00,7084.420945182787
2019-10-10 11:30:00,7014.711875628632
2019-10-10 12:00:00,7091.678642302101
2019-10-10 12:30:00,7050.409702834112
2019-10-10 13:00:00,7121.689908850316
2019-10-10 13:30:00,7121.689908850316
2019-10-10 14:00:00,7161.991365454861
2019-10-10 14:30:00,7182.527422561844
2019-10-10 15:00:00,7231.344621354771
2019-10-10 15:30:00,7297.649210253259
2019-10-10 16:00:00,7332.249635458043
2019-10-10 16:30:00,7549.791162835882
2019-10-10 17:00:00,7969.265414772556
2019-10-10 17:30:00,8146.898938429581
2019-10-10 18:00:00,8336.399898615764
2019-10-10 18:30:00,8495.792806865376
2019-10-10 19:00:00,8603.07091730309
2019-10-10 19:30:00,8526.645459750403
2019-10-10 20:00:00,8367.674729762286
2019-10-10 20:30:00,8201.709959448144
2019-10-10 21:00:00,7985.897642287876
2019-10-10 21:30:00,7926.388625682149
2019-10-10 22:00:00,7716.878482289807
2019-10-10 22:30:00,7716.878482289807
2019-10-10 23:00:00,7610.965976964122
2019-10-10 23:30:00,7421.740884074233
2019-10-11 00:00:00,7224.256479124503
2019-10-11 00:30:00,7177.248221550561
2019-10-11 01:00:00,6949.627097880532
2019-10-11 01:30:00,6717.347519959359
2019-10-11 02:00:00,6500.633035325014
2019-10-11 02:30:00,6356.49668544341
2019-10-11 03:00:00,6248.8651010460535
2019-10-11 03:30:00,6248.8651010460535
2019-10-11 04:00:00,6321.492329540053
2019-10-11 04:30:00,6457.0659650476555
2019-10-11 05:00:00,6759.033007185006
2019-10-11 05:30:00,7144.420293698707
2019-10-11 06:00:00,7557.64247284376
2019-10-11 06:30:00,7771.949970276554
2019-10-11 07:00:00,7813.505792822473
2019-10-11 07:30:00,7818.804040158762
2019-10-11 08:00:00,7741.144146844602
2019-10-11 08:30:00,7662.039754698422
2019-10-11 09:00:00,7489.640651965103
2019-10-11 09:30:00,7543.791792585923
2019-10-11 10:00:00,7154.70818326945
2019-10-11 10:30:00,7154.70818326945
2019-10-11 11:00:00,7087.022546822919
2019-10-11 11:30:00,7016.035813392229
2019-10-11 12:00:00,7133.498173237172
2019-10-11 12:30:00,7096.978597370068
2019-10-11 13:00:00,7132.590113871967
2019-10-11 13:30:00,7184.914839049743
2019-10-11 14:00:00,7241.26638021888
2019-10-11 14:30:00,7290.2293606784515
2019-10-11 15:00:00,7292.234430389864
2019-10-11 15:30:00,7398.874277904463
2019-10-11 16:00:00,7504.680614566294
2019-10-11 16:30:00,7742.190552717166
2019-10-11 17:00:00,7954.325227776032
2019-10-11 17:30:00,8080.089665344716
2019-10-11 18:00:00,8122.453430792225
2019-10-11 18:30:00,8260.565938221553
2019-10-11 19:00:00,8179.504317239272
2019-10-11 19:30:00,8066.886974657152
2019-10-11 20:00:00,8051.4841421909405
2019-10-11 20:30:00,7945.378115721431
2019-10-11 21:00:00,7791.204486579054
2019-10-11 21:30:00,7656.645169401885
2019-10-11 22:00:00,7550.086007269222
2019-10-11 22:30:00,7601.619717433643
2019-10-11 23:00:00,7468.362775125729
2019-10-11 23:30:00,7318.4977534459695
2019-10-12 00:00:00,7162.026478264057
2019-10-12 00:30:00,7000.900398390679
2019-10-12 01:00:00,6829.914551879276
2019-10-12 01:30:00,6576.5305055409735
2019-10-12 02:00:00,6260.067910943068
2019-10-12 02:30:00,6199.124636070505
2019-10-12 03:00:00,6090.4435945741625
2019-10-12 03:30:00,6074.5758794156945
2019-10-12 04:00:00,6013.602404876636
2019-10-12 04:30:00,6187.537793433204
2019-10-12 05:00:00,6210.8165187667955
2019-10-12 05:30:00,6602.152246512811
2019-10-12 06:00:00,6509.431684620939
2019-10-12 06:30:00,6584.227527188369
2019-10-12 07:00:00,6865.810058923865
2019-10-12 07:30:00,6922.734677554282
2019-10-12 08:00:00,7103.824551247448
2019-10-12 08:30:00,7073.00341783738
2019-10-12 09:00:00,7510.082543625215
2019-10-12 09:30:00,7519.453672928371
2019-10-12 10:00:00,7188.212759583058
2019-10-12 10:30:00,7202.9407145423365
2019-10-12 11:00:00,7139.181674436309
2019-10-12 11:30:00,7121.954975426473
2019-10-12 12:00:00,7070.747544953103
2019-10-12 12:30:00,6987.251465880211
2019-10-12 13:00:00,6904.843831810293
2019-10-12 13:30:00,6904.843831810293
2019-10-12 14:00:00,6882.816415452361
2019-10-12 14:30:00,6913.589968306996
2019-10-12 15:00:00,7036.306450149039
2019-10-12 15:30:00,7105.415315279932
2019-10-12 16:00:00,7198.503035387274
2019-10-12 16:30:00,7268.594970279853
2019-10-12 17:00:00,7442.294607664073
2019-10-12 17:30:00,7490.49458775014
2019-10-12 18:00:00,7698.573646325969
2019-10-12 18:30:00,7793.929982360261
2019-10-12 19:00:00,7830.626468244217
2019-10-12 19:30:00,7769.84395073807
2019-10-12 20:00:00,7648.378250994684
2019-10-12 20:30:00,7585.790901073882
2019-10-12 21:00:00,7355.89721253598
2019-10-12 21:30:00,7325.002146934133
2019-10-12 22:00:00,7246.544271591872
2019-10-12 22:30:00,7246.544271591872
2019-10-12 23:00:00,7146.12762382256
2019-10-12 23:30:00,7117.810666637622
2019-10-13 00:00:00,6886.097410580718
2019-10-13 00:30:00,6691.74450418899
2019-10-13 01:00:00,6533.387022061499
2019-10-13 01:30:00,6299.793557823345
2019-10-13 02:00:00,6059.79625654896
2019-10-13 02:30:00,5940.323514218849
2019-10-13 03:00:00,5855.690542555254
2019-10-13 03:30:00,5812.262191072191
2019-10-13 04:00:00,5865.1110284954475
2019-10-13 04:30:00,5920.364468833359
2019-10-13 05:00:00,5995.706385994063
2019-10-13 05:30:00,6166.737096677699
2019-10-13 06:00:00,6288.354555827886
2019-10-13 06:30:00,6504.639342607715
2019-10-13 07:00:00,6518.350527167708
2019-10-13 07:30:00,6628.964075923326
2019-10-13 08:00:00,6864.764602859215
2019-10-13 08:30:00,6964.54973775578
2019-10-13 09:00:00,7019.015154019264
2019-10-13 09:30:00,7104.651601604019
2019-10-13 10:00:00,7193.886264202783
2019-10-13 10:30:00,7131.617015704213
2019-10-13 11:00:00,7165.674262295913
2019-10-13 11:30:00,7054.39605837504
2019-10-13 12:00:00,6889.154872773515
2019-10-13 12:30:00,6873.125842681602
2019-10-13 13:00:00,6850.245619726382
2019-10-13 13:30:00,6867.681050655223
2019-10-13 14:00:00,6928.24943096383
2019-10-13 14:30:00,6975.343997400379
2019-10-13 15:00:00,7059.911175931304
2019-10-13 15:30:00,7228.4044902472115
2019-10-13 16:00:00,7446.604328415938
2019-10-13 16:30:00,7503.486501903854
2019-10-13 17:00:00,7854.743451792062
2019-10-13 17:30:00,7970.277330158225
2019-10-13 18:00:00,8254.459439081002
2019-10-13 18:30:00,8360.32561257753
2019-10-13 19:00:00,8426.766757716827
2019-10-13 19:30:00,8342.105361166421
2019-10-13 20:00:00,8094.041092341255
2019-10-13 20:30:00,7982.787590644259
2019-10-13 21:00:00,7773.895791927447
2019-10-13 21:30:00,7613.71838989072
2019-10-13 22:00:00,7361.613061362322
2019-10-13 22:30:00,7360.650995641997
2019-10-13 23:00:00,7060.135430219194
2019-10-13 23:30:00,6888.726750598533
2019-10-14 00:00:00,6881.969110288734
2019-10-14 00:30:00,6784.13420608994
2019-10-14 01:00:00,6698.605360741091
2019-10-14 01:30:00,6503.827337429489
2019-10-14 02:00:00,6221.627213802239
2019-10-14 02:30:00,6050.863862985563
2019-10-14 03:00:00,6070.952713876192
2019-10-14 03:30:00,5972.845895495948
2019-10-14 04:00:00,6083.195548782837
2019-10-14 04:30:00,6145.742572985897
2019-10-14 05:00:00,6693.73809862718
2019-10-14 05:30:00,6888.014029488729
2019-10-14 06:00:00,7852.105285483752
2019-10-14 06:30:00,7972.486119071271
2019-10-14 07:00:00,8485.251300618167
2019-10-14 07:30:00,8664.093963530704
2019-10-14 08:00:00,8223.637738524028
2019-10-14 08:30:00,8255.823795371194
2019-10-14 09:00:00,7739.34796669773
2019-10-14 09:30:00,7628.266377441912
2019-10-14 10:00:00,7480.408758522265
2019-10-14 10:30:00,7403.173887609092
2019-10-14 11:00:00,7271.0937469905775
2019-10-14 11:30:00,7134.875755169719
2019-10-14 12:00:00,7066.240893929709
2019-10-14 12:30:00,7008.248660798144
2019-10-14 13:00:00,7149.918329930433
2019-10-14 13:30:00,7141.006183915609
2019-10-14 14:00:00,7044.189102713336
2019-10-14 14:30:00,7063.228358593246
2019-10-14 15:00:00,7135.29325149152
2019-10-14 15:30:00,7491.88691584466
2019-10-14 16:00:00,7678.45966196273
2019-10-14 16:30:00,8074.825548354408
2019-10-14 17:00:00,8371.760708182825
2019-10-14 17:30:00,8538.55631133283
2019-10-14 18:00:00,8633.238610092494
2019-10-14 18:30:00,8881.325864591363
2019-10-14 19:00:00,8724.911327530297
2019-10-14 19:30:00,8714.804556772899
2019-10-14 20:00:00,8466.379652559861
2019-10-14 20:30:00,8275.217037124308
2019-10-14 21:00:00,8048.236818184654
2019-10-14 21:30:00,7985.719158024723
2019-10-14 22:00:00,7795.021110580472
2019-10-14 22:30:00,7679.553475336558
2019-10-14 23:00:00,7749.977358440691
2019-10-14 23:30:00,7491.072940524261
2019-10-15 00:00:00,7396.835047803909
2019-10-15 00:30:00,7254.669717212507
2019-10-15 01:00:00,7126.791077000168
2019-10-15 01:30:00,6749.907379334959
2019-10-15 02:00:00,6468.5063190786495
2019-10-15 02:30:00,6396.638043388727
2019-10-15 03:00:00,6202.973462453845
2019-10-15 03:30:00,6286.527946689771
2019-10-15 04:00:00,6286.328459621668
2019-10-15 04:30:00,6695.168207348635
2019-10-15 05:00:00,6962.965026182969
2019-10-15 05:30:00,7336.834677917095
2019-10-15 06:00:00,7765.083652739418
2019-10-15 06:30:00,8044.950380531181
2019-10-15 07:00:00,8235.447189570148
2019-10-15 07:30:00,8106.2691269753905
2019-10-15 08:00:00,8034.844967230219
2019-10-15 08:30:00,7987.8723044416465
2019-10-15 09:00:00,7918.979170576344
2019-10-15 09:30:00,7888.972307947548
2019-10-15 10:00:00,7881.50741157463
2019-10-15 10:30:00,7805.184109737078
2019-10-15 11:00:00,7688.823793636706
2019-10-15 11:30:00,7688.823793636706
2019-10-15 12:00:00,7741.83068984036
2019-10-15 12:30:00,7741.83068984036
2019-10-15 13:00:00,7835.660634654483
2019-10-15 13:30:00,7823.22950121094
2019-10-15 14:00:00,7905.035501205461
2019-10-15 14:30:00,7842.67255868805
2019-10-15 15:00:00,7893.0695427557
2019-10-15 15:30:00,7855.282851519008
2019-10-15 16:00:00,7890.645798930008
2019-10-15 16:30:00,7971.479076872047
2019-10-15 17:00:00,8146.642982888719
2019-10-15 17:30:00,8270.70586630016
2019-10-15 18:00:00,8415.70637502314
2019-10-15 18:30:00,8441.201539870339
2019-10-15 19:00:00,8535.86964908648
2019-10-15 19:30:00,8411.111496632775
2019-10-15 20:00:00,8185.995271513486
2019-10-15 20:30:00,7991.97941331591
2019-10-15 21:00:00,7830.2905914133535
2019-10-15 21:30:00,7761.496115071757
2019-10-15 22:00:00,7677.118130565165
2019-10-15 22:30:00,7701.526486274093
2019-10-15 23:00:00,7522.911370029761
2019-10-15 23:30:00,7472.7769354221455
2019-10-16 00:00:00,7175.771934931835
2019-10-16 00:30:00,7018.79518142696
2019-10-16 01:00:00,6872.622812446359
2019-10-16 01:30:00,6615.315922177774
2019-10-16 02:00:00,6371.481585219651
2019-10-16 02:30:00,6277.219508464564
2019-10-16 03:00:00,6055.403150166361
2019-10-16 03:30:00,6142.350799692305
2019-10-16 04:00:00,6199.5057523822725
2019-10-16 04:30:00,6347.8806799291915
2019-10-16 05:00:00,6639.867498808345
2019-10-16 05:30:00,7142.40849115777
2019-10-16 06:00:00,7554.1730901535575
2019-10-16 06:30:00,7858.61815702648
2019-10-16 07:00:00,7943.907459960883
2019-10-16 07:30:00,7917.749351352903
2019-10-16 08:00:00,7811.196486652332
2019-10-16 08:30:00,7741.219930240467
2019-10-16 09:00:00,7522.8655367052
2019-10-16 09:30:00,7688.066586184457
2019-10-16 10:00:00,7511.095561072802
2019-10-16 10:30:00,7462.54244102287
2019-10-16 11:00:00,7385.6339439953545
2019-10-16 11:30:00,7379.065777827891
2019-10-16 12:00:00,7433.999942014804
2019-10-16 12:30:00,7448.376666302479
2019-10-16 13:00:00,7494.585376471125
2019-10-16 13:30:00,7489.4150865278925
2019-10-16 14:00:00,7584.138950224881
2019-10-16 14:30:00,7642.161490258617
2019-10-16 15:00:00,7672.225349851986
2019-10-16 15:30:00,7760.413039144301
2019-10-16 16:00:00,7876.255892581692
2019-10-16 16:30:00,8034.332855035956
2019-10-16 17:00:00,8272.996972091027
2019-10-16 17:30:00,8272.725437798372
2019-10-16 18:00:00,8455.982753630553
2019-10-16 18:30:00,8473.402311036207
2019-10-16 19:00:00,8495.289409381514
2019-10-16 19:30:00,8291.478563785993
2019-10-16 20:00:00,8122.9734225207485
2019-10-16 20:30:00,7960.856205927663
2019-10-16 21:00:00,7680.88490042642
2019-10-16 21:30:00,7619.5826857030515
2019-10-16 22:00:00,7448.932495940403
2019-10-16 22:30:00,7448.932495940403
2019-10-16 23:00:00,7277.608869419994
2019-10-16 23:30:00,7209.313770127395
2019-10-17 00:00:00,7104.433927849264
2019-10-17 00:30:00,6972.240297927729
2019-10-17 01:00:00,6820.690141942831
2019-10-17 01:30:00,6533.09338882055
2019-10-17 02:00:00,6296.014301920913
2019-10-17 02:30:00,6227.16709074442
2019-10-17 03:00:00,6116.101580559837
2019-10-17 03:30:00,6157.776391320518
2019-10-17 04:00:00,6205.571879514283
2019-10-17 04:30:00,6381.014096890507
2019-10-17 05:00:00,6604.65526022652
2019-10-17 05:30:00,7022.242976190211
2019-10-17 06:00:00,7417.54493192867
2019-10-17 06:30:00,7686.693904220233
2019-10-17 07:00:00,7910.756486863811
2019-10-17 07:30:00,7904.626225886245
2019-10-17 08:00:00,7927.496393871996
2019-10-17 08:30:00,7861.738525859825
2019-10-17 09:00:00,7772.785412968402
2019-10-17 09:30:00,7662.932600631483
2019-10-17 10:00:00,7456.341784385376
2019-10-17 10:30:00,7426.522449869086
2019-10-17 11:00:00,7414.917260950357
2019-10-17 11:30:00,7421.814487835359
2019-10-17 12:00:00,7471.772754230614
2019-10-17 12:30:00,7475.54545720614
2019-10-17 13:00:00,7648.593716274003
2019-10-17 13:30:00,7754.620405492679
2019-10-17 14:00:00,7727.026680008144
2019-10-17 14:30:00,7781.891609129188
2019-10-17 15:00:00,7988.2423081590405
2019-10-17 15:30:00,8110.695993190239
2019-10-17 16:00:00,8168.163897270227
2019-10-17 16:30:00,8173.356529060626
2019-10-17 17:00:00,8491.004904465222
2019-10-17 17:30:00,8539.161897194914
2019-10-17 18:00:00,8542.843880075914
2019-10-17 18:30:00,8607.755902454577
2019-10-17 19:00:00,8501.845403032275
2019-10-17 19:30:00,8373.12798397145
2019-10-17 20:00:00,8186.73886917877
2019-10-17 20:30:00,7983.787619831317
2019-10-17 21:00:00,7619.979816374568
2019-10-17 21:30:00,7511.991119656189
2019-10-17 22:00:00,7402.870442772065
2019-10-17 22:30:00,7431.020225275565
2019-10-17 23:00:00,7292.497566790196
2019-10-17 23:30:00,7206.8554318288525
2019-10-18 00:00:00,7179.838230036633
2019-10-18 00:30:00,7052.526166508865
2019-10-18 01:00:00,6830.908478898389
2019-10-18 01:30:00,6552.968189686436
2019-10-18 02:00:00,6348.536029415918
2019-10-18 02:30:00,6222.869185014136
2019-10-18 03:00:00,6137.595529992987
2019-10-18 03:30:00,6137.595529992987
2019-10-18 04:00:00,6199.933803665675
2019-10-18 04:30:00,6388.292899410422
2019-10-18 05:00:00,6618.418828309758
2019-10-18 05:30:00,7062.188574228404
2019-10-18 06:00:00,7435.029915067893
2019-10-18 06:30:00,7668.550302823252
2019-10-18 07:00:00,7783.315382799297
2019-10-18 07:30:00,7737.884209099219
2019-10-18 08:00:00,7735.997686563104
2019-10-18 08:30:00,7770.438115058128
2019-10-18 09:00:00,7604.925381690344
2019-10-18 09:30:00,7670.822533161629
2019-10-18 10:00:00,7550.734576187273
2019-10-18 10:30:00,7529.226988154944
2019-10-18 11:00:00,7484.997373713001
2019-10-18 11:30:00,7422.461676020028
2019-10-18 12:00:00,7561.042106015436
2019-10-18 12:30:00,7539.650636862383
2019-10-18 13:00:00,7538.1377443892125
2019-10-18 13:30:00,7490.451989773579
2019-10-18 14:00:00,7508.7673314252315
2019-10-18 14:30:00,7488.43018447459
2019-10-18 15:00:00,7551.881533410945
2019-10-18 15:30:00,7626.531457191383
2019-10-18 16:00:00,7671.220159180201
2019-10-18 16:30:00,7863.331751368099
2019-10-18 17:00:00,7946.63760698421
2019-10-18 17:30:00,8040.3452549961185
2019-10-18 18:00:00,8025.907003573288
2019-10-18 18:30:00,8051.4805293135205
2019-10-18 19:00:00,8066.1114155775085
2019-10-18 19:30:00,7983.372540523958
2019-10-18 20:00:00,7954.063210762422
2019-10-18 20:30:00,7795.264854805468
2019-10-18 21:00:00,7558.875459826045
2019-10-18 21:30:00,7478.009500241704
2019-10-18 22:00:00,7393.567477898109
2019-10-18 22:30:00,7393.567477898109
2019-10-18 23:00:00,7227.149484244655
2019-10-18 23:30:00,7162.0524326143695
2019-10-19 00:00:00,6974.2929241098445
2019-10-19 00:30:00,6891.120938039605
2019-10-19 01:00:00,6665.228371511042
2019-10-19 01:30:00,6451.375713163624
2019-10-19 02:00:00,6203.990636662191
2019-10-19 02:30:00,6054.277477819594
2019-10-19 03:00:00,5928.079437922078
2019-10-19 03:30:00,5920.5015561831315
2019-10-19 04:00:00,5916.123520887141
2019-10-19 04:30:00,6092.533413756645
2019-10-19 05:00:00,6091.214924229001
2019-10-19 05:30:00,6464.486554819417
2019-10-19 06:00:00,6489.06128035597
2019-10-19 06:30:00,6574.42337620591
2019-10-19 07:00:00,7027.130200792429
2019-10-19 07:30:00,6955.233904749952
2019-10-19 08:00:00,7069.107986165337
2019-10-19 08:30:00,6973.7662803938765
2019-10-19 09:00:00,7065.660403968757
2019-10-19 09:30:00,7132.058059976177
2019-10-19 10:00:00,6825.544465376451
2019-10-19 10:30:00,6743.021260116245
2019-10-19 11:00:00,6576.140286240149
2019-10-19 11:30:00,6557.301151984856
2019-10-19 12:00:00,6523.342550559912
2019-10-19 12:30:00,6509.612783014905
2019-10-19 13:00:00,6486.837950043725
2019-10-19 13:30:00,6500.858861879814
2019-10-19 14:00:00,6567.589650393841
2019-10-19 14:30:00,6538.272661254464
2019-10-19 15:00:00,6645.529941474781
2019-10-19 15:30:00,6863.032454882168
2019-10-19 16:00:00,7005.852968421134
2019-10-19 16:30:00,7140.198478834246
2019-10-19 17:00:00,7300.038799005731
2019-10-19 17:30:00,7314.3031529890195
2019-10-19 18:00:00,7429.305146717503
2019-10-19 18:30:00,7436.384464931716
2019-10-19 19:00:00,7488.090907490842
2019-10-19 19:30:00,7488.090907490842
2019-10-19 20:00:00,7329.838636703097
2019-10-19 20:30:00,7277.551085474456
2019-10-19 21:00:00,7125.220739382356
2019-10-19 21:30:00,7125.220739382356
2019-10-19 22:00:00,7039.619492672935
2019-10-19 22:30:00,7023.706711277396
2019-10-19 23:00:00,6883.896922407607
2019-10-19 23:30:00,6764.993003147608
2019-10-20 00:00:00,6459.088514424222
2019-10-20 00:30:00,6363.118831128839
2019-10-20 01:00:00,6195.240667455287
2019-10-20 01:30:00,5925.3153304595435
2019-10-20 02:00:00,5833.993450454456
2019-10-20 02:30:00,5712.346242231767
2019-10-20 03:00:00,5646.07571546963
2019-10-20 03:30:00,5668.359304781047
2019-10-20 04:00:00,5649.440045371735
2019-10-20 04:30:00,5677.1757286727525
2019-10-20 05:00:00,5793.397174122871
2019-10-20 05:30:00,5915.07626209705
2019-10-20 06:00:00,6023.440163312266
2019-10-20 06:30:00,6141.228956525842
2019-10-20 07:00:00,6272.128553844912
2019-10-20 07:30:00,6311.404297305787
2019-10-20 08:00:00,6642.974426796773
2019-10-20 08:30:00,6613.278406428499
2019-10-20 09:00:00,6465.198043551902
2019-10-20 09:30:00,6387.510467421272
2019-10-20 10:00:00,6202.729528892879
2019-10-20 10:30:00,6216.459946542882
2019-10-20 11:00:00,6339.342470850945
2019-10-20 11:30:00,6313.407537572697
2019-10-20 12:00:00,6351.509874801776
2019-10-20 12:30:00,6377.028670381112
2019-10-20 13:00:00,6450.389750963769
2019-10-20 13:30:00,6468.6622540658145
2019-10-20 14:00:00,6508.349301896831
2019-10-20 14:30:00,6550.480670962941
2019-10-20 15:00:00,6780.034745053586
2019-10-20 15:30:00,6899.349691379063
2019-10-20 16:00:00,7188.8790090427765
2019-10-20 16:30:00,7095.260205491978
2019-10-20 17:00:00,7306.427218203998
2019-10-20 17:30:00,7378.107900019123
2019-10-20 18:00:00,7522.126614883517
2019-10-20 18:30:00,7631.453051885549
2019-10-20 19:00:00,7806.521183854017
2019-10-20 19:30:00,7669.271492476224
2019-10-20 20:00:00,7590.153971901216
2019-10-20 20:30:00,7465.750997556001
2019-10-20 21:00:00,7228.111994147187
2019-10-20 21:30:00,7109.914447012003
2019-10-20 22:00:00,6904.278418751969
2019-10-20 22:30:00,6897.238286422879
2019-10-20 23:00:00,6775.690396378867
2019-10-20 23:30:00,6673.18835888768
2019-10-21 00:00:00,6750.484355319205
2019-10-21 00:30:00,6570.3151796810935
2019-10-21 01:00:00,6396.307431038384
2019-10-21 01:30:00,6262.281695229743
2019-10-21 02:00:00,6059.545258569349
2019-10-21 02:30:00,6002.236813660883
2019-10-21 03:00:00,5964.449234651973
2019-10-21 03:30:00,5908.326983584719
2019-10-21 04:00:00,5975.361559792976
2019-10-21 04:30:00,6040.811132088443
2019-10-21 05:00:00,6500.663622018159
2019-10-21 05:30:00,6667.470406305557
2019-10-21 06:00:00,7566.787491512386
2019-10-21 06:30:00,7823.640802751559
2019-10-21 07:00:00,7821.828036369114
2019-10-21 07:30:00,8093.25642679458
2019-10-21 08:00:00,7716.06388089926
2019-10-21 08:30:00,7581.8110692606
2019-10-21 09:00:00,7255.160920650061
2019-10-21 09:30:00,7117.583459564914
2019-10-21 10:00:00,6957.946074126323
2019-10-21 10:30:00,6829.876689786431
2019-10-21 11:00:00,6667.443449560891
2019-10-21 11:30:00,6607.972468679463
2019-10-21 12:00:00,6625.049482423317
2019-10-21 12:30:00,6627.593461277291
2019-10-21 13:00:00,6710.619650754281
2019-10-21 13:30:00,6710.619650754281
2019-10-21 14:00:00,6732.588760543789
2019-10-21 14:30:00,6817.6765701142185
2019-10-21 15:00:00,7152.013713025522
2019-10-21 15:30:00,7428.685371739777
2019-10-21 16:00:00,7640.099377702795
2019-10-21 16:30:00,7933.22428114118
2019-10-21 17:00:00,8382.732831058485
2019-10-21 17:30:00,8537.10542363507
2019-10-21 18:00:00,8596.466869096059
2019-10-21 18:30:00,8612.990247214253
2019-10-21 19:00:00,8542.631510053436
2019-10-21 19:30:00,8506.964084764175
2019-10-21 20:00:00,8261.127613274319
2019-10-21 20:30:00,8154.402121858633
2019-10-21 21:00:00,7767.749964340664
2019-10-21 21:30:00,7707.905699892743
2019-10-21 22:00:00,7520.971101746601
2019-10-21 22:30:00,7434.232962852379
2019-10-21 23:00:00,7378.085081854894
2019-10-21 23:30:00,7354.870151349946
2019-10-22 00:00:00,7306.130675254303
2019-10-22 00:30:00,7240.234886670449
2019-10-22 01:00:00,6996.237963091678
2019-10-22 01:30:00,6748.154753011924
2019-10-22 02:00:00,6418.919900916597
2019-10-22 02:30:00,6333.070875661917
2019-10-22 03:00:00,6172.326495398767
2019-10-22 03:30:00,6200.794194239981
2019-10-22 04:00:00,6217.524102937015
2019-10-22 04:30:00,6567.403220723539
2019-10-22 05:00:00,6922.7311130231155
2019-10-22 05:30:00,7319.252258551254
2019-10-22 06:00:00,7767.38519241626
2019-10-22 06:30:00,7887.583051933027
2019-10-22 07:00:00,8036.353563085186
2019-10-22 07:30:00,7993.51760997386
2019-10-22 08:00:00,8041.138869237738
2019-10-22 08:30:00,8037.267358874764
2019-10-22 09:00:00,7873.33645375008
2019-10-22 09:30:00,7982.252232807958
2019-10-22 10:00:00,7813.592656776552
2019-10-22 10:30:00,7831.052497902659
2019-10-22 11:00:00,7720.5177842813955
2019-10-22 11:30:00,7658.532058140584
2019-10-22 12:00:00,7732.800628731936
2019-10-22 12:30:00,7770.619591223141
2019-10-22 13:00:00,7828.038677498294
2019-10-22 13:30:00,7828.038677498294
2019-10-22 14:00:00,7936.671274953651
2019-10-22 14:30:00,7895.882417551015
2019-10-22 15:00:00,8007.227941161203
2019-10-22 15:30:00,8023.2477598617315
2019-10-22 16:00:00,8038.267403856265
2019-10-22 16:30:00,8157.939452958793
2019-10-22 17:00:00,8278.19864022519
2019-10-22 17:30:00,8323.555330988864
2019-10-22 18:00:00,8393.020052570546
2019-10-22 18:30:00,8371.714917209152
2019-10-22 19:00:00,8471.295729497078
2019-10-22 19:30:00,8380.84540783581
2019-10-22 20:00:00,8186.274022830217
2019-10-22 20:30:00,8049.20527676748
2019-10-22 21:00:00,7842.623685167635
2019-10-22 21:30:00,7796.169073313897
2019-10-22 22:00:00,7724.904746067585
2019-10-22 22:30:00,7724.904746067585
2019-10-22 23:00:00,7512.236639060549
2019-10-22 23:30:00,7497.597901872379
2019-10-23 00:00:00,7143.523162516232
2019-10-23 00:30:00,7058.069250025087
2019-10-23 01:00:00,6836.542780025944
2019-10-23 01:30:00,6566.147029451547
2019-10-23 02:00:00,6356.4056585546705
2019-10-23 02:30:00,6237.361212217224
2019-10-23 03:00:00,6117.238594192663
2019-10-23 03:30:00,6108.703828066365
2019-10-23 04:00:00,6203.724028092103
2019-10-23 04:30:00,6372.085451896522
2019-10-23 05:00:00,6696.120079836012
2019-10-23 05:30:00,7107.81337715756
2019-10-23 06:00:00,7546.987123446002
2019-10-23 06:30:00,7739.756923096118
2019-10-23 07:00:00,7846.055787336435
2019-10-23 07:30:00,7767.229890511408
2019-10-23 08:00:00,7713.383893421296
2019-10-23 08:30:00,7654.005294183568
2019-10-23 09:00:00,7647.755739098256
2019-10-23 09:30:00,7638.895077283125
2019-10-23 10:00:00,7424.640731026217
2019-10-23 10:30:00,7522.713016840152
2019-10-23 11:00:00,7382.53953250139
2019-10-23 11:30:00,7384.125624796737
2019-10-23 12:00:00,7541.283473238477
2019-10-23 12:30:00,7538.513735354249
2019-10-23 13:00:00,7655.775537091725
2019-10-23 13:30:00,7623.333486260563
2019-10-23 14:00:00,7587.123860845109
2019-10-23 14:30:00,7656.99044072749
2019-10-23 15:00:00,7737.492477718832
2019-10-23 15:30:00,7877.487639722141
2019-10-23 16:00:00,8060.9692585642815
2019-10-23 16:30:00,8192.743751203026
2019-10-23 17:00:00,8337.665736576646
2019-10-23 17:30:00,8319.177360911162
2019-10-23 18:00:00,8373.442922031898
2019-10-23 18:30:00,8352.137786670504
2019-10-23 19:00:00,8358.477362839112
2019-10-23 19:30:00,8265.10044297549
2019-10-23 20:00:00,8145.312382962738
2019-10-23 20:30:00,7904.5039996415535
2019-10-23 21:00:00,7661.42583562022
2019-10-23 21:30:00,7517.421498052096
2019-10-23 22:00:00,7357.324466703291
2019-10-23 22:30:00,7425.302612909982
2019-10-23 23:00:00,7235.920804889034
2019-10-23 23:30:00,7236.781677241623
2019-10-24 00:00:00,7236.744591577431
2019-10-24 00:30:00,7136.0429109220695
2019-10-24 01:00:00,6897.770709422818
2019-10-24 01:30:00,6652.050270907291
2019-10-24 02:00:00,6431.123377268816
2019-10-24 02:30:00,6317.97424209698
2019-10-24 03:00:00,6172.818124389453
2019-10-24 03:30:00,6221.717460855109
2019-10-24 04:00:00,6287.148811101546
2019-10-24 04:30:00,6489.448554398499
2019-10-24 05:00:00,6731.711631050639
2019-10-24 05:30:00,7146.637795193839
2019-10-24 06:00:00,7593.17512401965
2019-10-24 06:30:00,7793.628104597849
2019-10-24 07:00:00,7948.059802764477
2019-10-24 07:30:00,7881.7800773420795
2019-10-24 08:00:00,7878.351161642869
2019-10-24 08:30:00,7834.3973012394035
2019-10-24 09:00:00,7721.945716861521
2019-10-24 09:30:00,7817.447700057101
2019-10-24 10:00:00,7740.398218532243
2019-10-24 10:30:00,7669.82835504773
2019-10-24 11:00:00,7667.324720469501
2019-10-24 11:30:00,7514.361750574605
2019-10-24 12:00:00,7655.007633847263
2019-10-24 12:30:00,7787.088796747801
2019-10-24 13:00:00,7859.858472084789
2019-10-24 13:30:00,7976.002527793761
2019-10-24 14:00:00,8005.83471851701
2019-10-24 14:30:00,8070.4436964660745
2019-10-24 15:00:00,8206.112227447386
2019-10-24 15:30:00,8379.541308869088
2019-10-24 16:00:00,8590.535879990171
2019-10-24 16:30:00,8769.217521942548
2019-10-24 17:00:00,8996.378174402296
2019-10-24 17:30:00,8966.510288402365
2019-10-24 18:00:00,8867.903028966895
2019-10-24 18:30:00,8747.774073010509
2019-10-24 19:00:00,8831.617267899175
2019-10-24 19:30:00,8669.318782182838
2019-10-24 20:00:00,8320.9192429836
2019-10-24 20:30:00,8118.655715705235
2019-10-24 21:00:00,7782.980233406334
2019-10-24 21:30:00,7684.820627034941
2019-10-24 22:00:00,7499.367342382115
2019-10-24 22:30:00,7471.217559878615
2019-10-24 23:00:00,7309.985534361167
2019-10-24 23:30:00,7249.195471176934
2019-10-25 00:00:00,7132.409724944147
2019-10-25 00:30:00,7023.186455472721
2019-10-25 01:00:00,6812.235858413564
2019-10-25 01:30:00,6547.572107365041
2019-10-25 02:00:00,6306.668536758415
2019-10-25 02:30:00,6234.925875198572
2019-10-25 03:00:00,6128.8778652398005
2019-10-25 03:30:00,6156.166574953948
2019-10-25 04:00:00,6199.933803665675
2019-10-25 04:30:00,6430.522523102203
2019-10-25 05:00:00,6624.105860938621
2019-10-25 05:30:00,7004.370863827779
2019-10-25 06:00:00,7419.54663325658
2019-10-25 06:30:00,7640.6402923862925
2019-10-25 07:00:00,7793.069857723952
2019-10-25 07:30:00,7737.394399607664
2019-10-25 08:00:00,7838.692079684735
2019-10-25 08:30:00,7830.9368215012255
2019-10-25 09:00:00,7717.781702533536
2019-10-25 09:30:00,7717.781702533536
2019-10-25 10:00:00,7648.2087036182165
2019-10-25 10:30:00,7648.2087036182165
2019-10-25 11:00:00,7647.393901120626
2019-10-25 11:30:00,7726.302580697607
2019-10-25 12:00:00,7810.446655623211
2019-10-25 12:30:00,7910.742763592308
2019-10-25 13:00:00,8027.35958523513
2019-10-25 13:30:00,8122.30349112377
2019-10-25 14:00:00,8234.764681768711
2019-10-25 14:30:00,8330.827828235628
2019-10-25 15:00:00,8416.264225419243
2019-10-25 15:30:00,8606.743072719626
2019-10-25 16:00:00,8681.290931124357
2019-10-25 16:30:00,8669.791719848721
2019-10-25 17:00:00,8684.127629268802
2019-10-25 17:30:00,8687.195460673462
2019-10-25 18:00:00,8748.547503813385
2019-10-25 18:30:00,8693.185889421778
2019-10-25 19:00:00,8698.861863758648
2019-10-25 19:30:00,8528.939755576603
2019-10-25 20:00:00,8305.879328038496
2019-10-25 20:30:00,8077.865560150949
2019-10-25 21:00:00,7823.315513051989
2019-10-25 21:30:00,7722.792934209609
2019-10-25 22:00:00,7559.613479717579
2019-10-25 22:30:00,7479.709585853563
2019-10-25 23:00:00,7372.61335306409
2019-10-25 23:30:00,7227.149484244655
2019-10-26 00:00:00,7099.968421926361
2019-10-26 00:30:00,6951.03775486751
2019-10-26 01:00:00,6667.033189187179
2019-10-26 01:30:00,6451.611587069607
2019-10-26 02:00:00,6126.331818007362
2019-10-26 02:30:00,6063.3068212007065
2019-10-26 03:00:00,5984.119102470636
2019-10-26 03:30:00,5942.444291709955
2019-10-26 04:00:00,5986.167036942018
2019-10-26 04:30:00,6110.796841547619
2019-10-26 05:00:00,6177.564210637687
2019-10-26 05:30:00,6382.921919552009
2019-10-26 06:00:00,6441.2935713343995
2019-10-26 06:30:00,6540.3587462291325
2019-10-26 07:00:00,7011.842060643378
2019-10-26 07:30:00,7051.937698466116
2019-10-26 08:00:00,7140.796044288202
2019-10-26 08:30:00,7061.103618084266
2019-10-26 09:00:00,7167.092629616523
2019-10-26 09:30:00,7150.24843238487
2019-10-26 10:00:00,7065.173476569317
2019-10-26 10:30:00,7011.586936835077
2019-10-26 11:00:00,6848.24534306301
2019-10-26 11:30:00,6974.07612416553
2019-10-26 12:00:00,7016.126748895434
2019-10-26 12:30:00,7118.658957548514
2019-10-26 13:00:00,7255.953192624398
2019-10-26 13:30:00,7319.737572315783
2019-10-26 14:00:00,7338.049480376117
2019-10-26 14:30:00,7324.172064092075
2019-10-26 15:00:00,7206.883530196064
2019-10-26 15:30:00,7378.281191808768
2019-10-26 16:00:00,7855.240940237785
2019-10-26 16:30:00,8110.275094627599
2019-10-26 17:00:00,7833.791559261857
2019-10-26 17:30:00,7754.287592501767
2019-10-26 18:00:00,8006.4506968230635
2019-10-26 18:30:00,8158.949639848708
2019-10-26 19:00:00,7943.032760065209
2019-10-26 19:30:00,8114.523232529
2019-10-26 20:00:00,7939.00343123536
2019-10-26 20:30:00,7761.892938426068
2019-10-26 21:00:00,7528.529774719706
2019-10-26 21:30:00,7392.101662034038
2019-10-26 22:00:00,7297.755862710658
2019-10-26 22:30:00,7297.755862710658
2019-10-26 23:00:00,7168.889333182276
2019-10-26 23:30:00,7051.479059202669
2019-10-27 00:00:00,6876.018121775587
2019-10-27 00:30:00,6654.943669616805
2019-10-27 01:00:00,6507.499725658312
2019-10-27 01:30:00,6195.486653157267
2019-10-27 02:00:00,5956.533785337636
2019-10-27 02:30:00,5871.718351643823
2019-10-27 03:00:00,5718.761173169944
2019-10-27 03:30:00,5704.248020857607
2019-10-27 04:00:00,5856.493209094547
2019-10-27 04:30:00,5856.493209094547
2019-10-27 05:00:00,5980.540683241744
2019-10-27 05:30:00,6048.704431460644
2019-10-27 06:00:00,6156.705943549799
2019-10-27 06:30:00,6331.454583865581
2019-10-27 07:00:00,6481.739494828566
2019-10-27 07:30:00,6626.728641834878
2019-10-27 08:00:00,6689.618356574902
2019-10-27 08:30:00,6713.760026465829
2019-10-27 09:00:00,6821.810468191692
2019-10-27 09:30:00,6818.999969164131
2019-10-27 10:00:00,6874.533271181085
2019-10-27 10:30:00,6865.402005823338
2019-10-27 11:00:00,6904.396566341392
2019-10-27 11:30:00,6956.129284685193
2019-10-27 12:00:00,6983.039636337257
2019-10-27 12:30:00,7012.166626522759
2019-10-27 13:00:00,7014.79674057968
2019-10-27 13:30:00,7014.79674057968
2019-10-27 14:00:00,7056.944541060934
2019-10-27 14:30:00,7141.273616040586
2019-10-27 15:00:00,7192.626799852108
2019-10-27 15:30:00,7290.196213565909
2019-10-27 16:00:00,7471.307268943845
2019-10-27 16:30:00,7584.870557642179
2019-10-27 17:00:00,7733.796626877406
2019-10-27 17:30:00,7834.114840900237
2019-10-27 18:00:00,7955.735497185919
2019-10-27 18:30:00,7840.250426155678
2019-10-27 19:00:00,7928.61296116396
2019-10-27 19:30:00,7821.239803050978
2019-10-27 20:00:00,7621.165713851895
2019-10-27 20:30:00,7534.567200546815
2019-10-27 21:00:00,7262.420395460497
2019-10-27 21:30:00,7151.340314002523
2019-10-27 22:00:00,6933.166972385641
2019-10-27 22:30:00,6854.25326258045
2019-10-27 23:00:00,6715.62380466838
2019-10-27 23:30:00,6597.528565272976
2019-10-28 00:00:00,6610.111789371532
2019-10-28 00:30:00,6415.426633866325
2019-10-28 01:00:00,6276.157365848666
2019-10-28 01:30:00,6026.5383557766745
2019-10-28 02:00:00,5971.333227334247
2019-10-28 02:30:00,5887.458122195744
2019-10-28 03:00:00,5911.186724293494
2019-10-28 03:30:00,5911.186724293494
2019-10-28 04:00:00,6034.622405643014
2019-10-28 04:30:00,6034.622405643014
2019-10-28 05:00:00,6632.936357054873
2019-10-28 05:30:00,6587.83748553146
2019-10-28 06:00:00,7450.797764115458
2019-10-28 06:30:00,7580.410722162442
2019-10-28 07:00:00,7722.837626558532
2019-10-28 07:30:00,7781.101872301932
2019-10-28 08:00:00,7340.936539298789
2019-10-28 08:30:00,7352.208998797464
2019-10-28 09:00:00,7019.220252915773
2019-10-28 09:30:00,6957.841158935871
2019-10-28 10:00:00,6875.407358624083
2019-10-28 10:30:00,6852.915561747199
2019-10-28 11:00:00,6782.806422609728
2019-10-28 11:30:00,6730.118336689739
2019-10-28 12:00:00,6827.062130587859
2019-10-28 12:30:00,6741.592582756687
2019-10-28 13:00:00,6683.519018405844
2019-10-28 13:30:00,6824.1551712576875
2019-10-28 14:00:00,6939.159829000485
2019-10-28 14:30:00,6951.885429607702
2019-10-28 15:00:00,7250.936684798677
2019-10-28 15:30:00,7469.945687775374
2019-10-28 16:00:00,7680.279208151292
2019-10-28 16:30:00,8062.328240452751
2019-10-28 17:00:00,8441.285343119627
2019-10-28 17:30:00,8558.862824778538
2019-10-28 18:00:00,8533.778357180132
2019-10-28 18:30:00,8561.607747392529
2019-10-28 19:00:00,8539.031575476967
2019-10-28 19:30:00,8539.031575476967
2019-10-28 20:00:00,8332.445090906307
2019-10-28 20:30:00,8257.975674319328
2019-10-28 21:00:00,7776.511461141793
2019-10-28 21:30:00,7694.116464849542
2019-10-28 22:00:00,7405.535164054904
2019-10-28 22:30:00,7405.535164054904
2019-10-28 23:00:00,7314.0964320892535
2019-10-28 23:30:00,7153.008031082611
2019-10-29 00:00:00,7235.626991195919
2019-10-29 00:30:00,7083.964229336854
2019-10-29 01:00:00,6825.7829443735955
2019-10-29 01:30:00,6562.96283680886
2019-10-29 02:00:00,6330.686626905038
2019-10-29 02:30:00,6302.218928063824
2019-10-29 03:00:00,6156.763995467111
2019-10-29 03:30:00,6222.814578004734
2019-10-29 04:00:00,6263.522477332572
2019-10-29 04:30:00,6543.138998240677
2019-10-29 05:00:00,6831.669596312958
2019-10-29 05:30:00,7176.2458175183
2019-10-29 06:00:00,7594.35805202293
2019-10-29 06:30:00,7706.272823960207
2019-10-29 07:00:00,7921.164523192701
2019-10-29 07:30:00,8016.765444633498
2019-10-29 08:00:00,8075.593810279697
2019-10-29 08:30:00,8180.458624200507
2019-10-29 09:00:00,8040.455965232395
2019-10-29 09:30:00,7941.678070930699
2019-10-29 10:00:00,7975.213231155681
2019-10-29 10:30:00,7981.530867144861
2019-10-29 11:00:00,7781.336910589422
2019-10-29 11:30:00,7772.996468573948
2019-10-29 12:00:00,7813.049069938964
2019-10-29 12:30:00,7838.50910938293
2019-10-29 13:00:00,7907.167561989726
2019-10-29 13:30:00,7899.808472427648
2019-10-29 14:00:00,7973.783259097885
2019-10-29 14:30:00,7892.5516783676685
2019-10-29 15:00:00,7955.601769358865
2019-10-29 15:30:00,7994.28922922856
2019-10-29 16:00:00,8061.679257947798
2019-10-29 16:30:00,8147.598671181489
2019-10-29 17:00:00,8327.043859823214
2019-10-29 17:30:00,8372.582667177197
2019-10-29 18:00:00,8397.387550147752
2019-10-29 18:30:00,8362.117850245779
2019-10-29 19:00:00,8446.310457636031
2019-10-29 19:30:00,8363.694692519633
2019-10-29 20:00:00,8174.046671094724
2019-10-29 20:30:00,7903.156973924431
2019-10-29 21:00:00,7738.517020410643
2019-10-29 21:30:00,7722.74809366106
2019-10-29 22:00:00,7574.4804566935145
2019-10-29 22:30:00,7645.803288615962
2019-10-29 23:00:00,7492.683307131054
2019-10-29 23:30:00,7455.429024879705
2019-10-30 00:00:00,7056.3734769837865
2019-10-30 00:30:00,6966.469725510119
2019-10-30 01:00:00,6734.4988114479675
2019-10-30 01:30:00,6556.206321787802
2019-10-30 02:00:00,6268.975806815444
2019-10-30 02:30:00,6185.417227136615
2019-10-30 03:00:00,6054.4932195440315
2019-10-30 03:30:00,6095.498668188194
2019-10-30 04:00:00,6152.185409959211
2019-10-30 04:30:00,6349.262170457145
2019-10-30 05:00:00,6593.739285907162
2019-10-30 05:30:00,6966.121293545786
2019-10-30 06:00:00,7369.034686298437
2019-10-30 06:30:00,7501.307415565418
2019-10-30 07:00:00,7736.466975823252
2019-10-30 07:30:00,7643.258173334129
2019-10-30 08:00:00,7712.691256360996
2019-10-30 08:30:00,7700.367532673044
2019-10-30 09:00:00,7662.039401502049
2019-10-30 09:30:00,7673.012529430285
2019-10-30 10:00:00,7445.458089825887
2019-10-30 10:30:00,7473.983587211829
2019-10-30 11:00:00,7394.898388196721
2019-10-30 11:30:00,7420.5138865108
2019-10-30 12:00:00,7478.702856476299
2019-10-30 12:30:00,7504.50561285846
2019-10-30 13:00:00,7557.578455037349
2019-10-30 13:30:00,7632.112257400976
2019-10-30 14:00:00,7734.666928009922
2019-10-30 14:30:00,7796.208145070818
2019-10-30 15:00:00,7922.763527442433
2019-10-30 15:30:00,7964.045906460952
2019-10-30 16:00:00,8203.206608002865
2019-10-30 16:30:00,8305.204644431586
2019-10-30 17:00:00,8517.746120190217
2019-10-30 17:30:00,8489.368241734832
2019-10-30 18:00:00,8493.734241397704
2019-10-30 18:30:00,8426.615794197169
2019-10-30 19:00:00,8477.174891983184
2019-10-30 19:30:00,8423.899489331247
2019-10-30 20:00:00,8172.732207903547
2019-10-30 20:30:00,8008.40271560563
2019-10-30 21:00:00,7696.343333497853
2019-10-30 21:30:00,7642.036917910213
2019-10-30 22:00:00,7412.628492278169
2019-10-30 22:30:00,7344.650346071478
2019-10-30 23:00:00,7241.335478313564
2019-10-30 23:30:00,7189.009158392828
2019-10-31 00:00:00,7111.081731981611
2019-10-31 00:30:00,6998.318717158284
2019-10-31 01:00:00,6805.499621705397
2019-10-31 01:30:00,6528.450151972135
2019-10-31 02:00:00,6322.092721151467
2019-10-31 02:30:00,6160.211692291684
2019-10-31 03:00:00,6080.519793949659
2019-10-31 03:30:00,6121.5252425938215
2019-10-31 04:00:00,6179.558717712435
2019-10-31 04:30:00,6369.858713239449
2019-10-31 05:00:00,6580.903130259106
2019-10-31 05:30:00,6993.42805631608
2019-10-31 06:00:00,7282.4713721938615
2019-10-31 06:30:00,7543.850559703272
2019-10-31 07:00:00,7778.154975474065
2019-10-31 07:30:00,7818.8084068719345
2019-10-31 08:00:00,7847.618840966038
2019-10-31 08:30:00,7923.6110757747265
2019-10-31 09:00:00,7800.438579954162
2019-10-31 09:30:00,7863.824087477234
2019-10-31 10:00:00,7732.962919576352
2019-10-31 10:30:00,7754.697942751225
2019-10-31 11:00:00,7722.245096090051
2019-10-31 11:30:00,7697.895376005548
2019-10-31 12:00:00,7716.491750480973
2019-10-31 12:30:00,7821.399210627304
2019-10-31 13:00:00,7891.963131190145
2019-10-31 13:30:00,7999.484144922865
2019-10-31 14:00:00,8048.6196747930135
2019-10-31 14:30:00,8214.997606122104
2019-10-31 15:00:00,8381.41683235839
2019-10-31 15:30:00,8459.39795332608
2019-10-31 16:00:00,8719.598693732258
2019-10-31 16:30:00,8736.722426241553
2019-10-31 17:00:00,9053.956278906035
2019-10-31 17:30:00,8905.265767082563
2019-10-31 18:00:00,8820.059148488115
2019-10-31 18:30:00,8799.40925133912
2019-10-31 19:00:00,8728.311036809751
2019-10-31 19:30:00,8517.237146043957
2019-10-31 20:00:00,8298.423681969145
2019-10-31 20:30:00,8125.270086715715
2019-10-31 21:00:00,7889.557465626031
2019-10-31 21:30:00,7740.357848000398
2019-10-31 22:00:00,7536.784855435399
2019-10-31 22:30:00,7533.858078022812
2019-10-31 23:00:00,7434.242818222026
2019-10-31 23:30:00,7265.360704434693
2019-11-01 00:00:00,7281.870338727192
2019-11-01 00:30:00,7075.114390223666
2019-11-01 01:00:00,6922.341023354024
2019-11-01 01:30:00,6631.696920831333
2019-11-01 02:00:00,6389.426166730259
2019-11-01 02:30:00,6320.578955553767
2019-11-01 03:00:00,6177.665771356487
2019-11-01 03:30:00,6177.665771356487
2019-11-01 04:00:00,6290.723117213912
2019-11-01 04:30:00,6463.570970257901
2019-11-01 05:00:00,6693.315410060008
2019-11-01 05:30:00,7133.4445326462
2019-11-01 06:00:00,7462.4641953887285
2019-11-01 06:30:00,7786.9852307209085
2019-11-01 07:00:00,7980.259611323675
2019-11-01 07:30:00,7983.646660012541
2019-11-01 08:00:00,8089.865745132933
2019-11-01 08:30:00,8085.531448741999
2019-11-01 09:00:00,8015.611629109356
2019-11-01 09:30:00,8047.037339427581
2019-11-01 10:00:00,8137.894366154157
2019-11-01 10:30:00,8613.1276548408
2019-11-01 11:00:00,8728.576341076954
2019-11-01 11:30:00,8790.413225425506
2019-11-01 12:00:00,8858.878956191047
2019-11-01 12:30:00,9002.683517996544
2019-11-01 13:00:00,9106.458364729475
2019-11-01 13:30:00,9194.496544243651
2019-11-01 14:00:00,9275.28284305
2019-11-01 14:30:00,9321.684389568713
2019-11-01 15:00:00,9558.700264347732
2019-11-01 15:30:00,9293.375855347524
2019-11-01 16:00:00,9256.805346245203
2019-11-01 16:30:00,9286.728921041935
2019-11-01 17:00:00,9179.69825657334
2019-11-01 17:30:00,8947.105662010346
2019-11-01 18:00:00,8869.04894703628
2019-11-01 18:30:00,8710.653759775883
2019-11-01 19:00:00,8655.478204621946
2019-11-01 19:30:00,8611.88516083751
2019-11-01 20:00:00,8498.721649738498
2019-11-01 20:30:00,8329.577068734374
2019-11-01 21:00:00,8221.357876766764
2019-11-01 21:30:00,8063.98408496434
2019-11-01 22:00:00,7905.774305343732
2019-11-01 22:30:00,7724.180315458773
2019-11-01 23:00:00,7570.701894509464
2019-11-01 23:30:00,7318.179563609548
2019-11-02 00:00:00,7273.088048863752
2019-11-02 00:30:00,7101.62473703482
2019-11-02 01:00:00,6823.486420907999
2019-11-02 01:30:00,6637.779383966073
2019-11-02 02:00:00,6356.6271759337
2019-11-02 02:30:00,6216.6096072779155
2019-11-02 03:00:00,6066.862198712154
2019-11-02 03:30:00,6179.690073678338
2019-11-02 04:00:00,6096.0418378612485
2019-11-02 04:30:00,6315.778301215415
2019-11-02 05:00:00,6232.366445056506
2019-11-02 05:30:00,6574.770522335237
2019-11-02 06:00:00,6563.806742202817
2019-11-02 06:30:00,6638.324919545133
2019-11-02 07:00:00,7199.489076426816
2019-11-02 07:30:00,7199.489076426816
2019-11-02 08:00:00,7368.672297497103
2019-11-02 08:30:00,7310.071767745009
2019-11-02 09:00:00,7393.132263197752
2019-11-02 09:30:00,7390.366035240631
2019-11-02 10:00:00,7390.656015888124
2019-11-02 10:30:00,7371.17926274278
2019-11-02 11:00:00,7374.415779192006
2019-11-02 11:30:00,7338.5985904779955
2019-11-02 12:00:00,7323.351242661969
2019-11-02 12:30:00,7346.072597878713
2019-11-02 13:00:00,7414.277057202375
2019-11-02 13:30:00,7485.367909796321
2019-11-02 14:00:00,7551.315676521427
2019-11-02 14:30:00,7717.752685535875
2019-11-02 15:00:00,7902.115873356445
2019-11-02 15:30:00,8055.324933062491
2019-11-02 16:00:00,8288.871396500783
2019-11-02 16:30:00,8363.469918072275
2019-11-02 17:00:00,8472.864131330862
2019-11-02 17:30:00,8360.438277227733
2019-11-02 18:00:00,8330.451523659254
2019-11-02 18:30:00,8226.263011624387
2019-11-02 19:00:00,8146.489443636486
2019-11-02 19:30:00,8080.778409901665
2019-11-02 20:00:00,7837.561186787531
2019-11-02 20:30:00,7694.878736301655
2019-11-02 21:00:00,7516.193897407509
2019-11-02 21:30:00,7502.767856681307
2019-11-02 22:00:00,7376.4923544120575
2019-11-02 22:30:00,7325.592381114739
2019-11-02 23:00:00,7299.43491083038
2019-11-02 23:30:00,7215.770381901253
2019-11-03 00:00:00,6863.276775426349
2019-11-03 00:30:00,6683.507855549281
2019-11-03 01:00:00,6489.141143706866
2019-11-03 01:30:00,6142.423328092663
2019-11-03 02:00:00,6019.227411037243
2019-11-03 02:30:00,5914.8473624158305
2019-11-03 03:00:00,5863.257066404843
2019-11-03 03:30:00,5860.834163565941
2019-11-03 04:00:00,5876.282275348484
2019-11-03 04:30:00,5914.919362645387
2019-11-03 05:00:00,5937.306984951293
2019-11-03 05:30:00,6058.074794831659
2019-11-03 06:00:00,6100.828727219688
2019-11-03 06:30:00,6328.071679528995
2019-11-03 07:00:00,6458.937557839467
2019-11-03 07:30:00,6641.585776959194
2019-11-03 08:00:00,6646.105308064657
2019-11-03 08:30:00,6711.3009762942565
2019-11-03 09:00:00,6732.557987018258
2019-11-03 09:30:00,6747.497200118472
2019-11-03 10:00:00,6806.830834932863
2019-11-03 10:30:00,6827.632545586287
2019-11-03 11:00:00,7066.768375323339
2019-11-03 11:30:00,7025.953565227697
2019-11-03 12:00:00,7054.1771131138
2019-11-03 12:30:00,7142.813397320941
2019-11-03 13:00:00,7226.095850151983
2019-11-03 13:30:00,7279.511764520252
2019-11-03 14:00:00,7362.225289158167
2019-11-03 14:30:00,7476.918512756421
2019-11-03 15:00:00,7709.129427895525
2019-11-03 15:30:00,7822.695028707146
2019-11-03 16:00:00,8085.702017885945
2019-11-03 16:30:00,8104.823603133728
2019-11-03 17:00:00,8342.82490112697
2019-11-03 17:30:00,8311.356355877791
2019-11-03 18:00:00,8411.501704843382
2019-11-03 18:30:00,8355.108810934049
2019-11-03 19:00:00,8504.02199890949
2019-11-03 19:30:00,8372.68996809769
2019-11-03 20:00:00,8113.297697147968
2019-11-03 20:30:00,7928.3456870113305
2019-11-03 21:00:00,7651.188753388839
2019-11-03 21:30:00,7557.797801186549
2019-11-03 22:00:00,7271.623362147521
2019-11-03 22:30:00,7205.347120600871
2019-11-03 23:00:00,6942.059068865617
2019-11-03 23:30:00,6854.134878809234
2019-11-04 00:00:00,6962.790468622209
2019-11-04 00:30:00,6767.411119081076
2019-11-04 01:00:00,6591.236944343019
2019-11-04 01:30:00,6398.607369281554
2019-11-04 02:00:00,6204.838032112608
2019-11-04 02:30:00,6034.074681295932
2019-11-04 03:00:00,6073.7896375620485
2019-11-04 03:30:00,6010.469745140184
2019-11-04 04:00:00,6141.302941209181
2019-11-04 04:30:00,6141.302941209181
2019-11-04 05:00:00,6722.180566217465
2019-11-04 05:30:00,6722.180566217465
2019-11-04 06:00:00,7603.858822939279
2019-11-04 06:30:00,7839.741153115192
2019-11-04 07:00:00,8150.144696330342
2019-11-04 07:30:00,8309.653035605055
2019-11-04 08:00:00,8072.232533839884
2019-11-04 08:30:00,8144.884368817861
2019-11-04 09:00:00,7991.615289412753
2019-11-04 09:30:00,8158.060793976779
2019-11-04 10:00:00,8203.249530295114
2019-11-04 10:30:00,8186.5786112542555
2019-11-04 11:00:00,8405.497701454238
2019-11-04 11:30:00,8642.106934803836
2019-11-04 12:00:00,8695.998963724262
2019-11-04 12:30:00,8754.180233582121
2019-11-04 13:00:00,8941.51717281277
2019-11-04 13:30:00,8848.587906817354
2019-11-04 14:00:00,8930.222957776276
2019-11-04 14:30:00,9208.452545613121
2019-11-04 15:00:00,9310.985437695674
2019-11-04 15:30:00,9293.857483039961
2019-11-04 16:00:00,9235.193325366112
2019-11-04 16:30:00,9240.449414479208
2019-11-04 17:00:00,9256.490259420529
2019-11-04 17:30:00,9318.029684679457
2019-11-04 18:00:00,9253.627911665635
2019-11-04 18:30:00,9220.633643909829
2019-11-04 19:00:00,9066.340994698534
2019-11-04 19:30:00,8902.097880402222
2019-11-04 20:00:00,8729.2844824857
2019-11-04 20:30:00,8554.368542828723
2019-11-04 21:00:00,8276.267187799085
2019-11-04 21:30:00,8087.911953124141
2019-11-04 22:00:00,7951.410824332814
2019-11-04 22:30:00,7797.449663141187
2019-11-04 23:00:00,7645.2367476383115
2019-11-04 23:30:00,7411.139911076541
2019-11-05 00:00:00,7265.382443909501
2019-11-05 00:30:00,7118.298420181306
2019-11-05 01:00:00,6907.8966600061085
2019-11-05 01:30:00,6555.2435868314915
2019-11-05 02:00:00,6313.702358991616
2019-11-05 02:30:00,6270.458862548801
2019-11-05 03:00:00,6129.419519307856
2019-11-05 03:30:00,6157.88721814907
2019-11-05 04:00:00,6244.137000756196
2019-11-05 04:30:00,6523.753521664302
2019-11-05 05:00:00,6827.255338580306
2019-11-05 05:30:00,7195.0139299609955
2019-11-05 06:00:00,7624.1912749874455
2019-11-05 06:30:00,7740.196519521419
2019-11-05 07:00:00,7948.342886176895
2019-11-05 07:30:00,7948.342886176895
2019-11-05 08:00:00,7981.523007875489
2019-11-05 08:30:00,7995.431678829929
2019-11-05 09:00:00,7937.587774746555
2019-11-05 09:30:00,7891.86818652876
2019-11-05 10:00:00,7825.762498320955
2019-11-05 10:30:00,7774.788592031907
2019-11-05 11:00:00,7839.755389841008
2019-11-05 11:30:00,7796.425107534366
2019-11-05 12:00:00,7812.587978211955
2019-11-05 12:30:00,7772.759614508764
2019-11-05 13:00:00,7793.795069673392
2019-11-05 13:30:00,7913.3126908146705
2019-11-05 14:00:00,7890.489366329057
2019-11-05 14:30:00,7911.2784730862995
2019-11-05 15:00:00,7941.0950766529195
2019-11-05 15:30:00,8103.6558692241615
2019-11-05 16:00:00,8186.344579206328
2019-11-05 16:30:00,8323.64858173012
2019-11-05 17:00:00,8487.676172925208
2019-11-05 17:30:00,8427.330901348076
2019-11-05 18:00:00,8429.783044705438
2019-11-05 18:30:00,8386.368443417676
2019-11-05 19:00:00,8460.784512367505
2019-11-05 19:30:00,8439.312886214471
2019-11-05 20:00:00,8181.594484465001
2019-11-05 20:30:00,8044.369991627775
2019-11-05 21:00:00,7818.106280533185
2019-11-05 21:30:00,7761.892170926109
2019-11-05 22:00:00,7672.815031112509
2019-11-05 22:30:00,7689.45446219092
2019-11-05 23:00:00,7497.199553656566
2019-11-05 23:30:00,7461.305053926107
2019-11-06 00:00:00,7202.472755655491
2019-11-06 00:30:00,7064.724394331902
2019-11-06 01:00:00,6847.986626737494
2019-11-06 01:30:00,6572.99028591982
2019-11-06 02:00:00,6380.903844606973
2019-11-06 02:30:00,6249.820865757979
2019-11-06 03:00:00,6149.092274717366
2019-11-06 03:30:00,6176.581426733183
2019-11-06 04:00:00,6268.995458274881
2019-11-06 04:30:00,6461.145202350862
2019-11-06 05:00:00,6771.893509843858
2019-11-06 05:30:00,7118.236451465886
2019-11-06 06:00:00,7376.6249143930045
2019-11-06 06:30:00,7647.067630505354
2019-11-06 07:00:00,7892.490568840336
2019-11-06 07:30:00,7775.870085094338
2019-11-06 08:00:00,7840.136940505022
2019-11-06 08:30:00,7858.0757739361925
2019-11-06 09:00:00,7793.360834839452
2019-11-06 09:30:00,7779.251068589377
2019-11-06 10:00:00,7625.95344694773
2019-11-06 10:30:00,7549.116408831832
2019-11-06 11:00:00,7429.575394371544
2019-11-06 11:30:00,7286.228084601831
2019-11-06 12:00:00,7215.314806881268
2019-11-06 12:30:00,7172.955663067506
2019-11-06 13:00:00,7249.610226595588
2019-11-06 13:30:00,7184.600970088358
2019-11-06 14:00:00,7206.874528518495
2019-11-06 14:30:00,7141.475223760096
2019-11-06 15:00:00,7277.802767806849
2019-11-06 15:30:00,7346.238983996155
2019-11-06 16:00:00,7446.817938663168
2019-11-06 16:30:00,7574.242522785321
2019-11-06 17:00:00,7913.614635574315
2019-11-06 17:30:00,8008.727164134912
2019-11-06 18:00:00,8168.283047743856
2019-11-06 18:30:00,8198.279382624543
2019-11-06 19:00:00,8328.968635663312
2019-11-06 19:30:00,8307.663500301918
2019-11-06 20:00:00,8107.776393784505
2019-11-06 20:30:00,7941.739903639616
2019-11-06 21:00:00,7656.431430587947
2019-11-06 21:30:00,7638.323852721038
2019-11-06 22:00:00,7571.769513904899
2019-11-06 22:30:00,7486.52341220617
2019-11-06 23:00:00,7373.727220823515
2019-11-06 23:30:00,7259.282831423388
2019-11-07 00:00:00,7228.273603314878
2019-11-07 00:30:00,7001.224263350668
2019-11-07 01:00:00,6813.785406038168
2019-11-07 01:30:00,6561.021761136398
2019-11-07 02:00:00,6282.271398865548
2019-11-07 02:30:00,6160.340765125142
2019-11-07 03:00:00,6068.316474214013
2019-11-07 03:30:00,6043.911841692381
2019-11-07 04:00:00,6171.42088295484
2019-11-07 04:30:00,6253.4851356414065
2019-11-07 05:00:00,6495.32996790374
2019-11-07 05:30:00,6912.981602137758
2019-11-07 06:00:00,7197.383551952194
2019-11-07 06:30:00,7390.635917985824
2019-11-07 07:00:00,7568.57039493431
2019-11-07 07:30:00,7556.451947276082
2019-11-07 08:00:00,7580.117567033597
2019-11-07 08:30:00,7551.584301444529
2019-11-07 09:00:00,7462.979873029823
2019-11-07 09:30:00,7366.027723174025
2019-11-07 10:00:00,7133.75730309356
2019-11-07 10:30:00,7086.5815450791915
2019-11-07 11:00:00,7055.08844543412
2019-11-07 11:30:00,7074.650888939822
2019-11-07 12:00:00,7291.246207123158
2019-11-07 12:30:00,7203.751112810296
2019-11-07 13:00:00,7301.275264595362
2019-11-07 13:30:00,7407.473087300972
2019-11-07 14:00:00,7419.618750780362
2019-11-07 14:30:00,7458.0876359494405
2019-11-07 15:00:00,7620.160351380023
2019-11-07 15:30:00,7862.893567830743
2019-11-07 16:00:00,8020.816171898827
2019-11-07 16:30:00,8199.798366404142
2019-11-07 17:00:00,8299.512133032118
2019-11-07 17:30:00,8461.220631179287
2019-11-07 18:00:00,8470.45375231879
2019-11-07 18:30:00,8452.795483261423
2019-11-07 19:00:00,8418.451527757903
2019-11-07 19:30:00,8395.09682450817
2019-11-07 20:00:00,8067.281246172092
2019-11-07 20:30:00,7891.898245478097
2019-11-07 21:00:00,7524.267968019078
2019-11-07 21:30:00,7413.513480904777
2019-11-07 22:00:00,7250.041588712315
2019-11-07 22:30:00,7297.66761753328
2019-11-07 23:00:00,7166.527724024564
2019-11-07 23:30:00,7097.739470874144
2019-11-08 00:00:00,7149.412320966091
2019-11-08 00:30:00,7066.719615729478
2019-11-08 01:00:00,6747.945841268701
2019-11-08 01:30:00,6597.495642956439
2019-11-08 02:00:00,6339.502642438246
2019-11-08 02:30:00,6233.79295949897
2019-11-08 03:00:00,6158.427858816883
2019-11-08 03:30:00,6147.015964673385
2019-11-08 04:00:00,6233.361434299631
2019-11-08 04:30:00,6439.63869116666
2019-11-08 05:00:00,6689.589048762891
2019-11-08 05:30:00,7121.5568407582305
2019-11-08 06:00:00,7408.097375649126
2019-11-08 06:30:00,7716.900427052707
2019-11-08 07:00:00,7961.62644298694
2019-11-08 07:30:00,8063.690977201436
2019-11-08 08:00:00,8059.280506462125
2019-11-08 08:30:00,8079.0860894052885
2019-11-08 09:00:00,7957.4394652424335
2019-11-08 09:30:00,8177.338749175397
2019-11-08 10:00:00,8239.32896376292
2019-11-08 10:30:00,8813.937072007944
2019-11-08 11:00:00,8121.557698976952
2019-11-08 11:30:00,8775.397754813124
2019-11-08 12:00:00,8872.26305177658
2019-11-08 12:30:00,8872.26305177658
2019-11-08 13:00:00,8914.473941211576
2019-11-08 13:30:00,8150.201710517823
2019-11-08 14:00:00,8170.212591146043
2019-11-08 14:30:00,8283.11691588443
2019-11-08 15:00:00,8540.872100990731
2019-11-08 15:30:00,8689.793679819772
2019-11-08 16:00:00,9752.231729514546
2019-11-08 16:30:00,9901.425852016719
2019-11-08 17:00:00,9816.813783312371
2019-11-08 17:30:00,9223.846487764025
2019-11-08 18:00:00,9249.557111269165
2019-11-08 18:30:00,8796.838226889711
2019-11-08 19:00:00,8671.17124180646
2019-11-08 19:30:00,8725.54249997613
2019-11-08 20:00:00,8439.115154685667
2019-11-08 20:30:00,8250.465096484642
2019-11-08 21:00:00,8005.531797395678
2019-11-08 21:30:00,7888.595900493211
2019-11-08 22:00:00,7649.889287428375
2019-11-08 22:30:00,7566.95160521883
2019-11-08 23:00:00,7457.870138021318
2019-11-08 23:30:00,7274.369702557288
2019-11-09 00:00:00,7155.345295711548
2019-11-09 00:30:00,6916.878079094671
2019-11-09 01:00:00,6713.671960053759
2019-11-09 01:30:00,6496.463972670156
2019-11-09 02:00:00,6289.763054031601
2019-11-09 02:30:00,6192.676328725599
2019-11-09 03:00:00,6044.677377159696
2019-11-09 03:30:00,6044.677377159696
2019-11-09 04:00:00,6043.617179062384
2019-11-09 04:30:00,6199.8762659388
2019-11-09 05:00:00,6108.94783267844
2019-11-09 05:30:00,6360.117578013744
2019-11-09 06:00:00,6522.966116556509
2019-11-09 06:30:00,6550.731976374389
2019-11-09 07:00:00,7111.213904246385
2019-11-09 07:30:00,7103.550218004355
2019-11-09 08:00:00,7305.484298089655
2019-11-09 08:30:00,7286.969610664636
2019-11-09 09:00:00,7316.4181040261465
2019-11-09 09:30:00,7310.146741367998
2019-11-09 10:00:00,7253.608143235501
2019-11-09 10:30:00,7249.833386497952
2019-11-09 11:00:00,7155.2636035702835
2019-11-09 11:30:00,7156.2256692906085
2019-11-09 12:00:00,7142.064101933837
2019-11-09 12:30:00,7178.745768733253
2019-11-09 13:00:00,7117.4860344999315
2019-11-09 13:30:00,7170.672183349675
2019-11-09 14:00:00,7089.91528270099
2019-11-09 14:30:00,7053.398681342386
2019-11-09 15:00:00,7409.033577282901
2019-11-09 15:30:00,7464.667974711608
2019-11-09 16:00:00,7675.930814781567
2019-11-09 16:30:00,7891.069009480789
2019-11-09 17:00:00,7891.7924817849325
2019-11-09 17:30:00,7947.376048856034
2019-11-09 18:00:00,7935.911424196805
2019-11-09 18:30:00,7916.477205092831
2019-11-09 19:00:00,7908.185762801167
2019-11-09 19:30:00,7884.407590258767
2019-11-09 20:00:00,7546.132377139036
2019-11-09 20:30:00,7451.392395031396
2019-11-09 21:00:00,7283.859008989202
2019-11-09 21:30:00,7283.859008989202
2019-11-09 22:00:00,7224.639853686051
2019-11-09 22:30:00,7166.98740633574
2019-11-09 23:00:00,7059.018810408549
2019-11-09 23:30:00,6930.230431916882
2019-11-10 00:00:00,6640.300585441027
2019-11-10 00:30:00,6476.004223988198
2019-11-10 01:00:00,6295.533087656393
2019-11-10 01:30:00,6013.473363718504
2019-11-10 02:00:00,5925.331430772231
2019-11-10 02:30:00,5824.789116289996
2019-11-10 03:00:00,5756.264984767081
2019-11-10 03:30:00,5776.186207171012
2019-11-10 04:00:00,5790.116419145419
2019-11-10 04:30:00,5875.382470191099
2019-11-10 05:00:00,5900.9734617299
2019-11-10 05:30:00,6026.637961559991
2019-11-10 06:00:00,6057.280303092983
2019-11-10 06:30:00,6157.024123129724
2019-11-10 07:00:00,6303.416215771799
2019-11-10 07:30:00,6310.1392335928995
2019-11-10 08:00:00,6641.928072456355
2019-11-10 08:30:00,6586.684742157046
2019-11-10 09:00:00,6468.82636158804
2019-11-10 09:30:00,6370.026475366013
2019-11-10 10:00:00,6188.390659023223
2019-11-10 10:30:00,6171.563741152327
2019-11-10 11:00:00,6313.757338964012
2019-11-10 11:30:00,6146.678773495627
2019-11-10 12:00:00,6185.896235722011
2019-11-10 12:30:00,6144.284224517037
2019-11-10 13:00:00,6082.497524174612
2019-11-10 13:30:00,6082.497524174612
2019-11-10 14:00:00,6108.389938365732
2019-11-10 14:30:00,6138.322083209308
2019-11-10 15:00:00,6303.475024434772
2019-11-10 15:30:00,6487.589659434103
2019-11-10 16:00:00,6727.770944989184
2019-11-10 16:30:00,6874.420998788126
2019-11-10 17:00:00,7108.370320797207
2019-11-10 17:30:00,7270.115522374867
2019-11-10 18:00:00,7440.2625178111375
2019-11-10 18:30:00,7585.550250104126
2019-11-10 19:00:00,7684.9423144287175
2019-11-10 19:30:00,7607.267111087456
2019-11-10 20:00:00,7512.379797704952
2019-11-10 20:30:00,7310.464900817266
2019-11-10 21:00:00,7128.773477045141
2019-11-10 21:30:00,7084.873925526575
2019-11-10 22:00:00,6883.6760651525965
2019-11-10 22:30:00,6883.6760651525965
2019-11-10 23:00:00,6730.6164776927035
2019-11-10 23:30:00,6646.175724656754
2019-11-11 00:00:00,6663.81264777877
2019-11-11 00:30:00,6577.731589256343
2019-11-11 01:00:00,6388.318016021113
2019-11-11 01:30:00,6103.546310369813
2019-11-11 02:00:00,5993.490009700129
2019-11-11 02:30:00,5912.928117968761
2019-11-11 03:00:00,5877.9875440927635
2019-11-11 03:30:00,5870.763018387789
2019-11-11 04:00:00,5982.392153571016
2019-11-11 04:30:00,6090.4371250635095
2019-11-11 05:00:00,6637.2828076116075
2019-11-11 05:30:00,6688.670714161816
2019-11-11 06:00:00,7390.164619316511
2019-11-11 06:30:00,7561.086222194734
2019-11-11 07:00:00,7539.067209512538
2019-11-11 07:30:00,7775.945573324626
2019-11-11 08:00:00,7387.9350579340435
2019-11-11 08:30:00,7384.247730582614
2019-11-11 09:00:00,7103.009744461129
2019-11-11 09:30:00,7055.103608347735
2019-11-11 10:00:00,7112.2097387294
2019-11-11 10:30:00,6967.894751318886
2019-11-11 11:00:00,6968.235279392751
2019-11-11 11:30:00,6910.926834484285
2019-11-11 12:00:00,6959.7948036962025
2019-11-11 12:30:00,6919.823293320342
2019-11-11 13:00:00,6994.793775094907
2019-11-11 13:30:00,7003.43744637987
2019-11-11 14:00:00,7085.151678763448
2019-11-11 14:30:00,7142.4601236719145
2019-11-11 15:00:00,7343.900119100733
2019-11-11 15:30:00,7435.067949998401
2019-11-11 16:00:00,7639.716950294518
2019-11-11 16:30:00,8086.538447528738
2019-11-11 17:00:00,8339.25722643578
2019-11-11 17:30:00,8620.075284369806
2019-11-11 18:00:00,8519.891631008593
2019-11-11 18:30:00,8549.169131805867
2019-11-11 19:00:00,8484.97800544023
2019-11-11 19:30:00,8501.501383558425
2019-11-11 20:00:00,8417.887131297244
2019-11-11 20:30:00,8253.288703118973
2019-11-11 21:00:00,8104.753535386592
2019-11-11 21:30:00,7820.980672267813
2019-11-11 22:00:00,7651.13649484152
2019-11-11 22:30:00,7610.212840923367
2019-11-11 23:00:00,7501.587440954483
2019-11-11 23:30:00,7237.169213329311
2019-11-12 00:00:00,7224.571803191684
2019-11-12 00:30:00,7096.918042225005
2019-11-12 01:00:00,6902.4759796739145
2019-11-12 01:30:00,6618.140961638603
2019-11-12 02:00:00,6341.56367945225
2019-11-12 02:30:00,6288.691348089404
2019-11-12 03:00:00,6135.701722463656
2019-11-12 03:30:00,6135.701722463656
2019-11-12 04:00:00,6208.609435468196
2019-11-12 04:30:00,6557.721454857577
2019-11-12 05:00:00,6737.972557243161
2019-11-12 05:30:00,7205.426604689305
2019-11-12 06:00:00,7597.034069043957
2019-11-12 06:30:00,7749.695965184164
2019-11-12 07:00:00,7955.713897802962
2019-11-12 07:30:00,7955.713897802962
2019-11-12 08:00:00,8005.383747401104
2019-11-12 08:30:00,7981.549269586513
2019-11-12 09:00:00,7973.377672122375
2019-11-12 09:30:00,7987.80722573088
2019-11-12 10:00:00,7939.97687711064
2019-11-12 10:30:00,7872.268376704748
2019-11-12 11:00:00,7682.70829424822
2019-11-12 11:30:00,7710.545829361111
2019-11-12 12:00:00,7770.9726616947855
2019-11-12 12:30:00,7818.565834053294
2019-11-12 13:00:00,7878.420833417281
2019-11-12 13:30:00,7981.485151552169
2019-11-12 14:00:00,8047.305743508786
2019-11-12 14:30:00,8066.745456924135
2019-11-12 15:00:00,8096.775978249159
2019-11-12 15:30:00,8193.470924296398
2019-11-12 16:00:00,8347.45186589547
2019-11-12 16:30:00,8518.72461507922
2019-11-12 17:00:00,8694.167949674998
2019-11-12 17:30:00,8733.89265523419
2019-11-12 18:00:00,8809.091130814346
2019-11-12 18:30:00,8616.850763665396
2019-11-12 19:00:00,8581.364372359092
2019-11-12 19:30:00,8516.912417699805
2019-11-12 20:00:00,8302.076233145404
2019-11-12 20:30:00,8133.522300624616
2019-11-12 21:00:00,7859.252804324414
2019-11-12 21:30:00,7830.618762523223
2019-11-12 22:00:00,7718.635420484855
2019-11-12 22:30:00,7700.685016740308
2019-11-12 23:00:00,7502.451577717336
2019-11-12 23:30:00,7434.963818024104
2019-11-13 00:00:00,7170.962136611439
2019-11-13 00:30:00,6988.331063692111
2019-11-13 01:00:00,6818.757634448331
2019-11-13 01:30:00,6472.585865812892
2019-11-13 02:00:00,6278.189461779749
2019-11-13 02:30:00,6141.802229553138
2019-11-13 03:00:00,6076.209566373333
2019-11-13 03:30:00,6076.209566373333
2019-11-13 04:00:00,6140.036907425864
2019-11-13 04:30:00,6343.665275310695
2019-11-13 05:00:00,6440.952482604221
2019-11-13 05:30:00,6846.795136266254
2019-11-13 06:00:00,7187.926094217478
2019-11-13 06:30:00,7276.377981975644
2019-11-13 07:00:00,7593.498792837136
2019-11-13 07:30:00,7670.150959601682
2019-11-13 08:00:00,7774.336487678577
2019-11-13 08:30:00,7648.018803361909
2019-11-13 09:00:00,7599.671033396682
2019-11-13 09:30:00,7624.031922525993
2019-11-13 10:00:00,7643.973063139884
2019-11-13 10:30:00,7791.832140972097
2019-11-13 11:00:00,8020.866762251675
2019-11-13 11:30:00,8054.658126478191
2019-11-13 12:00:00,8155.540304417391
2019-11-13 12:30:00,8220.017342114937
2019-11-13 13:00:00,8339.80187736506
2019-11-13 13:30:00,8382.585671561998
2019-11-13 14:00:00,8514.943687352163
2019-11-13 14:30:00,8694.846796178284
2019-11-13 15:00:00,8933.647301716794
2019-11-13 15:30:00,9145.031590775108
2019-11-13 16:00:00,9488.146874002938
2019-11-13 16:30:00,9712.556030486287
2019-11-13 17:00:00,9524.763254778672
2019-11-13 17:30:00,9501.310445564524
2019-11-13 18:00:00,9087.574084596308
2019-11-13 18:30:00,9645.931416126516
2019-11-13 19:00:00,9508.76734153562
2019-11-13 19:30:00,9219.11259786239
2019-11-13 20:00:00,8914.918274192783
2019-11-13 20:30:00,8455.442698780207
2019-11-13 21:00:00,8038.929416156448
2019-11-13 21:30:00,7775.20658575984
2019-11-13 22:00:00,7520.055320161273
2019-11-13 22:30:00,7433.913212205819
2019-11-13 23:00:00,7226.923242550928
2019-11-13 23:30:00,7170.94405850855
2019-11-14 00:00:00,7080.438216280272
2019-11-14 00:30:00,6887.922995757676
2019-11-14 01:00:00,6690.646175348238
2019-11-14 01:30:00,6458.771617463828
2019-11-14 02:00:00,6262.737081723276
2019-11-14 02:30:00,6119.125323791691
2019-11-14 03:00:00,6016.116824814311
2019-11-14 03:30:00,6040.5214573359435
2019-11-14 04:00:00,6107.411681618769
2019-11-14 04:30:00,6311.040049503599
2019-11-14 05:00:00,6496.61847539723
2019-11-14 05:30:00,6902.359431010311
2019-11-14 06:00:00,7199.675017345711
2019-11-14 06:30:00,7384.587176621463
2019-11-14 07:00:00,7616.361869079206
2019-11-14 07:30:00,7545.348807819327
2019-11-14 08:00:00,7630.926923818582
2019-11-14 08:30:00,7639.747364657308
2019-11-14 09:00:00,7463.704830711586
2019-11-14 09:30:00,7497.513883627788
2019-11-14 10:00:00,7211.446395466614
2019-11-14 10:30:00,7182.4142585464715
2019-11-14 11:00:00,7130.616854384559
2019-11-14 11:30:00,7030.486617343886
2019-11-14 12:00:00,7120.980578135352
2019-11-14 12:30:00,7146.136052937072
2019-11-14 13:00:00,7110.68608583468
2019-11-14 13:30:00,7266.966602653568
2019-11-14 14:00:00,7345.408160740991
2019-11-14 14:30:00,7317.87459544367
2019-11-14 15:00:00,7346.116065246228
2019-11-14 15:30:00,7518.307738705427
2019-11-14 16:00:00,7607.141699338312
2019-11-14 16:30:00,7845.566881865195
2019-11-14 17:00:00,8124.019174831833
2019-11-14 17:30:00,8143.557555369447
2019-11-14 18:00:00,8256.329646587867
2019-11-14 18:30:00,8193.655051193125
2019-11-14 19:00:00,8250.999790346777
2019-11-14 19:30:00,8280.426645368078
2019-11-14 20:00:00,8054.226910291568
2019-11-14 20:30:00,7859.305529059959
2019-11-14 21:00:00,7570.145857376528
2019-11-14 21:30:00,7459.829444063619
2019-11-14 22:00:00,7346.284476169699
2019-11-14 22:30:00,7305.2866087811135
2019-11-14 23:00:00,7205.442367577916
2019-11-14 23:30:00,7162.448511867293
2019-11-15 00:00:00,7159.913262818027
2019-11-15 00:30:00,7033.324921874477
2019-11-15 01:00:00,6790.784611086834
2019-11-15 01:30:00,6516.094184243172
2019-11-15 02:00:00,6279.200746222113
2019-11-15 02:30:00,6215.497409748295
2019-11-15 03:00:00,6165.618043234306
2019-11-15 03:30:00,6165.618043234306
2019-11-15 04:00:00,6301.8196269666805
2019-11-15 04:30:00,6514.067690309282
2019-11-15 05:00:00,6726.860085038869
2019-11-15 05:30:00,7131.813180101231
2019-11-15 06:00:00,7467.58931301717
2019-11-15 06:30:00,7726.352480337179
2019-11-15 07:00:00,7870.414039485639
2019-11-15 07:30:00,7810.633340638052
2019-11-15 08:00:00,7827.626912343654
2019-11-15 08:30:00,7823.340690037982
2019-11-15 09:00:00,7684.812456959706
2019-11-15 09:30:00,7714.322413047517
2019-11-15 10:00:00,7518.862211656316
2019-11-15 10:30:00,7445.195774726988
2019-11-15 11:00:00,7430.118112667637
2019-11-15 11:30:00,7404.947056689321
2019-11-15 12:00:00,7490.11221008561
2019-11-15 12:30:00,7475.278735808976
2019-11-15 13:00:00,7586.611260649461
2019-11-15 13:30:00,7587.4183158377045
2019-11-15 14:00:00,7688.33413597197
2019-11-15 14:30:00,7734.017672663495
2019-11-15 15:00:00,7886.546915710526
2019-11-15 15:30:00,7934.190855411777
2019-11-15 16:00:00,8097.515631407429
2019-11-15 16:30:00,8288.93241743948
2019-11-15 17:00:00,8361.726780970434
2019-11-15 17:30:00,8335.801094632003
2019-11-15 18:00:00,8315.780039566618
2019-11-15 18:30:00,8204.06810902198
2019-11-15 19:00:00,8311.147390211732
2019-11-15 19:30:00,8306.28690369449
2019-11-15 20:00:00,8219.226142490197
2019-11-15 20:30:00,8088.39258041756
2019-11-15 21:00:00,7880.9510878725705
2019-11-15 21:30:00,7746.391770695402
2019-11-15 22:00:00,7549.935663295034
2019-11-15 22:30:00,7480.432986417991
2019-11-15 23:00:00,7401.025832394331
2019-11-15 23:30:00,7254.375564737404
2019-11-16 00:00:00,7043.837217186774
2019-11-16 00:30:00,6869.42060525916
2019-11-16 01:00:00,6597.7906816636905
2019-11-16 01:30:00,6439.622017719849
2019-11-16 02:00:00,6190.146512874918
2019-11-16 02:30:00,6063.418179594444
2019-11-16 03:00:00,5909.148792725743
2019-11-16 03:30:00,5974.7739265222535
2019-11-16 04:00:00,5945.730116412641
2019-11-16 04:30:00,6128.832258443903
2019-11-16 05:00:00,6096.522171359982
2019-11-16 05:30:00,6296.032469888219
2019-11-16 06:00:00,6445.817231973193
2019-11-16 06:30:00,6488.4815396289505
2019-11-16 07:00:00,7023.768067820748
2019-11-16 07:30:00,7024.284042686813
2019-11-16 08:00:00,7157.357232101834
2019-11-16 08:30:00,7164.422210624071
2019-11-16 09:00:00,7213.34517661916
2019-11-16 09:30:00,7115.839051992234
2019-11-16 10:00:00,7158.426967991242
2019-11-16 10:30:00,7091.456560318932
2019-11-16 11:00:00,7024.6594258555115
2019-11-16 11:30:00,6908.209384289244
2019-11-16 12:00:00,6908.476388421899
2019-11-16 12:30:00,6911.99269634753
2019-11-16 13:00:00,6992.390252417896
2019-11-16 13:30:00,6920.299133621379
2019-11-16 14:00:00,6950.596111531092
2019-11-16 14:30:00,7048.053780331452
2019-11-16 15:00:00,7277.749066564023
2019-11-16 15:30:00,7105.9799050600295
2019-11-16 16:00:00,7169.284381630616
2019-11-16 16:30:00,7420.930517928791
2019-11-16 17:00:00,7316.31620997778
2019-11-16 17:30:00,7456.903275171655
2019-11-16 18:00:00,7357.87335851556
2019-11-16 18:30:00,7272.491724464413
2019-11-16 19:00:00,7259.75886141506
2019-11-16 19:30:00,7338.035592792257
2019-11-16 20:00:00,7162.310506827565
2019-11-16 20:30:00,7133.468426051033
2019-11-16 21:00:00,6884.172627823624
2019-11-16 21:30:00,7432.707185286028
2019-11-16 22:00:00,7301.227352132577
2019-11-16 22:30:00,7276.741500549971
2019-11-16 23:00:00,7127.016983286454
2019-11-16 23:30:00,7085.258569792664
2019-11-17 00:00:00,6684.826570306081
2019-11-17 00:30:00,6493.458678225363
2019-11-17 01:00:00,6313.2708436104895
2019-11-17 01:30:00,6016.111535597112
2019-11-17 02:00:00,5914.8473624158305
2019-11-17 02:30:00,5849.4878758809755
2019-11-17 03:00:00,5780.350675276926
2019-11-17 03:30:00,5780.350675276926
2019-11-17 04:00:00,5779.6273352100525
2019-11-17 04:30:00,5849.762454349803
2019-11-17 05:00:00,5876.649618431637
2019-11-17 05:30:00,5986.385928266668
2019-11-17 06:00:00,5995.145695057106
2019-11-17 06:30:00,6109.960230366145
2019-11-17 07:00:00,6245.278952698567
2019-11-17 07:30:00,6317.518776582964
2019-11-17 08:00:00,6497.880855878281
2019-11-17 08:30:00,6604.117315729407
2019-11-17 09:00:00,6792.958824987553
2019-11-17 09:30:00,6741.819703331671
2019-11-17 10:00:00,6611.628120945968
2019-11-17 10:30:00,6503.491967999748
2019-11-17 11:00:00,6637.24756614809
2019-11-17 11:30:00,6485.477591822136
2019-11-17 12:00:00,6427.809867401346
2019-11-17 12:30:00,6442.744010543624
2019-11-17 13:00:00,6426.941944222088
2019-11-17 13:30:00,6478.176279983327
2019-11-17 14:00:00,6404.816468566121
2019-11-17 14:30:00,6483.659091698512
2019-11-17 15:00:00,6772.9836080393
2019-11-17 15:30:00,6841.217064183123
2019-11-17 16:00:00,7061.807003211565
2019-11-17 16:30:00,7199.598087651129
2019-11-17 17:00:00,7432.461384781382
2019-11-17 17:30:00,7425.149703183038
2019-11-17 18:00:00,7654.738203816521
2019-11-17 18:30:00,7699.502030474673
2019-11-17 19:00:00,7876.561047826036
2019-11-17 19:30:00,7876.561047826036
2019-11-17 20:00:00,7696.09951094
2019-11-17 20:30:00,7564.093650501545
2019-11-17 21:00:00,7425.881658515132
2019-11-17 21:30:00,7293.4940562374195
2019-11-17 22:00:00,7054.615631430512
2019-11-17 22:30:00,7077.29642666476
2019-11-17 23:00:00,6914.578740245674
2019-11-17 23:30:00,6724.2840556630335
2019-11-18 00:00:00,6784.721261110712
2019-11-18 00:30:00,6608.139991822751
2019-11-18 01:00:00,6492.021164478824
2019-11-18 01:30:00,6182.856281741476
2019-11-18 02:00:00,6051.5220443204125
2019-11-18 02:30:00,5894.9849611393065
2019-11-18 03:00:00,5860.334148506445
2019-11-18 03:30:00,5860.334148506445
2019-11-18 04:00:00,6007.021556656774
2019-11-18 04:30:00,6036.692367407167
2019-11-18 05:00:00,6633.681128321504
2019-11-18 05:30:00,6771.647166541649
2019-11-18 06:00:00,7473.423142077881
2019-11-18 06:30:00,7587.675680566467
2019-11-18 07:00:00,7901.5192351610185
2019-11-18 07:30:00,8105.981694629556
2019-11-18 08:00:00,7889.354482446342
2019-11-18 08:30:00,8015.689159215209
2019-11-18 09:00:00,7552.528896937529
2019-11-18 09:30:00,7528.193817588165
2019-11-18 10:00:00,7329.364542002813
2019-11-18 10:30:00,7210.770349790258
2019-11-18 11:00:00,7076.843372087082
2019-11-18 11:30:00,7060.289167584744
2019-11-18 12:00:00,7136.482549553867
2019-11-18 12:30:00,7023.263693942501
2019-11-18 13:00:00,7235.151135235741
2019-11-18 13:30:00,7235.151135235741
2019-11-18 14:00:00,7422.764710717433
2019-11-18 14:30:00,7470.093132467791
2019-11-18 15:00:00,7684.659874282754
2019-11-18 15:30:00,7937.616090881511
2019-11-18 16:00:00,8094.844898513871
2019-11-18 16:30:00,8211.064431307901
2019-11-18 17:00:00,8379.639669874114
2019-11-18 17:30:00,8501.687056589433
2019-11-18 18:00:00,8363.082947615645
2019-11-18 18:30:00,8403.670244691195
2019-11-18 19:00:00,8381.527673210478
2019-11-18 19:30:00,8368.981996458608
2019-11-18 20:00:00,8180.6389040539525
2019-11-18 20:30:00,8126.09520782556
2019-11-18 21:00:00,7881.261593124382
2019-11-18 21:30:00,7731.117505360689
2019-11-18 22:00:00,7643.3079664669995
2019-11-18 22:30:00,7579.893873919244
2019-11-18 23:00:00,7455.038785875097
2019-11-18 23:30:00,7317.393732131424
2019-11-19 00:00:00,7178.9890865029565
2019-11-19 00:30:00,7079.198691961251
2019-11-19 01:00:00,6889.5069401360915
2019-11-19 01:30:00,6594.719363438647
2019-11-19 02:00:00,6353.178135598771
2019-11-19 02:30:00,6330.163703367546
2019-11-19 03:00:00,6262.773075922019
2019-11-19 03:30:00,6284.06268394396
2019-11-19 04:00:00,6348.838407705685
2019-11-19 04:30:00,6600.651247106688
2019-11-19 05:00:00,6794.848208207454
2019-11-19 05:30:00,7137.682152818348
2019-11-19 06:00:00,7560.807797704368
2019-11-19 06:30:00,7748.025218000091
2019-11-19 07:00:00,7954.043150618888
2019-11-19 07:30:00,7973.128961621944
2019-11-19 08:00:00,8003.713000217031
2019-11-19 08:30:00,8025.030694902347
2019-11-19 09:00:00,7895.065737848971
2019-11-19 09:30:00,7917.670162210699
2019-11-19 10:00:00,7944.808155060306
2019-11-19 10:30:00,7958.4409931606715
2019-11-19 11:00:00,7825.5751470241685
2019-11-19 11:30:00,7801.308179660365
2019-11-19 12:00:00,7834.996036751108
2019-11-19 12:30:00,7828.330812585685
2019-11-19 13:00:00,7939.697514327057
2019-11-19 13:30:00,8030.00090397475
2019-11-19 14:00:00,8047.779925998012
2019-11-19 14:30:00,8036.743782475763
2019-11-19 15:00:00,8091.516378075631
2019-11-19 15:30:00,8229.794622678006
2019-11-19 16:00:00,8428.841504636937
2019-11-19 16:30:00,8538.52549404818
2019-11-19 17:00:00,8813.368668119565
2019-11-19 17:30:00,8800.618391048296
2019-11-19 18:00:00,8870.053433207893
2019-11-19 18:30:00,8667.291773313314
2019-11-19 19:00:00,8624.79597477234
2019-11-19 19:30:00,8518.642224222545
2019-11-19 20:00:00,8321.710621322723
2019-11-19 20:30:00,8189.660936870182
2019-11-19 21:00:00,7949.5575220602095
2019-11-19 21:30:00,7848.134586158006
2019-11-19 22:00:00,7788.829429261369
2019-11-19 22:30:00,7724.198101679254
2019-11-19 23:00:00,7611.9320261589
2019-11-19 23:30:00,7472.464964816764
2019-11-20 00:00:00,7322.393375639655
2019-11-20 00:30:00,7158.487985236941
2019-11-20 01:00:00,6941.750217642533
2019-11-20 01:30:00,6655.167425071802
2019-11-20 02:00:00,6456.156401092362
2019-11-20 02:30:00,6351.919411935351
2019-11-20 03:00:00,6269.767826895731
2019-11-20 03:30:00,6269.767826895731
2019-11-20 04:00:00,6323.133148711209
2019-11-20 04:30:00,6526.469066038986
2019-11-20 05:00:00,6659.413393190409
2019-11-20 05:30:00,7074.723157702246
2019-11-20 06:00:00,7454.767367480076
2019-11-20 06:30:00,7577.274237975087
2019-11-20 07:00:00,7895.860163367059
2019-11-20 07:30:00,7903.78603778447
2019-11-20 08:00:00,8071.8879337701865
2019-11-20 08:30:00,7929.767652938011
2019-11-20 09:00:00,7917.015943212426
2019-11-20 09:30:00,7863.3429495018145
2019-11-20 10:00:00,7931.679083562406
2019-11-20 10:30:00,7960.280286141208
2019-11-20 11:00:00,8252.581168461275
2019-11-20 11:30:00,8249.660152214532
2019-11-20 12:00:00,8355.210822295685
2019-11-20 12:30:00,8479.78067865338
2019-11-20 13:00:00,8758.479577040798
2019-11-20 13:30:00,8860.962780679456
2019-11-20 14:00:00,9179.189905749598
2019-11-20 14:30:00,9378.081073126454
2019-11-20 15:00:00,9614.865743246155
2019-11-20 15:30:00,9783.689755343026
2019-11-20 16:00:00,9818.571628393609
2019-11-20 16:30:00,10020.452870309351
2019-11-20 17:00:00,9919.743082240468
2019-11-20 17:30:00,9772.11351974916
2019-11-20 18:00:00,9864.718318865343
2019-11-20 18:30:00,9695.336540425584
2019-11-20 19:00:00,9464.89584748228
2019-11-20 19:30:00,9269.086349502659
2019-11-20 20:00:00,9012.828191097049
2019-11-20 20:30:00,8682.948276211891
2019-11-20 21:00:00,8255.955146729351
2019-11-20 21:30:00,8138.057676844177
2019-11-20 22:00:00,7940.078189670114
2019-11-20 22:30:00,7822.15369041922
2019-11-20 23:00:00,7711.265673878097
2019-11-20 23:30:00,7505.001972312605
2019-11-21 00:00:00,7578.276210043217
2019-11-21 00:30:00,7262.443980032734
2019-11-21 01:00:00,7016.789025710433
2019-11-21 01:30:00,6768.840639655866
2019-11-21 02:00:00,6557.411784589116
2019-11-21 02:30:00,6387.1474004838055
2019-11-21 03:00:00,6336.814929595971
2019-11-21 03:30:00,6336.814929595971
2019-11-21 04:00:00,6362.281872767811
2019-11-21 04:30:00,6576.983363791933
2019-11-21 05:00:00,6847.626171613416
2019-11-21 05:30:00,7257.183904962107
2019-11-21 06:00:00,7885.266393643652
2019-11-21 06:30:00,8111.9692527478255
2019-11-21 07:00:00,8234.229821376523
2019-11-21 07:30:00,8250.375402006355
2019-11-21 08:00:00,8313.545207005318
2019-11-21 08:30:00,8313.545207005318
2019-11-21 09:00:00,8235.004391182927
2019-11-21 09:30:00,8235.004391182927
2019-11-21 10:00:00,8259.759610852036
2019-11-21 10:30:00,8226.21071740053
2019-11-21 11:00:00,8133.077433246826
2019-11-21 11:30:00,8115.138599815656
2019-11-21 12:00:00,8022.001307164348
2019-11-21 12:30:00,8004.905183082555
2019-11-21 13:00:00,8073.763896121255
2019-11-21 13:30:00,8175.889346289895
2019-11-21 14:00:00,8295.995502090667
2019-11-21 14:30:00,8396.49279659116
2019-11-21 15:00:00,8667.384412584375
2019-11-21 15:30:00,9063.704971182686
2019-11-21 16:00:00,9259.99020608636
2019-11-21 16:30:00,9422.390137105725
2019-11-21 17:00:00,9714.465757733531
2019-11-21 17:30:00,9620.721239976585
2019-11-21 18:00:00,9612.12892183742
2019-11-21 18:30:00,9383.221631053822
2019-11-21 19:00:00,9303.217633540688
2019-11-21 19:30:00,9303.217633540688
2019-11-21 20:00:00,9022.723677304637
2019-11-21 20:30:00,8670.949301710596
2019-11-21 21:00:00,8366.201027913703
2019-11-21 21:30:00,8238.840433417688
2019-11-21 22:00:00,8080.586895903746
2019-11-21 22:30:00,8014.829027891576
2019-11-21 23:00:00,7912.029991122591
2019-11-21 23:30:00,7694.655115729202
2019-11-22 00:00:00,7352.429727452987
2019-11-22 00:30:00,7262.738822128363
2019-11-22 01:00:00,7044.048136238368
2019-11-22 01:30:00,6781.20396097591
2019-11-22 02:00:00,6577.537643750611
2019-11-22 02:30:00,6452.393332140295
2019-11-22 03:00:00,6433.555333044678
2019-11-22 03:30:00,6433.555333044678
2019-11-22 04:00:00,6476.3409005069825
2019-11-22 04:30:00,6639.221745895191
2019-11-22 05:00:00,6915.199999675568
2019-11-22 05:30:00,7267.007674596532
2019-11-22 06:00:00,7629.111977178618
2019-11-22 06:30:00,7924.044261083219
2019-11-22 07:00:00,8143.090687784763
2019-11-22 07:30:00,8199.217159636679
2019-11-22 08:00:00,8331.413359310483
2019-11-22 08:30:00,8348.387749514346
2019-11-22 09:00:00,8396.44048727809
2019-11-22 09:30:00,8494.452906072087
2019-11-22 10:00:00,8703.070541320667
2019-11-22 10:30:00,8703.070541320667
2019-11-22 11:00:00,8837.896606941755
2019-11-22 11:30:00,9048.218044781865
2019-11-22 12:00:00,9187.496713874842
2019-11-22 12:30:00,9376.329625270379
2019-11-22 13:00:00,9532.85588650756
2019-11-22 13:30:00,9752.23449791453
2019-11-22 14:00:00,9961.156673696338
2019-11-22 14:30:00,10066.218683037958
2019-11-22 15:00:00,10379.036837604795
2019-11-22 15:30:00,10520.762176130052
2019-11-22 16:00:00,10690.931866929646
2019-11-22 16:30:00,10799.155118641664
2019-11-22 17:00:00,10587.620561617252
2019-11-22 17:30:00,10372.586406339273
2019-11-22 18:00:00,10167.817962263827
2019-11-22 18:30:00,9996.551544681171
2019-11-22 19:00:00,9883.68180409125
2019-11-22 19:30:00,9697.358097110318
2019-11-22 20:00:00,9430.59042440275
2019-11-22 20:30:00,9120.578132833036
2019-11-22 21:00:00,8754.215852284278
2019-11-22 21:30:00,8687.329871626252
2019-11-22 22:00:00,8348.534474928545
2019-11-22 22:30:00,8210.117614848567
2019-11-22 23:00:00,7968.359093574246
2019-11-22 23:30:00,7789.195341677086
2019-11-23 00:00:00,7503.648940221362
2019-11-23 00:30:00,7269.678623060844
2019-11-23 01:00:00,7062.171560293976
2019-11-23 01:30:00,6797.421159479982
2019-11-23 02:00:00,6614.789462996464
2019-11-23 02:30:00,6455.21362418961
2019-11-23 03:00:00,6389.22393060641
2019-11-23 03:30:00,6389.22393060641
2019-11-23 04:00:00,6317.4267079878455
2019-11-23 04:30:00,6563.497260544286
2019-11-23 05:00:00,6328.142668754917
2019-11-23 05:30:00,6755.002114251351
2019-11-23 06:00:00,6757.987280159521
2019-11-23 06:30:00,6896.866866341669
2019-11-23 07:00:00,7697.5839724934385
2019-11-23 07:30:00,7722.941718232504
2019-11-23 08:00:00,8046.64087846705
2019-11-23 08:30:00,8137.697189806431
2019-11-23 09:00:00,8166.482838122126
2019-11-23 09:30:00,8172.913198660747
2019-11-23 10:00:00,8161.9870310819015
2019-11-23 10:30:00,8161.9870310819015
2019-11-23 11:00:00,8188.373137381543
2019-11-23 11:30:00,8188.373137381543
2019-11-23 12:00:00,8140.464593165255
2019-11-23 12:30:00,8167.048207027385
2019-11-23 13:00:00,8211.679233366085
2019-11-23 13:30:00,8047.602112832663
2019-11-23 14:00:00,8140.564095623078
2019-11-23 14:30:00,8036.127055723286
2019-11-23 15:00:00,8194.174420121495
2019-11-23 15:30:00,8342.839730062424
2019-11-23 16:00:00,8307.267197845615
2019-11-23 16:30:00,8307.267197845615
2019-11-23 17:00:00,8369.076321215316
2019-11-23 17:30:00,8176.035893224969
2019-11-23 18:00:00,8205.805455526652
2019-11-23 18:30:00,8094.121247406239
2019-11-23 19:00:00,8059.514957896675
2019-11-23 19:30:00,7988.4648271547085
2019-11-23 20:00:00,7800.544604027385
2019-11-23 20:30:00,7732.607825894705
2019-11-23 21:00:00,7509.179219546147
2019-11-23 21:30:00,7445.414470152442
2019-11-23 22:00:00,7356.650136117876
2019-11-23 22:30:00,7384.619512983985
2019-11-23 23:00:00,7257.509905749307
2019-11-23 23:30:00,7234.159281880139
2019-11-24 00:00:00,6915.239184699781
2019-11-24 00:30:00,6770.007381860821
2019-11-24 01:00:00,6601.239144444062
2019-11-24 01:30:00,6329.640565582893
2019-11-24 02:00:00,6110.897119116576
2019-11-24 02:30:00,5984.585326621025
2019-11-24 03:00:00,5940.28608869552
2019-11-24 03:30:00,5932.371316839448
2019-11-24 04:00:00,5931.661266056321
2019-11-24 04:30:00,6003.1431560599385
2019-11-24 05:00:00,6015.250788064993
2019-11-24 05:30:00,6143.312351589877
2019-11-24 06:00:00,6255.232457337074
2019-11-24 06:30:00,6401.018949906695
2019-11-24 07:00:00,6550.453579739068
2019-11-24 07:30:00,6746.740324097661
2019-11-24 08:00:00,6896.305771134322
2019-11-24 08:30:00,6968.962370236483
2019-11-24 09:00:00,7089.8480312557385
2019-11-24 09:30:00,7055.052623943774
2019-11-24 10:00:00,7083.811828342721
2019-11-24 10:30:00,7027.523012003497
2019-11-24 11:00:00,7102.503542806672
2019-11-24 11:30:00,6878.43155288283
2019-11-24 12:00:00,6797.2140814910135
2019-11-24 12:30:00,6737.382430788062
2019-11-24 13:00:00,6802.847629952942
2019-11-24 13:30:00,6824.45639579461
2019-11-24 14:00:00,6914.9972698844795
2019-11-24 14:30:00,7058.986705096169
2019-11-24 15:00:00,7185.522925295539
2019-11-24 15:30:00,7352.015497680337
2019-11-24 16:00:00,7496.89098150145
2019-11-24 16:30:00,7646.484523818254
2019-11-24 17:00:00,7881.91944481221
2019-11-24 17:30:00,7924.717969653507
2019-11-24 18:00:00,8001.917738388049
2019-11-24 18:30:00,7945.889033288929
2019-11-24 19:00:00,7991.390650229979
2019-11-24 19:30:00,7961.132309047131
2019-11-24 20:00:00,7786.431465602224
2019-11-24 20:30:00,7771.712846405264
2019-11-24 21:00:00,7537.025106314233
2019-11-24 21:30:00,7423.238876225978
2019-11-24 22:00:00,7191.074525408908
2019-11-24 22:30:00,7120.612896151059
2019-11-24 23:00:00,6817.260884995709
2019-11-24 23:30:00,6718.341069539885
2019-11-25 00:00:00,6879.945384020163
2019-11-25 00:30:00,6783.893181262281
2019-11-25 01:00:00,6617.581456034359
2019-11-25 01:30:00,6394.525865784868
2019-11-25 02:00:00,6213.531647500118
2019-11-25 02:30:00,6042.768296683443
2019-11-25 03:00:00,5990.490969456633
2019-11-25 03:30:00,5990.490969456633
2019-11-25 04:00:00,6124.87567562569
2019-11-25 04:30:00,6217.036314114806
2019-11-25 05:00:00,6727.7202593798565
2019-11-25 05:30:00,6889.97417376342
2019-11-25 06:00:00,7660.922175416173
2019-11-25 06:30:00,7918.211225813737
2019-11-25 07:00:00,8154.265409781655
2019-11-25 07:30:00,8412.286584277175
2019-11-25 08:00:00,8151.099437134068
2019-11-25 08:30:00,8339.800996073938
2019-11-25 09:00:00,8147.470862809125
2019-11-25 09:30:00,8147.470862809125
2019-11-25 10:00:00,7969.298297768242
2019-11-25 10:30:00,7969.298297768242
2019-11-25 11:00:00,7922.333149827761
2019-11-25 11:30:00,7751.929407672044
2019-11-25 12:00:00,7729.370494444406
2019-11-25 12:30:00,7843.66181355744
2019-11-25 13:00:00,7739.837463627391
2019-11-25 13:30:00,7737.551145814804
2019-11-25 14:00:00,8086.210624612955
2019-11-25 14:30:00,8263.466839015668
2019-11-25 15:00:00,8295.468538552037
2019-11-25 15:30:00,8472.056344896471
2019-11-25 16:00:00,8580.057586516554
2019-11-25 16:30:00,8689.783976861692
2019-11-25 17:00:00,8889.456797252698
2019-11-25 17:30:00,9095.252494525348
2019-11-25 18:00:00,9092.003705019724
2019-11-25 18:30:00,9011.528497156554
2019-11-25 19:00:00,8816.683724743942
2019-11-25 19:30:00,8816.683724743942
2019-11-25 20:00:00,8643.164492318041
2019-11-25 20:30:00,8533.731168278908
2019-11-25 21:00:00,8260.119158245105
2019-11-25 21:30:00,8159.610405277471
2019-11-25 22:00:00,8066.613328751894
2019-11-25 22:30:00,7977.100842980005
2019-11-25 23:00:00,7828.296511678871
2019-11-25 23:30:00,7682.732190203678
2019-11-26 00:00:00,7380.801058639791
2019-11-26 00:30:00,7250.696492674457
2019-11-26 01:00:00,7027.674466607304
2019-11-26 01:30:00,6803.791145420013
2019-11-26 02:00:00,6429.983447056763
2019-11-26 02:30:00,6449.740131757008
2019-11-26 03:00:00,6311.256401232818
2019-11-26 03:30:00,6274.916223868613
2019-11-26 04:00:00,6362.114952449756
2019-11-26 04:30:00,6681.0752256624
2019-11-26 05:00:00,6811.562693765639
2019-11-26 05:30:00,7161.220335264441
2019-11-26 06:00:00,7584.8323780881765
2019-11-26 06:30:00,7733.703550050587
2019-11-26 07:00:00,7933.855945962544
2019-11-26 07:30:00,8002.1787746129785
2019-11-26 08:00:00,8041.923729382254
2019-11-26 08:30:00,8034.168471198745
2019-11-26 09:00:00,8233.23760887818
2019-11-26 09:30:00,8067.356787159769
2019-11-26 10:00:00,8042.062879872934
2019-11-26 10:30:00,8055.272673596231
2019-11-26 11:00:00,7915.7384367653185
2019-11-26 11:30:00,7853.61441542197
2019-11-26 12:00:00,7938.480459161789
2019-11-26 12:30:00,8150.033511256451
2019-11-26 13:00:00,8309.337618888721
2019-11-26 13:30:00,8689.93080464365
2019-11-26 14:00:00,8981.950807133775
2019-11-26 14:30:00,9192.473844975662
2019-11-26 15:00:00,9417.137727340898
2019-11-26 15:30:00,9484.155210477473
2019-11-26 16:00:00,9419.574897624287
2019-11-26 16:30:00,9419.574897624287
2019-11-26 17:00:00,9484.213735557516
2019-11-26 17:30:00,9265.670494798514
2019-11-26 18:00:00,8977.625601792557
2019-11-26 18:30:00,8976.48843159761
2019-11-26 19:00:00,8873.099275523262
2019-11-26 19:30:00,8858.161558082324
2019-11-26 20:00:00,8609.143871375223
2019-11-26 20:30:00,8428.175976124587
2019-11-26 21:00:00,8170.213569685602
2019-11-26 21:30:00,8088.755428172444
2019-11-26 22:00:00,7992.33668740945
2019-11-26 22:30:00,7888.9006266638
2019-11-26 23:00:00,7724.367830852355
2019-11-26 23:30:00,7625.674503320793
2019-11-27 00:00:00,7396.950218481116
2019-11-27 00:30:00,7227.210067147209
2019-11-27 01:00:00,6979.512863481851
2019-11-27 01:30:00,6661.781621273695
2019-11-27 02:00:00,6445.781027331979
2019-11-27 02:30:00,6267.894976656782
2019-11-27 03:00:00,6241.744187921172
2019-11-27 03:30:00,6241.744187921172
2019-11-27 04:00:00,6243.029448940788
2019-11-27 04:30:00,6479.703017899234
2019-11-27 05:00:00,6652.418041247609
2019-11-27 05:30:00,7079.561348156639
2019-11-27 06:00:00,7412.4997899940745
2019-11-27 06:30:00,7784.987191826787
2019-11-27 07:00:00,7945.154203013392
2019-11-27 07:30:00,8035.528643697897
2019-11-27 08:00:00,7937.989202996791
2019-11-27 08:30:00,7980.954868496467
2019-11-27 09:00:00,8017.25355480268
2019-11-27 09:30:00,8029.041142903706
2019-11-27 10:00:00,8002.285312927868
2019-11-27 10:30:00,8083.446057344592
2019-11-27 11:00:00,8106.0365611836905
2019-11-27 11:30:00,8235.783900782715
2019-11-27 12:00:00,8610.172942937674
2019-11-27 12:30:00,8497.787414631835
2019-11-27 13:00:00,8207.752365815451
2019-11-27 13:30:00,8419.283398454425
2019-11-27 14:00:00,8241.070595586692
2019-11-27 14:30:00,8394.678289130408
2019-11-27 15:00:00,8418.296801741983
2019-11-27 15:30:00,8545.800285591913
2019-11-27 16:00:00,8708.731356014241
2019-11-27 16:30:00,8871.014710578462
2019-11-27 17:00:00,8842.958464634912
2019-11-27 17:30:00,8674.606199770811
2019-11-27 18:00:00,8666.043622618145
2019-11-27 18:30:00,8702.039184361036
2019-11-27 19:00:00,8519.724341727233
2019-11-27 19:30:00,8579.180892727398
2019-11-27 20:00:00,8386.611115156167
2019-11-27 20:30:00,8187.012418935684
2019-11-27 21:00:00,7887.526347280331
2019-11-27 21:30:00,7784.469932912827
2019-11-27 22:00:00,7608.610612092693
2019-11-27 22:30:00,7516.131082015491
2019-11-27 23:00:00,7282.547649914622
2019-11-27 23:30:00,7188.863691707449
2019-11-28 00:00:00,7111.386417030618
2019-11-28 00:30:00,7012.739112709186
2019-11-28 01:00:00,6839.104366015967
2019-11-28 01:30:00,6639.16509238911
2019-11-28 02:00:00,6378.947976767587
2019-11-28 02:30:00,6307.662280225132
2019-11-28 03:00:00,6257.983656746058
2019-11-28 03:30:00,6285.472808761875
2019-11-28 04:00:00,6328.191168252754
2019-11-28 04:30:00,6540.4392315953555
2019-11-28 05:00:00,6702.878582892313
2019-11-28 05:30:00,7242.703860077719
2019-11-28 06:00:00,7584.393564916984
2019-11-28 06:30:00,7758.416719182683
2019-11-28 07:00:00,8000.800946368861
2019-11-28 07:30:00,7982.369908317443
2019-11-28 08:00:00,7950.92916755558
2019-11-28 08:30:00,7856.685988736158
2019-11-28 09:00:00,7781.2704599085255
2019-11-28 09:30:00,7698.981870383434
2019-11-28 10:00:00,7439.613955559929
2019-11-28 10:30:00,7380.958981931533
2019-11-28 11:00:00,7263.817993433305
2019-11-28 11:30:00,7338.795585065377
2019-11-28 12:00:00,7392.644336341279
2019-11-28 12:30:00,7410.620687551634
2019-11-28 13:00:00,7563.807625742413
2019-11-28 13:30:00,7585.83137871353
2019-11-28 14:00:00,7678.047710623539
2019-11-28 14:30:00,7766.704501502336
2019-11-28 15:00:00,7882.572942316723
2019-11-28 15:30:00,8051.918422729762
2019-11-28 16:00:00,8239.656100535261
2019-11-28 16:30:00,8422.137643680999
2019-11-28 17:00:00,8604.34736842368
2019-11-28 17:30:00,8765.09209484338
2019-11-28 18:00:00,8801.761467463712
2019-11-28 18:30:00,8710.65003076274
2019-11-28 19:00:00,8589.840117784468
2019-11-28 19:30:00,8732.096468538683
2019-11-28 20:00:00,8456.47636159818
2019-11-28 20:30:00,8323.130768188727
2019-11-28 21:00:00,7999.1260869885755
2019-11-28 21:30:00,7893.579820057562
2019-11-28 22:00:00,7701.59078909115
2019-11-28 22:30:00,7590.836301976849
2019-11-28 23:00:00,7453.452553334664
2019-11-28 23:30:00,7417.558053604205
2019-11-29 00:00:00,7202.818343485011
2019-11-29 00:30:00,7027.963841829396
2019-11-29 01:00:00,6830.5766644712485
2019-11-29 01:30:00,6554.54507315521
2019-11-29 02:00:00,6306.545732014188
2019-11-29 02:30:00,6216.031583191714
2019-11-29 03:00:00,6129.938032219725
2019-11-29 03:30:00,6129.938032219725
2019-11-29 04:00:00,6192.987509280357
2019-11-29 04:30:00,6390.0642697782905
2019-11-29 05:00:00,6567.76615626818
2019-11-29 05:30:00,7013.158979053571
2019-11-29 06:00:00,7280.816808832278
2019-11-29 06:30:00,7599.832942900489
2019-11-29 07:00:00,7782.43266926995
2019-11-29 07:30:00,7778.791605191044
2019-11-29 08:00:00,7848.886431085711
2019-11-29 08:30:00,7879.554156605209
2019-11-29 09:00:00,7727.050124612404
2019-11-29 09:30:00,7826.983299017878
2019-11-29 10:00:00,7806.470006914216
2019-11-29 10:30:00,7749.127499791978
2019-11-29 11:00:00,7807.991689021127
2019-11-29 11:30:00,7818.534440391968
2019-11-29 12:00:00,7863.027636322844
2019-11-29 12:30:00,8028.85561162933
2019-11-29 13:00:00,8080.772739966094
2019-11-29 13:30:00,8180.670491315192
2019-11-29 14:00:00,8302.071106930178
2019-11-29 14:30:00,8369.221213544442
2019-11-29 15:00:00,8610.308052048103
2019-11-29 15:30:00,8838.179428345433
2019-11-29 16:00:00,9034.712466871475
2019-11-29 16:30:00,9107.745453889964
2019-11-29 17:00:00,9134.802821420883
2019-11-29 17:30:00,9134.802821420883
2019-11-29 18:00:00,8966.232829568811
2019-11-29 18:30:00,8844.13870236282
2019-11-29 19:00:00,8810.949035973685
2019-11-29 19:30:00,8764.31427981959
2019-11-29 20:00:00,8625.905628766599
2019-11-29 20:30:00,8311.993179494482
2019-11-29 21:00:00,8095.986194107666
2019-11-29 21:30:00,8042.431914676256
2019-11-29 22:00:00,7884.222135055648
2019-11-29 22:30:00,7763.772584128555
2019-11-29 23:00:00,7642.30135075675
2019-11-29 23:30:00,7489.860991670163
2019-11-30 00:00:00,7290.0961009598295
2019-11-30 00:30:00,7122.820874370133
2019-11-30 01:00:00,6866.4136653702335
2019-11-30 01:30:00,6638.570191793675
2019-11-30 02:00:00,6433.4751945496355
2019-11-30 02:30:00,6298.168475315589
2019-11-30 03:00:00,6199.225015856515
2019-11-30 03:30:00,6248.466474936404
2019-11-30 04:00:00,6274.022196518525
2019-11-30 04:30:00,6435.394019140659
2019-11-30 05:00:00,6227.258647695921
2019-11-30 05:30:00,6547.4332270703435
2019-11-30 06:00:00,6600.275136610424
2019-11-30 06:30:00,6737.957428966673
2019-11-30 07:00:00,7153.294173083683
2019-11-30 07:30:00,7202.795930063519
2019-11-30 08:00:00,7503.48285013534
2019-11-30 08:30:00,7568.265706042902
2019-11-30 09:00:00,7477.929036480902
2019-11-30 09:30:00,7441.538361492145
2019-11-30 10:00:00,7396.493096748415
2019-11-30 10:30:00,7342.861064933042
2019-11-30 11:00:00,7212.2696457043685
2019-11-30 11:30:00,7191.397149198362
2019-11-30 12:00:00,7105.852479315876
2019-11-30 12:30:00,7231.529720738707
2019-11-30 13:00:00,7436.464220883546
2019-11-30 13:30:00,7422.227015159945
2019-11-30 14:00:00,7655.503556308321
2019-11-30 14:30:00,7813.067559762599
2019-11-30 15:00:00,7912.470702293333
2019-11-30 15:30:00,8071.104145396441
2019-11-30 16:00:00,8354.090868547557
2019-11-30 16:30:00,8585.090986977133
2019-11-30 17:00:00,8708.498046263912
2019-11-30 17:30:00,8594.840398544779
2019-11-30 18:00:00,8566.218923501414
2019-11-30 18:30:00,8410.880413708297
2019-11-30 19:00:00,8157.584961664539
2019-11-30 19:30:00,8157.584961664539
2019-11-30 20:00:00,8138.597970811766
2019-11-30 20:30:00,8019.8516558793435
2019-11-30 21:00:00,7740.262356585901
2019-11-30 21:30:00,7751.025197093759
2019-11-30 22:00:00,7534.364591644348
2019-11-30 22:30:00,7535.211572427677
2019-11-30 23:00:00,7364.562396289607
2019-11-30 23:30:00,7246.263563850131
2019-12-01 00:00:00,7095.106823601677
2019-12-01 00:30:00,6805.428112274443
2019-12-01 01:00:00,6582.336554226537
2019-12-01 01:30:00,6309.901912602672
2019-12-01 02:00:00,6076.154632754817
2019-12-01 02:30:00,5955.225532977623
2019-12-01 03:00:00,5934.928320863549
2019-12-01 03:30:00,5847.633145824714
2019-12-01 04:00:00,5916.121864563832
2019-12-01 04:30:00,5992.566380679489
2019-12-01 05:00:00,5988.77323773683
2019-12-01 05:30:00,6064.627251740506
2019-12-01 06:00:00,6241.554214630804
2019-12-01 06:30:00,6386.466450950124
2019-12-01 07:00:00,6514.0344287304515
2019-12-01 07:30:00,6754.279426165201
2019-12-01 08:00:00,7028.253088896677
2019-12-01 08:30:00,7143.596675851094
2019-12-01 09:00:00,7213.596466167002
2019-12-01 09:30:00,7081.833076503557
2019-12-01 10:00:00,7042.304730682911
2019-12-01 10:30:00,7310.938485047662
2019-12-01 11:00:00,7219.8572546508085
2019-12-01 11:30:00,7122.644122248538
2019-12-01 12:00:00,7065.755490707708
2019-12-01 12:30:00,7015.135706320377
2019-12-01 13:00:00,7084.128062113726
2019-12-01 13:30:00,7056.431543735652
2019-12-01 14:00:00,6982.3773110831735
2019-12-01 14:30:00,6903.171498962717
2019-12-01 15:00:00,6961.152505830278
2019-12-01 15:30:00,7030.06448736778
2019-12-01 16:00:00,7325.284163439461
2019-12-01 16:30:00,7325.5266342144705
2019-12-01 17:00:00,7562.200083016804
2019-12-01 17:30:00,7641.322697168401
2019-12-01 18:00:00,7636.25033234499
2019-12-01 18:30:00,7666.656887036192
2019-12-01 19:00:00,7702.712076936096
2019-12-01 19:30:00,7872.460256271105
2019-12-01 20:00:00,7876.08214257678
2019-12-01 20:30:00,7746.859847180417
2019-12-01 21:00:00,7546.266984220954
2019-12-01 21:30:00,7501.229094802346
2019-12-01 22:00:00,7180.389640545053
2019-12-01 22:30:00,7105.090923538784
2019-12-01 23:00:00,6888.714257933257
2019-12-01 23:30:00,6810.596153130858
2019-12-02 00:00:00,6811.201261227538
2019-12-02 00:30:00,6629.558749851582
2019-12-02 01:00:00,6531.23476037199
2019-12-02 01:30:00,6248.580795023704
2019-12-02 02:00:00,6043.124871832744
2019-12-02 02:30:00,5956.145616173885
2019-12-02 03:00:00,5930.5515461230325
2019-12-02 03:30:00,5930.5515461230325
2019-12-02 04:00:00,6075.645962150658
2019-12-02 04:30:00,6136.541208765436
2019-12-02 05:00:00,6674.401618731235
2019-12-02 05:30:00,6727.826754666669
2019-12-02 06:00:00,7531.719630700744
2019-12-02 06:30:00,7635.212732940819
2019-12-02 07:00:00,7982.184544326608
2019-12-02 07:30:00,8184.907491210649
2019-12-02 08:00:00,7778.254728014761
2019-12-02 08:30:00,7924.975950328646
2019-12-02 09:00:00,7647.4107632871755
2019-12-02 09:30:00,7544.641654134429
2019-12-02 10:00:00,7463.280315209232
2019-12-02 10:30:00,7345.149723972666
2019-12-02 11:00:00,7211.68634724548
2019-12-02 11:30:00,7305.102035927726
2019-12-02 12:00:00,7305.678571767858
2019-12-02 12:30:00,7171.913483043162
2019-12-02 13:00:00,7206.732147576484
2019-12-02 13:30:00,7264.455905978189
2019-12-02 14:00:00,7493.41107010101
2019-12-02 14:30:00,7744.120834943684
2019-12-02 15:00:00,7907.43042007288
2019-12-02 15:30:00,8221.381571986367
2019-12-02 16:00:00,8503.340202388563
2019-12-02 16:30:00,8782.252770297315
2019-12-02 17:00:00,8820.536980997453
2019-12-02 17:30:00,8997.372031249093
2019-12-02 18:00:00,8828.124340532879
2019-12-02 18:30:00,8853.626166025284
2019-12-02 19:00:00,8619.05241573962
2019-12-02 19:30:00,8632.127155625489
2019-12-02 20:00:00,8512.141883128066
2019-12-02 20:30:00,8436.943717038415
2019-12-02 21:00:00,8097.832083474405
2019-12-02 21:30:00,8010.349641333677
2019-12-02 22:00:00,7770.964744722696
2019-12-02 22:30:00,7683.14013602422
2019-12-02 23:00:00,7457.348914477612
2019-12-02 23:30:00,7281.489542583238
2019-12-03 00:00:00,7097.335953807186
2019-12-03 00:30:00,6944.763124364422
2019-12-03 01:00:00,6650.043271223791
2019-12-03 01:30:00,6416.009577183252
2019-12-03 02:00:00,6139.903653200254
2019-12-03 02:30:00,6182.683699136946
2019-12-03 03:00:00,6040.705610411024
2019-12-03 03:30:00,6040.705610411024
2019-12-03 04:00:00,6077.033885419806
2019-12-03 04:30:00,6276.132304854412
2019-12-03 05:00:00,6484.941623491782
2019-12-03 05:30:00,6953.754897337611
2019-12-03 06:00:00,7439.155629067669
2019-12-03 06:30:00,7679.39256033191
2019-12-03 07:00:00,8029.186118995062
2019-12-03 07:30:00,8022.460409587254
2019-12-03 08:00:00,8072.375635734297
2019-12-03 08:30:00,8050.345399614224
2019-12-03 09:00:00,7907.767842138344
2019-12-03 09:30:00,7953.017675404727
2019-12-03 10:00:00,7999.811557867279
2019-12-03 10:30:00,8003.586549136489
2019-12-03 11:00:00,7793.013300911598
2019-12-03 11:30:00,7828.441633103585
2019-12-03 12:00:00,7892.858872728489
2019-12-03 12:30:00,7730.9362717951035
2019-12-03 13:00:00,7855.539441402726
2019-12-03 13:30:00,7864.641550532047
2019-12-03 14:00:00,7891.258940394629
2019-12-03 14:30:00,7891.258940394629
2019-12-03 15:00:00,7915.274095666842
2019-12-03 15:30:00,7929.766714226952
2019-12-03 16:00:00,7986.167501294663
2019-12-03 16:30:00,8092.393451470462
2019-12-03 17:00:00,8195.43488177405
2019-12-03 17:30:00,8240.194596059599
2019-12-03 18:00:00,8272.412789269416
2019-12-03 18:30:00,8272.412789269416
2019-12-03 19:00:00,8316.26326373941
2019-12-03 19:30:00,8322.680836963491
2019-12-03 20:00:00,8196.769673692885
2019-12-03 20:30:00,7988.275938704288
2019-12-03 21:00:00,7824.068284747647
2019-12-03 21:30:00,7816.834856369174
2019-12-03 22:00:00,7698.8998708175395
2019-12-03 22:30:00,7620.352513190118
2019-12-03 23:00:00,7496.7228491916785
2019-12-03 23:30:00,7408.044261624623
2019-12-04 00:00:00,7034.232760422906
2019-12-04 00:30:00,6926.980234194275
2019-12-04 01:00:00,6693.674869739545
2019-12-04 01:30:00,6470.9648077103575
2019-12-04 02:00:00,6246.596382520821
2019-12-04 02:30:00,6137.80218008736
2019-12-04 03:00:00,6034.425155418302
2019-12-04 03:30:00,6045.8370495618
2019-12-04 04:00:00,6103.093054186566
2019-12-04 04:30:00,6279.893424663445
2019-12-04 05:00:00,6495.699418649005
2019-12-04 05:30:00,6912.755589737439
2019-12-04 06:00:00,7163.332917372345
2019-12-04 06:30:00,7418.749374096377
2019-12-04 07:00:00,7686.449421328776
2019-12-04 07:30:00,7609.164997410749
2019-12-04 08:00:00,7732.357836172002
2019-12-04 08:30:00,7680.703497491972
2019-12-04 09:00:00,7414.507397732435
2019-12-04 09:30:00,7488.940995225117
2019-12-04 10:00:00,7347.280902214866
2019-12-04 10:30:00,7373.5053798176305
2019-12-04 11:00:00,7302.158901081022
2019-12-04 11:30:00,7330.50947053286
2019-12-04 12:00:00,7443.872546776852
2019-12-04 12:30:00,7515.5236478669685
2019-12-04 13:00:00,7636.760152426654
2019-12-04 13:30:00,7683.47957400027
2019-12-04 14:00:00,7864.586749355198
2019-12-04 14:30:00,7874.43125565815
2019-12-04 15:00:00,7924.313410765946
2019-12-04 15:30:00,8203.585208288392
2019-12-04 16:00:00,8355.644162962422
2019-12-04 16:30:00,8461.559128492627
2019-12-04 17:00:00,8675.095422948207
2019-12-04 17:30:00,8753.35066458625
2019-12-04 18:00:00,8372.184069399762
2019-12-04 18:30:00,8440.368792251116
2019-12-04 19:00:00,8203.906123337098
2019-12-04 19:30:00,8405.500379587756
2019-12-04 20:00:00,8367.498413034109
2019-12-04 20:30:00,8272.733337613741
2019-12-04 21:00:00,7999.123957164273
2019-12-04 21:30:00,7826.028754181473
2019-12-04 22:00:00,7670.311402108652
2019-12-04 22:30:00,7593.278140645501
2019-12-04 23:00:00,7408.92484485186
2019-12-04 23:30:00,7261.498883115312
2019-12-05 00:00:00,7210.9535469026805
2019-12-05 00:30:00,7028.322473983352
2019-12-05 01:00:00,6770.707713322914
2019-12-05 01:30:00,6514.889526723755
2019-12-05 02:00:00,6316.069262930165
2019-12-05 02:30:00,6192.986389171197
2019-12-05 03:00:00,6105.739840818546
2019-12-05 03:30:00,6098.515315113572
2019-12-05 04:00:00,6200.697989396098
2019-12-05 04:30:00,6368.112172822927
2019-12-05 05:00:00,6543.664104405797
2019-12-05 05:30:00,6852.904359295629
2019-12-05 06:00:00,7212.977224512584
2019-12-05 06:30:00,7439.795099830795
2019-12-05 07:00:00,7859.98220978672
2019-12-05 07:30:00,7735.807652302866
2019-12-05 08:00:00,7770.960222005721
2019-12-05 08:30:00,7780.531082150169
2019-12-05 09:00:00,7688.083881989407
2019-12-05 09:30:00,7691.713879729258
2019-12-05 10:00:00,7751.3872727569815
2019-12-05 10:30:00,7693.460912947169
2019-12-05 11:00:00,7650.102715119373
2019-12-05 11:30:00,7628.71124596632
2019-12-05 12:00:00,7699.403386706991
2019-12-05 12:30:00,7756.057249642773
2019-12-05 13:00:00,7898.928890419774
2019-12-05 13:30:00,7976.241721389447
2019-12-05 14:00:00,8053.011817523141
2019-12-05 14:30:00,8185.709142707478
2019-12-05 15:00:00,8427.57235072529
2019-12-05 15:30:00,8624.51836513682
2019-12-05 16:00:00,8791.300242033447
2019-12-05 16:30:00,8878.217092148494
2019-12-05 17:00:00,9325.640428601335
2019-12-05 17:30:00,9215.581173124847
2019-12-05 18:00:00,8966.986627611175
2019-12-05 18:30:00,8865.442592252199
2019-12-05 19:00:00,8735.750774722515
2019-12-05 19:30:00,8684.524182658517
2019-12-05 20:00:00,8506.45694679369
2019-12-05 20:30:00,8319.104467313404
2019-12-05 21:00:00,8026.26817965283
2019-12-05 21:30:00,7889.771196521301
2019-12-05 22:00:00,7651.064583456465
2019-12-05 22:30:00,7528.476308144956
2019-12-05 23:00:00,7420.356906667769
2019-12-05 23:30:00,7222.630278571024
2019-12-06 00:00:00,7139.878266262825
2019-12-06 00:30:00,7047.93154589245
2019-12-06 01:00:00,6848.03918567917
2019-12-06 01:30:00,6564.564457172616
2019-12-06 02:00:00,6336.46175612289
2019-12-06 02:30:00,6292.818920480058
2019-12-06 03:00:00,6210.13163502283
2019-12-06 03:30:00,6210.13163502283
2019-12-06 04:00:00,6285.165628575262
2019-12-06 04:30:00,6409.090282401454
2019-12-06 05:00:00,6530.504555114625
2019-12-06 05:30:00,6936.716020053215
2019-12-06 06:00:00,7160.178491352397
2019-12-06 06:30:00,7359.017802305589
2019-12-06 07:00:00,7694.987280828012
2019-12-06 07:30:00,7735.551899640412
2019-12-06 08:00:00,7832.423526221152
2019-12-06 08:30:00,7871.883376338665
2019-12-06 09:00:00,7773.799410585383
2019-12-06 09:30:00,7832.203853772423
2019-12-06 10:00:00,7919.739344879819
2019-12-06 10:30:00,8098.41664711808
2019-12-06 11:00:00,8110.221869134355
2019-12-06 11:30:00,8085.440528243116
2019-12-06 12:00:00,7985.001119928902
2019-12-06 12:30:00,7979.785087969278
2019-12-06 13:00:00,8031.952386831956
2019-12-06 13:30:00,8215.882247260752
2019-12-06 14:00:00,8272.997352045757
2019-12-06 14:30:00,8702.043121283223
2019-12-06 15:00:00,8827.791328584752
2019-12-06 15:30:00,8884.186692133708
2019-12-06 16:00:00,8464.31688065367
2019-12-06 16:30:00,8863.06253357212
2019-12-06 17:00:00,8890.727419934054
2019-12-06 17:30:00,8887.139990445208
2019-12-06 18:00:00,8770.527783464808
2019-12-06 18:30:00,8971.15368981766
2019-12-06 19:00:00,8808.679407971076
2019-12-06 19:30:00,8870.9344348619
2019-12-06 20:00:00,8958.899191534905
2019-12-06 20:30:00,8824.912285666833
2019-12-06 21:00:00,8323.440844889306
2019-12-06 21:30:00,8193.45350122644
2019-12-06 22:00:00,8366.167793934841
2019-12-06 22:30:00,8165.637058167449
2019-12-06 23:00:00,7767.22590877879
2019-12-06 23:30:00,7572.16948241157
2019-12-07 00:00:00,7292.901600275322
2019-12-07 00:30:00,7067.831568511645
2019-12-07 01:00:00,6808.429625968099
2019-12-07 01:30:00,6566.125881953175
2019-12-07 02:00:00,6333.387092906383
2019-12-07 02:30:00,6186.871502170177
2019-12-07 03:00:00,6104.466249420948
2019-12-07 03:30:00,6189.804972371315
2019-12-07 04:00:00,6134.4433558624705
2019-12-07 04:30:00,6283.621665899251
2019-12-07 05:00:00,6181.970977226962
2019-12-07 05:30:00,6415.964928924758
2019-12-07 06:00:00,6524.617165619421
2019-12-07 06:30:00,6621.949524611491
2019-12-07 07:00:00,7144.819051839874
2019-12-07 07:30:00,7139.0818128295095
2019-12-07 08:00:00,7314.244743685171
2019-12-07 08:30:00,7341.316671570514
2019-12-07 09:00:00,7379.895401216661
2019-12-07 09:30:00,7384.955249269337
2019-12-07 10:00:00,7542.806482427015
2019-12-07 10:30:00,7542.806482427015
2019-12-07 11:00:00,7619.790734204398
2019-12-07 11:30:00,7579.425474012263
2019-12-07 12:00:00,7584.528721607354
2019-12-07 12:30:00,7630.440324087622
2019-12-07 13:00:00,7676.073516725631
2019-12-07 13:30:00,7686.158990534503
2019-12-07 14:00:00,7772.608781345913
2019-12-07 14:30:00,7844.438441887882
2019-12-07 15:00:00,7981.808182972909
2019-12-07 15:30:00,8187.7653200053
2019-12-07 16:00:00,8425.01643781553
2019-12-07 16:30:00,8559.533834566004
2019-12-07 17:00:00,8665.373566994174
2019-12-07 17:30:00,8494.607024033892
2019-12-07 18:00:00,8537.24985591319
2019-12-07 18:30:00,8380.959549398654
2019-12-07 19:00:00,8225.108137147608
2019-12-07 19:30:00,8136.4401681511
2019-12-07 20:00:00,7957.455715753203
2019-12-07 20:30:00,7757.954104995748
2019-12-07 21:00:00,7578.241233907317
2019-12-07 21:30:00,7476.027435746803
2019-12-07 22:00:00,7412.315127180382
2019-12-07 22:30:00,7380.704946635483
2019-12-07 23:00:00,7285.205519945704
2019-12-07 23:30:00,7175.998510642615
2019-12-08 00:00:00,6942.027014266403
2019-12-08 00:30:00,6668.550991280511
2019-12-08 01:00:00,6479.14892788611
2019-12-08 01:30:00,6184.456285843971
2019-12-08 02:00:00,5998.841036470718
2019-12-08 02:30:00,5954.79610509128
2019-12-08 03:00:00,5899.996196481935
2019-12-08 03:30:00,5858.990747837774
2019-12-08 04:00:00,5888.002752807497
2019-12-08 04:30:00,5953.159661103081
2019-12-08 05:00:00,5969.83413027783
2019-12-08 05:30:00,6044.406193191543
2019-12-08 06:00:00,6018.340989319823
2019-12-08 06:30:00,6192.159634438445
2019-12-08 07:00:00,6413.328785988762
2019-12-08 07:30:00,6559.340466374627
2019-12-08 08:00:00,6690.506619490923
2019-12-08 08:30:00,6745.4642318178885
2019-12-08 09:00:00,6883.315139532936
2019-12-08 09:30:00,6870.307797270158
2019-12-08 10:00:00,6810.029315739284
2019-12-08 10:30:00,6792.065612307746
2019-12-08 11:00:00,6886.025756221199
2019-12-08 11:30:00,6926.03028647615
2019-12-08 12:00:00,7060.832783267429
2019-12-08 12:30:00,7169.700680400046
2019-12-08 13:00:00,7220.562410941983
2019-12-08 13:30:00,7287.792982359104
2019-12-08 14:00:00,7429.770995032787
2019-12-08 14:30:00,7516.369508337867
2019-12-08 15:00:00,7615.624871876202
2019-12-08 15:30:00,7676.192936862704
2019-12-08 16:00:00,7840.484041711404
2019-12-08 16:30:00,7933.832182379782
2019-12-08 17:00:00,8283.350373501027
2019-12-08 17:30:00,8368.406933773422
2019-12-08 18:00:00,8362.554281578477
2019-12-08 18:30:00,8233.151429168218
2019-12-08 19:00:00,8260.241367181017
2019-12-08 19:30:00,8283.5015114847
2019-12-08 20:00:00,8181.179052542378
2019-12-08 20:30:00,8030.876031321978
2019-12-08 21:00:00,7731.207880210857
2019-12-08 21:30:00,7651.3087366160535
2019-12-08 22:00:00,7353.083034566256
2019-12-08 22:30:00,7308.045145147647
2019-12-08 23:00:00,7049.940501317712
2019-12-08 23:30:00,6839.105787646742
2019-12-09 00:00:00,6904.4139769221565
2019-12-09 00:30:00,6825.366308984864
2019-12-09 01:00:00,6632.969445410492
2019-12-09 01:30:00,6427.014208088804
2019-12-09 02:00:00,6141.9952773547175
2019-12-09 02:30:00,6032.496937975786
2019-12-09 03:00:00,6001.7254162445515
2019-12-09 03:30:00,5972.054605494159
2019-12-09 04:00:00,6101.916827664536
2019-12-09 04:30:00,6126.47921777961
2019-12-09 05:00:00,6664.339627745409
2019-12-09 05:30:00,6717.198820809711
2019-12-09 06:00:00,7516.559441713271
2019-12-09 06:30:00,7805.625391877153
2019-12-09 07:00:00,8012.505728773916
2019-12-09 07:30:00,8226.29531674936
2019-12-09 08:00:00,8089.476913717369
2019-12-09 08:30:00,8288.715967945893
2019-12-09 09:00:00,7953.790421109294
2019-12-09 09:30:00,8052.169808371516
2019-12-09 10:00:00,8022.016647026584
2019-12-09 10:30:00,8077.297548755743
2019-12-09 11:00:00,7675.862856069453
2019-12-09 11:30:00,7695.425299575155
2019-12-09 12:00:00,7798.9660366251155
2019-12-09 12:30:00,7809.644079972395
2019-12-09 13:00:00,7969.509675676786
2019-12-09 13:30:00,8198.765811645611
2019-12-09 14:00:00,8394.224441947052
2019-12-09 14:30:00,8463.512426546919
2019-12-09 15:00:00,8876.608552805328
2019-12-09 15:30:00,8914.372989327205
2019-12-09 16:00:00,9117.355554472015
2019-12-09 16:30:00,9142.518500318698
2019-12-09 17:00:00,9316.283625598393
2019-12-09 17:30:00,9387.916464199669
2019-12-09 18:00:00,9196.603346237833
2019-12-09 18:30:00,9162.15711005578
2019-12-09 19:00:00,8852.3232696586
2019-12-09 19:30:00,8839.973144634796
2019-12-09 20:00:00,8631.748373610442
2019-12-09 20:30:00,8553.552405451395
2019-12-09 21:00:00,8244.765649410969
2019-12-09 21:30:00,8109.328491276541
2019-12-09 22:00:00,8009.263028207882
2019-12-09 22:30:00,7981.256154820963
2019-12-09 23:00:00,7690.5337614203
2019-12-09 23:30:00,7495.20876058645
2019-12-10 00:00:00,7369.971907290355
2019-12-10 00:30:00,7253.18709918318
2019-12-10 01:00:00,7029.98316478419
2019-12-10 01:30:00,6771.20560193056
2019-12-10 02:00:00,6468.498070131139
2019-12-10 02:30:00,6359.579339736905
2019-12-10 03:00:00,6261.083038570692
2019-12-10 03:30:00,6303.688567382557
2019-12-10 04:00:00,6409.808985669877
2019-12-10 04:30:00,6728.769258882521
2019-12-10 05:00:00,6921.15480014343
2019-12-10 05:30:00,7397.524984818809
2019-12-10 06:00:00,7743.656305063183
2019-12-10 06:30:00,8039.738398070667
2019-12-10 07:00:00,8327.318240632248
2019-12-10 07:30:00,8405.949708098802
2019-12-10 08:00:00,8407.241407951857
2019-12-10 08:30:00,8486.017050558557
2019-12-10 09:00:00,8505.872411426511
2019-12-10 09:30:00,8514.805168304727
2019-12-10 10:00:00,8538.861650437133
2019-12-10 10:30:00,8512.54122304584
2019-12-10 11:00:00,8587.001808061432
2019-12-10 11:30:00,8583.027222858054
2019-12-10 12:00:00,8625.921428301148
2019-12-10 12:30:00,8695.168851318085
2019-12-10 13:00:00,8950.255225904484
2019-12-10 13:30:00,9038.355731450783
2019-12-10 14:00:00,9184.782909682128
2019-12-10 14:30:00,9348.682176955672
2019-12-10 15:00:00,9553.40494619401
2019-12-10 15:30:00,9840.319918756526
2019-12-10 16:00:00,9923.886249649402
2019-12-10 16:30:00,9904.3238061437
2019-12-10 17:00:00,10026.927325783745
2019-12-10 17:30:00,9884.333611948185
2019-12-10 18:00:00,9919.99471369758
2019-12-10 18:30:00,9806.006800712326
2019-12-10 19:00:00,9535.721829680348
2019-12-10 19:30:00,9487.525769218588
2019-12-10 20:00:00,9242.747627035642
2019-12-10 20:30:00,8985.103842005152
2019-12-10 21:00:00,8652.409946189327
2019-12-10 21:30:00,8516.750476196263
2019-12-10 22:00:00,8295.698805367107
2019-12-10 22:30:00,8173.362986146403
2019-12-10 23:00:00,7940.626434201589
2019-12-10 23:30:00,7829.849293955289
2019-12-11 00:00:00,7606.14368295849
2019-12-11 00:30:00,7384.640831477884
2019-12-11 01:00:00,7158.921675116719
2019-12-11 01:30:00,6865.296700138446
2019-12-11 02:00:00,6587.626164180171
2019-12-11 02:30:00,6502.755512024427
2019-12-11 03:00:00,6449.162845628213
2019-12-11 03:30:00,6425.022015992775
2019-12-11 04:00:00,6476.8784933481575
2019-12-11 04:30:00,6613.245109181402
2019-12-11 05:00:00,6880.438024093077
2019-12-11 05:30:00,7233.633385687913
2019-12-11 06:00:00,7658.059868189949
2019-12-11 06:30:00,7970.926874967154
2019-12-11 07:00:00,8156.346023417744
2019-12-11 07:30:00,8406.980070818518
2019-12-11 08:00:00,8443.763007116122
2019-12-11 08:30:00,8581.520345588438
2019-12-11 09:00:00,8740.088560603273
2019-12-11 09:30:00,8718.896668108124
2019-12-11 10:00:00,8901.79227396984
2019-12-11 10:30:00,8750.20438634845
2019-12-11 11:00:00,8622.003173314642
2019-12-11 11:30:00,8817.508029554105
2019-12-11 12:00:00,8993.418887145846
2019-12-11 12:30:00,10021.683460189786
2019-12-11 13:00:00,10091.425590889039
2019-12-11 13:30:00,10071.863147383337
2019-12-11 14:00:00,10046.107336566049
2019-12-11 14:30:00,10078.030035047326
2019-12-11 15:00:00,10239.87667702836
2019-12-11 15:30:00,10260.622952849377
2019-12-11 16:00:00,10161.194213816634
2019-12-11 16:30:00,10203.830383086042
2019-12-11 17:00:00,9921.49482331533
2019-12-11 17:30:00,9967.950104407762
2019-12-11 18:00:00,9973.702148108396
2019-12-11 18:30:00,9684.907517585434
2019-12-11 19:00:00,9462.10267552215
2019-12-11 19:30:00,9237.002963292087
2019-12-11 20:00:00,8970.563839008819
2019-12-11 20:30:00,8688.368730875369
2019-12-11 21:00:00,8349.322118524398
2019-12-11 21:30:00,8136.395896148702
2019-12-11 22:00:00,7924.739594586669
2019-12-11 22:30:00,7761.717323001103
2019-12-11 23:00:00,7647.932664233267
2019-12-11 23:30:00,7408.566308372393
2019-12-12 00:00:00,7278.014503748084
2019-12-12 00:30:00,7130.841431671348
2019-12-12 01:00:00,6904.183409052257
2019-12-12 01:30:00,6668.5492182710095
2019-12-12 02:00:00,6426.191827968684
2019-12-12 02:30:00,6314.364844293793
2019-12-12 03:00:00,6277.1103656552195
2019-12-12 03:30:00,6277.1103656552195
2019-12-12 04:00:00,6383.451221095086
2019-12-12 04:30:00,6518.929648498856
2019-12-12 05:00:00,6772.595143388724
2019-12-12 05:30:00,7112.770689291423
2019-12-12 06:00:00,7498.3916434329
2019-12-12 06:30:00,7742.830772945924
2019-12-12 07:00:00,8090.427577816354
2019-12-12 07:30:00,8090.427577816354
2019-12-12 08:00:00,8164.676868240981
2019-12-12 08:30:00,8178.335509215173
2019-12-12 09:00:00,8136.469929316491
2019-12-12 09:30:00,8116.531987936852
2019-12-12 10:00:00,8108.03504921421
2019-12-12 10:30:00,8036.29404036917
2019-12-12 11:00:00,8090.319621137899
2019-12-12 11:30:00,7982.501825452849
2019-12-12 12:00:00,7979.520116322453
2019-12-12 12:30:00,7978.336428374138
2019-12-12 13:00:00,8039.199065657628
2019-12-12 13:30:00,8116.893036403288
2019-12-12 14:00:00,8293.910882114682
2019-12-12 14:30:00,8384.167620756843
2019-12-12 15:00:00,8516.39568124511
2019-12-12 15:30:00,8621.16334678271
2019-12-12 16:00:00,8868.17848529179
2019-12-12 16:30:00,8843.117739753396
2019-12-12 17:00:00,8961.819930979698
2019-12-12 17:30:00,8891.917528751512
2019-12-12 18:00:00,8959.757091432892
2019-12-12 18:30:00,8820.025805466705
2019-12-12 19:00:00,8673.79150721351
2019-12-12 19:30:00,8673.79150721351
2019-12-12 20:00:00,8459.743945539281
2019-12-12 20:30:00,8252.323471878819
2019-12-12 21:00:00,7984.748401606462
2019-12-12 21:30:00,7937.1673764118
2019-12-12 22:00:00,7772.665823934073
2019-12-12 22:30:00,7667.780508154871
2019-12-12 23:00:00,7457.131688938943
2019-12-12 23:30:00,7297.269230130627
2019-12-13 00:00:00,7252.330590576042
2019-12-13 00:30:00,7034.373385729368
2019-12-13 01:00:00,6827.256499811116
2019-12-13 01:30:00,6593.2719171055915
2019-12-13 02:00:00,6336.7273388293315
2019-12-13 02:30:00,6267.880127652839
2019-12-13 03:00:00,6198.771688390911
2019-12-13 03:30:00,6198.771688390911
2019-12-13 04:00:00,6278.19965188244
2019-12-13 04:30:00,6508.4943474334605
2019-12-13 05:00:00,6662.104325129789
2019-12-13 05:30:00,7082.716296869132
2019-12-13 06:00:00,7424.47095396167
2019-12-13 06:30:00,7738.775393975855
2019-12-13 07:00:00,7966.19158785905
2019-12-13 07:30:00,8034.043165749347
2019-12-13 08:00:00,8068.578313202295
2019-12-13 08:30:00,8068.578313202295
2019-12-13 09:00:00,8065.08159472648
2019-12-13 09:30:00,8018.495718922383
2019-12-13 10:00:00,8044.329740199708
2019-12-13 10:30:00,7976.54463604104
2019-12-13 11:00:00,7950.605256033673
2019-12-13 11:30:00,7832.055304725088
2019-12-13 12:00:00,7814.449543877011
2019-12-13 12:30:00,7944.755401134628
2019-12-13 13:00:00,7966.226843943008
2019-12-13 13:30:00,8062.288733679026
2019-12-13 14:00:00,8074.935139953908
2019-12-13 14:30:00,8119.6948542394475
2019-12-13 15:00:00,8234.162119739769
2019-12-13 15:30:00,8256.85541065791
2019-12-13 16:00:00,8458.25745570776
2019-12-13 16:30:00,8550.857257023206
2019-12-13 17:00:00,8545.270370961654
2019-12-13 17:30:00,8586.114255008448
2019-12-13 18:00:00,8385.454499561638
2019-12-13 18:30:00,8347.475489768778
2019-12-13 19:00:00,8239.587846026903
2019-12-13 19:30:00,8239.587846026903
2019-12-13 20:00:00,8236.80879780008
2019-12-13 20:30:00,8077.086802358714
2019-12-13 21:00:00,7880.284403149413
2019-12-13 21:30:00,7812.994328078534
2019-12-13 22:00:00,7635.893930375319
2019-12-13 22:30:00,7550.989506280619
2019-12-13 23:00:00,7401.352049764359
2019-12-13 23:30:00,7206.05013683783
2019-12-14 00:00:00,7043.039198812196
2019-12-14 00:30:00,6860.357640368417
2019-12-14 01:00:00,6662.986406691356
2019-12-14 01:30:00,6429.478191855708
2019-12-14 02:00:00,6192.777307186868
2019-12-14 02:30:00,6074.961119921218
2019-12-14 03:00:00,5972.961715398522
2019-12-14 03:30:00,6014.1822166734
2019-12-14 04:00:00,6037.915324764405
2019-12-14 04:30:00,6193.339642241452
2019-12-14 05:00:00,6188.255879776844
2019-12-14 05:30:00,6418.075464759866
2019-12-14 06:00:00,6505.7406010537525
2019-12-14 06:30:00,6592.772495593801
2019-12-14 07:00:00,7097.020235978753
2019-12-14 07:30:00,7073.223245700011
2019-12-14 08:00:00,7339.8827424564715
2019-12-14 08:30:00,7337.921553012229
2019-12-14 09:00:00,7395.252004634294
2019-12-14 09:30:00,7393.290815190052
2019-12-14 10:00:00,7414.259345569379
2019-12-14 10:30:00,7395.6497467406725
2019-12-14 11:00:00,7372.398220004478
2019-12-14 11:30:00,7323.509597372614
2019-12-14 12:00:00,7318.0548231829835
2019-12-14 12:30:00,7323.130347219088
2019-12-14 13:00:00,7313.040863776259
2019-12-14 13:30:00,7321.948353948367
2019-12-14 14:00:00,7302.571896351195
2019-12-14 14:30:00,7308.77273633755
2019-12-14 15:00:00,7373.056591069259
2019-12-14 15:30:00,7422.04978865885
2019-12-14 16:00:00,7576.672174247762
2019-12-14 16:30:00,7626.709080636083
2019-12-14 17:00:00,7705.058527624064
2019-12-14 17:30:00,7661.672269731335
2019-12-14 18:00:00,7648.022761028042
2019-12-14 18:30:00,7643.714127944988
2019-12-14 19:00:00,7662.690993114162
2019-12-14 19:30:00,7652.774696558916
2019-12-14 20:00:00,7562.069259913567
2019-12-14 20:30:00,7489.155577559185
2019-12-14 21:00:00,7387.975976434679
2019-12-14 21:30:00,7366.525934172709
2019-12-14 22:00:00,7323.3595918724595
2019-12-14 22:30:00,7309.540830841173
2019-12-14 23:00:00,7200.052300017126
2019-12-14 23:30:00,7070.811520040562
2019-12-15 00:00:00,6833.14465809495
2019-12-15 00:30:00,6682.282304369565
2019-12-15 01:00:00,6491.561526218365
2019-12-15 01:30:00,6240.702630663225
2019-12-15 02:00:00,6070.821999267082
2019-12-15 02:30:00,5966.44195064567
2019-12-15 03:00:00,5914.831697653091
2019-12-15 03:30:00,5914.831697653091
2019-12-15 04:00:00,5984.611515315246
2019-12-15 04:30:00,6044.860491678073
2019-12-15 05:00:00,6042.969752818307
2019-12-15 05:30:00,6122.201449392472
2019-12-15 06:00:00,6170.086862078221
2019-12-15 06:30:00,6317.32359612048
2019-12-15 07:00:00,6498.39642398931
2019-12-15 07:30:00,6607.26833223783
2019-12-15 08:00:00,6724.21502812563
2019-12-15 08:30:00,6771.394580038548
2019-12-15 09:00:00,6879.768604345509
2019-12-15 09:30:00,6848.462564878155
2019-12-15 10:00:00,6803.782587973869
2019-12-15 10:30:00,6796.138941027954
2019-12-15 11:00:00,6881.460229244679
2019-12-15 11:30:00,6889.837972778093
2019-12-15 12:00:00,6993.527912017274
2019-12-15 12:30:00,6977.668295227371
2019-12-15 13:00:00,7123.449921379306
2019-12-15 13:30:00,7283.98946388665
2019-12-15 14:00:00,7405.620084564327
2019-12-15 14:30:00,7637.358488321026
2019-12-15 15:00:00,7753.189304931761
2019-12-15 15:30:00,8057.418874382051
2019-12-15 16:00:00,8263.086821380097
2019-12-15 16:30:00,8263.086821380097
2019-12-15 17:00:00,8599.240150973326
2019-12-15 17:30:00,8556.286052652427
2019-12-15 18:00:00,8600.867074602102
2019-12-15 18:30:00,8509.764245766546
2019-12-15 19:00:00,8514.26027414182
2019-12-15 19:30:00,8544.488979728829
2019-12-15 20:00:00,8473.968336444079
2019-12-15 20:30:00,8257.334797047693
2019-12-15 21:00:00,7921.2923911793905
2019-12-15 21:30:00,7819.405139641195
2019-12-15 22:00:00,7490.005677369405
2019-12-15 22:30:00,7430.200821996386
2019-12-15 23:00:00,7141.719522101635
2019-12-15 23:30:00,6901.463646253608
2019-12-16 00:00:00,6999.022849855757
2019-12-16 00:30:00,6907.214510067042
2019-12-16 01:00:00,6810.446002561616
2019-12-16 01:30:00,6499.630866697337
2019-12-16 02:00:00,6318.343568545237
2019-12-16 02:30:00,6258.889366728352
2019-12-16 03:00:00,6278.295186377869
2019-12-16 03:30:00,6212.412384978666
2019-12-16 04:00:00,6348.576158401194
2019-12-16 04:30:00,6367.147203362155
2019-12-16 05:00:00,6964.927844875776
2019-12-16 05:30:00,7062.377669081901
2019-12-16 06:00:00,7826.883573664124
2019-12-16 06:30:00,7941.412401548759
2019-12-16 07:00:00,8240.537815143713
2019-12-16 07:30:00,8343.56110217636
2019-12-16 08:00:00,8306.269849248138
2019-12-16 08:30:00,8468.570769304843
2019-12-16 09:00:00,8316.421352589483
2019-12-16 09:30:00,8296.044891786873
2019-12-16 10:00:00,8377.491929130318
2019-12-16 10:30:00,8338.989898774622
2019-12-16 11:00:00,8442.553211718336
2019-12-16 11:30:00,8584.574502156493
2019-12-16 12:00:00,8908.548460933493
2019-12-16 12:30:00,8956.197017953424
2019-12-16 13:00:00,9163.860616447735
2019-12-16 13:30:00,9258.442866182424
2019-12-16 14:00:00,9449.422699168792
2019-12-16 14:30:00,9634.789987297429
2019-12-16 15:00:00,9752.842674957756
2019-12-16 15:30:00,9782.559453393154
2019-12-16 16:00:00,9862.530377010547
2019-12-16 16:30:00,9839.856139278605
2019-12-16 17:00:00,9826.416056590482
2019-12-16 17:30:00,9987.211547577977
2019-12-16 18:00:00,9740.916159655102
2019-12-16 18:30:00,9570.248003953295
2019-12-16 19:00:00,9302.505460174874
2019-12-16 19:30:00,9334.577737482017
2019-12-16 20:00:00,9233.615371523134
2019-12-16 20:30:00,9147.613407809056
2019-12-16 21:00:00,9056.605299609713
2019-12-16 21:30:00,8630.158585108018
2019-12-16 22:00:00,8359.150965390447
2019-12-16 22:30:00,8306.101217976735
2019-12-16 23:00:00,8055.242374617379
2019-12-16 23:30:00,7789.0437258652655
2019-12-17 00:00:00,7656.65038785528
2019-12-17 00:30:00,7410.613843257077
2019-12-17 01:00:00,7238.13167003338
2019-12-17 01:30:00,6984.882845565436
2019-12-17 02:00:00,6672.874555555033
2019-12-17 02:30:00,6500.7635609009
2019-12-17 03:00:00,6442.411398202294
2019-12-17 03:30:00,6442.411398202294
2019-12-17 04:00:00,6547.154887959736
2019-12-17 04:30:00,6761.873079801801
2019-12-17 05:00:00,6937.999738784187
2019-12-17 05:30:00,7336.49814670694
2019-12-17 06:00:00,7631.986294131818
2019-12-17 06:30:00,7840.862299879101
2019-12-17 07:00:00,8103.032476298298
2019-12-17 07:30:00,8126.4917020010735
2019-12-17 08:00:00,8217.381015322664
2019-12-17 08:30:00,8175.752331313826
2019-12-17 09:00:00,8237.236376190618
2019-12-17 09:30:00,8217.697995653005
2019-12-17 10:00:00,8211.283165797398
2019-12-17 10:30:00,8192.089989959042
2019-12-17 11:00:00,8200.054723569527
2019-12-17 11:30:00,8170.356334255566
2019-12-17 12:00:00,8218.322926183579
2019-12-17 12:30:00,8206.809491009559
2019-12-17 13:00:00,8296.572916849424
2019-12-17 13:30:00,8280.048482386166
2019-12-17 14:00:00,8327.757924605632
2019-12-17 14:30:00,8328.02945889829
2019-12-17 15:00:00,8363.289717269598
2019-12-17 15:30:00,8443.219255782698
2019-12-17 16:00:00,8506.234388988003
2019-12-17 16:30:00,8615.035039499462
2019-12-17 17:00:00,8816.120919196243
2019-12-17 17:30:00,8795.615383941464
2019-12-17 18:00:00,8664.57683353925
2019-12-17 18:30:00,8565.745922676018
2019-12-17 19:00:00,8532.599560910361
2019-12-17 19:30:00,8536.623099604527
2019-12-17 20:00:00,8364.247418325494
2019-12-17 20:30:00,8261.62458889425
2019-12-17 21:00:00,8012.805140800455
2019-12-17 21:30:00,7980.899510693303
2019-12-17 22:00:00,7876.216828488347
2019-12-17 22:30:00,7848.636760682462
2019-12-17 23:00:00,7681.010446180287
2019-12-17 23:30:00,7545.4508948457205
2019-12-18 00:00:00,7030.582254095712
2019-12-18 00:30:00,6928.472929784889
2019-12-18 01:00:00,6700.679376480694
2019-12-18 01:30:00,6419.686072383544
2019-12-18 02:00:00,6218.988992535239
2019-12-18 02:30:00,6090.573416894637
2019-12-18 03:00:00,6014.607238454793
2019-12-18 03:30:00,6078.436567834815
2019-12-18 04:00:00,6087.315452122814
2019-12-18 04:30:00,6287.081922812368
2019-12-18 05:00:00,6500.814035230905
2019-12-18 05:30:00,6844.619354542177
2019-12-18 06:00:00,7069.317914999252
2019-12-18 06:30:00,7458.77705408934
2019-12-18 07:00:00,7698.773237432952
2019-12-18 07:30:00,7742.40128680221
2019-12-18 08:00:00,7880.093418027506
2019-12-18 08:30:00,7880.093418027506
2019-12-18 09:00:00,7748.329534204675
2019-12-18 09:30:00,7685.488809458765
2019-12-18 10:00:00,7680.734693518715
2019-12-18 10:30:00,7701.158646516559
2019-12-18 11:00:00,7697.227572961592
2019-12-18 11:30:00,7752.508474690751
2019-12-18 12:00:00,7773.996369956256
2019-12-18 12:30:00,7887.246421641728
2019-12-18 13:00:00,7883.483450060242
2019-12-18 13:30:00,7983.584006534076
2019-12-18 14:00:00,8031.630076099304
2019-12-18 14:30:00,8209.87562998209
2019-12-18 15:00:00,8400.021088352674
2019-12-18 15:30:00,8580.948724408621
2019-12-18 16:00:00,8785.723454680372
2019-12-18 16:30:00,8896.137207897891
2019-12-18 17:00:00,9134.108237559136
2019-12-18 17:30:00,9015.627769020142
2019-12-18 18:00:00,8934.361118336003
2019-12-18 18:30:00,8836.271362493111
2019-12-18 19:00:00,8676.82519807083
2019-12-18 19:30:00,8636.031553938223
2019-12-18 20:00:00,8508.706328009306
2019-12-18 20:30:00,8287.842447784678
2019-12-18 21:00:00,8009.944049725004
2019-12-18 21:30:00,7876.112802795201
2019-12-18 22:00:00,7664.3408351708395
2019-12-18 22:30:00,7595.539386005841
2019-12-18 23:00:00,7420.735496172754
2019-12-18 23:30:00,7221.197504015072
2019-12-19 00:00:00,7335.9536595931
2019-12-19 00:30:00,7186.048800071743
2019-12-19 01:00:00,6927.435619344835
2019-12-19 01:30:00,6654.225663793191
2019-12-19 02:00:00,6486.861406060131
2019-12-19 02:30:00,6346.085889544815
2019-12-19 03:00:00,6306.103787672339
2019-12-19 03:30:00,6323.661631549724
2019-12-19 04:00:00,6318.0455551906325
2019-12-19 04:30:00,6550.464996889969
2019-12-19 05:00:00,6648.9927819573795
2019-12-19 05:30:00,7060.062486815893
2019-12-19 06:00:00,7285.018372153606
2019-12-19 06:30:00,7633.937041353486
2019-12-19 07:00:00,7941.681707126168
2019-12-19 07:30:00,7942.145308102157
2019-12-19 08:00:00,7999.019438840749
2019-12-19 08:30:00,8125.823497834408
2019-12-19 09:00:00,7971.36880268879
2019-12-19 09:30:00,8056.870794098002
2019-12-19 10:00:00,8083.961517606051
2019-12-19 10:30:00,8101.070406149423
2019-12-19 11:00:00,8273.733698828439
2019-12-19 11:30:00,8375.795444746514
2019-12-19 12:00:00,8489.392268972726
2019-12-19 12:30:00,8479.347794326328
2019-12-19 13:00:00,8615.022940549787
2019-12-19 13:30:00,8830.99215327756
2019-12-19 14:00:00,8997.407240705506
2019-12-19 14:30:00,9269.59730636677
2019-12-19 15:00:00,9568.622783263301
2019-12-19 15:30:00,9795.555414977827
2019-12-19 16:00:00,10084.244693090104
2019-12-19 16:30:00,10084.244693090104
2019-12-19 17:00:00,10110.00756394297
2019-12-19 17:30:00,10085.492649033085
2019-12-19 18:00:00,9979.72115349235
2019-12-19 18:30:00,9816.585339453211
2019-12-19 19:00:00,9630.365900398723
2019-12-19 19:30:00,9584.64765543883
2019-12-19 20:00:00,9416.234182457963
2019-12-19 20:30:00,9122.17129756623
2019-12-19 21:00:00,8768.71892405851
2019-12-19 21:30:00,8599.159831371633
2019-12-19 22:00:00,8335.843760842952
2019-12-19 22:30:00,8197.426900762986
2019-12-19 23:00:00,7973.575673440717
2019-12-19 23:30:00,7770.743143999926
2019-12-20 00:00:00,7581.824137051543
2019-12-20 00:30:00,7316.025267988198
2019-12-20 01:00:00,7197.101613087135
2019-12-20 01:30:00,6897.318807464445
2019-12-20 02:00:00,6630.047903184802
2019-12-20 02:30:00,6508.4560206933675
2019-12-20 03:00:00,6424.001417644331
2019-12-20 03:30:00,6448.142247279769
2019-12-20 04:00:00,6446.978192231586
2019-12-20 04:30:00,6592.456040003542
2019-12-20 05:00:00,6804.385234048372
2019-12-20 05:30:00,7136.88176895938
2019-12-20 06:00:00,7413.621454650353
2019-12-20 06:30:00,7700.534404473863
2019-12-20 07:00:00,7989.237305609875
2019-12-20 07:30:00,8131.747132328862
2019-12-20 08:00:00,8316.805366929391
2019-12-20 08:30:00,8548.285494676453
2019-12-20 09:00:00,8681.541096004765
2019-12-20 09:30:00,8682.742081944241
2019-12-20 10:00:00,8579.060989689757
2019-12-20 10:30:00,8725.527174671719
2019-12-20 11:00:00,8943.172147420411
2019-12-20 11:30:00,9147.770166042987
2019-12-20 12:00:00,9384.683116464788
2019-12-20 12:30:00,9625.223348650694
2019-12-20 13:00:00,9662.698025304457
2019-12-20 13:30:00,9822.231297417717
2019-12-20 14:00:00,9918.837489212869
2019-12-20 14:30:00,10278.138554191999
2019-12-20 15:00:00,10633.736030792132
2019-12-20 15:30:00,10528.67451084302
2019-12-20 16:00:00,10435.878149756747
2019-12-20 16:30:00,10401.096507296696
2019-12-20 17:00:00,10232.69292733589
2019-12-20 17:30:00,10143.606479503798
2019-12-20 18:00:00,9827.684692927303
2019-12-20 18:30:00,9600.707437764127
2019-12-20 19:00:00,9348.582978071026
2019-12-20 19:30:00,9256.009511376667
2019-12-20 20:00:00,9154.641411604098
2019-12-20 20:30:00,8939.459116413509
2019-12-20 21:00:00,8685.357503270603
2019-12-20 21:30:00,8457.993909165556
2019-12-20 22:00:00,8223.632638341905
2019-12-20 22:30:00,8092.799076269273
2019-12-20 23:00:00,7916.097166478195
2019-12-20 23:30:00,7647.9055664330945
2019-12-21 00:00:00,7440.262181637592
2019-12-21 00:30:00,7221.282015469304
2019-12-21 01:00:00,6987.730398980208
2019-12-21 01:30:00,6706.1334201396185
2019-12-21 02:00:00,6532.277858894849
2019-12-21 02:30:00,6382.407559159409
2019-12-21 03:00:00,6254.667672234048
2019-12-21 03:30:00,6254.667672234048
2019-12-21 04:00:00,6247.336891437643
2019-12-21 04:30:00,6422.3413278801445
2019-12-21 05:00:00,6200.006976721676
2019-12-21 05:30:00,6488.847175187153
2019-12-21 06:00:00,6526.034466649886
2019-12-21 06:30:00,6639.522022812789
2019-12-21 07:00:00,7068.94346297392
2019-12-21 07:30:00,7062.00362814235
2019-12-21 08:00:00,7405.620506971581
2019-12-21 08:30:00,7459.252538786954
2019-12-21 09:00:00,7556.970039411471
2019-12-21 09:30:00,7600.113826529189
2019-12-21 10:00:00,7660.73447988678
2019-12-21 10:30:00,7584.667364255474
2019-12-21 11:00:00,7711.462803609407
2019-12-21 11:30:00,7752.185250715578
2019-12-21 12:00:00,7860.907695412565
2019-12-21 12:30:00,7821.328620703681
2019-12-21 13:00:00,7995.669741597272
2019-12-21 13:30:00,8034.983866068618
2019-12-21 14:00:00,8114.787651852075
2019-12-21 14:30:00,8232.362867278163
2019-12-21 15:00:00,8370.204262643301
2019-12-21 15:30:00,8480.473069218404
2019-12-21 16:00:00,8663.160412609626
2019-12-21 16:30:00,8703.579673184318
2019-12-21 17:00:00,8590.765802800188
2019-12-21 17:30:00,8515.97360517896
2019-12-21 18:00:00,8636.854293487593
2019-12-21 18:30:00,8545.402784567463
2019-12-21 19:00:00,8425.48313027431
2019-12-21 19:30:00,8324.585249390997
2019-12-21 20:00:00,8143.401255204014
2019-12-21 20:30:00,7933.690388161618
2019-12-21 21:00:00,7761.951123849415
2019-12-21 21:30:00,7808.922555904226
2019-12-21 22:00:00,7630.4642254560895
2019-12-21 22:30:00,7587.077235029415
2019-12-21 23:00:00,7414.305934445841
2019-12-21 23:30:00,7278.752385075286
2019-12-22 00:00:00,7166.9289087274
2019-12-22 00:30:00,6984.950041501699
2019-12-22 01:00:00,6828.4084453764235
2019-12-22 01:30:00,6521.271454621034
2019-12-22 02:00:00,6292.06988241541
2019-12-22 02:30:00,6219.405514898087
2019-12-22 03:00:00,6138.965159537584
2019-12-22 03:30:00,6120.0781011208355
2019-12-22 04:00:00,6132.385035315957
2019-12-22 04:30:00,6144.552253542938
2019-12-22 05:00:00,6137.151874801676
2019-12-22 05:30:00,6263.4636672972265
2019-12-22 06:00:00,6309.363544733686
2019-12-22 06:30:00,6468.288283451526
2019-12-22 07:00:00,6530.5575856777505
2019-12-22 07:30:00,6763.218129059118
2019-12-22 08:00:00,6931.821990787521
2019-12-22 08:30:00,7105.822272262096
2019-12-22 09:00:00,7453.3064898104085
2019-12-22 09:30:00,7574.40026908055
2019-12-22 10:00:00,7675.192899152448
2019-12-22 10:30:00,7784.163373427751
2019-12-22 11:00:00,7818.36812141496
2019-12-22 11:30:00,7690.646337522111
2019-12-22 12:00:00,7958.314292694932
2019-12-22 12:30:00,8445.426865010902
2019-12-22 13:00:00,8393.094568052866
2019-12-22 13:30:00,8772.379293558584
2019-12-22 14:00:00,8790.891624739641
2019-12-22 14:30:00,9182.386043488214
2019-12-22 15:00:00,9464.478685912894
2019-12-22 15:30:00,9470.85329855006
2019-12-22 16:00:00,9403.808920050726
2019-12-22 16:30:00,10085.414517929317
2019-12-22 17:00:00,9858.031349423845
2019-12-22 17:30:00,9646.8090648853
2019-12-22 18:00:00,9951.191713989885
2019-12-22 18:30:00,9665.091421813993
2019-12-22 19:00:00,9424.242205568127
2019-12-22 19:30:00,9115.54454369655
2019-12-22 20:00:00,8982.085317106013
2019-12-22 20:30:00,8887.935730652629
2019-12-22 21:00:00,8476.095638094504
2019-12-22 21:30:00,8261.508858478826
2019-12-22 22:00:00,7779.312983423607
2019-12-22 22:30:00,7633.285001527406
2019-12-22 23:00:00,7257.602172436269
2019-12-22 23:30:00,6998.357238644375
2019-12-23 00:00:00,6969.954245885392
2019-12-23 00:30:00,6883.814756122785
2019-12-23 01:00:00,6671.137534993373
2019-12-23 01:30:00,6396.694307777563
2019-12-23 02:00:00,6212.7204098301845
2019-12-23 02:30:00,6041.957059013509
2019-12-23 03:00:00,6003.270784960568
2019-12-23 03:30:00,5944.759228142922
2019-12-23 04:00:00,6051.418517474136
2019-12-23 04:30:00,6104.663387798463
2019-12-23 05:00:00,6474.144030562432
2019-12-23 05:30:00,6567.851490448616
2019-12-23 06:00:00,7315.435582321571
2019-12-23 06:30:00,7577.347274695193
2019-12-23 07:00:00,7996.732573191788
2019-12-23 07:30:00,8280.12115670907
2019-12-23 08:00:00,8164.24950067159
2019-12-23 08:30:00,8323.081412530966
2019-12-23 09:00:00,8125.74295855797
2019-12-23 09:30:00,8025.513746637381
2019-12-23 10:00:00,7951.289641575948
2019-12-23 10:30:00,7940.220125919461
2019-12-23 11:00:00,7632.081331546709
2019-12-23 11:30:00,7621.313590330649
2019-12-23 12:00:00,7564.139380883634
2019-12-23 12:30:00,7520.061212973092
2019-12-23 13:00:00,7670.670121105606
2019-12-23 13:30:00,7687.674655926197
2019-12-23 14:00:00,7829.7232725990025
2019-12-23 14:30:00,7964.378611794275
2019-12-23 15:00:00,8210.670178582766
2019-12-23 15:30:00,8315.218438316937
2019-12-23 16:00:00,8366.381149959361
2019-12-23 16:30:00,8609.461083364993
2019-12-23 17:00:00,8604.729623594125
2019-12-23 17:30:00,8606.141303514056
2019-12-23 18:00:00,8504.36878940563
2019-12-23 18:30:00,8542.764229976385
2019-12-23 19:00:00,8406.009411450743
2019-12-23 19:30:00,8503.00982652423
2019-12-23 20:00:00,8476.87189734068
2019-12-23 20:30:00,8374.604795773874
2019-12-23 21:00:00,8164.362908041566
2019-12-23 21:30:00,8006.775293272642
2019-12-23 22:00:00,7780.6896320664555
2019-12-23 22:30:00,7743.8011533236395
2019-12-23 23:00:00,7548.714419778936
2019-12-23 23:30:00,7295.627998727762
2019-12-24 00:00:00,7066.29944970076
2019-12-24 00:30:00,6910.923131115331
2019-12-24 01:00:00,6584.913801056117
2019-12-24 01:30:00,6396.506918225587
2019-12-24 02:00:00,6139.618363359222
2019-12-24 02:30:00,6062.057497458115
2019-12-24 03:00:00,5923.848020681939
2019-12-24 03:30:00,5975.169184178356
2019-12-24 04:00:00,6009.9426715081445
2019-12-24 04:30:00,6139.545592461475
2019-12-24 05:00:00,6221.79249320302
2019-12-24 05:30:00,6488.877231640958
2019-12-24 06:00:00,6973.429953092302
2019-12-24 06:30:00,7066.947970566162
2019-12-24 07:00:00,7874.578943765797
2019-12-24 07:30:00,7888.142090834643
2019-12-24 08:00:00,8046.791011327125
2019-12-24 08:30:00,8049.03430066059
2019-12-24 09:00:00,7926.860674923109
2019-12-24 09:30:00,7915.117662547381
2019-12-24 10:00:00,8018.711644248176
2019-12-24 10:30:00,7990.049828619696
2019-12-24 11:00:00,7763.901998412965
2019-12-24 11:30:00,7818.754297440968
2019-12-24 12:00:00,7892.796813385073
2019-12-24 12:30:00,7866.557006226581
2019-12-24 13:00:00,7937.843687765302
2019-12-24 13:30:00,7882.562786036143
2019-12-24 14:00:00,7972.413283382809
2019-12-24 14:30:00,7967.029451435088
2019-12-24 15:00:00,8024.235149423307
2019-12-24 15:30:00,8054.039676202604
2019-12-24 16:00:00,8197.551841177932
2019-12-24 16:30:00,8320.528972683926
2019-12-24 17:00:00,8621.165484571506
2019-12-24 17:30:00,8621.165484571506
2019-12-24 18:00:00,8462.261166912938
2019-12-24 18:30:00,8358.015094000139
2019-12-24 19:00:00,8350.613698293686
2019-12-24 19:30:00,8315.745559869929
2019-12-24 20:00:00,8236.02273254582
2019-12-24 20:30:00,8142.052615864086
2019-12-24 21:00:00,7940.199464228223
2019-12-24 21:30:00,7939.520382492739
2019-12-24 22:00:00,7833.934169608356
2019-12-24 22:30:00,7834.622038379359
2019-12-24 23:00:00,7659.773614102542
2019-12-24 23:30:00,7570.353062567403
2019-12-25 00:00:00,6794.850888390304
2019-12-25 00:30:00,6592.5505276098565
2019-12-25 01:00:00,6390.314360155231
2019-12-25 01:30:00,6178.827570414435
2019-12-25 02:00:00,6028.346000840149
2019-12-25 02:30:00,5919.181027823498
2019-12-25 03:00:00,5806.755563458208
2019-12-25 03:30:00,5806.755563458208
2019-12-25 04:00:00,5733.612102596664
2019-12-25 04:30:00,5901.979823762121
2019-12-25 05:00:00,5846.661678577281
2019-12-25 05:30:00,5954.215293144003
2019-12-25 06:00:00,6014.94952290365
2019-12-25 06:30:00,6172.808549512212
2019-12-25 07:00:00,6452.488363783279
2019-12-25 07:30:00,6709.302370142164
2019-12-25 08:00:00,6866.278502803986
2019-12-25 08:30:00,6907.117382373759
2019-12-25 09:00:00,7080.709205944647
2019-12-25 09:30:00,6823.691535630067
2019-12-25 10:00:00,7013.844059399798
2019-12-25 10:30:00,7013.844059399798
2019-12-25 11:00:00,6995.909507961079
2019-12-25 11:30:00,7014.701121226702
2019-12-25 12:00:00,6887.824362459779
2019-12-25 12:30:00,7022.323361609147
2019-12-25 13:00:00,7036.7135697037675
2019-12-25 13:30:00,7019.229313313522
2019-12-25 14:00:00,7083.0851251455815
2019-12-25 14:30:00,7116.051390320943
2019-12-25 15:00:00,7225.981263800977
2019-12-25 15:30:00,7157.572713043856
2019-12-25 16:00:00,7267.649800992879
2019-12-25 16:30:00,7268.473655765214
2019-12-25 17:00:00,7548.54016285189
2019-12-25 17:30:00,7360.812061112576
2019-12-25 18:00:00,7464.924498575752
2019-12-25 18:30:00,7249.984188358427
2019-12-25 19:00:00,7329.653362502361
2019-12-25 19:30:00,7181.030468116017
2019-12-25 20:00:00,7140.280491105627
2019-12-25 20:30:00,7157.9566648513855
2019-12-25 21:00:00,7037.225141843557
2019-12-25 21:30:00,7037.225141843557
2019-12-25 22:00:00,7005.075387663534
2019-12-25 22:30:00,6917.479382791645
2019-12-25 23:00:00,6830.380201891397
2019-12-25 23:30:00,6687.387967150828
2019-12-26 00:00:00,6641.163914905189
2019-12-26 00:30:00,6456.508593431385
2019-12-26 01:00:00,6280.25077166453
2019-12-26 01:30:00,6095.729267934561
2019-12-26 02:00:00,5860.068422915292
2019-12-26 02:30:00,5760.858015160306
2019-12-26 03:00:00,5654.66251342725
2019-12-26 03:30:00,5654.66251342725
2019-12-26 04:00:00,5587.357353314528
2019-12-26 04:30:00,5649.280632462662
2019-12-26 05:00:00,5585.231204562824
2019-12-26 05:30:00,5638.836135456182
2019-12-26 06:00:00,5784.559648465506
2019-12-26 06:30:00,5857.176186047859
2019-12-26 07:00:00,6114.271155463587
2019-12-26 07:30:00,6130.036690529634
2019-12-26 08:00:00,6281.774419754649
2019-12-26 08:30:00,6390.2357197719475
2019-12-26 09:00:00,6634.740025143333
2019-12-26 09:30:00,6757.950220501601
2019-12-26 10:00:00,6776.0491518467725
2019-12-26 10:30:00,6764.473988475313
2019-12-26 11:00:00,6707.656222665264
2019-12-26 11:30:00,6691.687586211049
2019-12-26 12:00:00,6643.220948089711
2019-12-26 12:30:00,6576.386009344765
2019-12-26 13:00:00,6650.122413755454
2019-12-26 13:30:00,6645.305214269267
2019-12-26 14:00:00,6666.459305122657
2019-12-26 14:30:00,6782.384451611499
2019-12-26 15:00:00,6854.848880746125
2019-12-26 15:30:00,6967.307899564139
2019-12-26 16:00:00,7087.259746727654
2019-12-26 16:30:00,7177.945231580423
2019-12-26 17:00:00,7264.324356752868
2019-12-26 17:30:00,7364.1279508087855
2019-12-26 18:00:00,7206.619744780921
2019-12-26 18:30:00,7147.4301022210675
2019-12-26 19:00:00,7228.272023723784
2019-12-26 19:30:00,7268.1003874269745
2019-12-26 20:00:00,7082.908294318747
2019-12-26 20:30:00,7105.123923363689
2019-12-26 21:00:00,6916.327451571977
2019-12-26 21:30:00,6896.112181196007
2019-12-26 22:00:00,6873.385218047434
2019-12-26 22:30:00,6827.8080261660825
2019-12-26 23:00:00,6664.604882583944
2019-12-26 23:30:00,6531.141418709595
2019-12-27 00:00:00,6856.931288534848
2019-12-27 00:30:00,6738.623951595743
2019-12-27 01:00:00,6505.404752022552
2019-12-27 01:30:00,6264.982761973278
2019-12-27 02:00:00,6063.269554707622
2019-12-27 02:30:00,5947.9918139288275
2019-12-27 03:00:00,5884.785956693409
2019-12-27 03:30:00,5884.209397709906
2019-12-27 04:00:00,5914.651999117208
2019-12-27 04:30:00,5914.651999117208
2019-12-27 05:00:00,5997.228780400121
2019-12-27 05:30:00,6075.864855083615
2019-12-27 06:00:00,6438.252827226135
2019-12-27 06:30:00,6532.673723080724
2019-12-27 07:00:00,6888.2223527951355
2019-12-27 07:30:00,6975.610305096318
2019-12-27 08:00:00,7078.364161737429
2019-12-27 08:30:00,7301.138383487414
2019-12-27 09:00:00,7329.3993087100625
2019-12-27 09:30:00,7394.587122141624
2019-12-27 10:00:00,7239.085610204328
2019-12-27 10:30:00,7306.419273317926
2019-12-27 11:00:00,7335.182836588009
2019-12-27 11:30:00,7449.850160745932
2019-12-27 12:00:00,7612.458158598073
2019-12-27 12:30:00,7621.097014294802
2019-12-27 13:00:00,7753.995289083629
2019-12-27 13:30:00,7885.893054415048
2019-12-27 14:00:00,7926.560883723256
2019-12-27 14:30:00,8155.403613244453
2019-12-27 15:00:00,8244.238748973936
2019-12-27 15:30:00,8507.22933781478
2019-12-27 16:00:00,8743.774780400583
2019-12-27 16:30:00,8927.948763860017
2019-12-27 17:00:00,8832.560301791891
2019-12-27 17:30:00,8893.568731999578
2019-12-27 18:00:00,8829.946497800107
2019-12-27 18:30:00,8669.232092091212
2019-12-27 19:00:00,8504.078139627558
2019-12-27 19:30:00,8469.81185635953
2019-12-27 20:00:00,8487.42799016985
2019-12-27 20:30:00,8319.87276133647
2019-12-27 21:00:00,7973.16534803983
2019-12-27 21:30:00,7899.249598133687
2019-12-27 22:00:00,7645.398302561918
2019-12-27 22:30:00,7511.0894023211695
2019-12-27 23:00:00,7306.616066866026
2019-12-27 23:30:00,7126.899328450086
2019-12-28 00:00:00,6958.800336635122
2019-12-28 00:30:00,6764.076264565576
2019-12-28 01:00:00,6585.432128651883
2019-12-28 01:30:00,6385.310027073706
2019-12-28 02:00:00,6106.354262670829
2019-12-28 02:30:00,6066.474669686117
2019-12-28 03:00:00,5913.420448064768
2019-12-28 03:30:00,5913.420448064768
2019-12-28 04:00:00,5932.496479496689
2019-12-28 04:30:00,6009.255413787621
2019-12-28 05:00:00,5873.948574848588
2019-12-28 05:30:00,6012.078192382394
2019-12-28 06:00:00,6364.329837208092
2019-12-28 06:30:00,6455.027161119925
2019-12-28 07:00:00,6759.052533627351
2019-12-28 07:30:00,6736.00263604299
2019-12-28 08:00:00,6998.455018471235
2019-12-28 08:30:00,7038.589552304878
2019-12-28 09:00:00,7305.80980709138
2019-12-28 09:30:00,7377.500853392605
2019-12-28 10:00:00,7426.541141107787
2019-12-28 10:30:00,7488.614595604017
2019-12-28 11:00:00,7524.563741112123
2019-12-28 11:30:00,7579.116421817426
2019-12-28 12:00:00,7581.798807752202
2019-12-28 12:30:00,7602.004703266007
2019-12-28 13:00:00,7769.714116626442
2019-12-28 13:30:00,7842.74098161475
2019-12-28 14:00:00,8016.369804042448
2019-12-28 14:30:00,8198.559192364046
2019-12-28 15:00:00,8317.136659107775
2019-12-28 15:30:00,8515.787831703388
2019-12-28 16:00:00,8850.148819684897
2019-12-28 16:30:00,8951.04670056821
2019-12-28 17:00:00,9008.34508006313
2019-12-28 17:30:00,8887.539720333712
2019-12-28 18:00:00,8974.423459888223
2019-12-28 18:30:00,8798.80813474521
2019-12-28 19:00:00,8621.233280506583
2019-12-28 19:30:00,8442.006815569914
2019-12-28 20:00:00,8355.83633875916
2019-12-28 20:30:00,8204.67289017829
2019-12-28 21:00:00,7954.6030767049415
2019-12-28 21:30:00,7865.58251595536
2019-12-28 22:00:00,7749.098653156802
2019-12-28 22:30:00,7549.452621458334
2019-12-28 23:00:00,7380.218461561572
2019-12-28 23:30:00,7179.3752432716865
2019-12-29 00:00:00,6899.2990655151925
2019-12-29 00:30:00,6605.814683285624
2019-12-29 01:00:00,6489.271971328403
2019-12-29 01:30:00,6194.115728310275
2019-12-29 02:00:00,6008.855366389143
2019-12-29 02:30:00,5966.4647692221515
2019-12-29 03:00:00,5896.881816430486
2019-12-29 03:30:00,5858.397332571578
2019-12-29 04:00:00,5843.563782879911
2019-12-29 04:30:00,5887.409337541301
2019-12-29 05:00:00,5881.764830246996
2019-12-29 05:30:00,5910.707554084579
2019-12-29 06:00:00,5982.315639835682
2019-12-29 06:30:00,6044.52581243339
2019-12-29 07:00:00,6056.481176331804
2019-12-29 07:30:00,6235.255965993764
2019-12-29 08:00:00,6533.3038066586405
2019-12-29 08:30:00,6674.205756952622
2019-12-29 09:00:00,6895.922237846932
2019-12-29 09:30:00,6858.763394188669
2019-12-29 10:00:00,6985.251919357879
2019-12-29 10:30:00,7111.64268894431
2019-12-29 11:00:00,7410.874610298977
2019-12-29 11:30:00,7714.803684129979
2019-12-29 12:00:00,7855.934399974863
2019-12-29 12:30:00,8161.733549393256
2019-12-29 13:00:00,8284.596574485602
2019-12-29 13:30:00,8480.666061054953
2019-12-29 14:00:00,8645.220770921083
2019-12-29 14:30:00,8863.528178345008
2019-12-29 15:00:00,9111.366332490235
2019-12-29 15:30:00,9319.96822615871
2019-12-29 16:00:00,9456.270371104178
2019-12-29 16:30:00,9574.588757310858
2019-12-29 17:00:00,9415.258097414255
2019-12-29 17:30:00,9885.766856866187
2019-12-29 18:00:00,9463.720921797236
2019-12-29 18:30:00,9424.337513101125
2019-12-29 19:00:00,9284.476120007443
2019-12-29 19:30:00,9323.095409214466
2019-12-29 20:00:00,9247.686158358909
2019-12-29 20:30:00,8940.897786353149
2019-12-29 21:00:00,8667.502556611958
2019-12-29 21:30:00,8361.270654728221
2019-12-29 22:00:00,7926.705432447079
2019-12-29 22:30:00,7752.888321411543
2019-12-29 23:00:00,7410.694525958299
2019-12-29 23:30:00,7119.263557328564
2019-12-30 00:00:00,7269.444275503529
2019-12-30 00:30:00,7009.392916606028
2019-12-30 01:00:00,6821.9905304410895
2019-12-30 01:30:00,6629.144230465959
2019-12-30 02:00:00,6410.690834312451
2019-12-30 02:30:00,6246.3440776894295
2019-12-30 03:00:00,6238.798441418887
2019-12-30 03:30:00,6175.336727009995
2019-12-30 04:00:00,6288.309910329054
2019-12-30 04:30:00,6353.882505630219
2019-12-30 05:00:00,6732.5475009833535
2019-12-30 05:30:00,6798.430302382557
2019-12-30 06:00:00,7441.028964290987
2019-12-30 06:30:00,7648.639039834288
2019-12-30 07:00:00,8080.643621877876
2019-12-30 07:30:00,8238.21543670165
2019-12-30 08:00:00,8223.570375030185
2019-12-30 08:30:00,8393.890437729086
2019-12-30 09:00:00,8305.430282929794
2019-12-30 09:30:00,8521.768817489952
2019-12-30 10:00:00,8544.23673534699
2019-12-30 10:30:00,8786.384805755872
2019-12-30 11:00:00,8881.270163016732
2019-12-30 11:30:00,9062.606488012825
2019-12-30 12:00:00,9172.923324920208
2019-12-30 12:30:00,9446.346531429477
2019-12-30 13:00:00,9611.531799966178
2019-12-30 13:30:00,9702.27406672354
2019-12-30 14:00:00,9736.327141379279
2019-12-30 14:30:00,9869.3879708504
2019-12-30 15:00:00,9850.622007484802
2019-12-30 15:30:00,9881.281287721678
2019-12-30 16:00:00,10071.276523305003
2019-12-30 16:30:00,9908.600480553625
2019-12-30 17:00:00,9656.13305111204
2019-12-30 17:30:00,9649.710969128091
2019-12-30 18:00:00,9852.838568979823
2019-12-30 18:30:00,9894.778630921812
2019-12-30 19:00:00,9601.563038220656
2019-12-30 19:30:00,9671.086492496126
2019-12-30 20:00:00,9596.300856620797
2019-12-30 20:30:00,9379.242848929323
2019-12-30 21:00:00,9135.427517852137
2019-12-30 21:30:00,8945.199571841922
2019-12-30 22:00:00,8593.27747695234
2019-12-30 22:30:00,8419.373832548023
2019-12-30 23:00:00,8318.692613961208
2019-12-30 23:30:00,7986.328987402855
2019-12-31 00:00:00,7678.939877566735
2019-12-31 00:30:00,7462.006925549649
2019-12-31 01:00:00,7237.151004614711
2019-12-31 01:30:00,6907.719146841339
2019-12-31 02:00:00,6523.507018548228
2019-12-31 02:30:00,6406.96841140762
2019-12-31 03:00:00,6319.172388727606
2019-12-31 03:30:00,6276.098648996791
2019-12-31 04:00:00,6286.059930353351
2019-12-31 04:30:00,6427.963431855412
2019-12-31 05:00:00,6561.3225673498255
2019-12-31 05:30:00,6749.093501482039
2019-12-31 06:00:00,7053.646418111343
2019-12-31 06:30:00,7277.932422741271
2019-12-31 07:00:00,7934.71793715219
2019-12-31 07:30:00,7924.102551464445
2019-12-31 08:00:00,8068.888442511265
2019-12-31 08:30:00,8054.101306679653
2019-12-31 09:00:00,8107.949586434938
2019-12-31 09:30:00,8150.802740816872
2019-12-31 10:00:00,8255.983523824692
2019-12-31 10:30:00,8335.422548260987
2019-12-31 11:00:00,8476.00906581625
2019-12-31 11:30:00,8612.941375774155
2019-12-31 12:00:00,8925.361402244274
2019-12-31 12:30:00,9012.92096316037
2019-12-31 13:00:00,9189.592767135931
2019-12-31 13:30:00,9218.211276808164
2019-12-31 14:00:00,9477.694155023193
2019-12-31 14:30:00,9670.789490601712
2019-12-31 15:00:00,9934.452606889154
2019-12-31 15:30:00,9919.263438287147
2019-12-31 16:00:00,10012.829118737935
2019-12-31 16:30:00,10062.441335563644
2019-12-31 17:00:00,9740.604511463478
2019-12-31 17:30:00,9833.658258319374
2019-12-31 18:00:00,9940.08742293019
2019-12-31 18:30:00,9966.122211443628
2019-12-31 19:00:00,9341.251781346571
2019-12-31 19:30:00,9620.171870377744
2019-12-31 20:00:00,9483.324336393638
2019-12-31 20:30:00,9309.260779497881
2019-12-31 21:00:00,8957.570687481862
2019-12-31 21:30:00,8824.668781806458
2019-12-31 22:00:00,8498.596919371503
2019-12-31 22:30:00,8292.048208477207
2019-12-31 23:00:00,7962.515984383113
2019-12-31 23:30:00,7762.34388103717
