DATETIME,prophet_no_radiation_day_before
1/01/2019 0:00,7298.810942
1/01/2019 0:30,7084.612591
1/01/2019 1:00,6915.380603
1/01/2019 1:30,6642.640293
1/01/2019 2:00,6462.305398
1/01/2019 2:30,6277.245942
1/01/2019 3:00,6206.659249
1/01/2019 3:30,6153.907141
1/01/2019 4:00,6109.117525
1/01/2019 4:30,6206.961981
1/01/2019 5:00,6265.318125
1/01/2019 5:30,6495.36136
1/01/2019 6:00,6757.688022
1/01/2019 6:30,7017.186571
1/01/2019 7:00,7358.363432
1/01/2019 7:30,7621.635756
1/01/2019 8:00,7868.062404
1/01/2019 8:30,8146.075806
1/01/2019 9:00,8287.723596
1/01/2019 9:30,8356.311277
1/01/2019 10:00,8440.599362
1/01/2019 10:30,8494.07724
1/01/2019 11:00,8656.703948
1/01/2019 11:30,8783.580983
1/01/2019 12:00,8919.734426
1/01/2019 12:30,9066.072758
1/01/2019 13:00,9203.75742
1/01/2019 13:30,9268.7437
1/01/2019 14:00,9308.708166
1/01/2019 14:30,9462.23371
1/01/2019 15:00,9513.035663
1/01/2019 15:30,9542.395811
1/01/2019 16:00,9482.66704
1/01/2019 16:30,9378.977517
1/01/2019 17:00,9260.536713
1/01/2019 17:30,9029.829469
1/01/2019 18:00,8856.256331
1/01/2019 18:30,8567.504985
1/01/2019 19:00,8364.385329
1/01/2019 19:30,8172.98216
1/01/2019 20:00,8023.422207
1/01/2019 20:30,7810.760661
1/01/2019 21:00,7671.209584
1/01/2019 21:30,7664.574267
1/01/2019 22:00,7540.04848
1/01/2019 22:30,7496.258098
1/01/2019 23:00,7333.064103
1/01/2019 23:30,7167.904987
2/01/2019 0:00,7726.88356
2/01/2019 0:30,7559.757923
2/01/2019 1:00,7338.971745
2/01/2019 1:30,7027.547527
2/01/2019 2:00,6789.958877
2/01/2019 2:30,6592.132024
2/01/2019 3:00,6468.128695
2/01/2019 3:30,6371.043347
2/01/2019 4:00,6306.313021
2/01/2019 4:30,6334.482186
2/01/2019 5:00,6351.240397
2/01/2019 5:30,6478.934391
2/01/2019 6:00,6630.097419
2/01/2019 6:30,6832.980196
2/01/2019 7:00,7022.8221
2/01/2019 7:30,7285.615887
2/01/2019 8:00,7471.754744
2/01/2019 8:30,7718.136045
2/01/2019 9:00,7899.692517
2/01/2019 9:30,8099.302066
2/01/2019 10:00,8291.166034
2/01/2019 10:30,8449.902798
2/01/2019 11:00,8575.568811
2/01/2019 11:30,8709.568722
2/01/2019 12:00,8863.743214
2/01/2019 12:30,8986.231599
2/01/2019 13:00,9097.774251
2/01/2019 13:30,9210.555802
2/01/2019 14:00,9339.422684
2/01/2019 14:30,9443.716393
2/01/2019 15:00,9570.318249
2/01/2019 15:30,9694.815486
2/01/2019 16:00,9830.070799
2/01/2019 16:30,9975.348653
2/01/2019 17:00,10141.61246
2/01/2019 17:30,10205.92122
2/01/2019 18:00,10222.37608
2/01/2019 18:30,10098.15997
2/01/2019 19:00,9891.318058
2/01/2019 19:30,9681.013872
2/01/2019 20:00,9556.851508
2/01/2019 20:30,9359.961632
2/01/2019 21:00,9120.618844
2/01/2019 21:30,8894.103141
2/01/2019 22:00,8573.807228
2/01/2019 22:30,8431.520237
2/01/2019 23:00,8162.067723
2/01/2019 23:30,7947.184513
3/01/2019 0:00,7707.956297
3/01/2019 0:30,7467.046897
3/01/2019 1:00,7250.837643
3/01/2019 1:30,6967.170719
3/01/2019 2:00,6758.839122
3/01/2019 2:30,6580.393786
3/01/2019 3:00,6498.874031
3/01/2019 3:30,6465.013347
3/01/2019 4:00,6480.013204
3/01/2019 4:30,6620.72612
3/01/2019 5:00,6704.07982
3/01/2019 5:30,6996.396846
3/01/2019 6:00,7302.934102
3/01/2019 6:30,7639.453379
3/01/2019 7:00,7967.357742
3/01/2019 7:30,8268.997412
3/01/2019 8:00,8507.811137
3/01/2019 8:30,8722.089832
3/01/2019 9:00,8880.412212
3/01/2019 9:30,9015.564885
3/01/2019 10:00,9161.191329
3/01/2019 10:30,9328.489037
3/01/2019 11:00,9451.068143
3/01/2019 11:30,9568.39212
3/01/2019 12:00,9692.797322
3/01/2019 12:30,9775.819594
3/01/2019 13:00,9922.996034
3/01/2019 13:30,10036.23521
3/01/2019 14:00,10164.4465
3/01/2019 14:30,10335.91329
3/01/2019 15:00,10324.96423
3/01/2019 15:30,10248.04789
3/01/2019 16:00,10247.74085
3/01/2019 16:30,10120.80588
3/01/2019 17:00,10131.18686
3/01/2019 17:30,10026.94486
3/01/2019 18:00,10055.51558
3/01/2019 18:30,9891.280346
3/01/2019 19:00,9699.30802
3/01/2019 19:30,9572.700345
3/01/2019 20:00,9439.939453
3/01/2019 20:30,9256.120137
3/01/2019 21:00,8977.663434
3/01/2019 21:30,8841.109144
3/01/2019 22:00,8522.918052
3/01/2019 22:30,8406.967917
3/01/2019 23:00,8152.36003
3/01/2019 23:30,7983.170498
4/01/2019 0:00,7807.999582
4/01/2019 0:30,7583.899167
4/01/2019 1:00,7380.864785
4/01/2019 1:30,7111.486891
4/01/2019 2:00,6888.815746
4/01/2019 2:30,6730.312591
4/01/2019 3:00,6652.323232
4/01/2019 3:30,6584.342486
4/01/2019 4:00,6567.714138
4/01/2019 4:30,6672.865778
4/01/2019 5:00,6769.880691
4/01/2019 5:30,7051.898936
4/01/2019 6:00,7313.029316
4/01/2019 6:30,7654.747411
4/01/2019 7:00,8038.251532
4/01/2019 7:30,8327.409075
4/01/2019 8:00,8524.546492
4/01/2019 8:30,8713.274964
4/01/2019 9:00,8758.76458
4/01/2019 9:30,8880.092029
4/01/2019 10:00,8953.811293
4/01/2019 10:30,9015.614907
4/01/2019 11:00,9123.178203
4/01/2019 11:30,9191.440529
4/01/2019 12:00,9313.647032
4/01/2019 12:30,9368.152077
4/01/2019 13:00,9384.924794
4/01/2019 13:30,9463.962814
4/01/2019 14:00,9553.305318
4/01/2019 14:30,9689.208381
4/01/2019 15:00,9799.840629
4/01/2019 15:30,9933.407477
4/01/2019 16:00,10019.55089
4/01/2019 16:30,9980.363239
4/01/2019 17:00,9955.409476
4/01/2019 17:30,9817.637068
4/01/2019 18:00,9794.959847
4/01/2019 18:30,9685.627937
4/01/2019 19:00,9512.483151
4/01/2019 19:30,9396.29447
4/01/2019 20:00,9293.515263
4/01/2019 20:30,9089.522711
4/01/2019 21:00,8806.83811
4/01/2019 21:30,8639.415358
4/01/2019 22:00,8423.604403
4/01/2019 22:30,8242.357392
4/01/2019 23:00,8000.008895
4/01/2019 23:30,7797.02093
5/01/2019 0:00,7468.329728
5/01/2019 0:30,7246.934014
5/01/2019 1:00,6999.99296
5/01/2019 1:30,6724.774722
5/01/2019 2:00,6463.147355
5/01/2019 2:30,6301.564371
5/01/2019 3:00,6187.71129
5/01/2019 3:30,6147.966799
5/01/2019 4:00,6123.495295
5/01/2019 4:30,6250.834208
5/01/2019 5:00,6330.58553
5/01/2019 5:30,6612.140071
5/01/2019 6:00,6914.250792
5/01/2019 6:30,7244.987042
5/01/2019 7:00,7563.240484
5/01/2019 7:30,7836.294992
5/01/2019 8:00,8004.131469
5/01/2019 8:30,8228.30149
5/01/2019 9:00,8361.976269
5/01/2019 9:30,8473.912497
5/01/2019 10:00,8608.474157
5/01/2019 10:30,8718.82439
5/01/2019 11:00,8832.441618
5/01/2019 11:30,8917.776209
5/01/2019 12:00,9015.149793
5/01/2019 12:30,9147.904483
5/01/2019 13:00,9250.002846
5/01/2019 13:30,9365.227942
5/01/2019 14:00,9499.809981
5/01/2019 14:30,9662.744959
5/01/2019 15:00,9842.27485
5/01/2019 15:30,9976.997905
5/01/2019 16:00,10152.36023
5/01/2019 16:30,10267.06158
5/01/2019 17:00,10340.80045
5/01/2019 17:30,10203.29848
5/01/2019 18:00,10210.9909
5/01/2019 18:30,9991.218212
5/01/2019 19:00,9718.921805
5/01/2019 19:30,9572.69927
5/01/2019 20:00,9459.615558
5/01/2019 20:30,9279.725689
5/01/2019 21:00,8971.794645
5/01/2019 21:30,8715.323184
5/01/2019 22:00,8370.997571
5/01/2019 22:30,8186.682525
5/01/2019 23:00,7894.931541
5/01/2019 23:30,7645.300237
6/01/2019 0:00,7558.760088
6/01/2019 0:30,7267.089494
6/01/2019 1:00,6965.563496
6/01/2019 1:30,6666.003511
6/01/2019 2:00,6435.900004
6/01/2019 2:30,6270.479586
6/01/2019 3:00,6152.810883
6/01/2019 3:30,6077.786524
6/01/2019 4:00,6040.144684
6/01/2019 4:30,6107.73346
6/01/2019 5:00,6153.9692
6/01/2019 5:30,6330.052154
6/01/2019 6:00,6535.858465
6/01/2019 6:30,6852.125481
6/01/2019 7:00,7235.010938
6/01/2019 7:30,7590.228919
6/01/2019 8:00,7956.519733
6/01/2019 8:30,8339.399425
6/01/2019 9:00,8621.21587
6/01/2019 9:30,8885.085128
6/01/2019 10:00,9122.344311
6/01/2019 10:30,9357.938398
6/01/2019 11:00,9444.216077
6/01/2019 11:30,9579.703202
6/01/2019 12:00,9684.393219
6/01/2019 12:30,9767.899695
6/01/2019 13:00,9824.61272
6/01/2019 13:30,9740.281392
6/01/2019 14:00,9694.834791
6/01/2019 14:30,9516.00915
6/01/2019 15:00,9464.801608
6/01/2019 15:30,9442.135734
6/01/2019 16:00,9326.600181
6/01/2019 16:30,9259.231055
6/01/2019 17:00,9224.760094
6/01/2019 17:30,9095.087509
6/01/2019 18:00,9068.961177
6/01/2019 18:30,8881.958416
6/01/2019 19:00,8664.644766
6/01/2019 19:30,8603.096785
6/01/2019 20:00,8477.444849
6/01/2019 20:30,8294.584254
6/01/2019 21:00,8117.697139
6/01/2019 21:30,8009.627056
6/01/2019 22:00,7845.000555
6/01/2019 22:30,7748.838063
6/01/2019 23:00,7602.973486
6/01/2019 23:30,7463.310467
7/01/2019 0:00,7595.964759
7/01/2019 0:30,7430.203229
7/01/2019 1:00,7238.88318
7/01/2019 1:30,7023.639871
7/01/2019 2:00,6873.858118
7/01/2019 2:30,6715.839027
7/01/2019 3:00,6668.267609
7/01/2019 3:30,6653.63488
7/01/2019 4:00,6647.371598
7/01/2019 4:30,6704.101978
7/01/2019 5:00,6774.152361
7/01/2019 5:30,6934.716305
7/01/2019 6:00,7087.983152
7/01/2019 6:30,7347.693208
7/01/2019 7:00,7586.179003
7/01/2019 7:30,7791.229841
7/01/2019 8:00,8001.27769
7/01/2019 8:30,8161.79337
7/01/2019 9:00,8284.939159
7/01/2019 9:30,8354.599848
7/01/2019 10:00,8367.606738
7/01/2019 10:30,8378.460884
7/01/2019 11:00,8357.946232
7/01/2019 11:30,8282.182692
7/01/2019 12:00,8272.955591
7/01/2019 12:30,8247.22131
7/01/2019 13:00,8226.534371
7/01/2019 13:30,8204.075937
7/01/2019 14:00,8232.021314
7/01/2019 14:30,8286.667709
7/01/2019 15:00,8368.370664
7/01/2019 15:30,8453.820102
7/01/2019 16:00,8565.135506
7/01/2019 16:30,8682.891915
7/01/2019 17:00,8841.143085
7/01/2019 17:30,8919.750384
7/01/2019 18:00,9003.330061
7/01/2019 18:30,8974.600962
7/01/2019 19:00,8919.843891
7/01/2019 19:30,8858.053484
7/01/2019 20:00,8806.711612
7/01/2019 20:30,8683.511279
7/01/2019 21:00,8507.451629
7/01/2019 21:30,8382.979634
7/01/2019 22:00,8235.25121
7/01/2019 22:30,8149.161242
7/01/2019 23:00,7953.659868
7/01/2019 23:30,7815.207472
8/01/2019 0:00,7322.810459
8/01/2019 0:30,7212.407181
8/01/2019 1:00,7059.772339
8/01/2019 1:30,6824.759675
8/01/2019 2:00,6654.369094
8/01/2019 2:30,6517.132384
8/01/2019 3:00,6450.428833
8/01/2019 3:30,6435.319993
8/01/2019 4:00,6431.637977
8/01/2019 4:30,6616.224723
8/01/2019 5:00,6776.107662
8/01/2019 5:30,7086.757401
8/01/2019 6:00,7416.571245
8/01/2019 6:30,7719.219113
8/01/2019 7:00,8037.526225
8/01/2019 7:30,8291.29279
8/01/2019 8:00,8477.610877
8/01/2019 8:30,8688.194863
8/01/2019 9:00,8747.681512
8/01/2019 9:30,8737.182572
8/01/2019 10:00,8762.371359
8/01/2019 10:30,8715.256679
8/01/2019 11:00,8731.905387
8/01/2019 11:30,8733.016685
8/01/2019 12:00,8701.626406
8/01/2019 12:30,8735.18635
8/01/2019 13:00,8693.871703
8/01/2019 13:30,8683.312898
8/01/2019 14:00,8667.359673
8/01/2019 14:30,8677.654603
8/01/2019 15:00,8756.37515
8/01/2019 15:30,8775.28241
8/01/2019 16:00,8828.209403
8/01/2019 16:30,8873.031115
8/01/2019 17:00,8980.823241
8/01/2019 17:30,8899.345394
8/01/2019 18:00,8987.735155
8/01/2019 18:30,8883.157505
8/01/2019 19:00,8806.496844
8/01/2019 19:30,8747.233309
8/01/2019 20:00,8690.919591
8/01/2019 20:30,8532.568729
8/01/2019 21:00,8326.606633
8/01/2019 21:30,8243.756032
8/01/2019 22:00,8057.147724
8/01/2019 22:30,8001.149954
8/01/2019 23:00,7850.868371
8/01/2019 23:30,7680.774429
9/01/2019 0:00,7603.035531
9/01/2019 0:30,7402.493606
9/01/2019 1:00,7164.92664
9/01/2019 1:30,6954.481119
9/01/2019 2:00,6715.866844
9/01/2019 2:30,6531.197238
9/01/2019 3:00,6480.820401
9/01/2019 3:30,6434.417698
9/01/2019 4:00,6471.837913
9/01/2019 4:30,6607.812054
9/01/2019 5:00,6755.385221
9/01/2019 5:30,7118.412961
9/01/2019 6:00,7424.74856
9/01/2019 6:30,7756.36986
9/01/2019 7:00,8099.506321
9/01/2019 7:30,8377.854537
9/01/2019 8:00,8617.21355
9/01/2019 8:30,8786.882944
9/01/2019 9:00,8815.437775
9/01/2019 9:30,8889.116701
9/01/2019 10:00,8948.348739
9/01/2019 10:30,8978.186377
9/01/2019 11:00,9023.269493
9/01/2019 11:30,9061.922595
9/01/2019 12:00,9112.73524
9/01/2019 12:30,9172.171487
9/01/2019 13:00,9319.348161
9/01/2019 13:30,9361.152825
9/01/2019 14:00,9511.507708
9/01/2019 14:30,9619.451029
9/01/2019 15:00,9830.360865
9/01/2019 15:30,10000.66359
9/01/2019 16:00,10056.27167
9/01/2019 16:30,10065.25585
9/01/2019 17:00,10116.45668
9/01/2019 17:30,9968.686862
9/01/2019 18:00,9986.664893
9/01/2019 18:30,9795.961209
9/01/2019 19:00,9702.8461
9/01/2019 19:30,9562.978247
9/01/2019 20:00,9407.077329
9/01/2019 20:30,9175.727814
9/01/2019 21:00,8856.059555
9/01/2019 21:30,8667.974689
9/01/2019 22:00,8424.05836
9/01/2019 22:30,8296.616893
9/01/2019 23:00,8095.197797
9/01/2019 23:30,7882.033124
10/01/2019 0:00,7737.037847
10/01/2019 0:30,7485.755794
10/01/2019 1:00,7315.57153
10/01/2019 1:30,7002.66399
10/01/2019 2:00,6810.030576
10/01/2019 2:30,6665.349098
10/01/2019 3:00,6571.892237
10/01/2019 3:30,6508.628459
10/01/2019 4:00,6548.272152
10/01/2019 4:30,6726.333166
10/01/2019 5:00,6859.697379
10/01/2019 5:30,7179.600685
10/01/2019 6:00,7521.90987
10/01/2019 6:30,7867.255655
10/01/2019 7:00,8188.371828
10/01/2019 7:30,8465.294653
10/01/2019 8:00,8623.839852
10/01/2019 8:30,8781.259169
10/01/2019 9:00,8970.42785
10/01/2019 9:30,9081.226502
10/01/2019 10:00,9222.602683
10/01/2019 10:30,9318.117383
10/01/2019 11:00,9384.073535
10/01/2019 11:30,9426.73513
10/01/2019 12:00,9466.976327
10/01/2019 12:30,9525.221313
10/01/2019 13:00,9639.615381
10/01/2019 13:30,9656.672289
10/01/2019 14:00,9711.476064
10/01/2019 14:30,9735.360577
10/01/2019 15:00,9741.291921
10/01/2019 15:30,9797.013237
10/01/2019 16:00,9845.706405
10/01/2019 16:30,9778.207204
10/01/2019 17:00,9781.568095
10/01/2019 17:30,9644.559544
10/01/2019 18:00,9591.618465
10/01/2019 18:30,9460.333763
10/01/2019 19:00,9315.005086
10/01/2019 19:30,9211.728184
10/01/2019 20:00,9143.171236
10/01/2019 20:30,8976.920134
10/01/2019 21:00,8700.713917
10/01/2019 21:30,8507.549335
10/01/2019 22:00,8296.860141
10/01/2019 22:30,8174.960969
10/01/2019 23:00,8004.708688
10/01/2019 23:30,7881.432633
11/01/2019 0:00,7734.16963
11/01/2019 0:30,7565.586287
11/01/2019 1:00,7377.747351
11/01/2019 1:30,7068.240446
11/01/2019 2:00,6868.833947
11/01/2019 2:30,6693.420459
11/01/2019 3:00,6651.925919
11/01/2019 3:30,6587.076246
11/01/2019 4:00,6600.959486
11/01/2019 4:30,6772.072109
11/01/2019 5:00,6887.612196
11/01/2019 5:30,7217.034362
11/01/2019 6:00,7561.366842
11/01/2019 6:30,7894.297988
11/01/2019 7:00,8220.632629
11/01/2019 7:30,8499.84384
11/01/2019 8:00,8643.634547
11/01/2019 8:30,8751.022237
11/01/2019 9:00,8795.079457
11/01/2019 9:30,8827.005246
11/01/2019 10:00,8804.994216
11/01/2019 10:30,8794.370481
11/01/2019 11:00,8752.031061
11/01/2019 11:30,8726.377154
11/01/2019 12:00,8703.234038
11/01/2019 12:30,8691.858808
11/01/2019 13:00,8686.638513
11/01/2019 13:30,8720.208651
11/01/2019 14:00,8789.447622
11/01/2019 14:30,8816.753681
11/01/2019 15:00,8855.135216
11/01/2019 15:30,8891.099275
11/01/2019 16:00,8942.112745
11/01/2019 16:30,8987.541991
11/01/2019 17:00,9062.174101
11/01/2019 17:30,9033.504866
11/01/2019 18:00,9091.126116
11/01/2019 18:30,9001.966575
11/01/2019 19:00,8882.259407
11/01/2019 19:30,8818.996988
11/01/2019 20:00,8711.143998
11/01/2019 20:30,8477.695625
11/01/2019 21:00,8246.747716
11/01/2019 21:30,8175.107814
11/01/2019 22:00,7958.104227
11/01/2019 22:30,7873.456398
11/01/2019 23:00,7637.781724
11/01/2019 23:30,7528.111766
12/01/2019 0:00,7230.269734
12/01/2019 0:30,7067.843701
12/01/2019 1:00,6855.299812
12/01/2019 1:30,6578.883312
12/01/2019 2:00,6349.847955
12/01/2019 2:30,6182.447014
12/01/2019 3:00,6101.944185
12/01/2019 3:30,6049.373761
12/01/2019 4:00,6058.44529
12/01/2019 4:30,6222.96718
12/01/2019 5:00,6336.813062
12/01/2019 5:30,6684.730288
12/01/2019 6:00,7017.360523
12/01/2019 6:30,7355.131145
12/01/2019 7:00,7704.975555
12/01/2019 7:30,7917.93662
12/01/2019 8:00,8039.675415
12/01/2019 8:30,8159.945336
12/01/2019 9:00,8225.703795
12/01/2019 9:30,8263.596683
12/01/2019 10:00,8355.977956
12/01/2019 10:30,8322.655403
12/01/2019 11:00,8346.07702
12/01/2019 11:30,8370.989939
12/01/2019 12:00,8476.018098
12/01/2019 12:30,8545.1371
12/01/2019 13:00,8695.931466
12/01/2019 13:30,8853.272781
12/01/2019 14:00,8865.200043
12/01/2019 14:30,8750.711414
12/01/2019 15:00,8730.704227
12/01/2019 15:30,8703.17523
12/01/2019 16:00,8666.890197
12/01/2019 16:30,8694.960483
12/01/2019 17:00,8659.698124
12/01/2019 17:30,8627.739396
12/01/2019 18:00,8656.290372
12/01/2019 18:30,8519.849072
12/01/2019 19:00,8415.091253
12/01/2019 19:30,8329.011939
12/01/2019 20:00,8128.601308
12/01/2019 20:30,7976.285292
12/01/2019 21:00,7768.923323
12/01/2019 21:30,7653.633276
12/01/2019 22:00,7461.131319
12/01/2019 22:30,7391.850622
12/01/2019 23:00,7226.46641
12/01/2019 23:30,7054.492473
13/01/2019 0:00,7057.401672
13/01/2019 0:30,6851.756288
13/01/2019 1:00,6632.953795
13/01/2019 1:30,6305.165704
13/01/2019 2:00,6140.067138
13/01/2019 2:30,5906.92155
13/01/2019 3:00,5853.162434
13/01/2019 3:30,5840.944638
13/01/2019 4:00,5834.127662
13/01/2019 4:30,5883.336468
13/01/2019 5:00,5988.672483
13/01/2019 5:30,6146.208897
13/01/2019 6:00,6371.549491
13/01/2019 6:30,6670.571443
13/01/2019 7:00,6990.571219
13/01/2019 7:30,7238.818916
13/01/2019 8:00,7489.552637
13/01/2019 8:30,7714.963994
13/01/2019 9:00,7764.837177
13/01/2019 9:30,7859.336224
13/01/2019 10:00,7891.428729
13/01/2019 10:30,8044.922611
13/01/2019 11:00,8110.25291
13/01/2019 11:30,8232.697903
13/01/2019 12:00,8398.059085
13/01/2019 12:30,8518.009223
13/01/2019 13:00,8705.341686
13/01/2019 13:30,8858.640217
13/01/2019 14:00,9022.815438
13/01/2019 14:30,9184.333233
13/01/2019 15:00,9339.790308
13/01/2019 15:30,9528.091268
13/01/2019 16:00,9711.988128
13/01/2019 16:30,9837.522467
13/01/2019 17:00,10026.5577
13/01/2019 17:30,10022.14081
13/01/2019 18:00,10092.9848
13/01/2019 18:30,10017.17704
13/01/2019 19:00,9873.109667
13/01/2019 19:30,9703.013383
13/01/2019 20:00,9605.664664
13/01/2019 20:30,9400.23196
13/01/2019 21:00,9132.798117
13/01/2019 21:30,8894.790142
13/01/2019 22:00,8659.979162
13/01/2019 22:30,8464.348283
13/01/2019 23:00,8168.07763
13/01/2019 23:30,7920.127077
14/01/2019 0:00,7989.735552
14/01/2019 0:30,7746.103592
14/01/2019 1:00,7561.26067
14/01/2019 1:30,7333.710753
14/01/2019 2:00,7171.441867
14/01/2019 2:30,6985.734349
14/01/2019 3:00,6881.858565
14/01/2019 3:30,6838.247576
14/01/2019 4:00,6829.551989
14/01/2019 4:30,6886.445341
14/01/2019 5:00,6973.962121
14/01/2019 5:30,7088.723534
14/01/2019 6:00,7282.625301
14/01/2019 6:30,7514.386058
14/01/2019 7:00,7807.422805
14/01/2019 7:30,8043.067634
14/01/2019 8:00,8194.297751
14/01/2019 8:30,8384.398915
14/01/2019 9:00,8515.285332
14/01/2019 9:30,8617.612526
14/01/2019 10:00,8648.278502
14/01/2019 10:30,8699.366311
14/01/2019 11:00,8711.523824
14/01/2019 11:30,8757.226583
14/01/2019 12:00,8842.133683
14/01/2019 12:30,8862.184632
14/01/2019 13:00,8933.080137
14/01/2019 13:30,8981.956635
14/01/2019 14:00,9062.545162
14/01/2019 14:30,9200.983842
14/01/2019 15:00,9289.549231
14/01/2019 15:30,9426.853373
14/01/2019 16:00,9521.19808
14/01/2019 16:30,9606.636439
14/01/2019 17:00,9728.417658
14/01/2019 17:30,9744.042906
14/01/2019 18:00,9836.784964
14/01/2019 18:30,9773.934302
14/01/2019 19:00,9662.410733
14/01/2019 19:30,9580.384602
14/01/2019 20:00,9580.29173
14/01/2019 20:30,9464.631359
14/01/2019 21:00,9222.701309
14/01/2019 21:30,9018.328686
14/01/2019 22:00,8835.886961
14/01/2019 22:30,8689.450264
14/01/2019 23:00,8427.573054
14/01/2019 23:30,8224.453749
15/01/2019 0:00,7707.534622
15/01/2019 0:30,7529.652447
15/01/2019 1:00,7388.412378
15/01/2019 1:30,7170.256107
15/01/2019 2:00,6991.182737
15/01/2019 2:30,6881.84412
15/01/2019 3:00,6793.66326
15/01/2019 3:30,6776.215888
15/01/2019 4:00,6805.703081
15/01/2019 4:30,7006.644741
15/01/2019 5:00,7179.173719
15/01/2019 5:30,7537.638415
15/01/2019 6:00,7878.305353
15/01/2019 6:30,8283.083847
15/01/2019 7:00,8644.835607
15/01/2019 7:30,8940.432116
15/01/2019 8:00,9127.568901
15/01/2019 8:30,9266.917387
15/01/2019 9:00,9313.400905
15/01/2019 9:30,9407.736275
15/01/2019 10:00,9453.532527
15/01/2019 10:30,9492.66943
15/01/2019 11:00,9546.625096
15/01/2019 11:30,9560.276347
15/01/2019 12:00,9639.141503
15/01/2019 12:30,9731.473647
15/01/2019 13:00,9871.486296
15/01/2019 13:30,10000.22818
15/01/2019 14:00,10108.56482
15/01/2019 14:30,10249.79427
15/01/2019 15:00,10380.03239
15/01/2019 15:30,10535.92146
15/01/2019 16:00,10694.26028
15/01/2019 16:30,10805.06221
15/01/2019 17:00,10881.92509
15/01/2019 17:30,10826.42897
15/01/2019 18:00,10858.98438
15/01/2019 18:30,10696.34808
15/01/2019 19:00,10428.98064
15/01/2019 19:30,10259.5431
15/01/2019 20:00,10126.38297
15/01/2019 20:30,9844.349483
15/01/2019 21:00,9511.397357
15/01/2019 21:30,9254.563915
15/01/2019 22:00,8940.532187
15/01/2019 22:30,8757.522124
15/01/2019 23:00,8463.692988
15/01/2019 23:30,8205.127101
16/01/2019 0:00,8082.294418
16/01/2019 0:30,7857.711135
16/01/2019 1:00,7690.446837
16/01/2019 1:30,7375.770223
16/01/2019 2:00,7186.39448
16/01/2019 2:30,7022.149001
16/01/2019 3:00,6920.087705
16/01/2019 3:30,6868.854648
16/01/2019 4:00,6837.709737
16/01/2019 4:30,7028.339528
16/01/2019 5:00,7139.920891
16/01/2019 5:30,7539.41645
16/01/2019 6:00,7841.788028
16/01/2019 6:30,8252.68355
16/01/2019 7:00,8616.782946
16/01/2019 7:30,8941.824316
16/01/2019 8:00,9200.339358
16/01/2019 8:30,9455.161952
16/01/2019 9:00,9557.866401
16/01/2019 9:30,9686.811264
16/01/2019 10:00,9785.271104
16/01/2019 10:30,9971.160623
16/01/2019 11:00,10091.43623
16/01/2019 11:30,10214.71482
16/01/2019 12:00,10392.53826
16/01/2019 12:30,10536.75228
16/01/2019 13:00,10723.63184
16/01/2019 13:30,10842.73274
16/01/2019 14:00,10997.98854
16/01/2019 14:30,11122.6925
16/01/2019 15:00,11342.33422
16/01/2019 15:30,11484.28881
16/01/2019 16:00,11625.05946
16/01/2019 16:30,11735.19847
16/01/2019 17:00,11832.99186
16/01/2019 17:30,11713.92885
16/01/2019 18:00,11727.29832
16/01/2019 18:30,11501.54104
16/01/2019 19:00,11295.09768
16/01/2019 19:30,11047.45004
16/01/2019 20:00,10852.58475
16/01/2019 20:30,10576.40574
16/01/2019 21:00,10174.09194
16/01/2019 21:30,9862.147241
16/01/2019 22:00,9452.717466
16/01/2019 22:30,9222.488202
16/01/2019 23:00,8875.386287
16/01/2019 23:30,8622.26764
17/01/2019 0:00,8326.767939
17/01/2019 0:30,8124.743429
17/01/2019 1:00,7871.876691
17/01/2019 1:30,7568.001544
17/01/2019 2:00,7361.44864
17/01/2019 2:30,7181.943838
17/01/2019 3:00,7069.282338
17/01/2019 3:30,7029.385724
17/01/2019 4:00,7046.290702
17/01/2019 4:30,7182.008944
17/01/2019 5:00,7316.685003
17/01/2019 5:30,7656.91279
17/01/2019 6:00,8025.531982
17/01/2019 6:30,8442.156408
17/01/2019 7:00,8844.639635
17/01/2019 7:30,9221.18791
17/01/2019 8:00,9482.671898
17/01/2019 8:30,9784.6252
17/01/2019 9:00,9971.31069
17/01/2019 9:30,10159.68941
17/01/2019 10:00,10314.28733
17/01/2019 10:30,10514.15184
17/01/2019 11:00,10667.51877
17/01/2019 11:30,10759.6703
17/01/2019 12:00,10926.67893
17/01/2019 12:30,11078.17692
17/01/2019 13:00,11206.39708
17/01/2019 13:30,11300.69164
17/01/2019 14:00,11449.14953
17/01/2019 14:30,11527.76878
17/01/2019 15:00,11672.88122
17/01/2019 15:30,11805.0172
17/01/2019 16:00,11891.94736
17/01/2019 16:30,12030.91871
17/01/2019 17:00,12054.30653
17/01/2019 17:30,11851.37488
17/01/2019 18:00,11892.24203
17/01/2019 18:30,11696.9313
17/01/2019 19:00,11442.47522
17/01/2019 19:30,11162.22269
17/01/2019 20:00,10958.6825
17/01/2019 20:30,10638.54396
17/01/2019 21:00,10223.91467
17/01/2019 21:30,9888.775015
17/01/2019 22:00,9452.84626
17/01/2019 22:30,9179.378362
17/01/2019 23:00,8877.095602
17/01/2019 23:30,8598.875039
18/01/2019 0:00,8362.337833
18/01/2019 0:30,8122.541921
18/01/2019 1:00,7887.39893
18/01/2019 1:30,7604.429358
18/01/2019 2:00,7445.594369
18/01/2019 2:30,7288.478435
18/01/2019 3:00,7184.905231
18/01/2019 3:30,7141.010701
18/01/2019 4:00,7186.878529
18/01/2019 4:30,7349.728682
18/01/2019 5:00,7547.986841
18/01/2019 5:30,7864.390677
18/01/2019 6:00,8238.730205
18/01/2019 6:30,8435.101284
18/01/2019 7:00,9003.77505
18/01/2019 7:30,9355.707707
18/01/2019 8:00,9546.626563
18/01/2019 8:30,9789.431428
18/01/2019 9:00,9945.629059
18/01/2019 9:30,10119.597
18/01/2019 10:00,10285.21859
18/01/2019 10:30,10431.51564
18/01/2019 11:00,10582.8823
18/01/2019 11:30,10660.01137
18/01/2019 12:00,10816.04605
18/01/2019 12:30,10955.08063
18/01/2019 13:00,11108.87995
18/01/2019 13:30,11242.92238
18/01/2019 14:00,11409.9415
18/01/2019 14:30,11464.60044
18/01/2019 15:00,11605.28954
18/01/2019 15:30,11769.61564
18/01/2019 16:00,11976.62248
18/01/2019 16:30,12068.79781
18/01/2019 17:00,12157.90955
18/01/2019 17:30,12055.44282
18/01/2019 18:00,12019.39174
18/01/2019 18:30,11717.51285
18/01/2019 19:00,11346.96932
18/01/2019 19:30,11168.84993
18/01/2019 20:00,10904.73748
18/01/2019 20:30,10548.70998
18/01/2019 21:00,10072.64633
18/01/2019 21:30,9773.290033
18/01/2019 22:00,9363.834892
18/01/2019 22:30,9053.450603
18/01/2019 23:00,8756.568436
18/01/2019 23:30,8501.926787
19/01/2019 0:00,8151.373745
19/01/2019 0:30,7877.586581
19/01/2019 1:00,7626.59246
19/01/2019 1:30,7315.893824
19/01/2019 2:00,7113.227722
19/01/2019 2:30,6900.440493
19/01/2019 3:00,6819.797051
19/01/2019 3:30,6758.890394
19/01/2019 4:00,6744.638756
19/01/2019 4:30,6876.861705
19/01/2019 5:00,7035.958601
19/01/2019 5:30,7404.869483
19/01/2019 6:00,7709.970424
19/01/2019 6:30,8101.43441
19/01/2019 7:00,8518.340368
19/01/2019 7:30,8812.701799
19/01/2019 8:00,9056.009945
19/01/2019 8:30,9228.584749
19/01/2019 9:00,9341.239111
19/01/2019 9:30,9505.160072
19/01/2019 10:00,9649.06656
19/01/2019 10:30,9743.922567
19/01/2019 11:00,9845.485033
19/01/2019 11:30,10015.88216
19/01/2019 12:00,10137.38719
19/01/2019 12:30,10308.17651
19/01/2019 13:00,10442.33277
19/01/2019 13:30,10546.13645
19/01/2019 14:00,10715.15603
19/01/2019 14:30,10891.76796
19/01/2019 15:00,11024.60747
19/01/2019 15:30,11125.12139
19/01/2019 16:00,11242.12203
19/01/2019 16:30,11273.73739
19/01/2019 17:00,11333.07268
19/01/2019 17:30,11227.88683
19/01/2019 18:00,11201.64957
19/01/2019 18:30,10987.07095
19/01/2019 19:00,10749.66193
19/01/2019 19:30,10577.24395
19/01/2019 20:00,10398.13684
19/01/2019 20:30,10144.3064
19/01/2019 21:00,9794.463159
19/01/2019 21:30,9546.349461
19/01/2019 22:00,9291.406633
19/01/2019 22:30,9018.742499
19/01/2019 23:00,8582.343885
19/01/2019 23:30,8261.792161
20/01/2019 0:00,8086.868118
20/01/2019 0:30,7766.052765
20/01/2019 1:00,7497.818641
20/01/2019 1:30,7140.811098
20/01/2019 2:00,6937.376931
20/01/2019 2:30,6693.456433
20/01/2019 3:00,6624.132979
20/01/2019 3:30,6557.758025
20/01/2019 4:00,6522.547673
20/01/2019 4:30,6564.225027
20/01/2019 5:00,6674.396663
20/01/2019 5:30,6834.359576
20/01/2019 6:00,7028.442271
20/01/2019 6:30,7339.692655
20/01/2019 7:00,7684.115683
20/01/2019 7:30,8012.30782
20/01/2019 8:00,8248.627354
20/01/2019 8:30,8455.434732
20/01/2019 9:00,8528.206567
20/01/2019 9:30,8681.406376
20/01/2019 10:00,8830.217882
20/01/2019 10:30,8914.08876
20/01/2019 11:00,8879.263031
20/01/2019 11:30,8791.807575
20/01/2019 12:00,8734.722333
20/01/2019 12:30,8784.725016
20/01/2019 13:00,8746.991775
20/01/2019 13:30,8700.5855
20/01/2019 14:00,8650.383885
20/01/2019 14:30,8692.643315
20/01/2019 15:00,8744.298397
20/01/2019 15:30,8813.950502
20/01/2019 16:00,8872.555495
20/01/2019 16:30,8889.208733
20/01/2019 17:00,8945.633684
20/01/2019 17:30,8940.328917
20/01/2019 18:00,9018.456657
20/01/2019 18:30,8995.021706
20/01/2019 19:00,8898.403027
20/01/2019 19:30,8822.884281
20/01/2019 20:00,8763.272411
20/01/2019 20:30,8628.58891
20/01/2019 21:00,8459.573438
20/01/2019 21:30,8298.873851
20/01/2019 22:00,8193.827052
20/01/2019 22:30,8096.803187
20/01/2019 23:00,7928.713817
20/01/2019 23:30,7803.525004
21/01/2019 0:00,7895.906687
21/01/2019 0:30,7741.62678
21/01/2019 1:00,7554.01212
21/01/2019 1:30,7319.301623
21/01/2019 2:00,7132.355988
21/01/2019 2:30,6999.022248
21/01/2019 3:00,6963.820824
21/01/2019 3:30,6890.610861
21/01/2019 4:00,6932.513929
21/01/2019 4:30,6962.85708
21/01/2019 5:00,7041.420032
21/01/2019 5:30,7197.064213
21/01/2019 6:00,7448.113167
21/01/2019 6:30,7701.946666
21/01/2019 7:00,7971.940804
21/01/2019 7:30,8242.266571
21/01/2019 8:00,8452.964204
21/01/2019 8:30,8668.451281
21/01/2019 9:00,8734.174362
21/01/2019 9:30,8836.097352
21/01/2019 10:00,8806.506025
21/01/2019 10:30,8838.664917
21/01/2019 11:00,8845.014818
21/01/2019 11:30,8897.435925
21/01/2019 12:00,8924.054975
21/01/2019 12:30,8957.01186
21/01/2019 13:00,8998.8012
21/01/2019 13:30,9039.64526
21/01/2019 14:00,9099.918758
21/01/2019 14:30,9235.801072
21/01/2019 15:00,9424.178834
21/01/2019 15:30,9556.643846
21/01/2019 16:00,9621.378985
21/01/2019 16:30,9725.884365
21/01/2019 17:00,9893.060138
21/01/2019 17:30,9856.759011
21/01/2019 18:00,9996.497962
21/01/2019 18:30,9933.284626
21/01/2019 19:00,9843.34111
21/01/2019 19:30,9775.393562
21/01/2019 20:00,9770.420947
21/01/2019 20:30,9529.028632
21/01/2019 21:00,9318.308187
21/01/2019 21:30,9157.789283
21/01/2019 22:00,8975.987322
21/01/2019 22:30,8844.928672
21/01/2019 23:00,8591.465602
21/01/2019 23:30,8409.56484
22/01/2019 0:00,7877.520214
22/01/2019 0:30,7708.017556
22/01/2019 1:00,7571.554873
22/01/2019 1:30,7306.786672
22/01/2019 2:00,7116.09143
22/01/2019 2:30,6965.756724
22/01/2019 3:00,6888.869581
22/01/2019 3:30,6886.927834
22/01/2019 4:00,6951.482782
22/01/2019 4:30,7098.731872
22/01/2019 5:00,7328.257323
22/01/2019 5:30,7742.603161
22/01/2019 6:00,8100.985788
22/01/2019 6:30,8505.731163
22/01/2019 7:00,8867.634253
22/01/2019 7:30,9099.762041
22/01/2019 8:00,9310.815927
22/01/2019 8:30,9474.994005
22/01/2019 9:00,9518.41777
22/01/2019 9:30,9557.106496
22/01/2019 10:00,9610.711762
22/01/2019 10:30,9628.714239
22/01/2019 11:00,9641.155814
22/01/2019 11:30,9669.505149
22/01/2019 12:00,9658.868171
22/01/2019 12:30,9646.03728
22/01/2019 13:00,9655.435925
22/01/2019 13:30,9736.453531
22/01/2019 14:00,9768.36363
22/01/2019 14:30,9779.699858
22/01/2019 15:00,9822.924872
22/01/2019 15:30,9919.839283
22/01/2019 16:00,9965.21228
22/01/2019 16:30,10089.98056
22/01/2019 17:00,10131.08298
22/01/2019 17:30,10057.91419
22/01/2019 18:00,10098.44595
22/01/2019 18:30,10009.14534
22/01/2019 19:00,9888.299224
22/01/2019 19:30,9774.221866
22/01/2019 20:00,9720.949947
22/01/2019 20:30,9531.156086
22/01/2019 21:00,9192.111863
22/01/2019 21:30,9023.542558
22/01/2019 22:00,8760.991285
22/01/2019 22:30,8609.991978
22/01/2019 23:00,8352.130961
22/01/2019 23:30,8155.347062
23/01/2019 0:00,8027.902209
23/01/2019 0:30,7828.171113
23/01/2019 1:00,7608.176777
23/01/2019 1:30,7321.926404
23/01/2019 2:00,7135.999144
23/01/2019 2:30,6934.834321
23/01/2019 3:00,6858.479071
23/01/2019 3:30,6797.799591
23/01/2019 4:00,6800.082681
23/01/2019 4:30,7011.752782
23/01/2019 5:00,7162.157894
23/01/2019 5:30,7523.364201
23/01/2019 6:00,7897.752316
23/01/2019 6:30,8258.175849
23/01/2019 7:00,8642.288804
23/01/2019 7:30,8926.964718
23/01/2019 8:00,9138.202193
23/01/2019 8:30,9365.941148
23/01/2019 9:00,9396.843786
23/01/2019 9:30,9530.914914
23/01/2019 10:00,9642.104878
23/01/2019 10:30,9797.491225
23/01/2019 11:00,9858.595262
23/01/2019 11:30,9977.950083
23/01/2019 12:00,10128.41296
23/01/2019 12:30,10316.74053
23/01/2019 13:00,10484.41624
23/01/2019 13:30,10638.95578
23/01/2019 14:00,10797.15369
23/01/2019 14:30,10973.24342
23/01/2019 15:00,11153.20629
23/01/2019 15:30,11287.33752
23/01/2019 16:00,11509.09911
23/01/2019 16:30,11584.09421
23/01/2019 17:00,11691.12459
23/01/2019 17:30,11585.5791
23/01/2019 18:00,11563.76828
23/01/2019 18:30,11351.73281
23/01/2019 19:00,11111.91847
23/01/2019 19:30,10906.22349
23/01/2019 20:00,10670.2388
23/01/2019 20:30,10335.79917
23/01/2019 21:00,9954.311047
23/01/2019 21:30,9648.044773
23/01/2019 22:00,9321.849313
23/01/2019 22:30,9067.797747
23/01/2019 23:00,8769.790078
23/01/2019 23:30,8485.403652
24/01/2019 0:00,8252.406422
24/01/2019 0:30,8019.990966
24/01/2019 1:00,7753.436717
24/01/2019 1:30,7464.325338
24/01/2019 2:00,7306.142481
24/01/2019 2:30,7101.186158
24/01/2019 3:00,6988.525961
24/01/2019 3:30,6982.014563
24/01/2019 4:00,6973.841084
24/01/2019 4:30,7162.600235
24/01/2019 5:00,7336.353548
24/01/2019 5:30,7756.236103
24/01/2019 6:00,8107.707039
24/01/2019 6:30,8468.129099
24/01/2019 7:00,8851.558531
24/01/2019 7:30,9191.983524
24/01/2019 8:00,9393.203288
24/01/2019 8:30,9562.258698
24/01/2019 9:00,9679.706362
24/01/2019 9:30,9813.315615
24/01/2019 10:00,10032.30995
24/01/2019 10:30,10202.87251
24/01/2019 11:00,10366.26164
24/01/2019 11:30,10457.96419
24/01/2019 12:00,10530.48605
24/01/2019 12:30,10575.83166
24/01/2019 13:00,10638.86047
24/01/2019 13:30,10622.46335
24/01/2019 14:00,10636.78449
24/01/2019 14:30,10533.44784
24/01/2019 15:00,10415.82465
24/01/2019 15:30,10325.36861
24/01/2019 16:00,10317.07765
24/01/2019 16:30,10261.16449
24/01/2019 17:00,10265.20826
24/01/2019 17:30,10056.52933
24/01/2019 18:00,10092.9489
24/01/2019 18:30,9937.475562
24/01/2019 19:00,9791.483433
24/01/2019 19:30,9725.090509
24/01/2019 20:00,9613.304042
24/01/2019 20:30,9402.455486
24/01/2019 21:00,9087.879544
24/01/2019 21:30,8907.341182
24/01/2019 22:00,8662.086851
24/01/2019 22:30,8577.107167
24/01/2019 23:00,8422.28278
24/01/2019 23:30,8179.36365
25/01/2019 0:00,7999.380389
25/01/2019 0:30,7764.857561
25/01/2019 1:00,7559.822608
25/01/2019 1:30,7274.774866
25/01/2019 2:00,7130.108153
25/01/2019 2:30,6961.426777
25/01/2019 3:00,6853.689244
25/01/2019 3:30,6828.439502
25/01/2019 4:00,6850.398432
25/01/2019 4:30,7035.539705
25/01/2019 5:00,7214.985119
25/01/2019 5:30,7604.431383
25/01/2019 6:00,7936.783771
25/01/2019 6:30,8317.878761
25/01/2019 7:00,8648.728174
25/01/2019 7:30,8883.63984
25/01/2019 8:00,9059.267215
25/01/2019 8:30,9216.864635
25/01/2019 9:00,9282.932363
25/01/2019 9:30,9294.266531
25/01/2019 10:00,9310.732972
25/01/2019 10:30,9279.218707
25/01/2019 11:00,9248.549746
25/01/2019 11:30,9226.452876
25/01/2019 12:00,9273.649708
25/01/2019 12:30,9349.679728
25/01/2019 13:00,9402.797051
25/01/2019 13:30,9537.968983
25/01/2019 14:00,9710.269413
25/01/2019 14:30,9904.126397
25/01/2019 15:00,10023.92504
25/01/2019 15:30,10140.05244
25/01/2019 16:00,10253.00516
25/01/2019 16:30,10309.30687
25/01/2019 17:00,10402.43745
25/01/2019 17:30,10322.83955
25/01/2019 18:00,10365.20634
25/01/2019 18:30,10242.22685
25/01/2019 19:00,10128.25505
25/01/2019 19:30,10034.29134
25/01/2019 20:00,9900.456578
25/01/2019 20:30,9615.780125
25/01/2019 21:00,9301.13316
25/01/2019 21:30,9099.365045
25/01/2019 22:00,8840.634052
25/01/2019 22:30,8651.541283
25/01/2019 23:00,8353.018461
25/01/2019 23:30,8103.138729
26/01/2019 0:00,7813.742549
26/01/2019 0:30,7605.601454
26/01/2019 1:00,7377.400154
26/01/2019 1:30,7068.47966
26/01/2019 2:00,6868.416181
26/01/2019 2:30,6697.877174
26/01/2019 3:00,6576.548243
26/01/2019 3:30,6560.250286
26/01/2019 4:00,6562.882245
26/01/2019 4:30,6691.582007
26/01/2019 5:00,6852.422788
26/01/2019 5:30,7197.82471
26/01/2019 6:00,7583.124206
26/01/2019 6:30,7929.448063
26/01/2019 7:00,8342.449679
26/01/2019 7:30,8678.761977
26/01/2019 8:00,8907.480618
26/01/2019 8:30,9134.319108
26/01/2019 9:00,9265.536536
26/01/2019 9:30,9405.298595
26/01/2019 10:00,9540.148849
26/01/2019 10:30,9595.569264
26/01/2019 11:00,9754.776329
26/01/2019 11:30,9855.784093
26/01/2019 12:00,9905.747408
26/01/2019 12:30,10059.71207
26/01/2019 13:00,10223.13519
26/01/2019 13:30,10354.32187
26/01/2019 14:00,10512.34204
26/01/2019 14:30,10658.87884
26/01/2019 15:00,10835.9475
26/01/2019 15:30,10982.92191
26/01/2019 16:00,11131.50762
26/01/2019 16:30,11220.77872
26/01/2019 17:00,11316.37039
26/01/2019 17:30,11223.30137
26/01/2019 18:00,11237.08068
26/01/2019 18:30,10994.19113
26/01/2019 19:00,10824.58413
26/01/2019 19:30,10619.31987
26/01/2019 20:00,10441.78705
26/01/2019 20:30,10149.00871
26/01/2019 21:00,9773.681633
26/01/2019 21:30,9489.975038
26/01/2019 22:00,9122.070322
26/01/2019 22:30,8840.454755
26/01/2019 23:00,8479.383241
26/01/2019 23:30,8177.853442
27/01/2019 0:00,8092.23809
27/01/2019 0:30,7771.297394
27/01/2019 1:00,7489.499265
27/01/2019 1:30,7185.654842
27/01/2019 2:00,6919.200481
27/01/2019 2:30,6769.289839
27/01/2019 3:00,6629.065587
27/01/2019 3:30,6564.98937
27/01/2019 4:00,6535.339204
27/01/2019 4:30,6588.134211
27/01/2019 5:00,6690.272941
27/01/2019 5:30,6833.182673
27/01/2019 6:00,7009.420264
27/01/2019 6:30,7332.540996
27/01/2019 7:00,7711.994535
27/01/2019 7:30,8110.806821
27/01/2019 8:00,8461.417558
27/01/2019 8:30,8868.223156
27/01/2019 9:00,9099.377956
27/01/2019 9:30,9415.545274
27/01/2019 10:00,9594.60292
27/01/2019 10:30,9787.026348
27/01/2019 11:00,9925.849588
27/01/2019 11:30,10025.87534
27/01/2019 12:00,10145.2514
27/01/2019 12:30,10166.34528
27/01/2019 13:00,10216.86265
27/01/2019 13:30,10256.63093
27/01/2019 14:00,10352.28115
27/01/2019 14:30,10396.297
27/01/2019 15:00,10525.55004
27/01/2019 15:30,10628.77944
27/01/2019 16:00,10722.34169
27/01/2019 16:30,10717.39844
27/01/2019 17:00,10731.01774
27/01/2019 17:30,10712.49405
27/01/2019 18:00,10656.27813
27/01/2019 18:30,10583.11178
27/01/2019 19:00,10405.81287
27/01/2019 19:30,10334.63329
27/01/2019 20:00,10194.77004
27/01/2019 20:30,9959.370265
27/01/2019 21:00,9719.526216
27/01/2019 21:30,9480.831352
27/01/2019 22:00,9255.46788
27/01/2019 22:30,9038.889439
27/01/2019 23:00,8701.164156
27/01/2019 23:30,8490.510345
28/01/2019 0:00,7854.96922
28/01/2019 0:30,7662.700047
28/01/2019 1:00,7492.217747
28/01/2019 1:30,7204.926053
28/01/2019 2:00,6998.323227
28/01/2019 2:30,6918.563708
28/01/2019 3:00,6831.187878
28/01/2019 3:30,6728.233333
28/01/2019 4:00,6730.470932
28/01/2019 4:30,6769.820628
28/01/2019 5:00,6819.485419
28/01/2019 5:30,6936.922439
28/01/2019 6:00,7099.137352
28/01/2019 6:30,7350.798798
28/01/2019 7:00,7678.490046
28/01/2019 7:30,8024.305974
28/01/2019 8:00,8334.448309
28/01/2019 8:30,8645.049844
28/01/2019 9:00,8885.645587
28/01/2019 9:30,9186.750838
28/01/2019 10:00,9382.875359
28/01/2019 10:30,9521.711257
28/01/2019 11:00,9708.22241
28/01/2019 11:30,9818.891603
28/01/2019 12:00,9943.295233
28/01/2019 12:30,10086.95033
28/01/2019 13:00,10138.62071
28/01/2019 13:30,10175.6714
28/01/2019 14:00,10205.24101
28/01/2019 14:30,10222.48133
28/01/2019 15:00,10277.24231
28/01/2019 15:30,10339.08429
28/01/2019 16:00,10299.0145
28/01/2019 16:30,10094.13325
28/01/2019 17:00,10102.89854
28/01/2019 17:30,10037.4854
28/01/2019 18:00,10016.81796
28/01/2019 18:30,9865.062098
28/01/2019 19:00,9734.447107
28/01/2019 19:30,9680.919513
28/01/2019 20:00,9573.070816
28/01/2019 20:30,9363.197199
28/01/2019 21:00,9170.934037
28/01/2019 21:30,8987.752265
28/01/2019 22:00,8743.305077
28/01/2019 22:30,8607.372484
28/01/2019 23:00,8346.233049
28/01/2019 23:30,8110.610004
29/01/2019 0:00,8228.666168
29/01/2019 0:30,8016.177735
29/01/2019 1:00,7839.631363
29/01/2019 1:30,7555.781672
29/01/2019 2:00,7378.347539
29/01/2019 2:30,7233.972829
29/01/2019 3:00,7110.103955
29/01/2019 3:30,7064.389499
29/01/2019 4:00,7020.588361
29/01/2019 4:30,7092.411634
29/01/2019 5:00,7153.635133
29/01/2019 5:30,7326.064105
29/01/2019 6:00,7504.784185
29/01/2019 6:30,7758.051441
29/01/2019 7:00,8023.086658
29/01/2019 7:30,8296.195079
29/01/2019 8:00,8519.048067
29/01/2019 8:30,8705.242256
29/01/2019 9:00,8841.707461
29/01/2019 9:30,8920.219146
29/01/2019 10:00,8971.59843
29/01/2019 10:30,9010.90096
29/01/2019 11:00,9032.459251
29/01/2019 11:30,9088.927858
29/01/2019 12:00,9176.683528
29/01/2019 12:30,9215.520837
29/01/2019 13:00,9319.626898
29/01/2019 13:30,9396.015027
29/01/2019 14:00,9475.723448
29/01/2019 14:30,9542.575664
29/01/2019 15:00,9617.352186
29/01/2019 15:30,9723.356439
29/01/2019 16:00,9810.67264
29/01/2019 16:30,9930.555464
29/01/2019 17:00,10070.39134
29/01/2019 17:30,9987.537466
29/01/2019 18:00,9952.292557
29/01/2019 18:30,9846.048032
29/01/2019 19:00,9722.568812
29/01/2019 19:30,9677.952539
29/01/2019 20:00,9520.57446
29/01/2019 20:30,9327.976507
29/01/2019 21:00,9121.276913
29/01/2019 21:30,8946.274664
29/01/2019 22:00,8716.972156
29/01/2019 22:30,8567.725239
29/01/2019 23:00,8330.374588
29/01/2019 23:30,8108.329295
30/01/2019 0:00,8031.147057
30/01/2019 0:30,7827.262514
30/01/2019 1:00,7624.672417
30/01/2019 1:30,7366.556937
30/01/2019 2:00,7174.69283
30/01/2019 2:30,7030.607687
30/01/2019 3:00,6965.426551
30/01/2019 3:30,6914.324282
30/01/2019 4:00,6914.567288
30/01/2019 4:30,7084.491678
30/01/2019 5:00,7250.02117
30/01/2019 5:30,7679.279353
30/01/2019 6:00,8066.99863
30/01/2019 6:30,8498.841202
30/01/2019 7:00,8909.332355
30/01/2019 7:30,9259.094964
30/01/2019 8:00,9525.731726
30/01/2019 8:30,9698.421309
30/01/2019 9:00,9840.592946
30/01/2019 9:30,9969.09827
30/01/2019 10:00,10031.29968
30/01/2019 10:30,10151.21159
30/01/2019 11:00,10225.9579
30/01/2019 11:30,10380.35607
30/01/2019 12:00,10528.99483
30/01/2019 12:30,10700.78828
30/01/2019 13:00,10877.33848
30/01/2019 13:30,11096.53211
30/01/2019 14:00,11184.13231
30/01/2019 14:30,11361.1055
30/01/2019 15:00,11522.62011
30/01/2019 15:30,11689.13582
30/01/2019 16:00,11846.3686
30/01/2019 16:30,11843.05138
30/01/2019 17:00,11873.28575
30/01/2019 17:30,11801.71092
30/01/2019 18:00,11797.60841
30/01/2019 18:30,11561.14205
30/01/2019 19:00,11309.51291
30/01/2019 19:30,11022.94896
30/01/2019 20:00,10813.31456
30/01/2019 20:30,10460.82785
30/01/2019 21:00,10107.1438
30/01/2019 21:30,9765.500499
30/01/2019 22:00,9402.239139
30/01/2019 22:30,9181.44285
30/01/2019 23:00,8854.68101
30/01/2019 23:30,8589.282727
31/01/2019 0:00,8342.979161
31/01/2019 0:30,8141.888456
31/01/2019 1:00,7908.873414
31/01/2019 1:30,7654.193707
31/01/2019 2:00,7412.881654
31/01/2019 2:30,7233.150315
31/01/2019 3:00,7116.728014
31/01/2019 3:30,7121.041766
31/01/2019 4:00,7141.14534
31/01/2019 4:30,7359.60161
31/01/2019 5:00,7493.079328
31/01/2019 5:30,7925.142843
31/01/2019 6:00,8309.033814
31/01/2019 6:30,8730.472046
31/01/2019 7:00,9141.110698
31/01/2019 7:30,9394.457849
31/01/2019 8:00,9535.564688
31/01/2019 8:30,9739.979992
31/01/2019 9:00,9894.957866
31/01/2019 9:30,10071.72191
31/01/2019 10:00,10166.7136
31/01/2019 10:30,10283.88995
31/01/2019 11:00,10395.56977
31/01/2019 11:30,10549.46192
31/01/2019 12:00,10614.46745
31/01/2019 12:30,10699.04197
31/01/2019 13:00,10955.96099
31/01/2019 13:30,10988.98451
31/01/2019 14:00,11008.69282
31/01/2019 14:30,11064.72927
31/01/2019 15:00,11149.83187
31/01/2019 15:30,11385.11724
31/01/2019 16:00,11520.65819
31/01/2019 16:30,11459.38174
31/01/2019 17:00,11523.18686
31/01/2019 17:30,11380.35429
31/01/2019 18:00,11402.85943
31/01/2019 18:30,11221.17412
31/01/2019 19:00,11055.89186
31/01/2019 19:30,10925.603
31/01/2019 20:00,10728.40275
31/01/2019 20:30,10463.03485
31/01/2019 21:00,10094.08374
31/01/2019 21:30,9799.071839
31/01/2019 22:00,9429.000228
31/01/2019 22:30,9166.835225
31/01/2019 23:00,8902.71768
31/01/2019 23:30,8589.446787
1/02/2019 0:00,8163.675679
1/02/2019 0:30,7936.794053
1/02/2019 1:00,7725.309845
1/02/2019 1:30,7404.966116
1/02/2019 2:00,7203.124527
1/02/2019 2:30,7051.073359
1/02/2019 3:00,6946.846494
1/02/2019 3:30,6943.459911
1/02/2019 4:00,6920.333928
1/02/2019 4:30,7119.088331
1/02/2019 5:00,7348.346335
1/02/2019 5:30,7785.213872
1/02/2019 6:00,8176.149818
1/02/2019 6:30,8574.914891
1/02/2019 7:00,8963.290613
1/02/2019 7:30,9238.433244
1/02/2019 8:00,9434.912032
1/02/2019 8:30,9612.2998
1/02/2019 9:00,9774.405624
1/02/2019 9:30,9920.368203
1/02/2019 10:00,10069.70126
1/02/2019 10:30,10116.04415
1/02/2019 11:00,10171.975
1/02/2019 11:30,10304.3143
1/02/2019 12:00,10508.65658
1/02/2019 12:30,10633.3272
1/02/2019 13:00,10909.90173
1/02/2019 13:30,11060.51273
1/02/2019 14:00,11216.94061
1/02/2019 14:30,11346.78152
1/02/2019 15:00,11615.22631
1/02/2019 15:30,11859.058
1/02/2019 16:00,12043.75627
1/02/2019 16:30,12103.61462
1/02/2019 17:00,12168.93536
1/02/2019 17:30,11677.11578
1/02/2019 18:00,11237.93052
1/02/2019 18:30,10752.7869
1/02/2019 19:00,10354.35111
1/02/2019 19:30,9998.072727
1/02/2019 20:00,9739.683782
1/02/2019 20:30,9321.860475
1/02/2019 21:00,8906.964709
1/02/2019 21:30,8667.081625
1/02/2019 22:00,8381.365178
1/02/2019 22:30,8175.626353
1/02/2019 23:00,7902.006393
1/02/2019 23:30,7681.317616
2/02/2019 0:00,7396.020346
2/02/2019 0:30,7212.147474
2/02/2019 1:00,6970.899594
2/02/2019 1:30,6700.139385
2/02/2019 2:00,6491.359674
2/02/2019 2:30,6290.67284
2/02/2019 3:00,6223.408782
2/02/2019 3:30,6180.161239
2/02/2019 4:00,6201.788996
2/02/2019 4:30,6369.87711
2/02/2019 5:00,6538.274996
2/02/2019 5:30,6935.017477
2/02/2019 6:00,7272.346205
2/02/2019 6:30,7650.573611
2/02/2019 7:00,7972.079572
2/02/2019 7:30,8147.744069
2/02/2019 8:00,8216.572955
2/02/2019 8:30,8283.960547
2/02/2019 9:00,8295.852371
2/02/2019 9:30,8234.064843
2/02/2019 10:00,8264.832259
2/02/2019 10:30,8195.111522
2/02/2019 11:00,8186.729555
2/02/2019 11:30,8072.212573
2/02/2019 12:00,8084.291943
2/02/2019 12:30,8002.864656
2/02/2019 13:00,7978.967556
2/02/2019 13:30,7964.944985
2/02/2019 14:00,7990.036569
2/02/2019 14:30,7950.44049
2/02/2019 15:00,8014.77588
2/02/2019 15:30,8045.139997
2/02/2019 16:00,8099.063692
2/02/2019 16:30,8108.721843
2/02/2019 17:00,8146.341914
2/02/2019 17:30,8075.856699
2/02/2019 18:00,8128.295607
2/02/2019 18:30,8070.568971
2/02/2019 19:00,8017.79731
2/02/2019 19:30,7954.606124
2/02/2019 20:00,7863.763625
2/02/2019 20:30,7628.443915
2/02/2019 21:00,7452.618249
2/02/2019 21:30,7397.419732
2/02/2019 22:00,7238.261981
2/02/2019 22:30,7185.172052
2/02/2019 23:00,7012.888337
2/02/2019 23:30,6879.406614
3/02/2019 0:00,6891.030362
3/02/2019 0:30,6739.725857
3/02/2019 1:00,6586.446001
3/02/2019 1:30,6304.024666
3/02/2019 2:00,6118.056726
3/02/2019 2:30,5982.07335
3/02/2019 3:00,5906.61791
3/02/2019 3:30,5847.880073
3/02/2019 4:00,5841.81825
3/02/2019 4:30,5961.80453
3/02/2019 5:00,6030.565857
3/02/2019 5:30,6286.567912
3/02/2019 6:00,6478.299416
3/02/2019 6:30,6778.718285
3/02/2019 7:00,7118.206486
3/02/2019 7:30,7430.786792
3/02/2019 8:00,7646.377355
3/02/2019 8:30,7807.913411
3/02/2019 9:00,7868.763143
3/02/2019 9:30,7965.754097
3/02/2019 10:00,7979.924093
3/02/2019 10:30,8042.555697
3/02/2019 11:00,7984.006696
3/02/2019 11:30,8018.992341
3/02/2019 12:00,7948.552984
3/02/2019 12:30,7893.273952
3/02/2019 13:00,7907.77203
3/02/2019 13:30,7931.54655
3/02/2019 14:00,7939.992256
3/02/2019 14:30,8015.547433
3/02/2019 15:00,8098.541043
3/02/2019 15:30,8240.281499
3/02/2019 16:00,8352.730658
3/02/2019 16:30,8464.874781
3/02/2019 17:00,8649.957025
3/02/2019 17:30,8756.814148
3/02/2019 18:00,8904.72212
3/02/2019 18:30,8885.936611
3/02/2019 19:00,8839.678016
3/02/2019 19:30,8814.284427
3/02/2019 20:00,8793.97037
3/02/2019 20:30,8642.896573
3/02/2019 21:00,8528.933379
3/02/2019 21:30,8378.337023
3/02/2019 22:00,8213.326344
3/02/2019 22:30,8114.815833
3/02/2019 23:00,7883.524901
3/02/2019 23:30,7713.972038
4/02/2019 0:00,7803.604213
4/02/2019 0:30,7689.365276
4/02/2019 1:00,7514.685822
4/02/2019 1:30,7267.384995
4/02/2019 2:00,7091.76323
4/02/2019 2:30,6979.917792
4/02/2019 3:00,6916.713097
4/02/2019 3:30,6864.57796
4/02/2019 4:00,6905.64663
4/02/2019 4:30,6961.613058
4/02/2019 5:00,7018.391042
4/02/2019 5:30,7204.712339
4/02/2019 6:00,7392.112267
4/02/2019 6:30,7649.093992
4/02/2019 7:00,7936.643221
4/02/2019 7:30,8236.23914
4/02/2019 8:00,8453.976814
4/02/2019 8:30,8635.484403
4/02/2019 9:00,8770.611521
4/02/2019 9:30,8916.298837
4/02/2019 10:00,8989.185665
4/02/2019 10:30,9029.60646
4/02/2019 11:00,9180.887254
4/02/2019 11:30,9303.602819
4/02/2019 12:00,9416.034494
4/02/2019 12:30,9535.893347
4/02/2019 13:00,9696.732005
4/02/2019 13:30,9821.955242
4/02/2019 14:00,9950.951024
4/02/2019 14:30,10120.57345
4/02/2019 15:00,10282.02732
4/02/2019 15:30,10452.39364
4/02/2019 16:00,10614.38769
4/02/2019 16:30,10763.16423
4/02/2019 17:00,10942.5346
4/02/2019 17:30,11023.53875
4/02/2019 18:00,10995.63486
4/02/2019 18:30,10800.98367
4/02/2019 19:00,10536.82572
4/02/2019 19:30,10429.87663
4/02/2019 20:00,10258.55536
4/02/2019 20:30,10025.65076
4/02/2019 21:00,9713.79776
4/02/2019 21:30,9451.289505
4/02/2019 22:00,9174.180981
4/02/2019 22:30,8994.69746
4/02/2019 23:00,8710.620302
4/02/2019 23:30,8458.498164
5/02/2019 0:00,7920.345555
5/02/2019 0:30,7755.382798
5/02/2019 1:00,7532.262434
5/02/2019 1:30,7265.639064
5/02/2019 2:00,7069.259606
5/02/2019 2:30,6963.38393
5/02/2019 3:00,6882.668884
5/02/2019 3:30,6860.843439
5/02/2019 4:00,6884.900954
5/02/2019 4:30,7077.137042
5/02/2019 5:00,7289.515146
5/02/2019 5:30,7754.984891
5/02/2019 6:00,8174.792811
5/02/2019 6:30,8554.223024
5/02/2019 7:00,8894.370848
5/02/2019 7:30,9139.195582
5/02/2019 8:00,9293.573451
5/02/2019 8:30,9471.001606
5/02/2019 9:00,9579.701868
5/02/2019 9:30,9643.002608
5/02/2019 10:00,9758.908564
5/02/2019 10:30,9821.49342
5/02/2019 11:00,9897.241803
5/02/2019 11:30,9928.78035
5/02/2019 12:00,10089.82096
5/02/2019 12:30,10287.20881
5/02/2019 13:00,10421.33939
5/02/2019 13:30,10533.45208
5/02/2019 14:00,10624.69389
5/02/2019 14:30,10675.0573
5/02/2019 15:00,10931.89073
5/02/2019 15:30,11094.70249
5/02/2019 16:00,11247.52757
5/02/2019 16:30,11260.66798
5/02/2019 17:00,11289.836
5/02/2019 17:30,11153.43774
5/02/2019 18:00,11130.72574
5/02/2019 18:30,10882.63911
5/02/2019 19:00,10663.43799
5/02/2019 19:30,10462.65432
5/02/2019 20:00,10226.97554
5/02/2019 20:30,9875.96728
5/02/2019 21:00,9590.487393
5/02/2019 21:30,9353.103802
5/02/2019 22:00,8996.888913
5/02/2019 22:30,8774.393077
5/02/2019 23:00,8434.699006
5/02/2019 23:30,8197.918109
6/02/2019 0:00,8096.47879
6/02/2019 0:30,7828.703523
6/02/2019 1:00,7597.96886
6/02/2019 1:30,7347.601313
6/02/2019 2:00,7059.938516
6/02/2019 2:30,6925.265713
6/02/2019 3:00,6801.375459
6/02/2019 3:30,6759.829491
6/02/2019 4:00,6816.2242
6/02/2019 4:30,7008.982456
6/02/2019 5:00,7216.163523
6/02/2019 5:30,7647.820595
6/02/2019 6:00,8030.172346
6/02/2019 6:30,8473.038081
6/02/2019 7:00,8876.478287
6/02/2019 7:30,9088.607908
6/02/2019 8:00,9209.050878
6/02/2019 8:30,9359.74616
6/02/2019 9:00,9402.958404
6/02/2019 9:30,9461.072539
6/02/2019 10:00,9503.056326
6/02/2019 10:30,9542.854935
6/02/2019 11:00,9559.673405
6/02/2019 11:30,9584.508472
6/02/2019 12:00,9570.978398
6/02/2019 12:30,9587.753166
6/02/2019 13:00,9689.813006
6/02/2019 13:30,9727.50396
6/02/2019 14:00,9765.37213
6/02/2019 14:30,9893.614205
6/02/2019 15:00,9967.301632
6/02/2019 15:30,10051.3938
6/02/2019 16:00,10127.50433
6/02/2019 16:30,10105.55144
6/02/2019 17:00,10155.67299
6/02/2019 17:30,10050.67195
6/02/2019 18:00,10044.14783
6/02/2019 18:30,9909.979752
6/02/2019 19:00,9847.176423
6/02/2019 19:30,9781.907237
6/02/2019 20:00,9576.944705
6/02/2019 20:30,9330.2955
6/02/2019 21:00,9080.272607
6/02/2019 21:30,8919.00172
6/02/2019 22:00,8659.280672
6/02/2019 22:30,8491.435315
6/02/2019 23:00,8250.518456
6/02/2019 23:30,8075.92519
7/02/2019 0:00,7860.791775
7/02/2019 0:30,7663.071408
7/02/2019 1:00,7417.115921
7/02/2019 1:30,7165.328672
7/02/2019 2:00,6986.03219
7/02/2019 2:30,6782.913748
7/02/2019 3:00,6713.172646
7/02/2019 3:30,6681.707293
7/02/2019 4:00,6696.713486
7/02/2019 4:30,6893.442692
7/02/2019 5:00,7105.877219
7/02/2019 5:30,7503.364404
7/02/2019 6:00,7897.934523
7/02/2019 6:30,8318.418916
7/02/2019 7:00,8664.752028
7/02/2019 7:30,8911.731142
7/02/2019 8:00,9062.433256
7/02/2019 8:30,9249.666464
7/02/2019 9:00,9324.148993
7/02/2019 9:30,9369.285943
7/02/2019 10:00,9454.199178
7/02/2019 10:30,9474.659284
7/02/2019 11:00,9493.814692
7/02/2019 11:30,9537.409584
7/02/2019 12:00,9562.392883
7/02/2019 12:30,9629.500747
7/02/2019 13:00,9697.019324
7/02/2019 13:30,9751.213603
7/02/2019 14:00,9837.58387
7/02/2019 14:30,9946.93269
7/02/2019 15:00,10166.87053
7/02/2019 15:30,10358.30132
7/02/2019 16:00,10461.83926
7/02/2019 16:30,10498.06094
7/02/2019 17:00,10572.6993
7/02/2019 17:30,10463.71172
7/02/2019 18:00,10477.69256
7/02/2019 18:30,10363.02912
7/02/2019 19:00,10161.50884
7/02/2019 19:30,10034.26215
7/02/2019 20:00,9918.462206
7/02/2019 20:30,9668.280844
7/02/2019 21:00,9383.47359
7/02/2019 21:30,9136.989398
7/02/2019 22:00,8817.124062
7/02/2019 22:30,8657.835965
7/02/2019 23:00,8384.379908
7/02/2019 23:30,8168.158891
8/02/2019 0:00,7990.63997
8/02/2019 0:30,7775.810536
8/02/2019 1:00,7599.692924
8/02/2019 1:30,7237.698903
8/02/2019 2:00,7048.989758
8/02/2019 2:30,6899.292227
8/02/2019 3:00,6829.18324
8/02/2019 3:30,6794.029919
8/02/2019 4:00,6834.728742
8/02/2019 4:30,7065.621345
8/02/2019 5:00,7225.518395
8/02/2019 5:30,7664.599785
8/02/2019 6:00,8074.351279
8/02/2019 6:30,8478.121056
8/02/2019 7:00,8841.153336
8/02/2019 7:30,9073.117318
8/02/2019 8:00,9258.36052
8/02/2019 8:30,9355.98521
8/02/2019 9:00,9430.791073
8/02/2019 9:30,9488.025611
8/02/2019 10:00,9532.261763
8/02/2019 10:30,9589.752267
8/02/2019 11:00,9619.088537
8/02/2019 11:30,9673.77466
8/02/2019 12:00,9706.643149
8/02/2019 12:30,9799.367194
8/02/2019 13:00,9883.723752
8/02/2019 13:30,10031.68168
8/02/2019 14:00,10085.27336
8/02/2019 14:30,10173.29432
8/02/2019 15:00,10334.46024
8/02/2019 15:30,10470.36055
8/02/2019 16:00,10526.08308
8/02/2019 16:30,10589.71357
8/02/2019 17:00,10659.57664
8/02/2019 17:30,10576.50139
8/02/2019 18:00,10560.85043
8/02/2019 18:30,10301.84728
8/02/2019 19:00,10108.69637
8/02/2019 19:30,9966.9532
8/02/2019 20:00,9813.445169
8/02/2019 20:30,9522.697927
8/02/2019 21:00,9164.508589
8/02/2019 21:30,8927.104331
8/02/2019 22:00,8627.437787
8/02/2019 22:30,8458.628284
8/02/2019 23:00,8174.525556
8/02/2019 23:30,7928.653948
9/02/2019 0:00,7665.27636
9/02/2019 0:30,7445.742055
9/02/2019 1:00,7210.257233
9/02/2019 1:30,6941.641304
9/02/2019 2:00,6742.577737
9/02/2019 2:30,6562.752805
9/02/2019 3:00,6441.26765
9/02/2019 3:30,6391.273111
9/02/2019 4:00,6401.239589
9/02/2019 4:30,6564.351066
9/02/2019 5:00,6754.548729
9/02/2019 5:30,7137.749631
9/02/2019 6:00,7535.317951
9/02/2019 6:30,7913.090915
9/02/2019 7:00,8251.164957
9/02/2019 7:30,8478.71065
9/02/2019 8:00,8594.177304
9/02/2019 8:30,8735.248158
9/02/2019 9:00,8813.373463
9/02/2019 9:30,8856.398078
9/02/2019 10:00,8873.051221
9/02/2019 10:30,8942.79159
9/02/2019 11:00,8961.791709
9/02/2019 11:30,9036.901285
9/02/2019 12:00,9119.501979
9/02/2019 12:30,9183.357786
9/02/2019 13:00,9379.238762
9/02/2019 13:30,9465.363133
9/02/2019 14:00,9544.050313
9/02/2019 14:30,9606.246007
9/02/2019 15:00,9804.872626
9/02/2019 15:30,9855.971178
9/02/2019 16:00,9953.10181
9/02/2019 16:30,9910.280469
9/02/2019 17:00,9771.322003
9/02/2019 17:30,9373.972219
9/02/2019 18:00,9108.626933
9/02/2019 18:30,8859.767433
9/02/2019 19:00,8659.495459
9/02/2019 19:30,8514.753165
9/02/2019 20:00,8359.255672
9/02/2019 20:30,8160.358076
9/02/2019 21:00,7888.320484
9/02/2019 21:30,7808.763621
9/02/2019 22:00,7607.509162
9/02/2019 22:30,7497.985209
9/02/2019 23:00,7263.17984
9/02/2019 23:30,7083.36446
10/02/2019 0:00,7072.492594
10/02/2019 0:30,6813.207551
10/02/2019 1:00,6635.333602
10/02/2019 1:30,6338.525489
10/02/2019 2:00,6129.108599
10/02/2019 2:30,5970.759215
10/02/2019 3:00,5845.637693
10/02/2019 3:30,5813.94508
10/02/2019 4:00,5819.283414
10/02/2019 4:30,5884.012796
10/02/2019 5:00,5978.398647
10/02/2019 5:30,6217.539512
10/02/2019 6:00,6415.975403
10/02/2019 6:30,6630.830401
10/02/2019 7:00,6925.204333
10/02/2019 7:30,7160.726967
10/02/2019 8:00,7329.859625
10/02/2019 8:30,7537.57244
10/02/2019 9:00,7570.47861
10/02/2019 9:30,7667.136685
10/02/2019 10:00,7706.815479
10/02/2019 10:30,7766.219939
10/02/2019 11:00,7853.693346
10/02/2019 11:30,8039.464433
10/02/2019 12:00,8103.983241
10/02/2019 12:30,8185.160457
10/02/2019 13:00,8307.417521
10/02/2019 13:30,8355.996747
10/02/2019 14:00,8406.354277
10/02/2019 14:30,8398.260768
10/02/2019 15:00,8523.870624
10/02/2019 15:30,8697.420657
10/02/2019 16:00,8867.6993
10/02/2019 16:30,8964.834147
10/02/2019 17:00,9063.745407
10/02/2019 17:30,9089.152737
10/02/2019 18:00,9159.421549
10/02/2019 18:30,9047.006741
10/02/2019 19:00,8867.447092
10/02/2019 19:30,8781.10745
10/02/2019 20:00,8689.87861
10/02/2019 20:30,8465.960871
10/02/2019 21:00,8318.010581
10/02/2019 21:30,8142.629364
10/02/2019 22:00,7981.387252
10/02/2019 22:30,7925.632851
10/02/2019 23:00,7709.649338
10/02/2019 23:30,7557.901394
11/02/2019 0:00,7669.021006
11/02/2019 0:30,7478.731807
11/02/2019 1:00,7314.28679
11/02/2019 1:30,7074.591102
11/02/2019 2:00,6941.442016
11/02/2019 2:30,6796.581122
11/02/2019 3:00,6719.902501
11/02/2019 3:30,6726.357444
11/02/2019 4:00,6705.387149
11/02/2019 4:30,6802.018097
11/02/2019 5:00,6898.43146
11/02/2019 5:30,7102.489643
11/02/2019 6:00,7236.489262
11/02/2019 6:30,7482.908275
11/02/2019 7:00,7736.377336
11/02/2019 7:30,7900.604974
11/02/2019 8:00,8043.734441
11/02/2019 8:30,8163.321688
11/02/2019 9:00,8192.35406
11/02/2019 9:30,8196.611286
11/02/2019 10:00,8139.201572
11/02/2019 10:30,8093.151175
11/02/2019 11:00,8057.886176
11/02/2019 11:30,8009.183675
11/02/2019 12:00,8016.779437
11/02/2019 12:30,8021.733443
11/02/2019 13:00,8046.833056
11/02/2019 13:30,8053.186375
11/02/2019 14:00,8126.528934
11/02/2019 14:30,8185.566147
11/02/2019 15:00,8311.939199
11/02/2019 15:30,8461.9652
11/02/2019 16:00,8633.634137
11/02/2019 16:30,8790.499232
11/02/2019 17:00,9033.274247
11/02/2019 17:30,9215.489569
11/02/2019 18:00,9337.561923
11/02/2019 18:30,9301.567911
11/02/2019 19:00,9229.049224
11/02/2019 19:30,9241.027072
11/02/2019 20:00,9178.738654
11/02/2019 20:30,9027.46008
11/02/2019 21:00,8801.889668
11/02/2019 21:30,8637.718963
11/02/2019 22:00,8416.959726
11/02/2019 22:30,8312.922315
11/02/2019 23:00,8092.288461
11/02/2019 23:30,7936.387292
12/02/2019 0:00,7452.446878
12/02/2019 0:30,7300.859795
12/02/2019 1:00,7111.266543
12/02/2019 1:30,6873.182038
12/02/2019 2:00,6730.844334
12/02/2019 2:30,6586.986769
12/02/2019 3:00,6518.26503
12/02/2019 3:30,6520.336346
12/02/2019 4:00,6572.392287
12/02/2019 4:30,6740.555791
12/02/2019 5:00,6946.970982
12/02/2019 5:30,7365.622771
12/02/2019 6:00,7749.108806
12/02/2019 6:30,8071.56576
12/02/2019 7:00,8329.387534
12/02/2019 7:30,8461.027659
12/02/2019 8:00,8518.678041
12/02/2019 8:30,8601.775428
12/02/2019 9:00,8628.177092
12/02/2019 9:30,8599.878508
12/02/2019 10:00,8622.638976
12/02/2019 10:30,8601.763793
12/02/2019 11:00,8586.761603
12/02/2019 11:30,8557.366068
12/02/2019 12:00,8626.201202
12/02/2019 12:30,8662.851653
12/02/2019 13:00,8764.746641
12/02/2019 13:30,8838.126714
12/02/2019 14:00,8954.851439
12/02/2019 14:30,9042.399393
12/02/2019 15:00,9283.724817
12/02/2019 15:30,9516.252413
12/02/2019 16:00,9711.150211
12/02/2019 16:30,9874.554704
12/02/2019 17:00,9988.350539
12/02/2019 17:30,9988.137525
12/02/2019 18:00,10035.63798
12/02/2019 18:30,9892.675809
12/02/2019 19:00,9728.998717
12/02/2019 19:30,9617.517867
12/02/2019 20:00,9455.394975
12/02/2019 20:30,9184.910354
12/02/2019 21:00,8839.11458
12/02/2019 21:30,8683.378789
12/02/2019 22:00,8351.327489
12/02/2019 22:30,8204.791276
12/02/2019 23:00,7988.736024
12/02/2019 23:30,7764.912426
13/02/2019 0:00,7681.244198
13/02/2019 0:30,7467.389452
13/02/2019 1:00,7251.896166
13/02/2019 1:30,6961.584098
13/02/2019 2:00,6739.278174
13/02/2019 2:30,6551.416577
13/02/2019 3:00,6482.844396
13/02/2019 3:30,6422.235429
13/02/2019 4:00,6449.566292
13/02/2019 4:30,6614.201648
13/02/2019 5:00,6759.023264
13/02/2019 5:30,7209.724006
13/02/2019 6:00,7566.134444
13/02/2019 6:30,7930.055703
13/02/2019 7:00,8216.151335
13/02/2019 7:30,8288.995809
13/02/2019 8:00,8394.074483
13/02/2019 8:30,8488.358278
13/02/2019 9:00,8571.45821
13/02/2019 9:30,8666.89596
13/02/2019 10:00,8726.490763
13/02/2019 10:30,8808.860065
13/02/2019 11:00,8931.728772
13/02/2019 11:30,9036.719767
13/02/2019 12:00,9179.026301
13/02/2019 12:30,9310.074549
13/02/2019 13:00,9497.771935
13/02/2019 13:30,9636.554194
13/02/2019 14:00,9866.817625
13/02/2019 14:30,10055.54279
13/02/2019 15:00,10378.79254
13/02/2019 15:30,10651.02932
13/02/2019 16:00,10851.30507
13/02/2019 16:30,11008.66526
13/02/2019 17:00,11183.18162
13/02/2019 17:30,11141.66565
13/02/2019 18:00,11173.51246
13/02/2019 18:30,10976.76608
13/02/2019 19:00,10706.53343
13/02/2019 19:30,10544.10454
13/02/2019 20:00,10293.638
13/02/2019 20:30,9958.135018
13/02/2019 21:00,9496.50443
13/02/2019 21:30,9202.584624
13/02/2019 22:00,8808.118129
13/02/2019 22:30,8558.916746
13/02/2019 23:00,8275.310822
13/02/2019 23:30,8124.095952
14/02/2019 0:00,7881.301267
14/02/2019 0:30,7664.366004
14/02/2019 1:00,7459.939531
14/02/2019 1:30,7159.805973
14/02/2019 2:00,6937.825495
14/02/2019 2:30,6739.964209
14/02/2019 3:00,6681.910766
14/02/2019 3:30,6582.940143
14/02/2019 4:00,6522.508218
14/02/2019 4:30,6728.555968
14/02/2019 5:00,6934.365398
14/02/2019 5:30,7360.410018
14/02/2019 6:00,7725.316793
14/02/2019 6:30,8083.846572
14/02/2019 7:00,8400.315194
14/02/2019 7:30,8522.670584
14/02/2019 8:00,8564.732937
14/02/2019 8:30,8674.499975
14/02/2019 9:00,8674.530683
14/02/2019 9:30,8652.331641
14/02/2019 10:00,8631.60793
14/02/2019 10:30,8581.400636
14/02/2019 11:00,8568.016132
14/02/2019 11:30,8487.632631
14/02/2019 12:00,8455.617561
14/02/2019 12:30,8473.475286
14/02/2019 13:00,8515.584172
14/02/2019 13:30,8548.514037
14/02/2019 14:00,8608.188685
14/02/2019 14:30,8630.880598
14/02/2019 15:00,8763.711297
14/02/2019 15:30,8892.960787
14/02/2019 16:00,9036.323446
14/02/2019 16:30,9136.518923
14/02/2019 17:00,9267.54932
14/02/2019 17:30,9200.809349
14/02/2019 18:00,9273.037424
14/02/2019 18:30,9165.420703
14/02/2019 19:00,9008.183702
14/02/2019 19:30,8944.369009
14/02/2019 20:00,8815.845055
14/02/2019 20:30,8638.767217
14/02/2019 21:00,8368.381473
14/02/2019 21:30,8232.845241
14/02/2019 22:00,8008.078493
14/02/2019 22:30,7947.719953
14/02/2019 23:00,7750.472185
14/02/2019 23:30,7617.449474
15/02/2019 0:00,7477.034627
15/02/2019 0:30,7321.910021
15/02/2019 1:00,7159.33496
15/02/2019 1:30,6872.261528
15/02/2019 2:00,6720.925404
15/02/2019 2:30,6535.659741
15/02/2019 3:00,6480.962999
15/02/2019 3:30,6492.998572
15/02/2019 4:00,6532.642385
15/02/2019 4:30,6734.232434
15/02/2019 5:00,6903.622411
15/02/2019 5:30,7375.874617
15/02/2019 6:00,7713.013343
15/02/2019 6:30,8071.52205
15/02/2019 7:00,8344.933356
15/02/2019 7:30,8451.560171
15/02/2019 8:00,8457.086428
15/02/2019 8:30,8593.862757
15/02/2019 9:00,8585.976944
15/02/2019 9:30,8573.136339
15/02/2019 10:00,8594.905406
15/02/2019 10:30,8561.306142
15/02/2019 11:00,8547.011251
15/02/2019 11:30,8480.577687
15/02/2019 12:00,8397.944709
15/02/2019 12:30,8377.838863
15/02/2019 13:00,8335.998173
15/02/2019 13:30,8373.164263
15/02/2019 14:00,8351.935384
15/02/2019 14:30,8419.868004
15/02/2019 15:00,8508.395188
15/02/2019 15:30,8597.380425
15/02/2019 16:00,8704.411336
15/02/2019 16:30,8817.807527
15/02/2019 17:00,9009.887673
15/02/2019 17:30,9013.036864
15/02/2019 18:00,9073.376651
15/02/2019 18:30,9019.893458
15/02/2019 19:00,8913.65457
15/02/2019 19:30,8895.711232
15/02/2019 20:00,8694.810548
15/02/2019 20:30,8451.929528
15/02/2019 21:00,8210.0625
15/02/2019 21:30,8046.64931
15/02/2019 22:00,7847.112634
15/02/2019 22:30,7735.210833
15/02/2019 23:00,7587.609855
15/02/2019 23:30,7432.884104
16/02/2019 0:00,7187.252573
16/02/2019 0:30,7031.62428
16/02/2019 1:00,6788.061622
16/02/2019 1:30,6528.436675
16/02/2019 2:00,6332.38482
16/02/2019 2:30,6162.918701
16/02/2019 3:00,6116.250883
16/02/2019 3:30,6077.684316
16/02/2019 4:00,6083.327078
16/02/2019 4:30,6276.235136
16/02/2019 5:00,6435.998779
16/02/2019 5:30,6860.518886
16/02/2019 6:00,7188.928314
16/02/2019 6:30,7515.807374
16/02/2019 7:00,7772.678602
16/02/2019 7:30,7876.958738
16/02/2019 8:00,7933.783235
16/02/2019 8:30,8005.476867
16/02/2019 9:00,8027.891854
16/02/2019 9:30,8030.954689
16/02/2019 10:00,8033.80708
16/02/2019 10:30,7989.95527
16/02/2019 11:00,7929.826326
16/02/2019 11:30,7845.167559
16/02/2019 12:00,7802.682814
16/02/2019 12:30,7777.199841
16/02/2019 13:00,7794.152114
16/02/2019 13:30,7806.859988
16/02/2019 14:00,7853.46422
16/02/2019 14:30,7922.035369
16/02/2019 15:00,8084.140765
16/02/2019 15:30,8189.720897
16/02/2019 16:00,8327.119001
16/02/2019 16:30,8366.059564
16/02/2019 17:00,8399.061457
16/02/2019 17:30,8337.626514
16/02/2019 18:00,8352.12106
16/02/2019 18:30,8266.933858
16/02/2019 19:00,8143.022349
16/02/2019 19:30,8130.155213
16/02/2019 20:00,8000.429053
16/02/2019 20:30,7810.456651
16/02/2019 21:00,7622.160319
16/02/2019 21:30,7556.873595
16/02/2019 22:00,7396.850399
16/02/2019 22:30,7313.627227
16/02/2019 23:00,7125.958437
16/02/2019 23:30,6956.398402
17/02/2019 0:00,6971.20217
17/02/2019 0:30,6802.913751
17/02/2019 1:00,6593.920694
17/02/2019 1:30,6297.427377
17/02/2019 2:00,6083.104275
17/02/2019 2:30,5905.90935
17/02/2019 3:00,5817.876396
17/02/2019 3:30,5770.443266
17/02/2019 4:00,5774.177245
17/02/2019 4:30,5860.482509
17/02/2019 5:00,5956.872135
17/02/2019 5:30,6206.80208
17/02/2019 6:00,6385.244954
17/02/2019 6:30,6640.811394
17/02/2019 7:00,6916.606935
17/02/2019 7:30,7200.055214
17/02/2019 8:00,7352.16131
17/02/2019 8:30,7518.644381
17/02/2019 9:00,7526.868347
17/02/2019 9:30,7596.361451
17/02/2019 10:00,7560.899644
17/02/2019 10:30,7571.757637
17/02/2019 11:00,7583.474379
17/02/2019 11:30,7566.784727
17/02/2019 12:00,7606.2845
17/02/2019 12:30,7591.437188
17/02/2019 13:00,7609.144221
17/02/2019 13:30,7709.777945
17/02/2019 14:00,7762.189106
17/02/2019 14:30,7862.725759
17/02/2019 15:00,8062.963985
17/02/2019 15:30,8206.468779
17/02/2019 16:00,8355.064395
17/02/2019 16:30,8425.684751
17/02/2019 17:00,8554.196167
17/02/2019 17:30,8612.55154
17/02/2019 18:00,8700.996246
17/02/2019 18:30,8628.365336
17/02/2019 19:00,8565.53004
17/02/2019 19:30,8620.587556
17/02/2019 20:00,8534.974975
17/02/2019 20:30,8370.712201
17/02/2019 21:00,8195.249438
17/02/2019 21:30,8080.36354
17/02/2019 22:00,7922.580002
17/02/2019 22:30,7907.566689
17/02/2019 23:00,7672.79984
17/02/2019 23:30,7505.948713
18/02/2019 0:00,7628.775973
18/02/2019 0:30,7452.641433
18/02/2019 1:00,7360.656438
18/02/2019 1:30,7129.43325
18/02/2019 2:00,6983.572473
18/02/2019 2:30,6838.038517
18/02/2019 3:00,6801.48146
18/02/2019 3:30,6781.096784
18/02/2019 4:00,6765.025172
18/02/2019 4:30,6826.603126
18/02/2019 5:00,6906.68324
18/02/2019 5:30,7120.783369
18/02/2019 6:00,7282.506824
18/02/2019 6:30,7482.979767
18/02/2019 7:00,7743.067749
18/02/2019 7:30,7918.573365
18/02/2019 8:00,8064.456443
18/02/2019 8:30,8223.897614
18/02/2019 9:00,8325.191069
18/02/2019 9:30,8392.715496
18/02/2019 10:00,8448.006826
18/02/2019 10:30,8455.090934
18/02/2019 11:00,8519.427413
18/02/2019 11:30,8574.672833
18/02/2019 12:00,8692.380379
18/02/2019 12:30,8820.856323
18/02/2019 13:00,8934.546221
18/02/2019 13:30,9058.274112
18/02/2019 14:00,9243.872207
18/02/2019 14:30,9380.903565
18/02/2019 15:00,9599.312728
18/02/2019 15:30,9772.649759
18/02/2019 16:00,9997.879259
18/02/2019 16:30,10141.38671
18/02/2019 17:00,10368.72482
18/02/2019 17:30,10436.43906
18/02/2019 18:00,10465.08309
18/02/2019 18:30,10384.60089
18/02/2019 19:00,10213.4914
18/02/2019 19:30,10140.31311
18/02/2019 20:00,10023.71655
18/02/2019 20:30,9727.725374
18/02/2019 21:00,9448.808563
18/02/2019 21:30,9178.750557
18/02/2019 22:00,8938.098261
18/02/2019 22:30,8759.685626
18/02/2019 23:00,8483.230345
18/02/2019 23:30,8297.202749
19/02/2019 0:00,7783.784345
19/02/2019 0:30,7597.609103
19/02/2019 1:00,7417.920964
19/02/2019 1:30,7161.745303
19/02/2019 2:00,6980.452884
19/02/2019 2:30,6827.999456
19/02/2019 3:00,6778.423493
19/02/2019 3:30,6769.664908
19/02/2019 4:00,6781.131951
19/02/2019 4:30,6973.833157
19/02/2019 5:00,7183.63947
19/02/2019 5:30,7604.830609
19/02/2019 6:00,7989.994775
19/02/2019 6:30,8353.956777
19/02/2019 7:00,8664.192738
19/02/2019 7:30,8820.912787
19/02/2019 8:00,8933.915967
19/02/2019 8:30,8981.598098
19/02/2019 9:00,9129.435964
19/02/2019 9:30,9154.922259
19/02/2019 10:00,9281.468644
19/02/2019 10:30,9283.259313
19/02/2019 11:00,9350.770168
19/02/2019 11:30,9448.654318
19/02/2019 12:00,9620.681894
19/02/2019 12:30,9751.280682
19/02/2019 13:00,9877.277995
19/02/2019 13:30,10027.71606
19/02/2019 14:00,10165.20209
19/02/2019 14:30,10311.30359
19/02/2019 15:00,10565.30686
19/02/2019 15:30,10789.5329
19/02/2019 16:00,10975.18166
19/02/2019 16:30,11042.92857
19/02/2019 17:00,11046.42882
19/02/2019 17:30,10883.0229
19/02/2019 18:00,10877.51598
19/02/2019 18:30,10633.2244
19/02/2019 19:00,10350.88839
19/02/2019 19:30,10206.34998
19/02/2019 20:00,9890.251159
19/02/2019 20:30,9561.902097
19/02/2019 21:00,9148.636164
19/02/2019 21:30,8961.805114
19/02/2019 22:00,8613.271484
19/02/2019 22:30,8459.338119
19/02/2019 23:00,8160.299334
19/02/2019 23:30,7962.877382
20/02/2019 0:00,7838.169898
20/02/2019 0:30,7657.175536
20/02/2019 1:00,7424.989154
20/02/2019 1:30,7158.854994
20/02/2019 2:00,6938.323085
20/02/2019 2:30,6761.311603
20/02/2019 3:00,6686.013181
20/02/2019 3:30,6681.798995
20/02/2019 4:00,6735.929952
20/02/2019 4:30,6861.39824
20/02/2019 5:00,7112.626539
20/02/2019 5:30,7548.725353
20/02/2019 6:00,7942.045413
20/02/2019 6:30,8353.58045
20/02/2019 7:00,8629.242129
20/02/2019 7:30,8798.310449
20/02/2019 8:00,8956.368742
20/02/2019 8:30,9116.667387
20/02/2019 9:00,9192.506954
20/02/2019 9:30,9315.149287
20/02/2019 10:00,9376.227956
20/02/2019 10:30,9422.478532
20/02/2019 11:00,9457.398073
20/02/2019 11:30,9403.958713
20/02/2019 12:00,9461.210631
20/02/2019 12:30,9405.60412
20/02/2019 13:00,9394.666431
20/02/2019 13:30,9513.549516
20/02/2019 14:00,9344.342459
20/02/2019 14:30,9462.830713
20/02/2019 15:00,9497.107802
20/02/2019 15:30,9613.570833
20/02/2019 16:00,9680.283135
20/02/2019 16:30,9712.04073
20/02/2019 17:00,9729.671105
20/02/2019 17:30,9613.739394
20/02/2019 18:00,9629.052522
20/02/2019 18:30,9472.495103
20/02/2019 19:00,9358.35176
20/02/2019 19:30,9240.908111
20/02/2019 20:00,9050.770918
20/02/2019 20:30,8828.631004
20/02/2019 21:00,8569.28052
20/02/2019 21:30,8448.950439
20/02/2019 22:00,8240.247073
20/02/2019 22:30,8086.064728
20/02/2019 23:00,7901.563324
20/02/2019 23:30,7770.067504
21/02/2019 0:00,7588.094941
21/02/2019 0:30,7404.74781
21/02/2019 1:00,7219.117205
21/02/2019 1:30,6929.64646
21/02/2019 2:00,6759.69127
21/02/2019 2:30,6563.571496
21/02/2019 3:00,6500.684816
21/02/2019 3:30,6463.993306
21/02/2019 4:00,6517.0534
21/02/2019 4:30,6720.36829
21/02/2019 5:00,6929.223867
21/02/2019 5:30,7434.801622
21/02/2019 6:00,7806.258739
21/02/2019 6:30,8185.730288
21/02/2019 7:00,8488.134506
21/02/2019 7:30,8660.920352
21/02/2019 8:00,8725.216526
21/02/2019 8:30,8842.37502
21/02/2019 9:00,8861.956062
21/02/2019 9:30,8877.335325
21/02/2019 10:00,8880.312503
21/02/2019 10:30,8812.927152
21/02/2019 11:00,8739.471759
21/02/2019 11:30,8696.868322
21/02/2019 12:00,8721.407267
21/02/2019 12:30,8710.606902
21/02/2019 13:00,8715.85491
21/02/2019 13:30,8742.533376
21/02/2019 14:00,8742.31706
21/02/2019 14:30,8754.623399
21/02/2019 15:00,8845.532925
21/02/2019 15:30,8968.337297
21/02/2019 16:00,9084.844353
21/02/2019 16:30,9164.016756
21/02/2019 17:00,9257.116332
21/02/2019 17:30,9213.759152
21/02/2019 18:00,9247.505275
21/02/2019 18:30,9163.320139
21/02/2019 19:00,9090.792175
21/02/2019 19:30,9022.302895
21/02/2019 20:00,8833.387153
21/02/2019 20:30,8644.839528
21/02/2019 21:00,8431.594602
21/02/2019 21:30,8309.369912
21/02/2019 22:00,8125.858875
21/02/2019 22:30,8049.225415
21/02/2019 23:00,7855.365328
21/02/2019 23:30,7686.554318
22/02/2019 0:00,7597.308759
22/02/2019 0:30,7383.550886
22/02/2019 1:00,7197.8266
22/02/2019 1:30,6952.226941
22/02/2019 2:00,6718.804887
22/02/2019 2:30,6565.071013
22/02/2019 3:00,6523.471316
22/02/2019 3:30,6472.708983
22/02/2019 4:00,6524.084116
22/02/2019 4:30,6722.950377
22/02/2019 5:00,6924.860025
22/02/2019 5:30,7364.665906
22/02/2019 6:00,7770.090988
22/02/2019 6:30,8183.190874
22/02/2019 7:00,8479.285599
22/02/2019 7:30,8645.186895
22/02/2019 8:00,8694.336957
22/02/2019 8:30,8860.81188
22/02/2019 9:00,8857.860455
22/02/2019 9:30,8874.971699
22/02/2019 10:00,8841.062006
22/02/2019 10:30,8826.144947
22/02/2019 11:00,8786.42566
22/02/2019 11:30,8726.309306
22/02/2019 12:00,8658.464101
22/02/2019 12:30,8620.137826
22/02/2019 13:00,8624.400165
22/02/2019 13:30,8616.68324
22/02/2019 14:00,8641.863055
22/02/2019 14:30,8581.410614
22/02/2019 15:00,8668.66652
22/02/2019 15:30,8752.583559
22/02/2019 16:00,8840.679155
22/02/2019 16:30,8888.574531
22/02/2019 17:00,9018.648551
22/02/2019 17:30,9008.675781
22/02/2019 18:00,9071.272232
22/02/2019 18:30,8963.88292
22/02/2019 19:00,8891.740172
22/02/2019 19:30,8878.232018
22/02/2019 20:00,8716.056704
22/02/2019 20:30,8454.035613
22/02/2019 21:00,8158.106957
22/02/2019 21:30,8043.992294
22/02/2019 22:00,7835.523684
22/02/2019 22:30,7752.555196
22/02/2019 23:00,7595.943021
22/02/2019 23:30,7421.336826
23/02/2019 0:00,7169.431897
23/02/2019 0:30,6987.505292
23/02/2019 1:00,6813.510736
23/02/2019 1:30,6511.830548
23/02/2019 2:00,6295.425866
23/02/2019 2:30,6141.670399
23/02/2019 3:00,6053.619975
23/02/2019 3:30,6020.697409
23/02/2019 4:00,6035.089348
23/02/2019 4:30,6172.536854
23/02/2019 5:00,6403.819938
23/02/2019 5:30,6831.879416
23/02/2019 6:00,7232.928006
23/02/2019 6:30,7586.305548
23/02/2019 7:00,7884.034853
23/02/2019 7:30,8007.772069
23/02/2019 8:00,8055.582302
23/02/2019 8:30,8147.481745
23/02/2019 9:00,8099.337184
23/02/2019 9:30,8052.261337
23/02/2019 10:00,8026.745515
23/02/2019 10:30,7904.136979
23/02/2019 11:00,7887.813736
23/02/2019 11:30,7751.928147
23/02/2019 12:00,7677.159727
23/02/2019 12:30,7561.865885
23/02/2019 13:00,7566.66113
23/02/2019 13:30,7570.367865
23/02/2019 14:00,7542.880863
23/02/2019 14:30,7512.68768
23/02/2019 15:00,7570.207195
23/02/2019 15:30,7618.156618
23/02/2019 16:00,7729.593555
23/02/2019 16:30,7778.07186
23/02/2019 17:00,7876.607289
23/02/2019 17:30,7864.271689
23/02/2019 18:00,7957.767583
23/02/2019 18:30,7860.019698
23/02/2019 19:00,7866.354636
23/02/2019 19:30,7832.493109
23/02/2019 20:00,7680.53708
23/02/2019 20:30,7554.630156
23/02/2019 21:00,7342.790711
23/02/2019 21:30,7298.00387
23/02/2019 22:00,7132.847384
23/02/2019 22:30,7069.933513
23/02/2019 23:00,6984.195852
23/02/2019 23:30,6797.399768
24/02/2019 0:00,6770.082584
24/02/2019 0:30,6610.272318
24/02/2019 1:00,6395.103897
24/02/2019 1:30,6107.743247
24/02/2019 2:00,5888.61539
24/02/2019 2:30,5729.414605
24/02/2019 3:00,5639.131935
24/02/2019 3:30,5590.171405
24/02/2019 4:00,5586.576079
24/02/2019 4:30,5688.540308
24/02/2019 5:00,5776.000976
24/02/2019 5:30,6046.370096
24/02/2019 6:00,6226.961805
24/02/2019 6:30,6545.474809
24/02/2019 7:00,6830.796382
24/02/2019 7:30,7061.025045
24/02/2019 8:00,7242.736909
24/02/2019 8:30,7401.290713
24/02/2019 9:00,7440.49704
24/02/2019 9:30,7481.24613
24/02/2019 10:00,7432.669232
24/02/2019 10:30,7396.262787
24/02/2019 11:00,7338.775963
24/02/2019 11:30,7229.105455
24/02/2019 12:00,7198.447778
24/02/2019 12:30,7152.872286
24/02/2019 13:00,7165.855805
24/02/2019 13:30,7157.790763
24/02/2019 14:00,7211.041076
24/02/2019 14:30,7183.129389
24/02/2019 15:00,7185.037828
24/02/2019 15:30,7283.011884
24/02/2019 16:00,7461.312462
24/02/2019 16:30,7557.160394
24/02/2019 17:00,7815.306808
24/02/2019 17:30,7906.336484
24/02/2019 18:00,8059.674642
24/02/2019 18:30,8106.312027
24/02/2019 19:00,8130.928169
24/02/2019 19:30,8176.728679
24/02/2019 20:00,8037.564638
24/02/2019 20:30,7885.711406
24/02/2019 21:00,7749.447284
24/02/2019 21:30,7692.456047
24/02/2019 22:00,7577.120977
24/02/2019 22:30,7549.561067
24/02/2019 23:00,7362.364033
24/02/2019 23:30,7173.734855
25/02/2019 0:00,7328.535957
25/02/2019 0:30,7238.512398
25/02/2019 1:00,7055.254489
25/02/2019 1:30,6830.129638
25/02/2019 2:00,6660.938913
25/02/2019 2:30,6501.59684
25/02/2019 3:00,6427.702358
25/02/2019 3:30,6381.200473
25/02/2019 4:00,6383.503673
25/02/2019 4:30,6477.80353
25/02/2019 5:00,6530.05062
25/02/2019 5:30,6751.943898
25/02/2019 6:00,6953.079141
25/02/2019 6:30,7237.162317
25/02/2019 7:00,7522.689896
25/02/2019 7:30,7754.722752
25/02/2019 8:00,7959.412011
25/02/2019 8:30,8120.744372
25/02/2019 9:00,8154.538434
25/02/2019 9:30,8224.90957
25/02/2019 10:00,8175.064245
25/02/2019 10:30,8125.959151
25/02/2019 11:00,8074.932402
25/02/2019 11:30,8073.056097
25/02/2019 12:00,8025.04726
25/02/2019 12:30,7947.804633
25/02/2019 13:00,7968.785564
25/02/2019 13:30,7960.307692
25/02/2019 14:00,8031.238341
25/02/2019 14:30,8024.943636
25/02/2019 15:00,8095.739841
25/02/2019 15:30,8193.415859
25/02/2019 16:00,8354.714824
25/02/2019 16:30,8513.67934
25/02/2019 17:00,8655.222695
25/02/2019 17:30,8836.026348
25/02/2019 18:00,8981.426204
25/02/2019 18:30,9021.990653
25/02/2019 19:00,9010.223897
25/02/2019 19:30,9021.716053
25/02/2019 20:00,8892.259504
25/02/2019 20:30,8705.547999
25/02/2019 21:00,8524.82159
25/02/2019 21:30,8399.058417
25/02/2019 22:00,8238.762045
25/02/2019 22:30,8173.485683
25/02/2019 23:00,7976.991376
25/02/2019 23:30,7819.286382
26/02/2019 0:00,7366.291815
26/02/2019 0:30,7221.323008
26/02/2019 1:00,7055.912657
26/02/2019 1:30,6794.427265
26/02/2019 2:00,6640.009817
26/02/2019 2:30,6484.99511
26/02/2019 3:00,6420.185792
26/02/2019 3:30,6404.45776
26/02/2019 4:00,6429.127702
26/02/2019 4:30,6650.849244
26/02/2019 5:00,6859.345324
26/02/2019 5:30,7312.701857
26/02/2019 6:00,7729.580993
26/02/2019 6:30,8087.192469
26/02/2019 7:00,8380.664583
26/02/2019 7:30,8486.93899
26/02/2019 8:00,8503.99427
26/02/2019 8:30,8615.097395
26/02/2019 9:00,8596.245759
26/02/2019 9:30,8611.335504
26/02/2019 10:00,8596.833741
26/02/2019 10:30,8531.640319
26/02/2019 11:00,8458.992216
26/02/2019 11:30,8404.541049
26/02/2019 12:00,8364.729322
26/02/2019 12:30,8320.828207
26/02/2019 13:00,8312.749454
26/02/2019 13:30,8334.944067
26/02/2019 14:00,8357.784077
26/02/2019 14:30,8368.037058
26/02/2019 15:00,8492.913944
26/02/2019 15:30,8607.318642
26/02/2019 16:00,8716.694611
26/02/2019 16:30,8835.70995
26/02/2019 17:00,8979.728931
26/02/2019 17:30,9007.631352
26/02/2019 18:00,9059.786406
26/02/2019 18:30,9013.253925
26/02/2019 19:00,8938.565581
26/02/2019 19:30,8859.841143
26/02/2019 20:00,8668.944382
26/02/2019 20:30,8495.330126
26/02/2019 21:00,8236.562965
26/02/2019 21:30,8115.671728
26/02/2019 22:00,7935.078791
26/02/2019 22:30,7860.77889
26/02/2019 23:00,7666.31878
26/02/2019 23:30,7560.021579
27/02/2019 0:00,7466.725855
27/02/2019 0:30,7267.453537
27/02/2019 1:00,7057.242481
27/02/2019 1:30,6816.710505
27/02/2019 2:00,6617.996176
27/02/2019 2:30,6463.335842
27/02/2019 3:00,6365.62292
27/02/2019 3:30,6343.487213
27/02/2019 4:00,6380.629702
27/02/2019 4:30,6520.690316
27/02/2019 5:00,6725.997876
27/02/2019 5:30,7208.043148
27/02/2019 6:00,7572.397679
27/02/2019 6:30,7869.645283
27/02/2019 7:00,8141.638875
27/02/2019 7:30,8225.224445
27/02/2019 8:00,8267.616068
27/02/2019 8:30,8341.469867
27/02/2019 9:00,8330.720512
27/02/2019 9:30,8320.754618
27/02/2019 10:00,8325.152148
27/02/2019 10:30,8301.857853
27/02/2019 11:00,8298.293978
27/02/2019 11:30,8347.561392
27/02/2019 12:00,8382.173226
27/02/2019 12:30,8451.290559
27/02/2019 13:00,8452.479397
27/02/2019 13:30,8462.919576
27/02/2019 14:00,8590.285998
27/02/2019 14:30,8638.434945
27/02/2019 15:00,8761.189522
27/02/2019 15:30,8944.253892
27/02/2019 16:00,9118.850412
27/02/2019 16:30,9227.380628
27/02/2019 17:00,9320.053346
27/02/2019 17:30,9272.475168
27/02/2019 18:00,9321.893987
27/02/2019 18:30,9249.022355
27/02/2019 19:00,9174.464833
27/02/2019 19:30,9138.020291
27/02/2019 20:00,8906.455793
27/02/2019 20:30,8704.545373
27/02/2019 21:00,8457.59011
27/02/2019 21:30,8259.06389
27/02/2019 22:00,8064.661695
27/02/2019 22:30,7936.850937
27/02/2019 23:00,7784.58223
27/02/2019 23:30,7618.997612
28/02/2019 0:00,7460.72817
28/02/2019 0:30,7248.477684
28/02/2019 1:00,7057.361103
28/02/2019 1:30,6785.127592
28/02/2019 2:00,6590.538233
28/02/2019 2:30,6385.603718
28/02/2019 3:00,6350.072325
28/02/2019 3:30,6307.878299
28/02/2019 4:00,6338.601952
28/02/2019 4:30,6526.390216
28/02/2019 5:00,6734.991358
28/02/2019 5:30,7182.821987
28/02/2019 6:00,7583.943229
28/02/2019 6:30,7923.459688
28/02/2019 7:00,8197.900117
28/02/2019 7:30,8335.345165
28/02/2019 8:00,8369.697515
28/02/2019 8:30,8486.828176
28/02/2019 9:00,8554.702136
28/02/2019 9:30,8631.778688
28/02/2019 10:00,8672.60725
28/02/2019 10:30,8647.767004
28/02/2019 11:00,8632.57991
28/02/2019 11:30,8653.128969
28/02/2019 12:00,8659.604273
28/02/2019 12:30,8655.456835
28/02/2019 13:00,8723.653153
28/02/2019 13:30,8775.295916
28/02/2019 14:00,8826.205191
28/02/2019 14:30,8842.364154
28/02/2019 15:00,8957.755629
28/02/2019 15:30,9090.480132
28/02/2019 16:00,9197.250058
28/02/2019 16:30,9257.095402
28/02/2019 17:00,9296.866939
28/02/2019 17:30,9254.706395
28/02/2019 18:00,9318.870972
28/02/2019 18:30,9233.736453
28/02/2019 19:00,9198.370683
28/02/2019 19:30,9151.944502
28/02/2019 20:00,8958.020269
28/02/2019 20:30,8773.641199
28/02/2019 21:00,8552.935705
28/02/2019 21:30,8396.985496
28/02/2019 22:00,8195.427996
28/02/2019 22:30,8089.438135
28/02/2019 23:00,7914.821145
28/02/2019 23:30,7769.469455
1/03/2019 0:00,7574.605928
1/03/2019 0:30,7386.30586
1/03/2019 1:00,7174.32153
1/03/2019 1:30,6916.91741
1/03/2019 2:00,6737.911312
1/03/2019 2:30,6553.096653
1/03/2019 3:00,6473.811333
1/03/2019 3:30,6458.085804
1/03/2019 4:00,6485.371021
1/03/2019 4:30,6661.254652
1/03/2019 5:00,6858.891058
1/03/2019 5:30,7308.620753
1/03/2019 6:00,7715.407614
1/03/2019 6:30,8096.472205
1/03/2019 7:00,8394.786593
1/03/2019 7:30,8544.436714
1/03/2019 8:00,8592.767785
1/03/2019 8:30,8724.807676
1/03/2019 9:00,8705.941828
1/03/2019 9:30,8762.00273
1/03/2019 10:00,8782.821964
1/03/2019 10:30,8786.859561
1/03/2019 11:00,8782.825194
1/03/2019 11:30,8756.063547
1/03/2019 12:00,8722.631917
1/03/2019 12:30,8734.516422
1/03/2019 13:00,8800.206366
1/03/2019 13:30,8835.901772
1/03/2019 14:00,8910.645713
1/03/2019 14:30,8962.218247
1/03/2019 15:00,9144.204225
1/03/2019 15:30,9281.565608
1/03/2019 16:00,9401.327314
1/03/2019 16:30,9486.232255
1/03/2019 17:00,9550.972925
1/03/2019 17:30,9462.232501
1/03/2019 18:00,9517.598106
1/03/2019 18:30,9363.453252
1/03/2019 19:00,9301.863403
1/03/2019 19:30,9205.282445
1/03/2019 20:00,9006.927167
1/03/2019 20:30,8759.244937
1/03/2019 21:00,8464.198626
1/03/2019 21:30,8312.859546
1/03/2019 22:00,8070.674612
1/03/2019 22:30,7961.72182
1/03/2019 23:00,7733.308746
1/03/2019 23:30,7583.839546
2/03/2019 0:00,7352.324333
2/03/2019 0:30,7141.235787
2/03/2019 1:00,6926.927646
2/03/2019 1:30,6638.664143
2/03/2019 2:00,6420.38257
2/03/2019 2:30,6245.242384
2/03/2019 3:00,6138.938651
2/03/2019 3:30,6067.057676
2/03/2019 4:00,6078.462762
2/03/2019 4:30,6266.320546
2/03/2019 5:00,6477.610245
2/03/2019 5:30,6883.514379
2/03/2019 6:00,7251.823728
2/03/2019 6:30,7601.285223
2/03/2019 7:00,7867.208861
2/03/2019 7:30,8036.961433
2/03/2019 8:00,8060.949408
2/03/2019 8:30,8116.224091
2/03/2019 9:00,8161.701443
2/03/2019 9:30,8170.091218
2/03/2019 10:00,8233.670945
2/03/2019 10:30,8210.648711
2/03/2019 11:00,8239.553086
2/03/2019 11:30,8215.815886
2/03/2019 12:00,8176.233503
2/03/2019 12:30,8152.080249
2/03/2019 13:00,8222.038413
2/03/2019 13:30,8224.630678
2/03/2019 14:00,8269.152796
2/03/2019 14:30,8325.242078
2/03/2019 15:00,8492.751228
2/03/2019 15:30,8588.813354
2/03/2019 16:00,8727.193522
2/03/2019 16:30,8749.891213
2/03/2019 17:00,8782.919465
2/03/2019 17:30,8621.250411
2/03/2019 18:00,8608.743155
2/03/2019 18:30,8476.48109
2/03/2019 19:00,8406.935804
2/03/2019 19:30,8337.942732
2/03/2019 20:00,8143.079225
2/03/2019 20:30,7960.915073
2/03/2019 21:00,7686.825424
2/03/2019 21:30,7627.599433
2/03/2019 22:00,7391.530117
2/03/2019 22:30,7347.66349
2/03/2019 23:00,7141.112787
2/03/2019 23:30,6970.68288
3/03/2019 0:00,6949.239919
3/03/2019 0:30,6754.43694
3/03/2019 1:00,6566.340027
3/03/2019 1:30,6264.171181
3/03/2019 2:00,6016.345522
3/03/2019 2:30,5893.210936
3/03/2019 3:00,5826.314091
3/03/2019 3:30,5799.010766
3/03/2019 4:00,5805.579868
3/03/2019 4:30,5901.18976
3/03/2019 5:00,5979.919134
3/03/2019 5:30,6236.727664
3/03/2019 6:00,6417.690716
3/03/2019 6:30,6693.197121
3/03/2019 7:00,7015.774355
3/03/2019 7:30,7283.556481
3/03/2019 8:00,7450.080892
3/03/2019 8:30,7622.384298
3/03/2019 9:00,7661.270096
3/03/2019 9:30,7752.213179
3/03/2019 10:00,7717.287475
3/03/2019 10:30,7673.825401
3/03/2019 11:00,7699.095258
3/03/2019 11:30,7710.40139
3/03/2019 12:00,7744.27034
3/03/2019 12:30,7731.902009
3/03/2019 13:00,7753.03065
3/03/2019 13:30,7841.052342
3/03/2019 14:00,7900.089268
3/03/2019 14:30,8003.571496
3/03/2019 15:00,8125.90439
3/03/2019 15:30,8218.444097
3/03/2019 16:00,8344.716654
3/03/2019 16:30,8414.694413
3/03/2019 17:00,8560.907815
3/03/2019 17:30,8596.323723
3/03/2019 18:00,8681.301376
3/03/2019 18:30,8582.687092
3/03/2019 19:00,8588.421957
3/03/2019 19:30,8569.59999
3/03/2019 20:00,8427.614571
3/03/2019 20:30,8270.908664
3/03/2019 21:00,8154.735321
3/03/2019 21:30,7998.438736
3/03/2019 22:00,7906.666561
3/03/2019 22:30,7846.771856
3/03/2019 23:00,7674.934599
3/03/2019 23:30,7484.191429
4/03/2019 0:00,7629.084354
4/03/2019 0:30,7460.833716
4/03/2019 1:00,7293.167681
4/03/2019 1:30,7055.960024
4/03/2019 2:00,6894.803806
4/03/2019 2:30,6763.732297
4/03/2019 3:00,6691.492301
4/03/2019 3:30,6661.989062
4/03/2019 4:00,6657.579338
4/03/2019 4:30,6778.690249
4/03/2019 5:00,6837.067752
4/03/2019 5:30,7047.244383
4/03/2019 6:00,7227.561033
4/03/2019 6:30,7465.487691
4/03/2019 7:00,7726.364989
4/03/2019 7:30,7933.631319
4/03/2019 8:00,8147.786144
4/03/2019 8:30,8277.376296
4/03/2019 9:00,8389.044028
4/03/2019 9:30,8398.816852
4/03/2019 10:00,8432.488356
4/03/2019 10:30,8453.680941
4/03/2019 11:00,8488.429597
4/03/2019 11:30,8581.253945
4/03/2019 12:00,8633.889079
4/03/2019 12:30,8693.951821
4/03/2019 13:00,8762.156351
4/03/2019 13:30,8885.746975
4/03/2019 14:00,8941.994851
4/03/2019 14:30,9068.5002
4/03/2019 15:00,9247.870402
4/03/2019 15:30,9413.636989
4/03/2019 16:00,9613.044073
4/03/2019 16:30,9772.0324
4/03/2019 17:00,9960.726364
4/03/2019 17:30,10082.64103
4/03/2019 18:00,10122.65333
4/03/2019 18:30,10025.72629
4/03/2019 19:00,9877.294514
4/03/2019 19:30,9806.06285
4/03/2019 20:00,9605.577546
4/03/2019 20:30,9417.764201
4/03/2019 21:00,9139.080508
4/03/2019 21:30,8945.015146
4/03/2019 22:00,8687.085056
4/03/2019 22:30,8566.179243
4/03/2019 23:00,8322.168983
4/03/2019 23:30,8137.532263
5/03/2019 0:00,7640.367378
5/03/2019 0:30,7480.566732
5/03/2019 1:00,7318.482931
5/03/2019 1:30,7036.056992
5/03/2019 2:00,6861.950554
5/03/2019 2:30,6695.598648
5/03/2019 3:00,6652.95845
5/03/2019 3:30,6649.308998
5/03/2019 4:00,6643.447428
5/03/2019 4:30,6838.053519
5/03/2019 5:00,7045.158007
5/03/2019 5:30,7501.379231
5/03/2019 6:00,7902.732718
5/03/2019 6:30,8303.015542
5/03/2019 7:00,8596.431039
5/03/2019 7:30,8807.539068
5/03/2019 8:00,8860.426516
5/03/2019 8:30,8966.773562
5/03/2019 9:00,8991.715141
5/03/2019 9:30,9073.530503
5/03/2019 10:00,9075.48055
5/03/2019 10:30,9104.7142
5/03/2019 11:00,9145.042461
5/03/2019 11:30,9178.311692
5/03/2019 12:00,9277.71313
5/03/2019 12:30,9399.064227
5/03/2019 13:00,9549.42235
5/03/2019 13:30,9661.35592
5/03/2019 14:00,9773.647759
5/03/2019 14:30,9928.977587
5/03/2019 15:00,10173.96007
5/03/2019 15:30,10273.49393
5/03/2019 16:00,10419.68207
5/03/2019 16:30,10445.80342
5/03/2019 17:00,10408.38328
5/03/2019 17:30,10203.81055
5/03/2019 18:00,10095.01551
5/03/2019 18:30,9855.399367
5/03/2019 19:00,9748.630763
5/03/2019 19:30,9607.053766
5/03/2019 20:00,9297.138213
5/03/2019 20:30,9047.618707
5/03/2019 21:00,8755.317846
5/03/2019 21:30,8606.314267
5/03/2019 22:00,8335.673879
5/03/2019 22:30,8243.268402
5/03/2019 23:00,7981.271691
5/03/2019 23:30,7777.604331
6/03/2019 0:00,7688.63603
6/03/2019 0:30,7494.130334
6/03/2019 1:00,7256.060891
6/03/2019 1:30,7010.020331
6/03/2019 2:00,6820.329194
6/03/2019 2:30,6641.678107
6/03/2019 3:00,6539.345702
6/03/2019 3:30,6529.455058
6/03/2019 4:00,6570.530716
6/03/2019 4:30,6781.389965
6/03/2019 5:00,6954.754236
6/03/2019 5:30,7437.401831
6/03/2019 6:00,7832.659491
6/03/2019 6:30,8225.647865
6/03/2019 7:00,8517.828033
6/03/2019 7:30,8675.035649
6/03/2019 8:00,8766.324322
6/03/2019 8:30,8882.919803
6/03/2019 9:00,8918.612873
6/03/2019 9:30,8914.435363
6/03/2019 10:00,8914.803166
6/03/2019 10:30,8911.197352
6/03/2019 11:00,8934.660937
6/03/2019 11:30,8981.206807
6/03/2019 12:00,9087.942052
6/03/2019 12:30,9224.517391
6/03/2019 13:00,9370.523295
6/03/2019 13:30,9473.473474
6/03/2019 14:00,9660.706642
6/03/2019 14:30,9815.321468
6/03/2019 15:00,10057.37272
6/03/2019 15:30,10195.58984
6/03/2019 16:00,10140.18459
6/03/2019 16:30,10071.54775
6/03/2019 17:00,10175.886
6/03/2019 17:30,10180.15645
6/03/2019 18:00,10170.86903
6/03/2019 18:30,10021.55877
6/03/2019 19:00,9911.34137
6/03/2019 19:30,9743.623137
6/03/2019 20:00,9534.54372
6/03/2019 20:30,9193.457266
6/03/2019 21:00,8902.286304
6/03/2019 21:30,8737.852731
6/03/2019 22:00,8420.443403
6/03/2019 22:30,8294.862594
6/03/2019 23:00,8021.815567
6/03/2019 23:30,7848.845329
7/03/2019 0:00,7677.177534
7/03/2019 0:30,7436.457343
7/03/2019 1:00,7221.873255
7/03/2019 1:30,6894.840997
7/03/2019 2:00,6689.368752
7/03/2019 2:30,6502.356182
7/03/2019 3:00,6426.608126
7/03/2019 3:30,6426.406523
7/03/2019 4:00,6441.042361
7/03/2019 4:30,6666.956399
7/03/2019 5:00,6897.214248
7/03/2019 5:30,7344.514632
7/03/2019 6:00,7742.561385
7/03/2019 6:30,8145.430329
7/03/2019 7:00,8414.366078
7/03/2019 7:30,8610.135556
7/03/2019 8:00,8747.795641
7/03/2019 8:30,8906.960874
7/03/2019 9:00,9000.314348
7/03/2019 9:30,9093.760385
7/03/2019 10:00,9223.348968
7/03/2019 10:30,9265.357652
7/03/2019 11:00,9271.136977
7/03/2019 11:30,9282.893454
7/03/2019 12:00,9429.370703
7/03/2019 12:30,9530.120439
7/03/2019 13:00,9736.111674
7/03/2019 13:30,9670.148001
7/03/2019 14:00,9497.149818
7/03/2019 14:30,9361.623642
7/03/2019 15:00,9336.116082
7/03/2019 15:30,9336.809192
7/03/2019 16:00,9307.493572
7/03/2019 16:30,9247.760582
7/03/2019 17:00,9332.390333
7/03/2019 17:30,9341.389665
7/03/2019 18:00,9405.920295
7/03/2019 18:30,9315.020029
7/03/2019 19:00,9264.213597
7/03/2019 19:30,9192.526013
7/03/2019 20:00,8957.425373
7/03/2019 20:30,8743.643739
7/03/2019 21:00,8469.340805
7/03/2019 21:30,8307.323312
7/03/2019 22:00,8075.698115
7/03/2019 22:30,7948.377494
7/03/2019 23:00,7789.134851
7/03/2019 23:30,7640.255705
8/03/2019 0:00,7481.072795
8/03/2019 0:30,7296.77874
8/03/2019 1:00,7088.032599
8/03/2019 1:30,6800.100108
8/03/2019 2:00,6608.636462
8/03/2019 2:30,6428.327246
8/03/2019 3:00,6366.641208
8/03/2019 3:30,6333.129716
8/03/2019 4:00,6368.362681
8/03/2019 4:30,6544.09537
8/03/2019 5:00,6743.660843
8/03/2019 5:30,7188.261577
8/03/2019 6:00,7598.914926
8/03/2019 6:30,7953.747557
8/03/2019 7:00,8238.778867
8/03/2019 7:30,8351.949546
8/03/2019 8:00,8349.719219
8/03/2019 8:30,8380.547113
8/03/2019 9:00,8345.843917
8/03/2019 9:30,8310.069288
8/03/2019 10:00,8329.8292
8/03/2019 10:30,8295.617048
8/03/2019 11:00,8289.863782
8/03/2019 11:30,8217.012274
8/03/2019 12:00,8155.315907
8/03/2019 12:30,8124.719317
8/03/2019 13:00,8129.541691
8/03/2019 13:30,8136.838148
8/03/2019 14:00,8134.962944
8/03/2019 14:30,8175.221702
8/03/2019 15:00,8245.345988
8/03/2019 15:30,8315.387313
8/03/2019 16:00,8401.439051
8/03/2019 16:30,8468.309462
8/03/2019 17:00,8589.817742
8/03/2019 17:30,8584.495151
8/03/2019 18:00,8656.774361
8/03/2019 18:30,8620.155195
8/03/2019 19:00,8591.153844
8/03/2019 19:30,8468.67961
8/03/2019 20:00,8323.573862
8/03/2019 20:30,8116.966273
8/03/2019 21:00,7850.917947
8/03/2019 21:30,7750.973258
8/03/2019 22:00,7620.742226
8/03/2019 22:30,7562.237783
8/03/2019 23:00,7434.654691
8/03/2019 23:30,7327.766894
9/03/2019 0:00,7056.290733
9/03/2019 0:30,6880.70794
9/03/2019 1:00,6696.321224
9/03/2019 1:30,6436.340581
9/03/2019 2:00,6181.668408
9/03/2019 2:30,6027.748783
9/03/2019 3:00,5955.672832
9/03/2019 3:30,5939.192564
9/03/2019 4:00,5964.944721
9/03/2019 4:30,6123.480142
9/03/2019 5:00,6314.818747
9/03/2019 5:30,6698.579415
9/03/2019 6:00,7169.131507
9/03/2019 6:30,7487.132458
9/03/2019 7:00,7719.32347
9/03/2019 7:30,7820.656281
9/03/2019 8:00,7923.784925
9/03/2019 8:30,7929.994778
9/03/2019 9:00,7947.259329
9/03/2019 9:30,7945.999393
9/03/2019 10:00,7841.277786
9/03/2019 10:30,7826.908441
9/03/2019 11:00,7805.045444
9/03/2019 11:30,7780.868977
9/03/2019 12:00,7730.153299
9/03/2019 12:30,7785.940996
9/03/2019 13:00,7842.461028
9/03/2019 13:30,7898.213704
9/03/2019 14:00,8048.490757
9/03/2019 14:30,8169.035046
9/03/2019 15:00,8343.516211
9/03/2019 15:30,8513.691032
9/03/2019 16:00,8643.439074
9/03/2019 16:30,8749.08087
9/03/2019 17:00,8757.619421
9/03/2019 17:30,8639.800312
9/03/2019 18:00,8634.923151
9/03/2019 18:30,8531.39773
9/03/2019 19:00,8530.772068
9/03/2019 19:30,8434.350956
9/03/2019 20:00,8268.092009
9/03/2019 20:30,8048.76586
9/03/2019 21:00,7830.043132
9/03/2019 21:30,7718.642051
9/03/2019 22:00,7495.662523
9/03/2019 22:30,7414.088372
9/03/2019 23:00,7183.733942
9/03/2019 23:30,7024.610866
10/03/2019 0:00,6977.488672
10/03/2019 0:30,6764.413932
10/03/2019 1:00,6575.475107
10/03/2019 1:30,6286.712939
10/03/2019 2:00,6032.395237
10/03/2019 2:30,5854.449827
10/03/2019 3:00,5787.188543
10/03/2019 3:30,5717.3578
10/03/2019 4:00,5701.639594
10/03/2019 4:30,5806.109326
10/03/2019 5:00,5899.182376
10/03/2019 5:30,6174.309933
10/03/2019 6:00,6391.098162
10/03/2019 6:30,6689.799228
10/03/2019 7:00,6986.359711
10/03/2019 7:30,7297.106479
10/03/2019 8:00,7516.287638
10/03/2019 8:30,7678.787195
10/03/2019 9:00,7689.981417
10/03/2019 9:30,7736.115965
10/03/2019 10:00,7694.156473
10/03/2019 10:30,7674.237712
10/03/2019 11:00,7603.729711
10/03/2019 11:30,7594.329416
10/03/2019 12:00,7581.147214
10/03/2019 12:30,7634.554825
10/03/2019 13:00,7692.145886
10/03/2019 13:30,7680.46605
10/03/2019 14:00,7740.896634
10/03/2019 14:30,7757.766464
10/03/2019 15:00,7797.765835
10/03/2019 15:30,7839.058775
10/03/2019 16:00,7870.209533
10/03/2019 16:30,7963.223214
10/03/2019 17:00,8126.44799
10/03/2019 17:30,8239.379733
10/03/2019 18:00,8353.147545
10/03/2019 18:30,8335.360695
10/03/2019 19:00,8355.664957
10/03/2019 19:30,8294.93274
10/03/2019 20:00,8199.526528
10/03/2019 20:30,8062.0711
10/03/2019 21:00,7898.974767
10/03/2019 21:30,7801.265644
10/03/2019 22:00,7699.169518
10/03/2019 22:30,7646.972047
10/03/2019 23:00,7486.128002
10/03/2019 23:30,7354.322612
11/03/2019 0:00,7485.802708
11/03/2019 0:30,7312.809986
11/03/2019 1:00,7169.203958
11/03/2019 1:30,6915.838829
11/03/2019 2:00,6761.371046
11/03/2019 2:30,6641.913693
11/03/2019 3:00,6563.076099
11/03/2019 3:30,6539.1903
11/03/2019 4:00,6532.611232
11/03/2019 4:30,6637.510873
11/03/2019 5:00,6702.768689
11/03/2019 5:30,6895.971729
11/03/2019 6:00,7089.022032
11/03/2019 6:30,7357.218046
11/03/2019 7:00,7655.12747
11/03/2019 7:30,7906.564552
11/03/2019 8:00,8112.530181
11/03/2019 8:30,8238.310199
11/03/2019 9:00,8281.438443
11/03/2019 9:30,8299.252778
11/03/2019 10:00,8292.107393
11/03/2019 10:30,8296.700795
11/03/2019 11:00,8285.370139
11/03/2019 11:30,8292.701742
11/03/2019 12:00,8330.32031
11/03/2019 12:30,8409.56783
11/03/2019 13:00,8550.011135
11/03/2019 13:30,8718.701149
11/03/2019 14:00,8935.600852
11/03/2019 14:30,9110.192248
11/03/2019 15:00,9346.681072
11/03/2019 15:30,9584.559676
11/03/2019 16:00,9696.486024
11/03/2019 16:30,9830.544385
11/03/2019 17:00,10054.19811
11/03/2019 17:30,10166.20573
11/03/2019 18:00,10191.11376
11/03/2019 18:30,10096.29785
11/03/2019 19:00,10047.50244
11/03/2019 19:30,9924.718092
11/03/2019 20:00,9732.748053
11/03/2019 20:30,9586.538605
11/03/2019 21:00,9326.617644
11/03/2019 21:30,9062.149207
11/03/2019 22:00,8777.45524
11/03/2019 22:30,8639.894423
11/03/2019 23:00,8369.986547
11/03/2019 23:30,8132.320478
12/03/2019 0:00,7652.993036
12/03/2019 0:30,7458.436939
12/03/2019 1:00,7285.667024
12/03/2019 1:30,7023.631707
12/03/2019 2:00,6854.63046
12/03/2019 2:30,6701.483375
12/03/2019 3:00,6552.482108
12/03/2019 3:30,6511.417924
12/03/2019 4:00,6517.967623
12/03/2019 4:30,6738.467279
12/03/2019 5:00,6932.770542
12/03/2019 5:30,7365.188583
12/03/2019 6:00,7768.057297
12/03/2019 6:30,8124.244521
12/03/2019 7:00,8465.794278
12/03/2019 7:30,8662.222523
12/03/2019 8:00,8764.871266
12/03/2019 8:30,8865.345808
12/03/2019 9:00,8933.397253
12/03/2019 9:30,8951.836984
12/03/2019 10:00,8961.280749
12/03/2019 10:30,8919.48142
12/03/2019 11:00,8923.896831
12/03/2019 11:30,8956.439385
12/03/2019 12:00,8958.408506
12/03/2019 12:30,9006.916765
12/03/2019 13:00,9025.691884
12/03/2019 13:30,9087.690127
12/03/2019 14:00,9194.084418
12/03/2019 14:30,9221.592182
12/03/2019 15:00,9360.755056
12/03/2019 15:30,9497.889955
12/03/2019 16:00,9620.435348
12/03/2019 16:30,9721.043641
12/03/2019 17:00,9784.188488
12/03/2019 17:30,9707.087621
12/03/2019 18:00,9712.396105
12/03/2019 18:30,9567.527913
12/03/2019 19:00,9511.681658
12/03/2019 19:30,9351.784673
12/03/2019 20:00,9108.776953
12/03/2019 20:30,8882.777022
12/03/2019 21:00,8623.924053
12/03/2019 21:30,8467.310589
12/03/2019 22:00,8223.894006
12/03/2019 22:30,8119.752713
12/03/2019 23:00,7892.896113
12/03/2019 23:30,7711.89912
13/03/2019 0:00,7661.897703
13/03/2019 0:30,7450.889937
13/03/2019 1:00,7224.877847
13/03/2019 1:30,6918.014054
13/03/2019 2:00,6695.158808
13/03/2019 2:30,6530.538723
13/03/2019 3:00,6479.575724
13/03/2019 3:30,6444.519133
13/03/2019 4:00,6438.670731
13/03/2019 4:30,6644.100791
13/03/2019 5:00,6846.127257
13/03/2019 5:30,7300.355682
13/03/2019 6:00,7714.127871
13/03/2019 6:30,8076.658725
13/03/2019 7:00,8386.619427
13/03/2019 7:30,8529.30885
13/03/2019 8:00,8638.323691
13/03/2019 8:30,8753.241323
13/03/2019 9:00,8753.113086
13/03/2019 9:30,8787.173924
13/03/2019 10:00,8805.762777
13/03/2019 10:30,8811.656669
13/03/2019 11:00,8857.707305
13/03/2019 11:30,8872.195831
13/03/2019 12:00,8984.282458
13/03/2019 12:30,9054.55035
13/03/2019 13:00,9206.38912
13/03/2019 13:30,9306.759755
13/03/2019 14:00,9382.906277
13/03/2019 14:30,9520.909355
13/03/2019 15:00,9728.658046
13/03/2019 15:30,9959.684332
13/03/2019 16:00,10075.52555
13/03/2019 16:30,10187.93704
13/03/2019 17:00,10317.18511
13/03/2019 17:30,10269.32234
13/03/2019 18:00,10286.93013
13/03/2019 18:30,10062.19796
13/03/2019 19:00,9982.895254
13/03/2019 19:30,9788.931735
13/03/2019 20:00,9582.071891
13/03/2019 20:30,9248.779551
13/03/2019 21:00,8873.00574
13/03/2019 21:30,8619.546497
13/03/2019 22:00,8318.470914
13/03/2019 22:30,8175.10428
13/03/2019 23:00,7940.097149
13/03/2019 23:30,7793.011939
14/03/2019 0:00,7521.538475
14/03/2019 0:30,7358.023922
14/03/2019 1:00,7160.201711
14/03/2019 1:30,6896.001744
14/03/2019 2:00,6610.337775
14/03/2019 2:30,6439.55331
14/03/2019 3:00,6339.160043
14/03/2019 3:30,6341.581096
14/03/2019 4:00,6396.447625
14/03/2019 4:30,6631.5891
14/03/2019 5:00,6835.237606
14/03/2019 5:30,7306.982621
14/03/2019 6:00,7750.687163
14/03/2019 6:30,8130.959486
14/03/2019 7:00,8428.442252
14/03/2019 7:30,8579.440776
14/03/2019 8:00,8631.180123
14/03/2019 8:30,8724.802356
14/03/2019 9:00,8741.912046
14/03/2019 9:30,8746.269522
14/03/2019 10:00,8731.7305
14/03/2019 10:30,8704.654674
14/03/2019 11:00,8654.939899
14/03/2019 11:30,8650.031194
14/03/2019 12:00,8637.350519
14/03/2019 12:30,8613.611974
14/03/2019 13:00,8618.477897
14/03/2019 13:30,8601.811431
14/03/2019 14:00,8594.411868
14/03/2019 14:30,8608.756353
14/03/2019 15:00,8658.498295
14/03/2019 15:30,8714.286883
14/03/2019 16:00,8791.939001
14/03/2019 16:30,8815.930419
14/03/2019 17:00,8915.755982
14/03/2019 17:30,8865.726568
14/03/2019 18:00,8995.723234
14/03/2019 18:30,9001.045638
14/03/2019 19:00,8981.830039
14/03/2019 19:30,8829.624659
14/03/2019 20:00,8629.745338
14/03/2019 20:30,8461.489953
14/03/2019 21:00,8229.387465
14/03/2019 21:30,8127.672043
14/03/2019 22:00,7947.380965
14/03/2019 22:30,7901.173303
14/03/2019 23:00,7746.777285
14/03/2019 23:30,7598.014971
15/03/2019 0:00,7496.123593
15/03/2019 0:30,7324.602102
15/03/2019 1:00,7131.265467
15/03/2019 1:30,6847.833262
15/03/2019 2:00,6658.349036
15/03/2019 2:30,6503.080801
15/03/2019 3:00,6432.245801
15/03/2019 3:30,6384.538653
15/03/2019 4:00,6417.44745
15/03/2019 4:30,6616.015688
15/03/2019 5:00,6817.031813
15/03/2019 5:30,7281.25286
15/03/2019 6:00,7744.972081
15/03/2019 6:30,8125.682654
15/03/2019 7:00,8471.617981
15/03/2019 7:30,8667.589134
15/03/2019 8:00,8707.789621
15/03/2019 8:30,8821.792572
15/03/2019 9:00,8870.675377
15/03/2019 9:30,8931.421412
15/03/2019 10:00,8925.530224
15/03/2019 10:30,8837.514379
15/03/2019 11:00,8819.714731
15/03/2019 11:30,8849.610915
15/03/2019 12:00,8820.477081
15/03/2019 12:30,8737.046616
15/03/2019 13:00,8745.106183
15/03/2019 13:30,8783.429056
15/03/2019 14:00,8855.256096
15/03/2019 14:30,8892.031044
15/03/2019 15:00,9012.912685
15/03/2019 15:30,9077.877305
15/03/2019 16:00,9153.28799
15/03/2019 16:30,9138.582217
15/03/2019 17:00,9265.230314
15/03/2019 17:30,9172.089335
15/03/2019 18:00,9244.786602
15/03/2019 18:30,9173.203949
15/03/2019 19:00,9069.009807
15/03/2019 19:30,8899.084332
15/03/2019 20:00,8697.839874
15/03/2019 20:30,8423.18153
15/03/2019 21:00,8124.008288
15/03/2019 21:30,7979.453427
15/03/2019 22:00,7773.15194
15/03/2019 22:30,7699.332459
15/03/2019 23:00,7520.004141
15/03/2019 23:30,7355.714805
16/03/2019 0:00,7108.544743
16/03/2019 0:30,6922.557867
16/03/2019 1:00,6716.075682
16/03/2019 1:30,6438.315524
16/03/2019 2:00,6219.425358
16/03/2019 2:30,6047.800391
16/03/2019 3:00,5950.906394
16/03/2019 3:30,5880.622629
16/03/2019 4:00,5897.415597
16/03/2019 4:30,6063.039684
16/03/2019 5:00,6253.965318
16/03/2019 5:30,6694.694988
16/03/2019 6:00,7094.135058
16/03/2019 6:30,7411.387536
16/03/2019 7:00,7700.881718
16/03/2019 7:30,7840.505104
16/03/2019 8:00,7868.011894
16/03/2019 8:30,7918.832259
16/03/2019 9:00,7928.393325
16/03/2019 9:30,7952.751306
16/03/2019 10:00,7895.389136
16/03/2019 10:30,7833.982557
16/03/2019 11:00,7815.596674
16/03/2019 11:30,7811.789974
16/03/2019 12:00,7727.951838
16/03/2019 12:30,7657.52335
16/03/2019 13:00,7587.908965
16/03/2019 13:30,7499.775667
16/03/2019 14:00,7473.124519
16/03/2019 14:30,7459.259518
16/03/2019 15:00,7527.113436
16/03/2019 15:30,7587.67996
16/03/2019 16:00,7630.931336
16/03/2019 16:30,7636.210888
16/03/2019 17:00,7726.444051
16/03/2019 17:30,7681.506161
16/03/2019 18:00,7760.307135
16/03/2019 18:30,7735.956653
16/03/2019 19:00,7757.434424
16/03/2019 19:30,7678.966319
16/03/2019 20:00,7534.137501
16/03/2019 20:30,7357.017227
16/03/2019 21:00,7140.16684
16/03/2019 21:30,7052.231572
16/03/2019 22:00,6928.548999
16/03/2019 22:30,6650.038885
16/03/2019 23:00,6576.285126
16/03/2019 23:30,6654.29927
17/03/2019 0:00,6686.993486
17/03/2019 0:30,6495.12099
17/03/2019 1:00,6278.407676
17/03/2019 1:30,5977.60255
17/03/2019 2:00,5740.50445
17/03/2019 2:30,5554.476426
17/03/2019 3:00,5481.087789
17/03/2019 3:30,5416.815238
17/03/2019 4:00,5429.712749
17/03/2019 4:30,5542.473556
17/03/2019 5:00,5654.267278
17/03/2019 5:30,5881.576525
17/03/2019 6:00,6124.233302
17/03/2019 6:30,6392.724246
17/03/2019 7:00,6746.26238
17/03/2019 7:30,7020.323839
17/03/2019 8:00,7236.666977
17/03/2019 8:30,7457.825604
17/03/2019 9:00,7506.303914
17/03/2019 9:30,7548.15897
17/03/2019 10:00,7501.855684
17/03/2019 10:30,7455.389293
17/03/2019 11:00,7437.578093
17/03/2019 11:30,7377.974794
17/03/2019 12:00,7351.388976
17/03/2019 12:30,7286.008061
17/03/2019 13:00,7313.153501
17/03/2019 13:30,7265.06904
17/03/2019 14:00,7311.813104
17/03/2019 14:30,7394.891182
17/03/2019 15:00,7476.098645
17/03/2019 15:30,7549.713949
17/03/2019 16:00,7655.700276
17/03/2019 16:30,7709.870278
17/03/2019 17:00,7856.40144
17/03/2019 17:30,7964.376094
17/03/2019 18:00,8063.902193
17/03/2019 18:30,8101.528445
17/03/2019 19:00,8134.320961
17/03/2019 19:30,8009.294661
17/03/2019 20:00,7858.65443
17/03/2019 20:30,7736.795445
17/03/2019 21:00,7629.042918
17/03/2019 21:30,7563.617008
17/03/2019 22:00,7480.700714
17/03/2019 22:30,7458.339892
17/03/2019 23:00,7275.697816
17/03/2019 23:30,7146.024898
18/03/2019 0:00,7288.98166
18/03/2019 0:30,7171.284863
18/03/2019 1:00,7039.813005
18/03/2019 1:30,6790.566725
18/03/2019 2:00,6605.955468
18/03/2019 2:30,6479.342408
18/03/2019 3:00,6419.79032
18/03/2019 3:30,6369.755571
18/03/2019 4:00,6344.741711
18/03/2019 4:30,6435.959818
18/03/2019 5:00,6555.582496
18/03/2019 5:30,6769.742246
18/03/2019 6:00,6999.337527
18/03/2019 6:30,7283.308847
18/03/2019 7:00,7575.959103
18/03/2019 7:30,7888.053368
18/03/2019 8:00,8144.566971
18/03/2019 8:30,8374.991439
18/03/2019 9:00,8509.957129
18/03/2019 9:30,8605.53829
18/03/2019 10:00,8601.814957
18/03/2019 10:30,8633.98585
18/03/2019 11:00,8609.212343
18/03/2019 11:30,8556.8549
18/03/2019 12:00,8535.485721
18/03/2019 12:30,8497.639274
18/03/2019 13:00,8451.563919
18/03/2019 13:30,8426.172936
18/03/2019 14:00,8440.027896
18/03/2019 14:30,8444.570453
18/03/2019 15:00,8446.045163
18/03/2019 15:30,8515.686147
18/03/2019 16:00,8623.397941
18/03/2019 16:30,8726.841871
18/03/2019 17:00,8898.99503
18/03/2019 17:30,9013.537073
18/03/2019 18:00,9126.089055
18/03/2019 18:30,9116.35742
18/03/2019 19:00,9081.907268
18/03/2019 19:30,8934.450051
18/03/2019 20:00,8763.81481
18/03/2019 20:30,8600.413469
18/03/2019 21:00,8368.493666
18/03/2019 21:30,8245.178404
18/03/2019 22:00,8106.336482
18/03/2019 22:30,8077.339029
18/03/2019 23:00,7884.788726
18/03/2019 23:30,7750.384161
19/03/2019 0:00,7268.557208
19/03/2019 0:30,7121.241751
19/03/2019 1:00,6930.164317
19/03/2019 1:30,6683.375173
19/03/2019 2:00,6461.598283
19/03/2019 2:30,6330.483583
19/03/2019 3:00,6254.092558
19/03/2019 3:30,6267.128207
19/03/2019 4:00,6270.351737
19/03/2019 4:30,6471.786114
19/03/2019 5:00,6699.24336
19/03/2019 5:30,7165.387151
19/03/2019 6:00,7631.874855
19/03/2019 6:30,8020.136167
19/03/2019 7:00,8304.808698
19/03/2019 7:30,8442.348163
19/03/2019 8:00,8445.190287
19/03/2019 8:30,8490.580333
19/03/2019 9:00,8550.450375
19/03/2019 9:30,8549.170773
19/03/2019 10:00,8512.963676
19/03/2019 10:30,8424.488494
19/03/2019 11:00,8355.42758
19/03/2019 11:30,8270.991239
19/03/2019 12:00,8275.981697
19/03/2019 12:30,8310.687667
19/03/2019 13:00,8357.447346
19/03/2019 13:30,8330.589551
19/03/2019 14:00,8328.053993
19/03/2019 14:30,8336.404395
19/03/2019 15:00,8405.416169
19/03/2019 15:30,8502.923319
19/03/2019 16:00,8599.008482
19/03/2019 16:30,8697.561649
19/03/2019 17:00,8851.308733
19/03/2019 17:30,8833.402171
19/03/2019 18:00,8932.006176
19/03/2019 18:30,8874.568138
19/03/2019 19:00,8824.237204
19/03/2019 19:30,8602.093355
19/03/2019 20:00,8417.106973
19/03/2019 20:30,8208.19688
19/03/2019 21:00,7981.935739
19/03/2019 21:30,7847.213229
19/03/2019 22:00,7681.878237
19/03/2019 22:30,7674.654403
19/03/2019 23:00,7528.478432
19/03/2019 23:30,7383.369679
20/03/2019 0:00,7349.495317
20/03/2019 0:30,7177.237342
20/03/2019 1:00,7005.128249
20/03/2019 1:30,6696.3974
20/03/2019 2:00,6462.540505
20/03/2019 2:30,6277.884683
20/03/2019 3:00,6180.23382
20/03/2019 3:30,6151.448634
20/03/2019 4:00,6175.709583
20/03/2019 4:30,6365.257045
20/03/2019 5:00,6586.914093
20/03/2019 5:30,7041.377222
20/03/2019 6:00,7473.333638
20/03/2019 6:30,7851.839816
20/03/2019 7:00,8142.919275
20/03/2019 7:30,8256.94739
20/03/2019 8:00,8272.158527
20/03/2019 8:30,8355.203477
20/03/2019 9:00,8379.497405
20/03/2019 9:30,8450.43981
20/03/2019 10:00,8437.427676
20/03/2019 10:30,8410.470653
20/03/2019 11:00,8418.499179
20/03/2019 11:30,8341.157321
20/03/2019 12:00,8331.095301
20/03/2019 12:30,8362.194846
20/03/2019 13:00,8399.252885
20/03/2019 13:30,8430.244257
20/03/2019 14:00,8440.536205
20/03/2019 14:30,8449.28852
20/03/2019 15:00,8480.709108
20/03/2019 15:30,8544.547646
20/03/2019 16:00,8643.993809
20/03/2019 16:30,8715.453403
20/03/2019 17:00,8865.643561
20/03/2019 17:30,8846.358715
20/03/2019 18:00,8937.613356
20/03/2019 18:30,8941.090479
20/03/2019 19:00,8925.401471
20/03/2019 19:30,8746.379845
20/03/2019 20:00,8579.778442
20/03/2019 20:30,8398.864982
20/03/2019 21:00,8195.890429
20/03/2019 21:30,8058.902317
20/03/2019 22:00,7885.496228
20/03/2019 22:30,7808.707776
20/03/2019 23:00,7693.107694
20/03/2019 23:30,7547.290858
21/03/2019 0:00,7343.106917
21/03/2019 0:30,7167.193335
21/03/2019 1:00,6969.113193
21/03/2019 1:30,6680.655361
21/03/2019 2:00,6459.272877
21/03/2019 2:30,6284.614513
21/03/2019 3:00,6218.0333
21/03/2019 3:30,6203.898512
21/03/2019 4:00,6259.032311
21/03/2019 4:30,6468.29631
21/03/2019 5:00,6678.872772
21/03/2019 5:30,7141.543536
21/03/2019 6:00,7593.218483
21/03/2019 6:30,7955.777433
21/03/2019 7:00,8256.747362
21/03/2019 7:30,8334.328564
21/03/2019 8:00,8365.359606
21/03/2019 8:30,8405.507747
21/03/2019 9:00,8428.494739
21/03/2019 9:30,8499.332872
21/03/2019 10:00,8550.541635
21/03/2019 10:30,8536.80105
21/03/2019 11:00,8501.117727
21/03/2019 11:30,8515.729755
21/03/2019 12:00,8459.290089
21/03/2019 12:30,8520.818418
21/03/2019 13:00,8561.749531
21/03/2019 13:30,8575.165335
21/03/2019 14:00,8587.269613
21/03/2019 14:30,8577.879001
21/03/2019 15:00,8682.846142
21/03/2019 15:30,8800.372241
21/03/2019 16:00,8892.153546
21/03/2019 16:30,9006.955182
21/03/2019 17:00,9150.8129
21/03/2019 17:30,9098.242007
21/03/2019 18:00,9204.227677
21/03/2019 18:30,9118.576989
21/03/2019 19:00,9097.77187
21/03/2019 19:30,8899.623638
21/03/2019 20:00,8713.002535
21/03/2019 20:30,8511.449961
21/03/2019 21:00,8323.427777
21/03/2019 21:30,8195.416982
21/03/2019 22:00,7996.467797
21/03/2019 22:30,7901.616327
21/03/2019 23:00,7746.121976
21/03/2019 23:30,7604.460662
22/03/2019 0:00,7477.270405
22/03/2019 0:30,7279.921314
22/03/2019 1:00,7085.419621
22/03/2019 1:30,6793.147853
22/03/2019 2:00,6565.736677
22/03/2019 2:30,6372.202428
22/03/2019 3:00,6293.744641
22/03/2019 3:30,6245.703481
22/03/2019 4:00,6282.305788
22/03/2019 4:30,6495.528724
22/03/2019 5:00,6684.029209
22/03/2019 5:30,7137.925084
22/03/2019 6:00,7587.541986
22/03/2019 6:30,7937.774763
22/03/2019 7:00,8264.839244
22/03/2019 7:30,8391.986211
22/03/2019 8:00,8399.168703
22/03/2019 8:30,8514.740367
22/03/2019 9:00,8524.928972
22/03/2019 9:30,8516.964638
22/03/2019 10:00,8492.454617
22/03/2019 10:30,8461.110945
22/03/2019 11:00,8484.06755
22/03/2019 11:30,8487.007652
22/03/2019 12:00,8481.184105
22/03/2019 12:30,8514.901472
22/03/2019 13:00,8559.364907
22/03/2019 13:30,8613.209758
22/03/2019 14:00,8599.012043
22/03/2019 14:30,8622.553083
22/03/2019 15:00,8707.163046
22/03/2019 15:30,8834.222986
22/03/2019 16:00,8926.806225
22/03/2019 16:30,8986.953647
22/03/2019 17:00,9093.637447
22/03/2019 17:30,8988.275948
22/03/2019 18:00,9038.59938
22/03/2019 18:30,9017.521423
22/03/2019 19:00,8971.798408
22/03/2019 19:30,8802.147097
22/03/2019 20:00,8604.794817
22/03/2019 20:30,8362.179116
22/03/2019 21:00,8106.337168
22/03/2019 21:30,7967.95647
22/03/2019 22:00,7744.776843
22/03/2019 22:30,7639.465381
22/03/2019 23:00,7457.878653
22/03/2019 23:30,7295.610692
23/03/2019 0:00,7061.42321
23/03/2019 0:30,6858.360911
23/03/2019 1:00,6622.511687
23/03/2019 1:30,6349.829145
23/03/2019 2:00,6112.546874
23/03/2019 2:30,5919.115996
23/03/2019 3:00,5841.375292
23/03/2019 3:30,5822.683564
23/03/2019 4:00,5829.489839
23/03/2019 4:30,6023.761641
23/03/2019 5:00,6252.141655
23/03/2019 5:30,6698.354343
23/03/2019 6:00,7093.713799
23/03/2019 6:30,7402.089496
23/03/2019 7:00,7670.196909
23/03/2019 7:30,7802.982867
23/03/2019 8:00,7791.877033
23/03/2019 8:30,7916.89204
23/03/2019 9:00,7939.879653
23/03/2019 9:30,8005.713255
23/03/2019 10:00,7963.584073
23/03/2019 10:30,7931.005719
23/03/2019 11:00,7890.770103
23/03/2019 11:30,7830.825188
23/03/2019 12:00,7801.637657
23/03/2019 12:30,7859.665412
23/03/2019 13:00,7895.351879
23/03/2019 13:30,7852.361817
23/03/2019 14:00,7825.006366
23/03/2019 14:30,7919.24447
23/03/2019 15:00,8049.172846
23/03/2019 15:30,8064.038995
23/03/2019 16:00,8087.320027
23/03/2019 16:30,8072.548732
23/03/2019 17:00,8081.264801
23/03/2019 17:30,8011.572249
23/03/2019 18:00,8055.89435
23/03/2019 18:30,8024.533563
23/03/2019 19:00,7972.889162
23/03/2019 19:30,7822.682749
23/03/2019 20:00,7609.587968
23/03/2019 20:30,7471.552476
23/03/2019 21:00,7251.892773
23/03/2019 21:30,7174.141227
23/03/2019 22:00,7037.846922
23/03/2019 22:30,6988.990951
23/03/2019 23:00,6846.598443
23/03/2019 23:30,6678.815832
24/03/2019 0:00,6676.763677
24/03/2019 0:30,6464.748553
24/03/2019 1:00,6274.97518
24/03/2019 1:30,5993.048304
24/03/2019 2:00,5753.652564
24/03/2019 2:30,5535.877932
24/03/2019 3:00,5441.870488
24/03/2019 3:30,5393.996584
24/03/2019 4:00,5391.098752
24/03/2019 4:30,5514.714192
24/03/2019 5:00,5656.798122
24/03/2019 5:30,5932.029967
24/03/2019 6:00,6168.223423
24/03/2019 6:30,6431.590784
24/03/2019 7:00,6761.602373
24/03/2019 7:30,6986.482064
24/03/2019 8:00,7185.955198
24/03/2019 8:30,7295.224234
24/03/2019 9:00,7253.384548
24/03/2019 9:30,7278.897234
24/03/2019 10:00,7220.838338
24/03/2019 10:30,7219.671776
24/03/2019 11:00,7188.744156
24/03/2019 11:30,7109.539361
24/03/2019 12:00,7145.256112
24/03/2019 12:30,7227.559323
24/03/2019 13:00,7293.263889
24/03/2019 13:30,7438.118272
24/03/2019 14:00,7547.032667
24/03/2019 14:30,7789.01351
24/03/2019 15:00,7903.802911
24/03/2019 15:30,8022.933732
24/03/2019 16:00,8091.761186
24/03/2019 16:30,8205.817966
24/03/2019 17:00,8365.887874
24/03/2019 17:30,8402.671396
24/03/2019 18:00,8453.29605
24/03/2019 18:30,8478.910803
24/03/2019 19:00,8458.46683
24/03/2019 19:30,8342.005334
24/03/2019 20:00,8170.21816
24/03/2019 20:30,8049.558599
24/03/2019 21:00,7905.993365
24/03/2019 21:30,7749.560799
24/03/2019 22:00,7640.304614
24/03/2019 22:30,7578.802672
24/03/2019 23:00,7451.325494
24/03/2019 23:30,7249.41245
25/03/2019 0:00,7402.587331
25/03/2019 0:30,7245.153097
25/03/2019 1:00,7080.793323
25/03/2019 1:30,6855.237095
25/03/2019 2:00,6695.83617
25/03/2019 2:30,6544.917522
25/03/2019 3:00,6457.800417
25/03/2019 3:30,6440.44077
25/03/2019 4:00,6411.212323
25/03/2019 4:30,6500.897238
25/03/2019 5:00,6571.242106
25/03/2019 5:30,6801.390746
25/03/2019 6:00,7040.628765
25/03/2019 6:30,7313.049855
25/03/2019 7:00,7623.710376
25/03/2019 7:30,7907.438118
25/03/2019 8:00,8086.53283
25/03/2019 8:30,8235.191893
25/03/2019 9:00,8312.114366
25/03/2019 9:30,8434.18762
25/03/2019 10:00,8409.135461
25/03/2019 10:30,8450.98785
25/03/2019 11:00,8492.911165
25/03/2019 11:30,8571.811424
25/03/2019 12:00,8666.265821
25/03/2019 12:30,8737.0492
25/03/2019 13:00,8908.127828
25/03/2019 13:30,8967.07289
25/03/2019 14:00,9071.329004
25/03/2019 14:30,9198.635224
25/03/2019 15:00,9420.949983
25/03/2019 15:30,9488.386462
25/03/2019 16:00,9545.820289
25/03/2019 16:30,9627.076138
25/03/2019 17:00,9709.639595
25/03/2019 17:30,9732.712602
25/03/2019 18:00,9738.413605
25/03/2019 18:30,9674.700409
25/03/2019 19:00,9573.987428
25/03/2019 19:30,9327.796394
25/03/2019 20:00,9160.004177
25/03/2019 20:30,8943.363019
25/03/2019 21:00,8729.322976
25/03/2019 21:30,8478.547238
25/03/2019 22:00,8267.59708
25/03/2019 22:30,8169.628093
25/03/2019 23:00,7947.504952
25/03/2019 23:30,7761.458221
26/03/2019 0:00,7304.18936
26/03/2019 0:30,7144.213476
26/03/2019 1:00,6960.564393
26/03/2019 1:30,6696.675371
26/03/2019 2:00,6564.407716
26/03/2019 2:30,6421.099606
26/03/2019 3:00,6347.27899
26/03/2019 3:30,6313.557066
26/03/2019 4:00,6360.309891
26/03/2019 4:30,6574.032624
26/03/2019 5:00,6792.600939
26/03/2019 5:30,7272.989752
26/03/2019 6:00,7714.021972
26/03/2019 6:30,8120.96239
26/03/2019 7:00,8451.159133
26/03/2019 7:30,8590.814036
26/03/2019 8:00,8700.218794
26/03/2019 8:30,8839.511254
26/03/2019 9:00,8840.13373
26/03/2019 9:30,8809.567402
26/03/2019 10:00,8768.397425
26/03/2019 10:30,8751.36208
26/03/2019 11:00,8681.152539
26/03/2019 11:30,8649.149125
26/03/2019 12:00,8595.641299
26/03/2019 12:30,8583.006468
26/03/2019 13:00,8586.210406
26/03/2019 13:30,8563.755911
26/03/2019 14:00,8540.846881
26/03/2019 14:30,8559.583629
26/03/2019 15:00,8625.584933
26/03/2019 15:30,8671.947525
26/03/2019 16:00,8735.206513
26/03/2019 16:30,8792.984681
26/03/2019 17:00,8907.91216
26/03/2019 17:30,8862.572413
26/03/2019 18:00,8939.673991
26/03/2019 18:30,8878.80793
26/03/2019 19:00,8795.52379
26/03/2019 19:30,8637.035119
26/03/2019 20:00,8421.476517
26/03/2019 20:30,8264.138426
26/03/2019 21:00,7996.054444
26/03/2019 21:30,7853.265085
26/03/2019 22:00,7688.580365
26/03/2019 22:30,7644.254745
26/03/2019 23:00,7512.717229
26/03/2019 23:30,7380.802703
27/03/2019 0:00,7315.326359
27/03/2019 0:30,7074.035234
27/03/2019 1:00,6876.85049
27/03/2019 1:30,6583.469749
27/03/2019 2:00,6359.774002
27/03/2019 2:30,6194.423249
27/03/2019 3:00,6122.810594
27/03/2019 3:30,6122.113278
27/03/2019 4:00,6117.729562
27/03/2019 4:30,6319.154355
27/03/2019 5:00,6544.667894
27/03/2019 5:30,7003.041532
27/03/2019 6:00,7446.205364
27/03/2019 6:30,7801.353859
27/03/2019 7:00,8083.111746
27/03/2019 7:30,8166.675508
27/03/2019 8:00,8128.20954
27/03/2019 8:30,8165.859472
27/03/2019 9:00,8125.426746
27/03/2019 9:30,8094.162932
27/03/2019 10:00,8042.155931
27/03/2019 10:30,7997.846087
27/03/2019 11:00,7966.972149
27/03/2019 11:30,7904.473411
27/03/2019 12:00,7855.060889
27/03/2019 12:30,7856.16715
27/03/2019 13:00,7881.518151
27/03/2019 13:30,7879.333145
27/03/2019 14:00,7914.837044
27/03/2019 14:30,7958.234842
27/03/2019 15:00,8066.052676
27/03/2019 15:30,8195.816119
27/03/2019 16:00,8336.20855
27/03/2019 16:30,8479.404749
27/03/2019 17:00,8662.228185
27/03/2019 17:30,8676.780105
27/03/2019 18:00,8821.890902
27/03/2019 18:30,8874.572527
27/03/2019 19:00,8805.257328
27/03/2019 19:30,8603.736386
27/03/2019 20:00,8394.458446
27/03/2019 20:30,8267.376355
27/03/2019 21:00,8031.470784
27/03/2019 21:30,7940.008451
27/03/2019 22:00,7764.7119
27/03/2019 22:30,7753.608063
27/03/2019 23:00,7622.295613
27/03/2019 23:30,7473.254798
28/03/2019 0:00,7318.685912
28/03/2019 0:30,7159.679295
28/03/2019 1:00,6932.111502
28/03/2019 1:30,6670.695695
28/03/2019 2:00,6468.70373
28/03/2019 2:30,6296.870122
28/03/2019 3:00,6230.596345
28/03/2019 3:30,6196.942266
28/03/2019 4:00,6242.196456
28/03/2019 4:30,6439.34228
28/03/2019 5:00,6678.378402
28/03/2019 5:30,7101.153503
28/03/2019 6:00,7555.484653
28/03/2019 6:30,7900.933156
28/03/2019 7:00,8202.387324
28/03/2019 7:30,8271.595145
28/03/2019 8:00,8224.258008
28/03/2019 8:30,8222.79366
28/03/2019 9:00,8192.219546
28/03/2019 9:30,8152.260398
28/03/2019 10:00,8148.560678
28/03/2019 10:30,8170.406398
28/03/2019 11:00,8172.296734
28/03/2019 11:30,8124.902763
28/03/2019 12:00,8113.951552
28/03/2019 12:30,8107.992561
28/03/2019 13:00,8056.72771
28/03/2019 13:30,8065.321745
28/03/2019 14:00,8064.633584
28/03/2019 14:30,8096.890336
28/03/2019 15:00,8169.516758
28/03/2019 15:30,8264.825018
28/03/2019 16:00,8341.015784
28/03/2019 16:30,8442.962516
28/03/2019 17:00,8571.307667
28/03/2019 17:30,8632.590825
28/03/2019 18:00,8796.285751
28/03/2019 18:30,8838.507048
28/03/2019 19:00,8784.187707
28/03/2019 19:30,8566.116415
28/03/2019 20:00,8410.822831
28/03/2019 20:30,8230.767562
28/03/2019 21:00,8019.422056
28/03/2019 21:30,7950.11896
28/03/2019 22:00,7789.792544
28/03/2019 22:30,7796.020143
28/03/2019 23:00,7645.898953
28/03/2019 23:30,7504.095066
29/03/2019 0:00,7403.272031
29/03/2019 0:30,7233.395471
29/03/2019 1:00,7035.267271
29/03/2019 1:30,6764.721672
29/03/2019 2:00,6560.288031
29/03/2019 2:30,6379.582216
29/03/2019 3:00,6303.831661
29/03/2019 3:30,6253.046062
29/03/2019 4:00,6328.806091
29/03/2019 4:30,6519.756872
29/03/2019 5:00,6757.638798
29/03/2019 5:30,7187.453082
29/03/2019 6:00,7675.611562
29/03/2019 6:30,8000.180834
29/03/2019 7:00,8276.273274
29/03/2019 7:30,8353.571462
29/03/2019 8:00,8317.620474
29/03/2019 8:30,8309.36188
29/03/2019 9:00,8243.193635
29/03/2019 9:30,8262.084055
29/03/2019 10:00,8208.175542
29/03/2019 10:30,8244.511392
29/03/2019 11:00,8222.149576
29/03/2019 11:30,8159.451737
29/03/2019 12:00,8079.772468
29/03/2019 12:30,8043.848382
29/03/2019 13:00,8091.948038
29/03/2019 13:30,8096.636168
29/03/2019 14:00,8108.972476
29/03/2019 14:30,8119.658692
29/03/2019 15:00,8266.289962
29/03/2019 15:30,8399.192585
29/03/2019 16:00,8528.793876
29/03/2019 16:30,8636.866705
29/03/2019 17:00,8756.830622
29/03/2019 17:30,8760.216565
29/03/2019 18:00,8876.86597
29/03/2019 18:30,8945.517168
29/03/2019 19:00,8869.714144
29/03/2019 19:30,8678.707742
29/03/2019 20:00,8483.0209
29/03/2019 20:30,8277.987278
29/03/2019 21:00,7994.35151
29/03/2019 21:30,7847.326656
29/03/2019 22:00,7659.719615
29/03/2019 22:30,7578.774773
29/03/2019 23:00,7408.691282
29/03/2019 23:30,7270.404481
30/03/2019 0:00,6997.663005
30/03/2019 0:30,6835.43151
30/03/2019 1:00,6632.472961
30/03/2019 1:30,6358.761874
30/03/2019 2:00,6103.129732
30/03/2019 2:30,5910.38531
30/03/2019 3:00,5812.427294
30/03/2019 3:30,5777.002222
30/03/2019 4:00,5836.157416
30/03/2019 4:30,5977.189687
30/03/2019 5:00,6168.779476
30/03/2019 5:30,6626.016786
30/03/2019 6:00,7070.044395
30/03/2019 6:30,7380.698004
30/03/2019 7:00,7697.528651
30/03/2019 7:30,7796.004061
30/03/2019 8:00,7822.299107
30/03/2019 8:30,7883.517044
30/03/2019 9:00,7822.224936
30/03/2019 9:30,7833.170973
30/03/2019 10:00,7877.934155
30/03/2019 10:30,7836.048306
30/03/2019 11:00,7765.732442
30/03/2019 11:30,7662.011957
30/03/2019 12:00,7668.474703
30/03/2019 12:30,7622.989833
30/03/2019 13:00,7625.377469
30/03/2019 13:30,7599.913262
30/03/2019 14:00,7639.57159
30/03/2019 14:30,7657.362629
30/03/2019 15:00,7772.246581
30/03/2019 15:30,7909.102403
30/03/2019 16:00,7997.447959
30/03/2019 16:30,8014.531815
30/03/2019 17:00,8077.132746
30/03/2019 17:30,8059.096564
30/03/2019 18:00,8110.513606
30/03/2019 18:30,8140.954447
30/03/2019 19:00,8021.512791
30/03/2019 19:30,7840.785959
30/03/2019 20:00,7704.776908
30/03/2019 20:30,7565.464906
30/03/2019 21:00,7295.081061
30/03/2019 21:30,7257.144691
30/03/2019 22:00,7094.861222
30/03/2019 22:30,7001.551033
30/03/2019 23:00,6870.470195
30/03/2019 23:30,6757.32172
31/03/2019 0:00,6735.179705
31/03/2019 0:30,6584.596172
31/03/2019 1:00,6389.549453
31/03/2019 1:30,6114.560416
31/03/2019 2:00,5887.497599
31/03/2019 2:30,5700.683692
31/03/2019 3:00,5613.651333
31/03/2019 3:30,5544.709287
31/03/2019 4:00,5525.72157
31/03/2019 4:30,5604.210181
31/03/2019 5:00,5665.244488
31/03/2019 5:30,5923.307613
31/03/2019 6:00,6221.485164
31/03/2019 6:30,6556.522273
31/03/2019 7:00,6876.770615
31/03/2019 7:30,7181.363215
31/03/2019 8:00,7411.262241
31/03/2019 8:30,7593.412635
31/03/2019 9:00,7560.748144
31/03/2019 9:30,7607.39637
31/03/2019 10:00,7560.023355
31/03/2019 10:30,7481.881544
31/03/2019 11:00,7397.149606
31/03/2019 11:30,7285.087954
31/03/2019 12:00,7055.063671
31/03/2019 12:30,6932.740921
31/03/2019 13:00,6992.016753
31/03/2019 13:30,6954.64404
31/03/2019 14:00,6950.083333
31/03/2019 14:30,6940.183343
31/03/2019 15:00,6953.07885
31/03/2019 15:30,7048.993405
31/03/2019 16:00,7171.097795
31/03/2019 16:30,7312.702265
31/03/2019 17:00,7556.7956
31/03/2019 17:30,7708.665538
31/03/2019 18:00,7871.385944
31/03/2019 18:30,7982.755031
31/03/2019 19:00,7967.708135
31/03/2019 19:30,7835.629251
31/03/2019 20:00,7741.981469
31/03/2019 20:30,7646.090459
31/03/2019 21:00,7544.655704
31/03/2019 21:30,7438.258627
31/03/2019 22:00,7322.227005
31/03/2019 22:30,7278.877336
31/03/2019 23:00,7120.317536
31/03/2019 23:30,6984.159407
1/04/2019 0:00,7169.914094
1/04/2019 0:30,7011.533995
1/04/2019 1:00,6862.398705
1/04/2019 1:30,6605.128681
1/04/2019 2:00,6464.53664
1/04/2019 2:30,6279.216337
1/04/2019 3:00,6255.945082
1/04/2019 3:30,6210.474241
1/04/2019 4:00,6224.190387
1/04/2019 4:30,6300.466551
1/04/2019 5:00,6405.619067
1/04/2019 5:30,6629.784333
1/04/2019 6:00,6907.149325
1/04/2019 6:30,7186.462395
1/04/2019 7:00,7524.596856
1/04/2019 7:30,7782.088589
1/04/2019 8:00,7909.411661
1/04/2019 8:30,8054.458816
1/04/2019 9:00,7968.657729
1/04/2019 9:30,7871.339767
1/04/2019 10:00,7724.265233
1/04/2019 10:30,7693.163845
1/04/2019 11:00,7580.395485
1/04/2019 11:30,7525.467878
1/04/2019 12:00,7468.395398
1/04/2019 12:30,7449.87145
1/04/2019 13:00,7425.226427
1/04/2019 13:30,7434.888535
1/04/2019 14:00,7476.167054
1/04/2019 14:30,7515.72655
1/04/2019 15:00,7637.181644
1/04/2019 15:30,7800.704365
1/04/2019 16:00,8009.384191
1/04/2019 16:30,8191.275675
1/04/2019 17:00,8454.183732
1/04/2019 17:30,8668.746838
1/04/2019 18:00,8923.290104
1/04/2019 18:30,9002.923376
1/04/2019 19:00,8956.058446
1/04/2019 19:30,8799.778876
1/04/2019 20:00,8682.948455
1/04/2019 20:30,8558.188529
1/04/2019 21:00,8337.267155
1/04/2019 21:30,8194.895966
1/04/2019 22:00,8082.965924
1/04/2019 22:30,8031.234217
1/04/2019 23:00,7841.066058
1/04/2019 23:30,7726.531608
2/04/2019 0:00,7257.671614
2/04/2019 0:30,7133.943469
2/04/2019 1:00,6955.952925
2/04/2019 1:30,6755.607906
2/04/2019 2:00,6591.000298
2/04/2019 2:30,6448.318092
2/04/2019 3:00,6347.296033
2/04/2019 3:30,6337.469705
2/04/2019 4:00,6376.164498
2/04/2019 4:30,6590.286002
2/04/2019 5:00,6834.517153
2/04/2019 5:30,7299.168221
2/04/2019 6:00,7775.245417
2/04/2019 6:30,8160.267319
2/04/2019 7:00,8499.813617
2/04/2019 7:30,8513.079425
2/04/2019 8:00,8425.013412
2/04/2019 8:30,8377.241209
2/04/2019 9:00,8304.033476
2/04/2019 9:30,8178.725045
2/04/2019 10:00,8082.195451
2/04/2019 10:30,8012.987617
2/04/2019 11:00,8008.012448
2/04/2019 11:30,8014.438513
2/04/2019 12:00,7982.548951
2/04/2019 12:30,7960.418403
2/04/2019 13:00,7978.92229
2/04/2019 13:30,7967.866303
2/04/2019 14:00,7962.487861
2/04/2019 14:30,7940.71518
2/04/2019 15:00,7995.597646
2/04/2019 15:30,8051.845621
2/04/2019 16:00,8160.666202
2/04/2019 16:30,8276.255702
2/04/2019 17:00,8466.402348
2/04/2019 17:30,8610.936458
2/04/2019 18:00,8732.788665
2/04/2019 18:30,8772.027499
2/04/2019 19:00,8656.116641
2/04/2019 19:30,8499.385951
2/04/2019 20:00,8274.940709
2/04/2019 20:30,8073.357646
2/04/2019 21:00,7836.705072
2/04/2019 21:30,7735.250148
2/04/2019 22:00,7641.925957
2/04/2019 22:30,7602.185421
2/04/2019 23:00,7469.6813
2/04/2019 23:30,7360.327651
3/04/2019 0:00,7318.936822
3/04/2019 0:30,7157.292201
3/04/2019 1:00,6965.020126
3/04/2019 1:30,6664.868762
3/04/2019 2:00,6441.382099
3/04/2019 2:30,6231.346591
3/04/2019 3:00,6250.802451
3/04/2019 3:30,6171.354068
3/04/2019 4:00,6235.410598
3/04/2019 4:30,6433.149341
3/04/2019 5:00,6642.404908
3/04/2019 5:30,7068.089748
3/04/2019 6:00,7508.444546
3/04/2019 6:30,7856.511882
3/04/2019 7:00,8181.140224
3/04/2019 7:30,8228.26363
3/04/2019 8:00,8198.996149
3/04/2019 8:30,8241.825284
3/04/2019 9:00,8184.023589
3/04/2019 9:30,8195.006285
3/04/2019 10:00,8148.65405
3/04/2019 10:30,8102.265734
3/04/2019 11:00,8070.848164
3/04/2019 11:30,8044.780705
3/04/2019 12:00,8004.353712
3/04/2019 12:30,8009.203055
3/04/2019 13:00,8009.798992
3/04/2019 13:30,8054.760706
3/04/2019 14:00,8099.138546
3/04/2019 14:30,8094.705955
3/04/2019 15:00,8189.326689
3/04/2019 15:30,8249.092758
3/04/2019 16:00,8343.682184
3/04/2019 16:30,8434.662384
3/04/2019 17:00,8634.033077
3/04/2019 17:30,8709.385346
3/04/2019 18:00,8841.723788
3/04/2019 18:30,8863.284609
3/04/2019 19:00,8729.120053
3/04/2019 19:30,8545.776145
3/04/2019 20:00,8406.349455
3/04/2019 20:30,8229.542565
3/04/2019 21:00,7995.243313
3/04/2019 21:30,7916.565637
3/04/2019 22:00,7749.316396
3/04/2019 22:30,7719.459603
3/04/2019 23:00,7580.014747
3/04/2019 23:30,7467.346584
4/04/2019 0:00,7325.358502
4/04/2019 0:30,7162.065135
4/04/2019 1:00,7002.148553
4/04/2019 1:30,6699.789264
4/04/2019 2:00,6520.746522
4/04/2019 2:30,6355.034735
4/04/2019 3:00,6257.621903
4/04/2019 3:30,6237.076187
4/04/2019 4:00,6280.572525
4/04/2019 4:30,6449.669313
4/04/2019 5:00,6658.450877
4/04/2019 5:30,7141.283671
4/04/2019 6:00,7610.184167
4/04/2019 6:30,7977.88818
4/04/2019 7:00,8276.132951
4/04/2019 7:30,8355.235341
4/04/2019 8:00,8316.290794
4/04/2019 8:30,8295.336787
4/04/2019 9:00,8224.727084
4/04/2019 9:30,8187.318959
4/04/2019 10:00,8112.136324
4/04/2019 10:30,8011.341618
4/04/2019 11:00,7965.562129
4/04/2019 11:30,7892.132723
4/04/2019 12:00,7881.706234
4/04/2019 12:30,7878.183291
4/04/2019 13:00,7933.555487
4/04/2019 13:30,7961.013116
4/04/2019 14:00,7946.208284
4/04/2019 14:30,7973.710999
4/04/2019 15:00,8093.406555
4/04/2019 15:30,8258.783882
4/04/2019 16:00,8406.877035
4/04/2019 16:30,8520.383617
4/04/2019 17:00,8650.354749
4/04/2019 17:30,8701.716739
4/04/2019 18:00,8860.53128
4/04/2019 18:30,8885.579353
4/04/2019 19:00,8752.819456
4/04/2019 19:30,8595.821311
4/04/2019 20:00,8399.994556
4/04/2019 20:30,8244.839801
4/04/2019 21:00,8053.71956
4/04/2019 21:30,7913.777283
4/04/2019 22:00,7768.535311
4/04/2019 22:30,7714.671132
4/04/2019 23:00,7552.921556
4/04/2019 23:30,7431.355887
5/04/2019 0:00,7338.359794
5/04/2019 0:30,7175.965929
5/04/2019 1:00,6996.233701
5/04/2019 1:30,6685.444207
5/04/2019 2:00,6410.061105
5/04/2019 2:30,6253.402174
5/04/2019 3:00,6191.042575
5/04/2019 3:30,6157.515364
5/04/2019 4:00,6204.429887
5/04/2019 4:30,6436.509675
5/04/2019 5:00,6627.508281
5/04/2019 5:30,7105.169092
5/04/2019 6:00,7578.314888
5/04/2019 6:30,7922.031304
5/04/2019 7:00,8248.021408
5/04/2019 7:30,8339.254492
5/04/2019 8:00,8311.863307
5/04/2019 8:30,8360.465334
5/04/2019 9:00,8370.960161
5/04/2019 9:30,8393.216345
5/04/2019 10:00,8353.317213
5/04/2019 10:30,8357.007331
5/04/2019 11:00,8302.772822
5/04/2019 11:30,8241.365882
5/04/2019 12:00,8229.317191
5/04/2019 12:30,8224.096568
5/04/2019 13:00,8218.211283
5/04/2019 13:30,8227.181589
5/04/2019 14:00,8191.167979
5/04/2019 14:30,8196.969
5/04/2019 15:00,8238.540069
5/04/2019 15:30,8328.649472
5/04/2019 16:00,8416.809406
5/04/2019 16:30,8420.095922
5/04/2019 17:00,8562.01069
5/04/2019 17:30,8625.462455
5/04/2019 18:00,8813.125436
5/04/2019 18:30,8815.712323
5/04/2019 19:00,8682.057088
5/04/2019 19:30,8501.255363
5/04/2019 20:00,8330.983026
5/04/2019 20:30,8105.480694
5/04/2019 21:00,7860.594335
5/04/2019 21:30,7722.886634
5/04/2019 22:00,7566.102458
5/04/2019 22:30,7508.61145
5/04/2019 23:00,7389.230465
5/04/2019 23:30,7283.215493
6/04/2019 0:00,7062.442993
6/04/2019 0:30,6863.771845
6/04/2019 1:00,6695.818222
6/04/2019 1:30,6405.941746
6/04/2019 2:00,6135.091217
6/04/2019 2:30,5929.665889
6/04/2019 3:00,5845.758308
6/04/2019 3:30,5768.986852
6/04/2019 4:00,5807.123744
6/04/2019 4:30,5960.248917
6/04/2019 5:00,6154.336594
6/04/2019 5:30,6616.884037
6/04/2019 6:00,7022.264475
6/04/2019 6:30,7440.042076
6/04/2019 7:00,7757.72828
6/04/2019 7:30,7844.559722
6/04/2019 8:00,7853.061848
6/04/2019 8:30,7874.249096
6/04/2019 9:00,7843.737663
6/04/2019 9:30,7824.241499
6/04/2019 10:00,7777.834441
6/04/2019 10:30,7693.390113
6/04/2019 11:00,7654.558505
6/04/2019 11:30,7575.763881
6/04/2019 12:00,7585.143649
6/04/2019 12:30,7486.112125
6/04/2019 13:00,7518.52281
6/04/2019 13:30,7491.359358
6/04/2019 14:00,7447.450279
6/04/2019 14:30,7448.531843
6/04/2019 15:00,7531.081334
6/04/2019 15:30,7588.744873
6/04/2019 16:00,7639.33934
6/04/2019 16:30,7662.319654
6/04/2019 17:00,7772.323994
6/04/2019 17:30,7739.423106
6/04/2019 18:00,7864.547222
6/04/2019 18:30,7862.154235
6/04/2019 19:00,7758.063132
6/04/2019 19:30,7597.254169
6/04/2019 20:00,7448.197001
6/04/2019 20:30,7276.116396
6/04/2019 21:00,7078.336063
6/04/2019 21:30,7033.149224
6/04/2019 22:00,6917.962856
6/04/2019 22:30,6916.643
6/04/2019 23:00,6810.959951
6/04/2019 23:30,6715.832271
7/04/2019 0:00,6733.467631
7/04/2019 0:30,6527.377564
7/04/2019 1:00,6285.097914
7/04/2019 1:30,6008.272278
7/04/2019 2:00,5801.693207
7/04/2019 2:30,5597.017427
7/04/2019 3:00,5470.494212
7/04/2019 3:30,5418.905648
7/04/2019 4:00,5417.995474
7/04/2019 4:30,5539.744046
7/04/2019 5:00,5638.23018
7/04/2019 5:30,5932.048453
7/04/2019 6:00,6234.146396
7/04/2019 6:30,6518.574108
7/04/2019 7:00,6795.169227
7/04/2019 7:30,7064.499259
7/04/2019 8:00,7175.911395
7/04/2019 8:30,7233.965812
7/04/2019 9:00,7207.181281
7/04/2019 9:30,7185.994767
7/04/2019 10:00,7070.640664
7/04/2019 10:30,6978.111692
7/04/2019 11:00,6906.098338
7/04/2019 11:30,6820.777809
7/04/2019 12:00,6806.109019
7/04/2019 12:30,6818.05945
7/04/2019 13:00,6883.023159
7/04/2019 13:30,6886.520029
7/04/2019 14:00,6980.650806
7/04/2019 14:30,7089.970834
7/04/2019 15:00,7203.965805
7/04/2019 15:30,7381.461483
7/04/2019 16:00,7609.329417
7/04/2019 16:30,7733.443065
7/04/2019 17:00,7921.777971
7/04/2019 17:30,8042.464593
7/04/2019 18:00,8172.760575
7/04/2019 18:30,8283.709446
7/04/2019 19:00,8218.742525
7/04/2019 19:30,8103.559117
7/04/2019 20:00,7977.495493
7/04/2019 20:30,7820.711679
7/04/2019 21:00,7670.031753
7/04/2019 21:30,7574.644035
7/04/2019 22:00,7505.080306
7/04/2019 22:30,7472.568343
7/04/2019 23:00,7278.925195
7/04/2019 23:30,7174.663501
8/04/2019 0:00,7331.000059
8/04/2019 0:30,7161.972839
8/04/2019 1:00,7017.204343
8/04/2019 1:30,6780.732448
8/04/2019 2:00,6639.379306
8/04/2019 2:30,6459.768916
8/04/2019 3:00,6370.89967
8/04/2019 3:30,6325.018004
8/04/2019 4:00,6344.532934
8/04/2019 4:30,6409.17833
8/04/2019 5:00,6466.815354
8/04/2019 5:30,6651.632832
8/04/2019 6:00,6880.037098
8/04/2019 6:30,7135.319029
8/04/2019 7:00,7406.625579
8/04/2019 7:30,7651.960749
8/04/2019 8:00,7802.055899
8/04/2019 8:30,7944.512794
8/04/2019 9:00,7962.586633
8/04/2019 9:30,7980.079126
8/04/2019 10:00,7925.395079
8/04/2019 10:30,7865.647825
8/04/2019 11:00,7779.820887
8/04/2019 11:30,7741.269072
8/04/2019 12:00,7763.906257
8/04/2019 12:30,7813.911593
8/04/2019 13:00,7866.160007
8/04/2019 13:30,7894.188785
8/04/2019 14:00,7969.189881
8/04/2019 14:30,8081.444005
8/04/2019 15:00,8247.230934
8/04/2019 15:30,8456.367346
8/04/2019 16:00,8634.482987
8/04/2019 16:30,8798.189951
8/04/2019 17:00,9022.294701
8/04/2019 17:30,9152.021265
8/04/2019 18:00,9363.558125
8/04/2019 18:30,9531.563223
8/04/2019 19:00,9431.454827
8/04/2019 19:30,9204.392346
8/04/2019 20:00,8967.823044
8/04/2019 20:30,8736.247151
8/04/2019 21:00,8532.719759
8/04/2019 21:30,8385.509665
8/04/2019 22:00,8206.226338
8/04/2019 22:30,8135.617846
8/04/2019 23:00,7962.439699
8/04/2019 23:30,7871.528568
9/04/2019 0:00,7362.451534
9/04/2019 0:30,7218.427577
9/04/2019 1:00,7060.410762
9/04/2019 1:30,6848.161175
9/04/2019 2:00,6717.377594
9/04/2019 2:30,6506.473509
9/04/2019 3:00,6363.75421
9/04/2019 3:30,6259.152664
9/04/2019 4:00,6253.611326
9/04/2019 4:30,6326.750436
9/04/2019 5:00,6430.305836
9/04/2019 5:30,6709.543422
9/04/2019 6:00,7032.182854
9/04/2019 6:30,7451.92011
9/04/2019 7:00,7899.971668
9/04/2019 7:30,8050.521548
9/04/2019 8:00,8181.179274
9/04/2019 8:30,8244.570871
9/04/2019 9:00,8201.037756
9/04/2019 9:30,8181.616879
9/04/2019 10:00,8190.369528
9/04/2019 10:30,8187.66525
9/04/2019 11:00,8203.272582
9/04/2019 11:30,8185.834113
9/04/2019 12:00,8206.221148
9/04/2019 12:30,8269.162108
9/04/2019 13:00,8333.05793
9/04/2019 13:30,8422.394367
9/04/2019 14:00,8605.057036
9/04/2019 14:30,8660.127877
9/04/2019 15:00,8752.406617
9/04/2019 15:30,8847.757809
9/04/2019 16:00,8997.092168
9/04/2019 16:30,9113.954914
9/04/2019 17:00,9250.419921
9/04/2019 17:30,9234.831714
9/04/2019 18:00,9409.334182
9/04/2019 18:30,9503.004833
9/04/2019 19:00,9377.723875
9/04/2019 19:30,9092.386212
9/04/2019 20:00,8839.434958
9/04/2019 20:30,8582.972757
9/04/2019 21:00,8343.289868
9/04/2019 21:30,8105.595623
9/04/2019 22:00,7892.613768
9/04/2019 22:30,7781.494199
9/04/2019 23:00,7560.995798
9/04/2019 23:30,7390.358705
10/04/2019 0:00,7345.397766
10/04/2019 0:30,7150.243705
10/04/2019 1:00,6971.583984
10/04/2019 1:30,6730.332823
10/04/2019 2:00,6524.363016
10/04/2019 2:30,6239.383195
10/04/2019 3:00,6085.803676
10/04/2019 3:30,5980.058317
10/04/2019 4:00,5939.233481
10/04/2019 4:30,6039.431683
10/04/2019 5:00,6147.42396
10/04/2019 5:30,6457.96843
10/04/2019 6:00,6767.002374
10/04/2019 6:30,7202.453245
10/04/2019 7:00,7649.321947
10/04/2019 7:30,7849.351682
10/04/2019 8:00,8001.464971
10/04/2019 8:30,8054.696782
10/04/2019 9:00,8054.150478
10/04/2019 9:30,8124.498153
10/04/2019 10:00,8184.305753
10/04/2019 10:30,8200.629346
10/04/2019 11:00,8184.295153
10/04/2019 11:30,8174.646419
10/04/2019 12:00,8191.291152
10/04/2019 12:30,8196.496583
10/04/2019 13:00,8244.63018
10/04/2019 13:30,8241.179956
10/04/2019 14:00,8281.271998
10/04/2019 14:30,8328.399405
10/04/2019 15:00,8360.115521
10/04/2019 15:30,8406.879429
10/04/2019 16:00,8477.084444
10/04/2019 16:30,8582.580232
10/04/2019 17:00,8687.652901
10/04/2019 17:30,8745.856236
10/04/2019 18:00,8998.842863
10/04/2019 18:30,9092.802303
10/04/2019 19:00,8979.883984
10/04/2019 19:30,8778.496249
10/04/2019 20:00,8562.672305
10/04/2019 20:30,8425.653347
10/04/2019 21:00,8205.292216
10/04/2019 21:30,7989.22788
10/04/2019 22:00,7804.046105
10/04/2019 22:30,7806.796133
10/04/2019 23:00,7608.125329
10/04/2019 23:30,7500.539688
11/04/2019 0:00,7368.775152
11/04/2019 0:30,7232.148305
11/04/2019 1:00,7073.445621
11/04/2019 1:30,6898.391636
11/04/2019 2:00,6685.814413
11/04/2019 2:30,6399.400328
11/04/2019 3:00,6263.061966
11/04/2019 3:30,6135.858668
11/04/2019 4:00,6088.781649
11/04/2019 4:30,6170.668829
11/04/2019 5:00,6290.756775
11/04/2019 5:30,6590.201106
11/04/2019 6:00,6908.417178
11/04/2019 6:30,7411.717377
11/04/2019 7:00,7899.788319
11/04/2019 7:30,8048.687292
11/04/2019 8:00,8156.532393
11/04/2019 8:30,8135.968422
11/04/2019 9:00,8081.780576
11/04/2019 9:30,8021.465782
11/04/2019 10:00,7972.094127
11/04/2019 10:30,7900.117099
11/04/2019 11:00,7850.929285
11/04/2019 11:30,7797.958517
11/04/2019 12:00,7795.910244
11/04/2019 12:30,7772.061883
11/04/2019 13:00,7755.58697
11/04/2019 13:30,7737.343126
11/04/2019 14:00,7785.508327
11/04/2019 14:30,7833.995489
11/04/2019 15:00,7871.820622
11/04/2019 15:30,7922.195248
11/04/2019 16:00,8120.248322
11/04/2019 16:30,8280.217219
11/04/2019 17:00,8490.182669
11/04/2019 17:30,8698.032618
11/04/2019 18:00,8997.427671
11/04/2019 18:30,9132.589294
11/04/2019 19:00,9030.24495
11/04/2019 19:30,8803.335312
11/04/2019 20:00,8631.774805
11/04/2019 20:30,8473.560443
11/04/2019 21:00,8313.37215
11/04/2019 21:30,8159.465154
11/04/2019 22:00,7990.164309
11/04/2019 22:30,8003.2198
11/04/2019 23:00,7778.124918
11/04/2019 23:30,7681.272917
12/04/2019 0:00,7570.240104
12/04/2019 0:30,7420.625785
12/04/2019 1:00,7220.719043
12/04/2019 1:30,7049.35055
12/04/2019 2:00,6820.944074
12/04/2019 2:30,6572.219791
12/04/2019 3:00,6384.142624
12/04/2019 3:30,6265.753026
12/04/2019 4:00,6260.781942
12/04/2019 4:30,6305.787075
12/04/2019 5:00,6406.464406
12/04/2019 5:30,6725.15991
12/04/2019 6:00,7035.828241
12/04/2019 6:30,7548.979845
12/04/2019 7:00,8007.58818
12/04/2019 7:30,8207.547441
12/04/2019 8:00,8317.225551
12/04/2019 8:30,8265.092164
12/04/2019 9:00,8144.49936
12/04/2019 9:30,8143.075188
12/04/2019 10:00,8075.619698
12/04/2019 10:30,8045.13266
12/04/2019 11:00,7975.470508
12/04/2019 11:30,7896.738453
12/04/2019 12:00,7828.313147
12/04/2019 12:30,7838.425827
12/04/2019 13:00,7869.84049
12/04/2019 13:30,7866.142238
12/04/2019 14:00,7869.3746
12/04/2019 14:30,7859.619276
12/04/2019 15:00,7893.936326
12/04/2019 15:30,7951.513005
12/04/2019 16:00,8088.38137
12/04/2019 16:30,8209.334054
12/04/2019 17:00,8382.565738
12/04/2019 17:30,8565.527769
12/04/2019 18:00,8884.26999
12/04/2019 18:30,9032.078449
12/04/2019 19:00,8937.183535
12/04/2019 19:30,8729.884362
12/04/2019 20:00,8563.262851
12/04/2019 20:30,8376.209514
12/04/2019 21:00,8170.169581
12/04/2019 21:30,7954.311307
12/04/2019 22:00,7771.322143
12/04/2019 22:30,7755.059443
12/04/2019 23:00,7539.168248
12/04/2019 23:30,7444.239696
13/04/2019 0:00,7166.572666
13/04/2019 0:30,7012.002498
13/04/2019 1:00,6845.169099
13/04/2019 1:30,6606.728909
13/04/2019 2:00,6406.810732
13/04/2019 2:30,6141.351197
13/04/2019 3:00,5941.258294
13/04/2019 3:30,5795.120298
13/04/2019 4:00,5758.42953
13/04/2019 4:30,5796.02637
13/04/2019 5:00,5909.863065
13/04/2019 5:30,6147.515517
13/04/2019 6:00,6438.708223
13/04/2019 6:30,6912.730869
13/04/2019 7:00,7346.180553
13/04/2019 7:30,7507.525864
13/04/2019 8:00,7669.740632
13/04/2019 8:30,7677.476309
13/04/2019 9:00,7591.512846
13/04/2019 9:30,7549.350919
13/04/2019 10:00,7493.117235
13/04/2019 10:30,7455.34006
13/04/2019 11:00,7395.768366
13/04/2019 11:30,7352.388611
13/04/2019 12:00,7310.19478
13/04/2019 12:30,7261.724047
13/04/2019 13:00,7191.890381
13/04/2019 13:30,7121.574213
13/04/2019 14:00,7105.202385
13/04/2019 14:30,7128.097267
13/04/2019 15:00,7097.774967
13/04/2019 15:30,7173.237327
13/04/2019 16:00,7295.58091
13/04/2019 16:30,7475.488376
13/04/2019 17:00,7653.322684
13/04/2019 17:30,7748.187605
13/04/2019 18:00,7990.796533
13/04/2019 18:30,8063.689431
13/04/2019 19:00,7972.646202
13/04/2019 19:30,7750.105442
13/04/2019 20:00,7594.356145
13/04/2019 20:30,7464.524238
13/04/2019 21:00,7298.324366
13/04/2019 21:30,7131.647153
13/04/2019 22:00,6982.365346
13/04/2019 22:30,7006.486403
13/04/2019 23:00,6835.605293
13/04/2019 23:30,6796.262309
14/04/2019 0:00,6820.804894
14/04/2019 0:30,6683.027037
14/04/2019 1:00,6496.27755
14/04/2019 1:30,6282.108421
14/04/2019 2:00,6073.54133
14/04/2019 2:30,5788.777921
14/04/2019 3:00,5621.533928
14/04/2019 3:30,5474.066873
14/04/2019 4:00,5452.403953
14/04/2019 4:30,5483.970668
14/04/2019 5:00,5521.533432
14/04/2019 5:30,5744.263188
14/04/2019 6:00,5884.721313
14/04/2019 6:30,6186.839095
14/04/2019 7:00,6464.360893
14/04/2019 7:30,6681.850439
14/04/2019 8:00,6881.176616
14/04/2019 8:30,7054.673512
14/04/2019 9:00,7086.314473
14/04/2019 9:30,7078.107774
14/04/2019 10:00,6978.822686
14/04/2019 10:30,6969.992141
14/04/2019 11:00,6936.245485
14/04/2019 11:30,6876.663841
14/04/2019 12:00,6820.451976
14/04/2019 12:30,6784.139643
14/04/2019 13:00,6808.336212
14/04/2019 13:30,6839.027379
14/04/2019 14:00,6938.780258
14/04/2019 14:30,6965.492189
14/04/2019 15:00,7056.789189
14/04/2019 15:30,7232.558703
14/04/2019 16:00,7358.347143
14/04/2019 16:30,7488.322379
14/04/2019 17:00,7642.978438
14/04/2019 17:30,7788.782531
14/04/2019 18:00,8093.126676
14/04/2019 18:30,8183.446252
14/04/2019 19:00,8064.187772
14/04/2019 19:30,7873.708945
14/04/2019 20:00,7719.278808
14/04/2019 20:30,7626.555054
14/04/2019 21:00,7485.334648
14/04/2019 21:30,7373.24648
14/04/2019 22:00,7277.809685
14/04/2019 22:30,7240.752027
14/04/2019 23:00,7142.83427
14/04/2019 23:30,7081.274255
15/04/2019 0:00,7264.719555
15/04/2019 0:30,7104.90128
15/04/2019 1:00,6960.112493
15/04/2019 1:30,6782.496909
15/04/2019 2:00,6633.271307
15/04/2019 2:30,6399.343938
15/04/2019 3:00,6294.969027
15/04/2019 3:30,6222.247144
15/04/2019 4:00,6208.481486
15/04/2019 4:30,6251.674591
15/04/2019 5:00,6315.328251
15/04/2019 5:30,6519.601362
15/04/2019 6:00,6687.722723
15/04/2019 6:30,6962.53034
15/04/2019 7:00,7187.543767
15/04/2019 7:30,7429.386432
15/04/2019 8:00,7646.6437
15/04/2019 8:30,7863.080662
15/04/2019 9:00,7948.572047
15/04/2019 9:30,7963.690199
15/04/2019 10:00,7957.943212
15/04/2019 10:30,7941.063634
15/04/2019 11:00,7906.201584
15/04/2019 11:30,7857.158435
15/04/2019 12:00,7871.428196
15/04/2019 12:30,7881.909131
15/04/2019 13:00,7822.838812
15/04/2019 13:30,7740.424792
15/04/2019 14:00,7761.902475
15/04/2019 14:30,7831.997923
15/04/2019 15:00,7897.481615
15/04/2019 15:30,8031.136017
15/04/2019 16:00,8130.953837
15/04/2019 16:30,8294.886315
15/04/2019 17:00,8486.498713
15/04/2019 17:30,8663.517591
15/04/2019 18:00,8961.158056
15/04/2019 18:30,9115.079953
15/04/2019 19:00,8960.775856
15/04/2019 19:30,8783.037152
15/04/2019 20:00,8613.527441
15/04/2019 20:30,8484.739687
15/04/2019 21:00,8345.035091
15/04/2019 21:30,8216.817342
15/04/2019 22:00,8096.572776
15/04/2019 22:30,8009.525442
15/04/2019 23:00,7847.383324
15/04/2019 23:30,7779.147708
16/04/2019 0:00,7283.828659
16/04/2019 0:30,7119.443398
16/04/2019 1:00,6925.773264
16/04/2019 1:30,6773.357412
16/04/2019 2:00,6614.46402
16/04/2019 2:30,6362.475823
16/04/2019 3:00,6251.979782
16/04/2019 3:30,6143.161678
16/04/2019 4:00,6122.303803
16/04/2019 4:30,6167.488604
16/04/2019 5:00,6275.855346
16/04/2019 5:30,6556.005337
16/04/2019 6:00,6853.482256
16/04/2019 6:30,7277.796583
16/04/2019 7:00,7689.337192
16/04/2019 7:30,7848.024598
16/04/2019 8:00,7989.848603
16/04/2019 8:30,8029.905628
16/04/2019 9:00,8006.993941
16/04/2019 9:30,8013.194981
16/04/2019 10:00,7938.447122
16/04/2019 10:30,7934.88706
16/04/2019 11:00,7903.496393
16/04/2019 11:30,7856.049961
16/04/2019 12:00,7804.788674
16/04/2019 12:30,7799.509539
16/04/2019 13:00,7816.472427
16/04/2019 13:30,7840.789869
16/04/2019 14:00,7906.328288
16/04/2019 14:30,7918.41337
16/04/2019 15:00,7939.88292
16/04/2019 15:30,8028.312396
16/04/2019 16:00,8141.234515
16/04/2019 16:30,8260.923655
16/04/2019 17:00,8437.054571
16/04/2019 17:30,8568.435779
16/04/2019 18:00,8854.146346
16/04/2019 18:30,8904.642998
16/04/2019 19:00,8747.473845
16/04/2019 19:30,8507.067145
16/04/2019 20:00,8338.339869
16/04/2019 20:30,8152.737504
16/04/2019 21:00,7962.571095
16/04/2019 21:30,7744.849882
16/04/2019 22:00,7563.064496
16/04/2019 22:30,7604.069938
16/04/2019 23:00,7487.674835
16/04/2019 23:30,7406.336441
17/04/2019 0:00,7370.711815
17/04/2019 0:30,7194.335131
17/04/2019 1:00,7023.273066
17/04/2019 1:30,6809.658727
17/04/2019 2:00,6596.036446
17/04/2019 2:30,6327.208565
17/04/2019 3:00,6148.105546
17/04/2019 3:30,6022.218691
17/04/2019 4:00,5971.886412
17/04/2019 4:30,6063.666914
17/04/2019 5:00,6149.959845
17/04/2019 5:30,6440.343197
17/04/2019 6:00,6754.460579
17/04/2019 6:30,7195.027362
17/04/2019 7:00,7564.990462
17/04/2019 7:30,7710.027846
17/04/2019 8:00,7834.36021
17/04/2019 8:30,7944.291424
17/04/2019 9:00,7951.101087
17/04/2019 9:30,7975.831318
17/04/2019 10:00,7947.040268
17/04/2019 10:30,7937.259731
17/04/2019 11:00,7903.51079
17/04/2019 11:30,7892.488883
17/04/2019 12:00,7831.653543
17/04/2019 12:30,7807.211104
17/04/2019 13:00,7786.085659
17/04/2019 13:30,7802.896649
17/04/2019 14:00,7842.817671
17/04/2019 14:30,7909.833716
17/04/2019 15:00,7976.564976
17/04/2019 15:30,8036.86338
17/04/2019 16:00,8146.737763
17/04/2019 16:30,8248.023393
17/04/2019 17:00,8428.724583
17/04/2019 17:30,8575.118072
17/04/2019 18:00,8853.23041
17/04/2019 18:30,8970.686972
17/04/2019 19:00,8833.535315
17/04/2019 19:30,8636.477234
17/04/2019 20:00,8459.372074
17/04/2019 20:30,8293.442129
17/04/2019 21:00,8115.460325
17/04/2019 21:30,7940.521705
17/04/2019 22:00,7767.196327
17/04/2019 22:30,7761.59655
17/04/2019 23:00,7587.769493
17/04/2019 23:30,7506.118416
18/04/2019 0:00,7370.330637
18/04/2019 0:30,7221.485287
18/04/2019 1:00,7081.561258
18/04/2019 1:30,6826.300285
18/04/2019 2:00,6602.822393
18/04/2019 2:30,6329.129203
18/04/2019 3:00,6178.561232
18/04/2019 3:30,6082.983076
18/04/2019 4:00,6028.896607
18/04/2019 4:30,6087.245405
18/04/2019 5:00,6188.259514
18/04/2019 5:30,6483.986236
18/04/2019 6:00,6830.821184
18/04/2019 6:30,7281.828522
18/04/2019 7:00,7638.094577
18/04/2019 7:30,7821.250387
18/04/2019 8:00,7971.525727
18/04/2019 8:30,8010.266966
18/04/2019 9:00,8008.881755
18/04/2019 9:30,7996.814561
18/04/2019 10:00,7945.163992
18/04/2019 10:30,7968.236336
18/04/2019 11:00,7980.445442
18/04/2019 11:30,7955.658185
18/04/2019 12:00,7943.302066
18/04/2019 12:30,7908.200853
18/04/2019 13:00,7925.554539
18/04/2019 13:30,7896.887552
18/04/2019 14:00,7961.077657
18/04/2019 14:30,8038.31449
18/04/2019 15:00,8099.746272
18/04/2019 15:30,8202.036847
18/04/2019 16:00,8329.543029
18/04/2019 16:30,8424.213988
18/04/2019 17:00,8607.678721
18/04/2019 17:30,8741.461731
18/04/2019 18:00,8977.27379
18/04/2019 18:30,9068.903764
18/04/2019 19:00,8956.551544
18/04/2019 19:30,8741.241979
18/04/2019 20:00,8535.468682
18/04/2019 20:30,8386.756838
18/04/2019 21:00,8221.066232
18/04/2019 21:30,8063.015382
18/04/2019 22:00,7888.356587
18/04/2019 22:30,7901.330968
18/04/2019 23:00,7699.183147
18/04/2019 23:30,7634.719188
19/04/2019 0:00,6949.066986
19/04/2019 0:30,6774.039104
19/04/2019 1:00,6542.793908
19/04/2019 1:30,6332.868567
19/04/2019 2:00,6134.188487
19/04/2019 2:30,5820.577473
19/04/2019 3:00,5647.480683
19/04/2019 3:30,5547.832126
19/04/2019 4:00,5515.8188
19/04/2019 4:30,5564.31127
19/04/2019 5:00,5654.43804
19/04/2019 5:30,5936.958928
19/04/2019 6:00,6232.800064
19/04/2019 6:30,6661.683194
19/04/2019 7:00,7007.760472
19/04/2019 7:30,7216.534541
19/04/2019 8:00,7355.385716
19/04/2019 8:30,7408.350127
19/04/2019 9:00,7415.684818
19/04/2019 9:30,7386.030953
19/04/2019 10:00,7356.324717
19/04/2019 10:30,7309.081331
19/04/2019 11:00,7282.038957
19/04/2019 11:30,7227.160274
19/04/2019 12:00,7172.610061
19/04/2019 12:30,7161.753755
19/04/2019 13:00,7192.347568
19/04/2019 13:30,7239.281475
19/04/2019 14:00,7300.801704
19/04/2019 14:30,7333.247695
19/04/2019 15:00,7426.670572
19/04/2019 15:30,7507.217764
19/04/2019 16:00,7596.645021
19/04/2019 16:30,7744.413115
19/04/2019 17:00,7835.066873
19/04/2019 17:30,7909.135612
19/04/2019 18:00,8109.126698
19/04/2019 18:30,8120.876281
19/04/2019 19:00,7988.826142
19/04/2019 19:30,7797.233005
19/04/2019 20:00,7606.336965
19/04/2019 20:30,7387.234582
19/04/2019 21:00,7229.828405
19/04/2019 21:30,7033.215737
19/04/2019 22:00,6838.182038
19/04/2019 22:30,6852.150204
19/04/2019 23:00,6688.655567
19/04/2019 23:30,6594.920761
20/04/2019 0:00,6439.927407
20/04/2019 0:30,6221.239904
20/04/2019 1:00,6032.459484
20/04/2019 1:30,5824.059428
20/04/2019 2:00,5601.596793
20/04/2019 2:30,5292.185249
20/04/2019 3:00,5096.613095
20/04/2019 3:30,4943.587068
20/04/2019 4:00,4882.48582
20/04/2019 4:30,4869.596278
20/04/2019 5:00,4890.616999
20/04/2019 5:30,5040.720593
20/04/2019 6:00,5193.927823
20/04/2019 6:30,5421.102633
20/04/2019 7:00,5615.270494
20/04/2019 7:30,5762.402473
20/04/2019 8:00,5869.195868
20/04/2019 8:30,5965.482389
20/04/2019 9:00,6040.004042
20/04/2019 9:30,6104.661223
20/04/2019 10:00,6073.50656
20/04/2019 10:30,6040.643128
20/04/2019 11:00,5935.729068
20/04/2019 11:30,5864.321978
20/04/2019 12:00,5854.619783
20/04/2019 12:30,5818.828767
20/04/2019 13:00,5837.506953
20/04/2019 13:30,5783.658942
20/04/2019 14:00,5759.658475
20/04/2019 14:30,5793.687868
20/04/2019 15:00,5830.654751
20/04/2019 15:30,5954.939394
20/04/2019 16:00,6092.527331
20/04/2019 16:30,6189.943071
20/04/2019 17:00,6447.056719
20/04/2019 17:30,6633.502267
20/04/2019 18:00,6865.803848
20/04/2019 18:30,6956.325327
20/04/2019 19:00,6836.493824
20/04/2019 19:30,6616.213642
20/04/2019 20:00,6431.318877
20/04/2019 20:30,6312.281807
20/04/2019 21:00,6172.058061
20/04/2019 21:30,6057.76249
20/04/2019 22:00,5955.829984
20/04/2019 22:30,5975.710848
20/04/2019 23:00,5903.551617
20/04/2019 23:30,5881.547447
21/04/2019 0:00,5975.297218
21/04/2019 0:30,5818.752915
21/04/2019 1:00,5656.326365
21/04/2019 1:30,5417.582194
21/04/2019 2:00,5221.176885
21/04/2019 2:30,4943.458336
21/04/2019 3:00,4781.438302
21/04/2019 3:30,4664.250822
21/04/2019 4:00,4600.078886
21/04/2019 4:30,4633.06848
21/04/2019 5:00,4707.731751
21/04/2019 5:30,4844.908881
21/04/2019 6:00,5048.076839
21/04/2019 6:30,5265.508238
21/04/2019 7:00,5501.466613
21/04/2019 7:30,5751.752292
21/04/2019 8:00,5901.281701
21/04/2019 8:30,6059.035391
21/04/2019 9:00,6121.933821
21/04/2019 9:30,6202.186174
21/04/2019 10:00,6154.263207
21/04/2019 10:30,6151.772809
21/04/2019 11:00,6095.366145
21/04/2019 11:30,6097.704875
21/04/2019 12:00,6066.975048
21/04/2019 12:30,6090.731007
21/04/2019 13:00,6082.541463
21/04/2019 13:30,6127.569025
21/04/2019 14:00,6189.41587
21/04/2019 14:30,6229.0896
21/04/2019 15:00,6336.020768
21/04/2019 15:30,6505.207625
21/04/2019 16:00,6604.986391
21/04/2019 16:30,6833.690797
21/04/2019 17:00,7017.889495
21/04/2019 17:30,7131.535464
21/04/2019 18:00,7420.008055
21/04/2019 18:30,7525.508882
21/04/2019 19:00,7374.73771
21/04/2019 19:30,7201.020431
21/04/2019 20:00,7101.727242
21/04/2019 20:30,7007.718798
21/04/2019 21:00,6855.895632
21/04/2019 21:30,6764.856548
21/04/2019 22:00,6660.408654
21/04/2019 22:30,6648.880891
21/04/2019 23:00,6517.905184
21/04/2019 23:30,6493.24002
22/04/2019 0:00,6665.133163
22/04/2019 0:30,6474.896296
22/04/2019 1:00,6321.711874
22/04/2019 1:30,6122.791872
22/04/2019 2:00,5981.535084
22/04/2019 2:30,5757.27907
22/04/2019 3:00,5631.642926
22/04/2019 3:30,5575.993352
22/04/2019 4:00,5549.701657
22/04/2019 4:30,5606.874127
22/04/2019 5:00,5650.886729
22/04/2019 5:30,5824.34683
22/04/2019 6:00,5986.469866
22/04/2019 6:30,6223.947673
22/04/2019 7:00,6459.287653
22/04/2019 7:30,6696.837443
22/04/2019 8:00,6880.748144
22/04/2019 8:30,7029.229256
22/04/2019 9:00,7123.500036
22/04/2019 9:30,7159.847441
22/04/2019 10:00,7177.312687
22/04/2019 10:30,7093.830616
22/04/2019 11:00,7071.161614
22/04/2019 11:30,6992.338887
22/04/2019 12:00,6978.044736
22/04/2019 12:30,6998.062965
22/04/2019 13:00,7028.411385
22/04/2019 13:30,7082.892533
22/04/2019 14:00,7103.346269
22/04/2019 14:30,7150.434706
22/04/2019 15:00,7249.675587
22/04/2019 15:30,7388.583576
22/04/2019 16:00,7514.83342
22/04/2019 16:30,7620.350803
22/04/2019 17:00,7769.716489
22/04/2019 17:30,7847.509199
22/04/2019 18:00,8181.467717
22/04/2019 18:30,8235.056153
22/04/2019 19:00,8129.585569
22/04/2019 19:30,7970.524526
22/04/2019 20:00,7790.638465
22/04/2019 20:30,7672.574784
22/04/2019 21:00,7501.400957
22/04/2019 21:30,7379.558936
22/04/2019 22:00,7283.215748
22/04/2019 22:30,7287.542267
22/04/2019 23:00,7158.226274
22/04/2019 23:30,7079.88805
23/04/2019 0:00,7231.856144
23/04/2019 0:30,7046.233417
23/04/2019 1:00,6893.777167
23/04/2019 1:30,6697.784456
23/04/2019 2:00,6540.531865
23/04/2019 2:30,6296.41725
23/04/2019 3:00,6154.281928
23/04/2019 3:30,6073.336629
23/04/2019 4:00,6019.084107
23/04/2019 4:30,6054.989366
23/04/2019 5:00,6105.017633
23/04/2019 5:30,6281.256712
23/04/2019 6:00,6450.855648
23/04/2019 6:30,6687.382402
23/04/2019 7:00,6878.092407
23/04/2019 7:30,7036.655002
23/04/2019 8:00,7207.188938
23/04/2019 8:30,7376.327467
23/04/2019 9:00,7415.579413
23/04/2019 9:30,7500.456366
23/04/2019 10:00,7467.40934
23/04/2019 10:30,7470.296734
23/04/2019 11:00,7436.062422
23/04/2019 11:30,7387.080818
23/04/2019 12:00,7365.250246
23/04/2019 12:30,7333.548176
23/04/2019 13:00,7377.993625
23/04/2019 13:30,7372.451416
23/04/2019 14:00,7422.375216
23/04/2019 14:30,7449.262038
23/04/2019 15:00,7581.778915
23/04/2019 15:30,7666.884078
23/04/2019 16:00,7694.901979
23/04/2019 16:30,7826.014769
23/04/2019 17:00,7986.094422
23/04/2019 17:30,8128.190824
23/04/2019 18:00,8400.89068
23/04/2019 18:30,8441.589598
23/04/2019 19:00,8297.223327
23/04/2019 19:30,8083.10062
23/04/2019 20:00,7882.285235
23/04/2019 20:30,7751.715665
23/04/2019 21:00,7579.003048
23/04/2019 21:30,7464.387605
23/04/2019 22:00,7309.18742
23/04/2019 22:30,7348.32425
23/04/2019 23:00,7228.831203
23/04/2019 23:30,7148.07138
24/04/2019 0:00,7167.258259
24/04/2019 0:30,7007.523519
24/04/2019 1:00,6870.516546
24/04/2019 1:30,6657.220958
24/04/2019 2:00,6458.194332
24/04/2019 2:30,6178.067699
24/04/2019 3:00,6018.361903
24/04/2019 3:30,5908.080357
24/04/2019 4:00,5882.460235
24/04/2019 4:30,5915.004043
24/04/2019 5:00,6007.297362
24/04/2019 5:30,6232.717224
24/04/2019 6:00,6485.824372
24/04/2019 6:30,6898.680154
24/04/2019 7:00,7275.189563
24/04/2019 7:30,7540.757312
24/04/2019 8:00,7749.251366
24/04/2019 8:30,7909.968955
24/04/2019 9:00,7965.154029
24/04/2019 9:30,8029.272086
24/04/2019 10:00,8062.609834
24/04/2019 10:30,8093.237494
24/04/2019 11:00,8020.878528
24/04/2019 11:30,7996.518198
24/04/2019 12:00,7979.803347
24/04/2019 12:30,7943.851783
24/04/2019 13:00,8000.055895
24/04/2019 13:30,8022.087094
24/04/2019 14:00,8030.137865
24/04/2019 14:30,8073.445185
24/04/2019 15:00,8084.983552
24/04/2019 15:30,8156.597139
24/04/2019 16:00,8280.197296
24/04/2019 16:30,8377.138871
24/04/2019 17:00,8486.712498
24/04/2019 17:30,8594.668337
24/04/2019 18:00,8919.935792
24/04/2019 18:30,8891.642644
24/04/2019 19:00,8722.544808
24/04/2019 19:30,8509.657069
24/04/2019 20:00,8338.331107
24/04/2019 20:30,8188.325871
24/04/2019 21:00,8002.430376
24/04/2019 21:30,7822.209315
24/04/2019 22:00,7675.239598
24/04/2019 22:30,7678.966617
24/04/2019 23:00,7489.284037
24/04/2019 23:30,7418.662024
25/04/2019 0:00,6686.315679
25/04/2019 0:30,6535.902958
25/04/2019 1:00,6350.880561
25/04/2019 1:30,6125.379786
25/04/2019 2:00,5911.987236
25/04/2019 2:30,5671.884852
25/04/2019 3:00,5498.924412
25/04/2019 3:30,5432.564107
25/04/2019 4:00,5367.147009
25/04/2019 4:30,5425.625517
25/04/2019 5:00,5488.829271
25/04/2019 5:30,5728.117722
25/04/2019 6:00,5998.943751
25/04/2019 6:30,6416.211436
25/04/2019 7:00,6742.702734
25/04/2019 7:30,6946.552628
25/04/2019 8:00,7164.351472
25/04/2019 8:30,7305.586202
25/04/2019 9:00,7349.137843
25/04/2019 9:30,7401.205566
25/04/2019 10:00,7386.223229
25/04/2019 10:30,7356.194839
25/04/2019 11:00,7328.172115
25/04/2019 11:30,7278.612634
25/04/2019 12:00,7216.58499
25/04/2019 12:30,7182.312384
25/04/2019 13:00,7169.888864
25/04/2019 13:30,7193.774759
25/04/2019 14:00,7249.215778
25/04/2019 14:30,7342.6605
25/04/2019 15:00,7426.13488
25/04/2019 15:30,7513.10651
25/04/2019 16:00,7607.601176
25/04/2019 16:30,7728.195227
25/04/2019 17:00,7871.451256
25/04/2019 17:30,7975.882575
25/04/2019 18:00,8273.299395
25/04/2019 18:30,8214.035216
25/04/2019 19:00,8066.88557
25/04/2019 19:30,7850.48494
25/04/2019 20:00,7658.696934
25/04/2019 20:30,7485.245286
25/04/2019 21:00,7325.496582
25/04/2019 21:30,7231.706077
25/04/2019 22:00,7086.656412
25/04/2019 22:30,7082.23127
25/04/2019 23:00,6910.807144
25/04/2019 23:30,6879.121281
26/04/2019 0:00,7369.272806
26/04/2019 0:30,7221.464426
26/04/2019 1:00,7030.904974
26/04/2019 1:30,6854.626697
26/04/2019 2:00,6615.930872
26/04/2019 2:30,6319.860925
26/04/2019 3:00,6149.79499
26/04/2019 3:30,6030.323449
26/04/2019 4:00,5973.543221
26/04/2019 4:30,5991.349964
26/04/2019 5:00,6050.457064
26/04/2019 5:30,6224.849998
26/04/2019 6:00,6356.022692
26/04/2019 6:30,6570.344726
26/04/2019 7:00,6814.556523
26/04/2019 7:30,6928.507045
26/04/2019 8:00,7039.590551
26/04/2019 8:30,7130.553639
26/04/2019 9:00,7148.621052
26/04/2019 9:30,7161.931938
26/04/2019 10:00,7128.859727
26/04/2019 10:30,7149.128682
26/04/2019 11:00,7086.693776
26/04/2019 11:30,7089.641442
26/04/2019 12:00,7088.980161
26/04/2019 12:30,7117.47866
26/04/2019 13:00,7109.016331
26/04/2019 13:30,7197.222247
26/04/2019 14:00,7213.887141
26/04/2019 14:30,7235.718315
26/04/2019 15:00,7291.568461
26/04/2019 15:30,7437.949351
26/04/2019 16:00,7556.208087
26/04/2019 16:30,7695.929573
26/04/2019 17:00,7881.569867
26/04/2019 17:30,8044.356938
26/04/2019 18:00,8372.87811
26/04/2019 18:30,8444.568769
26/04/2019 19:00,8302.29077
26/04/2019 19:30,8056.091964
26/04/2019 20:00,7894.488597
26/04/2019 20:30,7778.04488
26/04/2019 21:00,7637.050166
26/04/2019 21:30,7438.96361
26/04/2019 22:00,7281.317067
26/04/2019 22:30,7225.346545
26/04/2019 23:00,7055.308931
26/04/2019 23:30,6996.29301
27/04/2019 0:00,6810.643265
27/04/2019 0:30,6622.937446
27/04/2019 1:00,6446.156303
27/04/2019 1:30,6217.936776
27/04/2019 2:00,6014.256311
27/04/2019 2:30,5709.801517
27/04/2019 3:00,5551.036589
27/04/2019 3:30,5414.349399
27/04/2019 4:00,5349.204583
27/04/2019 4:30,5378.290244
27/04/2019 5:00,5438.797158
27/04/2019 5:30,5659.441334
27/04/2019 6:00,5910.595621
27/04/2019 6:30,6296.730316
27/04/2019 7:00,6675.809562
27/04/2019 7:30,6872.306642
27/04/2019 8:00,7063.765951
27/04/2019 8:30,7166.127508
27/04/2019 9:00,7140.29355
27/04/2019 9:30,7142.854542
27/04/2019 10:00,7106.554292
27/04/2019 10:30,7073.940045
27/04/2019 11:00,7058.282082
27/04/2019 11:30,7002.245312
27/04/2019 12:00,6969.204565
27/04/2019 12:30,6957.760859
27/04/2019 13:00,6994.221762
27/04/2019 13:30,7025.438387
27/04/2019 14:00,7028.19364
27/04/2019 14:30,7044.751862
27/04/2019 15:00,7142.850255
27/04/2019 15:30,7240.4085
27/04/2019 16:00,7378.646038
27/04/2019 16:30,7476.163919
27/04/2019 17:00,7597.233498
27/04/2019 17:30,7750.114316
27/04/2019 18:00,7963.874002
27/04/2019 18:30,7911.501645
27/04/2019 19:00,7772.329422
27/04/2019 19:30,7555.621703
27/04/2019 20:00,7321.095071
27/04/2019 20:30,7146.689514
27/04/2019 21:00,6986.095144
27/04/2019 21:30,6854.235001
27/04/2019 22:00,6750.7291
27/04/2019 22:30,6795.738914
27/04/2019 23:00,6654.246204
27/04/2019 23:30,6607.136696
28/04/2019 0:00,6735.375427
28/04/2019 0:30,6584.603705
28/04/2019 1:00,6404.08171
28/04/2019 1:30,6192.783963
28/04/2019 2:00,5978.803797
28/04/2019 2:30,5693.12598
28/04/2019 3:00,5554.594271
28/04/2019 3:30,5428.803013
28/04/2019 4:00,5369.696258
28/04/2019 4:30,5393.999629
28/04/2019 5:00,5460.690259
28/04/2019 5:30,5621.836071
28/04/2019 6:00,5844.81262
28/04/2019 6:30,6118.39439
28/04/2019 7:00,6395.516012
28/04/2019 7:30,6624.663543
28/04/2019 8:00,6808.487842
28/04/2019 8:30,6962.127922
28/04/2019 9:00,7036.585611
28/04/2019 9:30,7054.362815
28/04/2019 10:00,7018.253788
28/04/2019 10:30,6939.289462
28/04/2019 11:00,6859.314956
28/04/2019 11:30,6741.60157
28/04/2019 12:00,6726.223912
28/04/2019 12:30,6697.308562
28/04/2019 13:00,6682.132238
28/04/2019 13:30,6665.830021
28/04/2019 14:00,6686.986464
28/04/2019 14:30,6730.284796
28/04/2019 15:00,6817.134243
28/04/2019 15:30,6976.560797
28/04/2019 16:00,7155.176726
28/04/2019 16:30,7350.81974
28/04/2019 17:00,7592.788762
28/04/2019 17:30,7833.71783
28/04/2019 18:00,8191.498849
28/04/2019 18:30,8278.769383
28/04/2019 19:00,8143.292051
28/04/2019 19:30,8013.792957
28/04/2019 20:00,7863.425857
28/04/2019 20:30,7790.667647
28/04/2019 21:00,7669.657906
28/04/2019 21:30,7605.143754
28/04/2019 22:00,7474.018162
28/04/2019 22:30,7486.587868
28/04/2019 23:00,7378.329924
28/04/2019 23:30,7345.140607
29/04/2019 0:00,7542.584061
29/04/2019 0:30,7364.104562
29/04/2019 1:00,7228.030437
29/04/2019 1:30,7048.436825
29/04/2019 2:00,6846.76839
29/04/2019 2:30,6640.80703
29/04/2019 3:00,6494.97793
29/04/2019 3:30,6442.740468
29/04/2019 4:00,6393.575518
29/04/2019 4:30,6440.34782
29/04/2019 5:00,6463.987765
29/04/2019 5:30,6648.685389
29/04/2019 6:00,6829.928405
29/04/2019 6:30,7113.021824
29/04/2019 7:00,7351.956882
29/04/2019 7:30,7616.143649
29/04/2019 8:00,7772.720799
29/04/2019 8:30,7889.491309
29/04/2019 9:00,7935.58577
29/04/2019 9:30,7936.419028
29/04/2019 10:00,7932.566694
29/04/2019 10:30,7871.072969
29/04/2019 11:00,7774.001699
29/04/2019 11:30,7677.316761
29/04/2019 12:00,7620.565731
29/04/2019 12:30,7622.382491
29/04/2019 13:00,7580.215819
29/04/2019 13:30,7586.689245
29/04/2019 14:00,7640.604886
29/04/2019 14:30,7700.842573
29/04/2019 15:00,7794.80779
29/04/2019 15:30,7945.765257
29/04/2019 16:00,8130.832216
29/04/2019 16:30,8379.508089
29/04/2019 17:00,8604.001049
29/04/2019 17:30,8842.666395
29/04/2019 18:00,9270.06368
29/04/2019 18:30,9393.595559
29/04/2019 19:00,9242.668318
29/04/2019 19:30,9070.637187
29/04/2019 20:00,8923.576061
29/04/2019 20:30,8774.14138
29/04/2019 21:00,8581.73548
29/04/2019 21:30,8451.760315
29/04/2019 22:00,8311.710259
29/04/2019 22:30,8277.739522
29/04/2019 23:00,8124.661667
29/04/2019 23:30,8015.508955
30/04/2019 0:00,7574.195904
30/04/2019 0:30,7396.037831
30/04/2019 1:00,7213.285797
30/04/2019 1:30,6979.26703
30/04/2019 2:00,6848.66736
30/04/2019 2:30,6634.453061
30/04/2019 3:00,6491.635861
30/04/2019 3:30,6377.616223
30/04/2019 4:00,6348.884265
30/04/2019 4:30,6424.051383
30/04/2019 5:00,6540.531321
30/04/2019 5:30,6844.294695
30/04/2019 6:00,7146.262081
30/04/2019 6:30,7691.742266
30/04/2019 7:00,8126.00483
30/04/2019 7:30,8388.894451
30/04/2019 8:00,8504.549166
30/04/2019 8:30,8536.311995
30/04/2019 9:00,8487.204087
30/04/2019 9:30,8451.124589
30/04/2019 10:00,8337.33746
30/04/2019 10:30,8285.224743
30/04/2019 11:00,8199.189312
30/04/2019 11:30,8107.808913
30/04/2019 12:00,8040.623023
30/04/2019 12:30,7993.163654
30/04/2019 13:00,8019.798458
30/04/2019 13:30,8051.294078
30/04/2019 14:00,8044.32659
30/04/2019 14:30,8064.866682
30/04/2019 15:00,8092.550649
30/04/2019 15:30,8180.037549
30/04/2019 16:00,8292.115245
30/04/2019 16:30,8419.588247
30/04/2019 17:00,8642.584588
30/04/2019 17:30,8865.39235
30/04/2019 18:00,9236.652337
30/04/2019 18:30,9222.288922
30/04/2019 19:00,9113.283489
30/04/2019 19:30,8850.571052
30/04/2019 20:00,8642.368037
30/04/2019 20:30,8434.113805
30/04/2019 21:00,8247.961563
30/04/2019 21:30,8088.05102
30/04/2019 22:00,7880.511096
30/04/2019 22:30,7911.917902
30/04/2019 23:00,7741.254094
30/04/2019 23:30,7667.006757
1/05/2019 0:00,7581.018127
1/05/2019 0:30,7384.389115
1/05/2019 1:00,7215.69248
1/05/2019 1:30,6988.427887
1/05/2019 2:00,6806.9784
1/05/2019 2:30,6532.538497
1/05/2019 3:00,6364.006147
1/05/2019 3:30,6232.41199
1/05/2019 4:00,6176.185833
1/05/2019 4:30,6202.259185
1/05/2019 5:00,6298.812063
1/05/2019 5:30,6615.333921
1/05/2019 6:00,6906.884306
1/05/2019 6:30,7443.860072
1/05/2019 7:00,7907.895613
1/05/2019 7:30,8147.251337
1/05/2019 8:00,8263.341807
1/05/2019 8:30,8236.33268
1/05/2019 9:00,8083.562391
1/05/2019 9:30,8019.824336
1/05/2019 10:00,7999.935614
1/05/2019 10:30,8017.407404
1/05/2019 11:00,7919.378332
1/05/2019 11:30,7868.89302
1/05/2019 12:00,7820.237411
1/05/2019 12:30,7744.158171
1/05/2019 13:00,7757.235374
1/05/2019 13:30,7831.131858
1/05/2019 14:00,7950.523808
1/05/2019 14:30,7970.211157
1/05/2019 15:00,8078.524249
1/05/2019 15:30,8114.042185
1/05/2019 16:00,8266.009014
1/05/2019 16:30,8343.466122
1/05/2019 17:00,8492.854936
1/05/2019 17:30,8754.275181
1/05/2019 18:00,9132.499037
1/05/2019 18:30,9077.048717
1/05/2019 19:00,8996.811864
1/05/2019 19:30,8755.551382
1/05/2019 20:00,8589.611465
1/05/2019 20:30,8410.322276
1/05/2019 21:00,8214.712504
1/05/2019 21:30,8039.683589
1/05/2019 22:00,7856.944716
1/05/2019 22:30,7840.156087
1/05/2019 23:00,7653.57692
1/05/2019 23:30,7552.492531
2/05/2019 0:00,7481.690664
2/05/2019 0:30,7290.742421
2/05/2019 1:00,7130.292592
2/05/2019 1:30,6894.88546
2/05/2019 2:00,6758.631736
2/05/2019 2:30,6475.69224
2/05/2019 3:00,6290.644766
2/05/2019 3:30,6167.481433
2/05/2019 4:00,6076.384079
2/05/2019 4:30,6169.669896
2/05/2019 5:00,6248.573289
2/05/2019 5:30,6553.825233
2/05/2019 6:00,6836.73682
2/05/2019 6:30,7361.45239
2/05/2019 7:00,7768.075553
2/05/2019 7:30,8026.75797
2/05/2019 8:00,8264.086433
2/05/2019 8:30,8335.561041
2/05/2019 9:00,8348.162958
2/05/2019 9:30,8345.792245
2/05/2019 10:00,8328.536442
2/05/2019 10:30,8322.110712
2/05/2019 11:00,8329.297076
2/05/2019 11:30,8291.57672
2/05/2019 12:00,8218.557728
2/05/2019 12:30,8129.741478
2/05/2019 13:00,8076.704146
2/05/2019 13:30,8056.626539
2/05/2019 14:00,8121.159652
2/05/2019 14:30,8237.714272
2/05/2019 15:00,8257.934948
2/05/2019 15:30,8287.991322
2/05/2019 16:00,8449.579188
2/05/2019 16:30,8551.673317
2/05/2019 17:00,8686.424049
2/05/2019 17:30,8895.837021
2/05/2019 18:00,9216.709695
2/05/2019 18:30,9168.818822
2/05/2019 19:00,9025.9398
2/05/2019 19:30,8818.374368
2/05/2019 20:00,8585.212067
2/05/2019 20:30,8427.778124
2/05/2019 21:00,8256.926979
2/05/2019 21:30,8097.158996
2/05/2019 22:00,7908.762673
2/05/2019 22:30,7893.712116
2/05/2019 23:00,7721.747463
2/05/2019 23:30,7635.572533
3/05/2019 0:00,7541.68485
3/05/2019 0:30,7382.02926
3/05/2019 1:00,7214.574698
3/05/2019 1:30,6977.230125
3/05/2019 2:00,6755.089574
3/05/2019 2:30,6519.749609
3/05/2019 3:00,6323.550363
3/05/2019 3:30,6190.175275
3/05/2019 4:00,6154.968038
3/05/2019 4:30,6187.676755
3/05/2019 5:00,6285.327438
3/05/2019 5:30,6586.542596
3/05/2019 6:00,6880.219665
3/05/2019 6:30,7377.141544
3/05/2019 7:00,7853.392632
3/05/2019 7:30,8068.242381
3/05/2019 8:00,8237.00937
3/05/2019 8:30,8345.751578
3/05/2019 9:00,8316.691551
3/05/2019 9:30,8326.327645
3/05/2019 10:00,8215.091035
3/05/2019 10:30,8114.60229
3/05/2019 11:00,8174.787724
3/05/2019 11:30,8172.746303
3/05/2019 12:00,8134.610998
3/05/2019 12:30,8144.382902
3/05/2019 13:00,8211.401505
3/05/2019 13:30,8283.850818
3/05/2019 14:00,8291.986216
3/05/2019 14:30,8316.652065
3/05/2019 15:00,8331.54174
3/05/2019 15:30,8326.581561
3/05/2019 16:00,8400.401321
3/05/2019 16:30,8512.694142
3/05/2019 17:00,8607.195385
3/05/2019 17:30,8773.046948
3/05/2019 18:00,9100.917933
3/05/2019 18:30,9069.667489
3/05/2019 19:00,8905.153307
3/05/2019 19:30,8668.569478
3/05/2019 20:00,8481.638665
3/05/2019 20:30,8286.420389
3/05/2019 21:00,8118.62195
3/05/2019 21:30,7898.430667
3/05/2019 22:00,7726.219136
3/05/2019 22:30,7682.01677
3/05/2019 23:00,7498.500412
3/05/2019 23:30,7346.448324
4/05/2019 0:00,7130.597851
4/05/2019 0:30,6955.044627
4/05/2019 1:00,6760.305777
4/05/2019 1:30,6525.262101
4/05/2019 2:00,6286.758183
4/05/2019 2:30,6003.148206
4/05/2019 3:00,5804.650568
4/05/2019 3:30,5655.629575
4/05/2019 4:00,5590.451599
4/05/2019 4:30,5645.532891
4/05/2019 5:00,5767.941676
4/05/2019 5:30,6020.760671
4/05/2019 6:00,6284.840687
4/05/2019 6:30,6740.326506
4/05/2019 7:00,7182.190101
4/05/2019 7:30,7475.47267
4/05/2019 8:00,7746.76669
4/05/2019 8:30,7860.237671
4/05/2019 9:00,7835.509976
4/05/2019 9:30,7808.691955
4/05/2019 10:00,7806.577367
4/05/2019 10:30,7783.321018
4/05/2019 11:00,7815.737751
4/05/2019 11:30,7806.694752
4/05/2019 12:00,7837.485266
4/05/2019 12:30,7827.894715
4/05/2019 13:00,7779.621755
4/05/2019 13:30,7728.968768
4/05/2019 14:00,7682.304925
4/05/2019 14:30,7680.51737
4/05/2019 15:00,7703.086137
4/05/2019 15:30,7676.050184
4/05/2019 16:00,7752.734002
4/05/2019 16:30,7804.543407
4/05/2019 17:00,7912.490015
4/05/2019 17:30,8043.899837
4/05/2019 18:00,8261.605163
4/05/2019 18:30,8173.041208
4/05/2019 19:00,8007.252947
4/05/2019 19:30,7803.57051
4/05/2019 20:00,7624.735132
4/05/2019 20:30,7487.531685
4/05/2019 21:00,7348.043124
4/05/2019 21:30,7204.889877
4/05/2019 22:00,7069.87117
4/05/2019 22:30,7095.179694
4/05/2019 23:00,6931.98995
4/05/2019 23:30,6874.136764
5/05/2019 0:00,6911.837231
5/05/2019 0:30,6771.237703
5/05/2019 1:00,6567.34294
5/05/2019 1:30,6371.905183
5/05/2019 2:00,6131.038546
5/05/2019 2:30,5831.782313
5/05/2019 3:00,5652.576322
5/05/2019 3:30,5514.339678
5/05/2019 4:00,5442.971952
5/05/2019 4:30,5479.93557
5/05/2019 5:00,5532.367112
5/05/2019 5:30,5696.027882
5/05/2019 6:00,5891.798053
5/05/2019 6:30,6190.098198
5/05/2019 7:00,6481.291592
5/05/2019 7:30,6773.685456
5/05/2019 8:00,7021.901466
5/05/2019 8:30,7192.164212
5/05/2019 9:00,7301.811535
5/05/2019 9:30,7457.320214
5/05/2019 10:00,7424.655863
5/05/2019 10:30,7382.363511
5/05/2019 11:00,7226.219832
5/05/2019 11:30,7100.781628
5/05/2019 12:00,7024.86161
5/05/2019 12:30,6978.73189
5/05/2019 13:00,6982.068944
5/05/2019 13:30,6945.950352
5/05/2019 14:00,6961.986832
5/05/2019 14:30,7012.635853
5/05/2019 15:00,7064.671835
5/05/2019 15:30,7227.847442
5/05/2019 16:00,7375.865708
5/05/2019 16:30,7582.199269
5/05/2019 17:00,7778.130591
5/05/2019 17:30,8017.794091
5/05/2019 18:00,8371.676327
5/05/2019 18:30,8413.558692
5/05/2019 19:00,8288.627193
5/05/2019 19:30,8126.514651
5/05/2019 20:00,7971.735941
5/05/2019 20:30,7836.837365
5/05/2019 21:00,7706.199415
5/05/2019 21:30,7611.664537
5/05/2019 22:00,7516.019628
5/05/2019 22:30,7527.054004
5/05/2019 23:00,7381.145012
5/05/2019 23:30,7320.405273
6/05/2019 0:00,7476.898726
6/05/2019 0:30,7300.718044
6/05/2019 1:00,7167.128056
6/05/2019 1:30,7008.19893
6/05/2019 2:00,6845.273927
6/05/2019 2:30,6613.074396
6/05/2019 3:00,6459.609686
6/05/2019 3:30,6369.4604
6/05/2019 4:00,6329.678433
6/05/2019 4:30,6358.512123
6/05/2019 5:00,6437.569063
6/05/2019 5:30,6611.510192
6/05/2019 6:00,6806.117891
6/05/2019 6:30,7082.91922
6/05/2019 7:00,7339.593107
6/05/2019 7:30,7583.278641
6/05/2019 8:00,7776.131091
6/05/2019 8:30,7904.03915
6/05/2019 9:00,7977.72096
6/05/2019 9:30,8007.781817
6/05/2019 10:00,7998.485515
6/05/2019 10:30,8019.964945
6/05/2019 11:00,7935.395405
6/05/2019 11:30,7848.186904
6/05/2019 12:00,7852.490018
6/05/2019 12:30,7807.582549
6/05/2019 13:00,7825.156199
6/05/2019 13:30,8007.222779
6/05/2019 14:00,8126.294162
6/05/2019 14:30,8125.429032
6/05/2019 15:00,8147.905095
6/05/2019 15:30,8266.302679
6/05/2019 16:00,8381.19243
6/05/2019 16:30,8538.245691
6/05/2019 17:00,8792.469261
6/05/2019 17:30,9010.924328
6/05/2019 18:00,9462.990284
6/05/2019 18:30,9524.638577
6/05/2019 19:00,9405.691976
6/05/2019 19:30,9235.493124
6/05/2019 20:00,9059.604532
6/05/2019 20:30,8913.725232
6/05/2019 21:00,8750.197167
6/05/2019 21:30,8598.452531
6/05/2019 22:00,8415.315727
6/05/2019 22:30,8316.151151
6/05/2019 23:00,8165.661272
6/05/2019 23:30,8054.686087
7/05/2019 0:00,7533.733754
7/05/2019 0:30,7344.911802
7/05/2019 1:00,7169.256557
7/05/2019 1:30,6964.336006
7/05/2019 2:00,6834.184126
7/05/2019 2:30,6586.039062
7/05/2019 3:00,6437.070765
7/05/2019 3:30,6329.774493
7/05/2019 4:00,6300.084534
7/05/2019 4:30,6368.320325
7/05/2019 5:00,6518.597421
7/05/2019 5:30,6826.505017
7/05/2019 6:00,7164.491802
7/05/2019 6:30,7752.017062
7/05/2019 7:00,8236.768239
7/05/2019 7:30,8539.341632
7/05/2019 8:00,8665.462543
7/05/2019 8:30,8605.532871
7/05/2019 9:00,8444.238078
7/05/2019 9:30,8302.674427
7/05/2019 10:00,8210.527537
7/05/2019 10:30,8095.542609
7/05/2019 11:00,8021.108175
7/05/2019 11:30,7886.345683
7/05/2019 12:00,7819.570996
7/05/2019 12:30,7771.612846
7/05/2019 13:00,7795.461326
7/05/2019 13:30,7770.282887
7/05/2019 14:00,7794.731336
7/05/2019 14:30,7801.921426
7/05/2019 15:00,7922.525799
7/05/2019 15:30,7984.99313
7/05/2019 16:00,8157.955129
7/05/2019 16:30,8318.454722
7/05/2019 17:00,8587.673322
7/05/2019 17:30,8865.163135
7/05/2019 18:00,9315.549572
7/05/2019 18:30,9324.986428
7/05/2019 19:00,9211.555958
7/05/2019 19:30,9016.479226
7/05/2019 20:00,8841.813833
7/05/2019 20:30,8649.78581
7/05/2019 21:00,8464.518119
7/05/2019 21:30,8300.672262
7/05/2019 22:00,8093.20286
7/05/2019 22:30,8065.173634
7/05/2019 23:00,7887.658338
7/05/2019 23:30,7768.431976
8/05/2019 0:00,7727.560415
8/05/2019 0:30,7549.001227
8/05/2019 1:00,7389.053882
8/05/2019 1:30,7195.230961
8/05/2019 2:00,6998.004368
8/05/2019 2:30,6715.527974
8/05/2019 3:00,6535.602742
8/05/2019 3:30,6384.654737
8/05/2019 4:00,6309.246173
8/05/2019 4:30,6411.635715
8/05/2019 5:00,6531.485191
8/05/2019 5:30,6830.515074
8/05/2019 6:00,7211.493657
8/05/2019 6:30,7822.475678
8/05/2019 7:00,8321.633415
8/05/2019 7:30,8610.625618
8/05/2019 8:00,8704.220388
8/05/2019 8:30,8606.187792
8/05/2019 9:00,8396.432526
8/05/2019 9:30,8260.429621
8/05/2019 10:00,8102.297097
8/05/2019 10:30,8011.832034
8/05/2019 11:00,7850.537805
8/05/2019 11:30,7730.585715
8/05/2019 12:00,7690.523594
8/05/2019 12:30,7609.157091
8/05/2019 13:00,7605.035503
8/05/2019 13:30,7629.107762
8/05/2019 14:00,7669.989826
8/05/2019 14:30,7743.401703
8/05/2019 15:00,7804.680667
8/05/2019 15:30,7869.747841
8/05/2019 16:00,8079.71927
8/05/2019 16:30,8311.298042
8/05/2019 17:00,8564.95736
8/05/2019 17:30,8853.390842
8/05/2019 18:00,9313.051545
8/05/2019 18:30,9376.197295
8/05/2019 19:00,9311.830109
8/05/2019 19:30,9110.201808
8/05/2019 20:00,8949.060881
8/05/2019 20:30,8803.581775
8/05/2019 21:00,8628.667326
8/05/2019 21:30,8460.161477
8/05/2019 22:00,8257.833095
8/05/2019 22:30,8210.583817
8/05/2019 23:00,8014.933599
8/05/2019 23:30,7886.614017
9/05/2019 0:00,7738.776508
9/05/2019 0:30,7563.568434
9/05/2019 1:00,7327.72163
9/05/2019 1:30,7134.745051
9/05/2019 2:00,6916.672116
9/05/2019 2:30,6658.472574
9/05/2019 3:00,6444.754267
9/05/2019 3:30,6318.340272
9/05/2019 4:00,6257.99015
9/05/2019 4:30,6279.635631
9/05/2019 5:00,6420.878506
9/05/2019 5:30,6747.980062
9/05/2019 6:00,7072.25994
9/05/2019 6:30,7652.074506
9/05/2019 7:00,8220.475977
9/05/2019 7:30,8459.036625
9/05/2019 8:00,8593.837575
9/05/2019 8:30,8598.646344
9/05/2019 9:00,8436.944217
9/05/2019 9:30,8286.378712
9/05/2019 10:00,8154.373917
9/05/2019 10:30,8086.375448
9/05/2019 11:00,7991.768285
9/05/2019 11:30,7869.150725
9/05/2019 12:00,7803.580684
9/05/2019 12:30,7798.846888
9/05/2019 13:00,7821.226649
9/05/2019 13:30,7833.818115
9/05/2019 14:00,7827.331858
9/05/2019 14:30,7893.114943
9/05/2019 15:00,7961.182808
9/05/2019 15:30,8082.506445
9/05/2019 16:00,8254.029041
9/05/2019 16:30,8436.054125
9/05/2019 17:00,8695.921199
9/05/2019 17:30,9009.765433
9/05/2019 18:00,9440.490906
9/05/2019 18:30,9489.188873
9/05/2019 19:00,9416.879793
9/05/2019 19:30,9253.527179
9/05/2019 20:00,9037.833334
9/05/2019 20:30,8879.158784
9/05/2019 21:00,8682.799803
9/05/2019 21:30,8500.652901
9/05/2019 22:00,8303.291769
9/05/2019 22:30,8243.963176
9/05/2019 23:00,8063.795456
9/05/2019 23:30,7972.294132
10/05/2019 0:00,7842.343811
10/05/2019 0:30,7725.381168
10/05/2019 1:00,7546.693441
10/05/2019 1:30,7346.485467
10/05/2019 2:00,7133.42889
10/05/2019 2:30,6855.465621
10/05/2019 3:00,6679.105186
10/05/2019 3:30,6541.637627
10/05/2019 4:00,6471.873046
10/05/2019 4:30,6551.200464
10/05/2019 5:00,6663.737656
10/05/2019 5:30,7038.801224
10/05/2019 6:00,7411.478067
10/05/2019 6:30,8020.310271
10/05/2019 7:00,8555.650299
10/05/2019 7:30,8879.435144
10/05/2019 8:00,8974.393425
10/05/2019 8:30,8919.972773
10/05/2019 9:00,8642.231017
10/05/2019 9:30,8471.398669
10/05/2019 10:00,8292.16973
10/05/2019 10:30,8168.026986
10/05/2019 11:00,8081.009429
10/05/2019 11:30,7909.180541
10/05/2019 12:00,7834.639682
10/05/2019 12:30,7759.442756
10/05/2019 13:00,7743.78183
10/05/2019 13:30,7742.200264
10/05/2019 14:00,7757.5415
10/05/2019 14:30,7841.353748
10/05/2019 15:00,7874.19357
10/05/2019 15:30,8037.102986
10/05/2019 16:00,8213.770136
10/05/2019 16:30,8419.552317
10/05/2019 17:00,8624.829903
10/05/2019 17:30,8997.492935
10/05/2019 18:00,9425.990728
10/05/2019 18:30,9490.279416
10/05/2019 19:00,9351.542064
10/05/2019 19:30,9181.528821
10/05/2019 20:00,8995.514583
10/05/2019 20:30,8837.791566
10/05/2019 21:00,8640.213709
10/05/2019 21:30,8398.037496
10/05/2019 22:00,8176.075081
10/05/2019 22:30,8098.411171
10/05/2019 23:00,7853.045469
10/05/2019 23:30,7732.14654
11/05/2019 0:00,7509.970411
11/05/2019 0:30,7321.236246
11/05/2019 1:00,7151.373454
11/05/2019 1:30,6904.392112
11/05/2019 2:00,6690.015567
11/05/2019 2:30,6365.978296
11/05/2019 3:00,6127.415365
11/05/2019 3:30,6002.421785
11/05/2019 4:00,5943.318133
11/05/2019 4:30,6016.883389
11/05/2019 5:00,6118.674659
11/05/2019 5:30,6427.934779
11/05/2019 6:00,6783.215495
11/05/2019 6:30,7329.352291
11/05/2019 7:00,7879.525734
11/05/2019 7:30,8149.034484
11/05/2019 8:00,8356.656529
11/05/2019 8:30,8365.415908
11/05/2019 9:00,8192.431956
11/05/2019 9:30,8201.296337
11/05/2019 10:00,8167.725278
11/05/2019 10:30,8119.496107
11/05/2019 11:00,8088.576261
11/05/2019 11:30,8051.569848
11/05/2019 12:00,8083.292016
11/05/2019 12:30,8024.376346
11/05/2019 13:00,7971.68378
11/05/2019 13:30,7956.453143
11/05/2019 14:00,7909.728497
11/05/2019 14:30,7829.800944
11/05/2019 15:00,7724.938116
11/05/2019 15:30,7734.307787
11/05/2019 16:00,7899.903276
11/05/2019 16:30,8052.139679
11/05/2019 17:00,8281.423171
11/05/2019 17:30,8573.7573
11/05/2019 18:00,8951.496698
11/05/2019 18:30,8876.027771
11/05/2019 19:00,8742.096158
11/05/2019 19:30,8595.116061
11/05/2019 20:00,8432.041925
11/05/2019 20:30,8282.944559
11/05/2019 21:00,8109.266634
11/05/2019 21:30,7922.031852
11/05/2019 22:00,7739.710306
11/05/2019 22:30,7668.137977
11/05/2019 23:00,7510.073541
11/05/2019 23:30,7366.910737
12/05/2019 0:00,7394.310782
12/05/2019 0:30,7227.599174
12/05/2019 1:00,7015.727011
12/05/2019 1:30,6765.537544
12/05/2019 2:00,6481.673422
12/05/2019 2:30,6184.03541
12/05/2019 3:00,5948.537949
12/05/2019 3:30,5818.315845
12/05/2019 4:00,5722.317087
12/05/2019 4:30,5755.098904
12/05/2019 5:00,5813.863166
12/05/2019 5:30,6017.966215
12/05/2019 6:00,6256.718264
12/05/2019 6:30,6574.26411
12/05/2019 7:00,6938.286678
12/05/2019 7:30,7330.074317
12/05/2019 8:00,7655.715236
12/05/2019 8:30,7809.913417
12/05/2019 9:00,7827.254052
12/05/2019 9:30,7772.471765
12/05/2019 10:00,7602.024614
12/05/2019 10:30,7464.192253
12/05/2019 11:00,7342.56292
12/05/2019 11:30,7222.805971
12/05/2019 12:00,7131.790235
12/05/2019 12:30,7080.958875
12/05/2019 13:00,7069.132393
12/05/2019 13:30,7029.333133
12/05/2019 14:00,7057.538395
12/05/2019 14:30,7093.211309
12/05/2019 15:00,7163.963329
12/05/2019 15:30,7313.095242
12/05/2019 16:00,7514.312515
12/05/2019 16:30,7788.422942
12/05/2019 17:00,8084.593833
12/05/2019 17:30,8430.69696
12/05/2019 18:00,8818.180328
12/05/2019 18:30,8862.236047
12/05/2019 19:00,8796.553281
12/05/2019 19:30,8632.905469
12/05/2019 20:00,8518.636425
12/05/2019 20:30,8400.347066
12/05/2019 21:00,8298.753901
12/05/2019 21:30,8165.52223
12/05/2019 22:00,8067.646783
12/05/2019 22:30,8009.643801
12/05/2019 23:00,7862.766433
12/05/2019 23:30,7765.737177
13/05/2019 0:00,7911.013177
13/05/2019 0:30,7762.137607
13/05/2019 1:00,7598.761068
13/05/2019 1:30,7355.711592
13/05/2019 2:00,7212.696558
13/05/2019 2:30,6931.507994
13/05/2019 3:00,6797.267592
13/05/2019 3:30,6698.580977
13/05/2019 4:00,6632.405161
13/05/2019 4:30,6691.037725
13/05/2019 5:00,6801.115434
13/05/2019 5:30,6969.60476
13/05/2019 6:00,7178.537353
13/05/2019 6:30,7481.527713
13/05/2019 7:00,7820.052356
13/05/2019 7:30,8176.587587
13/05/2019 8:00,8441.383123
13/05/2019 8:30,8618.418628
13/05/2019 9:00,8660.412187
13/05/2019 9:30,8654.227858
13/05/2019 10:00,8582.265257
13/05/2019 10:30,8448.914622
13/05/2019 11:00,8305.471593
13/05/2019 11:30,8169.32702
13/05/2019 12:00,8082.581329
13/05/2019 12:30,8025.739164
13/05/2019 13:00,7962.609529
13/05/2019 13:30,7925.096774
13/05/2019 14:00,7878.47948
13/05/2019 14:30,7924.556019
13/05/2019 15:00,8015.518357
13/05/2019 15:30,8177.264645
13/05/2019 16:00,8364.455697
13/05/2019 16:30,8648.936123
13/05/2019 17:00,8959.625867
13/05/2019 17:30,9232.681405
13/05/2019 18:00,9670.340358
13/05/2019 18:30,9702.930303
13/05/2019 19:00,9661.288454
13/05/2019 19:30,9513.992516
13/05/2019 20:00,9382.775508
13/05/2019 20:30,9274.872555
13/05/2019 21:00,9119.07212
13/05/2019 21:30,8962.020164
13/05/2019 22:00,8809.846138
13/05/2019 22:30,8671.9148
13/05/2019 23:00,8471.358041
13/05/2019 23:30,8298.442135
14/05/2019 0:00,7845.270319
14/05/2019 0:30,7658.60141
14/05/2019 1:00,7464.707197
14/05/2019 1:30,7227.621211
14/05/2019 2:00,7093.697599
14/05/2019 2:30,6829.983272
14/05/2019 3:00,6662.491225
14/05/2019 3:30,6589.05972
14/05/2019 4:00,6505.038155
14/05/2019 4:30,6614.800401
14/05/2019 5:00,6738.856112
14/05/2019 5:30,7073.075787
14/05/2019 6:00,7429.392996
14/05/2019 6:30,8083.89416
14/05/2019 7:00,8651.717577
14/05/2019 7:30,8997.229377
14/05/2019 8:00,9153.152937
14/05/2019 8:30,9110.441667
14/05/2019 9:00,8907.813841
14/05/2019 9:30,8830.132509
14/05/2019 10:00,8635.513389
14/05/2019 10:30,8522.35335
14/05/2019 11:00,8329.23489
14/05/2019 11:30,8175.857291
14/05/2019 12:00,8072.401982
14/05/2019 12:30,8010.415064
14/05/2019 13:00,7965.216555
14/05/2019 13:30,7997.865942
14/05/2019 14:00,8033.234132
14/05/2019 14:30,8095.374011
14/05/2019 15:00,8144.670613
14/05/2019 15:30,8258.622023
14/05/2019 16:00,8410.522613
14/05/2019 16:30,8573.043201
14/05/2019 17:00,8845.352088
14/05/2019 17:30,9203.344523
14/05/2019 18:00,9576.220678
14/05/2019 18:30,9561.715106
14/05/2019 19:00,9422.388543
14/05/2019 19:30,9214.079945
14/05/2019 20:00,8995.24637
14/05/2019 20:30,8822.355097
14/05/2019 21:00,8623.39411
14/05/2019 21:30,8432.378679
14/05/2019 22:00,8219.414133
14/05/2019 22:30,8160.423054
14/05/2019 23:00,7979.83762
14/05/2019 23:30,7842.404029
15/05/2019 0:00,7818.175122
15/05/2019 0:30,7643.770879
15/05/2019 1:00,7462.22136
15/05/2019 1:30,7241.922445
15/05/2019 2:00,7039.45038
15/05/2019 2:30,6758.842836
15/05/2019 3:00,6560.508617
15/05/2019 3:30,6415.652845
15/05/2019 4:00,6364.0905
15/05/2019 4:30,6437.104358
15/05/2019 5:00,6564.26339
15/05/2019 5:30,6926.731506
15/05/2019 6:00,7275.82722
15/05/2019 6:30,7854.844515
15/05/2019 7:00,8370.803455
15/05/2019 7:30,8668.190711
15/05/2019 8:00,8751.072068
15/05/2019 8:30,8688.418698
15/05/2019 9:00,8495.234566
15/05/2019 9:30,8368.489706
15/05/2019 10:00,8243.874981
15/05/2019 10:30,8131.431415
15/05/2019 11:00,8034.920867
15/05/2019 11:30,7931.887693
15/05/2019 12:00,7874.305434
15/05/2019 12:30,7812.578131
15/05/2019 13:00,7847.558364
15/05/2019 13:30,7845.94749
15/05/2019 14:00,7874.408587
15/05/2019 14:30,7943.631385
15/05/2019 15:00,8001.808497
15/05/2019 15:30,8130.525105
15/05/2019 16:00,8286.844513
15/05/2019 16:30,8507.580135
15/05/2019 17:00,8733.299725
15/05/2019 17:30,9074.895864
15/05/2019 18:00,9492.316126
15/05/2019 18:30,9509.219133
15/05/2019 19:00,9436.024776
15/05/2019 19:30,9257.59896
15/05/2019 20:00,9062.63293
15/05/2019 20:30,8939.642268
15/05/2019 21:00,8750.181924
15/05/2019 21:30,8561.419533
15/05/2019 22:00,8359.545791
15/05/2019 22:30,8359.43944
15/05/2019 23:00,8139.437
15/05/2019 23:30,8040.78007
16/05/2019 0:00,7869.118219
16/05/2019 0:30,7695.204005
16/05/2019 1:00,7561.43976
16/05/2019 1:30,7334.391632
16/05/2019 2:00,7137.110508
16/05/2019 2:30,6847.288924
16/05/2019 3:00,6641.934929
16/05/2019 3:30,6485.879169
16/05/2019 4:00,6435.789064
16/05/2019 4:30,6496.826863
16/05/2019 5:00,6634.248006
16/05/2019 5:30,6980.941081
16/05/2019 6:00,7336.653825
16/05/2019 6:30,7949.753277
16/05/2019 7:00,8477.197174
16/05/2019 7:30,8781.447714
16/05/2019 8:00,8910.299413
16/05/2019 8:30,8806.726219
16/05/2019 9:00,8622.502605
16/05/2019 9:30,8479.240613
16/05/2019 10:00,8353.496515
16/05/2019 10:30,8273.987915
16/05/2019 11:00,8143.878236
16/05/2019 11:30,8018.096449
16/05/2019 12:00,7976.283853
16/05/2019 12:30,7998.678497
16/05/2019 13:00,7938.918841
16/05/2019 13:30,7904.944536
16/05/2019 14:00,7963.779833
16/05/2019 14:30,7988.607987
16/05/2019 15:00,8059.236723
16/05/2019 15:30,8158.699764
16/05/2019 16:00,8317.757636
16/05/2019 16:30,8521.376884
16/05/2019 17:00,8817.311502
16/05/2019 17:30,9139.896711
16/05/2019 18:00,9563.544144
16/05/2019 18:30,9570.553353
16/05/2019 19:00,9470.903356
16/05/2019 19:30,9288.942822
16/05/2019 20:00,9096.581208
16/05/2019 20:30,8914.875749
16/05/2019 21:00,8748.138587
16/05/2019 21:30,8576.665915
16/05/2019 22:00,8386.847999
16/05/2019 22:30,8317.621531
16/05/2019 23:00,8144.324229
16/05/2019 23:30,8061.008291
17/05/2019 0:00,7933.36333
17/05/2019 0:30,7750.418352
17/05/2019 1:00,7596.875048
17/05/2019 1:30,7384.835013
17/05/2019 2:00,7183.873501
17/05/2019 2:30,6902.48982
17/05/2019 3:00,6708.826643
17/05/2019 3:30,6602.952671
17/05/2019 4:00,6520.266431
17/05/2019 4:30,6577.632522
17/05/2019 5:00,6736.6162
17/05/2019 5:30,7060.411482
17/05/2019 6:00,7404.859406
17/05/2019 6:30,7988.250874
17/05/2019 7:00,8475.178515
17/05/2019 7:30,8826.379314
17/05/2019 8:00,8933.161762
17/05/2019 8:30,8844.509661
17/05/2019 9:00,8632.944189
17/05/2019 9:30,8468.42893
17/05/2019 10:00,8373.578564
17/05/2019 10:30,8293.828307
17/05/2019 11:00,8144.704018
17/05/2019 11:30,8038.299805
17/05/2019 12:00,7990.557097
17/05/2019 12:30,7938.349658
17/05/2019 13:00,7931.767983
17/05/2019 13:30,7955.77713
17/05/2019 14:00,7953.028956
17/05/2019 14:30,8001.973801
17/05/2019 15:00,8036.701193
17/05/2019 15:30,8131.63254
17/05/2019 16:00,8290.944516
17/05/2019 16:30,8459.610723
17/05/2019 17:00,8635.647163
17/05/2019 17:30,8950.573688
17/05/2019 18:00,9359.823672
17/05/2019 18:30,9373.776709
17/05/2019 19:00,9284.480447
17/05/2019 19:30,9123.227213
17/05/2019 20:00,8926.633879
17/05/2019 20:30,8763.657142
17/05/2019 21:00,8615.38625
17/05/2019 21:30,8441.579604
17/05/2019 22:00,8219.810418
17/05/2019 22:30,8161.26138
17/05/2019 23:00,7924.844227
17/05/2019 23:30,7826.42618
18/05/2019 0:00,7623.152889
18/05/2019 0:30,7404.924902
18/05/2019 1:00,7232.032376
18/05/2019 1:30,6985.739957
18/05/2019 2:00,6793.702246
18/05/2019 2:30,6452.332914
18/05/2019 3:00,6218.640756
18/05/2019 3:30,6046.008135
18/05/2019 4:00,5969.104965
18/05/2019 4:30,6078.033082
18/05/2019 5:00,6233.660138
18/05/2019 5:30,6528.70354
18/05/2019 6:00,6881.579272
18/05/2019 6:30,7405.245917
18/05/2019 7:00,7905.835615
18/05/2019 7:30,8210.370814
18/05/2019 8:00,8373.076593
18/05/2019 8:30,8288.308939
18/05/2019 9:00,8041.11509
18/05/2019 9:30,7871.682002
18/05/2019 10:00,7732.953165
18/05/2019 10:30,7648.946632
18/05/2019 11:00,7474.228048
18/05/2019 11:30,7368.436092
18/05/2019 12:00,7288.873327
18/05/2019 12:30,7198.572949
18/05/2019 13:00,7140.300046
18/05/2019 13:30,7118.901515
18/05/2019 14:00,7152.763156
18/05/2019 14:30,7190.028507
18/05/2019 15:00,7253.9749
18/05/2019 15:30,7343.991269
18/05/2019 16:00,7509.480698
18/05/2019 16:30,7674.154795
18/05/2019 17:00,7927.080398
18/05/2019 17:30,8158.799444
18/05/2019 18:00,8471.755741
18/05/2019 18:30,8434.462575
18/05/2019 19:00,8314.776672
18/05/2019 19:30,8119.322695
18/05/2019 20:00,7960.886938
18/05/2019 20:30,7832.724701
18/05/2019 21:00,7648.499733
18/05/2019 21:30,7507.667144
18/05/2019 22:00,7358.533997
18/05/2019 22:30,7346.568018
18/05/2019 23:00,7208.137775
18/05/2019 23:30,7132.907529
19/05/2019 0:00,7183.399701
19/05/2019 0:30,7032.441489
19/05/2019 1:00,6828.730562
19/05/2019 1:30,6604.995316
19/05/2019 2:00,6397.734785
19/05/2019 2:30,6124.621313
19/05/2019 3:00,5930.950231
19/05/2019 3:30,5781.399493
19/05/2019 4:00,5721.707604
19/05/2019 4:30,5747.626629
19/05/2019 5:00,5865.695069
19/05/2019 5:30,6033.677827
19/05/2019 6:00,6259.909005
19/05/2019 6:30,6588.840332
19/05/2019 7:00,6939.84142
19/05/2019 7:30,7269.939818
19/05/2019 8:00,7515.481151
19/05/2019 8:30,7592.337711
19/05/2019 9:00,7561.806933
19/05/2019 9:30,7526.127717
19/05/2019 10:00,7357.226873
19/05/2019 10:30,7266.76434
19/05/2019 11:00,7144.786672
19/05/2019 11:30,7026.357949
19/05/2019 12:00,6969.556803
19/05/2019 12:30,6967.122087
19/05/2019 13:00,6951.064254
19/05/2019 13:30,6924.34116
19/05/2019 14:00,6984.43431
19/05/2019 14:30,7043.510909
19/05/2019 15:00,7164.1247
19/05/2019 15:30,7359.112642
19/05/2019 16:00,7504.033925
19/05/2019 16:30,7727.277914
19/05/2019 17:00,8005.498917
19/05/2019 17:30,8310.409099
19/05/2019 18:00,8661.220802
19/05/2019 18:30,8645.610954
19/05/2019 19:00,8523.925738
19/05/2019 19:30,8376.446209
19/05/2019 20:00,8208.463245
19/05/2019 20:30,8101.442191
19/05/2019 21:00,8012.952776
19/05/2019 21:30,7938.738034
19/05/2019 22:00,7862.705943
19/05/2019 22:30,7834.06177
19/05/2019 23:00,7679.809786
19/05/2019 23:30,7625.860505
20/05/2019 0:00,7774.2705
20/05/2019 0:30,7632.949388
20/05/2019 1:00,7452.864093
20/05/2019 1:30,7248.887401
20/05/2019 2:00,7104.547284
20/05/2019 2:30,6836.370875
20/05/2019 3:00,6698.493299
20/05/2019 3:30,6606.258625
20/05/2019 4:00,6557.443269
20/05/2019 4:30,6604.993287
20/05/2019 5:00,6691.65529
20/05/2019 5:30,6892.189558
20/05/2019 6:00,7098.600459
20/05/2019 6:30,7351.691755
20/05/2019 7:00,7645.824881
20/05/2019 7:30,7908.766131
20/05/2019 8:00,8117.4646
20/05/2019 8:30,8276.747334
20/05/2019 9:00,8340.208802
20/05/2019 9:30,8378.087272
20/05/2019 10:00,8305.984791
20/05/2019 10:30,8225.993144
20/05/2019 11:00,8152.973721
20/05/2019 11:30,8088.251647
20/05/2019 12:00,8068.742767
20/05/2019 12:30,8022.633966
20/05/2019 13:00,8060.818857
20/05/2019 13:30,8039.27062
20/05/2019 14:00,8052.938829
20/05/2019 14:30,8108.92275
20/05/2019 15:00,8249.301264
20/05/2019 15:30,8377.48664
20/05/2019 16:00,8560.504962
20/05/2019 16:30,8738.112499
20/05/2019 17:00,9015.949661
20/05/2019 17:30,9315.956215
20/05/2019 18:00,9677.32787
20/05/2019 18:30,9638.923952
20/05/2019 19:00,9504.196898
20/05/2019 19:30,9315.00663
20/05/2019 20:00,9143.668357
20/05/2019 20:30,9000.070859
20/05/2019 21:00,8846.438681
20/05/2019 21:30,8711.556274
20/05/2019 22:00,8537.084017
20/05/2019 22:30,8454.004198
20/05/2019 23:00,8254.664957
20/05/2019 23:30,8188.560818
21/05/2019 0:00,7692.570457
21/05/2019 0:30,7557.768224
21/05/2019 1:00,7354.170499
21/05/2019 1:30,7174.960771
21/05/2019 2:00,6994.323794
21/05/2019 2:30,6757.426368
21/05/2019 3:00,6615.249651
21/05/2019 3:30,6548.967075
21/05/2019 4:00,6489.556234
21/05/2019 4:30,6580.19064
21/05/2019 5:00,6722.182927
21/05/2019 5:30,7010.081974
21/05/2019 6:00,7371.356584
21/05/2019 6:30,7900.919269
21/05/2019 7:00,8416.375496
21/05/2019 7:30,8744.049018
21/05/2019 8:00,8942.944084
21/05/2019 8:30,8988.257905
21/05/2019 9:00,8823.47976
21/05/2019 9:30,8715.274061
21/05/2019 10:00,8630.851896
21/05/2019 10:30,8611.142628
21/05/2019 11:00,8484.014193
21/05/2019 11:30,8349.572392
21/05/2019 12:00,8254.506044
21/05/2019 12:30,8170.319948
21/05/2019 13:00,8145.875911
21/05/2019 13:30,8155.642007
21/05/2019 14:00,8188.953864
21/05/2019 14:30,8220.014368
21/05/2019 15:00,8288.750202
21/05/2019 15:30,8332.885782
21/05/2019 16:00,8462.281691
21/05/2019 16:30,8645.122019
21/05/2019 17:00,8902.471274
21/05/2019 17:30,9192.683852
21/05/2019 18:00,9536.449283
21/05/2019 18:30,9455.115754
21/05/2019 19:00,9342.992701
21/05/2019 19:30,9114.321421
21/05/2019 20:00,8924.625315
21/05/2019 20:30,8734.471295
21/05/2019 21:00,8583.572545
21/05/2019 21:30,8392.499356
21/05/2019 22:00,8211.430299
21/05/2019 22:30,8163.754109
21/05/2019 23:00,7963.386264
21/05/2019 23:30,7826.876248
22/05/2019 0:00,7791.911365
22/05/2019 0:30,7634.239363
22/05/2019 1:00,7499.143366
22/05/2019 1:30,7224.722137
22/05/2019 2:00,7053.540232
22/05/2019 2:30,6735.61247
22/05/2019 3:00,6561.809641
22/05/2019 3:30,6389.768866
22/05/2019 4:00,6359.281359
22/05/2019 4:30,6416.029856
22/05/2019 5:00,6554.622365
22/05/2019 5:30,6873.221723
22/05/2019 6:00,7188.309097
22/05/2019 6:30,7749.396343
22/05/2019 7:00,8285.399591
22/05/2019 7:30,8563.664677
22/05/2019 8:00,8665.755856
22/05/2019 8:30,8558.485622
22/05/2019 9:00,8366.802758
22/05/2019 9:30,8254.482395
22/05/2019 10:00,8099.14899
22/05/2019 10:30,8052.73333
22/05/2019 11:00,7965.011173
22/05/2019 11:30,7860.489191
22/05/2019 12:00,7786.230809
22/05/2019 12:30,7794.845969
22/05/2019 13:00,7780.62746
22/05/2019 13:30,7797.369084
22/05/2019 14:00,7860.472774
22/05/2019 14:30,7939.489195
22/05/2019 15:00,8055.348764
22/05/2019 15:30,8137.938315
22/05/2019 16:00,8293.354182
22/05/2019 16:30,8473.035192
22/05/2019 17:00,8717.603342
22/05/2019 17:30,9013.708284
22/05/2019 18:00,9330.756796
22/05/2019 18:30,9247.4857
22/05/2019 19:00,9160.156046
22/05/2019 19:30,8978.311797
22/05/2019 20:00,8793.217558
22/05/2019 20:30,8656.643145
22/05/2019 21:00,8478.542294
22/05/2019 21:30,8272.100668
22/05/2019 22:00,8122.882984
22/05/2019 22:30,8105.546419
22/05/2019 23:00,7919.714997
22/05/2019 23:30,7796.707997
23/05/2019 0:00,7665.345081
23/05/2019 0:30,7515.579223
23/05/2019 1:00,7368.097206
23/05/2019 1:30,7178.395698
23/05/2019 2:00,6983.924076
23/05/2019 2:30,6725.748885
23/05/2019 3:00,6536.701327
23/05/2019 3:30,6406.585165
23/05/2019 4:00,6363.360518
23/05/2019 4:30,6443.082774
23/05/2019 5:00,6575.856436
23/05/2019 5:30,6932.150623
23/05/2019 6:00,7262.498277
23/05/2019 6:30,7831.843813
23/05/2019 7:00,8338.850671
23/05/2019 7:30,8604.415714
23/05/2019 8:00,8749.356573
23/05/2019 8:30,8699.817858
23/05/2019 9:00,8504.546651
23/05/2019 9:30,8382.671749
23/05/2019 10:00,8307.532291
23/05/2019 10:30,8227.606069
23/05/2019 11:00,8160.068644
23/05/2019 11:30,8080.545117
23/05/2019 12:00,8044.614154
23/05/2019 12:30,8019.695173
23/05/2019 13:00,8029.521698
23/05/2019 13:30,8070.754092
23/05/2019 14:00,8113.824359
23/05/2019 14:30,8178.533652
23/05/2019 15:00,8259.758504
23/05/2019 15:30,8331.672172
23/05/2019 16:00,8498.2724
23/05/2019 16:30,8645.463513
23/05/2019 17:00,8834.600051
23/05/2019 17:30,9130.15177
23/05/2019 18:00,9434.431248
23/05/2019 18:30,9395.301728
23/05/2019 19:00,9205.647352
23/05/2019 19:30,9069.405009
23/05/2019 20:00,8841.579025
23/05/2019 20:30,8663.647715
23/05/2019 21:00,8498.269913
23/05/2019 21:30,8349.011983
23/05/2019 22:00,8174.956295
23/05/2019 22:30,8149.080661
23/05/2019 23:00,7975.660046
23/05/2019 23:30,7922.979001
24/05/2019 0:00,7796.24537
24/05/2019 0:30,7657.510172
24/05/2019 1:00,7489.32409
24/05/2019 1:30,7284.453333
24/05/2019 2:00,7066.9453
24/05/2019 2:30,6775.924826
24/05/2019 3:00,6593.889674
24/05/2019 3:30,6454.93954
24/05/2019 4:00,6415.221483
24/05/2019 4:30,6474.877039
24/05/2019 5:00,6589.849238
24/05/2019 5:30,6905.375377
24/05/2019 6:00,7218.089206
24/05/2019 6:30,7717.741409
24/05/2019 7:00,8219.012849
24/05/2019 7:30,8508.732007
24/05/2019 8:00,8635.291632
24/05/2019 8:30,8596.87991
24/05/2019 9:00,8447.952083
24/05/2019 9:30,8378.93849
24/05/2019 10:00,8234.635188
24/05/2019 10:30,8171.565241
24/05/2019 11:00,8107.04403
24/05/2019 11:30,8041.444678
24/05/2019 12:00,7981.940184
24/05/2019 12:30,7940.054654
24/05/2019 13:00,7985.13723
24/05/2019 13:30,7954.528797
24/05/2019 14:00,7991.772955
24/05/2019 14:30,8033.453086
24/05/2019 15:00,8106.164826
24/05/2019 15:30,8205.941657
24/05/2019 16:00,8284.751282
24/05/2019 16:30,8454.005086
24/05/2019 17:00,8676.502611
24/05/2019 17:30,8927.841149
24/05/2019 18:00,9278.13418
24/05/2019 18:30,9200.079957
24/05/2019 19:00,9121.981413
24/05/2019 19:30,8919.100715
24/05/2019 20:00,8722.24217
24/05/2019 20:30,8581.049449
24/05/2019 21:00,8425.657587
24/05/2019 21:30,8212.076857
24/05/2019 22:00,8010.468576
24/05/2019 22:30,7991.213496
24/05/2019 23:00,7802.407979
24/05/2019 23:30,7713.560837
25/05/2019 0:00,7459.468893
25/05/2019 0:30,7312.590364
25/05/2019 1:00,7098.392378
25/05/2019 1:30,6880.500207
25/05/2019 2:00,6661.313558
25/05/2019 2:30,6393.361141
25/05/2019 3:00,6177.066375
25/05/2019 3:30,6037.308244
25/05/2019 4:00,5940.823668
25/05/2019 4:30,6039.260227
25/05/2019 5:00,6123.194426
25/05/2019 5:30,6453.832083
25/05/2019 6:00,6740.3344
25/05/2019 6:30,7277.728115
25/05/2019 7:00,7775.193271
25/05/2019 7:30,8034.99897
25/05/2019 8:00,8169.269247
25/05/2019 8:30,8078.604452
25/05/2019 9:00,7902.628621
25/05/2019 9:30,7855.74836
25/05/2019 10:00,7731.40075
25/05/2019 10:30,7612.959475
25/05/2019 11:00,7507.643508
25/05/2019 11:30,7410.171305
25/05/2019 12:00,7363.582745
25/05/2019 12:30,7317.821839
25/05/2019 13:00,7330.345301
25/05/2019 13:30,7364.653653
25/05/2019 14:00,7418.43959
25/05/2019 14:30,7428.905447
25/05/2019 15:00,7458.221994
25/05/2019 15:30,7510.954787
25/05/2019 16:00,7639.429051
25/05/2019 16:30,7765.053809
25/05/2019 17:00,8006.318473
25/05/2019 17:30,8282.76017
25/05/2019 18:00,8511.562148
25/05/2019 18:30,8401.483762
25/05/2019 19:00,8237.586055
25/05/2019 19:30,8036.563086
25/05/2019 20:00,7920.964713
25/05/2019 20:30,7774.576619
25/05/2019 21:00,7650.552379
25/05/2019 21:30,7488.182105
25/05/2019 22:00,7353.713115
25/05/2019 22:30,7356.166634
25/05/2019 23:00,7220.858952
25/05/2019 23:30,7170.752639
26/05/2019 0:00,7225.023516
26/05/2019 0:30,7017.384676
26/05/2019 1:00,6851.466381
26/05/2019 1:30,6587.403363
26/05/2019 2:00,6408.306637
26/05/2019 2:30,6108.830786
26/05/2019 3:00,5920.758708
26/05/2019 3:30,5771.415877
26/05/2019 4:00,5709.585084
26/05/2019 4:30,5744.946103
26/05/2019 5:00,5838.720279
26/05/2019 5:30,6062.079863
26/05/2019 6:00,6262.551945
26/05/2019 6:30,6614.397919
26/05/2019 7:00,6951.176577
26/05/2019 7:30,7302.205448
26/05/2019 8:00,7518.291581
26/05/2019 8:30,7629.928125
26/05/2019 9:00,7611.74899
26/05/2019 9:30,7574.743877
26/05/2019 10:00,7436.041758
26/05/2019 10:30,7333.57872
26/05/2019 11:00,7132.935578
26/05/2019 11:30,7037.999959
26/05/2019 12:00,6956.339461
26/05/2019 12:30,6909.285245
26/05/2019 13:00,6861.550062
26/05/2019 13:30,6888.30601
26/05/2019 14:00,6955.517119
26/05/2019 14:30,7038.487404
26/05/2019 15:00,7159.535832
26/05/2019 15:30,7299.027632
26/05/2019 16:00,7453.052151
26/05/2019 16:30,7700.479235
26/05/2019 17:00,7969.103745
26/05/2019 17:30,8261.131633
26/05/2019 18:00,8559.619669
26/05/2019 18:30,8552.10345
26/05/2019 19:00,8424.916307
26/05/2019 19:30,8273.260723
26/05/2019 20:00,8161.366377
26/05/2019 20:30,8043.385715
26/05/2019 21:00,7926.891675
26/05/2019 21:30,7841.105811
26/05/2019 22:00,7744.277304
26/05/2019 22:30,7725.756822
26/05/2019 23:00,7611.450476
26/05/2019 23:30,7560.932176
27/05/2019 0:00,7703.66859
27/05/2019 0:30,7601.272037
27/05/2019 1:00,7435.761028
27/05/2019 1:30,7237.4773
27/05/2019 2:00,7029.513792
27/05/2019 2:30,6799.425249
27/05/2019 3:00,6663.313055
27/05/2019 3:30,6539.369992
27/05/2019 4:00,6489.439776
27/05/2019 4:30,6521.202829
27/05/2019 5:00,6601.121537
27/05/2019 5:30,6797.498002
27/05/2019 6:00,7008.975285
27/05/2019 6:30,7276.51574
27/05/2019 7:00,7564.677272
27/05/2019 7:30,7821.84385
27/05/2019 8:00,8088.591661
27/05/2019 8:30,8352.959954
27/05/2019 9:00,8461.65551
27/05/2019 9:30,8537.000028
27/05/2019 10:00,8422.302482
27/05/2019 10:30,8266.615276
27/05/2019 11:00,8125.76432
27/05/2019 11:30,8059.197529
27/05/2019 12:00,7910.06994
27/05/2019 12:30,7821.15047
27/05/2019 13:00,7813.101308
27/05/2019 13:30,7797.610449
27/05/2019 14:00,7843.827772
27/05/2019 14:30,7914.326916
27/05/2019 15:00,8002.319339
27/05/2019 15:30,8141.734214
27/05/2019 16:00,8349.929534
27/05/2019 16:30,8636.576341
27/05/2019 17:00,8928.71081
27/05/2019 17:30,9264.51171
27/05/2019 18:00,9667.99058
27/05/2019 18:30,9695.237266
27/05/2019 19:00,9587.234768
27/05/2019 19:30,9424.719404
27/05/2019 20:00,9243.89781
27/05/2019 20:30,9117.914922
27/05/2019 21:00,8982.974349
27/05/2019 21:30,8800.519129
27/05/2019 22:00,8635.762465
27/05/2019 22:30,8588.333588
27/05/2019 23:00,8356.183964
27/05/2019 23:30,8239.267486
28/05/2019 0:00,7745.681232
28/05/2019 0:30,7564.109429
28/05/2019 1:00,7384.412707
28/05/2019 1:30,7171.929469
28/05/2019 2:00,7017.85086
28/05/2019 2:30,6750.913895
28/05/2019 3:00,6622.975974
28/05/2019 3:30,6544.037307
28/05/2019 4:00,6506.986546
28/05/2019 4:30,6604.600784
28/05/2019 5:00,6713.65629
28/05/2019 5:30,7046.379395
28/05/2019 6:00,7404.213532
28/05/2019 6:30,8031.557229
28/05/2019 7:00,8585.850426
28/05/2019 7:30,8926.951421
28/05/2019 8:00,9091.587728
28/05/2019 8:30,9101.050757
28/05/2019 9:00,8939.731062
28/05/2019 9:30,8873.235338
28/05/2019 10:00,8734.455779
28/05/2019 10:30,8680.823552
28/05/2019 11:00,8543.084904
28/05/2019 11:30,8452.463713
28/05/2019 12:00,8450.086127
28/05/2019 12:30,8530.605484
28/05/2019 13:00,8649.094528
28/05/2019 13:30,8670.378645
28/05/2019 14:00,8676.931383
28/05/2019 14:30,8732.194206
28/05/2019 15:00,8723.35737
28/05/2019 15:30,8771.477063
28/05/2019 16:00,8966.697955
28/05/2019 16:30,9251.966219
28/05/2019 17:00,9623.411105
28/05/2019 17:30,10108.00421
28/05/2019 18:00,10552.75638
28/05/2019 18:30,10576.73674
28/05/2019 19:00,10414.56864
28/05/2019 19:30,10186.65942
28/05/2019 20:00,9905.398444
28/05/2019 20:30,9664.197204
28/05/2019 21:00,9451.197691
28/05/2019 21:30,9205.414819
28/05/2019 22:00,8871.755556
28/05/2019 22:30,8746.932858
28/05/2019 23:00,8422.261563
28/05/2019 23:30,8267.607583
29/05/2019 0:00,8195.548281
29/05/2019 0:30,7964.451946
29/05/2019 1:00,7803.633781
29/05/2019 1:30,7566.783645
29/05/2019 2:00,7392.063208
29/05/2019 2:30,7055.900262
29/05/2019 3:00,6875.581745
29/05/2019 3:30,6702.817312
29/05/2019 4:00,6665.84398
29/05/2019 4:30,6735.294797
29/05/2019 5:00,6865.503436
29/05/2019 5:30,7269.938086
29/05/2019 6:00,7669.834751
29/05/2019 6:30,8371.072657
29/05/2019 7:00,8973.338329
29/05/2019 7:30,9359.776913
29/05/2019 8:00,9536.212422
29/05/2019 8:30,9461.949658
29/05/2019 9:00,9140.574176
29/05/2019 9:30,8984.916204
29/05/2019 10:00,8781.221021
29/05/2019 10:30,8634.526552
29/05/2019 11:00,8510.077366
29/05/2019 11:30,8409.679128
29/05/2019 12:00,8289.125979
29/05/2019 12:30,8247.152245
29/05/2019 13:00,8211.487617
29/05/2019 13:30,8215.43382
29/05/2019 14:00,8266.331881
29/05/2019 14:30,8336.905462
29/05/2019 15:00,8429.640072
29/05/2019 15:30,8551.743894
29/05/2019 16:00,8774.535249
29/05/2019 16:30,9072.447261
29/05/2019 17:00,9481.445237
29/05/2019 17:30,9954.84665
29/05/2019 18:00,10456.11856
29/05/2019 18:30,10474.3432
29/05/2019 19:00,10412.47079
29/05/2019 19:30,10210.6773
29/05/2019 20:00,9968.402718
29/05/2019 20:30,9783.09423
29/05/2019 21:00,9535.650002
29/05/2019 21:30,9260.344016
29/05/2019 22:00,8922.902195
29/05/2019 22:30,8799.757292
29/05/2019 23:00,8479.453603
29/05/2019 23:30,8363.657206
30/05/2019 0:00,8171.478294
30/05/2019 0:30,8019.662221
30/05/2019 1:00,7828.573039
30/05/2019 1:30,7596.736224
30/05/2019 2:00,7409.304354
30/05/2019 2:30,7102.174002
30/05/2019 3:00,6891.64585
30/05/2019 3:30,6723.816333
30/05/2019 4:00,6636.455851
30/05/2019 4:30,6704.896186
30/05/2019 5:00,6826.596163
30/05/2019 5:30,7132.760752
30/05/2019 6:00,7515.550147
30/05/2019 6:30,8175.296515
30/05/2019 7:00,8789.399559
30/05/2019 7:30,9153.194759
30/05/2019 8:00,9317.554273
30/05/2019 8:30,9267.474652
30/05/2019 9:00,9071.088041
30/05/2019 9:30,8937.521661
30/05/2019 10:00,8832.7029
30/05/2019 10:30,8744.811633
30/05/2019 11:00,8622.964519
30/05/2019 11:30,8484.734063
30/05/2019 12:00,8377.699279
30/05/2019 12:30,8327.573445
30/05/2019 13:00,8309.646061
30/05/2019 13:30,8306.536432
30/05/2019 14:00,8300.300274
30/05/2019 14:30,8310.462277
30/05/2019 15:00,8401.674484
30/05/2019 15:30,8528.926936
30/05/2019 16:00,8790.697662
30/05/2019 16:30,9050.695655
30/05/2019 17:00,9396.300093
30/05/2019 17:30,9825.291356
30/05/2019 18:00,10234.28009
30/05/2019 18:30,10227.7932
30/05/2019 19:00,10178.60572
30/05/2019 19:30,9994.481107
30/05/2019 20:00,9790.608469
30/05/2019 20:30,9665.578796
30/05/2019 21:00,9475.6188
30/05/2019 21:30,9248.503758
30/05/2019 22:00,8951.884914
30/05/2019 22:30,8814.317103
30/05/2019 23:00,8609.19367
30/05/2019 23:30,8448.416461
31/05/2019 0:00,8270.91059
31/05/2019 0:30,8085.031236
31/05/2019 1:00,7891.579529
31/05/2019 1:30,7695.313806
31/05/2019 2:00,7464.301271
31/05/2019 2:30,7200.725568
31/05/2019 3:00,6999.035704
31/05/2019 3:30,6878.915253
31/05/2019 4:00,6811.145256
31/05/2019 4:30,6876.558277
31/05/2019 5:00,7002.483186
31/05/2019 5:30,7382.916792
31/05/2019 6:00,7787.661283
31/05/2019 6:30,8434.684079
31/05/2019 7:00,9179.083626
31/05/2019 7:30,9620.790125
31/05/2019 8:00,9829.073936
31/05/2019 8:30,9700.33129
31/05/2019 9:00,9440.284991
31/05/2019 9:30,9292.402917
31/05/2019 10:00,9079.265282
31/05/2019 10:30,8930.504681
31/05/2019 11:00,8752.248428
31/05/2019 11:30,8589.700224
31/05/2019 12:00,8458.76593
31/05/2019 12:30,8387.035075
31/05/2019 13:00,8342.505357
31/05/2019 13:30,8321.038896
31/05/2019 14:00,8308.42596
31/05/2019 14:30,8321.497409
31/05/2019 15:00,8407.872318
31/05/2019 15:30,8517.617212
31/05/2019 16:00,8773.863785
31/05/2019 16:30,9096.142701
31/05/2019 17:00,9568.995694
31/05/2019 17:30,10093.16387
31/05/2019 18:00,10624.57404
31/05/2019 18:30,10657.42361
31/05/2019 19:00,10648.60156
31/05/2019 19:30,10527.278
31/05/2019 20:00,10322.0069
31/05/2019 20:30,10220.51718
31/05/2019 21:00,9982.573981
31/05/2019 21:30,9661.21118
31/05/2019 22:00,9320.527131
31/05/2019 22:30,9135.339201
31/05/2019 23:00,8787.161611
31/05/2019 23:30,8576.499698
1/06/2019 0:00,8268.596314
1/06/2019 0:30,8060.507924
1/06/2019 1:00,7890.435541
1/06/2019 1:30,7631.071829
1/06/2019 2:00,7397.996384
1/06/2019 2:30,7077.352081
1/06/2019 3:00,6846.421555
1/06/2019 3:30,6659.841934
1/06/2019 4:00,6564.593342
1/06/2019 4:30,6624.766927
1/06/2019 5:00,6779.842921
1/06/2019 5:30,7132.264722
1/06/2019 6:00,7554.735377
1/06/2019 6:30,8241.150025
1/06/2019 7:00,8896.550403
1/06/2019 7:30,9343.113185
1/06/2019 8:00,9585.323932
1/06/2019 8:30,9498.081761
1/06/2019 9:00,9243.458876
1/06/2019 9:30,9029.287551
1/06/2019 10:00,8801.04631
1/06/2019 10:30,8636.141813
1/06/2019 11:00,8420.840363
1/06/2019 11:30,8187.692981
1/06/2019 12:00,8019.741694
1/06/2019 12:30,7889.204732
1/06/2019 13:00,7808.857163
1/06/2019 13:30,7763.820811
1/06/2019 14:00,7750.382685
1/06/2019 14:30,7779.303511
1/06/2019 15:00,7859.505529
1/06/2019 15:30,7916.719065
1/06/2019 16:00,8119.929452
1/06/2019 16:30,8399.340937
1/06/2019 17:00,8811.602135
1/06/2019 17:30,9234.563876
1/06/2019 18:00,9631.025595
1/06/2019 18:30,9637.713208
1/06/2019 19:00,9528.412236
1/06/2019 19:30,9425.610257
1/06/2019 20:00,9211.503602
1/06/2019 20:30,9079.157684
1/06/2019 21:00,8882.585343
1/06/2019 21:30,8731.79197
1/06/2019 22:00,8470.160113
1/06/2019 22:30,8382.253824
1/06/2019 23:00,8095.429322
1/06/2019 23:30,7959.295214
2/06/2019 0:00,7947.358807
2/06/2019 0:30,7718.288966
2/06/2019 1:00,7479.960763
2/06/2019 1:30,7225.905903
2/06/2019 2:00,6998.069405
2/06/2019 2:30,6710.788034
2/06/2019 3:00,6480.654917
2/06/2019 3:30,6351.067372
2/06/2019 4:00,6229.459977
2/06/2019 4:30,6272.471285
2/06/2019 5:00,6330.336857
2/06/2019 5:30,6543.076546
2/06/2019 6:00,6800.389209
2/06/2019 6:30,7151.198534
2/06/2019 7:00,7545.757823
2/06/2019 7:30,7986.424982
2/06/2019 8:00,8306.298686
2/06/2019 8:30,8471.431273
2/06/2019 9:00,8477.372123
2/06/2019 9:30,8453.272532
2/06/2019 10:00,8301.313022
2/06/2019 10:30,8120.682584
2/06/2019 11:00,7965.296475
2/06/2019 11:30,7887.50774
2/06/2019 12:00,7796.499777
2/06/2019 12:30,7768.850214
2/06/2019 13:00,7734.702793
2/06/2019 13:30,7765.005402
2/06/2019 14:00,7751.570607
2/06/2019 14:30,7767.254749
2/06/2019 15:00,7820.583482
2/06/2019 15:30,8005.068627
2/06/2019 16:00,8193.551659
2/06/2019 16:30,8496.929727
2/06/2019 17:00,8868.664979
2/06/2019 17:30,9238.411407
2/06/2019 18:00,9541.006998
2/06/2019 18:30,9536.615257
2/06/2019 19:00,9421.899131
2/06/2019 19:30,9279.119676
2/06/2019 20:00,9091.067794
2/06/2019 20:30,8987.753366
2/06/2019 21:00,8845.926899
2/06/2019 21:30,8693.24338
2/06/2019 22:00,8571.130469
2/06/2019 22:30,8532.90489
2/06/2019 23:00,8397.868523
2/06/2019 23:30,8276.281964
3/06/2019 0:00,8420.387354
3/06/2019 0:30,8169.717263
3/06/2019 1:00,7974.443923
3/06/2019 1:30,7740.247554
3/06/2019 2:00,7569.859858
3/06/2019 2:30,7327.074646
3/06/2019 3:00,7164.277812
3/06/2019 3:30,7056.534364
3/06/2019 4:00,6999.697986
3/06/2019 4:30,7067.604002
3/06/2019 5:00,7128.816209
3/06/2019 5:30,7331.319322
3/06/2019 6:00,7536.541405
3/06/2019 6:30,7864.988471
3/06/2019 7:00,8180.356416
3/06/2019 7:30,8514.017152
3/06/2019 8:00,8833.852972
3/06/2019 8:30,9054.289455
3/06/2019 9:00,9110.791076
3/06/2019 9:30,9098.947369
3/06/2019 10:00,9044.685867
3/06/2019 10:30,8969.529399
3/06/2019 11:00,8851.20214
3/06/2019 11:30,8751.096076
3/06/2019 12:00,8628.985914
3/06/2019 12:30,8562.589574
3/06/2019 13:00,8566.673071
3/06/2019 13:30,8594.65173
3/06/2019 14:00,8678.394163
3/06/2019 14:30,8721.383981
3/06/2019 15:00,8828.801025
3/06/2019 15:30,8918.167772
3/06/2019 16:00,9145.252351
3/06/2019 16:30,9349.722616
3/06/2019 17:00,9718.533623
3/06/2019 17:30,10092.81248
3/06/2019 18:00,10458.16925
3/06/2019 18:30,10469.07725
3/06/2019 19:00,10326.22719
3/06/2019 19:30,10153.09861
3/06/2019 20:00,9943.010284
3/06/2019 20:30,9807.045613
3/06/2019 21:00,9663.02226
3/06/2019 21:30,9425.699104
3/06/2019 22:00,9196.246104
3/06/2019 22:30,9028.679774
3/06/2019 23:00,8786.339028
3/06/2019 23:30,8663.425211
4/06/2019 0:00,8139.817388
4/06/2019 0:30,7880.146525
4/06/2019 1:00,7695.00209
4/06/2019 1:30,7489.459175
4/06/2019 2:00,7294.665324
4/06/2019 2:30,7083.629681
4/06/2019 3:00,6902.771333
4/06/2019 3:30,6797.018976
4/06/2019 4:00,6736.505568
4/06/2019 4:30,6825.449411
4/06/2019 5:00,6935.167128
4/06/2019 5:30,7296.957492
4/06/2019 6:00,7708.928359
4/06/2019 6:30,8296.088471
4/06/2019 7:00,8917.11578
4/06/2019 7:30,9323.833142
4/06/2019 8:00,9595.704767
4/06/2019 8:30,9621.485546
4/06/2019 9:00,9399.87254
4/06/2019 9:30,9295.569065
4/06/2019 10:00,9132.437766
4/06/2019 10:30,9031.787078
4/06/2019 11:00,8909.277972
4/06/2019 11:30,8833.5029
4/06/2019 12:00,8798.094692
4/06/2019 12:30,8807.452316
4/06/2019 13:00,8817.481947
4/06/2019 13:30,8779.88194
4/06/2019 14:00,8753.19177
4/06/2019 14:30,8791.3587
4/06/2019 15:00,8789.382158
4/06/2019 15:30,8881.383604
4/06/2019 16:00,9113.885546
4/06/2019 16:30,9402.240662
4/06/2019 17:00,9871.262328
4/06/2019 17:30,10384.10613
4/06/2019 18:00,10800.05718
4/06/2019 18:30,10795.91817
4/06/2019 19:00,10739.91296
4/06/2019 19:30,10511.97494
4/06/2019 20:00,10254.09382
4/06/2019 20:30,10092.02753
4/06/2019 21:00,9850.442547
4/06/2019 21:30,9614.61272
4/06/2019 22:00,9303.62053
4/06/2019 22:30,9136.151165
4/06/2019 23:00,8811.01253
4/06/2019 23:30,8672.398387
5/06/2019 0:00,8534.939383
5/06/2019 0:30,8312.272937
5/06/2019 1:00,8134.613811
5/06/2019 1:30,7917.685656
5/06/2019 2:00,7671.057973
5/06/2019 2:30,7387.863539
5/06/2019 3:00,7166.409908
5/06/2019 3:30,7018.402891
5/06/2019 4:00,6947.011103
5/06/2019 4:30,6991.275868
5/06/2019 5:00,7101.769595
5/06/2019 5:30,7479.987753
5/06/2019 6:00,7901.7906
5/06/2019 6:30,8623.649572
5/06/2019 7:00,9314.517268
5/06/2019 7:30,9799.103782
5/06/2019 8:00,10101.46218
5/06/2019 8:30,10146.53157
5/06/2019 9:00,10077.31472
5/06/2019 9:30,10026.01623
5/06/2019 10:00,9958.838586
5/06/2019 10:30,9884.052057
5/06/2019 11:00,9803.066973
5/06/2019 11:30,9703.733393
5/06/2019 12:00,9592.977607
5/06/2019 12:30,9572.570844
5/06/2019 13:00,9513.117139
5/06/2019 13:30,9518.580951
5/06/2019 14:00,9432.265157
5/06/2019 14:30,9426.831364
5/06/2019 15:00,9478.917853
5/06/2019 15:30,9622.395531
5/06/2019 16:00,9837.802586
5/06/2019 16:30,10084.21994
5/06/2019 17:00,10516.124
5/06/2019 17:30,10996.24659
5/06/2019 18:00,11445.08633
5/06/2019 18:30,11446.24943
5/06/2019 19:00,11396.69774
5/06/2019 19:30,11118.92582
5/06/2019 20:00,10899.06667
5/06/2019 20:30,10652.55394
5/06/2019 21:00,10357.6286
5/06/2019 21:30,10026.85845
5/06/2019 22:00,9700.757563
5/06/2019 22:30,9492.069909
5/06/2019 23:00,9149.103309
5/06/2019 23:30,8946.909691
6/06/2019 0:00,8712.607898
6/06/2019 0:30,8499.901304
6/06/2019 1:00,8257.021326
6/06/2019 1:30,8006.895712
6/06/2019 2:00,7795.215546
6/06/2019 2:30,7467.162369
6/06/2019 3:00,7237.502469
6/06/2019 3:30,7072.311296
6/06/2019 4:00,6982.440291
6/06/2019 4:30,7077.35519
6/06/2019 5:00,7183.934368
6/06/2019 5:30,7566.554237
6/06/2019 6:00,7984.286422
6/06/2019 6:30,8667.785083
6/06/2019 7:00,9385.998245
6/06/2019 7:30,9860.132958
6/06/2019 8:00,10191.10474
6/06/2019 8:30,10229.27493
6/06/2019 9:00,10045.27303
6/06/2019 9:30,9976.707941
6/06/2019 10:00,9940.502372
6/06/2019 10:30,9877.655503
6/06/2019 11:00,9785.273619
6/06/2019 11:30,9562.044827
6/06/2019 12:00,9320.410135
6/06/2019 12:30,9142.174304
6/06/2019 13:00,9006.979771
6/06/2019 13:30,8998.921707
6/06/2019 14:00,9008.32647
6/06/2019 14:30,9038.511781
6/06/2019 15:00,9084.235727
6/06/2019 15:30,9155.58161
6/06/2019 16:00,9385.877791
6/06/2019 16:30,9676.823832
6/06/2019 17:00,10149.70592
6/06/2019 17:30,10727.98213
6/06/2019 18:00,11168.89742
6/06/2019 18:30,11164.07246
6/06/2019 19:00,11036.48749
6/06/2019 19:30,10799.42155
6/06/2019 20:00,10594.0326
6/06/2019 20:30,10424.73443
6/06/2019 21:00,10168.81816
6/06/2019 21:30,9903.751354
6/06/2019 22:00,9643.057324
6/06/2019 22:30,9481.179895
6/06/2019 23:00,9160.440399
6/06/2019 23:30,8935.167778
7/06/2019 0:00,8736.26809
7/06/2019 0:30,8545.680372
7/06/2019 1:00,8316.834576
7/06/2019 1:30,8093.091193
7/06/2019 2:00,7886.706233
7/06/2019 2:30,7615.559611
7/06/2019 3:00,7417.577625
7/06/2019 3:30,7278.425477
7/06/2019 4:00,7198.666634
7/06/2019 4:30,7211.790748
7/06/2019 5:00,7369.843941
7/06/2019 5:30,7749.685425
7/06/2019 6:00,8178.049169
7/06/2019 6:30,8885.465355
7/06/2019 7:00,9606.299833
7/06/2019 7:30,10144.50061
7/06/2019 8:00,10343.60381
7/06/2019 8:30,10217.8998
7/06/2019 9:00,9930.290408
7/06/2019 9:30,9715.857443
7/06/2019 10:00,9451.229727
7/06/2019 10:30,9257.966697
7/06/2019 11:00,9030.76133
7/06/2019 11:30,8824.754025
7/06/2019 12:00,8624.870871
7/06/2019 12:30,8524.456894
7/06/2019 13:00,8450.782101
7/06/2019 13:30,8436.133492
7/06/2019 14:00,8417.044103
7/06/2019 14:30,8426.760181
7/06/2019 15:00,8469.534285
7/06/2019 15:30,8613.200362
7/06/2019 16:00,8820.763548
7/06/2019 16:30,9125.02864
7/06/2019 17:00,9571.866875
7/06/2019 17:30,10139.32817
7/06/2019 18:00,10666.48874
7/06/2019 18:30,10730.62515
7/06/2019 19:00,10703.4901
7/06/2019 19:30,10492.62812
7/06/2019 20:00,10310.40841
7/06/2019 20:30,10103.78099
7/06/2019 21:00,9879.642474
7/06/2019 21:30,9582.413879
7/06/2019 22:00,9279.833783
7/06/2019 22:30,9116.869899
7/06/2019 23:00,8785.178168
7/06/2019 23:30,8598.635541
8/06/2019 0:00,8285.593223
8/06/2019 0:30,8112.944697
8/06/2019 1:00,7887.81727
8/06/2019 1:30,7639.579239
8/06/2019 2:00,7404.791344
8/06/2019 2:30,7097.396897
8/06/2019 3:00,6862.29226
8/06/2019 3:30,6693.976646
8/06/2019 4:00,6594.724322
8/06/2019 4:30,6637.172505
8/06/2019 5:00,6754.914703
8/06/2019 5:30,7099.494941
8/06/2019 6:00,7479.4294
8/06/2019 6:30,8114.074321
8/06/2019 7:00,8742.330691
8/06/2019 7:30,9190.886352
8/06/2019 8:00,9440.997953
8/06/2019 8:30,9408.482781
8/06/2019 9:00,9279.446015
8/06/2019 9:30,9122.468694
8/06/2019 10:00,8959.488844
8/06/2019 10:30,8802.9862
8/06/2019 11:00,8625.15205
8/06/2019 11:30,8461.997125
8/06/2019 12:00,8355.710526
8/06/2019 12:30,8240.642058
8/06/2019 13:00,8203.957431
8/06/2019 13:30,8144.058578
8/06/2019 14:00,8114.86754
8/06/2019 14:30,8064.75022
8/06/2019 15:00,8106.827322
8/06/2019 15:30,8171.806744
8/06/2019 16:00,8340.012666
8/06/2019 16:30,8623.659851
8/06/2019 17:00,8986.971389
8/06/2019 17:30,9360.327679
8/06/2019 18:00,9653.719187
8/06/2019 18:30,9556.774455
8/06/2019 19:00,9446.614211
8/06/2019 19:30,9233.273164
8/06/2019 20:00,9036.469575
8/06/2019 20:30,8873.659395
8/06/2019 21:00,8646.242058
8/06/2019 21:30,8471.639513
8/06/2019 22:00,8228.940801
8/06/2019 22:30,8222.1591
8/06/2019 23:00,7977.850694
8/06/2019 23:30,7841.470604
9/06/2019 0:00,7869.268395
9/06/2019 0:30,7685.163698
9/06/2019 1:00,7486.848612
9/06/2019 1:30,7185.097756
9/06/2019 2:00,6969.001133
9/06/2019 2:30,6643.270166
9/06/2019 3:00,6401.819044
9/06/2019 3:30,6274.15354
9/06/2019 4:00,6175.359691
9/06/2019 4:30,6188.785328
9/06/2019 5:00,6225.091615
9/06/2019 5:30,6392.900701
9/06/2019 6:00,6600.222545
9/06/2019 6:30,7011.454454
9/06/2019 7:00,7349.758822
9/06/2019 7:30,7762.990779
9/06/2019 8:00,8132.57804
9/06/2019 8:30,8456.492567
9/06/2019 9:00,8644.425692
9/06/2019 9:30,8795.691598
9/06/2019 10:00,8814.405795
9/06/2019 10:30,8789.614736
9/06/2019 11:00,8692.874093
9/06/2019 11:30,8661.529642
9/06/2019 12:00,8635.007658
9/06/2019 12:30,8643.127877
9/06/2019 13:00,8621.678482
9/06/2019 13:30,8585.977646
9/06/2019 14:00,8561.640597
9/06/2019 14:30,8536.707762
9/06/2019 15:00,8494.411901
9/06/2019 15:30,8641.84022
9/06/2019 16:00,8817.060168
9/06/2019 16:30,9025.846518
9/06/2019 17:00,9332.546392
9/06/2019 17:30,9586.977733
9/06/2019 18:00,9844.280575
9/06/2019 18:30,9809.584934
9/06/2019 19:00,9698.807023
9/06/2019 19:30,9494.714825
9/06/2019 20:00,9344.562198
9/06/2019 20:30,9167.672055
9/06/2019 21:00,9015.220167
9/06/2019 21:30,8855.108103
9/06/2019 22:00,8716.739221
9/06/2019 22:30,8627.472835
9/06/2019 23:00,8451.824592
9/06/2019 23:30,8309.914656
10/06/2019 0:00,7803.696916
10/06/2019 0:30,7548.538191
10/06/2019 1:00,7378.234637
10/06/2019 1:30,7091.271836
10/06/2019 2:00,6881.792553
10/06/2019 2:30,6649.836944
10/06/2019 3:00,6469.223283
10/06/2019 3:30,6371.214042
10/06/2019 4:00,6323.28727
10/06/2019 4:30,6351.964616
10/06/2019 5:00,6435.35439
10/06/2019 5:30,6624.914531
10/06/2019 6:00,6811.417081
10/06/2019 6:30,7153.256986
10/06/2019 7:00,7488.668107
10/06/2019 7:30,7830.299574
10/06/2019 8:00,8157.276439
10/06/2019 8:30,8352.178675
10/06/2019 9:00,8417.043083
10/06/2019 9:30,8403.682946
10/06/2019 10:00,8289.245237
10/06/2019 10:30,8183.192465
10/06/2019 11:00,7971.116801
10/06/2019 11:30,7851.514881
10/06/2019 12:00,7700.119089
10/06/2019 12:30,7592.384317
10/06/2019 13:00,7575.881158
10/06/2019 13:30,7574.091574
10/06/2019 14:00,7582.454147
10/06/2019 14:30,7635.013591
10/06/2019 15:00,7740.144503
10/06/2019 15:30,7889.38046
10/06/2019 16:00,8141.05542
10/06/2019 16:30,8369.126616
10/06/2019 17:00,8682.67882
10/06/2019 17:30,9016.330714
10/06/2019 18:00,9356.479074
10/06/2019 18:30,9389.053008
10/06/2019 19:00,9304.527793
10/06/2019 19:30,9140.447775
10/06/2019 20:00,8990.283628
10/06/2019 20:30,8888.838363
10/06/2019 21:00,8730.435931
10/06/2019 21:30,8581.579983
10/06/2019 22:00,8426.359551
10/06/2019 22:30,8315.355642
10/06/2019 23:00,8111.778175
10/06/2019 23:30,8024.627187
11/06/2019 0:00,8151.603673
11/06/2019 0:30,7927.935958
11/06/2019 1:00,7679.018885
11/06/2019 1:30,7458.930386
11/06/2019 2:00,7244.809552
11/06/2019 2:30,6990.357878
11/06/2019 3:00,6800.497609
11/06/2019 3:30,6679.346363
11/06/2019 4:00,6588.199207
11/06/2019 4:30,6616.413087
11/06/2019 5:00,6644.823616
11/06/2019 5:30,6831.488665
11/06/2019 6:00,7055.401069
11/06/2019 6:30,7352.23985
11/06/2019 7:00,7661.640851
11/06/2019 7:30,7866.188183
11/06/2019 8:00,8074.115715
11/06/2019 8:30,8212.17148
11/06/2019 9:00,8268.215187
11/06/2019 9:30,8300.806209
11/06/2019 10:00,8231.129481
11/06/2019 10:30,8268.417987
11/06/2019 11:00,8129.663256
11/06/2019 11:30,8026.035399
11/06/2019 12:00,7914.525689
11/06/2019 12:30,7916.788336
11/06/2019 13:00,7908.483658
11/06/2019 13:30,7860.518909
11/06/2019 14:00,7826.332071
11/06/2019 14:30,7814.977773
11/06/2019 15:00,7831.183872
11/06/2019 15:30,7968.339635
11/06/2019 16:00,8134.604681
11/06/2019 16:30,8326.690761
11/06/2019 17:00,8700.077523
11/06/2019 17:30,9126.123524
11/06/2019 18:00,9482.952582
11/06/2019 18:30,9438.899566
11/06/2019 19:00,9333.572164
11/06/2019 19:30,9155.992065
11/06/2019 20:00,8974.833247
11/06/2019 20:30,8808.118553
11/06/2019 21:00,8644.016464
11/06/2019 21:30,8444.896635
11/06/2019 22:00,8302.921789
11/06/2019 22:30,8221.427997
11/06/2019 23:00,8057.496145
11/06/2019 23:30,7952.334595
12/06/2019 0:00,7915.617525
12/06/2019 0:30,7782.556797
12/06/2019 1:00,7612.340299
12/06/2019 1:30,7383.810271
12/06/2019 2:00,7190.807473
12/06/2019 2:30,6918.355218
12/06/2019 3:00,6754.929309
12/06/2019 3:30,6636.384239
12/06/2019 4:00,6583.074203
12/06/2019 4:30,6620.507132
12/06/2019 5:00,6736.0798
12/06/2019 5:30,7080.208156
12/06/2019 6:00,7506.152406
12/06/2019 6:30,8156.129567
12/06/2019 7:00,8769.699402
12/06/2019 7:30,9182.381998
12/06/2019 8:00,9360.270799
12/06/2019 8:30,9279.438765
12/06/2019 9:00,9051.183433
12/06/2019 9:30,8907.446724
12/06/2019 10:00,8752.196921
12/06/2019 10:30,8606.39146
12/06/2019 11:00,8466.127671
12/06/2019 11:30,8296.319118
12/06/2019 12:00,8163.25627
12/06/2019 12:30,8072.143436
12/06/2019 13:00,8084.925292
12/06/2019 13:30,8054.560797
12/06/2019 14:00,8093.129295
12/06/2019 14:30,8113.253657
12/06/2019 15:00,8174.419508
12/06/2019 15:30,8290.086495
12/06/2019 16:00,8533.314047
12/06/2019 16:30,8720.602836
12/06/2019 17:00,9070.621012
12/06/2019 17:30,9479.582013
12/06/2019 18:00,9931.002313
12/06/2019 18:30,9908.318235
12/06/2019 19:00,9828.77618
12/06/2019 19:30,9676.290466
12/06/2019 20:00,9483.321882
12/06/2019 20:30,9321.060059
12/06/2019 21:00,9147.333314
12/06/2019 21:30,8966.679019
12/06/2019 22:00,8722.46859
12/06/2019 22:30,8636.165363
12/06/2019 23:00,8388.555825
12/06/2019 23:30,8294.61406
13/06/2019 0:00,8139.503248
13/06/2019 0:30,7963.301414
13/06/2019 1:00,7768.405343
13/06/2019 1:30,7553.123832
13/06/2019 2:00,7331.866716
13/06/2019 2:30,7056.374668
13/06/2019 3:00,6832.243034
13/06/2019 3:30,6680.318818
13/06/2019 4:00,6610.15738
13/06/2019 4:30,6664.813532
13/06/2019 5:00,6796.850499
13/06/2019 5:30,7124.558024
13/06/2019 6:00,7574.523241
13/06/2019 6:30,8226.450521
13/06/2019 7:00,8877.197402
13/06/2019 7:30,9246.41181
13/06/2019 8:00,9425.789767
13/06/2019 8:30,9425.203298
13/06/2019 9:00,9211.22551
13/06/2019 9:30,9081.443523
13/06/2019 10:00,8962.848256
13/06/2019 10:30,8776.654934
13/06/2019 11:00,8692.336504
13/06/2019 11:30,8500.421792
13/06/2019 12:00,8407.231716
13/06/2019 12:30,8362.500122
13/06/2019 13:00,8320.777871
13/06/2019 13:30,8379.026662
13/06/2019 14:00,8327.847173
13/06/2019 14:30,8292.27909
13/06/2019 15:00,8380.213966
13/06/2019 15:30,8433.458273
13/06/2019 16:00,8584.771212
13/06/2019 16:30,8830.997879
13/06/2019 17:00,9123.356108
13/06/2019 17:30,9548.115489
13/06/2019 18:00,9901.308507
13/06/2019 18:30,9843.519759
13/06/2019 19:00,9733.16092
13/06/2019 19:30,9542.999144
13/06/2019 20:00,9373.131335
13/06/2019 20:30,9206.524818
13/06/2019 21:00,8991.559362
13/06/2019 21:30,8769.999491
13/06/2019 22:00,8519.547851
13/06/2019 22:30,8491.226777
13/06/2019 23:00,8247.894462
13/06/2019 23:30,8167.894079
14/06/2019 0:00,8030.49032
14/06/2019 0:30,7863.521135
14/06/2019 1:00,7662.266826
14/06/2019 1:30,7458.271633
14/06/2019 2:00,7247.429456
14/06/2019 2:30,6953.454841
14/06/2019 3:00,6698.892282
14/06/2019 3:30,6554.033583
14/06/2019 4:00,6488.840306
14/06/2019 4:30,6523.351294
14/06/2019 5:00,6652.361476
14/06/2019 5:30,6980.474704
14/06/2019 6:00,7350.039956
14/06/2019 6:30,7970.639181
14/06/2019 7:00,8545.643402
14/06/2019 7:30,8818.423579
14/06/2019 8:00,8984.309774
14/06/2019 8:30,9027.071619
14/06/2019 9:00,8908.598459
14/06/2019 9:30,8809.387923
14/06/2019 10:00,8724.242823
14/06/2019 10:30,8667.882443
14/06/2019 11:00,8498.213904
14/06/2019 11:30,8428.511554
14/06/2019 12:00,8445.258679
14/06/2019 12:30,8397.478573
14/06/2019 13:00,8354.140529
14/06/2019 13:30,8339.57397
14/06/2019 14:00,8337.768559
14/06/2019 14:30,8247.240511
14/06/2019 15:00,8288.273936
14/06/2019 15:30,8428.692374
14/06/2019 16:00,8526.670174
14/06/2019 16:30,8700.739184
14/06/2019 17:00,8967.305932
14/06/2019 17:30,9329.829692
14/06/2019 18:00,9613.167968
14/06/2019 18:30,9602.248499
14/06/2019 19:00,9522.057972
14/06/2019 19:30,9343.619428
14/06/2019 20:00,9164.523748
14/06/2019 20:30,9030.284921
14/06/2019 21:00,8869.591274
14/06/2019 21:30,8680.41191
14/06/2019 22:00,8437.832073
14/06/2019 22:30,8380.404992
14/06/2019 23:00,8175.361834
14/06/2019 23:30,8073.874986
15/06/2019 0:00,7854.294284
15/06/2019 0:30,7669.718343
15/06/2019 1:00,7470.820775
15/06/2019 1:30,7233.930049
15/06/2019 2:00,7005.256893
15/06/2019 2:30,6710.052544
15/06/2019 3:00,6498.665034
15/06/2019 3:30,6349.429919
15/06/2019 4:00,6276.562609
15/06/2019 4:30,6330.73791
15/06/2019 5:00,6409.70932
15/06/2019 5:30,6766.230242
15/06/2019 6:00,7146.479527
15/06/2019 6:30,7748.076536
15/06/2019 7:00,8373.891853
15/06/2019 7:30,8762.189356
15/06/2019 8:00,8946.63171
15/06/2019 8:30,8957.550044
15/06/2019 9:00,8722.424752
15/06/2019 9:30,8556.625832
15/06/2019 10:00,8352.288745
15/06/2019 10:30,8202.288821
15/06/2019 11:00,8083.178763
15/06/2019 11:30,7894.974238
15/06/2019 12:00,7786.704217
15/06/2019 12:30,7673.547542
15/06/2019 13:00,7626.374981
15/06/2019 13:30,7606.559306
15/06/2019 14:00,7632.097386
15/06/2019 14:30,7621.156975
15/06/2019 15:00,7649.344824
15/06/2019 15:30,7720.08847
15/06/2019 16:00,7934.735984
15/06/2019 16:30,8133.677614
15/06/2019 17:00,8484.905093
15/06/2019 17:30,8897.266081
15/06/2019 18:00,9289.503832
15/06/2019 18:30,9283.507173
15/06/2019 19:00,9225.769318
15/06/2019 19:30,9057.076334
15/06/2019 20:00,8899.290477
15/06/2019 20:30,8762.974237
15/06/2019 21:00,8597.130719
15/06/2019 21:30,8426.699214
15/06/2019 22:00,8178.965333
15/06/2019 22:30,8160.738571
15/06/2019 23:00,7935.380168
15/06/2019 23:30,7851.571648
16/06/2019 0:00,7876.420819
16/06/2019 0:30,7661.624431
16/06/2019 1:00,7444.418877
16/06/2019 1:30,7207.856793
16/06/2019 2:00,6991.201358
16/06/2019 2:30,6655.333788
16/06/2019 3:00,6473.411842
16/06/2019 3:30,6301.604819
16/06/2019 4:00,6232.140038
16/06/2019 4:30,6264.022859
16/06/2019 5:00,6325.253815
16/06/2019 5:30,6519.929285
16/06/2019 6:00,6768.89956
16/06/2019 6:30,7157.336088
16/06/2019 7:00,7557.000039
16/06/2019 7:30,7944.326313
16/06/2019 8:00,8311.674602
16/06/2019 8:30,8503.532398
16/06/2019 9:00,8529.940266
16/06/2019 9:30,8511.090288
16/06/2019 10:00,8299.758823
16/06/2019 10:30,8167.609778
16/06/2019 11:00,7968.87273
16/06/2019 11:30,7803.133232
16/06/2019 12:00,7658.382605
16/06/2019 12:30,7526.090396
16/06/2019 13:00,7461.188589
16/06/2019 13:30,7401.11622
16/06/2019 14:00,7428.909161
16/06/2019 14:30,7520.431435
16/06/2019 15:00,7632.519942
16/06/2019 15:30,7783.222722
16/06/2019 16:00,8015.240599
16/06/2019 16:30,8304.273448
16/06/2019 17:00,8736.618325
16/06/2019 17:30,9163.991999
16/06/2019 18:00,9566.572413
16/06/2019 18:30,9572.854732
16/06/2019 19:00,9485.828942
16/06/2019 19:30,9356.180449
16/06/2019 20:00,9186.686843
16/06/2019 20:30,9069.733051
16/06/2019 21:00,8899.471537
16/06/2019 21:30,8772.968597
16/06/2019 22:00,8598.461405
16/06/2019 22:30,8547.831079
16/06/2019 23:00,8385.759384
16/06/2019 23:30,8272.974262
17/06/2019 0:00,8347.302247
17/06/2019 0:30,8143.945793
17/06/2019 1:00,7961.509785
17/06/2019 1:30,7762.248591
17/06/2019 2:00,7538.190275
17/06/2019 2:30,7274.029208
17/06/2019 3:00,7094.451601
17/06/2019 3:30,6959.596223
17/06/2019 4:00,6939.835821
17/06/2019 4:30,6969.70069
17/06/2019 5:00,7053.972932
17/06/2019 5:30,7220.63759
17/06/2019 6:00,7459.380064
17/06/2019 6:30,7776.651791
17/06/2019 7:00,8104.768755
17/06/2019 7:30,8425.274487
17/06/2019 8:00,8763.714216
17/06/2019 8:30,9030.851374
17/06/2019 9:00,9219.573067
17/06/2019 9:30,9401.683845
17/06/2019 10:00,9482.807497
17/06/2019 10:30,9537.670956
17/06/2019 11:00,9507.154707
17/06/2019 11:30,9447.817213
17/06/2019 12:00,9388.870461
17/06/2019 12:30,9313.330096
17/06/2019 13:00,9281.437364
17/06/2019 13:30,9278.320498
17/06/2019 14:00,9280.763347
17/06/2019 14:30,9296.041117
17/06/2019 15:00,9332.263909
17/06/2019 15:30,9507.247495
17/06/2019 16:00,9651.76961
17/06/2019 16:30,9887.192607
17/06/2019 17:00,10215.97948
17/06/2019 17:30,10573.84367
17/06/2019 18:00,10831.80539
17/06/2019 18:30,10824.96972
17/06/2019 19:00,10725.83995
17/06/2019 19:30,10515.34014
17/06/2019 20:00,10342.57299
17/06/2019 20:30,10172.67299
17/06/2019 21:00,9935.903239
17/06/2019 21:30,9687.132879
17/06/2019 22:00,9450.51517
17/06/2019 22:30,9277.104624
17/06/2019 23:00,9030.418096
17/06/2019 23:30,8860.504875
18/06/2019 0:00,8331.937208
18/06/2019 0:30,8116.907624
18/06/2019 1:00,7915.9235
18/06/2019 1:30,7694.203688
18/06/2019 2:00,7498.75591
18/06/2019 2:30,7261.790178
18/06/2019 3:00,7119.769103
18/06/2019 3:30,6981.862632
18/06/2019 4:00,6901.472765
18/06/2019 4:30,6982.576914
18/06/2019 5:00,7102.577184
18/06/2019 5:30,7408.513043
18/06/2019 6:00,7847.627291
18/06/2019 6:30,8502.832049
18/06/2019 7:00,9147.601242
18/06/2019 7:30,9574.797449
18/06/2019 8:00,9871.678999
18/06/2019 8:30,9909.94221
18/06/2019 9:00,9733.989355
18/06/2019 9:30,9638.46985
18/06/2019 10:00,9465.734509
18/06/2019 10:30,9362.652268
18/06/2019 11:00,9225.02553
18/06/2019 11:30,9114.567467
18/06/2019 12:00,9044.339521
18/06/2019 12:30,9063.310423
18/06/2019 13:00,9057.978743
18/06/2019 13:30,9022.577911
18/06/2019 14:00,9042.863623
18/06/2019 14:30,9049.114168
18/06/2019 15:00,9049.262873
18/06/2019 15:30,9200.104901
18/06/2019 16:00,9392.913268
18/06/2019 16:30,9690.400903
18/06/2019 17:00,10016.06915
18/06/2019 17:30,10384.84678
18/06/2019 18:00,10798.70283
18/06/2019 18:30,10742.33943
18/06/2019 19:00,10611.94264
18/06/2019 19:30,10364.19516
18/06/2019 20:00,10163.53547
18/06/2019 20:30,9958.722875
18/06/2019 21:00,9670.474556
18/06/2019 21:30,9399.982023
18/06/2019 22:00,9093.102363
18/06/2019 22:30,8969.78696
18/06/2019 23:00,8657.841287
18/06/2019 23:30,8481.536175
19/06/2019 0:00,8378.531478
19/06/2019 0:30,8161.563282
19/06/2019 1:00,7995.970857
19/06/2019 1:30,7757.150239
19/06/2019 2:00,7532.734864
19/06/2019 2:30,7219.212574
19/06/2019 3:00,7003.33201
19/06/2019 3:30,6842.611994
19/06/2019 4:00,6779.419531
19/06/2019 4:30,6818.633809
19/06/2019 5:00,6965.432222
19/06/2019 5:30,7301.460016
19/06/2019 6:00,7723.111003
19/06/2019 6:30,8416.816022
19/06/2019 7:00,9018.136301
19/06/2019 7:30,9438.100948
19/06/2019 8:00,9664.092469
19/06/2019 8:30,9617.114172
19/06/2019 9:00,9507.022484
19/06/2019 9:30,9424.538945
19/06/2019 10:00,9272.460461
19/06/2019 10:30,9123.31625
19/06/2019 11:00,8949.982705
19/06/2019 11:30,8821.142179
19/06/2019 12:00,8754.332191
19/06/2019 12:30,8663.630426
19/06/2019 13:00,8637.133722
19/06/2019 13:30,8701.042979
19/06/2019 14:00,8684.696388
19/06/2019 14:30,8717.073838
19/06/2019 15:00,8778.374429
19/06/2019 15:30,8833.713122
19/06/2019 16:00,9025.420058
19/06/2019 16:30,9321.744359
19/06/2019 17:00,9647.332124
19/06/2019 17:30,10058.83057
19/06/2019 18:00,10423.14471
19/06/2019 18:30,10475.9971
19/06/2019 19:00,10383.51219
19/06/2019 19:30,10206.31235
19/06/2019 20:00,9995.5379
19/06/2019 20:30,9785.29131
19/06/2019 21:00,9535.726283
19/06/2019 21:30,9311.187117
19/06/2019 22:00,9017.911122
19/06/2019 22:30,8916.720318
19/06/2019 23:00,8615.622952
19/06/2019 23:30,8486.40954
20/06/2019 0:00,8326.509048
20/06/2019 0:30,8151.324468
20/06/2019 1:00,8007.045591
20/06/2019 1:30,7750.859352
20/06/2019 2:00,7566.436482
20/06/2019 2:30,7284.053617
20/06/2019 3:00,7110.612895
20/06/2019 3:30,6908.255806
20/06/2019 4:00,6866.715896
20/06/2019 4:30,6949.576946
20/06/2019 5:00,7074.14639
20/06/2019 5:30,7466.601658
20/06/2019 6:00,7918.681104
20/06/2019 6:30,8650.112209
20/06/2019 7:00,9325.801737
20/06/2019 7:30,9744.869461
20/06/2019 8:00,9978.925662
20/06/2019 8:30,9907.700385
20/06/2019 9:00,9680.466185
20/06/2019 9:30,9479.702102
20/06/2019 10:00,9290.603022
20/06/2019 10:30,9097.124897
20/06/2019 11:00,8864.483986
20/06/2019 11:30,8690.390684
20/06/2019 12:00,8569.783073
20/06/2019 12:30,8483.366735
20/06/2019 13:00,8441.916194
20/06/2019 13:30,8440.531448
20/06/2019 14:00,8448.677038
20/06/2019 14:30,8479.608792
20/06/2019 15:00,8536.26245
20/06/2019 15:30,8656.778349
20/06/2019 16:00,8916.496167
20/06/2019 16:30,9275.747621
20/06/2019 17:00,9754.147387
20/06/2019 17:30,10350.07747
20/06/2019 18:00,10878.75815
20/06/2019 18:30,10977.91324
20/06/2019 19:00,10935.14422
20/06/2019 19:30,10763.45935
20/06/2019 20:00,10617.01722
20/06/2019 20:30,10502.2663
20/06/2019 21:00,10281.11047
20/06/2019 21:30,10002.94739
20/06/2019 22:00,9679.019274
20/06/2019 22:30,9489.829245
20/06/2019 23:00,9128.59971
20/06/2019 23:30,8992.937717
21/06/2019 0:00,8785.606605
21/06/2019 0:30,8585.89957
21/06/2019 1:00,8386.039498
21/06/2019 1:30,8138.715534
21/06/2019 2:00,7954.301247
21/06/2019 2:30,7627.260414
21/06/2019 3:00,7448.850593
21/06/2019 3:30,7285.117163
21/06/2019 4:00,7229.704839
21/06/2019 4:30,7300.894008
21/06/2019 5:00,7445.720599
21/06/2019 5:30,7816.064876
21/06/2019 6:00,8271.171503
21/06/2019 6:30,9017.583236
21/06/2019 7:00,9699.671402
21/06/2019 7:30,10198.1168
21/06/2019 8:00,10496.32865
21/06/2019 8:30,10438.67241
21/06/2019 9:00,10133.42191
21/06/2019 9:30,9938.835907
21/06/2019 10:00,9703.251868
21/06/2019 10:30,9474.638366
21/06/2019 11:00,9290.288549
21/06/2019 11:30,9070.013435
21/06/2019 12:00,8959.349731
21/06/2019 12:30,8830.68419
21/06/2019 13:00,8812.600912
21/06/2019 13:30,8865.143055
21/06/2019 14:00,8948.774696
21/06/2019 14:30,8981.409654
21/06/2019 15:00,9098.995618
21/06/2019 15:30,9237.831695
21/06/2019 16:00,9499.923118
21/06/2019 16:30,9796.731384
21/06/2019 17:00,10183.94539
21/06/2019 17:30,10692.02964
21/06/2019 18:00,11104.48819
21/06/2019 18:30,11133.13141
21/06/2019 19:00,11068.19374
21/06/2019 19:30,10949.33853
21/06/2019 20:00,10749.98036
21/06/2019 20:30,10594.92771
21/06/2019 21:00,10368.70571
21/06/2019 21:30,10099.90959
21/06/2019 22:00,9768.490583
21/06/2019 22:30,9568.366384
21/06/2019 23:00,9189.788948
21/06/2019 23:30,8986.589864
22/06/2019 0:00,8654.360182
22/06/2019 0:30,8420.789022
22/06/2019 1:00,8131.449827
22/06/2019 1:30,7867.722002
22/06/2019 2:00,7668.837004
22/06/2019 2:30,7362.03079
22/06/2019 3:00,7117.337707
22/06/2019 3:30,6967.295947
22/06/2019 4:00,6882.460593
22/06/2019 4:30,6940.70187
22/06/2019 5:00,7052.742888
22/06/2019 5:30,7420.149641
22/06/2019 6:00,7870.350157
22/06/2019 6:30,8547.704716
22/06/2019 7:00,9238.431093
22/06/2019 7:30,9683.49863
22/06/2019 8:00,10004.28872
22/06/2019 8:30,9987.952462
22/06/2019 9:00,9719.796209
22/06/2019 9:30,9542.026923
22/06/2019 10:00,9305.596274
22/06/2019 10:30,9093.356622
22/06/2019 11:00,8864.779602
22/06/2019 11:30,8627.27455
22/06/2019 12:00,8478.341093
22/06/2019 12:30,8303.956167
22/06/2019 13:00,8203.791262
22/06/2019 13:30,8150.864197
22/06/2019 14:00,8113.704207
22/06/2019 14:30,8131.281083
22/06/2019 15:00,8184.678999
22/06/2019 15:30,8313.817536
22/06/2019 16:00,8631.940133
22/06/2019 16:30,9045.651436
22/06/2019 17:00,9568.852869
22/06/2019 17:30,10065.64321
22/06/2019 18:00,10486.14518
22/06/2019 18:30,10446.33529
22/06/2019 19:00,10408.49985
22/06/2019 19:30,10253.11658
22/06/2019 20:00,10053.82978
22/06/2019 20:30,9923.950226
22/06/2019 21:00,9745.463213
22/06/2019 21:30,9524.227484
22/06/2019 22:00,9253.577725
22/06/2019 22:30,9108.405644
22/06/2019 23:00,8777.335048
22/06/2019 23:30,8574.827825
23/06/2019 0:00,8543.507085
23/06/2019 0:30,8287.702088
23/06/2019 1:00,8050.17839
23/06/2019 1:30,7793.06283
23/06/2019 2:00,7559.227516
23/06/2019 2:30,7230.83305
23/06/2019 3:00,7009.491793
23/06/2019 3:30,6814.293773
23/06/2019 4:00,6712.29245
23/06/2019 4:30,6764.349262
23/06/2019 5:00,6758.296166
23/06/2019 5:30,7000.585119
23/06/2019 6:00,7237.969418
23/06/2019 6:30,7667.550727
23/06/2019 7:00,8116.067748
23/06/2019 7:30,8627.0314
23/06/2019 8:00,9090.790448
23/06/2019 8:30,9353.441981
23/06/2019 9:00,9356.458286
23/06/2019 9:30,9355.810422
23/06/2019 10:00,9110.167013
23/06/2019 10:30,8941.02403
23/06/2019 11:00,8748.864144
23/06/2019 11:30,8566.375116
23/06/2019 12:00,8436.646103
23/06/2019 12:30,8390.691536
23/06/2019 13:00,8437.426692
23/06/2019 13:30,8376.438491
23/06/2019 14:00,8459.39248
23/06/2019 14:30,8459.284328
23/06/2019 15:00,8589.994025
23/06/2019 15:30,8806.44474
23/06/2019 16:00,9012.570419
23/06/2019 16:30,9368.441162
23/06/2019 17:00,9855.764054
23/06/2019 17:30,10197.67366
23/06/2019 18:00,10498.61166
23/06/2019 18:30,10505.41718
23/06/2019 19:00,10408.15264
23/06/2019 19:30,10312.18527
23/06/2019 20:00,10124.84758
23/06/2019 20:30,10035.63208
23/06/2019 21:00,9839.745712
23/06/2019 21:30,9703.997573
23/06/2019 22:00,9484.08185
23/06/2019 22:30,9362.620709
23/06/2019 23:00,9094.103801
23/06/2019 23:30,8897.005161
24/06/2019 0:00,8975.719964
24/06/2019 0:30,8712.821244
24/06/2019 1:00,8498.462209
24/06/2019 1:30,8253.650788
24/06/2019 2:00,8061.157604
24/06/2019 2:30,7797.300188
24/06/2019 3:00,7613.75233
24/06/2019 3:30,7482.418291
24/06/2019 4:00,7449.537332
24/06/2019 4:30,7510.428146
24/06/2019 5:00,7591.791556
24/06/2019 5:30,7799.785839
24/06/2019 6:00,8042.453189
24/06/2019 6:30,8352.782741
24/06/2019 7:00,8751.457825
24/06/2019 7:30,9191.405755
24/06/2019 8:00,9596.818023
24/06/2019 8:30,9937.32225
24/06/2019 9:00,10087.50683
24/06/2019 9:30,10123.17758
24/06/2019 10:00,10048.46957
24/06/2019 10:30,9915.367775
24/06/2019 11:00,9678.638527
24/06/2019 11:30,9513.960411
24/06/2019 12:00,9430.382197
24/06/2019 12:30,9417.302564
24/06/2019 13:00,9365.111022
24/06/2019 13:30,9351.375338
24/06/2019 14:00,9356.513611
24/06/2019 14:30,9454.118546
24/06/2019 15:00,9629.616052
24/06/2019 15:30,9828.203217
24/06/2019 16:00,10070.52152
24/06/2019 16:30,10422.23156
24/06/2019 17:00,10850.25899
24/06/2019 17:30,11218.44527
24/06/2019 18:00,11582.84882
24/06/2019 18:30,11591.9594
24/06/2019 19:00,11484.1115
24/06/2019 19:30,11308.58877
24/06/2019 20:00,11142.27312
24/06/2019 20:30,10948.177
24/06/2019 21:00,10715.42657
24/06/2019 21:30,10490.52623
24/06/2019 22:00,10193.58372
24/06/2019 22:30,9905.307835
24/06/2019 23:00,9583.176831
24/06/2019 23:30,9338.649793
25/06/2019 0:00,8759.170239
25/06/2019 0:30,8513.374458
25/06/2019 1:00,8272.287465
25/06/2019 1:30,8046.63235
25/06/2019 2:00,7835.229344
25/06/2019 2:30,7581.963099
25/06/2019 3:00,7393.68804
25/06/2019 3:30,7268.129958
25/06/2019 4:00,7215.635253
25/06/2019 4:30,7293.552975
25/06/2019 5:00,7408.314881
25/06/2019 5:30,7807.344133
25/06/2019 6:00,8199.509126
25/06/2019 6:30,8929.162412
25/06/2019 7:00,9654.46142
25/06/2019 7:30,10170.4173
25/06/2019 8:00,10521.24503
25/06/2019 8:30,10579.38692
25/06/2019 9:00,10430.85439
25/06/2019 9:30,10394.92749
25/06/2019 10:00,10241.24055
25/06/2019 10:30,10066.65729
25/06/2019 11:00,9862.325584
25/06/2019 11:30,9692.927159
25/06/2019 12:00,9583.547763
25/06/2019 12:30,9503.368202
25/06/2019 13:00,9441.258048
25/06/2019 13:30,9367.885074
25/06/2019 14:00,9353.110912
25/06/2019 14:30,9393.052447
25/06/2019 15:00,9453.454427
25/06/2019 15:30,9537.417428
25/06/2019 16:00,9769.068335
25/06/2019 16:30,10040.85949
25/06/2019 17:00,10432.49153
25/06/2019 17:30,10874.30339
25/06/2019 18:00,11303.54587
25/06/2019 18:30,11283.10438
25/06/2019 19:00,11191.59415
25/06/2019 19:30,10936.30657
25/06/2019 20:00,10693.3115
25/06/2019 20:30,10462.72105
25/06/2019 21:00,10211.91036
25/06/2019 21:30,9914.893558
25/06/2019 22:00,9568.968267
25/06/2019 22:30,9440.136756
25/06/2019 23:00,9051.299384
25/06/2019 23:30,8900.463171
26/06/2019 0:00,8749.603956
26/06/2019 0:30,8553.34331
26/06/2019 1:00,8354.399346
26/06/2019 1:30,8130.441823
26/06/2019 2:00,7874.735342
26/06/2019 2:30,7583.288698
26/06/2019 3:00,7370.669926
26/06/2019 3:30,7181.669703
26/06/2019 4:00,7134.905244
26/06/2019 4:30,7162.753942
26/06/2019 5:00,7271.867228
26/06/2019 5:30,7614.229906
26/06/2019 6:00,8050.308915
26/06/2019 6:30,8766.398713
26/06/2019 7:00,9441.099883
26/06/2019 7:30,9890.610035
26/06/2019 8:00,10076.71869
26/06/2019 8:30,10040.23239
26/06/2019 9:00,9803.072222
26/06/2019 9:30,9658.139663
26/06/2019 10:00,9529.425246
26/06/2019 10:30,9384.604599
26/06/2019 11:00,9209.791925
26/06/2019 11:30,9110.220875
26/06/2019 12:00,8970.172363
26/06/2019 12:30,8932.17691
26/06/2019 13:00,8911.277602
26/06/2019 13:30,8833.713643
26/06/2019 14:00,8915.790433
26/06/2019 14:30,8961.550454
26/06/2019 15:00,9031.862804
26/06/2019 15:30,9137.144537
26/06/2019 16:00,9368.848186
26/06/2019 16:30,9658.821616
26/06/2019 17:00,10098.41815
26/06/2019 17:30,10492.80601
26/06/2019 18:00,10861.71008
26/06/2019 18:30,10861.71955
26/06/2019 19:00,10786.24756
26/06/2019 19:30,10594.29397
26/06/2019 20:00,10359.61693
26/06/2019 20:30,10165.15591
26/06/2019 21:00,9974.606333
26/06/2019 21:30,9747.488491
26/06/2019 22:00,9435.222453
26/06/2019 22:30,9319.903937
26/06/2019 23:00,9001.164783
26/06/2019 23:30,8849.81123
27/06/2019 0:00,8649.605864
27/06/2019 0:30,8454.244085
27/06/2019 1:00,8244.181294
27/06/2019 1:30,8018.306878
27/06/2019 2:00,7828.7701
27/06/2019 2:30,7566.401378
27/06/2019 3:00,7319.11764
27/06/2019 3:30,7186.472715
27/06/2019 4:00,7068.021046
27/06/2019 4:30,7080.354803
27/06/2019 5:00,7174.72459
27/06/2019 5:30,7552.460851
27/06/2019 6:00,7953.940559
27/06/2019 6:30,8610.793371
27/06/2019 7:00,9278.26027
27/06/2019 7:30,9690.30752
27/06/2019 8:00,9930.57533
27/06/2019 8:30,9871.972321
27/06/2019 9:00,9693.422835
27/06/2019 9:30,9592.567584
27/06/2019 10:00,9468.042137
27/06/2019 10:30,9315.843292
27/06/2019 11:00,9172.884139
27/06/2019 11:30,8960.006857
27/06/2019 12:00,8822.950971
27/06/2019 12:30,8732.510746
27/06/2019 13:00,8707.220874
27/06/2019 13:30,8695.559916
27/06/2019 14:00,8719.571501
27/06/2019 14:30,8747.47563
27/06/2019 15:00,8769.444843
27/06/2019 15:30,8882.386327
27/06/2019 16:00,9106.850255
27/06/2019 16:30,9402.29396
27/06/2019 17:00,9817.265234
27/06/2019 17:30,10309.84925
27/06/2019 18:00,10748.43791
27/06/2019 18:30,10743.40611
27/06/2019 19:00,10696.49846
27/06/2019 19:30,10517.4413
27/06/2019 20:00,10361.93476
27/06/2019 20:30,10183.71829
27/06/2019 21:00,9983.105636
27/06/2019 21:30,9732.765968
27/06/2019 22:00,9452.758553
27/06/2019 22:30,9315.315507
27/06/2019 23:00,9031.44245
27/06/2019 23:30,8873.68371
28/06/2019 0:00,8721.878152
28/06/2019 0:30,8549.30368
28/06/2019 1:00,8327.194793
28/06/2019 1:30,8098.836551
28/06/2019 2:00,7863.708405
28/06/2019 2:30,7526.606182
28/06/2019 3:00,7333.050002
28/06/2019 3:30,7135.423732
28/06/2019 4:00,7073.40938
28/06/2019 4:30,7130.986524
28/06/2019 5:00,7246.026859
28/06/2019 5:30,7601.868141
28/06/2019 6:00,8028.417622
28/06/2019 6:30,8712.194618
28/06/2019 7:00,9351.516552
28/06/2019 7:30,9767.311989
28/06/2019 8:00,9995.664346
28/06/2019 8:30,9906.692968
28/06/2019 9:00,9626.276348
28/06/2019 9:30,9465.232551
28/06/2019 10:00,9312.983787
28/06/2019 10:30,9167.025308
28/06/2019 11:00,8981.091398
28/06/2019 11:30,8796.161835
28/06/2019 12:00,8651.553014
28/06/2019 12:30,8548.618018
28/06/2019 13:00,8503.348977
28/06/2019 13:30,8467.278016
28/06/2019 14:00,8474.360679
28/06/2019 14:30,8520.125121
28/06/2019 15:00,8567.995473
28/06/2019 15:30,8635.802168
28/06/2019 16:00,8867.707132
28/06/2019 16:30,9136.499088
28/06/2019 17:00,9487.689932
28/06/2019 17:30,9968.217338
28/06/2019 18:00,10395.58234
28/06/2019 18:30,10416.62882
28/06/2019 19:00,10360.41809
28/06/2019 19:30,10239.00745
28/06/2019 20:00,10105.05018
28/06/2019 20:30,9947.725849
28/06/2019 21:00,9770.718793
28/06/2019 21:30,9551.498596
28/06/2019 22:00,9242.774064
28/06/2019 22:30,9104.953825
28/06/2019 23:00,8795.373372
28/06/2019 23:30,8624.189729
29/06/2019 0:00,8346.47054
29/06/2019 0:30,8134.71977
29/06/2019 1:00,7907.533327
29/06/2019 1:30,7674.95997
29/06/2019 2:00,7419.923206
29/06/2019 2:30,7095.371151
29/06/2019 3:00,6864.308251
29/06/2019 3:30,6678.083877
29/06/2019 4:00,6577.23364
29/06/2019 4:30,6616.194423
29/06/2019 5:00,6741.625881
29/06/2019 5:30,7081.000919
29/06/2019 6:00,7474.465748
29/06/2019 6:30,8128.737023
29/06/2019 7:00,8794.17938
29/06/2019 7:30,9172.676238
29/06/2019 8:00,9418.742717
29/06/2019 8:30,9371.656601
29/06/2019 9:00,9112.300165
29/06/2019 9:30,8905.957037
29/06/2019 10:00,8664.030748
29/06/2019 10:30,8442.522459
29/06/2019 11:00,8236.223064
29/06/2019 11:30,8027.046865
29/06/2019 12:00,7865.450281
29/06/2019 12:30,7774.411585
29/06/2019 13:00,7682.086611
29/06/2019 13:30,7650.203334
29/06/2019 14:00,7625.468355
29/06/2019 14:30,7645.687776
29/06/2019 15:00,7717.986933
29/06/2019 15:30,7807.372546
29/06/2019 16:00,8028.441932
29/06/2019 16:30,8316.5102
29/06/2019 17:00,8630.077992
29/06/2019 17:30,9049.063821
29/06/2019 18:00,9404.70005
29/06/2019 18:30,9414.377857
29/06/2019 19:00,9339.199633
29/06/2019 19:30,9153.048418
29/06/2019 20:00,9031.034705
29/06/2019 20:30,8896.062862
29/06/2019 21:00,8713.961474
29/06/2019 21:30,8563.093649
29/06/2019 22:00,8371.20146
29/06/2019 22:30,8311.04686
29/06/2019 23:00,8067.652987
29/06/2019 23:30,7978.921043
30/06/2019 0:00,7968.896674
30/06/2019 0:30,7759.935089
30/06/2019 1:00,7503.028867
30/06/2019 1:30,7279.602679
30/06/2019 2:00,7036.528044
30/06/2019 2:30,6732.763014
30/06/2019 3:00,6512.122908
30/06/2019 3:30,6382.063937
30/06/2019 4:00,6259.171249
30/06/2019 4:30,6282.818931
30/06/2019 5:00,6341.176798
30/06/2019 5:30,6539.067283
30/06/2019 6:00,6782.10802
30/06/2019 6:30,7140.493227
30/06/2019 7:00,7540.962647
30/06/2019 7:30,7944.774908
30/06/2019 8:00,8330.30133
30/06/2019 8:30,8628.279264
30/06/2019 9:00,8699.37174
30/06/2019 9:30,8703.462958
30/06/2019 10:00,8485.211105
30/06/2019 10:30,8327.038786
30/06/2019 11:00,8103.446168
30/06/2019 11:30,7920.806127
30/06/2019 12:00,7756.318518
30/06/2019 12:30,7634.199379
30/06/2019 13:00,7611.600116
30/06/2019 13:30,7504.714983
30/06/2019 14:00,7524.014896
30/06/2019 14:30,7612.598932
30/06/2019 15:00,7702.232867
30/06/2019 15:30,7863.867885
30/06/2019 16:00,8124.168159
30/06/2019 16:30,8398.919855
30/06/2019 17:00,8730.578306
30/06/2019 17:30,9153.607546
30/06/2019 18:00,9534.46948
30/06/2019 18:30,9514.35494
30/06/2019 19:00,9404.966621
30/06/2019 19:30,9246.362745
30/06/2019 20:00,9077.635006
30/06/2019 20:30,8925.4701
30/06/2019 21:00,8797.256175
30/06/2019 21:30,8680.065761
30/06/2019 22:00,8511.32481
30/06/2019 22:30,8506.591292
30/06/2019 23:00,8308.96537
30/06/2019 23:30,8227.674131
1/07/2019 0:00,8267.782817
1/07/2019 0:30,8080.495983
1/07/2019 1:00,7886.658826
1/07/2019 1:30,7668.098143
1/07/2019 2:00,7474.446559
1/07/2019 2:30,7190.976011
1/07/2019 3:00,7037.827161
1/07/2019 3:30,6939.379067
1/07/2019 4:00,6878.754686
1/07/2019 4:30,6912.77661
1/07/2019 5:00,6993.37133
1/07/2019 5:30,7155.249138
1/07/2019 6:00,7411.845671
1/07/2019 6:30,7717.855789
1/07/2019 7:00,8055.600977
1/07/2019 7:30,8413.314446
1/07/2019 8:00,8732.60529
1/07/2019 8:30,8946.08917
1/07/2019 9:00,9013.536814
1/07/2019 9:30,9064.681668
1/07/2019 10:00,8962.341385
1/07/2019 10:30,8815.109167
1/07/2019 11:00,8658.815743
1/07/2019 11:30,8529.350377
1/07/2019 12:00,8390.788603
1/07/2019 12:30,8341.841227
1/07/2019 13:00,8284.502428
1/07/2019 13:30,8250.469837
1/07/2019 14:00,8254.581927
1/07/2019 14:30,8322.537189
1/07/2019 15:00,8449.386139
1/07/2019 15:30,8643.909984
1/07/2019 16:00,8901.875607
1/07/2019 16:30,9287.573207
1/07/2019 17:00,9708.933238
1/07/2019 17:30,10214.49966
1/07/2019 18:00,10728.64858
1/07/2019 18:30,10817.61783
1/07/2019 19:00,10807.98707
1/07/2019 19:30,10690.22496
1/07/2019 20:00,10501.99114
1/07/2019 20:30,10331.47351
1/07/2019 21:00,10107.83723
1/07/2019 21:30,9898.770136
1/07/2019 22:00,9653.001858
1/07/2019 22:30,9497.199027
1/07/2019 23:00,9236.232684
1/07/2019 23:30,9120.158537
2/07/2019 0:00,8551.944854
2/07/2019 0:30,8356.233582
2/07/2019 1:00,8090.489196
2/07/2019 1:30,7885.744197
2/07/2019 2:00,7667.771275
2/07/2019 2:30,7423.636732
2/07/2019 3:00,7243.451107
2/07/2019 3:30,7131.208993
2/07/2019 4:00,7100.086978
2/07/2019 4:30,7223.400495
2/07/2019 5:00,7315.936444
2/07/2019 5:30,7729.141614
2/07/2019 6:00,8173.958649
2/07/2019 6:30,8893.341349
2/07/2019 7:00,9627.570721
2/07/2019 7:30,10130.75059
2/07/2019 8:00,10469.2779
2/07/2019 8:30,10453.02699
2/07/2019 9:00,10239.53677
2/07/2019 9:30,10126.8053
2/07/2019 10:00,9913.900039
2/07/2019 10:30,9726.090541
2/07/2019 11:00,9439.638941
2/07/2019 11:30,9190.574744
2/07/2019 12:00,8975.527534
2/07/2019 12:30,8843.365534
2/07/2019 13:00,8739.285739
2/07/2019 13:30,8672.886931
2/07/2019 14:00,8679.856945
2/07/2019 14:30,8723.021512
2/07/2019 15:00,8829.36648
2/07/2019 15:30,9056.209888
2/07/2019 16:00,9259.461642
2/07/2019 16:30,9495.965879
2/07/2019 17:00,9976.07144
2/07/2019 17:30,10549.10894
2/07/2019 18:00,11009.77205
2/07/2019 18:30,11010.48769
2/07/2019 19:00,10931.61331
2/07/2019 19:30,10729.86412
2/07/2019 20:00,10499.24765
2/07/2019 20:30,10287.38156
2/07/2019 21:00,10031.59659
2/07/2019 21:30,9743.078286
2/07/2019 22:00,9487.752051
2/07/2019 22:30,9304.245905
2/07/2019 23:00,8930.290805
2/07/2019 23:30,8782.815721
3/07/2019 0:00,8716.714051
3/07/2019 0:30,8497.46428
3/07/2019 1:00,8273.279366
3/07/2019 1:30,8032.829174
3/07/2019 2:00,7847.175445
3/07/2019 2:30,7492.993718
3/07/2019 3:00,7318.074542
3/07/2019 3:30,7139.455542
3/07/2019 4:00,7074.219825
3/07/2019 4:30,7132.562974
3/07/2019 5:00,7234.105298
3/07/2019 5:30,7636.158177
3/07/2019 6:00,8084.198339
3/07/2019 6:30,8851.533713
3/07/2019 7:00,9556.219362
3/07/2019 7:30,10013.21489
3/07/2019 8:00,10315.99925
3/07/2019 8:30,10292.09017
3/07/2019 9:00,10105.45571
3/07/2019 9:30,9926.490345
3/07/2019 10:00,9686.752966
3/07/2019 10:30,9480.974093
3/07/2019 11:00,9278.412984
3/07/2019 11:30,9011.911473
3/07/2019 12:00,8823.87222
3/07/2019 12:30,8647.099082
3/07/2019 13:00,8533.610286
3/07/2019 13:30,8479.711242
3/07/2019 14:00,8393.228284
3/07/2019 14:30,8385.120666
3/07/2019 15:00,8503.220112
3/07/2019 15:30,8595.209884
3/07/2019 16:00,8810.46397
3/07/2019 16:30,8975.72978
3/07/2019 17:00,9620.768037
3/07/2019 17:30,10196.20026
3/07/2019 18:00,10735.28384
3/07/2019 18:30,10869.9426
3/07/2019 19:00,10851.64256
3/07/2019 19:30,10714.77985
3/07/2019 20:00,10567.05299
3/07/2019 20:30,10425.22802
3/07/2019 21:00,10208.4545
3/07/2019 21:30,9958.712239
3/07/2019 22:00,9654.849116
3/07/2019 22:30,9522.407443
3/07/2019 23:00,9229.739728
3/07/2019 23:30,9030.424274
4/07/2019 0:00,8815.153566
4/07/2019 0:30,8611.332989
4/07/2019 1:00,8421.960643
4/07/2019 1:30,8164.697845
4/07/2019 2:00,7964.779847
4/07/2019 2:30,7685.041283
4/07/2019 3:00,7453.865079
4/07/2019 3:30,7268.671766
4/07/2019 4:00,7183.974217
4/07/2019 4:30,7271.811364
4/07/2019 5:00,7395.604615
4/07/2019 5:30,7807.144298
4/07/2019 6:00,8246.386873
4/07/2019 6:30,8944.401917
4/07/2019 7:00,9645.23807
4/07/2019 7:30,10114.66646
4/07/2019 8:00,10398.94211
4/07/2019 8:30,10371.91778
4/07/2019 9:00,10119.3371
4/07/2019 9:30,9908.112957
4/07/2019 10:00,9675.063659
4/07/2019 10:30,9471.301473
4/07/2019 11:00,9274.051025
4/07/2019 11:30,9055.581023
4/07/2019 12:00,8966.372558
4/07/2019 12:30,8841.021281
4/07/2019 13:00,8825.692503
4/07/2019 13:30,8762.809346
4/07/2019 14:00,8769.559558
4/07/2019 14:30,8811.469335
4/07/2019 15:00,8839.064413
4/07/2019 15:30,8940.816608
4/07/2019 16:00,9184.291993
4/07/2019 16:30,9465.618013
4/07/2019 17:00,9887.311073
4/07/2019 17:30,10339.00622
4/07/2019 18:00,10701.86108
4/07/2019 18:30,10682.34116
4/07/2019 19:00,10569.14498
4/07/2019 19:30,10359.99496
4/07/2019 20:00,10201.81932
4/07/2019 20:30,9999.668614
4/07/2019 21:00,9762.210188
4/07/2019 21:30,9512.035316
4/07/2019 22:00,9255.607219
4/07/2019 22:30,9132.799346
4/07/2019 23:00,8826.695553
4/07/2019 23:30,8689.657176
5/07/2019 0:00,8524.363123
5/07/2019 0:30,8385.977096
5/07/2019 1:00,8163.530672
5/07/2019 1:30,7926.5644
5/07/2019 2:00,7687.89067
5/07/2019 2:30,7416.087594
5/07/2019 3:00,7210.950536
5/07/2019 3:30,7051.847114
5/07/2019 4:00,6958.482981
5/07/2019 4:30,7031.03886
5/07/2019 5:00,7115.605797
5/07/2019 5:30,7467.531005
5/07/2019 6:00,7861.457634
5/07/2019 6:30,8513.155608
5/07/2019 7:00,9114.478503
5/07/2019 7:30,9503.759872
5/07/2019 8:00,9779.147987
5/07/2019 8:30,9845.121089
5/07/2019 9:00,9663.46771
5/07/2019 9:30,9612.782379
5/07/2019 10:00,9509.758284
5/07/2019 10:30,9435.252262
5/07/2019 11:00,9285.234858
5/07/2019 11:30,9162.951963
5/07/2019 12:00,9072.812143
5/07/2019 12:30,8944.699984
5/07/2019 13:00,8831.196181
5/07/2019 13:30,8830.400131
5/07/2019 14:00,8814.38066
5/07/2019 14:30,8855.96905
5/07/2019 15:00,8876.218045
5/07/2019 15:30,8921.474896
5/07/2019 16:00,9119.850058
5/07/2019 16:30,9345.035715
5/07/2019 17:00,9724.951476
5/07/2019 17:30,10081.28167
5/07/2019 18:00,10460.59058
5/07/2019 18:30,10469.89735
5/07/2019 19:00,10353.27674
5/07/2019 19:30,10190.58075
5/07/2019 20:00,9991.134009
5/07/2019 20:30,9856.242223
5/07/2019 21:00,9640.949037
5/07/2019 21:30,9371.107171
5/07/2019 22:00,9041.644485
5/07/2019 22:30,8928.08861
5/07/2019 23:00,8628.065758
5/07/2019 23:30,8462.052305
6/07/2019 0:00,8136.690698
6/07/2019 0:30,7950.15655
6/07/2019 1:00,7747.126401
6/07/2019 1:30,7466.714624
6/07/2019 2:00,7207.328074
6/07/2019 2:30,6884.473236
6/07/2019 3:00,6659.230639
6/07/2019 3:30,6447.783604
6/07/2019 4:00,6390.577034
6/07/2019 4:30,6446.916532
6/07/2019 5:00,6521.57723
6/07/2019 5:30,6853.773757
6/07/2019 6:00,7172.243446
6/07/2019 6:30,7798.063054
6/07/2019 7:00,8408.244358
6/07/2019 7:30,8728.710319
6/07/2019 8:00,9013.520041
6/07/2019 8:30,9033.303917
6/07/2019 9:00,8826.17705
6/07/2019 9:30,8728.883588
6/07/2019 10:00,8633.092927
6/07/2019 10:30,8561.570872
6/07/2019 11:00,8446.647446
6/07/2019 11:30,8337.832004
6/07/2019 12:00,8252.3158
6/07/2019 12:30,8223.338013
6/07/2019 13:00,8142.583551
6/07/2019 13:30,8084.281593
6/07/2019 14:00,8097.869154
6/07/2019 14:30,8050.174835
6/07/2019 15:00,8070.999224
6/07/2019 15:30,8160.242332
6/07/2019 16:00,8326.616589
6/07/2019 16:30,8528.407189
6/07/2019 17:00,8829.245417
6/07/2019 17:30,9202.231249
6/07/2019 18:00,9530.05243
6/07/2019 18:30,9510.003196
6/07/2019 19:00,9412.087656
6/07/2019 19:30,9209.811291
6/07/2019 20:00,9013.299637
6/07/2019 20:30,8907.016327
6/07/2019 21:00,8674.531009
6/07/2019 21:30,8561.622077
6/07/2019 22:00,8349.230825
6/07/2019 22:30,8253.49769
6/07/2019 23:00,8018.015602
6/07/2019 23:30,7854.735002
7/07/2019 0:00,7833.025702
7/07/2019 0:30,7611.213166
7/07/2019 1:00,7412.388885
7/07/2019 1:30,7224.295767
7/07/2019 2:00,6962.949404
7/07/2019 2:30,6647.748337
7/07/2019 3:00,6418.838887
7/07/2019 3:30,6245.819088
7/07/2019 4:00,6169.07998
7/07/2019 4:30,6176.639294
7/07/2019 5:00,6241.929474
7/07/2019 5:30,6428.892415
7/07/2019 6:00,6607.26021
7/07/2019 6:30,6979.912172
7/07/2019 7:00,7333.025366
7/07/2019 7:30,7693.956133
7/07/2019 8:00,8059.317973
7/07/2019 8:30,8363.753262
7/07/2019 9:00,8478.791923
7/07/2019 9:30,8504.470492
7/07/2019 10:00,8346.872531
7/07/2019 10:30,8212.692579
7/07/2019 11:00,8028.842217
7/07/2019 11:30,7900.092469
7/07/2019 12:00,7777.302536
7/07/2019 12:30,7695.055056
7/07/2019 13:00,7620.243806
7/07/2019 13:30,7543.032738
7/07/2019 14:00,7570.117988
7/07/2019 14:30,7565.34909
7/07/2019 15:00,7658.914473
7/07/2019 15:30,7759.244218
7/07/2019 16:00,7977.51974
7/07/2019 16:30,8284.244372
7/07/2019 17:00,8697.041805
7/07/2019 17:30,9095.701488
7/07/2019 18:00,9505.662722
7/07/2019 18:30,9523.409377
7/07/2019 19:00,9411.844999
7/07/2019 19:30,9287.277432
7/07/2019 20:00,9127.64701
7/07/2019 20:30,9025.379324
7/07/2019 21:00,8892.492048
7/07/2019 21:30,8772.587432
7/07/2019 22:00,8636.24479
7/07/2019 22:30,8567.354855
7/07/2019 23:00,8366.809292
7/07/2019 23:30,8297.021497
8/07/2019 0:00,8400.013298
8/07/2019 0:30,8161.52976
8/07/2019 1:00,7948.998582
8/07/2019 1:30,7706.496298
8/07/2019 2:00,7516.010513
8/07/2019 2:30,7282.93852
8/07/2019 3:00,7126.472705
8/07/2019 3:30,7032.485778
8/07/2019 4:00,6991.473403
8/07/2019 4:30,7004.476719
8/07/2019 5:00,7070.781732
8/07/2019 5:30,7288.644707
8/07/2019 6:00,7499.414476
8/07/2019 6:30,7806.082912
8/07/2019 7:00,8135.877345
8/07/2019 7:30,8467.892379
8/07/2019 8:00,8853.990561
8/07/2019 8:30,9108.821978
8/07/2019 9:00,9289.531513
8/07/2019 9:30,9358.964355
8/07/2019 10:00,9336.800564
8/07/2019 10:30,9291.605872
8/07/2019 11:00,9097.513605
8/07/2019 11:30,8972.184799
8/07/2019 12:00,8810.392984
8/07/2019 12:30,8656.904566
8/07/2019 13:00,8582.011372
8/07/2019 13:30,8490.917023
8/07/2019 14:00,8517.299661
8/07/2019 14:30,8565.554641
8/07/2019 15:00,8650.16483
8/07/2019 15:30,8822.404682
8/07/2019 16:00,9028.944135
8/07/2019 16:30,9318.048116
8/07/2019 17:00,9704.352552
8/07/2019 17:30,10107.66717
8/07/2019 18:00,10512.13057
8/07/2019 18:30,10554.50747
8/07/2019 19:00,10440.48641
8/07/2019 19:30,10280.46028
8/07/2019 20:00,10063.36051
8/07/2019 20:30,9916.653096
8/07/2019 21:00,9735.616983
8/07/2019 21:30,9557.450294
8/07/2019 22:00,9376.128057
8/07/2019 22:30,9199.420848
8/07/2019 23:00,8954.648323
8/07/2019 23:30,8758.20102
9/07/2019 0:00,8205.074575
9/07/2019 0:30,8006.388542
9/07/2019 1:00,7837.660938
9/07/2019 1:30,7610.722006
9/07/2019 2:00,7417.598538
9/07/2019 2:30,7171.264929
9/07/2019 3:00,7014.877745
9/07/2019 3:30,6911.596879
9/07/2019 4:00,6882.909265
9/07/2019 4:30,6926.521608
9/07/2019 5:00,7040.242841
9/07/2019 5:30,7360.261488
9/07/2019 6:00,7745.298967
9/07/2019 6:30,8309.753666
9/07/2019 7:00,8823.711533
9/07/2019 7:30,9179.175143
9/07/2019 8:00,9506.161443
9/07/2019 8:30,9664.542887
9/07/2019 9:00,9701.597767
9/07/2019 9:30,9665.836573
9/07/2019 10:00,9510.740257
9/07/2019 10:30,9351.626018
9/07/2019 11:00,9226.914365
9/07/2019 11:30,9012.628239
9/07/2019 12:00,8921.192768
9/07/2019 12:30,8841.889467
9/07/2019 13:00,8809.355534
9/07/2019 13:30,8775.272572
9/07/2019 14:00,8823.611253
9/07/2019 14:30,8779.798853
9/07/2019 15:00,8790.977498
9/07/2019 15:30,8780.854154
9/07/2019 16:00,8921.253161
9/07/2019 16:30,9112.719707
9/07/2019 17:00,9428.413103
9/07/2019 17:30,9810.193472
9/07/2019 18:00,10212.16605
9/07/2019 18:30,10279.31872
9/07/2019 19:00,10154.90359
9/07/2019 19:30,9974.777301
9/07/2019 20:00,9783.104767
9/07/2019 20:30,9634.315771
9/07/2019 21:00,9384.076732
9/07/2019 21:30,9210.625458
9/07/2019 22:00,8922.81378
9/07/2019 22:30,8826.277998
9/07/2019 23:00,8578.713096
9/07/2019 23:30,8489.569573
10/07/2019 0:00,8416.628507
10/07/2019 0:30,8240.443701
10/07/2019 1:00,8017.491889
10/07/2019 1:30,7797.172082
10/07/2019 2:00,7609.78223
10/07/2019 2:30,7321.667822
10/07/2019 3:00,7140.387064
10/07/2019 3:30,6998.160196
10/07/2019 4:00,6920.754632
10/07/2019 4:30,6906.781861
10/07/2019 5:00,7020.219122
10/07/2019 5:30,7355.369241
10/07/2019 6:00,7745.740582
10/07/2019 6:30,8382.865173
10/07/2019 7:00,8971.330889
10/07/2019 7:30,9379.724314
10/07/2019 8:00,9609.580886
10/07/2019 8:30,9633.772077
10/07/2019 9:00,9501.260973
10/07/2019 9:30,9341.811184
10/07/2019 10:00,9106.927033
10/07/2019 10:30,8953.760064
10/07/2019 11:00,8723.16069
10/07/2019 11:30,8550.996067
10/07/2019 12:00,8453.042376
10/07/2019 12:30,8368.970278
10/07/2019 13:00,8286.80472
10/07/2019 13:30,8275.625075
10/07/2019 14:00,8281.501675
10/07/2019 14:30,8327.064283
10/07/2019 15:00,8403.245892
10/07/2019 15:30,8570.346626
10/07/2019 16:00,8766.078597
10/07/2019 16:30,9027.766292
10/07/2019 17:00,9450.309831
10/07/2019 17:30,9990.546769
10/07/2019 18:00,10473.68268
10/07/2019 18:30,10570.13083
10/07/2019 19:00,10498.78412
10/07/2019 19:30,10392.66619
10/07/2019 20:00,10208.58645
10/07/2019 20:30,10077.48877
10/07/2019 21:00,9882.877138
10/07/2019 21:30,9662.06814
10/07/2019 22:00,9403.332095
10/07/2019 22:30,9279.742123
10/07/2019 23:00,8985.203487
10/07/2019 23:30,8827.64671
11/07/2019 0:00,8602.352186
11/07/2019 0:30,8439.057337
11/07/2019 1:00,8232.682751
11/07/2019 1:30,7966.641704
11/07/2019 2:00,7754.901739
11/07/2019 2:30,7393.805689
11/07/2019 3:00,7198.272911
11/07/2019 3:30,7042.229196
11/07/2019 4:00,6986.510973
11/07/2019 4:30,7052.728278
11/07/2019 5:00,7196.486048
11/07/2019 5:30,7503.501256
11/07/2019 6:00,7896.018953
11/07/2019 6:30,8540.639358
11/07/2019 7:00,9161.27238
11/07/2019 7:30,9553.110554
11/07/2019 8:00,9878.275503
11/07/2019 8:30,9924.507921
11/07/2019 9:00,9748.150551
11/07/2019 9:30,9552.140638
11/07/2019 10:00,9312.890095
11/07/2019 10:30,9146.424397
11/07/2019 11:00,8931.835842
11/07/2019 11:30,8753.895382
11/07/2019 12:00,8639.837709
11/07/2019 12:30,8529.111183
11/07/2019 13:00,8521.579976
11/07/2019 13:30,8497.402056
11/07/2019 14:00,8513.010131
11/07/2019 14:30,8528.883593
11/07/2019 15:00,8617.58506
11/07/2019 15:30,8714.809768
11/07/2019 16:00,8891.661217
11/07/2019 16:30,9161.548811
11/07/2019 17:00,9638.016729
11/07/2019 17:30,10119.92387
11/07/2019 18:00,10674.06061
11/07/2019 18:30,10776.07636
11/07/2019 19:00,10719.11026
11/07/2019 19:30,10549.80909
11/07/2019 20:00,10409.58507
11/07/2019 20:30,10202.43869
11/07/2019 21:00,9971.525148
11/07/2019 21:30,9826.188075
11/07/2019 22:00,9552.102748
11/07/2019 22:30,9434.846044
11/07/2019 23:00,9146.610134
11/07/2019 23:30,8905.92181
12/07/2019 0:00,8722.092992
12/07/2019 0:30,8501.504975
12/07/2019 1:00,8292.474722
12/07/2019 1:30,8016.393888
12/07/2019 2:00,7781.871897
12/07/2019 2:30,7470.988743
12/07/2019 3:00,7245.957935
12/07/2019 3:30,7077.022718
12/07/2019 4:00,6969.233286
12/07/2019 4:30,7044.847535
12/07/2019 5:00,7128.918016
12/07/2019 5:30,7478.94479
12/07/2019 6:00,7828.24456
12/07/2019 6:30,8418.52134
12/07/2019 7:00,8989.632799
12/07/2019 7:30,9327.46129
12/07/2019 8:00,9604.901318
12/07/2019 8:30,9639.436755
12/07/2019 9:00,9458.793482
12/07/2019 9:30,9337.113908
12/07/2019 10:00,9083.770322
12/07/2019 10:30,8896.082628
12/07/2019 11:00,8767.622984
12/07/2019 11:30,8582.829051
12/07/2019 12:00,8511.813456
12/07/2019 12:30,8419.731488
12/07/2019 13:00,8376.74292
12/07/2019 13:30,8360.278912
12/07/2019 14:00,8376.839366
12/07/2019 14:30,8391.623003
12/07/2019 15:00,8437.051887
12/07/2019 15:30,8568.469237
12/07/2019 16:00,8732.259268
12/07/2019 16:30,8989.70034
12/07/2019 17:00,9334.429925
12/07/2019 17:30,9771.475563
12/07/2019 18:00,10279.20684
12/07/2019 18:30,10336.11759
12/07/2019 19:00,10283.28318
12/07/2019 19:30,10134.97384
12/07/2019 20:00,9956.631057
12/07/2019 20:30,9790.663004
12/07/2019 21:00,9591.54919
12/07/2019 21:30,9350.853475
12/07/2019 22:00,9111.593277
12/07/2019 22:30,8963.117438
12/07/2019 23:00,8680.179789
12/07/2019 23:30,8485.253032
13/07/2019 0:00,8213.221586
13/07/2019 0:30,8011.745757
13/07/2019 1:00,7772.616144
13/07/2019 1:30,7510.920339
13/07/2019 2:00,7259.686975
13/07/2019 2:30,6903.557602
13/07/2019 3:00,6691.54556
13/07/2019 3:30,6503.141915
13/07/2019 4:00,6454.328425
13/07/2019 4:30,6480.381991
13/07/2019 5:00,6584.704395
13/07/2019 5:30,6865.800427
13/07/2019 6:00,7228.641769
13/07/2019 6:30,7805.402982
13/07/2019 7:00,8328.075526
13/07/2019 7:30,8653.960292
13/07/2019 8:00,8903.787821
13/07/2019 8:30,8972.519118
13/07/2019 9:00,8840.128863
13/07/2019 9:30,8696.778588
13/07/2019 10:00,8527.800925
13/07/2019 10:30,8383.019309
13/07/2019 11:00,8187.465361
13/07/2019 11:30,8089.982615
13/07/2019 12:00,7937.842832
13/07/2019 12:30,7832.857226
13/07/2019 13:00,7742.931535
13/07/2019 13:30,7751.072528
13/07/2019 14:00,7731.523769
13/07/2019 14:30,7760.358678
13/07/2019 15:00,7804.094526
13/07/2019 15:30,7906.16611
13/07/2019 16:00,8049.963371
13/07/2019 16:30,8282.300555
13/07/2019 17:00,8582.453999
13/07/2019 17:30,8888.179098
13/07/2019 18:00,9266.979069
13/07/2019 18:30,9261.251786
13/07/2019 19:00,9163.747613
13/07/2019 19:30,9021.681932
13/07/2019 20:00,8839.649275
13/07/2019 20:30,8681.489094
13/07/2019 21:00,8540.611505
13/07/2019 21:30,8353.467352
13/07/2019 22:00,8183.599004
13/07/2019 22:30,8114.900253
13/07/2019 23:00,7882.585636
13/07/2019 23:30,7741.516836
14/07/2019 0:00,7764.97098
14/07/2019 0:30,7563.450476
14/07/2019 1:00,7349.177344
14/07/2019 1:30,7071.235957
14/07/2019 2:00,6865.634644
14/07/2019 2:30,6524.9899
14/07/2019 3:00,6312.590528
14/07/2019 3:30,6143.494518
14/07/2019 4:00,6021.622501
14/07/2019 4:30,6053.856382
14/07/2019 5:00,6151.027653
14/07/2019 5:30,6338.923367
14/07/2019 6:00,6578.865194
14/07/2019 6:30,6986.377864
14/07/2019 7:00,7385.672327
14/07/2019 7:30,7705.692969
14/07/2019 8:00,8084.680253
14/07/2019 8:30,8366.364913
14/07/2019 9:00,8391.947724
14/07/2019 9:30,8403.283257
14/07/2019 10:00,8301.857273
14/07/2019 10:30,8182.81167
14/07/2019 11:00,8019.263
14/07/2019 11:30,7899.837084
14/07/2019 12:00,7814.499271
14/07/2019 12:30,7778.768018
14/07/2019 13:00,7731.897778
14/07/2019 13:30,7690.353599
14/07/2019 14:00,7699.172811
14/07/2019 14:30,7765.668436
14/07/2019 15:00,7859.51881
14/07/2019 15:30,8004.929475
14/07/2019 16:00,8292.721877
14/07/2019 16:30,8591.066128
14/07/2019 17:00,9060.8965
14/07/2019 17:30,9506.038658
14/07/2019 18:00,10000.23245
14/07/2019 18:30,10020.73109
14/07/2019 19:00,9968.085499
14/07/2019 19:30,9847.215457
14/07/2019 20:00,9687.793595
14/07/2019 20:30,9603.268944
14/07/2019 21:00,9433.555992
14/07/2019 21:30,9281.031514
14/07/2019 22:00,9144.004699
14/07/2019 22:30,9101.008267
14/07/2019 23:00,8898.266003
14/07/2019 23:30,8737.396348
15/07/2019 0:00,8797.923566
15/07/2019 0:30,8548.222656
15/07/2019 1:00,8295.366563
15/07/2019 1:30,8059.134511
15/07/2019 2:00,7830.439573
15/07/2019 2:30,7589.563128
15/07/2019 3:00,7418.078294
15/07/2019 3:30,7318.312424
15/07/2019 4:00,7276.238299
15/07/2019 4:30,7298.015303
15/07/2019 5:00,7349.815413
15/07/2019 5:30,7570.824436
15/07/2019 6:00,7771.326042
15/07/2019 6:30,8107.588531
15/07/2019 7:00,8481.351586
15/07/2019 7:30,8883.638172
15/07/2019 8:00,9241.205758
15/07/2019 8:30,9491.98043
15/07/2019 9:00,9551.220705
15/07/2019 9:30,9588.257028
15/07/2019 10:00,9472.914147
15/07/2019 10:30,9310.19662
15/07/2019 11:00,9110.557712
15/07/2019 11:30,8950.13969
15/07/2019 12:00,8870.596265
15/07/2019 12:30,8755.55851
15/07/2019 13:00,8717.900627
15/07/2019 13:30,8662.928158
15/07/2019 14:00,8689.708697
15/07/2019 14:30,8725.135571
15/07/2019 15:00,8886.298757
15/07/2019 15:30,9061.984656
15/07/2019 16:00,9372.896964
15/07/2019 16:30,9708.570363
15/07/2019 17:00,10145.25885
15/07/2019 17:30,10617.34222
15/07/2019 18:00,11151.60294
15/07/2019 18:30,11301.11559
15/07/2019 19:00,11220.01631
15/07/2019 19:30,11074.87977
15/07/2019 20:00,10876.85183
15/07/2019 20:30,10720.81259
15/07/2019 21:00,10461.69943
15/07/2019 21:30,10227.13983
15/07/2019 22:00,9960.826552
15/07/2019 22:30,9726.374
15/07/2019 23:00,9390.576823
15/07/2019 23:30,9227.909455
16/07/2019 0:00,8601.858231
16/07/2019 0:30,8379.144969
16/07/2019 1:00,8109.408008
16/07/2019 1:30,7900.769094
16/07/2019 2:00,7638.32076
16/07/2019 2:30,7377.043913
16/07/2019 3:00,7203.103859
16/07/2019 3:30,7078.407119
16/07/2019 4:00,6982.733529
16/07/2019 4:30,7074.921966
16/07/2019 5:00,7187.023206
16/07/2019 5:30,7544.385528
16/07/2019 6:00,7929.052472
16/07/2019 6:30,8573.614943
16/07/2019 7:00,9151.578592
16/07/2019 7:30,9571.272534
16/07/2019 8:00,9893.748246
16/07/2019 8:30,9966.476608
16/07/2019 9:00,9845.621395
16/07/2019 9:30,9681.221662
16/07/2019 10:00,9474.112193
16/07/2019 10:30,9319.55797
16/07/2019 11:00,9183.488857
16/07/2019 11:30,8965.738407
16/07/2019 12:00,8837.304204
16/07/2019 12:30,8694.599064
16/07/2019 13:00,8616.824796
16/07/2019 13:30,8557.071267
16/07/2019 14:00,8552.211041
16/07/2019 14:30,8525.57508
16/07/2019 15:00,8556.537024
16/07/2019 15:30,8693.537692
16/07/2019 16:00,8898.895794
16/07/2019 16:30,9168.320277
16/07/2019 17:00,9579.742493
16/07/2019 17:30,10087.9355
16/07/2019 18:00,10741.02403
16/07/2019 18:30,10804.38122
16/07/2019 19:00,10768.85886
16/07/2019 19:30,10607.70113
16/07/2019 20:00,10378.82839
16/07/2019 20:30,10216.51474
16/07/2019 21:00,10003.58216
16/07/2019 21:30,9821.311789
16/07/2019 22:00,9482.676275
16/07/2019 22:30,9293.743579
16/07/2019 23:00,8966.101277
16/07/2019 23:30,8773.714039
17/07/2019 0:00,8683.715512
17/07/2019 0:30,8488.072955
17/07/2019 1:00,8322.000918
17/07/2019 1:30,8055.378011
17/07/2019 2:00,7814.468305
17/07/2019 2:30,7497.985921
17/07/2019 3:00,7314.564493
17/07/2019 3:30,7153.550884
17/07/2019 4:00,7092.537129
17/07/2019 4:30,7107.314143
17/07/2019 5:00,7265.394017
17/07/2019 5:30,7634.525641
17/07/2019 6:00,8041.286292
17/07/2019 6:30,8698.013289
17/07/2019 7:00,9309.313914
17/07/2019 7:30,9705.210386
17/07/2019 8:00,9953.218294
17/07/2019 8:30,9992.509332
17/07/2019 9:00,9804.849019
17/07/2019 9:30,9622.470564
17/07/2019 10:00,9380.530953
17/07/2019 10:30,9157.980008
17/07/2019 11:00,8924.517135
17/07/2019 11:30,8673.360909
17/07/2019 12:00,8564.293961
17/07/2019 12:30,8447.145566
17/07/2019 13:00,8382.370432
17/07/2019 13:30,8321.509149
17/07/2019 14:00,8291.851861
17/07/2019 14:30,8379.663745
17/07/2019 15:00,8435.801999
17/07/2019 15:30,8581.118525
17/07/2019 16:00,8777.71687
17/07/2019 16:30,9020.372196
17/07/2019 17:00,9374.241166
17/07/2019 17:30,9899.571379
17/07/2019 18:00,10459.46532
17/07/2019 18:30,10589.20475
17/07/2019 19:00,10543.77658
17/07/2019 19:30,10378.35182
17/07/2019 20:00,10174.82443
17/07/2019 20:30,10038.01461
17/07/2019 21:00,9790.523503
17/07/2019 21:30,9611.44813
17/07/2019 22:00,9347.063972
17/07/2019 22:30,9164.831884
17/07/2019 23:00,8899.599065
17/07/2019 23:30,8742.569582
18/07/2019 0:00,8536.096043
18/07/2019 0:30,8352.152189
18/07/2019 1:00,8139.075934
18/07/2019 1:30,7902.928937
18/07/2019 2:00,7686.113648
18/07/2019 2:30,7381.788163
18/07/2019 3:00,7164.905631
18/07/2019 3:30,6989.943456
18/07/2019 4:00,6890.652846
18/07/2019 4:30,6997.129103
18/07/2019 5:00,7113.189437
18/07/2019 5:30,7473.956547
18/07/2019 6:00,7883.807552
18/07/2019 6:30,8551.193309
18/07/2019 7:00,9147.315872
18/07/2019 7:30,9536.402461
18/07/2019 8:00,9796.840132
18/07/2019 8:30,9763.049158
18/07/2019 9:00,9602.472832
18/07/2019 9:30,9416.547731
18/07/2019 10:00,9199.74913
18/07/2019 10:30,8993.812372
18/07/2019 11:00,8786.366313
18/07/2019 11:30,8589.09473
18/07/2019 12:00,8419.219308
18/07/2019 12:30,8267.730289
18/07/2019 13:00,8204.561897
18/07/2019 13:30,8207.70833
18/07/2019 14:00,8203.905104
18/07/2019 14:30,8235.058443
18/07/2019 15:00,8325.631448
18/07/2019 15:30,8462.839024
18/07/2019 16:00,8655.068963
18/07/2019 16:30,8910.413391
18/07/2019 17:00,9342.550582
18/07/2019 17:30,9768.341622
18/07/2019 18:00,10332.96421
18/07/2019 18:30,10392.41835
18/07/2019 19:00,10391.97488
18/07/2019 19:30,10279.91418
18/07/2019 20:00,10093.87367
18/07/2019 20:30,9947.227106
18/07/2019 21:00,9738.63407
18/07/2019 21:30,9520.986491
18/07/2019 22:00,9225.061446
18/07/2019 22:30,9118.044699
18/07/2019 23:00,8808.697207
18/07/2019 23:30,8696.1923
19/07/2019 0:00,8520.357676
19/07/2019 0:30,8336.778733
19/07/2019 1:00,8127.124086
19/07/2019 1:30,7881.159202
19/07/2019 2:00,7695.52065
19/07/2019 2:30,7396.614996
19/07/2019 3:00,7179.9827
19/07/2019 3:30,7039.786983
19/07/2019 4:00,6960.781247
19/07/2019 4:30,7022.688012
19/07/2019 5:00,7146.100861
19/07/2019 5:30,7480.479014
19/07/2019 6:00,7877.364401
19/07/2019 6:30,8502.548236
19/07/2019 7:00,9033.71691
19/07/2019 7:30,9408.299609
19/07/2019 8:00,9656.58107
19/07/2019 8:30,9674.925867
19/07/2019 9:00,9503.638351
19/07/2019 9:30,9326.770925
19/07/2019 10:00,9063.332651
19/07/2019 10:30,8857.778154
19/07/2019 11:00,8658.411957
19/07/2019 11:30,8413.767224
19/07/2019 12:00,8318.508881
19/07/2019 12:30,8201.014874
19/07/2019 13:00,8150.832617
19/07/2019 13:30,8088.247389
19/07/2019 14:00,8072.496259
19/07/2019 14:30,8098.92259
19/07/2019 15:00,8162.612723
19/07/2019 15:30,8340.491621
19/07/2019 16:00,8488.786398
19/07/2019 16:30,8771.749816
19/07/2019 17:00,9170.714005
19/07/2019 17:30,9587.252035
19/07/2019 18:00,10199.1746
19/07/2019 18:30,10315.54867
19/07/2019 19:00,10297.73983
19/07/2019 19:30,10206.30756
19/07/2019 20:00,10068.15978
19/07/2019 20:30,9947.351931
19/07/2019 21:00,9756.260039
19/07/2019 21:30,9478.04706
19/07/2019 22:00,9197.614347
19/07/2019 22:30,9080.52655
19/07/2019 23:00,8761.260961
19/07/2019 23:30,8583.592023
20/07/2019 0:00,8314.774341
20/07/2019 0:30,8110.896435
20/07/2019 1:00,7919.278689
20/07/2019 1:30,7598.296249
20/07/2019 2:00,7346.526978
20/07/2019 2:30,7062.961756
20/07/2019 3:00,6859.792069
20/07/2019 3:30,6711.388894
20/07/2019 4:00,6617.985838
20/07/2019 4:30,6680.291102
20/07/2019 5:00,6820.259715
20/07/2019 5:30,7127.07475
20/07/2019 6:00,7517.600163
20/07/2019 6:30,8113.58917
20/07/2019 7:00,8708.591229
20/07/2019 7:30,9107.517745
20/07/2019 8:00,9397.681687
20/07/2019 8:30,9427.952155
20/07/2019 9:00,9220.84518
20/07/2019 9:30,8989.560427
20/07/2019 10:00,8715.697757
20/07/2019 10:30,8471.374743
20/07/2019 11:00,8182.772171
20/07/2019 11:30,7988.432144
20/07/2019 12:00,7817.46041
20/07/2019 12:30,7678.07779
20/07/2019 13:00,7576.789671
20/07/2019 13:30,7516.248541
20/07/2019 14:00,7465.19774
20/07/2019 14:30,7491.23723
20/07/2019 15:00,7547.646182
20/07/2019 15:30,7674.297162
20/07/2019 16:00,7849.860184
20/07/2019 16:30,8150.136423
20/07/2019 17:00,8537.556642
20/07/2019 17:30,8972.867063
20/07/2019 18:00,9496.555195
20/07/2019 18:30,9503.93055
20/07/2019 19:00,9507.110391
20/07/2019 19:30,9340.981666
20/07/2019 20:00,9224.193629
20/07/2019 20:30,9111.347621
20/07/2019 21:00,8957.553392
20/07/2019 21:30,8822.496515
20/07/2019 22:00,8612.630309
20/07/2019 22:30,8511.27041
20/07/2019 23:00,8241.44535
20/07/2019 23:30,8118.93075
21/07/2019 0:00,8109.592133
21/07/2019 0:30,7888.509175
21/07/2019 1:00,7682.008135
21/07/2019 1:30,7421.831503
21/07/2019 2:00,7155.319886
21/07/2019 2:30,6847.731784
21/07/2019 3:00,6620.608606
21/07/2019 3:30,6455.707089
21/07/2019 4:00,6346.76289
21/07/2019 4:30,6338.945312
21/07/2019 5:00,6388.922629
21/07/2019 5:30,6580.069109
21/07/2019 6:00,6846.560234
21/07/2019 6:30,7270.871068
21/07/2019 7:00,7725.349939
21/07/2019 7:30,8130.265867
21/07/2019 8:00,8540.006649
21/07/2019 8:30,8765.148493
21/07/2019 9:00,8729.857963
21/07/2019 9:30,8696.360156
21/07/2019 10:00,8461.764146
21/07/2019 10:30,8221.292273
21/07/2019 11:00,7942.647869
21/07/2019 11:30,7694.619521
21/07/2019 12:00,7523.367752
21/07/2019 12:30,7347.291174
21/07/2019 13:00,7258.392635
21/07/2019 13:30,7237.130894
21/07/2019 14:00,7214.685174
21/07/2019 14:30,7238.21862
21/07/2019 15:00,7303.295538
21/07/2019 15:30,7450.602901
21/07/2019 16:00,7656.881094
21/07/2019 16:30,8022.575509
21/07/2019 17:00,8461.827472
21/07/2019 17:30,8915.060514
21/07/2019 18:00,9476.917708
21/07/2019 18:30,9583.126558
21/07/2019 19:00,9552.466601
21/07/2019 19:30,9458.050898
21/07/2019 20:00,9326.627943
21/07/2019 20:30,9237.239461
21/07/2019 21:00,9156.624281
21/07/2019 21:30,9036.598323
21/07/2019 22:00,8913.956183
21/07/2019 22:30,8863.295366
21/07/2019 23:00,8656.655881
21/07/2019 23:30,8496.035429
22/07/2019 0:00,8609.894029
22/07/2019 0:30,8380.738673
22/07/2019 1:00,8153.851842
22/07/2019 1:30,7932.477802
22/07/2019 2:00,7757.173219
22/07/2019 2:30,7501.321518
22/07/2019 3:00,7295.466628
22/07/2019 3:30,7205.392725
22/07/2019 4:00,7129.183612
22/07/2019 4:30,7163.2771
22/07/2019 5:00,7223.888383
22/07/2019 5:30,7443.423845
22/07/2019 6:00,7675.141937
22/07/2019 6:30,8035.311905
22/07/2019 7:00,8398.153443
22/07/2019 7:30,8792.387384
22/07/2019 8:00,9130.716193
22/07/2019 8:30,9332.06015
22/07/2019 9:00,9358.929397
22/07/2019 9:30,9269.069778
22/07/2019 10:00,9077.023775
22/07/2019 10:30,8840.096144
22/07/2019 11:00,8594.345076
22/07/2019 11:30,8384.159781
22/07/2019 12:00,8200.909798
22/07/2019 12:30,8092.792466
22/07/2019 13:00,8023.207937
22/07/2019 13:30,7974.056758
22/07/2019 14:00,7973.510341
22/07/2019 14:30,7997.851068
22/07/2019 15:00,8093.085648
22/07/2019 15:30,8239.734421
22/07/2019 16:00,8458.418941
22/07/2019 16:30,8735.962294
22/07/2019 17:00,9176.447997
22/07/2019 17:30,9577.872364
22/07/2019 18:00,10119.51267
22/07/2019 18:30,10286.34642
22/07/2019 19:00,10274.91616
22/07/2019 19:30,10139.45888
22/07/2019 20:00,9980.90572
22/07/2019 20:30,9876.771593
22/07/2019 21:00,9713.102868
22/07/2019 21:30,9509.839771
22/07/2019 22:00,9267.408716
22/07/2019 22:30,9085.905285
22/07/2019 23:00,8838.386428
22/07/2019 23:30,8706.098993
23/07/2019 0:00,8157.834427
23/07/2019 0:30,7978.328534
23/07/2019 1:00,7808.490406
23/07/2019 1:30,7582.188782
23/07/2019 2:00,7384.240556
23/07/2019 2:30,7144.01418
23/07/2019 3:00,6975.962549
23/07/2019 3:30,6876.935069
23/07/2019 4:00,6847.526829
23/07/2019 4:30,6945.450201
23/07/2019 5:00,7067.152124
23/07/2019 5:30,7440.976751
23/07/2019 6:00,7854.75871
23/07/2019 6:30,8490.337715
23/07/2019 7:00,9118.795955
23/07/2019 7:30,9499.907893
23/07/2019 8:00,9746.393017
23/07/2019 8:30,9765.992678
23/07/2019 9:00,9738.021106
23/07/2019 9:30,9624.873921
23/07/2019 10:00,9464.113731
23/07/2019 10:30,9269.36512
23/07/2019 11:00,9042.723715
23/07/2019 11:30,8777.654131
23/07/2019 12:00,8602.133181
23/07/2019 12:30,8395.642884
23/07/2019 13:00,8261.014024
23/07/2019 13:30,8193.464095
23/07/2019 14:00,8198.271489
23/07/2019 14:30,8203.732281
23/07/2019 15:00,8269.39194
23/07/2019 15:30,8325.989409
23/07/2019 16:00,8477.222087
23/07/2019 16:30,8691.706827
23/07/2019 17:00,9066.123146
23/07/2019 17:30,9449.562772
23/07/2019 18:00,10024.48244
23/07/2019 18:30,10094.22846
23/07/2019 19:00,10048.87322
23/07/2019 19:30,9848.715454
23/07/2019 20:00,9703.523341
23/07/2019 20:30,9528.27218
23/07/2019 21:00,9336.865498
23/07/2019 21:30,9118.241716
23/07/2019 22:00,8836.930057
23/07/2019 22:30,8783.341855
23/07/2019 23:00,8488.408779
23/07/2019 23:30,8371.305196
24/07/2019 0:00,8287.029227
24/07/2019 0:30,8168.939072
24/07/2019 1:00,7964.267611
24/07/2019 1:30,7745.102096
24/07/2019 2:00,7506.051618
24/07/2019 2:30,7219.123311
24/07/2019 3:00,7004.225292
24/07/2019 3:30,6829.322461
24/07/2019 4:00,6751.359276
24/07/2019 4:30,6810.777065
24/07/2019 5:00,6934.010766
24/07/2019 5:30,7270.593153
24/07/2019 6:00,7710.336549
24/07/2019 6:30,8343.114013
24/07/2019 7:00,9064.337833
24/07/2019 7:30,9498.033898
24/07/2019 8:00,9639.977053
24/07/2019 8:30,9466.343056
24/07/2019 9:00,9172.318273
24/07/2019 9:30,8938.452848
24/07/2019 10:00,8689.263814
24/07/2019 10:30,8461.890202
24/07/2019 11:00,8250.429707
24/07/2019 11:30,8104.111571
24/07/2019 12:00,7974.276793
24/07/2019 12:30,7882.078417
24/07/2019 13:00,7790.324521
24/07/2019 13:30,7825.30471
24/07/2019 14:00,7851.936082
24/07/2019 14:30,7884.808299
24/07/2019 15:00,7978.416283
24/07/2019 15:30,8050.357172
24/07/2019 16:00,8268.829139
24/07/2019 16:30,8516.824881
24/07/2019 17:00,8872.334008
24/07/2019 17:30,9231.582209
24/07/2019 18:00,9802.072221
24/07/2019 18:30,9910.303331
24/07/2019 19:00,9872.060906
24/07/2019 19:30,9756.312886
24/07/2019 20:00,9595.364047
24/07/2019 20:30,9481.424881
24/07/2019 21:00,9315.575895
24/07/2019 21:30,9094.961758
24/07/2019 22:00,8863.260162
24/07/2019 22:30,8784.166123
24/07/2019 23:00,8540.400598
24/07/2019 23:30,8404.189013
25/07/2019 0:00,8210.354661
25/07/2019 0:30,8049.437457
25/07/2019 1:00,7890.154103
25/07/2019 1:30,7632.74713
25/07/2019 2:00,7442.796527
25/07/2019 2:30,7165.476163
25/07/2019 3:00,6944.759474
25/07/2019 3:30,6810.927881
25/07/2019 4:00,6759.257965
25/07/2019 4:30,6825.181569
25/07/2019 5:00,6906.119067
25/07/2019 5:30,7229.918971
25/07/2019 6:00,7616.868915
25/07/2019 6:30,8321.119048
25/07/2019 7:00,8938.381216
25/07/2019 7:30,9325.075548
25/07/2019 8:00,9511.265592
25/07/2019 8:30,9387.511593
25/07/2019 9:00,9106.361614
25/07/2019 9:30,8855.347702
25/07/2019 10:00,8723.140546
25/07/2019 10:30,8533.622529
25/07/2019 11:00,8375.874765
25/07/2019 11:30,8259.53697
25/07/2019 12:00,8155.593156
25/07/2019 12:30,8074.410368
25/07/2019 13:00,8019.76991
25/07/2019 13:30,7981.108298
25/07/2019 14:00,8018.433302
25/07/2019 14:30,8047.172192
25/07/2019 15:00,8137.816508
25/07/2019 15:30,8257.974548
25/07/2019 16:00,8485.781124
25/07/2019 16:30,8744.240566
25/07/2019 17:00,9100.735921
25/07/2019 17:30,9518.482552
25/07/2019 18:00,10098.40787
25/07/2019 18:30,10214.43546
25/07/2019 19:00,10174.91373
25/07/2019 19:30,10071.15517
25/07/2019 20:00,9915.532208
25/07/2019 20:30,9773.140855
25/07/2019 21:00,9565.392398
25/07/2019 21:30,9345.781801
25/07/2019 22:00,9104.214831
25/07/2019 22:30,9016.889009
25/07/2019 23:00,8753.36993
25/07/2019 23:30,8651.02207
26/07/2019 0:00,8478.69704
26/07/2019 0:30,8358.485106
26/07/2019 1:00,8149.147305
26/07/2019 1:30,7977.674793
26/07/2019 2:00,7756.871478
26/07/2019 2:30,7458.731123
26/07/2019 3:00,7246.215217
26/07/2019 3:30,7074.694279
26/07/2019 4:00,7045.708239
26/07/2019 4:30,7125.189556
26/07/2019 5:00,7237.399709
26/07/2019 5:30,7589.209422
26/07/2019 6:00,8033.037298
26/07/2019 6:30,8750.996285
26/07/2019 7:00,9427.85759
26/07/2019 7:30,9866.865086
26/07/2019 8:00,10072.19482
26/07/2019 8:30,9925.142538
26/07/2019 9:00,9609.656243
26/07/2019 9:30,9420.318323
26/07/2019 10:00,9191.444588
26/07/2019 10:30,9029.669651
26/07/2019 11:00,8793.606997
26/07/2019 11:30,8593.362167
26/07/2019 12:00,8449.997128
26/07/2019 12:30,8281.657178
26/07/2019 13:00,8199.021592
26/07/2019 13:30,8118.08427
26/07/2019 14:00,8113.010215
26/07/2019 14:30,8128.271459
26/07/2019 15:00,8211.934385
26/07/2019 15:30,8295.487912
26/07/2019 16:00,8441.917113
26/07/2019 16:30,8726.363178
26/07/2019 17:00,9093.250487
26/07/2019 17:30,9530.367204
26/07/2019 18:00,10109.61464
26/07/2019 18:30,10235.5427
26/07/2019 19:00,10228.3386
26/07/2019 19:30,10099.76811
26/07/2019 20:00,9957.664059
26/07/2019 20:30,9808.670616
26/07/2019 21:00,9656.85877
26/07/2019 21:30,9402.353956
26/07/2019 22:00,9118.31085
26/07/2019 22:30,8949.7934
26/07/2019 23:00,8649.47569
26/07/2019 23:30,8456.585512
27/07/2019 0:00,8207.376814
27/07/2019 0:30,7945.903098
27/07/2019 1:00,7773.391449
27/07/2019 1:30,7502.939419
27/07/2019 2:00,7306.480674
27/07/2019 2:30,6983.930748
27/07/2019 3:00,6770.546421
27/07/2019 3:30,6609.315503
27/07/2019 4:00,6482.079378
27/07/2019 4:30,6564.069587
27/07/2019 5:00,6647.247807
27/07/2019 5:30,7000.680915
27/07/2019 6:00,7411.336627
27/07/2019 6:30,8054.134999
27/07/2019 7:00,8723.944084
27/07/2019 7:30,9177.447877
27/07/2019 8:00,9424.972834
27/07/2019 8:30,9405.810835
27/07/2019 9:00,9150.436901
27/07/2019 9:30,8977.856751
27/07/2019 10:00,8795.315996
27/07/2019 10:30,8655.180427
27/07/2019 11:00,8437.343864
27/07/2019 11:30,8306.75799
27/07/2019 12:00,8179.529631
27/07/2019 12:30,8077.737572
27/07/2019 13:00,8054.01269
27/07/2019 13:30,7978.018842
27/07/2019 14:00,7910.322738
27/07/2019 14:30,7838.929411
27/07/2019 15:00,7867.352606
27/07/2019 15:30,7981.933927
27/07/2019 16:00,8159.189719
27/07/2019 16:30,8396.848965
27/07/2019 17:00,8715.328231
27/07/2019 17:30,9111.692425
27/07/2019 18:00,9525.469348
27/07/2019 18:30,9513.137494
27/07/2019 19:00,9424.987955
27/07/2019 19:30,9258.973787
27/07/2019 20:00,9062.203569
27/07/2019 20:30,8908.895071
27/07/2019 21:00,8757.399965
27/07/2019 21:30,8529.510982
27/07/2019 22:00,8294.28231
27/07/2019 22:30,8248.777365
27/07/2019 23:00,7977.75434
27/07/2019 23:30,7873.989321
28/07/2019 0:00,7844.821869
28/07/2019 0:30,7669.95012
28/07/2019 1:00,7439.096493
28/07/2019 1:30,7193.23449
28/07/2019 2:00,6943.125525
28/07/2019 2:30,6682.991706
28/07/2019 3:00,6430.805502
28/07/2019 3:30,6251.347523
28/07/2019 4:00,6196.706254
28/07/2019 4:30,6237.664044
28/07/2019 5:00,6272.300025
28/07/2019 5:30,6499.028728
28/07/2019 6:00,6750.519873
28/07/2019 6:30,7118.59526
28/07/2019 7:00,7501.647185
28/07/2019 7:30,7900.666548
28/07/2019 8:00,8200.808151
28/07/2019 8:30,8334.047874
28/07/2019 9:00,8327.715767
28/07/2019 9:30,8225.372744
28/07/2019 10:00,8028.310552
28/07/2019 10:30,7842.259519
28/07/2019 11:00,7643.819832
28/07/2019 11:30,7486.729406
28/07/2019 12:00,7401.752724
28/07/2019 12:30,7308.232239
28/07/2019 13:00,7330.753298
28/07/2019 13:30,7389.590176
28/07/2019 14:00,7443.528947
28/07/2019 14:30,7475.883834
28/07/2019 15:00,7566.518294
28/07/2019 15:30,7690.359895
28/07/2019 16:00,7824.521124
28/07/2019 16:30,8096.517251
28/07/2019 17:00,8453.388121
28/07/2019 17:30,8857.007724
28/07/2019 18:00,9338.191315
28/07/2019 18:30,9444.37078
28/07/2019 19:00,9393.965946
28/07/2019 19:30,9252.82506
28/07/2019 20:00,9104.241983
28/07/2019 20:30,8986.32012
28/07/2019 21:00,8869.961261
28/07/2019 21:30,8756.468306
28/07/2019 22:00,8606.460251
28/07/2019 22:30,8549.172063
28/07/2019 23:00,8423.764132
28/07/2019 23:30,8334.082788
29/07/2019 0:00,8432.797928
29/07/2019 0:30,8252.880331
29/07/2019 1:00,8050.847936
29/07/2019 1:30,7859.745961
29/07/2019 2:00,7622.162737
29/07/2019 2:30,7409.47755
29/07/2019 3:00,7271.314815
29/07/2019 3:30,7163.910569
29/07/2019 4:00,7115.153699
29/07/2019 4:30,7149.518094
29/07/2019 5:00,7239.80387
29/07/2019 5:30,7406.662101
29/07/2019 6:00,7692.069156
29/07/2019 6:30,7973.098177
29/07/2019 7:00,8368.807702
29/07/2019 7:30,8676.496943
29/07/2019 8:00,8991.836816
29/07/2019 8:30,9180.603871
29/07/2019 9:00,9194.073757
29/07/2019 9:30,9133.411524
29/07/2019 10:00,8984.466533
29/07/2019 10:30,8814.575076
29/07/2019 11:00,8613.671836
29/07/2019 11:30,8442.015589
29/07/2019 12:00,8273.485871
29/07/2019 12:30,8219.776765
29/07/2019 13:00,8160.438274
29/07/2019 13:30,8129.860137
29/07/2019 14:00,8146.371831
29/07/2019 14:30,8197.371253
29/07/2019 15:00,8271.032445
29/07/2019 15:30,8440.255208
29/07/2019 16:00,8677.255748
29/07/2019 16:30,9011.379173
29/07/2019 17:00,9370.510737
29/07/2019 17:30,9822.495771
29/07/2019 18:00,10413.33672
29/07/2019 18:30,10570.47059
29/07/2019 19:00,10573.3069
29/07/2019 19:30,10416.52774
29/07/2019 20:00,10261.99923
29/07/2019 20:30,10084.18756
29/07/2019 21:00,9932.881971
29/07/2019 21:30,9731.79776
29/07/2019 22:00,9458.863574
29/07/2019 22:30,9303.378067
29/07/2019 23:00,9013.778217
29/07/2019 23:30,8828.394678
30/07/2019 0:00,8285.092856
30/07/2019 0:30,8108.575215
30/07/2019 1:00,7893.418413
30/07/2019 1:30,7725.819871
30/07/2019 2:00,7511.452169
30/07/2019 2:30,7262.646972
30/07/2019 3:00,7096.417768
30/07/2019 3:30,6983.225124
30/07/2019 4:00,6924.693132
30/07/2019 4:30,7027.081582
30/07/2019 5:00,7184.339768
30/07/2019 5:30,7557.092359
30/07/2019 6:00,7997.660095
30/07/2019 6:30,8668.772694
30/07/2019 7:00,9398.894237
30/07/2019 7:30,9840.177179
30/07/2019 8:00,10079.90036
30/07/2019 8:30,10024.80344
30/07/2019 9:00,9786.938413
30/07/2019 9:30,9583.350337
30/07/2019 10:00,9355.799094
30/07/2019 10:30,9168.617202
30/07/2019 11:00,8930.462221
30/07/2019 11:30,8783.150162
30/07/2019 12:00,8636.234779
30/07/2019 12:30,8470.427162
30/07/2019 13:00,8379.215346
30/07/2019 13:30,8419.794821
30/07/2019 14:00,8448.22616
30/07/2019 14:30,8517.280691
30/07/2019 15:00,8626.038738
30/07/2019 15:30,8730.358109
30/07/2019 16:00,8933.87783
30/07/2019 16:30,9209.13831
30/07/2019 17:00,9568.407727
30/07/2019 17:30,9962.073459
30/07/2019 18:00,10453.5649
30/07/2019 18:30,10475.17247
30/07/2019 19:00,10363.34048
30/07/2019 19:30,10146.38699
30/07/2019 20:00,9951.879193
30/07/2019 20:30,9747.293755
30/07/2019 21:00,9482.886022
30/07/2019 21:30,9233.450174
30/07/2019 22:00,8956.691661
30/07/2019 22:30,8831.728274
30/07/2019 23:00,8514.442443
30/07/2019 23:30,8352.359522
31/07/2019 0:00,8272.320004
31/07/2019 0:30,8139.359798
31/07/2019 1:00,7953.860092
31/07/2019 1:30,7707.961317
31/07/2019 2:00,7488.835062
31/07/2019 2:30,7190.482083
31/07/2019 3:00,7016.866769
31/07/2019 3:30,6834.629596
31/07/2019 4:00,6757.191525
31/07/2019 4:30,6817.768333
31/07/2019 5:00,6895.834932
31/07/2019 5:30,7239.293018
31/07/2019 6:00,7658.819314
31/07/2019 6:30,8292.512224
31/07/2019 7:00,8924.498185
31/07/2019 7:30,9319.065902
31/07/2019 8:00,9549.058735
31/07/2019 8:30,9545.641344
31/07/2019 9:00,9371.21566
31/07/2019 9:30,9297.321479
31/07/2019 10:00,9156.401609
31/07/2019 10:30,9044.358233
31/07/2019 11:00,8921.977092
31/07/2019 11:30,8791.452786
31/07/2019 12:00,8701.531765
31/07/2019 12:30,8667.341088
31/07/2019 13:00,8654.322852
31/07/2019 13:30,8640.973056
31/07/2019 14:00,8607.433035
31/07/2019 14:30,8596.916357
31/07/2019 15:00,8626.667078
31/07/2019 15:30,8702.218332
31/07/2019 16:00,8924.463635
31/07/2019 16:30,9164.309018
31/07/2019 17:00,9534.331321
31/07/2019 17:30,9963.076752
31/07/2019 18:00,10533.50725
31/07/2019 18:30,10649.05711
31/07/2019 19:00,10583.07788
31/07/2019 19:30,10443.14857
31/07/2019 20:00,10261.19013
31/07/2019 20:30,10077.15507
31/07/2019 21:00,9845.594199
31/07/2019 21:30,9563.298611
31/07/2019 22:00,9288.675177
31/07/2019 22:30,9125.508369
31/07/2019 23:00,8886.646526
31/07/2019 23:30,8661.289644
1/08/2019 0:00,8562.00322
1/08/2019 0:30,8349.00813
1/08/2019 1:00,8174.125653
1/08/2019 1:30,7973.767481
1/08/2019 2:00,7752.657891
1/08/2019 2:30,7452.567274
1/08/2019 3:00,7242.58455
1/08/2019 3:30,7079.70721
1/08/2019 4:00,7007.363753
1/08/2019 4:30,7039.61298
1/08/2019 5:00,7142.862948
1/08/2019 5:30,7516.237161
1/08/2019 6:00,7958.602984
1/08/2019 6:30,8679.570683
1/08/2019 7:00,9359.875843
1/08/2019 7:30,9803.630642
1/08/2019 8:00,10042.39989
1/08/2019 8:30,9940.503121
1/08/2019 9:00,9665.158083
1/08/2019 9:30,9441.531816
1/08/2019 10:00,9254.943338
1/08/2019 10:30,9111.844893
1/08/2019 11:00,9016.487137
1/08/2019 11:30,8801.456189
1/08/2019 12:00,8704.057015
1/08/2019 12:30,8635.923532
1/08/2019 13:00,8572.544285
1/08/2019 13:30,8555.956862
1/08/2019 14:00,8534.823032
1/08/2019 14:30,8521.202229
1/08/2019 15:00,8590.870218
1/08/2019 15:30,8671.743768
1/08/2019 16:00,8892.429308
1/08/2019 16:30,9137.068434
1/08/2019 17:00,9513.398004
1/08/2019 17:30,10028.49163
1/08/2019 18:00,10592.59638
1/08/2019 18:30,10771.2139
1/08/2019 19:00,10708.94801
1/08/2019 19:30,10545.64978
1/08/2019 20:00,10368.78163
1/08/2019 20:30,10202.89406
1/08/2019 21:00,9932.08183
1/08/2019 21:30,9686.309823
1/08/2019 22:00,9436.074601
1/08/2019 22:30,9296.454138
1/08/2019 23:00,8986.178425
1/08/2019 23:30,8810.367728
2/08/2019 0:00,8634.518892
2/08/2019 0:30,8471.770496
2/08/2019 1:00,8260.98214
2/08/2019 1:30,8032.577748
2/08/2019 2:00,7808.661473
2/08/2019 2:30,7534.451593
2/08/2019 3:00,7325.969491
2/08/2019 3:30,7154.792065
2/08/2019 4:00,7070.140092
2/08/2019 4:30,7101.55576
2/08/2019 5:00,7227.85994
2/08/2019 5:30,7605.756155
2/08/2019 6:00,7990.561973
2/08/2019 6:30,8681.676515
2/08/2019 7:00,9316.570437
2/08/2019 7:30,9719.604112
2/08/2019 8:00,9903.842463
2/08/2019 8:30,9793.053442
2/08/2019 9:00,9520.37666
2/08/2019 9:30,9276.132503
2/08/2019 10:00,9039.910836
2/08/2019 10:30,8824.204954
2/08/2019 11:00,8651.451209
2/08/2019 11:30,8429.744664
2/08/2019 12:00,8272.673091
2/08/2019 12:30,8180.99135
2/08/2019 13:00,8101.804697
2/08/2019 13:30,8095.789124
2/08/2019 14:00,8100.852057
2/08/2019 14:30,8088.496365
2/08/2019 15:00,8121.004849
2/08/2019 15:30,8210.251474
2/08/2019 16:00,8448.162403
2/08/2019 16:30,8718.370739
2/08/2019 17:00,9012.413278
2/08/2019 17:30,9470.167162
2/08/2019 18:00,10058.68121
2/08/2019 18:30,10225.9698
2/08/2019 19:00,10244.59358
2/08/2019 19:30,10081.35929
2/08/2019 20:00,9967.646287
2/08/2019 20:30,9767.676802
2/08/2019 21:00,9644.073841
2/08/2019 21:30,9379.390468
2/08/2019 22:00,9117.560264
2/08/2019 22:30,8981.065722
2/08/2019 23:00,8668.871732
2/08/2019 23:30,8491.142992
3/08/2019 0:00,8255.621722
3/08/2019 0:30,8033.798026
3/08/2019 1:00,7841.2841
3/08/2019 1:30,7560.734631
3/08/2019 2:00,7322.988875
3/08/2019 2:30,7032.093367
3/08/2019 3:00,6813.863174
3/08/2019 3:30,6645.897834
3/08/2019 4:00,6572.091567
3/08/2019 4:30,6610.83682
3/08/2019 5:00,6729.528205
3/08/2019 5:30,7059.762619
3/08/2019 6:00,7447.37655
3/08/2019 6:30,8089.547148
3/08/2019 7:00,8738.087463
3/08/2019 7:30,9168.255106
3/08/2019 8:00,9429.140974
3/08/2019 8:30,9335.42243
3/08/2019 9:00,9035.870096
3/08/2019 9:30,8837.948794
3/08/2019 10:00,8640.401669
3/08/2019 10:30,8474.03181
3/08/2019 11:00,8298.388858
3/08/2019 11:30,8076.284489
3/08/2019 12:00,7977.36447
3/08/2019 12:30,7850.956796
3/08/2019 13:00,7794.973396
3/08/2019 13:30,7698.354706
3/08/2019 14:00,7701.395291
3/08/2019 14:30,7603.033998
3/08/2019 15:00,7548.565405
3/08/2019 15:30,7603.43941
3/08/2019 16:00,7811.984391
3/08/2019 16:30,8063.032332
3/08/2019 17:00,8361.920063
3/08/2019 17:30,8755.362932
3/08/2019 18:00,9278.295372
3/08/2019 18:30,9402.148685
3/08/2019 19:00,9342.726636
3/08/2019 19:30,9194.206338
3/08/2019 20:00,9046.542958
3/08/2019 20:30,8964.17587
3/08/2019 21:00,8778.113658
3/08/2019 21:30,8577.606245
3/08/2019 22:00,8339.424298
3/08/2019 22:30,8315.24589
3/08/2019 23:00,8076.557226
3/08/2019 23:30,7914.653357
4/08/2019 0:00,7934.06963
4/08/2019 0:30,7747.632962
4/08/2019 1:00,7533.022567
4/08/2019 1:30,7315.488744
4/08/2019 2:00,7058.882393
4/08/2019 2:30,6763.719807
4/08/2019 3:00,6507.53609
4/08/2019 3:30,6352.269414
4/08/2019 4:00,6270.502772
4/08/2019 4:30,6265.229427
4/08/2019 5:00,6341.763814
4/08/2019 5:30,6548.637023
4/08/2019 6:00,6836.762507
4/08/2019 6:30,7220.797608
4/08/2019 7:00,7643.517016
4/08/2019 7:30,8072.529115
4/08/2019 8:00,8370.998031
4/08/2019 8:30,8612.45007
4/08/2019 9:00,8580.898869
4/08/2019 9:30,8514.586368
4/08/2019 10:00,8268.401033
4/08/2019 10:30,8080.305886
4/08/2019 11:00,7834.273964
4/08/2019 11:30,7658.64712
4/08/2019 12:00,7444.118007
4/08/2019 12:30,7346.314466
4/08/2019 13:00,7236.506087
4/08/2019 13:30,7155.807041
4/08/2019 14:00,7133.960534
4/08/2019 14:30,7177.60534
4/08/2019 15:00,7280.798676
4/08/2019 15:30,7426.195648
4/08/2019 16:00,7662.768459
4/08/2019 16:30,7959.231511
4/08/2019 17:00,8351.983963
4/08/2019 17:30,8755.674971
4/08/2019 18:00,9316.297025
4/08/2019 18:30,9505.880874
4/08/2019 19:00,9438.60745
4/08/2019 19:30,9331.012562
4/08/2019 20:00,9220.221851
4/08/2019 20:30,9157.869523
4/08/2019 21:00,9078.451017
4/08/2019 21:30,8944.298072
4/08/2019 22:00,8794.024688
4/08/2019 22:30,8726.165402
4/08/2019 23:00,8556.990287
4/08/2019 23:30,8416.022628
5/08/2019 0:00,8465.719799
5/08/2019 0:30,8301.545638
5/08/2019 1:00,8061.795969
5/08/2019 1:30,7861.769403
5/08/2019 2:00,7636.625174
5/08/2019 2:30,7413.484835
5/08/2019 3:00,7255.450686
5/08/2019 3:30,7141.778076
5/08/2019 4:00,7079.740792
5/08/2019 4:30,7124.498914
5/08/2019 5:00,7225.820994
5/08/2019 5:30,7417.271861
5/08/2019 6:00,7629.068813
5/08/2019 6:30,7958.978692
5/08/2019 7:00,8333.386618
5/08/2019 7:30,8692.862751
5/08/2019 8:00,9062.465153
5/08/2019 8:30,9268.232129
5/08/2019 9:00,9352.955765
5/08/2019 9:30,9333.856425
5/08/2019 10:00,9197.832988
5/08/2019 10:30,9043.67296
5/08/2019 11:00,8820.801784
5/08/2019 11:30,8658.070117
5/08/2019 12:00,8501.030276
5/08/2019 12:30,8404.760941
5/08/2019 13:00,8335.303077
5/08/2019 13:30,8275.86329
5/08/2019 14:00,8259.330933
5/08/2019 14:30,8299.607653
5/08/2019 15:00,8428.79039
5/08/2019 15:30,8606.76047
5/08/2019 16:00,8799.565227
5/08/2019 16:30,9104.241352
5/08/2019 17:00,9505.41054
5/08/2019 17:30,9920.072249
5/08/2019 18:00,10497.16317
5/08/2019 18:30,10660.62902
5/08/2019 19:00,10581.4572
5/08/2019 19:30,10406.50591
5/08/2019 20:00,10261.64121
5/08/2019 20:30,10116.01802
5/08/2019 21:00,9919.505127
5/08/2019 21:30,9749.269818
5/08/2019 22:00,9421.602306
5/08/2019 22:30,9259.484864
5/08/2019 23:00,8984.576472
5/08/2019 23:30,8827.644006
6/08/2019 0:00,8289.716847
6/08/2019 0:30,8082.4806
6/08/2019 1:00,7897.983434
6/08/2019 1:30,7698.880497
6/08/2019 2:00,7522.37551
6/08/2019 2:30,7276.09201
6/08/2019 3:00,7119.789261
6/08/2019 3:30,7003.66867
6/08/2019 4:00,6961.923699
6/08/2019 4:30,7047.209953
6/08/2019 5:00,7192.834014
6/08/2019 5:30,7560.437302
6/08/2019 6:00,7965.617598
6/08/2019 6:30,8665.301139
6/08/2019 7:00,9313.995455
6/08/2019 7:30,9751.202862
6/08/2019 8:00,9904.288044
6/08/2019 8:30,9815.247997
6/08/2019 9:00,9529.2216
6/08/2019 9:30,9345.525514
6/08/2019 10:00,9116.324224
6/08/2019 10:30,8899.431999
6/08/2019 11:00,8695.728378
6/08/2019 11:30,8508.830244
6/08/2019 12:00,8323.814322
6/08/2019 12:30,8204.200959
6/08/2019 13:00,8166.13684
6/08/2019 13:30,8105.433555
6/08/2019 14:00,8074.512919
6/08/2019 14:30,8090.614007
6/08/2019 15:00,8155.833818
6/08/2019 15:30,8268.018015
6/08/2019 16:00,8467.171085
6/08/2019 16:30,8699.172488
6/08/2019 17:00,9039.925451
6/08/2019 17:30,9467.218667
6/08/2019 18:00,10006.85709
6/08/2019 18:30,10217.55312
6/08/2019 19:00,10146.76415
6/08/2019 19:30,10000.19122
6/08/2019 20:00,9799.572719
6/08/2019 20:30,9675.72162
6/08/2019 21:00,9483.847078
6/08/2019 21:30,9238.522911
6/08/2019 22:00,9016.219934
6/08/2019 22:30,8910.561496
6/08/2019 23:00,8633.312884
6/08/2019 23:30,8472.187066
7/08/2019 0:00,8445.105326
7/08/2019 0:30,8257.42462
7/08/2019 1:00,8039.434911
7/08/2019 1:30,7835.574679
7/08/2019 2:00,7594.362287
7/08/2019 2:30,7318.86633
7/08/2019 3:00,7092.906291
7/08/2019 3:30,6971.106891
7/08/2019 4:00,6907.473242
7/08/2019 4:30,6965.192917
7/08/2019 5:00,7087.589749
7/08/2019 5:30,7475.354854
7/08/2019 6:00,7942.556842
7/08/2019 6:30,8663.830358
7/08/2019 7:00,9404.803938
7/08/2019 7:30,9825.996678
7/08/2019 8:00,10013.88606
7/08/2019 8:30,9852.888539
7/08/2019 9:00,9497.221139
7/08/2019 9:30,9323.220577
7/08/2019 10:00,9063.188326
7/08/2019 10:30,8843.008039
7/08/2019 11:00,8612.0331
7/08/2019 11:30,8361.27174
7/08/2019 12:00,8204.664946
7/08/2019 12:30,8085.875552
7/08/2019 13:00,8006.777328
7/08/2019 13:30,7940.647516
7/08/2019 14:00,7899.346922
7/08/2019 14:30,7919.519877
7/08/2019 15:00,8004.694541
7/08/2019 15:30,8103.760156
7/08/2019 16:00,8328.794906
7/08/2019 16:30,8576.394034
7/08/2019 17:00,8914.823138
7/08/2019 17:30,9400.004795
7/08/2019 18:00,10031.44518
7/08/2019 18:30,10286.05957
7/08/2019 19:00,10336.48518
7/08/2019 19:30,10193.99839
7/08/2019 20:00,10045.16025
7/08/2019 20:30,9895.130804
7/08/2019 21:00,9747.392334
7/08/2019 21:30,9487.510956
7/08/2019 22:00,9215.251052
7/08/2019 22:30,9072.440577
7/08/2019 23:00,8814.084189
7/08/2019 23:30,8654.029105
8/08/2019 0:00,8437.410299
8/08/2019 0:30,8253.240443
8/08/2019 1:00,8048.320767
8/08/2019 1:30,7821.006493
8/08/2019 2:00,7621.291519
8/08/2019 2:30,7336.003534
8/08/2019 3:00,7131.579559
8/08/2019 3:30,7006.892465
8/08/2019 4:00,6930.0012
8/08/2019 4:30,6999.536493
8/08/2019 5:00,7131.327465
8/08/2019 5:30,7516.466899
8/08/2019 6:00,7985.967545
8/08/2019 6:30,8684.80521
8/08/2019 7:00,9388.502839
8/08/2019 7:30,9816.300325
8/08/2019 8:00,9988.05647
8/08/2019 8:30,9848.824563
8/08/2019 9:00,9513.044819
8/08/2019 9:30,9263.712896
8/08/2019 10:00,8981.4323
8/08/2019 10:30,8782.86518
8/08/2019 11:00,8547.937496
8/08/2019 11:30,8308.681336
8/08/2019 12:00,8190.867477
8/08/2019 12:30,8057.653633
8/08/2019 13:00,7992.344821
8/08/2019 13:30,7930.219058
8/08/2019 14:00,7916.35043
8/08/2019 14:30,7958.890466
8/08/2019 15:00,8009.442031
8/08/2019 15:30,8127.056945
8/08/2019 16:00,8271.584436
8/08/2019 16:30,8519.951104
8/08/2019 17:00,8844.508113
8/08/2019 17:30,9299.832354
8/08/2019 18:00,9870.940213
8/08/2019 18:30,10093.75622
8/08/2019 19:00,10117.21115
8/08/2019 19:30,10009.58254
8/08/2019 20:00,9886.404012
8/08/2019 20:30,9739.17671
8/08/2019 21:00,9587.422037
8/08/2019 21:30,9362.04914
8/08/2019 22:00,9062.593258
8/08/2019 22:30,8917.630028
8/08/2019 23:00,8633.170663
8/08/2019 23:30,8454.070949
9/08/2019 0:00,8303.420614
9/08/2019 0:30,8131.812795
9/08/2019 1:00,7940.333934
9/08/2019 1:30,7751.184473
9/08/2019 2:00,7552.033357
9/08/2019 2:30,7271.401043
9/08/2019 3:00,7046.445925
9/08/2019 3:30,6862.628778
9/08/2019 4:00,6824.774996
9/08/2019 4:30,6870.873064
9/08/2019 5:00,6997.612743
9/08/2019 5:30,7347.288369
9/08/2019 6:00,7777.721285
9/08/2019 6:30,8532.731296
9/08/2019 7:00,9172.096118
9/08/2019 7:30,9564.017028
9/08/2019 8:00,9677.291254
9/08/2019 8:30,9515.422043
9/08/2019 9:00,9303.755794
9/08/2019 9:30,9172.888326
9/08/2019 10:00,8908.682639
9/08/2019 10:30,8791.091749
9/08/2019 11:00,8734.221365
9/08/2019 11:30,8527.118446
9/08/2019 12:00,8380.807814
9/08/2019 12:30,8223.632505
9/08/2019 13:00,8221.99575
9/08/2019 13:30,8187.959488
9/08/2019 14:00,8183.168167
9/08/2019 14:30,8126.170221
9/08/2019 15:00,8146.784612
9/08/2019 15:30,8180.205135
9/08/2019 16:00,8382.564224
9/08/2019 16:30,8590.975977
9/08/2019 17:00,8972.224152
9/08/2019 17:30,9374.063838
9/08/2019 18:00,9987.599335
9/08/2019 18:30,10163.47719
9/08/2019 19:00,10140.07423
9/08/2019 19:30,10007.20704
9/08/2019 20:00,9813.89178
9/08/2019 20:30,9670.57248
9/08/2019 21:00,9492.459046
9/08/2019 21:30,9228.979156
9/08/2019 22:00,8915.943497
9/08/2019 22:30,8727.736366
9/08/2019 23:00,8379.845646
9/08/2019 23:30,8210.733067
10/08/2019 0:00,7952.720612
10/08/2019 0:30,7762.221962
10/08/2019 1:00,7555.520536
10/08/2019 1:30,7315.373671
10/08/2019 2:00,7072.72129
10/08/2019 2:30,6775.95187
10/08/2019 3:00,6540.148567
10/08/2019 3:30,6333.767732
10/08/2019 4:00,6284.430482
10/08/2019 4:30,6347.654656
10/08/2019 5:00,6478.288934
10/08/2019 5:30,6781.789419
10/08/2019 6:00,7174.297695
10/08/2019 6:30,7795.506799
10/08/2019 7:00,8390.402017
10/08/2019 7:30,8772.801263
10/08/2019 8:00,8887.426719
10/08/2019 8:30,8795.216803
10/08/2019 9:00,8557.719959
10/08/2019 9:30,8476.269995
10/08/2019 10:00,8290.062905
10/08/2019 10:30,8143.621518
10/08/2019 11:00,7972.240437
10/08/2019 11:30,7832.345053
10/08/2019 12:00,7703.589559
10/08/2019 12:30,7583.887672
10/08/2019 13:00,7551.687883
10/08/2019 13:30,7554.814227
10/08/2019 14:00,7544.975379
10/08/2019 14:30,7499.988305
10/08/2019 15:00,7567.245147
10/08/2019 15:30,7677.735722
10/08/2019 16:00,7916.783118
10/08/2019 16:30,8192.488799
10/08/2019 17:00,8576.186498
10/08/2019 17:30,8978.463801
10/08/2019 18:00,9515.916876
10/08/2019 18:30,9675.642443
10/08/2019 19:00,9560.726455
10/08/2019 19:30,9433.801153
10/08/2019 20:00,9234.294142
10/08/2019 20:30,9084.805144
10/08/2019 21:00,8887.142159
10/08/2019 21:30,8673.613655
10/08/2019 22:00,8490.852666
10/08/2019 22:30,8396.581705
10/08/2019 23:00,8094.114211
10/08/2019 23:30,7921.533889
11/08/2019 0:00,7923.186734
11/08/2019 0:30,7717.995984
11/08/2019 1:00,7474.054924
11/08/2019 1:30,7213.405284
11/08/2019 2:00,6992.39839
11/08/2019 2:30,6674.06691
11/08/2019 3:00,6462.740617
11/08/2019 3:30,6290.795186
11/08/2019 4:00,6192.137281
11/08/2019 4:30,6197.492552
11/08/2019 5:00,6231.426326
11/08/2019 5:30,6452.007276
11/08/2019 6:00,6712.743174
11/08/2019 6:30,7136.795154
11/08/2019 7:00,7565.576195
11/08/2019 7:30,7970.181996
11/08/2019 8:00,8300.515696
11/08/2019 8:30,8510.884366
11/08/2019 9:00,8512.600005
11/08/2019 9:30,8472.233327
11/08/2019 10:00,8311.191023
11/08/2019 10:30,8202.925787
11/08/2019 11:00,8044.83467
11/08/2019 11:30,7945.992615
11/08/2019 12:00,7862.389322
11/08/2019 12:30,7840.667891
11/08/2019 13:00,7802.93883
11/08/2019 13:30,7776.251036
11/08/2019 14:00,7821.751701
11/08/2019 14:30,7865.228494
11/08/2019 15:00,7922.678601
11/08/2019 15:30,8128.354299
11/08/2019 16:00,8371.454076
11/08/2019 16:30,8686.483913
11/08/2019 17:00,9080.534047
11/08/2019 17:30,9477.94318
11/08/2019 18:00,10040.58132
11/08/2019 18:30,10200.53626
11/08/2019 19:00,10133.13805
11/08/2019 19:30,9976.301097
11/08/2019 20:00,9812.69629
11/08/2019 20:30,9662.982931
11/08/2019 21:00,9497.310266
11/08/2019 21:30,9292.584091
11/08/2019 22:00,9106.438448
11/08/2019 22:30,8970.187499
11/08/2019 23:00,8733.130242
11/08/2019 23:30,8560.418981
12/08/2019 0:00,8599.682265
12/08/2019 0:30,8349.232427
12/08/2019 1:00,8138.750067
12/08/2019 1:30,7909.449055
12/08/2019 2:00,7698.400147
12/08/2019 2:30,7446.88595
12/08/2019 3:00,7282.777327
12/08/2019 3:30,7139.135498
12/08/2019 4:00,7089.522442
12/08/2019 4:30,7114.111357
12/08/2019 5:00,7173.742402
12/08/2019 5:30,7408.506182
12/08/2019 6:00,7657.405763
12/08/2019 6:30,7979.630851
12/08/2019 7:00,8348.488967
12/08/2019 7:30,8773.305914
12/08/2019 8:00,9160.929013
12/08/2019 8:30,9428.905333
12/08/2019 9:00,9566.164843
12/08/2019 9:30,9565.47125
12/08/2019 10:00,9495.697789
12/08/2019 10:30,9392.307531
12/08/2019 11:00,9314.595842
12/08/2019 11:30,9166.660621
12/08/2019 12:00,9021.850262
12/08/2019 12:30,8978.660592
12/08/2019 13:00,8914.034074
12/08/2019 13:30,8808.241506
12/08/2019 14:00,8893.499998
12/08/2019 14:30,9022.521761
12/08/2019 15:00,9045.445756
12/08/2019 15:30,9187.603798
12/08/2019 16:00,9381.472513
12/08/2019 16:30,9682.231966
12/08/2019 17:00,10028.69667
12/08/2019 17:30,10476.73435
12/08/2019 18:00,11109.78222
12/08/2019 18:30,11349.69094
12/08/2019 19:00,11295.86097
12/08/2019 19:30,11148.41584
12/08/2019 20:00,10961.88127
12/08/2019 20:30,10815.56138
12/08/2019 21:00,10596.67961
12/08/2019 21:30,10328.85145
12/08/2019 22:00,9963.987798
12/08/2019 22:30,9696.954544
12/08/2019 23:00,9351.041151
12/08/2019 23:30,9128.518417
13/08/2019 0:00,8561.943322
13/08/2019 0:30,8339.736396
13/08/2019 1:00,8159.246557
13/08/2019 1:30,7921.15155
13/08/2019 2:00,7727.514797
13/08/2019 2:30,7454.926842
13/08/2019 3:00,7251.18331
13/08/2019 3:30,7130.508482
13/08/2019 4:00,7088.276398
13/08/2019 4:30,7206.004051
13/08/2019 5:00,7304.535335
13/08/2019 5:30,7702.645753
13/08/2019 6:00,8130.458279
13/08/2019 6:30,8867.959492
13/08/2019 7:00,9611.253843
13/08/2019 7:30,10051.68502
13/08/2019 8:00,10304.94705
13/08/2019 8:30,10220.07539
13/08/2019 9:00,9953.621197
13/08/2019 9:30,9761.969968
13/08/2019 10:00,9465.058807
13/08/2019 10:30,9211.144399
13/08/2019 11:00,9008.972719
13/08/2019 11:30,8784.878859
13/08/2019 12:00,8643.088209
13/08/2019 12:30,8513.701645
13/08/2019 13:00,8435.368403
13/08/2019 13:30,8343.601046
13/08/2019 14:00,8283.623437
13/08/2019 14:30,8299.69442
13/08/2019 15:00,8328.63528
13/08/2019 15:30,8389.867507
13/08/2019 16:00,8608.855564
13/08/2019 16:30,8846.267725
13/08/2019 17:00,9234.776421
13/08/2019 17:30,9704.654221
13/08/2019 18:00,10380.78541
13/08/2019 18:30,10654.67643
13/08/2019 19:00,10670.72595
13/08/2019 19:30,10532.1743
13/08/2019 20:00,10327.16703
13/08/2019 20:30,10195.27135
13/08/2019 21:00,9968.314012
13/08/2019 21:30,9710.69951
13/08/2019 22:00,9398.012736
13/08/2019 22:30,9226.352328
13/08/2019 23:00,8926.227971
13/08/2019 23:30,8757.161564
14/08/2019 0:00,8638.331302
14/08/2019 0:30,8466.462086
14/08/2019 1:00,8301.033911
14/08/2019 1:30,8068.419232
14/08/2019 2:00,7863.030542
14/08/2019 2:30,7574.624155
14/08/2019 3:00,7395.486652
14/08/2019 3:30,7231.212605
14/08/2019 4:00,7094.083054
14/08/2019 4:30,7198.18384
14/08/2019 5:00,7319.824402
14/08/2019 5:30,7707.679205
14/08/2019 6:00,8185.182713
14/08/2019 6:30,8937.249593
14/08/2019 7:00,9633.504401
14/08/2019 7:30,10006.93894
14/08/2019 8:00,10150.93876
14/08/2019 8:30,10025.05553
14/08/2019 9:00,9670.281957
14/08/2019 9:30,9443.981436
14/08/2019 10:00,9160.858284
14/08/2019 10:30,8943.820197
14/08/2019 11:00,8704.40196
14/08/2019 11:30,8493.202337
14/08/2019 12:00,8391.896484
14/08/2019 12:30,8269.963827
14/08/2019 13:00,8224.248896
14/08/2019 13:30,8193.652694
14/08/2019 14:00,8175.971347
14/08/2019 14:30,8198.531455
14/08/2019 15:00,8267.926052
14/08/2019 15:30,8362.199274
14/08/2019 16:00,8587.619706
14/08/2019 16:30,8876.553734
14/08/2019 17:00,9269.595456
14/08/2019 17:30,9778.00233
14/08/2019 18:00,10439.9604
14/08/2019 18:30,10736.2882
14/08/2019 19:00,10740.94803
14/08/2019 19:30,10640.20581
14/08/2019 20:00,10468.87982
14/08/2019 20:30,10339.92525
14/08/2019 21:00,10107.51461
14/08/2019 21:30,9841.022752
14/08/2019 22:00,9502.821216
14/08/2019 22:30,9371.671537
14/08/2019 23:00,9070.140371
14/08/2019 23:30,8852.842182
15/08/2019 0:00,8611.770055
15/08/2019 0:30,8430.996355
15/08/2019 1:00,8251.086211
15/08/2019 1:30,8033.546344
15/08/2019 2:00,7828.049995
15/08/2019 2:30,7563.691802
15/08/2019 3:00,7359.557763
15/08/2019 3:30,7226.545644
15/08/2019 4:00,7131.385014
15/08/2019 4:30,7227.428865
15/08/2019 5:00,7366.925593
15/08/2019 5:30,7739.970329
15/08/2019 6:00,8167.69721
15/08/2019 6:30,8919.814715
15/08/2019 7:00,9639.186016
15/08/2019 7:30,10031.19333
15/08/2019 8:00,10180.1218
15/08/2019 8:30,10060.8132
15/08/2019 9:00,9739.315455
15/08/2019 9:30,9500.791904
15/08/2019 10:00,9219.980945
15/08/2019 10:30,9019.653529
15/08/2019 11:00,8792.757628
15/08/2019 11:30,8609.129407
15/08/2019 12:00,8489.434608
15/08/2019 12:30,8394.342301
15/08/2019 13:00,8364.944134
15/08/2019 13:30,8305.824545
15/08/2019 14:00,8276.003554
15/08/2019 14:30,8261.58969
15/08/2019 15:00,8295.688655
15/08/2019 15:30,8397.171587
15/08/2019 16:00,8584.909105
15/08/2019 16:30,8839.105442
15/08/2019 17:00,9217.634917
15/08/2019 17:30,9661.34132
15/08/2019 18:00,10316.60361
15/08/2019 18:30,10605.79455
15/08/2019 19:00,10612.77739
15/08/2019 19:30,10489.1334
15/08/2019 20:00,10322.23583
15/08/2019 20:30,10231.5465
15/08/2019 21:00,10048.35965
15/08/2019 21:30,9747.104401
15/08/2019 22:00,9463.100116
15/08/2019 22:30,9238.6559
15/08/2019 23:00,8978.572626
15/08/2019 23:30,8773.793711
16/08/2019 0:00,8622.326838
16/08/2019 0:30,8426.910789
16/08/2019 1:00,8205.343189
16/08/2019 1:30,7992.013364
16/08/2019 2:00,7773.265158
16/08/2019 2:30,7498.37022
16/08/2019 3:00,7246.320033
16/08/2019 3:30,7111.862466
16/08/2019 4:00,7020.106288
16/08/2019 4:30,7099.461209
16/08/2019 5:00,7219.741434
16/08/2019 5:30,7640.069976
16/08/2019 6:00,8102.715961
16/08/2019 6:30,8850.060152
16/08/2019 7:00,9577.028311
16/08/2019 7:30,9958.63745
16/08/2019 8:00,10045.3252
16/08/2019 8:30,9913.634673
16/08/2019 9:00,9523.81345
16/08/2019 9:30,9297.694157
16/08/2019 10:00,8959.952733
16/08/2019 10:30,8740.317859
16/08/2019 11:00,8513.872504
16/08/2019 11:30,8261.251364
16/08/2019 12:00,8044.424021
16/08/2019 12:30,7952.620877
16/08/2019 13:00,7874.610598
16/08/2019 13:30,7844.994141
16/08/2019 14:00,7824.265178
16/08/2019 14:30,7887.614551
16/08/2019 15:00,7933.934367
16/08/2019 15:30,8049.760308
16/08/2019 16:00,8288.280293
16/08/2019 16:30,8510.319919
16/08/2019 17:00,8832.915967
16/08/2019 17:30,9234.661377
16/08/2019 18:00,9915.749477
16/08/2019 18:30,10174.13695
16/08/2019 19:00,10205.3133
16/08/2019 19:30,10082.06415
16/08/2019 20:00,9947.865063
16/08/2019 20:30,9810.370679
16/08/2019 21:00,9624.829522
16/08/2019 21:30,9399.925562
16/08/2019 22:00,9081.52847
16/08/2019 22:30,8952.012684
16/08/2019 23:00,8615.681846
16/08/2019 23:30,8467.840618
17/08/2019 0:00,8179.815053
17/08/2019 0:30,8002.20709
17/08/2019 1:00,7785.595125
17/08/2019 1:30,7538.74888
17/08/2019 2:00,7318.664497
17/08/2019 2:30,7033.068004
17/08/2019 3:00,6804.104931
17/08/2019 3:30,6669.367946
17/08/2019 4:00,6576.620275
17/08/2019 4:30,6625.752105
17/08/2019 5:00,6707.652422
17/08/2019 5:30,7054.478343
17/08/2019 6:00,7491.515315
17/08/2019 6:30,8195.275565
17/08/2019 7:00,8861.642056
17/08/2019 7:30,9207.369241
17/08/2019 8:00,9340.761581
17/08/2019 8:30,9159.563556
17/08/2019 9:00,8837.491018
17/08/2019 9:30,8510.840504
17/08/2019 10:00,8205.439131
17/08/2019 10:30,8017.0505
17/08/2019 11:00,7789.693959
17/08/2019 11:30,7603.823581
17/08/2019 12:00,7421.945854
17/08/2019 12:30,7299.068267
17/08/2019 13:00,7246.248687
17/08/2019 13:30,7203.893712
17/08/2019 14:00,7150.005731
17/08/2019 14:30,7168.183492
17/08/2019 15:00,7187.302786
17/08/2019 15:30,7310.671969
17/08/2019 16:00,7489.767331
17/08/2019 16:30,7701.952194
17/08/2019 17:00,7974.487941
17/08/2019 17:30,8249.292411
17/08/2019 18:00,8725.433543
17/08/2019 18:30,8879.600431
17/08/2019 19:00,8830.606809
17/08/2019 19:30,8691.045328
17/08/2019 20:00,8534.076583
17/08/2019 20:30,8431.023201
17/08/2019 21:00,8284.633338
17/08/2019 21:30,8098.655915
17/08/2019 22:00,7878.236639
17/08/2019 22:30,7873.551665
17/08/2019 23:00,7671.4445
17/08/2019 23:30,7549.3013
18/08/2019 0:00,7603.874077
18/08/2019 0:30,7356.960248
18/08/2019 1:00,7165.687986
18/08/2019 1:30,6962.191288
18/08/2019 2:00,6770.419859
18/08/2019 2:30,6510.779997
18/08/2019 3:00,6299.859961
18/08/2019 3:30,6137.083242
18/08/2019 4:00,6041.312412
18/08/2019 4:30,6060.456931
18/08/2019 5:00,6079.020839
18/08/2019 5:30,6306.735232
18/08/2019 6:00,6568.277923
18/08/2019 6:30,6933.620768
18/08/2019 7:00,7328.199968
18/08/2019 7:30,7682.051047
18/08/2019 8:00,7933.972772
18/08/2019 8:30,8029.119354
18/08/2019 9:00,7990.221931
18/08/2019 9:30,7902.077893
18/08/2019 10:00,7700.673084
18/08/2019 10:30,7530.69733
18/08/2019 11:00,7373.033402
18/08/2019 11:30,7229.112311
18/08/2019 12:00,7134.07161
18/08/2019 12:30,7060.846559
18/08/2019 13:00,7015.612429
18/08/2019 13:30,6963.574883
18/08/2019 14:00,6956.114075
18/08/2019 14:30,6993.632161
18/08/2019 15:00,7052.802914
18/08/2019 15:30,7215.24256
18/08/2019 16:00,7433.191567
18/08/2019 16:30,7726.257878
18/08/2019 17:00,8054.634579
18/08/2019 17:30,8411.461851
18/08/2019 18:00,8903.11637
18/08/2019 18:30,9114.618297
18/08/2019 19:00,9092.912237
18/08/2019 19:30,8982.904333
18/08/2019 20:00,8807.823872
18/08/2019 20:30,8768.364513
18/08/2019 21:00,8662.669873
18/08/2019 21:30,8513.111533
18/08/2019 22:00,8340.446255
18/08/2019 22:30,8324.292887
18/08/2019 23:00,8136.989373
18/08/2019 23:30,8055.471878
19/08/2019 0:00,8185.242731
19/08/2019 0:30,7974.90862
19/08/2019 1:00,7800.998814
19/08/2019 1:30,7610.990072
19/08/2019 2:00,7406.685986
19/08/2019 2:30,7176.923734
19/08/2019 3:00,6995.665354
19/08/2019 3:30,6881.426352
19/08/2019 4:00,6829.942848
19/08/2019 4:30,6870.934499
19/08/2019 5:00,6942.425471
19/08/2019 5:30,7147.272045
19/08/2019 6:00,7375.758581
19/08/2019 6:30,7729.507655
19/08/2019 7:00,8078.609569
19/08/2019 7:30,8353.195273
19/08/2019 8:00,8595.51091
19/08/2019 8:30,8795.595078
19/08/2019 9:00,8779.801667
19/08/2019 9:30,8714.942146
19/08/2019 10:00,8569.254916
19/08/2019 10:30,8461.581393
19/08/2019 11:00,8269.053949
19/08/2019 11:30,8088.484866
19/08/2019 12:00,7928.958258
19/08/2019 12:30,7853.826627
19/08/2019 13:00,7759.833513
19/08/2019 13:30,7685.176857
19/08/2019 14:00,7697.424915
19/08/2019 14:30,7767.44654
19/08/2019 15:00,7825.510553
19/08/2019 15:30,8016.169755
19/08/2019 16:00,8232.32364
19/08/2019 16:30,8519.695949
19/08/2019 17:00,8865.367565
19/08/2019 17:30,9151.947758
19/08/2019 18:00,9662.254478
19/08/2019 18:30,9881.743023
19/08/2019 19:00,9820.142734
19/08/2019 19:30,9670.663398
19/08/2019 20:00,9490.15354
19/08/2019 20:30,9302.490313
19/08/2019 21:00,9130.894783
19/08/2019 21:30,8933.82209
19/08/2019 22:00,8732.715444
19/08/2019 22:30,8552.219486
19/08/2019 23:00,8362.771237
19/08/2019 23:30,8268.669173
20/08/2019 0:00,7762.95697
20/08/2019 0:30,7548.419697
20/08/2019 1:00,7352.471949
20/08/2019 1:30,7204.695156
20/08/2019 2:00,7010.141518
20/08/2019 2:30,6795.609378
20/08/2019 3:00,6634.240314
20/08/2019 3:30,6537.314538
20/08/2019 4:00,6488.468212
20/08/2019 4:30,6569.023862
20/08/2019 5:00,6684.656126
20/08/2019 5:30,7056.233939
20/08/2019 6:00,7462.021415
20/08/2019 6:30,8150.096577
20/08/2019 7:00,8786.951415
20/08/2019 7:30,9077.576873
20/08/2019 8:00,9205.328096
20/08/2019 8:30,9084.335148
20/08/2019 9:00,8877.878725
20/08/2019 9:30,8715.840048
20/08/2019 10:00,8568.193466
20/08/2019 10:30,8449.701928
20/08/2019 11:00,8346.211663
20/08/2019 11:30,8211.516555
20/08/2019 12:00,8143.59395
20/08/2019 12:30,8074.317416
20/08/2019 13:00,8071.344225
20/08/2019 13:30,8052.374356
20/08/2019 14:00,8072.03199
20/08/2019 14:30,8081.752068
20/08/2019 15:00,8092.127259
20/08/2019 15:30,8217.597576
20/08/2019 16:00,8442.175941
20/08/2019 16:30,8716.985297
20/08/2019 17:00,9164.813774
20/08/2019 17:30,9668.630512
20/08/2019 18:00,10309.32237
20/08/2019 18:30,10609.25745
20/08/2019 19:00,10608.69039
20/08/2019 19:30,10424.18957
20/08/2019 20:00,10196.21749
20/08/2019 20:30,10066.79421
20/08/2019 21:00,9779.575966
20/08/2019 21:30,9481.372651
20/08/2019 22:00,9133.863384
20/08/2019 22:30,8952.445884
20/08/2019 23:00,8627.268638
20/08/2019 23:30,8389.379392
21/08/2019 0:00,8336.630604
21/08/2019 0:30,8148.365966
21/08/2019 1:00,7989.682746
21/08/2019 1:30,7741.585259
21/08/2019 2:00,7481.067216
21/08/2019 2:30,7201.636965
21/08/2019 3:00,6994.157321
21/08/2019 3:30,6800.792606
21/08/2019 4:00,6769.35708
21/08/2019 4:30,6834.315223
21/08/2019 5:00,6965.857716
21/08/2019 5:30,7352.610039
21/08/2019 6:00,7854.80341
21/08/2019 6:30,8601.284848
21/08/2019 7:00,9300.775381
21/08/2019 7:30,9645.68835
21/08/2019 8:00,9677.705124
21/08/2019 8:30,9521.426586
21/08/2019 9:00,9173.484116
21/08/2019 9:30,8969.245916
21/08/2019 10:00,8688.593051
21/08/2019 10:30,8516.429969
21/08/2019 11:00,8335.186659
21/08/2019 11:30,8135.004927
21/08/2019 12:00,8000.572042
21/08/2019 12:30,7907.594306
21/08/2019 13:00,7863.616128
21/08/2019 13:30,7814.303319
21/08/2019 14:00,7821.959241
21/08/2019 14:30,7838.429065
21/08/2019 15:00,7880.634262
21/08/2019 15:30,7998.551311
21/08/2019 16:00,8208.469332
21/08/2019 16:30,8503.107465
21/08/2019 17:00,8863.767945
21/08/2019 17:30,9309.051344
21/08/2019 18:00,9919.504542
21/08/2019 18:30,10213.41279
21/08/2019 19:00,10264.23751
21/08/2019 19:30,10114.78999
21/08/2019 20:00,9964.131968
21/08/2019 20:30,9755.215971
21/08/2019 21:00,9520.556229
21/08/2019 21:30,9268.550717
21/08/2019 22:00,8992.269412
21/08/2019 22:30,8819.234774
21/08/2019 23:00,8482.234435
21/08/2019 23:30,8317.884599
22/08/2019 0:00,8132.955204
22/08/2019 0:30,7938.261188
22/08/2019 1:00,7759.108166
22/08/2019 1:30,7541.265993
22/08/2019 2:00,7333.15883
22/08/2019 2:30,7061.05142
22/08/2019 3:00,6889.248391
22/08/2019 3:30,6723.352875
22/08/2019 4:00,6659.236957
22/08/2019 4:30,6687.101005
22/08/2019 5:00,6822.163004
22/08/2019 5:30,7177.247954
22/08/2019 6:00,7629.760367
22/08/2019 6:30,8292.240485
22/08/2019 7:00,8938.168529
22/08/2019 7:30,9228.605574
22/08/2019 8:00,9276.741415
22/08/2019 8:30,9105.022498
22/08/2019 9:00,8845.261624
22/08/2019 9:30,8640.872959
22/08/2019 10:00,8443.989758
22/08/2019 10:30,8273.855878
22/08/2019 11:00,8098.420424
22/08/2019 11:30,7933.887482
22/08/2019 12:00,7851.789032
22/08/2019 12:30,7774.207054
22/08/2019 13:00,7724.061639
22/08/2019 13:30,7658.709961
22/08/2019 14:00,7663.268711
22/08/2019 14:30,7750.651783
22/08/2019 15:00,7842.302862
22/08/2019 15:30,7921.926445
22/08/2019 16:00,8168.517709
22/08/2019 16:30,8392.451957
22/08/2019 17:00,8721.923432
22/08/2019 17:30,9037.435139
22/08/2019 18:00,9606.190572
22/08/2019 18:30,9812.355788
22/08/2019 19:00,9791.25819
22/08/2019 19:30,9651.539626
22/08/2019 20:00,9474.17954
22/08/2019 20:30,9301.644655
22/08/2019 21:00,9083.007209
22/08/2019 21:30,8884.009424
22/08/2019 22:00,8593.059566
22/08/2019 22:30,8438.750329
22/08/2019 23:00,8205.674499
22/08/2019 23:30,8079.131199
23/08/2019 0:00,7965.423776
23/08/2019 0:30,7786.616884
23/08/2019 1:00,7645.520227
23/08/2019 1:30,7416.217525
23/08/2019 2:00,7202.660863
23/08/2019 2:30,6970.773288
23/08/2019 3:00,6751.865885
23/08/2019 3:30,6634.884597
23/08/2019 4:00,6582.097452
23/08/2019 4:30,6634.494637
23/08/2019 5:00,6741.989801
23/08/2019 5:30,7077.735724
23/08/2019 6:00,7483.263084
23/08/2019 6:30,8093.532031
23/08/2019 7:00,8682.881136
23/08/2019 7:30,8940.234378
23/08/2019 8:00,8982.265768
23/08/2019 8:30,8836.476175
23/08/2019 9:00,8567.387943
23/08/2019 9:30,8445.690857
23/08/2019 10:00,8295.730154
23/08/2019 10:30,8245.72219
23/08/2019 11:00,8167.483799
23/08/2019 11:30,8143.344523
23/08/2019 12:00,8069.615188
23/08/2019 12:30,8049.325498
23/08/2019 13:00,8067.135329
23/08/2019 13:30,8106.580429
23/08/2019 14:00,8090.418153
23/08/2019 14:30,8123.584504
23/08/2019 15:00,8131.600136
23/08/2019 15:30,8226.046168
23/08/2019 16:00,8418.497078
23/08/2019 16:30,8652.901447
23/08/2019 17:00,9007.595084
23/08/2019 17:30,9412.921898
23/08/2019 18:00,10003.93965
23/08/2019 18:30,10192.26719
23/08/2019 19:00,10130.08676
23/08/2019 19:30,9981.405171
23/08/2019 20:00,9810.442732
23/08/2019 20:30,9637.061206
23/08/2019 21:00,9416.170885
23/08/2019 21:30,9200.418422
23/08/2019 22:00,8885.01456
23/08/2019 22:30,8781.517708
23/08/2019 23:00,8481.663957
23/08/2019 23:30,8368.231961
24/08/2019 0:00,8128.288034
24/08/2019 0:30,7952.567997
24/08/2019 1:00,7738.22047
24/08/2019 1:30,7477.498459
24/08/2019 2:00,7275.81563
24/08/2019 2:30,6957.280551
24/08/2019 3:00,6748.714936
24/08/2019 3:30,6585.643912
24/08/2019 4:00,6560.117892
24/08/2019 4:30,6590.139656
24/08/2019 5:00,6705.883584
24/08/2019 5:30,7083.85516
24/08/2019 6:00,7481.712299
24/08/2019 6:30,8123.481654
24/08/2019 7:00,8793.093473
24/08/2019 7:30,9124.468813
24/08/2019 8:00,9272.355118
24/08/2019 8:30,9143.236885
24/08/2019 9:00,8881.363258
24/08/2019 9:30,8620.789445
24/08/2019 10:00,8362.586639
24/08/2019 10:30,8094.969865
24/08/2019 11:00,7829.327923
24/08/2019 11:30,7572.66498
24/08/2019 12:00,7368.369104
24/08/2019 12:30,7261.954708
24/08/2019 13:00,7155.523984
24/08/2019 13:30,7067.502161
24/08/2019 14:00,7049.893639
24/08/2019 14:30,7047.25154
24/08/2019 15:00,7052.388259
24/08/2019 15:30,7174.316664
24/08/2019 16:00,7405.45993
24/08/2019 16:30,7632.039108
24/08/2019 17:00,8007.755494
24/08/2019 17:30,8321.273675
24/08/2019 18:00,8866.630062
24/08/2019 18:30,9118.997293
24/08/2019 19:00,9139.468903
24/08/2019 19:30,9037.247641
24/08/2019 20:00,8887.706659
24/08/2019 20:30,8763.580545
24/08/2019 21:00,8599.898996
24/08/2019 21:30,8434.333892
24/08/2019 22:00,8251.301084
24/08/2019 22:30,8218.022883
24/08/2019 23:00,7982.714077
24/08/2019 23:30,7821.841123
25/08/2019 0:00,7802.662013
25/08/2019 0:30,7602.932006
25/08/2019 1:00,7388.654492
25/08/2019 1:30,7097.944743
25/08/2019 2:00,6830.424661
25/08/2019 2:30,6542.036196
25/08/2019 3:00,6337.965439
25/08/2019 3:30,6204.111646
25/08/2019 4:00,6071.250188
25/08/2019 4:30,6100.76258
25/08/2019 5:00,6156.632162
25/08/2019 5:30,6403.696483
25/08/2019 6:00,6696.083103
25/08/2019 6:30,7109.817762
25/08/2019 7:00,7512.464209
25/08/2019 7:30,7848.648189
25/08/2019 8:00,8055.217835
25/08/2019 8:30,8140.868754
25/08/2019 9:00,8047.311836
25/08/2019 9:30,7918.165117
25/08/2019 10:00,7621.031261
25/08/2019 10:30,7399.11397
25/08/2019 11:00,7137.529452
25/08/2019 11:30,6972.620395
25/08/2019 12:00,6798.078783
25/08/2019 12:30,6689.314285
25/08/2019 13:00,6646.501569
25/08/2019 13:30,6629.522152
25/08/2019 14:00,6601.865511
25/08/2019 14:30,6668.394188
25/08/2019 15:00,6749.806036
25/08/2019 15:30,6885.243977
25/08/2019 16:00,7101.230636
25/08/2019 16:30,7340.423606
25/08/2019 17:00,7692.62947
25/08/2019 17:30,7968.069996
25/08/2019 18:00,8449.770592
25/08/2019 18:30,8770.148203
25/08/2019 19:00,8754.978017
25/08/2019 19:30,8650.317986
25/08/2019 20:00,8546.25187
25/08/2019 20:30,8434.179643
25/08/2019 21:00,8330.666378
25/08/2019 21:30,8221.581724
25/08/2019 22:00,8091.799119
25/08/2019 22:30,8067.433752
25/08/2019 23:00,7919.452492
25/08/2019 23:30,7858.513576
26/08/2019 0:00,8020.283899
26/08/2019 0:30,7830.658
26/08/2019 1:00,7694.42978
26/08/2019 1:30,7479.238192
26/08/2019 2:00,7311.364146
26/08/2019 2:30,7053.997541
26/08/2019 3:00,6908.895082
26/08/2019 3:30,6833.745204
26/08/2019 4:00,6783.680177
26/08/2019 4:30,6837.49386
26/08/2019 5:00,6901.943344
26/08/2019 5:30,7120.452009
26/08/2019 6:00,7386.213227
26/08/2019 6:30,7695.318935
26/08/2019 7:00,8047.821125
26/08/2019 7:30,8300.324534
26/08/2019 8:00,8455.618388
26/08/2019 8:30,8555.187164
26/08/2019 9:00,8497.935245
26/08/2019 9:30,8413.664126
26/08/2019 10:00,8270.574348
26/08/2019 10:30,8125.351108
26/08/2019 11:00,7993.887966
26/08/2019 11:30,7893.78131
26/08/2019 12:00,7764.483447
26/08/2019 12:30,7662.8011
26/08/2019 13:00,7623.28144
26/08/2019 13:30,7595.991658
26/08/2019 14:00,7663.154366
26/08/2019 14:30,7698.642109
26/08/2019 15:00,7821.272614
26/08/2019 15:30,8022.782184
26/08/2019 16:00,8265.62176
26/08/2019 16:30,8540.220492
26/08/2019 17:00,8903.74629
26/08/2019 17:30,9253.25576
26/08/2019 18:00,9723.209769
26/08/2019 18:30,9973.419134
26/08/2019 19:00,9946.460871
26/08/2019 19:30,9819.272038
26/08/2019 20:00,9624.754761
26/08/2019 20:30,9465.078172
26/08/2019 21:00,9308.10927
26/08/2019 21:30,9110.475221
26/08/2019 22:00,8837.392769
26/08/2019 22:30,8711.802484
26/08/2019 23:00,8484.255739
26/08/2019 23:30,8387.204137
27/08/2019 0:00,7882.06243
27/08/2019 0:30,7728.848068
27/08/2019 1:00,7551.246779
27/08/2019 1:30,7363.049031
27/08/2019 2:00,7181.563221
27/08/2019 2:30,6929.537866
27/08/2019 3:00,6751.060015
27/08/2019 3:30,6661.779863
27/08/2019 4:00,6620.583394
27/08/2019 4:30,6679.689461
27/08/2019 5:00,6799.156734
27/08/2019 5:30,7172.311356
27/08/2019 6:00,7547.624981
27/08/2019 6:30,8163.912361
27/08/2019 7:00,8694.939675
27/08/2019 7:30,8998.064182
27/08/2019 8:00,9173.324756
27/08/2019 8:30,9218.210173
27/08/2019 9:00,9075.377461
27/08/2019 9:30,8958.180432
27/08/2019 10:00,8871.076459
27/08/2019 10:30,8858.300888
27/08/2019 11:00,8803.050118
27/08/2019 11:30,8680.818239
27/08/2019 12:00,8667.046014
27/08/2019 12:30,8605.26445
27/08/2019 13:00,8582.104741
27/08/2019 13:30,8580.3276
27/08/2019 14:00,8551.55602
27/08/2019 14:30,8472.942641
27/08/2019 15:00,8471.282386
27/08/2019 15:30,8557.41732
27/08/2019 16:00,8753.284586
27/08/2019 16:30,9005.315975
27/08/2019 17:00,9296.549267
27/08/2019 17:30,9634.400158
27/08/2019 18:00,10102.90598
27/08/2019 18:30,10282.53374
27/08/2019 19:00,10194.39129
27/08/2019 19:30,9949.77159
27/08/2019 20:00,9724.036983
27/08/2019 20:30,9515.771145
27/08/2019 21:00,9268.51442
27/08/2019 21:30,8997.716726
27/08/2019 22:00,8724.15797
27/08/2019 22:30,8559.625977
27/08/2019 23:00,8324.102507
27/08/2019 23:30,8157.087288
28/08/2019 0:00,8125.851083
28/08/2019 0:30,7972.443332
28/08/2019 1:00,7776.293735
28/08/2019 1:30,7549.439742
28/08/2019 2:00,7354.414661
28/08/2019 2:30,7094.252767
28/08/2019 3:00,6882.794342
28/08/2019 3:30,6698.735088
28/08/2019 4:00,6614.616246
28/08/2019 4:30,6675.295244
28/08/2019 5:00,6791.875917
28/08/2019 5:30,7128.496084
28/08/2019 6:00,7512.505789
28/08/2019 6:30,8141.054421
28/08/2019 7:00,8702.071076
28/08/2019 7:30,8962.021215
28/08/2019 8:00,9089.136895
28/08/2019 8:30,9008.166752
28/08/2019 9:00,8753.700844
28/08/2019 9:30,8657.819622
28/08/2019 10:00,8539.458183
28/08/2019 10:30,8503.369728
28/08/2019 11:00,8369.364479
28/08/2019 11:30,8303.933713
28/08/2019 12:00,8210.538982
28/08/2019 12:30,8182.658289
28/08/2019 13:00,8125.651758
28/08/2019 13:30,8156.816726
28/08/2019 14:00,8149.191268
28/08/2019 14:30,8082.997658
28/08/2019 15:00,8110.317604
28/08/2019 15:30,8196.328427
28/08/2019 16:00,8354.375179
28/08/2019 16:30,8579.752363
28/08/2019 17:00,8843.147874
28/08/2019 17:30,9210.645926
28/08/2019 18:00,9732.942341
28/08/2019 18:30,10029.75868
28/08/2019 19:00,10037.70029
28/08/2019 19:30,9870.064345
28/08/2019 20:00,9694.574964
28/08/2019 20:30,9527.688675
28/08/2019 21:00,9328.311498
28/08/2019 21:30,9051.763434
28/08/2019 22:00,8795.216387
28/08/2019 22:30,8666.86355
28/08/2019 23:00,8433.818685
28/08/2019 23:30,8304.356089
29/08/2019 0:00,8137.097401
29/08/2019 0:30,7967.527136
29/08/2019 1:00,7809.932578
29/08/2019 1:30,7641.167201
29/08/2019 2:00,7413.259675
29/08/2019 2:30,7105.353385
29/08/2019 3:00,6915.466687
29/08/2019 3:30,6736.543719
29/08/2019 4:00,6665.504389
29/08/2019 4:30,6721.292826
29/08/2019 5:00,6847.501612
29/08/2019 5:30,7280.926506
29/08/2019 6:00,7648.743278
29/08/2019 6:30,8296.064118
29/08/2019 7:00,8847.171199
29/08/2019 7:30,9074.877224
29/08/2019 8:00,9117.859046
29/08/2019 8:30,8975.013616
29/08/2019 9:00,8733.45187
29/08/2019 9:30,8572.131886
29/08/2019 10:00,8355.37219
29/08/2019 10:30,8219.948342
29/08/2019 11:00,8121.636497
29/08/2019 11:30,7976.542077
29/08/2019 12:00,7942.897034
29/08/2019 12:30,7885.064618
29/08/2019 13:00,7860.248613
29/08/2019 13:30,7803.739288
29/08/2019 14:00,7653.119418
29/08/2019 14:30,7717.311461
29/08/2019 15:00,7858.872697
29/08/2019 15:30,7938.131924
29/08/2019 16:00,8114.140071
29/08/2019 16:30,8319.099496
29/08/2019 17:00,8608.493661
29/08/2019 17:30,8920.6192
29/08/2019 18:00,9408.773088
29/08/2019 18:30,9655.732226
29/08/2019 19:00,9673.485371
29/08/2019 19:30,9542.980945
29/08/2019 20:00,9392.926917
29/08/2019 20:30,9252.955368
29/08/2019 21:00,9107.322827
29/08/2019 21:30,8968.085931
29/08/2019 22:00,8679.600594
29/08/2019 22:30,8621.891814
29/08/2019 23:00,8371.679143
29/08/2019 23:30,8253.708213
30/08/2019 0:00,8126.099461
30/08/2019 0:30,7986.641546
30/08/2019 1:00,7831.329398
30/08/2019 1:30,7614.130016
30/08/2019 2:00,7406.733644
30/08/2019 2:30,7179.29212
30/08/2019 3:00,6947.908373
30/08/2019 3:30,6814.809192
30/08/2019 4:00,6759.530693
30/08/2019 4:30,6789.716121
30/08/2019 5:00,6924.75655
30/08/2019 5:30,7300.559294
30/08/2019 6:00,7660.718279
30/08/2019 6:30,8331.965018
30/08/2019 7:00,8932.128562
30/08/2019 7:30,9251.784419
30/08/2019 8:00,9400.186285
30/08/2019 8:30,9403.95496
30/08/2019 9:00,9181.022716
30/08/2019 9:30,9106.053449
30/08/2019 10:00,9034.711508
30/08/2019 10:30,8944.369956
30/08/2019 11:00,8838.498913
30/08/2019 11:30,8700.043635
30/08/2019 12:00,8716.689853
30/08/2019 12:30,8726.08365
30/08/2019 13:00,8752.65591
30/08/2019 13:30,8785.222616
30/08/2019 14:00,8788.397163
30/08/2019 14:30,8837.812831
30/08/2019 15:00,8886.594612
30/08/2019 15:30,8904.358371
30/08/2019 16:00,9142.648049
30/08/2019 16:30,9390.604354
30/08/2019 17:00,9700.724147
30/08/2019 17:30,10006.84064
30/08/2019 18:00,10450.45014
30/08/2019 18:30,10547.70877
30/08/2019 19:00,10505.31921
30/08/2019 19:30,10283.46631
30/08/2019 20:00,10112.53829
30/08/2019 20:30,9911.949472
30/08/2019 21:00,9672.1418
30/08/2019 21:30,9377.451892
30/08/2019 22:00,9077.455335
30/08/2019 22:30,9055.612245
30/08/2019 23:00,8518.091143
30/08/2019 23:30,8317.933725
31/08/2019 0:00,8041.709034
31/08/2019 0:30,7820.241167
31/08/2019 1:00,7612.249584
31/08/2019 1:30,7381.881845
31/08/2019 2:00,7177.475841
31/08/2019 2:30,6858.631291
31/08/2019 3:00,6596.775174
31/08/2019 3:30,6441.169992
31/08/2019 4:00,6334.463835
31/08/2019 4:30,6392.650478
31/08/2019 5:00,6479.907542
31/08/2019 5:30,6818.489036
31/08/2019 6:00,7188.988496
31/08/2019 6:30,7817.857305
31/08/2019 7:00,8442.840436
31/08/2019 7:30,8733.050621
31/08/2019 8:00,8975.941792
31/08/2019 8:30,8937.887367
31/08/2019 9:00,8782.812253
31/08/2019 9:30,8701.510671
31/08/2019 10:00,8563.705483
31/08/2019 10:30,8455.62138
31/08/2019 11:00,8401.200175
31/08/2019 11:30,8364.644689
31/08/2019 12:00,8328.338282
31/08/2019 12:30,8232.911513
31/08/2019 13:00,8166.334745
31/08/2019 13:30,8176.980274
31/08/2019 14:00,8143.952492
31/08/2019 14:30,8144.582164
31/08/2019 15:00,8172.645811
31/08/2019 15:30,8240.591075
31/08/2019 16:00,8418.044326
31/08/2019 16:30,8620.359599
31/08/2019 17:00,8864.727775
31/08/2019 17:30,9110.684449
31/08/2019 18:00,9534.364517
31/08/2019 18:30,9636.377275
31/08/2019 19:00,9556.624186
31/08/2019 19:30,9305.691328
31/08/2019 20:00,9087.698624
31/08/2019 20:30,8899.802717
31/08/2019 21:00,8702.926939
31/08/2019 21:30,8460.027357
31/08/2019 22:00,8251.430738
31/08/2019 22:30,8164.540691
31/08/2019 23:00,7919.784493
31/08/2019 23:30,7761.402326
1/09/2019 0:00,7696.34931
1/09/2019 0:30,7503.009442
1/09/2019 1:00,7239.521281
1/09/2019 1:30,7009.483494
1/09/2019 2:00,6753.047447
1/09/2019 2:30,6430.688528
1/09/2019 3:00,6219.580665
1/09/2019 3:30,6027.492834
1/09/2019 4:00,5930.797334
1/09/2019 4:30,5939.402868
1/09/2019 5:00,5989.735894
1/09/2019 5:30,6203.517701
1/09/2019 6:00,6455.540545
1/09/2019 6:30,6822.735557
1/09/2019 7:00,7196.456872
1/09/2019 7:30,7509.794492
1/09/2019 8:00,7729.263701
1/09/2019 8:30,7966.020625
1/09/2019 9:00,7982.705574
1/09/2019 9:30,7935.39905
1/09/2019 10:00,7764.16565
1/09/2019 10:30,7739.71002
1/09/2019 11:00,7608.475148
1/09/2019 11:30,7486.435776
1/09/2019 12:00,7435.835784
1/09/2019 12:30,7376.974899
1/09/2019 13:00,7365.312705
1/09/2019 13:30,7286.51432
1/09/2019 14:00,7292.899095
1/09/2019 14:30,7351.870145
1/09/2019 15:00,7426.554797
1/09/2019 15:30,7524.618256
1/09/2019 16:00,7721.755519
1/09/2019 16:30,7913.395359
1/09/2019 17:00,8241.651855
1/09/2019 17:30,8543.726395
1/09/2019 18:00,8988.766056
1/09/2019 18:30,9217.859163
1/09/2019 19:00,9162.874432
1/09/2019 19:30,9035.798585
1/09/2019 20:00,8829.70942
1/09/2019 20:30,8715.693288
1/09/2019 21:00,8570.824984
1/09/2019 21:30,8447.788997
1/09/2019 22:00,8314.282343
1/09/2019 22:30,8290.598425
1/09/2019 23:00,8130.200753
1/09/2019 23:30,8003.808066
2/09/2019 0:00,8131.762805
2/09/2019 0:30,7925.336812
2/09/2019 1:00,7689.843698
2/09/2019 1:30,7517.811327
2/09/2019 2:00,7343.987789
2/09/2019 2:30,7103.098705
2/09/2019 3:00,6958.951776
2/09/2019 3:30,6867.471522
2/09/2019 4:00,6827.10691
2/09/2019 4:30,6818.504645
2/09/2019 5:00,6865.497653
2/09/2019 5:30,7053.129405
2/09/2019 6:00,7268.530309
2/09/2019 6:30,7598.926597
2/09/2019 7:00,7907.874391
2/09/2019 7:30,8174.77634
2/09/2019 8:00,8325.53427
2/09/2019 8:30,8462.981421
2/09/2019 9:00,8441.115287
2/09/2019 9:30,8350.111306
2/09/2019 10:00,8209.864519
2/09/2019 10:30,8088.151955
2/09/2019 11:00,7900.515371
2/09/2019 11:30,7750.361379
2/09/2019 12:00,7624.243567
2/09/2019 12:30,7495.845383
2/09/2019 13:00,7423.542242
2/09/2019 13:30,7394.993891
2/09/2019 14:00,7396.465309
2/09/2019 14:30,7442.574526
2/09/2019 15:00,7532.315821
2/09/2019 15:30,7735.347896
2/09/2019 16:00,7947.984193
2/09/2019 16:30,8229.466124
2/09/2019 17:00,8522.714255
2/09/2019 17:30,8774.589664
2/09/2019 18:00,9215.320066
2/09/2019 18:30,9492.903789
2/09/2019 19:00,9536.110873
2/09/2019 19:30,9433.831913
2/09/2019 20:00,9299.45113
2/09/2019 20:30,9203.497664
2/09/2019 21:00,9044.397837
2/09/2019 21:30,8900.312597
2/09/2019 22:00,8713.254277
2/09/2019 22:30,8590.555967
2/09/2019 23:00,8406.559858
2/09/2019 23:30,8270.773524
3/09/2019 0:00,7703.72705
3/09/2019 0:30,7566.928001
3/09/2019 1:00,7432.068114
3/09/2019 1:30,7233.216794
3/09/2019 2:00,7072.644181
3/09/2019 2:30,6864.72866
3/09/2019 3:00,6702.927949
3/09/2019 3:30,6580.789746
3/09/2019 4:00,6509.036029
3/09/2019 4:30,6588.849594
3/09/2019 5:00,6704.92385
3/09/2019 5:30,7067.28786
3/09/2019 6:00,7460.782358
3/09/2019 6:30,8111.511889
3/09/2019 7:00,8626.635539
3/09/2019 7:30,8841.471558
3/09/2019 8:00,8872.240702
3/09/2019 8:30,8733.019676
3/09/2019 9:00,8508.552028
3/09/2019 9:30,8325.068204
3/09/2019 10:00,8165.573938
3/09/2019 10:30,8052.122908
3/09/2019 11:00,7933.708265
3/09/2019 11:30,7841.380898
3/09/2019 12:00,7752.839731
3/09/2019 12:30,7677.524849
3/09/2019 13:00,7652.477078
3/09/2019 13:30,7616.012967
3/09/2019 14:00,7606.229662
3/09/2019 14:30,7596.027977
3/09/2019 15:00,7705.593225
3/09/2019 15:30,7785.415092
3/09/2019 16:00,8015.740147
3/09/2019 16:30,8229.585391
3/09/2019 17:00,8525.892775
3/09/2019 17:30,8845.966331
3/09/2019 18:00,9310.855658
3/09/2019 18:30,9564.724055
3/09/2019 19:00,9568.783314
3/09/2019 19:30,9391.17346
3/09/2019 20:00,9206.450472
3/09/2019 20:30,9067.846865
3/09/2019 21:00,8828.321304
3/09/2019 21:30,8620.066403
3/09/2019 22:00,8344.010435
3/09/2019 22:30,8228.870126
3/09/2019 23:00,8010.056125
3/09/2019 23:30,7890.507408
4/09/2019 0:00,7843.601107
4/09/2019 0:30,7701.791506
4/09/2019 1:00,7516.628103
4/09/2019 1:30,7247.462171
4/09/2019 2:00,6618.429664
4/09/2019 2:30,6385.276497
4/09/2019 3:00,6198.538383
4/09/2019 3:30,6082.311337
4/09/2019 4:00,6033.002562
4/09/2019 4:30,6416.859501
4/09/2019 5:00,6611.933507
4/09/2019 5:30,6960.468338
4/09/2019 6:00,7365.71974
4/09/2019 6:30,7957.283882
4/09/2019 7:00,8498.873131
4/09/2019 7:30,8674.967753
4/09/2019 8:00,8656.675826
4/09/2019 8:30,8330.403755
4/09/2019 9:00,8190.253917
4/09/2019 9:30,8055.891893
4/09/2019 10:00,7881.762089
4/09/2019 10:30,7779.964806
4/09/2019 11:00,7634.959856
4/09/2019 11:30,7528.796113
4/09/2019 12:00,7467.230781
4/09/2019 12:30,7379.188071
4/09/2019 13:00,7405.827151
4/09/2019 13:30,7393.349554
4/09/2019 14:00,7432.848225
4/09/2019 14:30,7492.905202
4/09/2019 15:00,7578.130047
4/09/2019 15:30,7652.139789
4/09/2019 16:00,7887.297029
4/09/2019 16:30,8031.717785
4/09/2019 17:00,8311.44181
4/09/2019 17:30,8568.491567
4/09/2019 18:00,8962.992056
4/09/2019 18:30,9232.542144
4/09/2019 19:00,9252.111462
4/09/2019 19:30,9112.691388
4/09/2019 20:00,8918.477117
4/09/2019 20:30,8781.792839
4/09/2019 21:00,8593.725973
4/09/2019 21:30,8462.153029
4/09/2019 22:00,8234.30048
4/09/2019 22:30,8209.13353
4/09/2019 23:00,7996.108839
4/09/2019 23:30,7918.64634
5/09/2019 0:00,7771.047248
5/09/2019 0:30,7616.349119
5/09/2019 1:00,7435.782412
5/09/2019 1:30,7250.989045
5/09/2019 2:00,7047.379084
5/09/2019 2:30,6777.722795
5/09/2019 3:00,6587.920929
5/09/2019 3:30,6434.381602
5/09/2019 4:00,6371.670682
5/09/2019 4:30,6450.131476
5/09/2019 5:00,6583.953626
5/09/2019 5:30,6926.743043
5/09/2019 6:00,7332.979686
5/09/2019 6:30,7912.747183
5/09/2019 7:00,8419.247324
5/09/2019 7:30,8537.087451
5/09/2019 8:00,8538.53557
5/09/2019 8:30,8394.076534
5/09/2019 9:00,8121.089905
5/09/2019 9:30,7910.159765
5/09/2019 10:00,7785.97917
5/09/2019 10:30,7737.286076
5/09/2019 11:00,7627.616148
5/09/2019 11:30,7493.012405
5/09/2019 12:00,7423.594108
5/09/2019 12:30,7379.465976
5/09/2019 13:00,7368.405188
5/09/2019 13:30,7360.917883
5/09/2019 14:00,7424.581294
5/09/2019 14:30,7534.407842
5/09/2019 15:00,7586.908533
5/09/2019 15:30,7656.776107
5/09/2019 16:00,7860.542583
5/09/2019 16:30,8078.319504
5/09/2019 17:00,8297.429515
5/09/2019 17:30,8503.849648
5/09/2019 18:00,8913.209346
5/09/2019 18:30,9085.559179
5/09/2019 19:00,9041.292729
5/09/2019 19:30,8849.751821
5/09/2019 20:00,8652.518915
5/09/2019 20:30,8516.166032
5/09/2019 21:00,8343.71165
5/09/2019 21:30,8185.202686
5/09/2019 22:00,7976.346258
5/09/2019 22:30,7969.316213
5/09/2019 23:00,7782.596927
5/09/2019 23:30,7706.586281
6/09/2019 0:00,7609.176542
6/09/2019 0:30,7485.094964
6/09/2019 1:00,7346.501011
6/09/2019 1:30,7127.237796
6/09/2019 2:00,6906.094326
6/09/2019 2:30,6640.745662
6/09/2019 3:00,6459.731812
6/09/2019 3:30,6327.99468
6/09/2019 4:00,6275.287394
6/09/2019 4:30,6343.832468
6/09/2019 5:00,6455.210641
6/09/2019 5:30,6767.830389
6/09/2019 6:00,7105.098654
6/09/2019 6:30,7640.518713
6/09/2019 7:00,8099.216827
6/09/2019 7:30,8216.82949
6/09/2019 8:00,8234.73608
6/09/2019 8:30,8183.052386
6/09/2019 9:00,8011.293484
6/09/2019 9:30,7937.991995
6/09/2019 10:00,7839.020801
6/09/2019 10:30,7776.423933
6/09/2019 11:00,7717.184044
6/09/2019 11:30,7625.566868
6/09/2019 12:00,7543.339733
6/09/2019 12:30,7486.982989
6/09/2019 13:00,7511.939177
6/09/2019 13:30,7459.382112
6/09/2019 14:00,7519.638671
6/09/2019 14:30,7551.346747
6/09/2019 15:00,7656.950188
6/09/2019 15:30,7699.379901
6/09/2019 16:00,7862.459748
6/09/2019 16:30,8051.872392
6/09/2019 17:00,8255.811897
6/09/2019 17:30,8435.620689
6/09/2019 18:00,8774.841579
6/09/2019 18:30,8972.039153
6/09/2019 19:00,8947.651973
6/09/2019 19:30,8752.646433
6/09/2019 20:00,8551.681527
6/09/2019 20:30,8383.934336
6/09/2019 21:00,8222.514605
6/09/2019 21:30,8058.545454
6/09/2019 22:00,7833.461639
6/09/2019 22:30,7760.616634
6/09/2019 23:00,7628.308733
6/09/2019 23:30,7509.347269
7/09/2019 0:00,7292.379668
7/09/2019 0:30,7111.198901
7/09/2019 1:00,6918.914145
7/09/2019 1:30,6682.681679
7/09/2019 2:00,6504.454643
7/09/2019 2:30,6166.259447
7/09/2019 3:00,5977.994669
7/09/2019 3:30,5825.216098
7/09/2019 4:00,5749.439059
7/09/2019 4:30,5788.271979
7/09/2019 5:00,5883.764176
7/09/2019 5:30,6213.854716
7/09/2019 6:00,6501.502695
7/09/2019 6:30,7033.516232
7/09/2019 7:00,7434.861308
7/09/2019 7:30,7605.396693
7/09/2019 8:00,7672.275458
7/09/2019 8:30,7592.448856
7/09/2019 9:00,7490.367533
7/09/2019 9:30,7386.146003
7/09/2019 10:00,7236.873961
7/09/2019 10:30,7117.24463
7/09/2019 11:00,7055.248099
7/09/2019 11:30,6930.85866
7/09/2019 12:00,6910.186063
7/09/2019 12:30,6880.691816
7/09/2019 13:00,6896.861486
7/09/2019 13:30,6951.540163
7/09/2019 14:00,7050.338789
7/09/2019 14:30,7123.825586
7/09/2019 15:00,7140.205659
7/09/2019 15:30,7228.533252
7/09/2019 16:00,7379.763494
7/09/2019 16:30,7441.251136
7/09/2019 17:00,7605.610944
7/09/2019 17:30,7787.892275
7/09/2019 18:00,8023.481675
7/09/2019 18:30,8116.657013
7/09/2019 19:00,7995.905466
7/09/2019 19:30,7816.729453
7/09/2019 20:00,7646.054866
7/09/2019 20:30,7545.331408
7/09/2019 21:00,7376.750979
7/09/2019 21:30,7284.762439
7/09/2019 22:00,7136.443595
7/09/2019 22:30,7141.961874
7/09/2019 23:00,6962.542356
7/09/2019 23:30,6925.636181
8/09/2019 0:00,6983.288767
8/09/2019 0:30,6827.970085
8/09/2019 1:00,6602.340749
8/09/2019 1:30,6427.762414
8/09/2019 2:00,6158.885443
8/09/2019 2:30,5946.014504
8/09/2019 3:00,5729.560415
8/09/2019 3:30,5570.772862
8/09/2019 4:00,5509.977418
8/09/2019 4:30,5526.538142
8/09/2019 5:00,5567.734954
8/09/2019 5:30,5767.701271
8/09/2019 6:00,6005.187652
8/09/2019 6:30,6281.081158
8/09/2019 7:00,6630.543025
8/09/2019 7:30,6856.267327
8/09/2019 8:00,7058.268239
8/09/2019 8:30,7192.48516
8/09/2019 9:00,7212.228781
8/09/2019 9:30,7181.983463
8/09/2019 10:00,7059.429856
8/09/2019 10:30,6967.644159
8/09/2019 11:00,6785.352164
8/09/2019 11:30,6680.272342
8/09/2019 12:00,6626.368086
8/09/2019 12:30,6523.57715
8/09/2019 13:00,6509.293036
8/09/2019 13:30,6507.687069
8/09/2019 14:00,6580.457954
8/09/2019 14:30,6601.79967
8/09/2019 15:00,6708.269963
8/09/2019 15:30,6869.927836
8/09/2019 16:00,7059.877423
8/09/2019 16:30,7358.301785
8/09/2019 17:00,7647.108589
8/09/2019 17:30,7916.53492
8/09/2019 18:00,8384.973123
8/09/2019 18:30,8699.60298
8/09/2019 19:00,8694.908557
8/09/2019 19:30,8607.608815
8/09/2019 20:00,8446.206673
8/09/2019 20:30,8362.295452
8/09/2019 21:00,8216.969094
8/09/2019 21:30,8102.103916
8/09/2019 22:00,7931.95991
8/09/2019 22:30,7907.641436
8/09/2019 23:00,7735.417951
8/09/2019 23:30,7589.128198
9/09/2019 0:00,7732.746227
9/09/2019 0:30,7566.247027
9/09/2019 1:00,7358.04701
9/09/2019 1:30,7170.100315
9/09/2019 2:00,6988.766657
9/09/2019 2:30,6770.15865
9/09/2019 3:00,6616.626213
9/09/2019 3:30,6516.928326
9/09/2019 4:00,6449.510155
9/09/2019 4:30,6455.503851
9/09/2019 5:00,6518.552802
9/09/2019 5:30,6723.522541
9/09/2019 6:00,6946.210765
9/09/2019 6:30,7240.74931
9/09/2019 7:00,7530.075538
9/09/2019 7:30,7748.563656
9/09/2019 8:00,7921.810989
9/09/2019 8:30,8025.374626
9/09/2019 9:00,8044.838408
9/09/2019 9:30,8046.260812
9/09/2019 10:00,7953.650177
9/09/2019 10:30,7866.0557
9/09/2019 11:00,7735.557304
9/09/2019 11:30,7645.156903
9/09/2019 12:00,7590.388403
9/09/2019 12:30,7542.349337
9/09/2019 13:00,7462.042434
9/09/2019 13:30,7481.334919
9/09/2019 14:00,7462.952897
9/09/2019 14:30,7541.579311
9/09/2019 15:00,7636.742222
9/09/2019 15:30,7812.539643
9/09/2019 16:00,8048.328753
9/09/2019 16:30,8286.836378
9/09/2019 17:00,8615.031381
9/09/2019 17:30,8903.274076
9/09/2019 18:00,9393.483348
9/09/2019 18:30,9759.445845
9/09/2019 19:00,9764.066076
9/09/2019 19:30,9614.006335
9/09/2019 20:00,9443.536716
9/09/2019 20:30,9303.425434
9/09/2019 21:00,9135.759424
9/09/2019 21:30,8995.646144
9/09/2019 22:00,8726.732108
9/09/2019 22:30,8598.234299
9/09/2019 23:00,8328.812653
9/09/2019 23:30,8240.228567
10/09/2019 0:00,7716.976912
10/09/2019 0:30,7514.251291
10/09/2019 1:00,7313.061254
10/09/2019 1:30,7085.142781
10/09/2019 2:00,6920.202731
10/09/2019 2:30,6647.899157
10/09/2019 3:00,6521.476406
10/09/2019 3:30,6416.660656
10/09/2019 4:00,6364.309505
10/09/2019 4:30,6417.606449
10/09/2019 5:00,6557.443936
10/09/2019 5:30,6840.191784
10/09/2019 6:00,7280.42394
10/09/2019 6:30,7903.016306
10/09/2019 7:00,8445.399476
10/09/2019 7:30,8575.957894
10/09/2019 8:00,8667.418718
10/09/2019 8:30,8609.111439
10/09/2019 9:00,8436.955728
10/09/2019 9:30,8318.727143
10/09/2019 10:00,8221.395591
10/09/2019 10:30,8083.183414
10/09/2019 11:00,7954.155578
10/09/2019 11:30,7821.669366
10/09/2019 12:00,7766.277366
10/09/2019 12:30,7727.715885
10/09/2019 13:00,7755.688443
10/09/2019 13:30,7771.654276
10/09/2019 14:00,7840.873246
10/09/2019 14:30,7953.380225
10/09/2019 15:00,8066.231753
10/09/2019 15:30,8121.076906
10/09/2019 16:00,8292.452056
10/09/2019 16:30,8584.047347
10/09/2019 17:00,8932.926218
10/09/2019 17:30,9342.940737
10/09/2019 18:00,9818.662896
10/09/2019 18:30,10142.55593
10/09/2019 19:00,10050.73151
10/09/2019 19:30,9820.998963
10/09/2019 20:00,9624.473393
10/09/2019 20:30,9378.97675
10/09/2019 21:00,9107.695237
10/09/2019 21:30,8838.209572
10/09/2019 22:00,8562.726165
10/09/2019 22:30,8455.91453
10/09/2019 23:00,8194.501946
10/09/2019 23:30,8095.952589
11/09/2019 0:00,8026.236255
11/09/2019 0:30,7853.062447
11/09/2019 1:00,7659.816003
11/09/2019 1:30,7422.862627
11/09/2019 2:00,7203.673857
11/09/2019 2:30,6971.746993
11/09/2019 3:00,6765.796766
11/09/2019 3:30,6586.084381
11/09/2019 4:00,6562.985162
11/09/2019 4:30,6600.418873
11/09/2019 5:00,6700.169551
11/09/2019 5:30,7039.230991
11/09/2019 6:00,7443.902308
11/09/2019 6:30,8102.403863
11/09/2019 7:00,8696.258687
11/09/2019 7:30,8874.204088
11/09/2019 8:00,8903.975443
11/09/2019 8:30,8748.29999
11/09/2019 9:00,8518.26914
11/09/2019 9:30,8316.068961
11/09/2019 10:00,8159.77868
11/09/2019 10:30,8088.441608
11/09/2019 11:00,8064.776776
11/09/2019 11:30,7947.981415
11/09/2019 12:00,7848.402409
11/09/2019 12:30,7798.271796
11/09/2019 13:00,7756.309817
11/09/2019 13:30,7694.950384
11/09/2019 14:00,7707.858633
11/09/2019 14:30,7732.746784
11/09/2019 15:00,7767.579443
11/09/2019 15:30,7852.942217
11/09/2019 16:00,8073.211315
11/09/2019 16:30,8269.587758
11/09/2019 17:00,8614.635829
11/09/2019 17:30,8956.0845
11/09/2019 18:00,9491.57612
11/09/2019 18:30,9912.219043
11/09/2019 19:00,9951.841633
11/09/2019 19:30,9807.412697
11/09/2019 20:00,9623.469585
11/09/2019 20:30,9490.731348
11/09/2019 21:00,9278.825577
11/09/2019 21:30,9027.345228
11/09/2019 22:00,8761.614737
11/09/2019 22:30,8601.835073
11/09/2019 23:00,8332.356795
11/09/2019 23:30,8201.269041
12/09/2019 0:00,7982.679315
12/09/2019 0:30,7832.747752
12/09/2019 1:00,7700.201197
12/09/2019 1:30,7500.30324
12/09/2019 2:00,7296.239181
12/09/2019 2:30,7051.673775
12/09/2019 3:00,6824.151261
12/09/2019 3:30,6694.720775
12/09/2019 4:00,6619.511725
12/09/2019 4:30,6708.506079
12/09/2019 5:00,6804.443795
12/09/2019 5:30,7154.491509
12/09/2019 6:00,7580.063864
12/09/2019 6:30,8186.026839
12/09/2019 7:00,8719.269815
12/09/2019 7:30,8867.595342
12/09/2019 8:00,8902.990974
12/09/2019 8:30,8766.806006
12/09/2019 9:00,8477.43137
12/09/2019 9:30,8231.533444
12/09/2019 10:00,8010.657218
12/09/2019 10:30,7900.97821
12/09/2019 11:00,7710.307305
12/09/2019 11:30,7587.709107
12/09/2019 12:00,7497.221707
12/09/2019 12:30,7397.648345
12/09/2019 13:00,7341.499362
12/09/2019 13:30,7338.368288
12/09/2019 14:00,7355.000477
12/09/2019 14:30,7389.82175
12/09/2019 15:00,7452.48514
12/09/2019 15:30,7519.729001
12/09/2019 16:00,7728.213286
12/09/2019 16:30,7945.990769
12/09/2019 17:00,8264.048678
12/09/2019 17:30,8565.355182
12/09/2019 18:00,8990.717713
12/09/2019 18:30,9334.948617
12/09/2019 19:00,9362.936176
12/09/2019 19:30,9269.585457
12/09/2019 20:00,9126.097799
12/09/2019 20:30,8983.783559
12/09/2019 21:00,8811.594879
12/09/2019 21:30,8632.532476
12/09/2019 22:00,8416.61794
12/09/2019 22:30,8354.115166
12/09/2019 23:00,8118.449758
12/09/2019 23:30,7988.942304
13/09/2019 0:00,7905.909655
13/09/2019 0:30,7743.149502
13/09/2019 1:00,7569.288955
13/09/2019 1:30,7348.882048
13/09/2019 2:00,7148.276656
13/09/2019 2:30,6838.476645
13/09/2019 3:00,6675.504884
13/09/2019 3:30,6521.059213
13/09/2019 4:00,6439.626345
13/09/2019 4:30,6458.686471
13/09/2019 5:00,6554.314255
13/09/2019 5:30,6917.203694
13/09/2019 6:00,7364.835086
13/09/2019 6:30,7940.558716
13/09/2019 7:00,8437.501888
13/09/2019 7:30,8618.312888
13/09/2019 8:00,8730.27007
13/09/2019 8:30,8634.246855
13/09/2019 9:00,8382.932053
13/09/2019 9:30,8249.706675
13/09/2019 10:00,8042.938795
13/09/2019 10:30,7846.10187
13/09/2019 11:00,7687.76046
13/09/2019 11:30,7554.472451
13/09/2019 12:00,7499.204895
13/09/2019 12:30,7412.690415
13/09/2019 13:00,7398.049659
13/09/2019 13:30,7436.927165
13/09/2019 14:00,7451.449357
13/09/2019 14:30,7529.450653
13/09/2019 15:00,7632.248461
13/09/2019 15:30,7710.065911
13/09/2019 16:00,7877.881838
13/09/2019 16:30,8005.369748
13/09/2019 17:00,8196.894664
13/09/2019 17:30,8422.611577
13/09/2019 18:00,8820.986447
13/09/2019 18:30,9061.941725
13/09/2019 19:00,9066.301509
13/09/2019 19:30,8874.272976
13/09/2019 20:00,8735.549929
13/09/2019 20:30,8615.233414
13/09/2019 21:00,8421.574064
13/09/2019 21:30,8198.119542
13/09/2019 22:00,8021.060548
13/09/2019 22:30,7928.05511
13/09/2019 23:00,7756.169009
13/09/2019 23:30,7647.817124
14/09/2019 0:00,7447.629506
14/09/2019 0:30,7248.392167
14/09/2019 1:00,7063.429415
14/09/2019 1:30,6842.925304
14/09/2019 2:00,6643.713683
14/09/2019 2:30,6354.52105
14/09/2019 3:00,6103.968232
14/09/2019 3:30,5986.659249
14/09/2019 4:00,5920.37393
14/09/2019 4:30,5949.386702
14/09/2019 5:00,6045.749457
14/09/2019 5:30,6324.966878
14/09/2019 6:00,6685.163023
14/09/2019 6:30,7192.373712
14/09/2019 7:00,7653.273229
14/09/2019 7:30,7815.871078
14/09/2019 8:00,7830.095128
14/09/2019 8:30,7787.578268
14/09/2019 9:00,7579.078446
14/09/2019 9:30,7420.949869
14/09/2019 10:00,7295.356388
14/09/2019 10:30,7192.842992
14/09/2019 11:00,7024.067113
14/09/2019 11:30,6857.589807
14/09/2019 12:00,6773.303726
14/09/2019 12:30,6716.369184
14/09/2019 13:00,6639.010333
14/09/2019 13:30,6582.706177
14/09/2019 14:00,6546.171029
14/09/2019 14:30,6525.577324
14/09/2019 15:00,6562.352613
14/09/2019 15:30,6675.018937
14/09/2019 16:00,6867.645108
14/09/2019 16:30,7057.871504
14/09/2019 17:00,7314.715324
14/09/2019 17:30,7512.011008
14/09/2019 18:00,7796.364683
14/09/2019 18:30,8066.277301
14/09/2019 19:00,8007.974925
14/09/2019 19:30,7867.423268
14/09/2019 20:00,7670.633221
14/09/2019 20:30,7574.933516
14/09/2019 21:00,7396.581041
14/09/2019 21:30,7278.956912
14/09/2019 22:00,7141.382658
14/09/2019 22:30,7125.899883
14/09/2019 23:00,6964.1299
14/09/2019 23:30,6913.331221
15/09/2019 0:00,6970.411728
15/09/2019 0:30,6794.71822
15/09/2019 1:00,6612.998649
15/09/2019 1:30,6396.369544
15/09/2019 2:00,6210.2776
15/09/2019 2:30,5942.784395
15/09/2019 3:00,5754.330753
15/09/2019 3:30,5655.720119
15/09/2019 4:00,5578.434284
15/09/2019 4:30,5593.095448
15/09/2019 5:00,5625.441115
15/09/2019 5:30,5871.098049
15/09/2019 6:00,6113.217118
15/09/2019 6:30,6392.974834
15/09/2019 7:00,6659.352982
15/09/2019 7:30,6779.577069
15/09/2019 8:00,6913.888347
15/09/2019 8:30,7001.193037
15/09/2019 9:00,6994.332604
15/09/2019 9:30,6963.092156
15/09/2019 10:00,6877.026908
15/09/2019 10:30,6790.341832
15/09/2019 11:00,6680.870545
15/09/2019 11:30,6592.4584
15/09/2019 12:00,6495.970403
15/09/2019 12:30,6479.181927
15/09/2019 13:00,6447.303439
15/09/2019 13:30,6418.487883
15/09/2019 14:00,6429.930877
15/09/2019 14:30,6447.925128
15/09/2019 15:00,6550.616892
15/09/2019 15:30,6669.49659
15/09/2019 16:00,6882.819224
15/09/2019 16:30,7091.210106
15/09/2019 17:00,7389.787123
15/09/2019 17:30,7618.023773
15/09/2019 18:00,8026.418228
15/09/2019 18:30,8304.465572
15/09/2019 19:00,8337.35662
15/09/2019 19:30,8238.591831
15/09/2019 20:00,8097.623748
15/09/2019 20:30,8040.810062
15/09/2019 21:00,7945.898116
15/09/2019 21:30,7854.957464
15/09/2019 22:00,7712.135628
15/09/2019 22:30,7697.830196
15/09/2019 23:00,7527.239061
15/09/2019 23:30,7497.162127
16/09/2019 0:00,7642.577356
16/09/2019 0:30,7480.059486
16/09/2019 1:00,7352.366049
16/09/2019 1:30,7148.501941
16/09/2019 2:00,6998.122919
16/09/2019 2:30,6762.867141
16/09/2019 3:00,6618.260549
16/09/2019 3:30,6485.704492
16/09/2019 4:00,6418.266581
16/09/2019 4:30,6485.952836
16/09/2019 5:00,6543.179269
16/09/2019 5:30,6728.43065
16/09/2019 6:00,6935.263676
16/09/2019 6:30,7207.528687
16/09/2019 7:00,7430.236537
16/09/2019 7:30,7604.049035
16/09/2019 8:00,7757.833034
16/09/2019 8:30,7820.810535
16/09/2019 9:00,7807.205812
16/09/2019 9:30,7758.318616
16/09/2019 10:00,7655.126046
16/09/2019 10:30,7570.183145
16/09/2019 11:00,7473.700423
16/09/2019 11:30,7405.108558
16/09/2019 12:00,7356.999087
16/09/2019 12:30,7291.020297
16/09/2019 13:00,7257.794225
16/09/2019 13:30,7228.920288
16/09/2019 14:00,7276.318193
16/09/2019 14:30,7324.30621
16/09/2019 15:00,7419.377622
16/09/2019 15:30,7571.959989
16/09/2019 16:00,7751.188474
16/09/2019 16:30,7948.262708
16/09/2019 17:00,8153.144174
16/09/2019 17:30,8369.674961
16/09/2019 18:00,8677.251971
16/09/2019 18:30,8989.588877
16/09/2019 19:00,8997.970542
16/09/2019 19:30,8849.73492
16/09/2019 20:00,8668.124042
16/09/2019 20:30,8489.166736
16/09/2019 21:00,8296.271675
16/09/2019 21:30,8150.38411
16/09/2019 22:00,7988.681457
16/09/2019 22:30,7911.756192
16/09/2019 23:00,7681.600003
16/09/2019 23:30,7674.203122
17/09/2019 0:00,7208.093705
17/09/2019 0:30,7059.379125
17/09/2019 1:00,6914.244142
17/09/2019 1:30,6740.719861
17/09/2019 2:00,6585.410833
17/09/2019 2:30,6311.920054
17/09/2019 3:00,6166.802474
17/09/2019 3:30,6044.218054
17/09/2019 4:00,6011.220913
17/09/2019 4:30,6108.133129
17/09/2019 5:00,6213.987431
17/09/2019 5:30,6553.179403
17/09/2019 6:00,6865.224591
17/09/2019 6:30,7352.882757
17/09/2019 7:00,7765.523712
17/09/2019 7:30,7884.450381
17/09/2019 8:00,7988.523882
17/09/2019 8:30,7951.030496
17/09/2019 9:00,7801.5439
17/09/2019 9:30,7746.703206
17/09/2019 10:00,7714.672851
17/09/2019 10:30,7714.676141
17/09/2019 11:00,7679.175792
17/09/2019 11:30,7637.552794
17/09/2019 12:00,7650.784481
17/09/2019 12:30,7655.558309
17/09/2019 13:00,7675.872634
17/09/2019 13:30,7672.500663
17/09/2019 14:00,7782.243892
17/09/2019 14:30,7858.056741
17/09/2019 15:00,7859.487778
17/09/2019 15:30,7928.379955
17/09/2019 16:00,8089.817801
17/09/2019 16:30,8260.459459
17/09/2019 17:00,8468.885395
17/09/2019 17:30,8655.392846
17/09/2019 18:00,9013.061686
17/09/2019 18:30,9150.820218
17/09/2019 19:00,9046.33976
17/09/2019 19:30,8765.192356
17/09/2019 20:00,8537.866949
17/09/2019 20:30,8301.905395
17/09/2019 21:00,8157.093768
17/09/2019 21:30,7967.8539
17/09/2019 22:00,7760.622385
17/09/2019 22:30,7742.398037
17/09/2019 23:00,7542.531863
17/09/2019 23:30,7481.389668
18/09/2019 0:00,7428.3127
18/09/2019 0:30,7302.809167
18/09/2019 1:00,7151.364416
18/09/2019 1:30,6969.153203
18/09/2019 2:00,6763.685019
18/09/2019 2:30,6486.903178
18/09/2019 3:00,6303.292066
18/09/2019 3:30,6167.39455
18/09/2019 4:00,6108.23134
18/09/2019 4:30,6190.450383
18/09/2019 5:00,6287.006644
18/09/2019 5:30,6639.493395
18/09/2019 6:00,7006.8006
18/09/2019 6:30,7594.016405
18/09/2019 7:00,8172.854298
18/09/2019 7:30,8516.993857
18/09/2019 8:00,8748.651537
18/09/2019 8:30,8815.892551
18/09/2019 9:00,8751.670645
18/09/2019 9:30,8839.109997
18/09/2019 10:00,8929.514045
18/09/2019 10:30,8948.643703
18/09/2019 11:00,8855.160944
18/09/2019 11:30,8786.627898
18/09/2019 12:00,8767.791923
18/09/2019 12:30,8786.634479
18/09/2019 13:00,8809.718624
18/09/2019 13:30,8807.38322
18/09/2019 14:00,8809.867342
18/09/2019 14:30,8797.002577
18/09/2019 15:00,8824.268711
18/09/2019 15:30,8886.396043
18/09/2019 16:00,9042.723013
18/09/2019 16:30,9254.303976
18/09/2019 17:00,9513.503103
18/09/2019 17:30,9720.363137
18/09/2019 18:00,10078.68223
18/09/2019 18:30,10281.97325
18/09/2019 19:00,10129.22921
18/09/2019 19:30,9918.9637
18/09/2019 20:00,9669.759927
18/09/2019 20:30,9395.453523
18/09/2019 21:00,9138.001686
18/09/2019 21:30,8834.889395
18/09/2019 22:00,8527.498835
18/09/2019 22:30,8382.835581
18/09/2019 23:00,8087.346794
18/09/2019 23:30,7928.264434
19/09/2019 0:00,7745.058808
19/09/2019 0:30,7574.828302
19/09/2019 1:00,7410.18503
19/09/2019 1:30,7207.576658
19/09/2019 2:00,6779.425862
19/09/2019 2:30,6530.549075
19/09/2019 3:00,6316.587949
19/09/2019 3:30,6100.830473
19/09/2019 4:00,6184.433017
19/09/2019 4:30,6273.51599
19/09/2019 5:00,6379.408286
19/09/2019 5:30,6719.921191
19/09/2019 6:00,7096.352483
19/09/2019 6:30,7688.920635
19/09/2019 7:00,8233.986361
19/09/2019 7:30,8473.122962
19/09/2019 8:00,8655.411966
19/09/2019 8:30,8677.385218
19/09/2019 9:00,8549.427358
19/09/2019 9:30,8521.815223
19/09/2019 10:00,8454.597288
19/09/2019 10:30,8430.313715
19/09/2019 11:00,8353.792136
19/09/2019 11:30,8243.954944
19/09/2019 12:00,8201.344671
19/09/2019 12:30,8218.537762
19/09/2019 13:00,8200.18947
19/09/2019 13:30,8178.421197
19/09/2019 14:00,8166.730504
19/09/2019 14:30,8168.824041
19/09/2019 15:00,8166.388938
19/09/2019 15:30,8233.933735
19/09/2019 16:00,8386.930809
19/09/2019 16:30,8572.4413
19/09/2019 17:00,8820.851119
19/09/2019 17:30,9047.160243
19/09/2019 18:00,9425.064067
19/09/2019 18:30,9620.890967
19/09/2019 19:00,9598.097931
19/09/2019 19:30,9414.866617
19/09/2019 20:00,9219.679277
19/09/2019 20:30,9021.775845
19/09/2019 21:00,8774.43056
19/09/2019 21:30,8545.353392
19/09/2019 22:00,8302.185338
19/09/2019 22:30,8226.332117
19/09/2019 23:00,7975.316492
19/09/2019 23:30,7822.359331
20/09/2019 0:00,7705.693866
20/09/2019 0:30,7506.021266
20/09/2019 1:00,7313.063523
20/09/2019 1:30,7089.121317
20/09/2019 2:00,6879.529105
20/09/2019 2:30,6583.322998
20/09/2019 3:00,6362.397908
20/09/2019 3:30,6233.361464
20/09/2019 4:00,6156.768706
20/09/2019 4:30,6220.689478
20/09/2019 5:00,6308.763776
20/09/2019 5:30,6637.815549
20/09/2019 6:00,6999.99182
20/09/2019 6:30,7562.372743
20/09/2019 7:00,8011.150628
20/09/2019 7:30,8215.255324
20/09/2019 8:00,8330.454721
20/09/2019 8:30,8351.693977
20/09/2019 9:00,8195.040713
20/09/2019 9:30,8130.310025
20/09/2019 10:00,7896.462607
20/09/2019 10:30,7767.127236
20/09/2019 11:00,7695.413772
20/09/2019 11:30,7708.839526
20/09/2019 12:00,7715.019197
20/09/2019 12:30,7665.787017
20/09/2019 13:00,7616.287368
20/09/2019 13:30,7581.423232
20/09/2019 14:00,7577.329364
20/09/2019 14:30,7592.718412
20/09/2019 15:00,7648.047326
20/09/2019 15:30,7694.877164
20/09/2019 16:00,7855.663978
20/09/2019 16:30,8029.248722
20/09/2019 17:00,8198.957474
20/09/2019 17:30,8395.535472
20/09/2019 18:00,8715.061049
20/09/2019 18:30,8974.644366
20/09/2019 19:00,8964.069821
20/09/2019 19:30,8798.5283
20/09/2019 20:00,8560.742532
20/09/2019 20:30,8405.301214
20/09/2019 21:00,8226.99591
20/09/2019 21:30,8008.936655
20/09/2019 22:00,7824.525808
20/09/2019 22:30,7737.951711
20/09/2019 23:00,7549.288698
20/09/2019 23:30,7422.352283
21/09/2019 0:00,7224.625854
21/09/2019 0:30,7044.275124
21/09/2019 1:00,6833.691189
21/09/2019 1:30,6589.597543
21/09/2019 2:00,6361.615332
21/09/2019 2:30,6091.636708
21/09/2019 3:00,5880.086789
21/09/2019 3:30,5730.92739
21/09/2019 4:00,5637.91062
21/09/2019 4:30,5717.815789
21/09/2019 5:00,5824.607071
21/09/2019 5:30,6127.404397
21/09/2019 6:00,6427.603198
21/09/2019 6:30,6903.886183
21/09/2019 7:00,7285.312705
21/09/2019 7:30,7353.707321
21/09/2019 8:00,7419.890664
21/09/2019 8:30,7437.786453
21/09/2019 9:00,7335.646969
21/09/2019 9:30,7306.486144
21/09/2019 10:00,7217.414206
21/09/2019 10:30,7173.249917
21/09/2019 11:00,7066.172274
21/09/2019 11:30,6972.259339
21/09/2019 12:00,6878.223404
21/09/2019 12:30,6878.157878
21/09/2019 13:00,6836.290557
21/09/2019 13:30,6771.375815
21/09/2019 14:00,6764.884175
21/09/2019 14:30,6787.106377
21/09/2019 15:00,6847.921937
21/09/2019 15:30,6932.874077
21/09/2019 16:00,7064.165593
21/09/2019 16:30,7207.564871
21/09/2019 17:00,7419.942071
21/09/2019 17:30,7563.969766
21/09/2019 18:00,7801.961047
21/09/2019 18:30,7943.41601
21/09/2019 19:00,7852.069003
21/09/2019 19:30,7704.297027
21/09/2019 20:00,7507.089457
21/09/2019 20:30,7336.364434
21/09/2019 21:00,7177.44697
21/09/2019 21:30,7048.982628
21/09/2019 22:00,6855.581393
21/09/2019 22:30,6882.298759
21/09/2019 23:00,6685.381191
21/09/2019 23:30,6615.979955
22/09/2019 0:00,6711.266488
22/09/2019 0:30,6516.635235
22/09/2019 1:00,6319.872215
22/09/2019 1:30,6120.225605
22/09/2019 2:00,5913.401871
22/09/2019 2:30,5631.599002
22/09/2019 3:00,5484.278147
22/09/2019 3:30,5317.964605
22/09/2019 4:00,5257.355134
22/09/2019 4:30,5286.694543
22/09/2019 5:00,5325.125781
22/09/2019 5:30,5511.746194
22/09/2019 6:00,5736.802448
22/09/2019 6:30,5987.528663
22/09/2019 7:00,6274.815387
22/09/2019 7:30,6496.796685
22/09/2019 8:00,6697.416794
22/09/2019 8:30,6905.035193
22/09/2019 9:00,6978.246943
22/09/2019 9:30,7042.884286
22/09/2019 10:00,6991.655699
22/09/2019 10:30,6937.34791
22/09/2019 11:00,6851.62507
22/09/2019 11:30,6752.033437
22/09/2019 12:00,6654.198259
22/09/2019 12:30,6611.814175
22/09/2019 13:00,6579.478473
22/09/2019 13:30,6612.773703
22/09/2019 14:00,6674.516276
22/09/2019 14:30,6767.331746
22/09/2019 15:00,6925.045166
22/09/2019 15:30,7010.926949
22/09/2019 16:00,7102.549584
22/09/2019 16:30,7280.987057
22/09/2019 17:00,7489.459865
22/09/2019 17:30,7613.004705
22/09/2019 18:00,7936.61813
22/09/2019 18:30,8118.186813
22/09/2019 19:00,8077.121791
22/09/2019 19:30,7884.535611
22/09/2019 20:00,7755.304853
22/09/2019 20:30,7620.839621
22/09/2019 21:00,7495.135751
22/09/2019 21:30,7416.907585
22/09/2019 22:00,7303.252173
22/09/2019 22:30,7311.095843
22/09/2019 23:00,7180.408938
22/09/2019 23:30,7125.711176
23/09/2019 0:00,7262.390883
23/09/2019 0:30,7087.129767
23/09/2019 1:00,6936.385487
23/09/2019 1:30,6715.730069
23/09/2019 2:00,6558.899125
23/09/2019 2:30,6353.663932
23/09/2019 3:00,6219.998729
23/09/2019 3:30,6113.43143
23/09/2019 4:00,6088.474892
23/09/2019 4:30,6138.307799
23/09/2019 5:00,6164.996093
23/09/2019 5:30,6381.522267
23/09/2019 6:00,6531.561505
23/09/2019 6:30,6769.867937
23/09/2019 7:00,6978.361417
23/09/2019 7:30,7182.793917
23/09/2019 8:00,7398.815509
23/09/2019 8:30,7568.755082
23/09/2019 9:00,7581.824018
23/09/2019 9:30,7529.113464
23/09/2019 10:00,7496.883192
23/09/2019 10:30,7545.206963
23/09/2019 11:00,7492.45768
23/09/2019 11:30,7442.634207
23/09/2019 12:00,7360.419675
23/09/2019 12:30,7325.865592
23/09/2019 13:00,7276.939134
23/09/2019 13:30,7264.161217
23/09/2019 14:00,7314.942448
23/09/2019 14:30,7371.237664
23/09/2019 15:00,7460.057155
23/09/2019 15:30,7579.102547
23/09/2019 16:00,7724.573787
23/09/2019 16:30,7981.145551
23/09/2019 17:00,8167.266242
23/09/2019 17:30,8412.345462
23/09/2019 18:00,8764.673696
23/09/2019 18:30,9056.952627
23/09/2019 19:00,9084.973337
23/09/2019 19:30,8923.864973
23/09/2019 20:00,8719.288445
23/09/2019 20:30,8586.029439
23/09/2019 21:00,8411.185251
23/09/2019 21:30,8240.380222
23/09/2019 22:00,8060.503094
23/09/2019 22:30,8010.535807
23/09/2019 23:00,7827.986674
23/09/2019 23:30,7777.671648
24/09/2019 0:00,7246.315575
24/09/2019 0:30,7069.697252
24/09/2019 1:00,6911.227809
24/09/2019 1:30,6723.618903
24/09/2019 2:00,6556.009708
24/09/2019 2:30,6331.179215
24/09/2019 3:00,6163.971309
24/09/2019 3:30,6105.904378
24/09/2019 4:00,6055.976897
24/09/2019 4:30,6125.745414
24/09/2019 5:00,6234.61441
24/09/2019 5:30,6565.394209
24/09/2019 6:00,6842.05767
24/09/2019 6:30,7342.151283
24/09/2019 7:00,7699.167708
24/09/2019 7:30,7837.862805
24/09/2019 8:00,7944.985971
24/09/2019 8:30,7902.797758
24/09/2019 9:00,7734.329092
24/09/2019 9:30,7652.960576
24/09/2019 10:00,7605.323479
24/09/2019 10:30,7580.569258
24/09/2019 11:00,7490.502859
24/09/2019 11:30,7454.870506
24/09/2019 12:00,7429.184052
24/09/2019 12:30,7404.432989
24/09/2019 13:00,7409.100928
24/09/2019 13:30,7410.724263
24/09/2019 14:00,7380.292235
24/09/2019 14:30,7423.543963
24/09/2019 15:00,7464.566614
24/09/2019 15:30,7516.1734
24/09/2019 16:00,7669.336965
24/09/2019 16:30,7854.861021
24/09/2019 17:00,8093.749415
24/09/2019 17:30,8335.038811
24/09/2019 18:00,8730.540719
24/09/2019 18:30,9009.945638
24/09/2019 19:00,9063.989708
24/09/2019 19:30,8873.95578
24/09/2019 20:00,8678.266694
24/09/2019 20:30,8484.265194
24/09/2019 21:00,8350.005751
24/09/2019 21:30,8151.614723
24/09/2019 22:00,7932.385425
24/09/2019 22:30,7917.798919
24/09/2019 23:00,7699.936246
24/09/2019 23:30,7638.720344
25/09/2019 0:00,7572.105306
25/09/2019 0:30,7423.247538
25/09/2019 1:00,7243.814696
25/09/2019 1:30,7011.331074
25/09/2019 2:00,6776.157789
25/09/2019 2:30,6526.627161
25/09/2019 3:00,6372.526101
25/09/2019 3:30,6217.817967
25/09/2019 4:00,6181.721596
25/09/2019 4:30,6212.054861
25/09/2019 5:00,6344.616414
25/09/2019 5:30,6665.587514
25/09/2019 6:00,7063.067273
25/09/2019 6:30,7607.764345
25/09/2019 7:00,8038.039527
25/09/2019 7:30,8108.388894
25/09/2019 8:00,8104.864898
25/09/2019 8:30,7963.361516
25/09/2019 9:00,7735.859101
25/09/2019 9:30,7629.598932
25/09/2019 10:00,7535.302911
25/09/2019 10:30,7364.515245
25/09/2019 11:00,7303.97317
25/09/2019 11:30,7192.501105
25/09/2019 12:00,7146.76403
25/09/2019 12:30,7069.659231
25/09/2019 13:00,7055.167466
25/09/2019 13:30,7073.33999
25/09/2019 14:00,7066.101523
25/09/2019 14:30,7102.79587
25/09/2019 15:00,7208.107552
25/09/2019 15:30,7309.170404
25/09/2019 16:00,7521.277166
25/09/2019 16:30,7688.071813
25/09/2019 17:00,7961.230462
25/09/2019 17:30,8233.952448
25/09/2019 18:00,8651.74885
25/09/2019 18:30,8890.935608
25/09/2019 19:00,9002.206497
25/09/2019 19:30,8821.193363
25/09/2019 20:00,8654.534432
25/09/2019 20:30,8520.85671
25/09/2019 21:00,8376.631525
25/09/2019 21:30,8242.328401
25/09/2019 22:00,8018.936585
25/09/2019 22:30,7967.991307
25/09/2019 23:00,7791.24154
25/09/2019 23:30,7679.317325
26/09/2019 0:00,7497.352571
26/09/2019 0:30,7383.941466
26/09/2019 1:00,7197.89774
26/09/2019 1:30,7008.423262
26/09/2019 2:00,6757.915531
26/09/2019 2:30,6547.043446
26/09/2019 3:00,6344.733633
26/09/2019 3:30,6215.253121
26/09/2019 4:00,6143.123187
26/09/2019 4:30,6168.060259
26/09/2019 5:00,6293.788124
26/09/2019 5:30,6621.513527
26/09/2019 6:00,6981.548481
26/09/2019 6:30,7523.928137
26/09/2019 7:00,7905.356513
26/09/2019 7:30,8007.439389
26/09/2019 8:00,8042.565523
26/09/2019 8:30,7961.774632
26/09/2019 9:00,7759.235301
26/09/2019 9:30,7660.641881
26/09/2019 10:00,7533.784852
26/09/2019 10:30,7456.9719
26/09/2019 11:00,7433.431241
26/09/2019 11:30,7328.689359
26/09/2019 12:00,7277.924427
26/09/2019 12:30,7272.761607
26/09/2019 13:00,7266.327546
26/09/2019 13:30,7277.831814
26/09/2019 14:00,7317.60384
26/09/2019 14:30,7370.797172
26/09/2019 15:00,7449.287129
26/09/2019 15:30,7543.418886
26/09/2019 16:00,7750.427365
26/09/2019 16:30,7948.663076
26/09/2019 17:00,8168.694144
26/09/2019 17:30,8330.558784
26/09/2019 18:00,8698.881156
26/09/2019 18:30,8972.90609
26/09/2019 19:00,8982.513678
26/09/2019 19:30,8813.851763
26/09/2019 20:00,8671.47534
26/09/2019 20:30,8510.173964
26/09/2019 21:00,8326.98559
26/09/2019 21:30,8129.174889
26/09/2019 22:00,7905.371241
26/09/2019 22:30,7898.494229
26/09/2019 23:00,7698.109936
26/09/2019 23:30,7617.315552
27/09/2019 0:00,7519.798171
27/09/2019 0:30,7387.052982
27/09/2019 1:00,7192.859068
27/09/2019 1:30,7032.185147
27/09/2019 2:00,6827.166806
27/09/2019 2:30,6545.745846
27/09/2019 3:00,6366.978545
27/09/2019 3:30,6226.16128
27/09/2019 4:00,6185.461942
27/09/2019 4:30,6235.145728
27/09/2019 5:00,6355.91159
27/09/2019 5:30,6645.875321
27/09/2019 6:00,6976.956225
27/09/2019 6:30,7495.649543
27/09/2019 7:00,7858.593784
27/09/2019 7:30,7974.156305
27/09/2019 8:00,8007.183839
27/09/2019 8:30,7948.870834
27/09/2019 9:00,7751.427281
27/09/2019 9:30,7699.969266
27/09/2019 10:00,7646.680613
27/09/2019 10:30,7631.040801
27/09/2019 11:00,7548.220814
27/09/2019 11:30,7453.416618
27/09/2019 12:00,7386.258339
27/09/2019 12:30,7382.804161
27/09/2019 13:00,7365.766513
27/09/2019 13:30,7303.412915
27/09/2019 14:00,7336.93937
27/09/2019 14:30,7369.490356
27/09/2019 15:00,7431.847575
27/09/2019 15:30,7470.40632
27/09/2019 16:00,7623.242157
27/09/2019 16:30,7810.112693
27/09/2019 17:00,8040.667603
27/09/2019 17:30,8242.379872
27/09/2019 18:00,8568.118658
27/09/2019 18:30,8797.047402
27/09/2019 19:00,8831.460706
27/09/2019 19:30,8645.238816
27/09/2019 20:00,8435.315929
27/09/2019 20:30,8300.829259
27/09/2019 21:00,8129.45817
27/09/2019 21:30,7965.8465
27/09/2019 22:00,7737.030366
27/09/2019 22:30,7691.098227
27/09/2019 23:00,7472.974038
27/09/2019 23:30,7339.137503
28/09/2019 0:00,7097.661112
28/09/2019 0:30,6919.706539
28/09/2019 1:00,6719.230118
28/09/2019 1:30,6503.346215
28/09/2019 2:00,6290.377608
28/09/2019 2:30,5975.759217
28/09/2019 3:00,5768.937364
28/09/2019 3:30,5667.77983
28/09/2019 4:00,5621.404313
28/09/2019 4:30,5633.276428
28/09/2019 5:00,5728.243322
28/09/2019 5:30,6017.51173
28/09/2019 6:00,6267.327485
28/09/2019 6:30,6738.735476
28/09/2019 7:00,7057.080653
28/09/2019 7:30,7155.104885
28/09/2019 8:00,7166.83232
28/09/2019 8:30,7065.887836
28/09/2019 9:00,6893.403214
28/09/2019 9:30,6805.49261
28/09/2019 10:00,6726.794792
28/09/2019 10:30,6672.536288
28/09/2019 11:00,6567.150497
28/09/2019 11:30,6482.324759
28/09/2019 12:00,6446.11205
28/09/2019 12:30,6430.553481
28/09/2019 13:00,6489.568048
28/09/2019 13:30,6459.399457
28/09/2019 14:00,6452.922503
28/09/2019 14:30,6505.053321
28/09/2019 15:00,6597.399696
28/09/2019 15:30,6644.529495
28/09/2019 16:00,6782.213514
28/09/2019 16:30,6950.532037
28/09/2019 17:00,7179.41804
28/09/2019 17:30,7319.13256
28/09/2019 18:00,7603.126339
28/09/2019 18:30,7775.516154
28/09/2019 19:00,7760.062535
28/09/2019 19:30,7555.974485
28/09/2019 20:00,7369.303744
28/09/2019 20:30,7174.901445
28/09/2019 21:00,7030.225078
28/09/2019 21:30,6884.747732
28/09/2019 22:00,6737.273697
28/09/2019 22:30,6792.894819
28/09/2019 23:00,6674.096236
28/09/2019 23:30,6589.851557
29/09/2019 0:00,6625.484426
29/09/2019 0:30,6480.510663
29/09/2019 1:00,6291.709537
29/09/2019 1:30,6113.753919
29/09/2019 2:00,5869.340822
29/09/2019 2:30,5593.677973
29/09/2019 3:00,5432.74831
29/09/2019 3:30,5380.70247
29/09/2019 4:00,5284.509811
29/09/2019 4:30,5320.455931
29/09/2019 5:00,5339.818693
29/09/2019 5:30,5571.463976
29/09/2019 6:00,5764.857109
29/09/2019 6:30,6027.926051
29/09/2019 7:00,6252.20345
29/09/2019 7:30,6457.64785
29/09/2019 8:00,6523.240311
29/09/2019 8:30,6666.559119
29/09/2019 9:00,6656.170347
29/09/2019 9:30,6658.168615
29/09/2019 10:00,6545.903836
29/09/2019 10:30,6519.823077
29/09/2019 11:00,6413.618824
29/09/2019 11:30,6356.656838
29/09/2019 12:00,6296.231817
29/09/2019 12:30,6338.882937
29/09/2019 13:00,6334.648813
29/09/2019 13:30,6335.606743
29/09/2019 14:00,6317.405491
29/09/2019 14:30,6386.062433
29/09/2019 15:00,6440.01235
29/09/2019 15:30,6561.701427
29/09/2019 16:00,6762.718093
29/09/2019 16:30,6996.071179
29/09/2019 17:00,7240.814398
29/09/2019 17:30,7403.555638
29/09/2019 18:00,7822.185227
29/09/2019 18:30,8096.166386
29/09/2019 19:00,8154.762279
29/09/2019 19:30,8058.854946
29/09/2019 20:00,7910.889577
29/09/2019 20:30,7776.680635
29/09/2019 21:00,7639.62573
29/09/2019 21:30,7551.913922
29/09/2019 22:00,7462.233557
29/09/2019 22:30,7419.571527
29/09/2019 23:00,7285.118151
29/09/2019 23:30,7273.85728
30/09/2019 0:00,7432.8968
30/09/2019 0:30,7246.636467
30/09/2019 1:00,7102.23243
30/09/2019 1:30,6909.208167
30/09/2019 2:00,6750.96552
30/09/2019 2:30,6509.999747
30/09/2019 3:00,6387.999506
30/09/2019 3:30,6295.588115
30/09/2019 4:00,6255.254886
30/09/2019 4:30,6311.860179
30/09/2019 5:00,6405.65724
30/09/2019 5:30,6604.956739
30/09/2019 6:00,6730.406425
30/09/2019 6:30,6950.315732
30/09/2019 7:00,7165.123972
30/09/2019 7:30,7307.721947
30/09/2019 8:00,7420.954329
30/09/2019 8:30,7551.744194
30/09/2019 9:00,7519.570141
30/09/2019 9:30,7496.490003
30/09/2019 10:00,7479.134341
30/09/2019 10:30,7386.056677
30/09/2019 11:00,7322.470332
30/09/2019 11:30,7234.264591
30/09/2019 12:00,7172.038431
30/09/2019 12:30,7091.38145
30/09/2019 13:00,7073.263874
30/09/2019 13:30,7084.557808
30/09/2019 14:00,7096.005163
30/09/2019 14:30,7142.082019
30/09/2019 15:00,7273.570526
30/09/2019 15:30,7452.482052
30/09/2019 16:00,7632.915633
30/09/2019 16:30,7879.21616
30/09/2019 17:00,8148.085852
30/09/2019 17:30,8362.084033
30/09/2019 18:00,8677.37405
30/09/2019 18:30,8975.848471
30/09/2019 19:00,9039.087643
30/09/2019 19:30,8874.236141
30/09/2019 20:00,8673.877331
30/09/2019 20:30,8571.399827
30/09/2019 21:00,8400.895274
30/09/2019 21:30,8264.160973
30/09/2019 22:00,8062.939729
30/09/2019 22:30,7998.808744
30/09/2019 23:00,7805.431378
30/09/2019 23:30,7754.348549
1/10/2019 0:00,7331.350298
1/10/2019 0:30,7164.16486
1/10/2019 1:00,7042.988472
1/10/2019 1:30,6838.056157
1/10/2019 2:00,6670.5516
1/10/2019 2:30,6444.668513
1/10/2019 3:00,6303.377261
1/10/2019 3:30,6218.712076
1/10/2019 4:00,6183.787141
1/10/2019 4:30,6267.20422
1/10/2019 5:00,6344.339871
1/10/2019 5:30,6660.115928
1/10/2019 6:00,6922.754437
1/10/2019 6:30,7356.410702
1/10/2019 7:00,7642.436602
1/10/2019 7:30,7769.3629
1/10/2019 8:00,7924.225417
1/10/2019 8:30,7994.190836
1/10/2019 9:00,7899.808538
1/10/2019 9:30,7954.822881
1/10/2019 10:00,7909.549205
1/10/2019 10:30,7905.263513
1/10/2019 11:00,7848.933545
1/10/2019 11:30,7835.419785
1/10/2019 12:00,7824.306864
1/10/2019 12:30,7818.74637
1/10/2019 13:00,7823.99987
1/10/2019 13:30,7771.842864
1/10/2019 14:00,7805.23553
1/10/2019 14:30,7875.915469
1/10/2019 15:00,7885.309277
1/10/2019 15:30,7965.615967
1/10/2019 16:00,8004.205227
1/10/2019 16:30,8140.705878
1/10/2019 17:00,8365.336536
1/10/2019 17:30,8610.026885
1/10/2019 18:00,8930.434946
1/10/2019 18:30,9070.429473
1/10/2019 19:00,9065.744202
1/10/2019 19:30,8830.656
1/10/2019 20:00,8617.778519
1/10/2019 20:30,8462.831832
1/10/2019 21:00,8243.198499
1/10/2019 21:30,8065.844872
1/10/2019 22:00,7889.898328
1/10/2019 22:30,7841.402956
1/10/2019 23:00,7599.555778
1/10/2019 23:30,7516.738169
2/10/2019 0:00,7486.075789
2/10/2019 0:30,7343.385291
2/10/2019 1:00,7172.644583
2/10/2019 1:30,6970.347016
2/10/2019 2:00,6761.117326
2/10/2019 2:30,6482.737613
2/10/2019 3:00,6333.722009
2/10/2019 3:30,6193.506648
2/10/2019 4:00,6148.420112
2/10/2019 4:30,6192.022522
2/10/2019 5:00,6342.719715
2/10/2019 5:30,6621.551043
2/10/2019 6:00,6901.488941
2/10/2019 6:30,7349.377332
2/10/2019 7:00,7668.392434
2/10/2019 7:30,7764.911762
2/10/2019 8:00,7858.284159
2/10/2019 8:30,7870.000099
2/10/2019 9:00,7858.709104
2/10/2019 9:30,7844.849526
2/10/2019 10:00,7783.792857
2/10/2019 10:30,7818.166405
2/10/2019 11:00,7760.974024
2/10/2019 11:30,7638.566829
2/10/2019 12:00,7532.986104
2/10/2019 12:30,7423.34975
2/10/2019 13:00,7367.311063
2/10/2019 13:30,7312.115495
2/10/2019 14:00,7340.707116
2/10/2019 14:30,7358.203392
2/10/2019 15:00,7459.407814
2/10/2019 15:30,7588.10157
2/10/2019 16:00,7720.184685
2/10/2019 16:30,7904.526761
2/10/2019 17:00,8105.486226
2/10/2019 17:30,8348.432158
2/10/2019 18:00,8634.891706
2/10/2019 18:30,8935.575842
2/10/2019 19:00,8983.691082
2/10/2019 19:30,8832.057717
2/10/2019 20:00,8612.590855
2/10/2019 20:30,8443.785848
2/10/2019 21:00,8289.604889
2/10/2019 21:30,8116.794648
2/10/2019 22:00,7953.372778
2/10/2019 22:30,7907.055568
2/10/2019 23:00,7759.18486
2/10/2019 23:30,7622.399676
3/10/2019 0:00,7499.514305
3/10/2019 0:30,7356.226094
3/10/2019 1:00,7172.322474
3/10/2019 1:30,6942.121823
3/10/2019 2:00,6749.161151
3/10/2019 2:30,6488.486825
3/10/2019 3:00,6315.559325
3/10/2019 3:30,6189.1033
3/10/2019 4:00,6154.081646
3/10/2019 4:30,6175.020877
3/10/2019 5:00,6298.344209
3/10/2019 5:30,6601.388524
3/10/2019 6:00,6833.080336
3/10/2019 6:30,7273.43952
3/10/2019 7:00,7495.326511
3/10/2019 7:30,7559.408299
3/10/2019 8:00,7676.161975
3/10/2019 8:30,7622.287978
3/10/2019 9:00,7507.76224
3/10/2019 9:30,7455.812087
3/10/2019 10:00,7358.416992
3/10/2019 10:30,7313.663793
3/10/2019 11:00,7248.832276
3/10/2019 11:30,7193.531501
3/10/2019 12:00,7137.673274
3/10/2019 12:30,7090.106772
3/10/2019 13:00,7149.918015
3/10/2019 13:30,7190.268639
3/10/2019 14:00,7287.480113
3/10/2019 14:30,7328.854985
3/10/2019 15:00,7453.945028
3/10/2019 15:30,7579.118788
3/10/2019 16:00,7726.156488
3/10/2019 16:30,7883.152714
3/10/2019 17:00,8117.672207
3/10/2019 17:30,8295.523472
3/10/2019 18:00,8558.304339
3/10/2019 18:30,8742.751238
3/10/2019 19:00,8760.982009
3/10/2019 19:30,8594.10581
3/10/2019 20:00,8400.306099
3/10/2019 20:30,8260.073522
3/10/2019 21:00,8114.587087
3/10/2019 21:30,7932.556032
3/10/2019 22:00,7770.908632
3/10/2019 22:30,7742.921677
3/10/2019 23:00,7591.10299
3/10/2019 23:30,7512.174377
4/10/2019 0:00,7431.411996
4/10/2019 0:30,7256.089178
4/10/2019 1:00,7095.335191
4/10/2019 1:30,6909.162961
4/10/2019 2:00,6689.567563
4/10/2019 2:30,6416.328614
4/10/2019 3:00,6236.915312
4/10/2019 3:30,6139.636842
4/10/2019 4:00,6064.141856
4/10/2019 4:30,6144.249602
4/10/2019 5:00,6221.818061
4/10/2019 5:30,6533.594399
4/10/2019 6:00,6791.610556
4/10/2019 6:30,7204.816669
4/10/2019 7:00,7437.229355
4/10/2019 7:30,7520.108783
4/10/2019 8:00,7581.269213
4/10/2019 8:30,7627.870584
4/10/2019 9:00,7542.891808
4/10/2019 9:30,7522.811957
4/10/2019 10:00,7450.365544
4/10/2019 10:30,7395.892711
4/10/2019 11:00,7351.280891
4/10/2019 11:30,7340.491154
4/10/2019 12:00,7319.499412
4/10/2019 12:30,7296.515818
4/10/2019 13:00,7330.604911
4/10/2019 13:30,7357.221676
4/10/2019 14:00,7446.778406
4/10/2019 14:30,7497.679134
4/10/2019 15:00,7611.345858
4/10/2019 15:30,7751.683658
4/10/2019 16:00,7922.01164
4/10/2019 16:30,8080.19812
4/10/2019 17:00,8248.638858
4/10/2019 17:30,8374.557804
4/10/2019 18:00,8590.369308
4/10/2019 18:30,8681.571145
4/10/2019 19:00,8710.426173
4/10/2019 19:30,8520.653903
4/10/2019 20:00,8293.732114
4/10/2019 20:30,8097.778101
4/10/2019 21:00,7873.029061
4/10/2019 21:30,7695.45878
4/10/2019 22:00,7511.640774
4/10/2019 22:30,7515.67157
4/10/2019 23:00,7313.757912
4/10/2019 23:30,7215.529222
5/10/2019 0:00,7004.716382
5/10/2019 0:30,6777.592421
5/10/2019 1:00,6613.496619
5/10/2019 1:30,6387.832792
5/10/2019 2:00,6160.04971
5/10/2019 2:30,5865.850141
5/10/2019 3:00,5670.731596
5/10/2019 3:30,5542.430059
5/10/2019 4:00,5481.358241
5/10/2019 4:30,5526.301037
5/10/2019 5:00,5583.375799
5/10/2019 5:30,5866.311492
5/10/2019 6:00,6050.497872
5/10/2019 6:30,6359.924551
5/10/2019 7:00,6646.8879
5/10/2019 7:30,6750.161908
5/10/2019 8:00,6879.737318
5/10/2019 8:30,6902.706363
5/10/2019 9:00,6896.793091
5/10/2019 9:30,6960.623556
5/10/2019 10:00,6949.435121
5/10/2019 10:30,6924.141646
5/10/2019 11:00,6895.03429
5/10/2019 11:30,6916.370827
5/10/2019 12:00,6918.383654
5/10/2019 12:30,6931.731798
5/10/2019 13:00,7003.71764
5/10/2019 13:30,7068.772991
5/10/2019 14:00,7134.002676
5/10/2019 14:30,7168.965999
5/10/2019 15:00,7197.898672
5/10/2019 15:30,7243.514184
5/10/2019 16:00,7284.73199
5/10/2019 16:30,7417.779584
5/10/2019 17:00,7562.155975
5/10/2019 17:30,7610.302803
5/10/2019 18:00,7809.275935
5/10/2019 18:30,7870.261745
5/10/2019 19:00,7774.248642
5/10/2019 19:30,7589.100692
5/10/2019 20:00,7395.179462
5/10/2019 20:30,7230.528696
5/10/2019 21:00,7057.264722
5/10/2019 21:30,6929.689487
5/10/2019 22:00,6753.052761
5/10/2019 22:30,6795.375094
5/10/2019 23:00,6647.670699
5/10/2019 23:30,6598.310786
6/10/2019 0:00,6682.354975
6/10/2019 0:30,6510.352098
6/10/2019 1:00,6342.740442
6/10/2019 1:30,6122.74725
6/10/2019 2:00,5907.51883
6/10/2019 2:30,5633.31908
6/10/2019 3:00,5483.84733
6/10/2019 3:30,5329.021766
6/10/2019 4:00,5270.152233
6/10/2019 4:30,5309.417088
6/10/2019 5:00,5335.776778
6/10/2019 5:30,5512.014236
6/10/2019 6:00,5671.413055
6/10/2019 6:30,5932.48934
6/10/2019 7:00,6241.698742
6/10/2019 7:30,6493.831775
6/10/2019 8:00,6711.338084
6/10/2019 8:30,6975.379784
6/10/2019 9:00,7066.179656
6/10/2019 9:30,7107.604181
6/10/2019 10:00,7127.376019
6/10/2019 10:30,7080.25836
6/10/2019 11:00,6999.176095
6/10/2019 11:30,6929.741887
6/10/2019 12:00,6878.119492
6/10/2019 12:30,6894.091727
6/10/2019 13:00,6900.473747
6/10/2019 13:30,6854.82796
6/10/2019 14:00,6881.843831
6/10/2019 14:30,6904.436996
6/10/2019 15:00,6901.180645
6/10/2019 15:30,6995.699658
6/10/2019 16:00,7085.142355
6/10/2019 16:30,7217.439914
6/10/2019 17:00,7401.617562
6/10/2019 17:30,7537.419551
6/10/2019 18:00,7836.54486
6/10/2019 18:30,7989.236539
6/10/2019 19:00,8028.208251
6/10/2019 19:30,7855.779755
6/10/2019 20:00,7697.882427
6/10/2019 20:30,7580.640308
6/10/2019 21:00,7486.159492
6/10/2019 21:30,7365.114424
6/10/2019 22:00,7263.733294
6/10/2019 22:30,7259.024389
6/10/2019 23:00,7176.542746
6/10/2019 23:30,7117.790491
7/10/2019 0:00,6659.395321
7/10/2019 0:30,6509.503822
7/10/2019 1:00,6332.81214
7/10/2019 1:30,6146.449523
7/10/2019 2:00,5977.968027
7/10/2019 2:30,5778.21907
7/10/2019 3:00,5648.315154
7/10/2019 3:30,5570.303957
7/10/2019 4:00,5569.272366
7/10/2019 4:30,5621.8194
7/10/2019 5:00,5700.941932
7/10/2019 5:30,5866.117248
7/10/2019 6:00,6020.358673
7/10/2019 6:30,6228.665226
7/10/2019 7:00,6490.14817
7/10/2019 7:30,6747.118775
7/10/2019 8:00,6900.735786
7/10/2019 8:30,6981.726452
7/10/2019 9:00,6976.206202
7/10/2019 9:30,6974.408844
7/10/2019 10:00,6852.353092
7/10/2019 10:30,6760.781763
7/10/2019 11:00,6781.803699
7/10/2019 11:30,6865.168789
7/10/2019 12:00,6784.796717
7/10/2019 12:30,6676.597044
7/10/2019 13:00,6678.579384
7/10/2019 13:30,6868.637197
7/10/2019 14:00,6832.389914
7/10/2019 14:30,6720.240589
7/10/2019 15:00,6850.453665
7/10/2019 15:30,7001.261721
7/10/2019 16:00,7106.918295
7/10/2019 16:30,7329.621852
7/10/2019 17:00,7500.230349
7/10/2019 17:30,7687.883799
7/10/2019 18:00,7891.318192
7/10/2019 18:30,8026.357609
7/10/2019 19:00,7974.31148
7/10/2019 19:30,7847.600255
7/10/2019 20:00,7783.787475
7/10/2019 20:30,7578.249935
7/10/2019 21:00,7460.022003
7/10/2019 21:30,7391.215281
7/10/2019 22:00,7279.890668
7/10/2019 22:30,7240.825176
7/10/2019 23:00,7077.543354
7/10/2019 23:30,6945.137594
8/10/2019 0:00,7100.855144
8/10/2019 0:30,6919.381101
8/10/2019 1:00,6745.53411
8/10/2019 1:30,6484.318641
8/10/2019 2:00,6331.640759
8/10/2019 2:30,6163.547475
8/10/2019 3:00,6083.1963
8/10/2019 3:30,6006.247244
8/10/2019 4:00,5976.281532
8/10/2019 4:30,6039.365022
8/10/2019 5:00,6118.787586
8/10/2019 5:30,6333.82155
8/10/2019 6:00,6448.561853
8/10/2019 6:30,6556.618349
8/10/2019 7:00,6737.381217
8/10/2019 7:30,6869.226288
8/10/2019 8:00,6982.133312
8/10/2019 8:30,6971.320507
8/10/2019 9:00,6963.066266
8/10/2019 9:30,7092.408512
8/10/2019 10:00,7046.323613
8/10/2019 10:30,7003.306553
8/10/2019 11:00,6936.763003
8/10/2019 11:30,6901.702219
8/10/2019 12:00,6928.343306
8/10/2019 12:30,6905.119885
8/10/2019 13:00,6884.882557
8/10/2019 13:30,6948.416458
8/10/2019 14:00,7024.651546
8/10/2019 14:30,7096.416483
8/10/2019 15:00,7184.981236
8/10/2019 15:30,7287.61404
8/10/2019 16:00,7419.157778
8/10/2019 16:30,7586.274559
8/10/2019 17:00,7814.827134
8/10/2019 17:30,7955.02678
8/10/2019 18:00,8161.146202
8/10/2019 18:30,8184.942805
8/10/2019 19:00,8149.404099
8/10/2019 19:30,7990.007738
8/10/2019 20:00,7811.34343
8/10/2019 20:30,7670.596533
8/10/2019 21:00,7499.744342
8/10/2019 21:30,7428.517989
8/10/2019 22:00,7307.720983
8/10/2019 22:30,7292.933871
8/10/2019 23:00,7145.448765
8/10/2019 23:30,7028.699829
9/10/2019 0:00,7009.749126
9/10/2019 0:30,6835.149344
9/10/2019 1:00,6659.033753
9/10/2019 1:30,6406.141891
9/10/2019 2:00,6181.648637
9/10/2019 2:30,6002.794355
9/10/2019 3:00,5906.386384
9/10/2019 3:30,5870.05297
9/10/2019 4:00,5882.818344
9/10/2019 4:30,6026.197725
9/10/2019 5:00,6201.905185
9/10/2019 5:30,6563.715052
9/10/2019 6:00,6903.563865
9/10/2019 6:30,7224.168837
9/10/2019 7:00,7515.340991
9/10/2019 7:30,7658.298524
9/10/2019 8:00,7717.09894
9/10/2019 8:30,7762.837767
9/10/2019 9:00,7752.376847
9/10/2019 9:30,7672.451947
9/10/2019 10:00,7618.247273
9/10/2019 10:30,7531.225549
9/10/2019 11:00,7439.291851
9/10/2019 11:30,7357.184422
9/10/2019 12:00,7495.347933
9/10/2019 12:30,7498.012235
9/10/2019 13:00,7504.303502
9/10/2019 13:30,7533.644983
9/10/2019 14:00,7598.107673
9/10/2019 14:30,7677.42603
9/10/2019 15:00,7668.471743
9/10/2019 15:30,7805.010922
9/10/2019 16:00,7994.46588
9/10/2019 16:30,8136.741237
9/10/2019 17:00,8340.480318
9/10/2019 17:30,8420.933803
9/10/2019 18:00,8602.831325
9/10/2019 18:30,8656.680537
9/10/2019 19:00,8630.414776
9/10/2019 19:30,8497.643241
9/10/2019 20:00,8345.258575
9/10/2019 20:30,8171.602137
9/10/2019 21:00,7907.109477
9/10/2019 21:30,7814.573459
9/10/2019 22:00,7634.964085
9/10/2019 22:30,7624.875174
9/10/2019 23:00,7525.635045
9/10/2019 23:30,7395.600609
10/10/2019 0:00,7213.528982
10/10/2019 0:30,7072.103248
10/10/2019 1:00,6871.575466
10/10/2019 1:30,6618.163595
10/10/2019 2:00,6421.730533
10/10/2019 2:30,6206.080647
10/10/2019 3:00,6091.028873
10/10/2019 3:30,6040.289399
10/10/2019 4:00,6101.067923
10/10/2019 4:30,6286.53033
10/10/2019 5:00,6507.563452
10/10/2019 5:30,6954.117185
10/10/2019 6:00,7309.990964
10/10/2019 6:30,7569.977831
10/10/2019 7:00,7778.996165
10/10/2019 7:30,7838.358881
10/10/2019 8:00,7811.935362
10/10/2019 8:30,7730.362775
10/10/2019 9:00,7585.238633
10/10/2019 9:30,7519.69009
10/10/2019 10:00,7456.861182
10/10/2019 10:30,7385.548769
10/10/2019 11:00,7331.044292
10/10/2019 11:30,7301.677135
10/10/2019 12:00,7260.027305
10/10/2019 12:30,7209.149211
10/10/2019 13:00,7194.199818
10/10/2019 13:30,7180.233079
10/10/2019 14:00,7168.240467
10/10/2019 14:30,7222.384198
10/10/2019 15:00,7285.200835
10/10/2019 15:30,7424.509828
10/10/2019 16:00,7546.957999
10/10/2019 16:30,7765.020139
10/10/2019 17:00,8061.277629
10/10/2019 17:30,8261.96161
10/10/2019 18:00,8481.303366
10/10/2019 18:30,8613.103213
10/10/2019 19:00,8621.794461
10/10/2019 19:30,8539.672799
10/10/2019 20:00,8411.990954
10/10/2019 20:30,8240.539251
10/10/2019 21:00,8034.512055
10/10/2019 21:30,7954.579622
10/10/2019 22:00,7776.896538
10/10/2019 22:30,7738.786952
10/10/2019 23:00,7588.388887
10/10/2019 23:30,7453.813739
11/10/2019 0:00,7296.781875
11/10/2019 0:30,7162.503543
11/10/2019 1:00,6977.098231
11/10/2019 1:30,6702.567947
11/10/2019 2:00,6492.878237
11/10/2019 2:30,6280.721674
11/10/2019 3:00,6191.775011
11/10/2019 3:30,6152.604643
11/10/2019 4:00,6186.133644
11/10/2019 4:30,6364.562604
11/10/2019 5:00,6584.34254
11/10/2019 5:30,7026.646991
11/10/2019 6:00,7389.770377
11/10/2019 6:30,7614.326884
11/10/2019 7:00,7774.292345
11/10/2019 7:30,7829.741461
11/10/2019 8:00,7776.847455
11/10/2019 8:30,7717.785166
11/10/2019 9:00,7584.839379
11/10/2019 9:30,7545.801787
11/10/2019 10:00,7464.889964
11/10/2019 10:30,7446.158596
11/10/2019 11:00,7359.182883
11/10/2019 11:30,7276.231828
11/10/2019 12:00,7254.443779
11/10/2019 12:30,7212.682056
11/10/2019 13:00,7172.640779
11/10/2019 13:30,7190.221913
11/10/2019 14:00,7220.331079
11/10/2019 14:30,7246.492053
11/10/2019 15:00,7309.353493
11/10/2019 15:30,7474.166601
11/10/2019 16:00,7635.435708
11/10/2019 16:30,7819.029944
11/10/2019 17:00,8080.731346
11/10/2019 17:30,8216.890901
11/10/2019 18:00,8353.537711
11/10/2019 18:30,8436.185037
11/10/2019 19:00,8385.024863
11/10/2019 19:30,8280.001141
11/10/2019 20:00,8124.943282
11/10/2019 20:30,7972.858142
11/10/2019 21:00,7722.011533
11/10/2019 21:30,7583.068837
11/10/2019 22:00,7440.000621
11/10/2019 22:30,7441.550916
11/10/2019 23:00,7268.525595
11/10/2019 23:30,7132.775863
12/10/2019 0:00,6928.300366
12/10/2019 0:30,6717.169845
12/10/2019 1:00,6555.354014
12/10/2019 1:30,6273.984186
12/10/2019 2:00,6018.178993
12/10/2019 2:30,5852.387095
12/10/2019 3:00,5738.87574
12/10/2019 3:30,5674.832263
12/10/2019 4:00,5684.986484
12/10/2019 4:30,5845.931936
12/10/2019 5:00,6034.242666
12/10/2019 5:30,6460.152937
12/10/2019 6:00,6796.288893
12/10/2019 6:30,7022.724389
12/10/2019 7:00,7246.097996
12/10/2019 7:30,7334.301327
12/10/2019 8:00,7312.38545
12/10/2019 8:30,7331.326926
12/10/2019 9:00,7266.177388
12/10/2019 9:30,7273.2907
12/10/2019 10:00,7222.40396
12/10/2019 10:30,7240.062908
12/10/2019 11:00,7161.50392
12/10/2019 11:30,7100.91384
12/10/2019 12:00,7062.334596
12/10/2019 12:30,6957.520895
12/10/2019 13:00,6883.447025
12/10/2019 13:30,6862.700068
12/10/2019 14:00,6825.690575
12/10/2019 14:30,6837.186031
12/10/2019 15:00,6951.257566
12/10/2019 15:30,7023.754089
12/10/2019 16:00,7175.680392
12/10/2019 16:30,7351.010718
12/10/2019 17:00,7531.268191
12/10/2019 17:30,7604.997918
12/10/2019 18:00,7737.569015
12/10/2019 18:30,7808.007932
12/10/2019 19:00,7783.201131
12/10/2019 19:30,7705.97291
12/10/2019 20:00,7599.542654
12/10/2019 20:30,7457.342782
12/10/2019 21:00,7274.085193
12/10/2019 21:30,7159.875212
12/10/2019 22:00,6993.206231
12/10/2019 22:30,6961.71036
12/10/2019 23:00,6826.531418
12/10/2019 23:30,6679.050135
13/10/2019 0:00,6675.699908
13/10/2019 0:30,6501.583094
13/10/2019 1:00,6258.703829
13/10/2019 1:30,5998.72627
13/10/2019 2:00,5768.721946
13/10/2019 2:30,5549.971537
13/10/2019 3:00,5411.656254
13/10/2019 3:30,5337.524797
13/10/2019 4:00,5364.367828
13/10/2019 4:30,5460.045246
13/10/2019 5:00,5577.986284
13/10/2019 5:30,5833.526088
13/10/2019 6:00,6067.094911
13/10/2019 6:30,6352.071342
13/10/2019 7:00,6633.130653
13/10/2019 7:30,6852.60251
13/10/2019 8:00,7014.61637
13/10/2019 8:30,7206.363734
13/10/2019 9:00,7175.576018
13/10/2019 9:30,7250.305771
13/10/2019 10:00,7244.104533
13/10/2019 10:30,7227.402417
13/10/2019 11:00,7153.857996
13/10/2019 11:30,7100.999876
13/10/2019 12:00,7027.120341
13/10/2019 12:30,6990.381484
13/10/2019 13:00,6997.94995
13/10/2019 13:30,6990.038061
13/10/2019 14:00,7047.799616
13/10/2019 14:30,7101.445545
13/10/2019 15:00,7169.130384
13/10/2019 15:30,7330.948504
13/10/2019 16:00,7468.455427
13/10/2019 16:30,7577.057858
13/10/2019 17:00,7823.983663
13/10/2019 17:30,7963.238103
13/10/2019 18:00,8167.642652
13/10/2019 18:30,8278.656117
13/10/2019 19:00,8238.719117
13/10/2019 19:30,8132.359132
13/10/2019 20:00,8005.923
13/10/2019 20:30,7904.868897
13/10/2019 21:00,7761.084726
13/10/2019 21:30,7636.685999
13/10/2019 22:00,7512.376917
13/10/2019 22:30,7479.377091
13/10/2019 23:00,7307.473464
13/10/2019 23:30,7167.815838
14/10/2019 0:00,7330.08846
14/10/2019 0:30,7196.710987
14/10/2019 1:00,7044.3515
14/10/2019 1:30,6825.300058
14/10/2019 2:00,6579.283652
14/10/2019 2:30,6435.171369
14/10/2019 3:00,6396.115046
14/10/2019 3:30,6316.811602
14/10/2019 4:00,6323.331539
14/10/2019 4:30,6412.060126
14/10/2019 5:00,6529.486421
14/10/2019 5:30,6780.730325
14/10/2019 6:00,6960.639606
14/10/2019 6:30,7200.178009
14/10/2019 7:00,7477.545011
14/10/2019 7:30,7669.771075
14/10/2019 8:00,7757.807451
14/10/2019 8:30,7810.761171
14/10/2019 9:00,7796.405268
14/10/2019 9:30,7801.546532
14/10/2019 10:00,7698.043293
14/10/2019 10:30,7657.675984
14/10/2019 11:00,7634.821428
14/10/2019 11:30,7566.986013
14/10/2019 12:00,7486.915985
14/10/2019 12:30,7421.847741
14/10/2019 13:00,7462.877806
14/10/2019 13:30,7456.154543
14/10/2019 14:00,7396.708556
14/10/2019 14:30,7414.648021
14/10/2019 15:00,7497.60491
14/10/2019 15:30,7672.267779
14/10/2019 16:00,7866.783365
14/10/2019 16:30,8016.04394
14/10/2019 17:00,8308.938441
14/10/2019 17:30,8498.294374
14/10/2019 18:00,8802.653383
14/10/2019 18:30,8976.212769
14/10/2019 19:00,9016.188116
14/10/2019 19:30,8922.866355
14/10/2019 20:00,8791.931365
14/10/2019 20:30,8615.864002
14/10/2019 21:00,8435.731197
14/10/2019 21:30,8279.154001
14/10/2019 22:00,8101.969657
14/10/2019 22:30,8045.538999
14/10/2019 23:00,7898.677319
14/10/2019 23:30,7736.386938
15/10/2019 0:00,7251.868736
15/10/2019 0:30,7104.232853
15/10/2019 1:00,6981.991138
15/10/2019 1:30,6707.832304
15/10/2019 2:00,6532.854499
15/10/2019 2:30,6384.437608
15/10/2019 3:00,6273.510902
15/10/2019 3:30,6269.321068
15/10/2019 4:00,6297.299192
15/10/2019 4:30,6545.363094
15/10/2019 5:00,6735.806636
15/10/2019 5:30,7156.249898
15/10/2019 6:00,7544.203695
15/10/2019 6:30,7900.659011
15/10/2019 7:00,8160.321341
15/10/2019 7:30,8160.791597
15/10/2019 8:00,8037.815739
15/10/2019 8:30,7981.235301
15/10/2019 9:00,7880.897593
15/10/2019 9:30,7779.128226
15/10/2019 10:00,7724.986813
15/10/2019 10:30,7558.39644
15/10/2019 11:00,7473.242089
15/10/2019 11:30,7426.476409
15/10/2019 12:00,7412.457692
15/10/2019 12:30,7377.896367
15/10/2019 13:00,7394.952668
15/10/2019 13:30,7436.835555
15/10/2019 14:00,7505.261491
15/10/2019 14:30,7481.255518
15/10/2019 15:00,7538.235543
15/10/2019 15:30,7652.687542
15/10/2019 16:00,7765.390615
15/10/2019 16:30,7954.640832
15/10/2019 17:00,8166.527479
15/10/2019 17:30,8329.317807
15/10/2019 18:00,8527.787459
15/10/2019 18:30,8568.845773
15/10/2019 19:00,8558.331144
15/10/2019 19:30,8403.14544
15/10/2019 20:00,8204.462494
15/10/2019 20:30,7981.03777
15/10/2019 21:00,7735.78148
15/10/2019 21:30,7602.737241
15/10/2019 22:00,7467.987387
15/10/2019 22:30,7438.020101
15/10/2019 23:00,7313.020647
15/10/2019 23:30,7172.03149
16/10/2019 0:00,7143.081905
16/10/2019 0:30,6992.96781
16/10/2019 1:00,6825.992392
16/10/2019 1:30,6585.092947
16/10/2019 2:00,6340.727592
16/10/2019 2:30,6176.52791
16/10/2019 3:00,6025.305218
16/10/2019 3:30,6002.183122
16/10/2019 4:00,6027.904815
16/10/2019 4:30,6194.371219
16/10/2019 5:00,6431.261198
16/10/2019 5:30,6903.99781
16/10/2019 6:00,7310.815908
16/10/2019 6:30,7592.232345
16/10/2019 7:00,7786.635157
16/10/2019 7:30,7833.348791
16/10/2019 8:00,7709.851223
16/10/2019 8:30,7651.492221
16/10/2019 9:00,7559.460366
16/10/2019 9:30,7478.954437
16/10/2019 10:00,7421.24044
16/10/2019 10:30,7357.195412
16/10/2019 11:00,7305.02433
16/10/2019 11:30,7292.753072
16/10/2019 12:00,7298.512065
16/10/2019 12:30,7341.649184
16/10/2019 13:00,7311.018903
16/10/2019 13:30,7309.408275
16/10/2019 14:00,7379.916115
16/10/2019 14:30,7436.023743
16/10/2019 15:00,7544.059905
16/10/2019 15:30,7713.81811
16/10/2019 16:00,7819.93004
16/10/2019 16:30,7983.658591
16/10/2019 17:00,8204.580656
16/10/2019 17:30,8262.079295
16/10/2019 18:00,8507.184505
16/10/2019 18:30,8541.991531
16/10/2019 19:00,8544.687283
16/10/2019 19:30,8349.367515
16/10/2019 20:00,8213.053883
16/10/2019 20:30,8020.508375
16/10/2019 21:00,7769.339094
16/10/2019 21:30,7670.135312
16/10/2019 22:00,7530.114787
16/10/2019 22:30,7509.842264
16/10/2019 23:00,7378.114245
16/10/2019 23:30,7258.954572
17/10/2019 0:00,7079.981649
17/10/2019 0:30,6969.740785
17/10/2019 1:00,6771.624345
17/10/2019 1:30,6510.506725
17/10/2019 2:00,6287.760242
17/10/2019 2:30,6123.249995
17/10/2019 3:00,6014.836552
17/10/2019 3:30,5989.398526
17/10/2019 4:00,6032.591879
17/10/2019 4:30,6222.700727
17/10/2019 5:00,6406.667031
17/10/2019 5:30,6815.935099
17/10/2019 6:00,7190.497552
17/10/2019 6:30,7471.313217
17/10/2019 7:00,7759.046357
17/10/2019 7:30,7823.198295
17/10/2019 8:00,7839.701616
17/10/2019 8:30,7851.145181
17/10/2019 9:00,7799.831108
17/10/2019 9:30,7737.249743
17/10/2019 10:00,7635.092175
17/10/2019 10:30,7596.666284
17/10/2019 11:00,7592.516749
17/10/2019 11:30,7615.143252
17/10/2019 12:00,7552.26534
17/10/2019 12:30,7552.863498
17/10/2019 13:00,7736.140837
17/10/2019 13:30,7747.541963
17/10/2019 14:00,7791.454302
17/10/2019 14:30,7856.28189
17/10/2019 15:00,7989.363663
17/10/2019 15:30,8073.839621
17/10/2019 16:00,8142.520037
17/10/2019 16:30,8210.487091
17/10/2019 17:00,8394.34032
17/10/2019 17:30,8453.880091
17/10/2019 18:00,8562.972356
17/10/2019 18:30,8604.598074
17/10/2019 19:00,8501.529572
17/10/2019 19:30,8379.907475
17/10/2019 20:00,8230.030438
17/10/2019 20:30,8030.480691
17/10/2019 21:00,7775.620016
17/10/2019 21:30,7654.050986
17/10/2019 22:00,7542.273717
17/10/2019 22:30,7521.38855
17/10/2019 23:00,7391.865503
17/10/2019 23:30,7273.672479
18/10/2019 0:00,7147.258085
18/10/2019 0:30,6982.570333
18/10/2019 1:00,6778.376845
18/10/2019 1:30,6514.681507
18/10/2019 2:00,6313.578364
18/10/2019 2:30,6125.105557
18/10/2019 3:00,6033.509486
18/10/2019 3:30,6001.916926
18/10/2019 4:00,6042.071149
18/10/2019 4:30,6246.892049
18/10/2019 5:00,6450.963421
18/10/2019 5:30,6882.52592
18/10/2019 6:00,7239.619128
18/10/2019 6:30,7516.37138
18/10/2019 7:00,7663.972252
18/10/2019 7:30,7655.296915
18/10/2019 8:00,7621.533063
18/10/2019 8:30,7644.426636
18/10/2019 9:00,7575.622306
18/10/2019 9:30,7608.446659
18/10/2019 10:00,7558.457096
18/10/2019 10:30,7513.312018
18/10/2019 11:00,7454.298465
18/10/2019 11:30,7391.655637
18/10/2019 12:00,7390.187577
18/10/2019 12:30,7375.863008
18/10/2019 13:00,7347.671573
18/10/2019 13:30,7285.811155
18/10/2019 14:00,7309.614458
18/10/2019 14:30,7308.092353
18/10/2019 15:00,7371.026888
18/10/2019 15:30,7522.991398
18/10/2019 16:00,7662.314122
18/10/2019 16:30,7841.330158
18/10/2019 17:00,8013.983159
18/10/2019 17:30,8133.753099
18/10/2019 18:00,8247.673481
18/10/2019 18:30,8273.908421
18/10/2019 19:00,8286.379769
18/10/2019 19:30,8177.528403
18/10/2019 20:00,8016.811627
18/10/2019 20:30,7854.434888
18/10/2019 21:00,7592.065043
18/10/2019 21:30,7466.141545
18/10/2019 22:00,7349.288301
18/10/2019 22:30,7296.487282
18/10/2019 23:00,7125.503493
18/10/2019 23:30,7007.866267
19/10/2019 0:00,6768.180231
19/10/2019 0:30,6623.253662
19/10/2019 1:00,6444.944861
19/10/2019 1:30,6171.627604
19/10/2019 2:00,5951.17705
19/10/2019 2:30,5750.558327
19/10/2019 3:00,5622.939548
19/10/2019 3:30,5607.433825
19/10/2019 4:00,5603.959995
19/10/2019 4:30,5824.642825
19/10/2019 5:00,5991.870392
19/10/2019 5:30,6411.221539
19/10/2019 6:00,6798.092386
19/10/2019 6:30,7058.178988
19/10/2019 7:00,7208.082004
19/10/2019 7:30,7140.863509
19/10/2019 8:00,7048.122615
19/10/2019 8:30,6952.189616
19/10/2019 9:00,6878.804529
19/10/2019 9:30,6771.09705
19/10/2019 10:00,6650.56727
19/10/2019 10:30,6556.940224
19/10/2019 11:00,6452.156698
19/10/2019 11:30,6393.576841
19/10/2019 12:00,6337.95569
19/10/2019 12:30,6293.23104
19/10/2019 13:00,6240.783934
19/10/2019 13:30,6219.583258
19/10/2019 14:00,6256.35897
19/10/2019 14:30,6307.265768
19/10/2019 15:00,6384.372689
19/10/2019 15:30,6578.297804
19/10/2019 16:00,6747.067679
19/10/2019 16:30,6922.269073
19/10/2019 17:00,7114.603929
19/10/2019 17:30,7181.479639
19/10/2019 18:00,7362.962017
19/10/2019 18:30,7407.92763
19/10/2019 19:00,7436.699516
19/10/2019 19:30,7393.520356
19/10/2019 20:00,7194.097993
19/10/2019 20:30,7058.133775
19/10/2019 21:00,6875.742532
19/10/2019 21:30,6827.23248
19/10/2019 22:00,6718.276337
19/10/2019 22:30,6657.631117
19/10/2019 23:00,6528.144387
19/10/2019 23:30,6396.087665
20/10/2019 0:00,6440.091376
20/10/2019 0:30,6285.478848
20/10/2019 1:00,6081.737863
20/10/2019 1:30,5852.005507
20/10/2019 2:00,5597.610472
20/10/2019 2:30,5388.6267
20/10/2019 3:00,5287.608672
20/10/2019 3:30,5259.422017
20/10/2019 4:00,5253.646576
20/10/2019 4:30,5352.504353
20/10/2019 5:00,5482.467168
20/10/2019 5:30,5715.383509
20/10/2019 6:00,5945.575108
20/10/2019 6:30,6130.926938
20/10/2019 7:00,6341.923785
20/10/2019 7:30,6464.560938
20/10/2019 8:00,6544.828985
20/10/2019 8:30,6564.589449
20/10/2019 9:00,6481.124396
20/10/2019 9:30,6450.378826
20/10/2019 10:00,6380.541256
20/10/2019 10:30,6336.53122
20/10/2019 11:00,6310.094394
20/10/2019 11:30,6246.795174
20/10/2019 12:00,6231.055425
20/10/2019 12:30,6260.975412
20/10/2019 13:00,6276.878454
20/10/2019 13:30,6330.196088
20/10/2019 14:00,6379.540434
20/10/2019 14:30,6490.950038
20/10/2019 15:00,6617.349616
20/10/2019 15:30,6817.202792
20/10/2019 16:00,7020.336043
20/10/2019 16:30,7132.821486
20/10/2019 17:00,7260.159906
20/10/2019 17:30,7403.12014
20/10/2019 18:00,7554.588358
20/10/2019 18:30,7663.845525
20/10/2019 19:00,7747.08231
20/10/2019 19:30,7676.89524
20/10/2019 20:00,7623.275569
20/10/2019 20:30,7511.696399
20/10/2019 21:00,7377.166088
20/10/2019 21:30,7260.536998
20/10/2019 22:00,7182.808772
20/10/2019 22:30,7137.310693
20/10/2019 23:00,7020.859578
20/10/2019 23:30,6941.171438
21/10/2019 0:00,7090.476474
21/10/2019 0:30,6967.745027
21/10/2019 1:00,6814.131453
21/10/2019 1:30,6611.202921
21/10/2019 2:00,6437.028577
21/10/2019 2:30,6332.138343
21/10/2019 3:00,6266.465531
21/10/2019 3:30,6216.844749
21/10/2019 4:00,6232.95762
21/10/2019 4:30,6340.169546
21/10/2019 5:00,6424.393
21/10/2019 5:30,6612.616929
21/10/2019 6:00,6780.703967
21/10/2019 6:30,6969.131535
21/10/2019 7:00,7156.465829
21/10/2019 7:30,7345.892499
21/10/2019 8:00,7454.191576
21/10/2019 8:30,7474.357977
21/10/2019 9:00,7474.295571
21/10/2019 9:30,7401.721403
21/10/2019 10:00,7336.771384
21/10/2019 10:30,7271.898828
21/10/2019 11:00,7191.994208
21/10/2019 11:30,7137.054255
21/10/2019 12:00,7103.783945
21/10/2019 12:30,7074.998771
21/10/2019 13:00,7072.040263
21/10/2019 13:30,7073.321362
21/10/2019 14:00,7083.94915
21/10/2019 14:30,7167.222875
21/10/2019 15:00,7370.439655
21/10/2019 15:30,7528.520613
21/10/2019 16:00,7715.323579
21/10/2019 16:30,7910.896279
21/10/2019 17:00,8238.896949
21/10/2019 17:30,8418.63103
21/10/2019 18:00,8650.458058
21/10/2019 18:30,8691.82464
21/10/2019 19:00,8738.839939
21/10/2019 19:30,8653.623341
21/10/2019 20:00,8528.815258
21/10/2019 20:30,8357.060595
21/10/2019 21:00,8146.869982
21/10/2019 21:30,8033.78515
21/10/2019 22:00,7912.015601
21/10/2019 22:30,7848.801712
21/10/2019 23:00,7707.257457
21/10/2019 23:30,7629.796313
22/10/2019 0:00,7160.080741
22/10/2019 0:30,7040.600104
22/10/2019 1:00,6864.769068
22/10/2019 1:30,6662.185591
22/10/2019 2:00,6462.563631
22/10/2019 2:30,6304.774251
22/10/2019 3:00,6210.527918
22/10/2019 3:30,6189.217393
22/10/2019 4:00,6229.774189
22/10/2019 4:30,6452.317754
22/10/2019 5:00,6689.491346
22/10/2019 5:30,7076.947394
22/10/2019 6:00,7498.979481
22/10/2019 6:30,7738.621421
22/10/2019 7:00,7929.325357
22/10/2019 7:30,7904.043181
22/10/2019 8:00,7827.239812
22/10/2019 8:30,7714.760676
22/10/2019 9:00,7724.988295
22/10/2019 9:30,7637.093522
22/10/2019 10:00,7549.031579
22/10/2019 10:30,7462.586127
22/10/2019 11:00,7425.64087
22/10/2019 11:30,7347.049526
22/10/2019 12:00,7332.761194
22/10/2019 12:30,7289.841484
22/10/2019 13:00,7303.583358
22/10/2019 13:30,7284.822055
22/10/2019 14:00,7349.815474
22/10/2019 14:30,7413.478034
22/10/2019 15:00,7519.353325
22/10/2019 15:30,7667.184424
22/10/2019 16:00,7850.840366
22/10/2019 16:30,8037.281771
22/10/2019 17:00,8209.749147
22/10/2019 17:30,8276.064611
22/10/2019 18:00,8431.47025
22/10/2019 18:30,8423.204858
22/10/2019 19:00,8425.261673
22/10/2019 19:30,8311.790979
22/10/2019 20:00,8168.274984
22/10/2019 20:30,7999.636571
22/10/2019 21:00,7787.570926
22/10/2019 21:30,7647.263615
22/10/2019 22:00,7487.409719
22/10/2019 22:30,7452.634331
22/10/2019 23:00,7294.510132
22/10/2019 23:30,7225.619735
23/10/2019 0:00,7164.102656
23/10/2019 0:30,7040.94417
23/10/2019 1:00,6805.22986
23/10/2019 1:30,6555.328728
23/10/2019 2:00,6335.15064
23/10/2019 2:30,6137.902698
23/10/2019 3:00,6042.780972
23/10/2019 3:30,5979.068506
23/10/2019 4:00,6045.974056
23/10/2019 4:30,6247.424401
23/10/2019 5:00,6479.787331
23/10/2019 5:30,6900.138288
23/10/2019 6:00,7302.424285
23/10/2019 6:30,7517.009762
23/10/2019 7:00,7641.87388
23/10/2019 7:30,7653.499689
23/10/2019 8:00,7550.01555
23/10/2019 8:30,7565.963768
23/10/2019 9:00,7466.43875
23/10/2019 9:30,7422.630181
23/10/2019 10:00,7383.898396
23/10/2019 10:30,7304.728437
23/10/2019 11:00,7229.373235
23/10/2019 11:30,7193.093888
23/10/2019 12:00,7226.105955
23/10/2019 12:30,7225.068923
23/10/2019 13:00,7270.684999
23/10/2019 13:30,7311.055278
23/10/2019 14:00,7332.232032
23/10/2019 14:30,7435.326663
23/10/2019 15:00,7586.99633
23/10/2019 15:30,7740.288141
23/10/2019 16:00,7905.337403
23/10/2019 16:30,8089.968309
23/10/2019 17:00,8270.453122
23/10/2019 17:30,8293.473873
23/10/2019 18:00,8436.148214
23/10/2019 18:30,8419.055199
23/10/2019 19:00,8408.756324
23/10/2019 19:30,8308.016128
23/10/2019 20:00,8195.20849
23/10/2019 20:30,7996.706266
23/10/2019 21:00,7764.642546
23/10/2019 21:30,7640.506163
23/10/2019 22:00,7475.999762
23/10/2019 22:30,7484.183557
23/10/2019 23:00,7339.924543
23/10/2019 23:30,7277.215293
24/10/2019 0:00,7088.361066
24/10/2019 0:30,6972.717959
24/10/2019 1:00,6782.466695
24/10/2019 1:30,6531.095737
24/10/2019 2:00,6319.297776
24/10/2019 2:30,6132.995541
24/10/2019 3:00,6016.029339
24/10/2019 3:30,6004.656467
24/10/2019 4:00,6049.144107
24/10/2019 4:30,6250.124611
24/10/2019 5:00,6459.221722
24/10/2019 5:30,6850.422942
24/10/2019 6:00,7254.034082
24/10/2019 6:30,7461.725813
24/10/2019 7:00,7653.351279
24/10/2019 7:30,7657.426627
24/10/2019 8:00,7645.42842
24/10/2019 8:30,7639.006195
24/10/2019 9:00,7549.463789
24/10/2019 9:30,7480.707521
24/10/2019 10:00,7458.837013
24/10/2019 10:30,7409.485289
24/10/2019 11:00,7391.362467
24/10/2019 11:30,7340.986624
24/10/2019 12:00,7319.931711
24/10/2019 12:30,7372.355036
24/10/2019 13:00,7444.577106
24/10/2019 13:30,7485.18069
24/10/2019 14:00,7607.127628
24/10/2019 14:30,7694.029543
24/10/2019 15:00,7825.771939
24/10/2019 15:30,7978.912957
24/10/2019 16:00,8183.258139
24/10/2019 16:30,8350.910687
24/10/2019 17:00,8516.546787
24/10/2019 17:30,8563.864347
24/10/2019 18:00,8655.162283
24/10/2019 18:30,8631.431425
24/10/2019 19:00,8629.194462
24/10/2019 19:30,8491.226152
24/10/2019 20:00,8279.496966
24/10/2019 20:30,8085.607836
24/10/2019 21:00,7848.944337
24/10/2019 21:30,7731.428379
24/10/2019 22:00,7557.894891
24/10/2019 22:30,7493.287264
24/10/2019 23:00,7359.683458
24/10/2019 23:30,7252.3365
25/10/2019 0:00,7140.209648
25/10/2019 0:30,6963.157567
25/10/2019 1:00,6762.417193
25/10/2019 1:30,6499.663371
25/10/2019 2:00,6291.623049
25/10/2019 2:30,6143.819436
25/10/2019 3:00,6037.883277
25/10/2019 3:30,6024.921175
25/10/2019 4:00,6013.146501
25/10/2019 4:30,6246.977571
25/10/2019 5:00,6414.094087
25/10/2019 5:30,6815.470519
25/10/2019 6:00,7186.674654
25/10/2019 6:30,7440.977443
25/10/2019 7:00,7614.69788
25/10/2019 7:30,7654.7147
25/10/2019 8:00,7647.70619
25/10/2019 8:30,7682.382144
25/10/2019 9:00,7637.934607
25/10/2019 9:30,7654.99765
25/10/2019 10:00,7626.759021
25/10/2019 10:30,7627.866766
25/10/2019 11:00,7634.615812
25/10/2019 11:30,7662.139828
25/10/2019 12:00,7696.689186
25/10/2019 12:30,7756.16675
25/10/2019 13:00,7824.266344
25/10/2019 13:30,7935.796747
25/10/2019 14:00,8046.565938
25/10/2019 14:30,8113.65107
25/10/2019 15:00,8203.60816
25/10/2019 15:30,8354.396108
25/10/2019 16:00,8389.097748
25/10/2019 16:30,8432.093279
25/10/2019 17:00,8572.021046
25/10/2019 17:30,8587.837828
25/10/2019 18:00,8707.573327
25/10/2019 18:30,8695.117072
25/10/2019 19:00,8654.473557
25/10/2019 19:30,8504.587411
25/10/2019 20:00,8262.445865
25/10/2019 20:30,8029.517207
25/10/2019 21:00,7713.134352
25/10/2019 21:30,7622.944968
25/10/2019 22:00,7443.593274
25/10/2019 22:30,7342.452123
25/10/2019 23:00,7177.672218
25/10/2019 23:30,7055.9978
26/10/2019 0:00,6813.742599
26/10/2019 0:30,6639.907604
26/10/2019 1:00,6407.95783
26/10/2019 1:30,6125.7923
26/10/2019 2:00,5894.126735
26/10/2019 2:30,5710.729868
26/10/2019 3:00,5631.608201
26/10/2019 3:30,5575.753319
26/10/2019 4:00,5619.254419
26/10/2019 4:30,5751.499083
26/10/2019 5:00,5969.95365
26/10/2019 5:30,6346.884705
26/10/2019 6:00,6711.074745
26/10/2019 6:30,6961.314573
26/10/2019 7:00,7178.779595
26/10/2019 7:30,7183.361838
26/10/2019 8:00,7198.727791
26/10/2019 8:30,7247.154469
26/10/2019 9:00,7261.564853
26/10/2019 9:30,7307.900275
26/10/2019 10:00,7371.975435
26/10/2019 10:30,7392.32872
26/10/2019 11:00,7415.104426
26/10/2019 11:30,7477.715572
26/10/2019 12:00,7517.780103
26/10/2019 12:30,7596.979772
26/10/2019 13:00,7672.520884
26/10/2019 13:30,7781.979404
26/10/2019 14:00,7917.015245
26/10/2019 14:30,7996.389521
26/10/2019 15:00,8141.536678
26/10/2019 15:30,8183.740484
26/10/2019 16:00,8294.322443
26/10/2019 16:30,8348.17059
26/10/2019 17:00,8272.254648
26/10/2019 17:30,8178.58243
26/10/2019 18:00,8185.700737
26/10/2019 18:30,8119.930511
26/10/2019 19:00,8070.82948
26/10/2019 19:30,7911.589176
26/10/2019 20:00,7749.586945
26/10/2019 20:30,7554.660699
26/10/2019 21:00,7326.14861
26/10/2019 21:30,7182.255358
26/10/2019 22:00,6962.175724
26/10/2019 22:30,6933.677647
26/10/2019 23:00,6796.389675
26/10/2019 23:30,6576.973794
27/10/2019 0:00,6534.769237
27/10/2019 0:30,6320.08176
27/10/2019 1:00,6068.333131
27/10/2019 1:30,5813.98511
27/10/2019 2:00,5564.369057
27/10/2019 2:30,5378.526862
27/10/2019 3:00,5264.932516
27/10/2019 3:30,5206.381433
27/10/2019 4:00,5239.960656
27/10/2019 4:30,5287.047032
27/10/2019 5:00,5424.382238
27/10/2019 5:30,5620.779106
27/10/2019 6:00,5853.95277
27/10/2019 6:30,6121.140393
27/10/2019 7:00,6377.308415
27/10/2019 7:30,6603.345697
27/10/2019 8:00,6679.781053
27/10/2019 8:30,6898.383272
27/10/2019 9:00,6881.579647
27/10/2019 9:30,6878.760627
27/10/2019 10:00,6811.615053
27/10/2019 10:30,6809.304892
27/10/2019 11:00,6739.775027
27/10/2019 11:30,6745.610216
27/10/2019 12:00,6822.323424
27/10/2019 12:30,6865.254312
27/10/2019 13:00,6841.41371
27/10/2019 13:30,6849.329871
27/10/2019 14:00,6901.369942
27/10/2019 14:30,7004.10923
27/10/2019 15:00,7087.23499
27/10/2019 15:30,7231.023807
27/10/2019 16:00,7407.444902
27/10/2019 16:30,7490.129445
27/10/2019 17:00,7664.404003
27/10/2019 17:30,7777.566666
27/10/2019 18:00,7871.858764
27/10/2019 18:30,7831.385253
27/10/2019 19:00,7851.838163
27/10/2019 19:30,7745.872413
27/10/2019 20:00,7627.201554
27/10/2019 20:30,7519.461431
27/10/2019 21:00,7359.618334
27/10/2019 21:30,7265.563539
27/10/2019 22:00,7141.672742
27/10/2019 22:30,7085.315382
27/10/2019 23:00,6930.074925
27/10/2019 23:30,6802.545357
28/10/2019 0:00,6940.900747
28/10/2019 0:30,6793.089182
28/10/2019 1:00,6681.217222
28/10/2019 1:30,6454.048133
28/10/2019 2:00,6367.621195
28/10/2019 2:30,6200.576666
28/10/2019 3:00,6133.365377
28/10/2019 3:30,6112.735668
28/10/2019 4:00,6151.224504
28/10/2019 4:30,6203.337799
28/10/2019 5:00,6294.949367
28/10/2019 5:30,6464.823751
28/10/2019 6:00,6638.259044
28/10/2019 6:30,6839.026581
28/10/2019 7:00,7066.187804
28/10/2019 7:30,7235.545881
28/10/2019 8:00,7300.650227
28/10/2019 8:30,7359.82713
28/10/2019 9:00,7317.690881
28/10/2019 9:30,7310.214136
28/10/2019 10:00,7246.715309
28/10/2019 10:30,7194.46375
28/10/2019 11:00,7164.93604
28/10/2019 11:30,7132.709721
28/10/2019 12:00,7089.842753
28/10/2019 12:30,7065.045779
28/10/2019 13:00,7045.429859
28/10/2019 13:30,7067.192477
28/10/2019 14:00,7144.018383
28/10/2019 14:30,7223.690177
28/10/2019 15:00,7366.905673
28/10/2019 15:30,7545.304824
28/10/2019 16:00,7731.213498
28/10/2019 16:30,7933.253505
28/10/2019 17:00,8170.538645
28/10/2019 17:30,8341.285238
28/10/2019 18:00,8515.146545
28/10/2019 18:30,8587.118855
28/10/2019 19:00,8650.108005
28/10/2019 19:30,8602.433013
28/10/2019 20:00,8467.239823
28/10/2019 20:30,8293.084016
28/10/2019 21:00,8128.054463
28/10/2019 21:30,7999.066386
28/10/2019 22:00,7861.896651
28/10/2019 22:30,7821.488083
28/10/2019 23:00,7636.292652
28/10/2019 23:30,7506.954517
29/10/2019 0:00,7052.823466
29/10/2019 0:30,6913.21055
29/10/2019 1:00,6789.233925
29/10/2019 1:30,6550.476576
29/10/2019 2:00,6352.486768
29/10/2019 2:30,6236.701249
29/10/2019 3:00,6163.251977
29/10/2019 3:30,6158.4465
29/10/2019 4:00,6209.240031
29/10/2019 4:30,6408.532096
29/10/2019 5:00,6583.868523
29/10/2019 5:30,6951.64717
29/10/2019 6:00,7292.863224
29/10/2019 6:30,7540.653499
29/10/2019 7:00,7658.213292
29/10/2019 7:30,7714.868979
29/10/2019 8:00,7683.603056
29/10/2019 8:30,7687.355944
29/10/2019 9:00,7699.052565
29/10/2019 9:30,7729.139337
29/10/2019 10:00,7671.306891
29/10/2019 10:30,7646.06351
29/10/2019 11:00,7583.688359
29/10/2019 11:30,7449.893433
29/10/2019 12:00,7413.781477
29/10/2019 12:30,7370.868409
29/10/2019 13:00,7421.932096
29/10/2019 13:30,7423.012012
29/10/2019 14:00,7439.166451
29/10/2019 14:30,7462.210899
29/10/2019 15:00,7593.928771
29/10/2019 15:30,7709.094975
29/10/2019 16:00,7873.737228
29/10/2019 16:30,8022.649658
29/10/2019 17:00,8191.691785
29/10/2019 17:30,8276.893744
29/10/2019 18:00,8397.889183
29/10/2019 18:30,8340.284737
29/10/2019 19:00,8366.769854
29/10/2019 19:30,8240.526966
29/10/2019 20:00,8076.817906
29/10/2019 20:30,7896.158881
29/10/2019 21:00,7662.256619
29/10/2019 21:30,7557.300379
29/10/2019 22:00,7383.231646
29/10/2019 22:30,7381.057645
29/10/2019 23:00,7237.262426
29/10/2019 23:30,7116.571671
30/10/2019 0:00,7091.175936
30/10/2019 0:30,6912.386005
30/10/2019 1:00,6726.371881
30/10/2019 1:30,6501.630542
30/10/2019 2:00,6277.707273
30/10/2019 2:30,6085.916488
30/10/2019 3:00,5993.628408
30/10/2019 3:30,5956.611662
30/10/2019 4:00,5985.84692
30/10/2019 4:30,6187.535502
30/10/2019 5:00,6398.344181
30/10/2019 5:30,6761.037444
30/10/2019 6:00,7127.134979
30/10/2019 6:30,7332.044042
30/10/2019 7:00,7539.99951
30/10/2019 7:30,7543.240341
30/10/2019 8:00,7528.81848
30/10/2019 8:30,7514.998635
30/10/2019 9:00,7474.693833
30/10/2019 9:30,7425.70928
30/10/2019 10:00,7402.555238
30/10/2019 10:30,7357.71284
30/10/2019 11:00,7329.349247
30/10/2019 11:30,7286.756553
30/10/2019 12:00,7301.787974
30/10/2019 12:30,7287.461407
30/10/2019 13:00,7303.918651
30/10/2019 13:30,7362.307356
30/10/2019 14:00,7471.82383
30/10/2019 14:30,7538.34436
30/10/2019 15:00,7691.216352
30/10/2019 15:30,7835.603193
30/10/2019 16:00,8028.970109
30/10/2019 16:30,8174.202539
30/10/2019 17:00,8365.434705
30/10/2019 17:30,8366.334133
30/10/2019 18:00,8497.706472
30/10/2019 18:30,8460.927334
30/10/2019 19:00,8496.49617
30/10/2019 19:30,8383.832004
30/10/2019 20:00,8203.952409
30/10/2019 20:30,8020.378744
30/10/2019 21:00,7827.831716
30/10/2019 21:30,7698.889374
30/10/2019 22:00,7525.321467
30/10/2019 22:30,7437.901458
30/10/2019 23:00,7321.348243
30/10/2019 23:30,7237.626493
31/10/2019 0:00,7051.834837
31/10/2019 0:30,6900.068123
31/10/2019 1:00,6733.233636
31/10/2019 1:30,6444.733899
31/10/2019 2:00,6262.993906
31/10/2019 2:30,6049.455088
31/10/2019 3:00,5960.406773
31/10/2019 3:30,5944.343928
31/10/2019 4:00,5986.099346
31/10/2019 4:30,6181.912898
31/10/2019 5:00,6373.286535
31/10/2019 5:30,6753.024842
31/10/2019 6:00,7095.421781
31/10/2019 6:30,7362.119612
31/10/2019 7:00,7574.678288
31/10/2019 7:30,7686.372831
31/10/2019 8:00,7706.053387
31/10/2019 8:30,7717.158346
31/10/2019 9:00,7713.298807
31/10/2019 9:30,7745.19603
31/10/2019 10:00,7760.595295
31/10/2019 10:30,7743.458829
31/10/2019 11:00,7705.775019
31/10/2019 11:30,7687.205793
31/10/2019 12:00,7707.105453
31/10/2019 12:30,7762.241016
31/10/2019 13:00,7866.390036
31/10/2019 13:30,7966.815506
31/10/2019 14:00,8020.156995
31/10/2019 14:30,8122.779884
31/10/2019 15:00,8269.588088
31/10/2019 15:30,8370.383435
31/10/2019 16:00,8488.590069
31/10/2019 16:30,8576.778066
31/10/2019 17:00,8725.963372
31/10/2019 17:30,8678.524172
31/10/2019 18:00,8744.193365
31/10/2019 18:30,8692.199992
31/10/2019 19:00,8645.610554
31/10/2019 19:30,8463.4318
31/10/2019 20:00,8311.04314
31/10/2019 20:30,8115.153181
31/10/2019 21:00,7892.249592
31/10/2019 21:30,7772.536799
31/10/2019 22:00,7607.4117
31/10/2019 22:30,7560.882337
31/10/2019 23:00,7406.405236
31/10/2019 23:30,7300.542266
1/11/2019 0:00,7223.84809
1/11/2019 0:30,7045.586121
1/11/2019 1:00,6864.990931
1/11/2019 1:30,6589.683072
1/11/2019 2:00,6382.790034
1/11/2019 2:30,6220.470539
1/11/2019 3:00,6096.846058
1/11/2019 3:30,6060.586732
1/11/2019 4:00,6113.584888
1/11/2019 4:30,6315.002558
1/11/2019 5:00,6504.841927
1/11/2019 5:30,6909.090874
1/11/2019 6:00,7262.269363
1/11/2019 6:30,7578.001856
1/11/2019 7:00,7811.556907
1/11/2019 7:30,7908.474201
1/11/2019 8:00,7913.226921
1/11/2019 8:30,7927.648504
1/11/2019 9:00,7910.6187
1/11/2019 9:30,7918.391312
1/11/2019 10:00,7938.544789
1/11/2019 10:30,7931.412969
1/11/2019 11:00,7942.341339
1/11/2019 11:30,7964.34913
1/11/2019 12:00,8000.32645
1/11/2019 12:30,8076.761503
1/11/2019 13:00,8147.314834
1/11/2019 13:30,8220.615161
1/11/2019 14:00,8306.229478
1/11/2019 14:30,8404.304483
1/11/2019 15:00,8602.046863
1/11/2019 15:30,8695.228633
1/11/2019 16:00,8802.846124
1/11/2019 16:30,8857.591806
1/11/2019 17:00,8959.561762
1/11/2019 17:30,8864.957075
1/11/2019 18:00,8926.03761
1/11/2019 18:30,8816.216015
1/11/2019 19:00,8759.637057
1/11/2019 19:30,8590.606873
1/11/2019 20:00,8395.118012
1/11/2019 20:30,8203.835353
1/11/2019 21:00,8003.317751
1/11/2019 21:30,7811.791485
1/11/2019 22:00,7621.866182
1/11/2019 22:30,7449.925064
1/11/2019 23:00,7279.070472
1/11/2019 23:30,7115.276025
2/11/2019 0:00,6885.050184
2/11/2019 0:30,6700.926169
2/11/2019 1:00,6500.33268
2/11/2019 1:30,6250.624448
2/11/2019 2:00,6021.872028
2/11/2019 2:30,5844.142977
2/11/2019 3:00,5707.117518
2/11/2019 3:30,5713.060408
2/11/2019 4:00,5691.950637
2/11/2019 4:30,5903.899489
2/11/2019 5:00,6071.8135
2/11/2019 5:30,6459.093183
2/11/2019 6:00,6802.550136
2/11/2019 6:30,7032.532054
2/11/2019 7:00,7222.185328
2/11/2019 7:30,7309.931031
2/11/2019 8:00,7350.915053
2/11/2019 8:30,7347.028009
2/11/2019 9:00,7343.671443
2/11/2019 9:30,7315.351425
2/11/2019 10:00,7300.594731
2/11/2019 10:30,7287.851
2/11/2019 11:00,7269.675479
2/11/2019 11:30,7249.004138
2/11/2019 12:00,7252.208628
2/11/2019 12:30,7276.944428
2/11/2019 13:00,7332.084675
2/11/2019 13:30,7403.853415
2/11/2019 14:00,7477.088185
2/11/2019 14:30,7569.936959
2/11/2019 15:00,7754.926328
2/11/2019 15:30,7887.476938
2/11/2019 16:00,8019.617042
2/11/2019 16:30,8096.60612
2/11/2019 17:00,8153.706982
2/11/2019 17:30,8064.535098
2/11/2019 18:00,8054.087101
2/11/2019 18:30,7967.094088
2/11/2019 19:00,7894.964491
2/11/2019 19:30,7778.133607
2/11/2019 20:00,7589.980477
2/11/2019 20:30,7422.681733
2/11/2019 21:00,7197.286374
2/11/2019 21:30,7109.434899
2/11/2019 22:00,6951.421542
2/11/2019 22:30,6896.453288
2/11/2019 23:00,6732.519472
2/11/2019 23:30,6603.335926
3/11/2019 0:00,6612.264047
3/11/2019 0:30,6436.872889
3/11/2019 1:00,6207.834331
3/11/2019 1:30,5908.134069
3/11/2019 2:00,5717.387253
3/11/2019 2:30,5545.923401
3/11/2019 3:00,5450.833074
3/11/2019 3:30,5387.379446
3/11/2019 4:00,5396.120125
3/11/2019 4:30,5480.175609
3/11/2019 5:00,5548.658493
3/11/2019 5:30,5754.634267
3/11/2019 6:00,5977.490395
3/11/2019 6:30,6237.56394
3/11/2019 7:00,6501.545806
3/11/2019 7:30,6721.472608
3/11/2019 8:00,6837.729088
3/11/2019 8:30,6928.986285
3/11/2019 9:00,6890.422138
3/11/2019 9:30,6930.026054
3/11/2019 10:00,6916.877005
3/11/2019 10:30,6928.104745
3/11/2019 11:00,7063.181758
3/11/2019 11:30,7044.130903
3/11/2019 12:00,7047.102005
3/11/2019 12:30,7107.87755
3/11/2019 13:00,7188.958246
3/11/2019 13:30,7242.06508
3/11/2019 14:00,7335.364588
3/11/2019 14:30,7461.313301
3/11/2019 15:00,7596.42699
3/11/2019 15:30,7731.76898
3/11/2019 16:00,7914.936264
3/11/2019 16:30,7975.749355
3/11/2019 17:00,8101.877268
3/11/2019 17:30,8093.523075
3/11/2019 18:00,8180.86484
3/11/2019 18:30,8148.399398
3/11/2019 19:00,8206.320802
3/11/2019 19:30,8093.619084
3/11/2019 20:00,7955.467578
3/11/2019 20:30,7817.512012
3/11/2019 21:00,7650.900754
3/11/2019 21:30,7544.391508
3/11/2019 22:00,7403.029636
3/11/2019 22:30,7370.5373
3/11/2019 23:00,7199.561182
3/11/2019 23:30,7108.032007
4/11/2019 0:00,7245.433608
4/11/2019 0:30,7126.052372
4/11/2019 1:00,6952.807514
4/11/2019 1:30,6708.626872
4/11/2019 2:00,6547.137105
4/11/2019 2:30,6401.119994
4/11/2019 3:00,6376.252775
4/11/2019 3:30,6315.637428
4/11/2019 4:00,6339.340684
4/11/2019 4:30,6386.74945
4/11/2019 5:00,6469.936254
4/11/2019 5:30,6593.643869
4/11/2019 6:00,6762.222009
4/11/2019 6:30,7005.819357
4/11/2019 7:00,7238.417761
4/11/2019 7:30,7437.235728
4/11/2019 8:00,7626.583054
4/11/2019 8:30,7746.413129
4/11/2019 9:00,7792.986497
4/11/2019 9:30,7836.230501
4/11/2019 10:00,7876.926714
4/11/2019 10:30,7950.031426
4/11/2019 11:00,8024.877577
4/11/2019 11:30,8127.127628
4/11/2019 12:00,8170.922753
4/11/2019 12:30,8297.287135
4/11/2019 13:00,8368.107415
4/11/2019 13:30,8346.380555
4/11/2019 14:00,8380.934769
4/11/2019 14:30,8630.517197
4/11/2019 15:00,8761.59193
4/11/2019 15:30,8769.911661
4/11/2019 16:00,8758.710902
4/11/2019 16:30,8830.883475
4/11/2019 17:00,8924.09274
4/11/2019 17:30,8988.263468
4/11/2019 18:00,9093.461474
4/11/2019 18:30,9131.213077
4/11/2019 19:00,9137.787895
4/11/2019 19:30,8988.984457
4/11/2019 20:00,8840.801248
4/11/2019 20:30,8685.468861
4/11/2019 21:00,8449.806597
4/11/2019 21:30,8281.33437
4/11/2019 22:00,8121.22083
4/11/2019 22:30,8023.70152
4/11/2019 23:00,7820.76659
4/11/2019 23:30,7673.115528
5/11/2019 0:00,7234.648314
5/11/2019 0:30,7063.947629
5/11/2019 1:00,6883.855439
5/11/2019 1:30,6622.598847
5/11/2019 2:00,6426.826687
5/11/2019 2:30,6312.586868
5/11/2019 3:00,6209.165151
5/11/2019 3:30,6200.445461
5/11/2019 4:00,6238.03244
5/11/2019 4:30,6429.635984
5/11/2019 5:00,6636.616096
5/11/2019 5:30,7022.431617
5/11/2019 6:00,7400.040617
5/11/2019 6:30,7656.892052
5/11/2019 7:00,7870.658308
5/11/2019 7:30,7950.344734
5/11/2019 8:00,7998.080389
5/11/2019 8:30,8042.787628
5/11/2019 9:00,7960.871447
5/11/2019 9:30,7916.46518
5/11/2019 10:00,7952.710936
5/11/2019 10:30,7893.984898
5/11/2019 11:00,7910.879899
5/11/2019 11:30,7835.393547
5/11/2019 12:00,7739.139139
5/11/2019 12:30,7708.540701
5/11/2019 13:00,7690.143131
5/11/2019 13:30,7724.30373
5/11/2019 14:00,7753.486654
5/11/2019 14:30,7814.884672
5/11/2019 15:00,7953.99319
5/11/2019 15:30,8087.300782
5/11/2019 16:00,8198.396978
5/11/2019 16:30,8343.774843
5/11/2019 17:00,8518.394257
5/11/2019 17:30,8495.80913
5/11/2019 18:00,8556.612224
5/11/2019 18:30,8488.748041
5/11/2019 19:00,8528.264408
5/11/2019 19:30,8462.279323
5/11/2019 20:00,8278.895804
5/11/2019 20:30,8060.865989
5/11/2019 21:00,7792.188243
5/11/2019 21:30,7673.175848
5/11/2019 22:00,7515.387801
5/11/2019 22:30,7484.549761
5/11/2019 23:00,7319.132387
5/11/2019 23:30,7269.322216
6/11/2019 0:00,7200.845061
6/11/2019 0:30,7022.365862
6/11/2019 1:00,6841.21158
6/11/2019 1:30,6573.068007
6/11/2019 2:00,6374.469399
6/11/2019 2:30,6170.381151
6/11/2019 3:00,6081.910059
6/11/2019 3:30,6059.154113
6/11/2019 4:00,6138.009318
6/11/2019 4:30,6327.850135
6/11/2019 5:00,6523.752246
6/11/2019 5:30,6900.832834
6/11/2019 6:00,7219.049027
6/11/2019 6:30,7507.513079
6/11/2019 7:00,7722.53845
6/11/2019 7:30,7767.199843
6/11/2019 8:00,7835.679034
6/11/2019 8:30,7913.168258
6/11/2019 9:00,7917.348905
6/11/2019 9:30,7917.62128
6/11/2019 10:00,7830.568523
6/11/2019 10:30,7783.485656
6/11/2019 11:00,7705.867497
6/11/2019 11:30,7558.792615
6/11/2019 12:00,7400.943279
6/11/2019 12:30,7342.942619
6/11/2019 13:00,7297.884212
6/11/2019 13:30,7291.865039
6/11/2019 14:00,7277.224827
6/11/2019 14:30,7204.850368
6/11/2019 15:00,7370.363167
6/11/2019 15:30,7496.671073
6/11/2019 16:00,7681.273648
6/11/2019 16:30,7828.32253
6/11/2019 17:00,8066.295414
6/11/2019 17:30,8173.263922
6/11/2019 18:00,8355.627461
6/11/2019 18:30,8380.164901
6/11/2019 19:00,8471.721111
6/11/2019 19:30,8420.730639
6/11/2019 20:00,8261.12402
6/11/2019 20:30,8090.866078
6/11/2019 21:00,7856.424503
6/11/2019 21:30,7783.032372
6/11/2019 22:00,7695.355518
6/11/2019 22:30,7640.588033
6/11/2019 23:00,7500.845262
6/11/2019 23:30,7403.311797
7/11/2019 0:00,7230.516938
7/11/2019 0:30,7015.955524
7/11/2019 1:00,6825.568905
7/11/2019 1:30,6555.652146
7/11/2019 2:00,6336.520361
7/11/2019 2:30,6138.838909
7/11/2019 3:00,6048.004868
7/11/2019 3:30,5998.162979
7/11/2019 4:00,6068.738647
7/11/2019 4:30,6201.395088
7/11/2019 5:00,6375.854195
7/11/2019 5:30,6795.299693
7/11/2019 6:00,7144.604745
7/11/2019 6:30,7367.423092
7/11/2019 7:00,7490.577579
7/11/2019 7:30,7499.612226
7/11/2019 8:00,7415.962669
7/11/2019 8:30,7366.016989
7/11/2019 9:00,7304.510478
7/11/2019 9:30,7211.505938
7/11/2019 10:00,7201.930199
7/11/2019 10:30,7122.711977
7/11/2019 11:00,7100.412753
7/11/2019 11:30,7091.529622
7/11/2019 12:00,7067.064528
7/11/2019 12:30,7059.987002
7/11/2019 13:00,7121.973726
7/11/2019 13:30,7185.817326
7/11/2019 14:00,7224.036303
7/11/2019 14:30,7296.743187
7/11/2019 15:00,7466.25408
7/11/2019 15:30,7676.393534
7/11/2019 16:00,7854.968418
7/11/2019 16:30,8050.995821
7/11/2019 17:00,8277.235047
7/11/2019 17:30,8385.973758
7/11/2019 18:00,8518.103959
7/11/2019 18:30,8477.102814
7/11/2019 19:00,8474.967056
7/11/2019 19:30,8429.49109
7/11/2019 20:00,8220.392076
7/11/2019 20:30,8038.676396
7/11/2019 21:00,7792.589487
7/11/2019 21:30,7674.713559
7/11/2019 22:00,7442.873109
7/11/2019 22:30,7386.054189
7/11/2019 23:00,7246.102108
7/11/2019 23:30,7112.351568
8/11/2019 0:00,6975.501601
8/11/2019 0:30,6855.125053
8/11/2019 1:00,6671.968339
8/11/2019 1:30,6433.343522
8/11/2019 2:00,6221.053195
8/11/2019 2:30,6045.624344
8/11/2019 3:00,5979.022526
8/11/2019 3:30,5925.219036
8/11/2019 4:00,5980.758291
8/11/2019 4:30,6180.882427
8/11/2019 5:00,6391.70364
8/11/2019 5:30,6781.144298
8/11/2019 6:00,7135.380418
8/11/2019 6:30,7411.88254
8/11/2019 7:00,7591.15861
8/11/2019 7:30,7732.952624
8/11/2019 8:00,7707.78572
8/11/2019 8:30,7719.273331
8/11/2019 9:00,7715.349428
8/11/2019 9:30,7684.293199
8/11/2019 10:00,7692.90216
8/11/2019 10:30,7672.210009
8/11/2019 11:00,7652.963979
8/11/2019 11:30,7606.723759
8/11/2019 12:00,7587.419287
8/11/2019 12:30,7598.510369
8/11/2019 13:00,7631.184573
8/11/2019 13:30,7736.709023
8/11/2019 14:00,7792.340371
8/11/2019 14:30,7883.595319
8/11/2019 15:00,8037.555853
8/11/2019 15:30,8183.229777
8/11/2019 16:00,8305.851501
8/11/2019 16:30,8438.339632
8/11/2019 17:00,8608.342039
8/11/2019 17:30,8623.292765
8/11/2019 18:00,8736.069087
8/11/2019 18:30,8636.618899
8/11/2019 19:00,8665.372031
8/11/2019 19:30,8579.346975
8/11/2019 20:00,8330.998649
8/11/2019 20:30,8108.568742
8/11/2019 21:00,7818.508994
8/11/2019 21:30,7694.699964
8/11/2019 22:00,7492.471123
8/11/2019 22:30,7408.072948
8/11/2019 23:00,7233.783085
8/11/2019 23:30,7059.509282
9/11/2019 0:00,6885.508582
9/11/2019 0:30,6696.057463
9/11/2019 1:00,6470.264419
9/11/2019 1:30,6203.179003
9/11/2019 2:00,5964.732582
9/11/2019 2:30,5759.110144
9/11/2019 3:00,5640.681289
9/11/2019 3:30,5588.300094
9/11/2019 4:00,5593.924278
9/11/2019 4:30,5736.092916
9/11/2019 5:00,5906.038089
9/11/2019 5:30,6280.590154
9/11/2019 6:00,6617.361192
9/11/2019 6:30,6853.593828
9/11/2019 7:00,7038.462442
9/11/2019 7:30,7151.154764
9/11/2019 8:00,7146.888861
9/11/2019 8:30,7205.983569
9/11/2019 9:00,7179.929597
9/11/2019 9:30,7153.783442
9/11/2019 10:00,7163.341915
9/11/2019 10:30,7174.472682
9/11/2019 11:00,7113.007154
9/11/2019 11:30,7095.597055
9/11/2019 12:00,7107.869879
9/11/2019 12:30,7095.092435
9/11/2019 13:00,7170.160672
9/11/2019 13:30,7237.671593
9/11/2019 14:00,7248.06856
9/11/2019 14:30,7181.645665
9/11/2019 15:00,7466.162465
9/11/2019 15:30,7567.336155
9/11/2019 16:00,7696.428334
9/11/2019 16:30,7801.059151
9/11/2019 17:00,7871.11589
9/11/2019 17:30,7811.264056
9/11/2019 18:00,7799.049991
9/11/2019 18:30,7750.427532
9/11/2019 19:00,7704.68212
9/11/2019 19:30,7642.955926
9/11/2019 20:00,7468.948138
9/11/2019 20:30,7254.18272
9/11/2019 21:00,7002.625757
9/11/2019 21:30,6954.018286
9/11/2019 22:00,6826.163089
9/11/2019 22:30,6765.025018
9/11/2019 23:00,6624.417179
9/11/2019 23:30,6469.505776
10/11/2019 0:00,6465.861648
10/11/2019 0:30,6313.807255
10/11/2019 1:00,6088.916642
10/11/2019 1:30,5808.649976
10/11/2019 2:00,5603.711441
10/11/2019 2:30,5437.815998
10/11/2019 3:00,5307.637686
10/11/2019 3:30,5299.396502
10/11/2019 4:00,5296.76513
10/11/2019 4:30,5438.915807
10/11/2019 5:00,5507.317378
10/11/2019 5:30,5743.359959
10/11/2019 6:00,5970.757755
10/11/2019 6:30,6176.018525
10/11/2019 7:00,6406.296528
10/11/2019 7:30,6509.37582
10/11/2019 8:00,6629.592597
10/11/2019 8:30,6631.360737
10/11/2019 9:00,6558.361028
10/11/2019 9:30,6534.137365
10/11/2019 10:00,6481.618299
10/11/2019 10:30,6434.055758
10/11/2019 11:00,6439.377179
10/11/2019 11:30,6260.129197
10/11/2019 12:00,6183.696869
10/11/2019 12:30,6159.877619
10/11/2019 13:00,6097.690484
10/11/2019 13:30,6103.979158
10/11/2019 14:00,6151.231071
10/11/2019 14:30,6221.310336
10/11/2019 15:00,6393.105789
10/11/2019 15:30,6567.025057
10/11/2019 16:00,6767.40464
10/11/2019 16:30,6931.793554
10/11/2019 17:00,7197.175093
10/11/2019 17:30,7371.104009
10/11/2019 18:00,7557.600295
10/11/2019 18:30,7654.775216
10/11/2019 19:00,7750.12904
10/11/2019 19:30,7693.039647
10/11/2019 20:00,7583.257904
10/11/2019 20:30,7450.490524
10/11/2019 21:00,7322.924438
10/11/2019 21:30,7262.121643
10/11/2019 22:00,7155.228135
10/11/2019 22:30,7131.849875
10/11/2019 23:00,6999.536036
10/11/2019 23:30,6930.906164
11/11/2019 0:00,7052.628916
11/11/2019 0:30,6930.086955
11/11/2019 1:00,6777.69421
11/11/2019 1:30,6542.565817
11/11/2019 2:00,6384.329632
11/11/2019 2:30,6245.511368
11/11/2019 3:00,6172.306208
11/11/2019 3:30,6151.691584
11/11/2019 4:00,6153.978614
11/11/2019 4:30,6238.454768
11/11/2019 5:00,6281.168734
11/11/2019 5:30,6455.566386
11/11/2019 6:00,6689.468193
11/11/2019 6:30,6866.294986
11/11/2019 7:00,7059.162028
11/11/2019 7:30,7248.573883
11/11/2019 8:00,7347.948806
11/11/2019 8:30,7392.380038
11/11/2019 9:00,7402.223152
11/11/2019 9:30,7387.279973
11/11/2019 10:00,7350.524477
11/11/2019 10:30,7311.352845
11/11/2019 11:00,7304.790047
11/11/2019 11:30,7272.711269
11/11/2019 12:00,7207.487382
11/11/2019 12:30,7180.040126
11/11/2019 13:00,7172.905562
11/11/2019 13:30,7167.517887
11/11/2019 14:00,7271.424416
11/11/2019 14:30,7325.681535
11/11/2019 15:00,7462.65025
11/11/2019 15:30,7596.104622
11/11/2019 16:00,7770.179538
11/11/2019 16:30,7989.091487
11/11/2019 17:00,8202.642893
11/11/2019 17:30,8430.71795
11/11/2019 18:00,8604.453302
11/11/2019 18:30,8665.92003
11/11/2019 19:00,8685.964736
11/11/2019 19:30,8679.723152
11/11/2019 20:00,8592.855291
11/11/2019 20:30,8458.560843
11/11/2019 21:00,8272.325604
11/11/2019 21:30,8119.616365
11/11/2019 22:00,7983.793526
11/11/2019 22:30,7919.828874
11/11/2019 23:00,7762.277657
11/11/2019 23:30,7612.15775
12/11/2019 0:00,7170.667986
12/11/2019 0:30,7016.916478
12/11/2019 1:00,6865.649233
12/11/2019 1:30,6630.351624
12/11/2019 2:00,6445.433199
12/11/2019 2:30,6305.342477
12/11/2019 3:00,6228.403361
12/11/2019 3:30,6192.340415
12/11/2019 4:00,6206.818121
12/11/2019 4:30,6446.821727
12/11/2019 5:00,6601.547527
12/11/2019 5:30,7045.196311
12/11/2019 6:00,7374.288547
12/11/2019 6:30,7620.559785
12/11/2019 7:00,7803.014383
12/11/2019 7:30,7876.645394
12/11/2019 8:00,7861.115788
12/11/2019 8:30,7783.747771
12/11/2019 9:00,7712.630899
12/11/2019 9:30,7678.635107
12/11/2019 10:00,7637.8153
12/11/2019 10:30,7539.510673
12/11/2019 11:00,7481.433599
12/11/2019 11:30,7468.673587
12/11/2019 12:00,7413.854573
12/11/2019 12:30,7457.419302
12/11/2019 13:00,7479.610535
12/11/2019 13:30,7554.73332
12/11/2019 14:00,7617.936889
12/11/2019 14:30,7704.694822
12/11/2019 15:00,7863.220242
12/11/2019 15:30,8028.603239
12/11/2019 16:00,8211.141595
12/11/2019 16:30,8399.323576
12/11/2019 17:00,8569.555957
12/11/2019 17:30,8598.014869
12/11/2019 18:00,8732.143701
12/11/2019 18:30,8609.775405
12/11/2019 19:00,8578.230306
12/11/2019 19:30,8506.627834
12/11/2019 20:00,8324.931402
12/11/2019 20:30,8108.679034
12/11/2019 21:00,7824.72994
12/11/2019 21:30,7718.777506
12/11/2019 22:00,7546.564221
12/11/2019 22:30,7499.044583
12/11/2019 23:00,7330.075919
12/11/2019 23:30,7188.688608
13/11/2019 0:00,7179.859255
13/11/2019 0:30,6976.415591
13/11/2019 1:00,6800.535835
13/11/2019 1:30,6506.047923
13/11/2019 2:00,6303.567785
13/11/2019 2:30,6106.812374
13/11/2019 3:00,6046.537884
13/11/2019 3:30,6014.485202
13/11/2019 4:00,6034.357459
13/11/2019 4:30,6240.444898
13/11/2019 5:00,6327.080317
13/11/2019 5:30,6707.192129
13/11/2019 6:00,7074.232883
13/11/2019 6:30,7269.272498
13/11/2019 7:00,7423.784017
13/11/2019 7:30,7545.437493
13/11/2019 8:00,7551.253947
13/11/2019 8:30,7635.133386
13/11/2019 9:00,7674.213195
13/11/2019 9:30,7725.088706
13/11/2019 10:00,7765.13508
13/11/2019 10:30,7812.79137
13/11/2019 11:00,7875.213975
13/11/2019 11:30,7887.967905
13/11/2019 12:00,7967.157241
13/11/2019 12:30,8073.75365
13/11/2019 13:00,8170.058407
13/11/2019 13:30,8297.046031
13/11/2019 14:00,8459.029787
13/11/2019 14:30,8650.354353
13/11/2019 15:00,8895.249332
13/11/2019 15:30,9077.429583
13/11/2019 16:00,9285.190879
13/11/2019 16:30,9440.894864
13/11/2019 17:00,9594.015143
13/11/2019 17:30,9542.061089
13/11/2019 18:00,9510.737182
13/11/2019 18:30,9412.187047
13/11/2019 19:00,9245.019827
13/11/2019 19:30,9025.780102
13/11/2019 20:00,8792.214872
13/11/2019 20:30,8438.87589
13/11/2019 21:00,8074.325157
13/11/2019 21:30,7856.531242
13/11/2019 22:00,7659.12592
13/11/2019 22:30,7553.193888
13/11/2019 23:00,7352.642963
13/11/2019 23:30,7247.375143
14/11/2019 0:00,7108.148265
14/11/2019 0:30,6907.61954
14/11/2019 1:00,6734.061436
14/11/2019 1:30,6470.234231
14/11/2019 2:00,6270.422242
14/11/2019 2:30,6099.503142
14/11/2019 3:00,6023.654403
14/11/2019 3:30,6000.491967
14/11/2019 4:00,6044.00493
14/11/2019 4:30,6246.969469
14/11/2019 5:00,6414.850768
14/11/2019 5:30,6779.936241
14/11/2019 6:00,7115.693861
14/11/2019 6:30,7363.819579
14/11/2019 7:00,7537.509784
14/11/2019 7:30,7567.852734
14/11/2019 8:00,7546.308425
14/11/2019 8:30,7550.047853
14/11/2019 9:00,7465.402618
14/11/2019 9:30,7419.841604
14/11/2019 10:00,7367.449291
14/11/2019 10:30,7330.205191
14/11/2019 11:00,7256.825964
14/11/2019 11:30,7224.651996
14/11/2019 12:00,7163.496062
14/11/2019 12:30,7169.935436
14/11/2019 13:00,7175.88174
14/11/2019 13:30,7195.108293
14/11/2019 14:00,7275.558928
14/11/2019 14:30,7310.544184
14/11/2019 15:00,7478.021304
14/11/2019 15:30,7630.974561
14/11/2019 16:00,7795.255773
14/11/2019 16:30,7984.91184
14/11/2019 17:00,8220.727687
14/11/2019 17:30,8275.457589
14/11/2019 18:00,8412.23316
14/11/2019 18:30,8384.772928
14/11/2019 19:00,8404.223442
14/11/2019 19:30,8397.96784
14/11/2019 20:00,8248.37612
14/11/2019 20:30,8077.723157
14/11/2019 21:00,7852.878125
14/11/2019 21:30,7728.660642
14/11/2019 22:00,7626.017869
14/11/2019 22:30,7569.28898
14/11/2019 23:00,7417.674379
14/11/2019 23:30,7307.779725
15/11/2019 0:00,7173.607988
15/11/2019 0:30,7038.913272
15/11/2019 1:00,6861.418612
15/11/2019 1:30,6564.843111
15/11/2019 2:00,6328.440284
15/11/2019 2:30,6220.066684
15/11/2019 3:00,6135.964238
15/11/2019 3:30,6098.939406
15/11/2019 4:00,6171.779563
15/11/2019 4:30,6396.973495
15/11/2019 5:00,6581.605749
15/11/2019 5:30,6948.371942
15/11/2019 6:00,7266.134105
15/11/2019 6:30,7552.573177
15/11/2019 7:00,7709.431312
15/11/2019 7:30,7732.160859
15/11/2019 8:00,7695.874768
15/11/2019 8:30,7698.948756
15/11/2019 9:00,7664.552091
15/11/2019 9:30,7610.386537
15/11/2019 10:00,7522.556217
15/11/2019 10:30,7472.981789
15/11/2019 11:00,7415.562409
15/11/2019 11:30,7335.664668
15/11/2019 12:00,7310.055086
15/11/2019 12:30,7334.635665
15/11/2019 13:00,7312.11532
15/11/2019 13:30,7364.101627
15/11/2019 14:00,7452.77926
15/11/2019 14:30,7466.409717
15/11/2019 15:00,7666.528124
15/11/2019 15:30,7737.892812
15/11/2019 16:00,7942.491506
15/11/2019 16:30,8114.343908
15/11/2019 17:00,8315.203063
15/11/2019 17:30,8332.454771
15/11/2019 18:00,8430.070145
15/11/2019 18:30,8363.960094
15/11/2019 19:00,8425.359059
15/11/2019 19:30,8399.214318
15/11/2019 20:00,8207.272442
15/11/2019 20:30,8039.295278
15/11/2019 21:00,7790.418078
15/11/2019 21:30,7650.630751
15/11/2019 22:00,7493.179339
15/11/2019 22:30,7393.811547
15/11/2019 23:00,7240.304489
15/11/2019 23:30,7106.214295
16/11/2019 0:00,6858.524423
16/11/2019 0:30,6676.622853
16/11/2019 1:00,6435.17645
16/11/2019 1:30,6185.252305
16/11/2019 2:00,5966.96822
16/11/2019 2:30,5779.197651
16/11/2019 3:00,5661.31053
16/11/2019 3:30,5641.384222
16/11/2019 4:00,5640.71459
16/11/2019 4:30,5843.901832
16/11/2019 5:00,5974.777285
16/11/2019 5:30,6308.956544
16/11/2019 6:00,6599.215592
16/11/2019 6:30,6815.739708
16/11/2019 7:00,7004.653526
16/11/2019 7:30,7094.094626
16/11/2019 8:00,7056.406278
16/11/2019 8:30,7122.98138
16/11/2019 9:00,7054.521139
16/11/2019 9:30,7012.228346
16/11/2019 10:00,7030.453094
16/11/2019 10:30,6963.216528
16/11/2019 11:00,6958.535199
16/11/2019 11:30,6901.760172
16/11/2019 12:00,6950.304781
16/11/2019 12:30,6988.984854
16/11/2019 13:00,7069.909637
16/11/2019 13:30,7112.096163
16/11/2019 14:00,7199.152668
16/11/2019 14:30,7326.081394
16/11/2019 15:00,7490.051341
16/11/2019 15:30,7616.16988
16/11/2019 16:00,7786.145996
16/11/2019 16:30,7942.572156
16/11/2019 17:00,8099.498131
16/11/2019 17:30,8009.07425
16/11/2019 18:00,8044.068252
16/11/2019 18:30,7930.882033
16/11/2019 19:00,7869.767819
16/11/2019 19:30,7820.721092
16/11/2019 20:00,7676.500125
16/11/2019 20:30,7468.18252
16/11/2019 21:00,7214.450486
16/11/2019 21:30,7163.247667
16/11/2019 22:00,6946.759883
16/11/2019 22:30,6878.495029
16/11/2019 23:00,6681.042003
16/11/2019 23:30,6581.671283
17/11/2019 0:00,6530.641342
17/11/2019 0:30,6338.850981
17/11/2019 1:00,6118.242734
17/11/2019 1:30,5833.375325
17/11/2019 2:00,5650.182758
17/11/2019 2:30,5487.384318
17/11/2019 3:00,5385.280787
17/11/2019 3:30,5340.886572
17/11/2019 4:00,5322.682888
17/11/2019 4:30,5419.415956
17/11/2019 5:00,5489.677519
17/11/2019 5:30,5682.553431
17/11/2019 6:00,5862.129055
17/11/2019 6:30,6108.538707
17/11/2019 7:00,6348.607522
17/11/2019 7:30,6559.180951
17/11/2019 8:00,6702.224374
17/11/2019 8:30,6865.874828
17/11/2019 9:00,6886.544296
17/11/2019 9:30,6862.402373
17/11/2019 10:00,6817.426393
17/11/2019 10:30,6743.944736
17/11/2019 11:00,6730.23325
17/11/2019 11:30,6605.292168
17/11/2019 12:00,6574.859046
17/11/2019 12:30,6598.236941
17/11/2019 13:00,6596.037536
17/11/2019 13:30,6557.237471
17/11/2019 14:00,6565.946868
17/11/2019 14:30,6651.323881
17/11/2019 15:00,6821.58723
17/11/2019 15:30,6937.965786
17/11/2019 16:00,7163.098273
17/11/2019 16:30,7326.915388
17/11/2019 17:00,7503.850172
17/11/2019 17:30,7587.707753
17/11/2019 18:00,7769.349057
17/11/2019 18:30,7841.151898
17/11/2019 19:00,7884.533658
17/11/2019 19:30,7863.414244
17/11/2019 20:00,7743.396992
17/11/2019 20:30,7637.168713
17/11/2019 21:00,7508.255912
17/11/2019 21:30,7435.853166
17/11/2019 22:00,7316.858375
17/11/2019 22:30,7312.698604
17/11/2019 23:00,7203.576397
17/11/2019 23:30,7039.123423
18/11/2019 0:00,7215.80894
18/11/2019 0:30,7046.033279
18/11/2019 1:00,6893.076523
18/11/2019 1:30,6671.265773
18/11/2019 2:00,6537.738096
18/11/2019 2:30,6378.529344
18/11/2019 3:00,6303.271887
18/11/2019 3:30,6267.972012
18/11/2019 4:00,6285.31415
18/11/2019 4:30,6378.543031
18/11/2019 5:00,6445.777131
18/11/2019 5:30,6621.318032
18/11/2019 6:00,6779.669625
18/11/2019 6:30,6973.641754
18/11/2019 7:00,7251.709107
18/11/2019 7:30,7480.58249
18/11/2019 8:00,7649.133689
18/11/2019 8:30,7766.859567
18/11/2019 9:00,7776.713175
18/11/2019 9:30,7782.401338
18/11/2019 10:00,7694.598047
18/11/2019 10:30,7644.405925
18/11/2019 11:00,7594.864625
18/11/2019 11:30,7583.658621
18/11/2019 12:00,7571.267342
18/11/2019 12:30,7525.429943
18/11/2019 13:00,7563.782709
18/11/2019 13:30,7585.756113
18/11/2019 14:00,7691.206454
18/11/2019 14:30,7725.164887
18/11/2019 15:00,7863.094135
18/11/2019 15:30,7985.764943
18/11/2019 16:00,8117.983518
18/11/2019 16:30,8249.787788
18/11/2019 17:00,8426.758113
18/11/2019 17:30,8559.12485
18/11/2019 18:00,8666.132896
18/11/2019 18:30,8682.737146
18/11/2019 19:00,8701.371629
18/11/2019 19:30,8691.822752
18/11/2019 20:00,8553.210724
18/11/2019 20:30,8398.600348
18/11/2019 21:00,8238.255616
18/11/2019 21:30,8127.061622
18/11/2019 22:00,8029.37437
18/11/2019 22:30,7956.237651
18/11/2019 23:00,7794.990595
18/11/2019 23:30,7687.109916
19/11/2019 0:00,7190.635377
19/11/2019 0:30,7054.392373
19/11/2019 1:00,6882.091605
19/11/2019 1:30,6641.737978
19/11/2019 2:00,6463.041912
19/11/2019 2:30,6347.728115
19/11/2019 3:00,6327.118878
19/11/2019 3:30,6305.267026
19/11/2019 4:00,6350.660265
19/11/2019 4:30,6502.181402
19/11/2019 5:00,6668.236738
19/11/2019 5:30,7050.937681
19/11/2019 6:00,7364.141631
19/11/2019 6:30,7654.6903
19/11/2019 7:00,7820.947482
19/11/2019 7:30,7901.563609
19/11/2019 8:00,7877.963934
19/11/2019 8:30,7879.815828
19/11/2019 9:00,7805.589209
19/11/2019 9:30,7796.66887
19/11/2019 10:00,7739.784029
19/11/2019 10:30,7665.355385
19/11/2019 11:00,7627.596398
19/11/2019 11:30,7577.737266
19/11/2019 12:00,7518.561391
19/11/2019 12:30,7520.490252
19/11/2019 13:00,7580.693808
19/11/2019 13:30,7640.263818
19/11/2019 14:00,7756.025361
19/11/2019 14:30,7819.328004
19/11/2019 15:00,7985.868204
19/11/2019 15:30,8147.253378
19/11/2019 16:00,8356.365975
19/11/2019 16:30,8472.313085
19/11/2019 17:00,8675.460094
19/11/2019 17:30,8669.466366
19/11/2019 18:00,8786.869424
19/11/2019 18:30,8662.627896
19/11/2019 19:00,8618.743604
19/11/2019 19:30,8548.057725
19/11/2019 20:00,8382.296996
19/11/2019 20:30,8195.117959
19/11/2019 21:00,7955.567954
19/11/2019 21:30,7829.581732
19/11/2019 22:00,7656.137831
19/11/2019 22:30,7600.307298
19/11/2019 23:00,7454.332648
19/11/2019 23:30,7296.476783
20/11/2019 0:00,7298.07993
20/11/2019 0:30,7090.097547
20/11/2019 1:00,6904.727137
20/11/2019 1:30,6649.063102
20/11/2019 2:00,6426.965485
20/11/2019 2:30,6272.481182
20/11/2019 3:00,6158.271119
20/11/2019 3:30,6119.17318
20/11/2019 4:00,6167.84081
20/11/2019 4:30,6359.443404
20/11/2019 5:00,6484.826599
20/11/2019 5:30,6890.081093
20/11/2019 6:00,7222.43372
20/11/2019 6:30,7436.791707
20/11/2019 7:00,7656.930209
20/11/2019 7:30,7710.786415
20/11/2019 8:00,7800.132383
20/11/2019 8:30,7811.097768
20/11/2019 9:00,7806.517853
20/11/2019 9:30,7842.114393
20/11/2019 10:00,7903.330608
20/11/2019 10:30,7895.921911
20/11/2019 11:00,7999.128396
20/11/2019 11:30,8017.676404
20/11/2019 12:00,8144.874333
20/11/2019 12:30,8241.268595
20/11/2019 13:00,8397.655523
20/11/2019 13:30,8548.064737
20/11/2019 14:00,8651.094566
20/11/2019 14:30,8796.990641
20/11/2019 15:00,8999.224097
20/11/2019 15:30,9205.296124
20/11/2019 16:00,9344.21927
20/11/2019 16:30,9490.924811
20/11/2019 17:00,9608.167853
20/11/2019 17:30,9543.131545
20/11/2019 18:00,9590.179476
20/11/2019 18:30,9314.581061
20/11/2019 19:00,9150.801998
20/11/2019 19:30,8973.77496
20/11/2019 20:00,8794.554928
20/11/2019 20:30,8528.302784
20/11/2019 21:00,8208.132682
20/11/2019 21:30,8067.059851
20/11/2019 22:00,7871.862251
20/11/2019 22:30,7782.976509
20/11/2019 23:00,7640.254779
20/11/2019 23:30,7461.323475
21/11/2019 0:00,7272.933325
21/11/2019 0:30,7092.66009
21/11/2019 1:00,6919.414343
21/11/2019 1:30,6661.409548
21/11/2019 2:00,6454.585045
21/11/2019 2:30,6274.44369
21/11/2019 3:00,6203.855911
21/11/2019 3:30,6160.284275
21/11/2019 4:00,6188.801855
21/11/2019 4:30,6401.473949
21/11/2019 5:00,6584.442158
21/11/2019 5:30,6962.064505
21/11/2019 6:00,7344.478416
21/11/2019 6:30,7653.205252
21/11/2019 7:00,7829.414239
21/11/2019 7:30,7944.674012
21/11/2019 8:00,7994.900672
21/11/2019 8:30,8069.418229
21/11/2019 9:00,8070.634253
21/11/2019 9:30,8073.568071
21/11/2019 10:00,8091.408349
21/11/2019 10:30,8046.325524
21/11/2019 11:00,7987.958619
21/11/2019 11:30,7947.67345
21/11/2019 12:00,7873.795973
21/11/2019 12:30,7850.149477
21/11/2019 13:00,7891.025628
21/11/2019 13:30,7956.489947
21/11/2019 14:00,8049.718637
21/11/2019 14:30,8124.353369
21/11/2019 15:00,8308.293486
21/11/2019 15:30,8507.217701
21/11/2019 16:00,8668.93699
21/11/2019 16:30,8817.132288
21/11/2019 17:00,9000.752284
21/11/2019 17:30,8986.219208
21/11/2019 18:00,9078.173909
21/11/2019 18:30,8927.849381
21/11/2019 19:00,8860.909986
21/11/2019 19:30,8807.34241
21/11/2019 20:00,8644.031107
21/11/2019 20:30,8417.735059
21/11/2019 21:00,8155.963434
21/11/2019 21:30,8029.490862
21/11/2019 22:00,7885.084265
21/11/2019 22:30,7801.034596
21/11/2019 23:00,7674.747218
21/11/2019 23:30,7513.574212
22/11/2019 0:00,7370.097193
22/11/2019 0:30,7209.082748
22/11/2019 1:00,7033.373791
22/11/2019 1:30,6754.648521
22/11/2019 2:00,6556.084063
22/11/2019 2:30,6386.490224
22/11/2019 3:00,6334.895994
22/11/2019 3:30,6293.067545
22/11/2019 4:00,6341.820404
22/11/2019 4:30,6521.900183
22/11/2019 5:00,6707.312309
22/11/2019 5:30,7085.584288
22/11/2019 6:00,7413.604244
22/11/2019 6:30,7727.928574
22/11/2019 7:00,7952.367462
22/11/2019 7:30,8061.866927
22/11/2019 8:00,8139.16718
22/11/2019 8:30,8221.695825
22/11/2019 9:00,8212.051453
22/11/2019 9:30,8272.230399
22/11/2019 10:00,8319.732937
22/11/2019 10:30,8322.431306
22/11/2019 11:00,8393.631141
22/11/2019 11:30,8487.972688
22/11/2019 12:00,8520.460777
22/11/2019 12:30,8636.755311
22/11/2019 13:00,8761.904298
22/11/2019 13:30,8885.009325
22/11/2019 14:00,9027.335648
22/11/2019 14:30,9130.517134
22/11/2019 15:00,9397.63756
22/11/2019 15:30,9570.411541
22/11/2019 16:00,9764.5653
22/11/2019 16:30,9857.558487
22/11/2019 17:00,9962.956803
22/11/2019 17:30,9836.806136
22/11/2019 18:00,9821.721228
22/11/2019 18:30,9684.193171
22/11/2019 19:00,9554.874567
22/11/2019 19:30,9367.396342
22/11/2019 20:00,9141.053998
22/11/2019 20:30,8825.051426
22/11/2019 21:00,8467.86422
22/11/2019 21:30,8270.373971
22/11/2019 22:00,7975.080599
22/11/2019 22:30,7819.237265
22/11/2019 23:00,7615.881353
22/11/2019 23:30,7446.560748
23/11/2019 0:00,7153.404459
23/11/2019 0:30,6954.881293
23/11/2019 1:00,6740.189733
23/11/2019 1:30,6466.589794
23/11/2019 2:00,6273.856917
23/11/2019 2:30,6065.444793
23/11/2019 3:00,5985.077013
23/11/2019 3:30,5940.379381
23/11/2019 4:00,5961.380253
23/11/2019 4:30,6165.441746
23/11/2019 5:00,6289.433159
23/11/2019 5:30,6658.369674
23/11/2019 6:00,7010.72939
23/11/2019 6:30,7306.791362
23/11/2019 7:00,7570.700465
23/11/2019 7:30,7749.770929
23/11/2019 8:00,7864.526127
23/11/2019 8:30,7982.565686
23/11/2019 9:00,7938.033031
23/11/2019 9:30,7960.642555
23/11/2019 10:00,7916.648024
23/11/2019 10:30,7893.225945
23/11/2019 11:00,7907.615968
23/11/2019 11:30,7887.470209
23/11/2019 12:00,7843.06131
23/11/2019 12:30,7866.221352
23/11/2019 13:00,7920.931409
23/11/2019 13:30,7996.294945
23/11/2019 14:00,8043.919311
23/11/2019 14:30,7978.566347
23/11/2019 15:00,8058.720766
23/11/2019 15:30,8160.384445
23/11/2019 16:00,8201.768434
23/11/2019 16:30,8249.583999
23/11/2019 17:00,8260.608607
23/11/2019 17:30,8142.164891
23/11/2019 18:00,8171.749744
23/11/2019 18:30,8050.707373
23/11/2019 19:00,7996.6017
23/11/2019 19:30,7859.661614
23/11/2019 20:00,7724.977997
23/11/2019 20:30,7604.415638
23/11/2019 21:00,7391.039122
23/11/2019 21:30,7278.706278
23/11/2019 22:00,7076.439063
23/11/2019 22:30,7053.578317
23/11/2019 23:00,6859.009315
23/11/2019 23:30,6758.109845
24/11/2019 0:00,6782.910599
24/11/2019 0:30,6614.23591
24/11/2019 1:00,6386.827551
24/11/2019 1:30,6124.544083
24/11/2019 2:00,5916.292846
24/11/2019 2:30,5737.888898
24/11/2019 3:00,5628.499214
24/11/2019 3:30,5577.755823
24/11/2019 4:00,5555.639869
24/11/2019 4:30,5646.434757
24/11/2019 5:00,5747.019772
24/11/2019 5:30,5953.410466
24/11/2019 6:00,6182.431944
24/11/2019 6:30,6432.359745
24/11/2019 7:00,6719.024438
24/11/2019 7:30,6986.309186
24/11/2019 8:00,7203.84987
24/11/2019 8:30,7327.185295
24/11/2019 9:00,7344.108295
24/11/2019 9:30,7339.161134
24/11/2019 10:00,7331.821059
24/11/2019 10:30,7277.403594
24/11/2019 11:00,7259.846799
24/11/2019 11:30,7119.840373
24/11/2019 12:00,7045.094081
24/11/2019 12:30,7006.289829
24/11/2019 13:00,7019.000615
24/11/2019 13:30,7084.175286
24/11/2019 14:00,7164.143908
24/11/2019 14:30,7279.095174
24/11/2019 15:00,7406.071274
24/11/2019 15:30,7543.177985
24/11/2019 16:00,7663.216489
24/11/2019 16:30,7787.465506
24/11/2019 17:00,7948.802417
24/11/2019 17:30,8035.673225
24/11/2019 18:00,8109.779223
24/11/2019 18:30,8091.83557
24/11/2019 19:00,8054.055264
24/11/2019 19:30,8020.239747
24/11/2019 20:00,7873.125089
24/11/2019 20:30,7813.221322
24/11/2019 21:00,7665.356407
24/11/2019 21:30,7555.504147
24/11/2019 22:00,7467.421595
24/11/2019 22:30,7408.470829
24/11/2019 23:00,7220.993784
24/11/2019 23:30,7106.048305
25/11/2019 0:00,7307.11917
25/11/2019 0:30,7143.51049
25/11/2019 1:00,6968.048601
25/11/2019 1:30,6787.992688
25/11/2019 2:00,6618.471015
25/11/2019 2:30,6476.364079
25/11/2019 3:00,6389.051446
25/11/2019 3:30,6367.501371
25/11/2019 4:00,6372.68732
25/11/2019 4:30,6483.599314
25/11/2019 5:00,6527.836039
25/11/2019 5:30,6717.42161
25/11/2019 6:00,6889.318066
25/11/2019 6:30,7116.858392
25/11/2019 7:00,7375.805085
25/11/2019 7:30,7615.709728
25/11/2019 8:00,7818.627188
25/11/2019 8:30,7970.748817
25/11/2019 9:00,8064.893675
25/11/2019 9:30,8074.733391
25/11/2019 10:00,8068.555227
25/11/2019 10:30,8042.682238
25/11/2019 11:00,7991.491713
25/11/2019 11:30,7938.834071
25/11/2019 12:00,7887.478134
25/11/2019 12:30,7899.164597
25/11/2019 13:00,7843.456937
25/11/2019 13:30,7855.809915
25/11/2019 14:00,7965.890009
25/11/2019 14:30,8072.873514
25/11/2019 15:00,8147.132803
25/11/2019 15:30,8268.269836
25/11/2019 16:00,8402.953203
25/11/2019 16:30,8581.423209
25/11/2019 17:00,8784.738739
25/11/2019 17:30,8955.946388
25/11/2019 18:00,9105.838924
25/11/2019 18:30,9066.66674
25/11/2019 19:00,9052.354386
25/11/2019 19:30,9024.048773
25/11/2019 20:00,8902.97606
25/11/2019 20:30,8736.38636
25/11/2019 21:00,8537.756812
25/11/2019 21:30,8422.100908
25/11/2019 22:00,8242.784593
25/11/2019 22:30,8163.745573
25/11/2019 23:00,8001.439865
25/11/2019 23:30,7870.91468
26/11/2019 0:00,7377.974465
26/11/2019 0:30,7252.12132
26/11/2019 1:00,7048.745472
26/11/2019 1:30,6820.965594
26/11/2019 2:00,6629.298297
26/11/2019 2:30,6513.992428
26/11/2019 3:00,6432.751229
26/11/2019 3:30,6372.729404
26/11/2019 4:00,6397.569189
26/11/2019 4:30,6591.383967
26/11/2019 5:00,6733.86861
26/11/2019 5:30,7109.411827
26/11/2019 6:00,7460.424003
26/11/2019 6:30,7740.912465
26/11/2019 7:00,7968.670353
26/11/2019 7:30,8157.582806
26/11/2019 8:00,8247.708783
26/11/2019 8:30,8302.153291
26/11/2019 9:00,8251.327798
26/11/2019 9:30,8317.060739
26/11/2019 10:00,8242.738064
26/11/2019 10:30,8217.08444
26/11/2019 11:00,8197.194069
26/11/2019 11:30,8195.167543
26/11/2019 12:00,8287.180084
26/11/2019 12:30,8442.234499
26/11/2019 13:00,8589.568857
26/11/2019 13:30,8741.426746
26/11/2019 14:00,8929.094723
26/11/2019 14:30,8996.63709
26/11/2019 15:00,9100.13872
26/11/2019 15:30,9176.691036
26/11/2019 16:00,9149.887861
26/11/2019 16:30,9147.550389
26/11/2019 17:00,9241.141547
26/11/2019 17:30,9147.785457
26/11/2019 18:00,9157.415338
26/11/2019 18:30,9031.131055
26/11/2019 19:00,8988.276048
26/11/2019 19:30,8880.179741
26/11/2019 20:00,8721.452373
26/11/2019 20:30,8509.599618
26/11/2019 21:00,8229.441838
26/11/2019 21:30,8113.156144
26/11/2019 22:00,7925.289102
26/11/2019 22:30,7818.843909
26/11/2019 23:00,7610.284532
26/11/2019 23:30,7475.911952
27/11/2019 0:00,7396.544646
27/11/2019 0:30,7221.760994
27/11/2019 1:00,7009.729248
27/11/2019 1:30,6710.090332
27/11/2019 2:00,6498.29094
27/11/2019 2:30,6311.54941
27/11/2019 3:00,6210.929299
27/11/2019 3:30,6181.266691
27/11/2019 4:00,6200.386087
27/11/2019 4:30,6403.056618
27/11/2019 5:00,6537.367592
27/11/2019 5:30,6935.519856
27/11/2019 6:00,7279.767929
27/11/2019 6:30,7642.104827
27/11/2019 7:00,7927.661754
27/11/2019 7:30,8067.527416
27/11/2019 8:00,8148.937529
27/11/2019 8:30,8297.834602
27/11/2019 9:00,8321.430179
27/11/2019 9:30,8424.003246
27/11/2019 10:00,8495.424928
27/11/2019 10:30,8598.813933
27/11/2019 11:00,8666.436604
27/11/2019 11:30,8823.655344
27/11/2019 12:00,8957.873953
27/11/2019 12:30,8643.292235
27/11/2019 13:00,8520.466256
27/11/2019 13:30,8577.38761
27/11/2019 14:00,8600.129079
27/11/2019 14:30,8711.571712
27/11/2019 15:00,8865.568208
27/11/2019 15:30,8920.15078
27/11/2019 16:00,8986.907578
27/11/2019 16:30,9036.083966
27/11/2019 17:00,9144.435526
27/11/2019 17:30,9040.573918
27/11/2019 18:00,9054.795289
27/11/2019 18:30,8900.251295
27/11/2019 19:00,8791.334753
27/11/2019 19:30,8702.788076
27/11/2019 20:00,8535.178178
27/11/2019 20:30,8328.716101
27/11/2019 21:00,8063.154999
27/11/2019 21:30,7953.051531
27/11/2019 22:00,7778.970998
27/11/2019 22:30,7679.719868
27/11/2019 23:00,7511.92214
27/11/2019 23:30,7365.469992
28/11/2019 0:00,7150.049983
28/11/2019 0:30,7028.676796
28/11/2019 1:00,6861.383644
28/11/2019 1:30,6620.611004
28/11/2019 2:00,6384.293352
28/11/2019 2:30,6264.886109
28/11/2019 3:00,6219.192255
28/11/2019 3:30,6208.125677
28/11/2019 4:00,6237.289175
28/11/2019 4:30,6456.688792
28/11/2019 5:00,6608.182785
28/11/2019 5:30,7054.753169
28/11/2019 6:00,7334.143483
28/11/2019 6:30,7558.588655
28/11/2019 7:00,7768.587867
28/11/2019 7:30,7823.293638
28/11/2019 8:00,7783.110473
28/11/2019 8:30,7763.020009
28/11/2019 9:00,7677.185634
28/11/2019 9:30,7633.770876
28/11/2019 10:00,7591.368862
28/11/2019 10:30,7508.421984
28/11/2019 11:00,7456.16009
28/11/2019 11:30,7438.254768
28/11/2019 12:00,7416.472514
28/11/2019 12:30,7418.209632
28/11/2019 13:00,7449.886847
28/11/2019 13:30,7492.53297
28/11/2019 14:00,7578.856672
28/11/2019 14:30,7641.240464
28/11/2019 15:00,7807.600213
28/11/2019 15:30,7930.077981
28/11/2019 16:00,8123.030728
28/11/2019 16:30,8313.990171
28/11/2019 17:00,8479.59229
28/11/2019 17:30,8565.402217
28/11/2019 18:00,8682.365767
28/11/2019 18:30,8627.483702
28/11/2019 19:00,8578.227886
28/11/2019 19:30,8589.960037
28/11/2019 20:00,8464.924816
28/11/2019 20:30,8309.614396
28/11/2019 21:00,8062.173764
28/11/2019 21:30,7957.315032
28/11/2019 22:00,7793.03933
28/11/2019 22:30,7712.924106
28/11/2019 23:00,7579.253094
28/11/2019 23:30,7493.917996
29/11/2019 0:00,7365.68165
29/11/2019 0:30,7177.67069
29/11/2019 1:00,6977.542368
29/11/2019 1:30,6706.190741
29/11/2019 2:00,6494.634893
29/11/2019 2:30,6314.581568
29/11/2019 3:00,6226.215718
29/11/2019 3:30,6201.395568
29/11/2019 4:00,6226.347432
29/11/2019 4:30,6435.632261
29/11/2019 5:00,6581.321336
29/11/2019 5:30,6985.622678
29/11/2019 6:00,7310.031438
29/11/2019 6:30,7582.383915
29/11/2019 7:00,7761.280557
29/11/2019 7:30,7822.493658
29/11/2019 8:00,7847.518034
29/11/2019 8:30,7884.389657
29/11/2019 9:00,7852.795859
29/11/2019 9:30,7900.389847
29/11/2019 10:00,7889.289337
29/11/2019 10:30,7829.251377
29/11/2019 11:00,7837.115861
29/11/2019 11:30,7810.570283
29/11/2019 12:00,7834.277197
29/11/2019 12:30,7887.719821
29/11/2019 13:00,7985.905113
29/11/2019 13:30,8046.349705
29/11/2019 14:00,8144.548855
29/11/2019 14:30,8216.573985
29/11/2019 15:00,8385.368175
29/11/2019 15:30,8483.75385
29/11/2019 16:00,8670.582861
29/11/2019 16:30,8810.428405
29/11/2019 17:00,8920.558335
29/11/2019 17:30,8939.53148
29/11/2019 18:00,8959.400416
29/11/2019 18:30,8869.548453
29/11/2019 19:00,8768.319637
29/11/2019 19:30,8694.987491
29/11/2019 20:00,8518.563121
29/11/2019 20:30,8302.689937
29/11/2019 21:00,8032.773352
29/11/2019 21:30,7931.862388
29/11/2019 22:00,7734.202414
29/11/2019 22:30,7634.838662
29/11/2019 23:00,7471.575219
29/11/2019 23:30,7338.762728
30/11/2019 0:00,7088.71716
30/11/2019 0:30,6867.672617
30/11/2019 1:00,6681.353011
30/11/2019 1:30,6406.429764
30/11/2019 2:00,6202.535185
30/11/2019 2:30,6025.741975
30/11/2019 3:00,5933.824827
30/11/2019 3:30,5911.088016
30/11/2019 4:00,5947.555975
30/11/2019 4:30,6112.988198
30/11/2019 5:00,6259.067897
30/11/2019 5:30,6602.08234
30/11/2019 6:00,6979.632279
30/11/2019 6:30,7314.096458
30/11/2019 7:00,7621.471987
30/11/2019 7:30,7759.669355
30/11/2019 8:00,7825.947312
30/11/2019 8:30,7914.883102
30/11/2019 9:00,7847.684998
30/11/2019 9:30,7820.936246
30/11/2019 10:00,7730.086546
30/11/2019 10:30,7683.334659
30/11/2019 11:00,7597.9719
30/11/2019 11:30,7562.378567
30/11/2019 12:00,7529.741489
30/11/2019 12:30,7539.082439
30/11/2019 13:00,7679.798208
30/11/2019 13:30,7708.73011
30/11/2019 14:00,7940.250068
30/11/2019 14:30,8047.971413
30/11/2019 15:00,8243.503112
30/11/2019 15:30,8416.854742
30/11/2019 16:00,8597.028084
30/11/2019 16:30,8691.845564
30/11/2019 17:00,8767.288357
30/11/2019 17:30,8663.112744
30/11/2019 18:00,8608.758247
30/11/2019 18:30,8479.372778
30/11/2019 19:00,8365.281967
30/11/2019 19:30,8292.191183
30/11/2019 20:00,8200.980431
30/11/2019 20:30,8014.860135
30/11/2019 21:00,7774.080891
30/11/2019 21:30,7623.99496
30/11/2019 22:00,7414.111686
30/11/2019 22:30,7344.382985
30/11/2019 23:00,7137.525358
30/11/2019 23:30,6944.105487
1/12/2019 0:00,6812.645596
1/12/2019 0:30,6586.101048
1/12/2019 1:00,6350.655256
1/12/2019 1:30,6065.064791
1/12/2019 2:00,5855.35457
1/12/2019 2:30,5672.948521
1/12/2019 3:00,5552.807632
1/12/2019 3:30,5458.005717
1/12/2019 4:00,5467.847711
1/12/2019 4:30,5585.185397
1/12/2019 5:00,5641.110679
1/12/2019 5:30,5845.632199
1/12/2019 6:00,6123.551398
1/12/2019 6:30,6357.665326
1/12/2019 7:00,6650.880388
1/12/2019 7:30,6928.499564
1/12/2019 8:00,7192.399836
1/12/2019 8:30,7372.746815
1/12/2019 9:00,7368.990778
1/12/2019 9:30,7304.994518
1/12/2019 10:00,7203.616985
1/12/2019 10:30,7406.620176
1/12/2019 11:00,7268.019935
1/12/2019 11:30,7194.418803
1/12/2019 12:00,7179.520585
1/12/2019 12:30,7145.692974
1/12/2019 13:00,7198.510949
1/12/2019 13:30,7194.174614
1/12/2019 14:00,7107.22742
1/12/2019 14:30,6970.40739
1/12/2019 15:00,7016.211081
1/12/2019 15:30,7155.384819
1/12/2019 16:00,7358.809036
1/12/2019 16:30,7391.920337
1/12/2019 17:00,7589.310868
1/12/2019 17:30,7678.384133
1/12/2019 18:00,7790.442693
1/12/2019 18:30,7801.610305
1/12/2019 19:00,7816.540341
1/12/2019 19:30,7869.618991
1/12/2019 20:00,7830.889745
1/12/2019 20:30,7749.991159
1/12/2019 21:00,7611.331032
1/12/2019 21:30,7517.685623
1/12/2019 22:00,7412.540457
1/12/2019 22:30,7347.397414
1/12/2019 23:00,7192.423142
1/12/2019 23:30,7089.595722
2/12/2019 0:00,7241.719547
2/12/2019 0:30,7069.094007
2/12/2019 1:00,6916.305712
2/12/2019 1:30,6682.103204
2/12/2019 2:00,6511.560794
2/12/2019 2:30,6378.473784
2/12/2019 3:00,6306.562989
2/12/2019 3:30,6284.609312
2/12/2019 4:00,6292.835189
2/12/2019 4:30,6382.724009
2/12/2019 5:00,6430.61405
2/12/2019 5:30,6607.804618
2/12/2019 6:00,6805.611594
2/12/2019 6:30,7001.062141
2/12/2019 7:00,7292.868773
2/12/2019 7:30,7511.788935
2/12/2019 8:00,7612.886211
2/12/2019 8:30,7749.356386
2/12/2019 9:00,7787.483482
2/12/2019 9:30,7773.936925
2/12/2019 10:00,7723.947621
2/12/2019 10:30,7677.863156
2/12/2019 11:00,7632.773954
2/12/2019 11:30,7628.609293
2/12/2019 12:00,7583.241722
2/12/2019 12:30,7514.162236
2/12/2019 13:00,7490.242434
2/12/2019 13:30,7502.353509
2/12/2019 14:00,7602.906488
2/12/2019 14:30,7696.572366
2/12/2019 15:00,7825.363676
2/12/2019 15:30,7978.02483
2/12/2019 16:00,8199.704891
2/12/2019 16:30,8403.981766
2/12/2019 17:00,8592.40161
2/12/2019 17:30,8742.489477
2/12/2019 18:00,8873.147454
2/12/2019 18:30,8886.076854
2/12/2019 19:00,8859.362894
2/12/2019 19:30,8869.547276
2/12/2019 20:00,8741.132914
2/12/2019 20:30,8581.121354
2/12/2019 21:00,8386.703344
2/12/2019 21:30,8203.458206
2/12/2019 22:00,8029.052199
2/12/2019 22:30,7967.675891
2/12/2019 23:00,7764.18809
2/12/2019 23:30,7596.307583
3/12/2019 0:00,7124.818497
3/12/2019 0:30,6951.308406
3/12/2019 1:00,6795.920889
3/12/2019 1:30,6532.882857
3/12/2019 2:00,6357.279785
3/12/2019 2:30,6265.023959
3/12/2019 3:00,6192.51164
3/12/2019 3:30,6151.790943
3/12/2019 4:00,6156.045021
3/12/2019 4:30,6338.55881
3/12/2019 5:00,6508.531161
3/12/2019 5:30,6885.228568
3/12/2019 6:00,7278.837286
3/12/2019 6:30,7600.647871
3/12/2019 7:00,7856.485834
3/12/2019 7:30,7924.228999
3/12/2019 8:00,7990.791042
3/12/2019 8:30,8093.22186
3/12/2019 9:00,7974.342757
3/12/2019 9:30,7920.196933
3/12/2019 10:00,7895.061081
3/12/2019 10:30,7826.850135
3/12/2019 11:00,7832.989211
3/12/2019 11:30,7835.58726
3/12/2019 12:00,7738.61794
3/12/2019 12:30,7615.358237
3/12/2019 13:00,7598.50003
3/12/2019 13:30,7613.020291
3/12/2019 14:00,7568.169519
3/12/2019 14:30,7556.69869
3/12/2019 15:00,7665.485436
3/12/2019 15:30,7762.210998
3/12/2019 16:00,7900.155307
3/12/2019 16:30,8050.75088
3/12/2019 17:00,8261.873274
3/12/2019 17:30,8309.541581
3/12/2019 18:00,8413.508053
3/12/2019 18:30,8404.997727
3/12/2019 19:00,8386.754006
3/12/2019 19:30,8367.548436
3/12/2019 20:00,8257.820695
3/12/2019 20:30,8036.040764
3/12/2019 21:00,7795.618251
3/12/2019 21:30,7704.242967
3/12/2019 22:00,7558.221921
3/12/2019 22:30,7494.883804
3/12/2019 23:00,7314.641109
3/12/2019 23:30,7213.568816
4/12/2019 0:00,7152.901651
4/12/2019 0:30,7021.841939
4/12/2019 1:00,6842.549136
4/12/2019 1:30,6572.473628
4/12/2019 2:00,6371.80075
4/12/2019 2:30,6186.985682
4/12/2019 3:00,6076.490952
4/12/2019 3:30,6056.493735
4/12/2019 4:00,6103.446432
4/12/2019 4:30,6277.06155
4/12/2019 5:00,6429.178371
4/12/2019 5:30,6838.8264
4/12/2019 6:00,7176.426331
4/12/2019 6:30,7421.460203
4/12/2019 7:00,7599.459483
4/12/2019 7:30,7615.385446
4/12/2019 8:00,7550.05637
4/12/2019 8:30,7559.643692
4/12/2019 9:00,7491.802436
4/12/2019 9:30,7466.231109
4/12/2019 10:00,7447.513543
4/12/2019 10:30,7338.685143
4/12/2019 11:00,7324.397239
4/12/2019 11:30,7336.498595
4/12/2019 12:00,7317.519623
4/12/2019 12:30,7350.381189
4/12/2019 13:00,7415.025125
4/12/2019 13:30,7468.072697
4/12/2019 14:00,7565.187982
4/12/2019 14:30,7680.457314
4/12/2019 15:00,7796.320019
4/12/2019 15:30,7992.17345
4/12/2019 16:00,8175.702356
4/12/2019 16:30,8302.229848
4/12/2019 17:00,8515.603767
4/12/2019 17:30,8521.893948
4/12/2019 18:00,8652.377648
4/12/2019 18:30,8590.012362
4/12/2019 19:00,8543.699679
4/12/2019 19:30,8505.631786
4/12/2019 20:00,8405.859654
4/12/2019 20:30,8269.475911
4/12/2019 21:00,8026.15419
4/12/2019 21:30,7897.590657
4/12/2019 22:00,7737.037481
4/12/2019 22:30,7653.345271
4/12/2019 23:00,7504.758994
4/12/2019 23:30,7364.008872
5/12/2019 0:00,7194.169252
5/12/2019 0:30,7000.845689
5/12/2019 1:00,6811.386156
5/12/2019 1:30,6529.258581
5/12/2019 2:00,6331.816703
5/12/2019 2:30,6187.199751
5/12/2019 3:00,6116.181183
5/12/2019 3:30,6090.932181
5/12/2019 4:00,6131.049297
5/12/2019 4:30,6304.516626
5/12/2019 5:00,6481.087617
5/12/2019 5:30,6829.573744
5/12/2019 6:00,7184.143996
5/12/2019 6:30,7429.652801
5/12/2019 7:00,7684.433161
5/12/2019 7:30,7730.576181
5/12/2019 8:00,7710.917759
5/12/2019 8:30,7755.367756
5/12/2019 9:00,7703.927258
5/12/2019 9:30,7685.549435
5/12/2019 10:00,7679.490335
5/12/2019 10:30,7635.026131
5/12/2019 11:00,7665.393629
5/12/2019 11:30,7665.806687
5/12/2019 12:00,7692.884405
5/12/2019 12:30,7743.394983
5/12/2019 13:00,7843.762355
5/12/2019 13:30,7928.476121
5/12/2019 14:00,8025.655127
5/12/2019 14:30,8104.867566
5/12/2019 15:00,8276.546769
5/12/2019 15:30,8447.603771
5/12/2019 16:00,8634.604833
5/12/2019 16:30,8756.961288
5/12/2019 17:00,8941.92207
5/12/2019 17:30,8896.601595
5/12/2019 18:00,8950.633769
5/12/2019 18:30,8856.624421
5/12/2019 19:00,8793.393015
5/12/2019 19:30,8722.245937
5/12/2019 20:00,8607.46577
5/12/2019 20:30,8417.357222
5/12/2019 21:00,8158.529636
5/12/2019 21:30,8022.583445
5/12/2019 22:00,7813.825626
5/12/2019 22:30,7730.784815
5/12/2019 23:00,7582.054887
5/12/2019 23:30,7415.796426
6/12/2019 0:00,7294.437489
6/12/2019 0:30,7142.750182
6/12/2019 1:00,6947.997161
6/12/2019 1:30,6676.880955
6/12/2019 2:00,6483.282023
6/12/2019 2:30,6338.640549
6/12/2019 3:00,6253.252214
6/12/2019 3:30,6237.895112
6/12/2019 4:00,6258.976621
6/12/2019 4:30,6429.7048
6/12/2019 5:00,6522.074743
6/12/2019 5:30,6883.15231
6/12/2019 6:00,7179.104399
6/12/2019 6:30,7428.774815
6/12/2019 7:00,7646.743092
6/12/2019 7:30,7742.147068
6/12/2019 8:00,7773.820989
6/12/2019 8:30,7800.529339
6/12/2019 9:00,7805.722692
6/12/2019 9:30,7812.589766
6/12/2019 10:00,7818.284671
6/12/2019 10:30,7870.773991
6/12/2019 11:00,7922.569936
6/12/2019 11:30,7964.821917
6/12/2019 12:00,8005.951723
6/12/2019 12:30,8074.359511
6/12/2019 13:00,8196.429678
6/12/2019 13:30,8404.153945
6/12/2019 14:00,8532.842022
6/12/2019 14:30,8686.456108
6/12/2019 15:00,8870.950314
6/12/2019 15:30,8992.924424
6/12/2019 16:00,9147.014646
6/12/2019 16:30,9247.486175
6/12/2019 17:00,9400.236138
6/12/2019 17:30,9402.533237
6/12/2019 18:00,9430.735763
6/12/2019 18:30,9285.949346
6/12/2019 19:00,9207.26609
6/12/2019 19:30,9094.23707
6/12/2019 20:00,8903.882814
6/12/2019 20:30,8650.355476
6/12/2019 21:00,8327.291112
6/12/2019 21:30,8163.165036
6/12/2019 22:00,7954.495524
6/12/2019 22:30,7768.023306
6/12/2019 23:00,7534.60811
6/12/2019 23:30,7350.182791
7/12/2019 0:00,7060.492387
7/12/2019 0:30,6829.018639
7/12/2019 1:00,6600.332039
7/12/2019 1:30,6324.686902
7/12/2019 2:00,6096.516726
7/12/2019 2:30,5887.861991
7/12/2019 3:00,5813.378183
7/12/2019 3:30,5820.560349
7/12/2019 4:00,5831.178963
7/12/2019 4:30,5985.329397
7/12/2019 5:00,6107.043587
7/12/2019 5:30,6474.931593
7/12/2019 6:00,6780.769189
7/12/2019 6:30,7052.989682
7/12/2019 7:00,7333.64869
7/12/2019 7:30,7398.786553
7/12/2019 8:00,7433.351439
7/12/2019 8:30,7544.371992
7/12/2019 9:00,7569.739768
7/12/2019 9:30,7649.025705
7/12/2019 10:00,7735.620595
7/12/2019 10:30,7718.461387
7/12/2019 11:00,7739.039228
7/12/2019 11:30,7709.183687
7/12/2019 12:00,7708.818485
7/12/2019 12:30,7739.601768
7/12/2019 13:00,7779.59635
7/12/2019 13:30,7803.800639
7/12/2019 14:00,7908.861351
7/12/2019 14:30,8000.035876
7/12/2019 15:00,8102.735864
7/12/2019 15:30,8278.421612
7/12/2019 16:00,8388.732605
7/12/2019 16:30,8483.916897
7/12/2019 17:00,8540.60713
7/12/2019 17:30,8407.852814
7/12/2019 18:00,8434.40806
7/12/2019 18:30,8288.086804
7/12/2019 19:00,8149.672743
7/12/2019 19:30,8049.460481
7/12/2019 20:00,7886.229412
7/12/2019 20:30,7662.569623
7/12/2019 21:00,7464.356086
7/12/2019 21:30,7300.268069
7/12/2019 22:00,7132.081075
7/12/2019 22:30,7050.700572
7/12/2019 23:00,6896.063763
7/12/2019 23:30,6736.020107
8/12/2019 0:00,6751.558999
8/12/2019 0:30,6498.765533
8/12/2019 1:00,6268.687289
8/12/2019 1:30,6023.720774
8/12/2019 2:00,5802.936683
8/12/2019 2:30,5638.519203
8/12/2019 3:00,5547.951647
8/12/2019 3:30,5494.590267
8/12/2019 4:00,5497.280519
8/12/2019 4:30,5589.359866
8/12/2019 5:00,5652.0066
8/12/2019 5:30,5859.687438
8/12/2019 6:00,6051.87566
8/12/2019 6:30,6279.848471
8/12/2019 7:00,6568.050554
8/12/2019 7:30,6764.731799
8/12/2019 8:00,6876.928978
8/12/2019 8:30,7007.360343
8/12/2019 9:00,6991.175952
8/12/2019 9:30,7051.475939
8/12/2019 10:00,7037.44315
8/12/2019 10:30,7012.878964
8/12/2019 11:00,7010.192099
8/12/2019 11:30,7055.306613
8/12/2019 12:00,7121.241466
8/12/2019 12:30,7215.903217
8/12/2019 13:00,7295.550787
8/12/2019 13:30,7360.291104
8/12/2019 14:00,7389.74969
8/12/2019 14:30,7480.435194
8/12/2019 15:00,7535.190524
8/12/2019 15:30,7666.133003
8/12/2019 16:00,7744.697828
8/12/2019 16:30,7863.041965
8/12/2019 17:00,7997.648348
8/12/2019 17:30,8095.824881
8/12/2019 18:00,8193.731992
8/12/2019 18:30,8171.153601
8/12/2019 19:00,8138.558075
8/12/2019 19:30,8148.926841
8/12/2019 20:00,8081.283119
8/12/2019 20:30,7959.575375
8/12/2019 21:00,7781.624642
8/12/2019 21:30,7709.081335
8/12/2019 22:00,7580.747352
8/12/2019 22:30,7514.709149
8/12/2019 23:00,7366.940579
8/12/2019 23:30,7210.430341
9/12/2019 0:00,7353.029776
9/12/2019 0:30,7204.82084
9/12/2019 1:00,7008.22748
9/12/2019 1:30,6818.398286
9/12/2019 2:00,6594.789966
9/12/2019 2:30,6486.764561
9/12/2019 3:00,6409.2774
9/12/2019 3:30,6380.746063
9/12/2019 4:00,6363.237365
9/12/2019 4:30,6452.03997
9/12/2019 5:00,6498.775563
9/12/2019 5:30,6657.2857
9/12/2019 6:00,6839.132065
9/12/2019 6:30,7071.823632
9/12/2019 7:00,7333.542243
9/12/2019 7:30,7575.740886
9/12/2019 8:00,7728.253202
9/12/2019 8:30,7899.98366
9/12/2019 9:00,7917.543568
9/12/2019 9:30,7976.894724
9/12/2019 10:00,7952.299082
9/12/2019 10:30,7947.994995
9/12/2019 11:00,7841.807537
9/12/2019 11:30,7831.261013
9/12/2019 12:00,7810.540403
9/12/2019 12:30,7851.401392
9/12/2019 13:00,7902.498412
9/12/2019 13:30,7952.160587
9/12/2019 14:00,8028.889298
9/12/2019 14:30,8101.812878
9/12/2019 15:00,8306.707387
9/12/2019 15:30,8427.885128
9/12/2019 16:00,8616.467498
9/12/2019 16:30,8794.752428
9/12/2019 17:00,8960.96931
9/12/2019 17:30,9048.021038
9/12/2019 18:00,9170.489683
9/12/2019 18:30,9149.148859
9/12/2019 19:00,9093.385546
9/12/2019 19:30,9051.608692
9/12/2019 20:00,8940.098462
9/12/2019 20:30,8792.529746
9/12/2019 21:00,8547.635969
9/12/2019 21:30,8381.898362
9/12/2019 22:00,8220.861775
9/12/2019 22:30,8143.508452
9/12/2019 23:00,7956.807305
9/12/2019 23:30,7798.572901
10/12/2019 0:00,7344.886886
10/12/2019 0:30,7172.938856
10/12/2019 1:00,7024.914279
10/12/2019 1:30,6790.846963
10/12/2019 2:00,6619.455714
10/12/2019 2:30,6478.04486
10/12/2019 3:00,6387.233507
10/12/2019 3:30,6369.678425
10/12/2019 4:00,6410.961603
10/12/2019 4:30,6630.428021
10/12/2019 5:00,6756.274503
10/12/2019 5:30,7189.263443
10/12/2019 6:00,7572.552759
10/12/2019 6:30,7942.290703
10/12/2019 7:00,8251.519195
10/12/2019 7:30,8422.798598
10/12/2019 8:00,8502.895044
10/12/2019 8:30,8621.301074
10/12/2019 9:00,8628.176972
10/12/2019 9:30,8625.910992
10/12/2019 10:00,8583.579173
10/12/2019 10:30,8533.867759
10/12/2019 11:00,8556.300449
10/12/2019 11:30,8550.111752
10/12/2019 12:00,8576.856713
10/12/2019 12:30,8612.962138
10/12/2019 13:00,8779.741288
10/12/2019 13:30,8857.333906
10/12/2019 14:00,8954.172193
10/12/2019 14:30,9068.501377
10/12/2019 15:00,9254.163603
10/12/2019 15:30,9402.982142
10/12/2019 16:00,9530.569477
10/12/2019 16:30,9570.57914
10/12/2019 17:00,9681.573802
10/12/2019 17:30,9629.047881
10/12/2019 18:00,9677.457787
10/12/2019 18:30,9578.488605
10/12/2019 19:00,9411.649443
10/12/2019 19:30,9308.008134
10/12/2019 20:00,9111.584057
10/12/2019 20:30,8876.852831
10/12/2019 21:00,8573.602086
10/12/2019 21:30,8436.132411
10/12/2019 22:00,8184.25404
10/12/2019 22:30,8022.09862
10/12/2019 23:00,7822.287145
10/12/2019 23:30,7661.543255
11/12/2019 0:00,7545.390936
11/12/2019 0:30,7375.958655
11/12/2019 1:00,7134.12121
11/12/2019 1:30,6840.490896
11/12/2019 2:00,6635.060752
11/12/2019 2:30,6452.164832
11/12/2019 3:00,6404.824813
11/12/2019 3:30,6342.9677
11/12/2019 4:00,6367.048521
11/12/2019 4:30,6526.496592
11/12/2019 5:00,6704.3627
11/12/2019 5:30,7096.162449
11/12/2019 6:00,7459.956128
11/12/2019 6:30,7792.557107
11/12/2019 7:00,8032.483973
11/12/2019 7:30,8268.75589
11/12/2019 8:00,8361.343941
11/12/2019 8:30,8487.477977
11/12/2019 9:00,8594.923368
11/12/2019 9:30,8698.921919
11/12/2019 10:00,8791.942476
11/12/2019 10:30,8961.086614
11/12/2019 11:00,9136.638671
11/12/2019 11:30,9301.443467
11/12/2019 12:00,9448.722232
11/12/2019 12:30,9729.122339
11/12/2019 13:00,9888.035562
11/12/2019 13:30,9902.673765
11/12/2019 14:00,9729.653806
11/12/2019 14:30,9839.619349
11/12/2019 15:00,10010.21798
11/12/2019 15:30,10106.73536
11/12/2019 16:00,10125.20655
11/12/2019 16:30,10071.7451
11/12/2019 17:00,9998.34588
11/12/2019 17:30,9821.661189
11/12/2019 18:00,9771.587833
11/12/2019 18:30,9547.969033
11/12/2019 19:00,9375.176152
11/12/2019 19:30,9192.114988
11/12/2019 20:00,8973.221773
11/12/2019 20:30,8709.549142
11/12/2019 21:00,8422.800227
11/12/2019 21:30,8219.022743
11/12/2019 22:00,8007.043598
11/12/2019 22:30,7869.03106
11/12/2019 23:00,7691.673472
11/12/2019 23:30,7517.963873
12/12/2019 0:00,7314.468797
12/12/2019 0:30,7155.829302
12/12/2019 1:00,6963.763015
12/12/2019 1:30,6716.690282
12/12/2019 2:00,6500.535269
12/12/2019 2:30,6317.60562
12/12/2019 3:00,6250.344671
12/12/2019 3:30,6216.810347
12/12/2019 4:00,6272.553975
12/12/2019 4:30,6470.920423
12/12/2019 5:00,6644.275899
12/12/2019 5:30,7018.160048
12/12/2019 6:00,7418.190335
12/12/2019 6:30,7704.03485
12/12/2019 7:00,8043.911364
12/12/2019 7:30,8157.27784
12/12/2019 8:00,8235.665058
12/12/2019 8:30,8306.441245
12/12/2019 9:00,8270.522015
12/12/2019 9:30,8267.163958
12/12/2019 10:00,8260.042273
12/12/2019 10:30,8207.930502
12/12/2019 11:00,8213.126236
12/12/2019 11:30,8160.515414
12/12/2019 12:00,8128.433867
12/12/2019 12:30,8102.092127
12/12/2019 13:00,8165.347028
12/12/2019 13:30,8186.374368
12/12/2019 14:00,8341.465571
12/12/2019 14:30,8403.497329
12/12/2019 15:00,8555.676343
12/12/2019 15:30,8642.802442
12/12/2019 16:00,8801.815435
12/12/2019 16:30,8833.235103
12/12/2019 17:00,8924.140109
12/12/2019 17:30,8915.40967
12/12/2019 18:00,9026.731461
12/12/2019 18:30,8925.378292
12/12/2019 19:00,8807.651878
12/12/2019 19:30,8771.947322
12/12/2019 20:00,8629.627379
12/12/2019 20:30,8431.663299
12/12/2019 21:00,8168.020396
12/12/2019 21:30,8087.541522
12/12/2019 22:00,7905.621053
12/12/2019 22:30,7798.901237
12/12/2019 23:00,7629.801598
12/12/2019 23:30,7484.336909
13/12/2019 0:00,7372.144841
13/12/2019 0:30,7174.548411
13/12/2019 1:00,6960.357537
13/12/2019 1:30,6728.215191
13/12/2019 2:00,6499.3067
13/12/2019 2:30,6344.985608
13/12/2019 3:00,6280.992111
13/12/2019 3:30,6250.862902
13/12/2019 4:00,6292.365887
13/12/2019 4:30,6499.036534
13/12/2019 5:00,6648.068177
13/12/2019 5:30,7035.282879
13/12/2019 6:00,7404.954786
13/12/2019 6:30,7741.504465
13/12/2019 7:00,8004.344977
13/12/2019 7:30,8145.006652
13/12/2019 8:00,8165.713718
13/12/2019 8:30,8211.924658
13/12/2019 9:00,8194.802948
13/12/2019 9:30,8194.950794
13/12/2019 10:00,8203.708785
13/12/2019 10:30,8146.269136
13/12/2019 11:00,8109.583698
13/12/2019 11:30,8023.546834
13/12/2019 12:00,7995.002765
13/12/2019 12:30,8062.724298
13/12/2019 13:00,8114.220166
13/12/2019 13:30,8136.274832
13/12/2019 14:00,8147.438415
13/12/2019 14:30,8168.850271
13/12/2019 15:00,8246.704978
13/12/2019 15:30,8315.135437
13/12/2019 16:00,8442.73559
13/12/2019 16:30,8543.457417
13/12/2019 17:00,8643.291964
13/12/2019 17:30,8691.4682
13/12/2019 18:00,8676.183926
13/12/2019 18:30,8646.695873
13/12/2019 19:00,8551.278382
13/12/2019 19:30,8498.134579
13/12/2019 20:00,8363.213223
13/12/2019 20:30,8171.793873
13/12/2019 21:00,7925.996005
13/12/2019 21:30,7820.597217
13/12/2019 22:00,7628.564063
13/12/2019 22:30,7504.307818
13/12/2019 23:00,7341.6586
13/12/2019 23:30,7148.106485
14/12/2019 0:00,6926.434055
14/12/2019 0:30,6731.712631
14/12/2019 1:00,6530.311124
14/12/2019 1:30,6249.822994
14/12/2019 2:00,6041.060826
14/12/2019 2:30,5859.839388
14/12/2019 3:00,5759.572475
14/12/2019 3:30,5735.204908
14/12/2019 4:00,5767.641023
14/12/2019 4:30,5968.574359
14/12/2019 5:00,6148.193126
14/12/2019 5:30,6509.599181
14/12/2019 6:00,6807.375374
14/12/2019 6:30,7110.159378
14/12/2019 7:00,7397.926896
14/12/2019 7:30,7569.584004
14/12/2019 8:00,7612.697183
14/12/2019 8:30,7677.573613
14/12/2019 9:00,7658.291476
14/12/2019 9:30,7663.840313
14/12/2019 10:00,7620.508867
14/12/2019 10:30,7569.169623
14/12/2019 11:00,7495.802907
14/12/2019 11:30,7405.125356
14/12/2019 12:00,7404.609761
14/12/2019 12:30,7372.896205
14/12/2019 13:00,7368.362742
14/12/2019 13:30,7383.429658
14/12/2019 14:00,7364.142452
14/12/2019 14:30,7379.642272
14/12/2019 15:00,7465.730171
14/12/2019 15:30,7570.932605
14/12/2019 16:00,7661.516828
14/12/2019 16:30,7706.37898
14/12/2019 17:00,7721.574443
14/12/2019 17:30,7705.995505
14/12/2019 18:00,7760.641839
14/12/2019 18:30,7719.523704
14/12/2019 19:00,7684.160484
14/12/2019 19:30,7663.351311
14/12/2019 20:00,7589.221117
14/12/2019 20:30,7413.514266
14/12/2019 21:00,7232.451585
14/12/2019 21:30,7168.981308
14/12/2019 22:00,7065.603318
14/12/2019 22:30,6987.214686
14/12/2019 23:00,6831.331567
14/12/2019 23:30,6690.516315
15/12/2019 0:00,6691.179828
15/12/2019 0:30,6527.573336
15/12/2019 1:00,6295.420741
15/12/2019 1:30,6068.724183
15/12/2019 2:00,5855.420863
15/12/2019 2:30,5683.180341
15/12/2019 3:00,5596.740015
15/12/2019 3:30,5563.084411
15/12/2019 4:00,5578.948232
15/12/2019 4:30,5685.095459
15/12/2019 5:00,5722.280234
15/12/2019 5:30,5950.067988
15/12/2019 6:00,6141.416867
15/12/2019 6:30,6346.224302
15/12/2019 7:00,6617.252526
15/12/2019 7:30,6817.214122
15/12/2019 8:00,6982.785115
15/12/2019 8:30,7069.728965
15/12/2019 9:00,7084.953675
15/12/2019 9:30,7092.648329
15/12/2019 10:00,7057.628579
15/12/2019 10:30,7023.817598
15/12/2019 11:00,6998.131879
15/12/2019 11:30,7022.510563
15/12/2019 12:00,7086.139667
15/12/2019 12:30,7108.762596
15/12/2019 13:00,7222.737709
15/12/2019 13:30,7355.704316
15/12/2019 14:00,7477.049172
15/12/2019 14:30,7610.299657
15/12/2019 15:00,7760.252928
15/12/2019 15:30,7919.840071
15/12/2019 16:00,8075.994174
15/12/2019 16:30,8127.416346
15/12/2019 17:00,8241.908179
15/12/2019 17:30,8261.779635
15/12/2019 18:00,8413.885146
15/12/2019 18:30,8343.110172
15/12/2019 19:00,8318.54912
15/12/2019 19:30,8327.70755
15/12/2019 20:00,8279.187864
15/12/2019 20:30,8122.471275
15/12/2019 21:00,7969.100259
15/12/2019 21:30,7861.331452
15/12/2019 22:00,7721.501705
15/12/2019 22:30,7621.812571
15/12/2019 23:00,7444.400617
15/12/2019 23:30,7270.355598
16/12/2019 0:00,7456.051769
16/12/2019 0:30,7297.899758
16/12/2019 1:00,7140.197176
16/12/2019 1:30,6903.697704
16/12/2019 2:00,6747.371477
16/12/2019 2:30,6622.661573
16/12/2019 3:00,6570.19335
16/12/2019 3:30,6527.994535
16/12/2019 4:00,6509.173831
16/12/2019 4:30,6579.047805
16/12/2019 5:00,6649.370531
16/12/2019 5:30,6823.626992
16/12/2019 6:00,6985.234459
16/12/2019 6:30,7187.564841
16/12/2019 7:00,7445.197477
16/12/2019 7:30,7632.480682
16/12/2019 8:00,7848.302276
16/12/2019 8:30,8010.363057
16/12/2019 9:00,8047.245929
16/12/2019 9:30,8010.249703
16/12/2019 10:00,8058.157562
16/12/2019 10:30,8086.412637
16/12/2019 11:00,8150.557295
16/12/2019 11:30,8220.502943
16/12/2019 12:00,8321.568792
16/12/2019 12:30,8433.669812
16/12/2019 13:00,8539.53712
16/12/2019 13:30,8616.766525
16/12/2019 14:00,8790.035641
16/12/2019 14:30,8930.323952
16/12/2019 15:00,9007.941758
16/12/2019 15:30,9108.31628
16/12/2019 16:00,9192.273504
16/12/2019 16:30,9315.810115
16/12/2019 17:00,9502.433574
16/12/2019 17:30,9561.776156
16/12/2019 18:00,9669.641115
16/12/2019 18:30,9589.2516
16/12/2019 19:00,9526.12757
16/12/2019 19:30,9495.428974
16/12/2019 20:00,9399.176831
16/12/2019 20:30,9237.414073
16/12/2019 21:00,9027.143896
16/12/2019 21:30,8771.569141
16/12/2019 22:00,8536.910094
16/12/2019 22:30,8431.364569
16/12/2019 23:00,8169.274331
16/12/2019 23:30,8000.827481
17/12/2019 0:00,7504.381619
17/12/2019 0:30,7315.849041
17/12/2019 1:00,7163.135862
17/12/2019 1:30,6910.598338
17/12/2019 2:00,6735.46788
17/12/2019 2:30,6576.078357
17/12/2019 3:00,6518.615284
17/12/2019 3:30,6495.908301
17/12/2019 4:00,6533.780739
17/12/2019 4:30,6695.057819
17/12/2019 5:00,6816.888054
17/12/2019 5:30,7186.520815
17/12/2019 6:00,7492.847182
17/12/2019 6:30,7841.044939
17/12/2019 7:00,8119.6935
17/12/2019 7:30,8245.127089
17/12/2019 8:00,8323.833372
17/12/2019 8:30,8364.064916
17/12/2019 9:00,8379.250271
17/12/2019 9:30,8368.066681
17/12/2019 10:00,8370.538466
17/12/2019 10:30,8326.713652
17/12/2019 11:00,8317.8186
17/12/2019 11:30,8306.916229
17/12/2019 12:00,8303.805601
17/12/2019 12:30,8280.346503
17/12/2019 13:00,8326.091163
17/12/2019 13:30,8340.563139
17/12/2019 14:00,8348.266763
17/12/2019 14:30,8328.281987
17/12/2019 15:00,8386.449813
17/12/2019 15:30,8461.880709
17/12/2019 16:00,8538.003319
17/12/2019 16:30,8677.081571
17/12/2019 17:00,8808.73416
17/12/2019 17:30,8796.329896
17/12/2019 18:00,8816.341374
17/12/2019 18:30,8741.323764
17/12/2019 19:00,8674.032721
17/12/2019 19:30,8599.249255
17/12/2019 20:00,8492.665666
17/12/2019 20:30,8316.816332
17/12/2019 21:00,8061.008631
17/12/2019 21:30,7962.112829
17/12/2019 22:00,7776.062484
17/12/2019 22:30,7696.049739
17/12/2019 23:00,7546.957105
17/12/2019 23:30,7391.891439
18/12/2019 0:00,7314.967383
18/12/2019 0:30,7169.744367
18/12/2019 1:00,6958.574727
18/12/2019 1:30,6689.809551
18/12/2019 2:00,6495.507106
18/12/2019 2:30,6318.225218
18/12/2019 3:00,6237.511625
18/12/2019 3:30,6232.667636
18/12/2019 4:00,6262.338817
18/12/2019 4:30,6470.189454
18/12/2019 5:00,6644.245249
18/12/2019 5:30,6980.771772
18/12/2019 6:00,7282.807643
18/12/2019 6:30,7587.82271
18/12/2019 7:00,7827.225058
18/12/2019 7:30,7970.761936
18/12/2019 8:00,8006.225292
18/12/2019 8:30,8070.905708
18/12/2019 9:00,8050.29505
18/12/2019 9:30,8033.87515
18/12/2019 10:00,8007.033433
18/12/2019 10:30,7995.220338
18/12/2019 11:00,8016.121732
18/12/2019 11:30,7996.874482
18/12/2019 12:00,7987.229542
18/12/2019 12:30,8059.86613
18/12/2019 13:00,8065.973028
18/12/2019 13:30,8135.418598
18/12/2019 14:00,8176.973609
18/12/2019 14:30,8311.46339
18/12/2019 15:00,8442.158308
18/12/2019 15:30,8593.553169
18/12/2019 16:00,8755.750166
18/12/2019 16:30,8874.899629
18/12/2019 17:00,9040.836365
18/12/2019 17:30,9013.201322
18/12/2019 18:00,9084.730862
18/12/2019 18:30,9020.392998
18/12/2019 19:00,8878.413111
18/12/2019 19:30,8819.067239
18/12/2019 20:00,8740.549378
18/12/2019 20:30,8543.70148
18/12/2019 21:00,8318.574289
18/12/2019 21:30,8172.872347
18/12/2019 22:00,7979.423369
18/12/2019 22:30,7917.548236
18/12/2019 23:00,7749.228226
18/12/2019 23:30,7593.437802
19/12/2019 0:00,7415.046521
19/12/2019 0:30,7209.326333
19/12/2019 1:00,6989.382307
19/12/2019 1:30,6711.507505
19/12/2019 2:00,6549.867024
19/12/2019 2:30,6341.041647
19/12/2019 3:00,6275.201229
19/12/2019 3:30,6255.155982
19/12/2019 4:00,6279.925812
19/12/2019 4:30,6485.45777
19/12/2019 5:00,6609.761762
19/12/2019 5:30,6980.25368
19/12/2019 6:00,7298.672185
19/12/2019 6:30,7569.582149
19/12/2019 7:00,7845.624036
19/12/2019 7:30,7932.582799
19/12/2019 8:00,7972.824823
19/12/2019 8:30,8085.844078
19/12/2019 9:00,8067.114024
19/12/2019 9:30,8083.711383
19/12/2019 10:00,8083.692359
19/12/2019 10:30,8089.745764
19/12/2019 11:00,8119.171288
19/12/2019 11:30,8170.302427
19/12/2019 12:00,8230.272895
19/12/2019 12:30,8284.083112
19/12/2019 13:00,8402.526929
19/12/2019 13:30,8546.589208
19/12/2019 14:00,8662.423007
19/12/2019 14:30,8825.286346
19/12/2019 15:00,9040.631956
19/12/2019 15:30,9227.509059
19/12/2019 16:00,9401.247968
19/12/2019 16:30,9456.565575
19/12/2019 17:00,9625.85289
19/12/2019 17:30,9619.665525
19/12/2019 18:00,9653.061775
19/12/2019 18:30,9513.609396
19/12/2019 19:00,9368.099563
19/12/2019 19:30,9277.855045
19/12/2019 20:00,9146.703454
19/12/2019 20:30,8914.999262
19/12/2019 21:00,8681.186255
19/12/2019 21:30,8517.397663
19/12/2019 22:00,8289.466287
19/12/2019 22:30,8139.088382
19/12/2019 23:00,7930.320092
19/12/2019 23:30,7752.582389
20/12/2019 0:00,7593.194306
20/12/2019 0:30,7417.688632
20/12/2019 1:00,7224.595799
20/12/2019 1:30,6924.827513
20/12/2019 2:00,6726.225976
20/12/2019 2:30,6526.482794
20/12/2019 3:00,6462.196588
20/12/2019 3:30,6427.869773
20/12/2019 4:00,6415.801593
20/12/2019 4:30,6584.594526
20/12/2019 5:00,6710.821755
20/12/2019 5:30,7070.262272
20/12/2019 6:00,7362.146955
20/12/2019 6:30,7667.537027
20/12/2019 7:00,7952.903938
20/12/2019 7:30,8151.150304
20/12/2019 8:00,8271.595206
20/12/2019 8:30,8460.096021
20/12/2019 9:00,8571.646945
20/12/2019 9:30,8715.796452
20/12/2019 10:00,8906.8916
20/12/2019 10:30,9111.886398
20/12/2019 11:00,9290.607467
20/12/2019 11:30,9446.983582
20/12/2019 12:00,9693.193664
20/12/2019 12:30,9984.771363
20/12/2019 13:00,10147.60307
20/12/2019 13:30,10244.00993
20/12/2019 14:00,10361.52091
20/12/2019 14:30,10460.1387
20/12/2019 15:00,10501.03641
20/12/2019 15:30,10362.47163
20/12/2019 16:00,10198.27383
20/12/2019 16:30,10199.32205
20/12/2019 17:00,10132.97427
20/12/2019 17:30,9910.144325
20/12/2019 18:00,9833.025101
20/12/2019 18:30,9603.614708
20/12/2019 19:00,9371.23132
20/12/2019 19:30,9219.485615
20/12/2019 20:00,9047.230089
20/12/2019 20:30,8796.92117
20/12/2019 21:00,8514.607436
20/12/2019 21:30,8297.724272
20/12/2019 22:00,8058.766221
20/12/2019 22:30,7907.740768
20/12/2019 23:00,7676.293094
20/12/2019 23:30,7449.577662
21/12/2019 0:00,7140.396483
21/12/2019 0:30,6911.776021
21/12/2019 1:00,6702.351919
21/12/2019 1:30,6402.252093
21/12/2019 2:00,6214.735885
21/12/2019 2:30,6036.215125
21/12/2019 3:00,5938.255835
21/12/2019 3:30,5890.676795
21/12/2019 4:00,5898.433541
21/12/2019 4:30,6057.408138
21/12/2019 5:00,6141.105983
21/12/2019 5:30,6491.137288
21/12/2019 6:00,6782.775575
21/12/2019 6:30,7062.93072
21/12/2019 7:00,7360.185912
21/12/2019 7:30,7503.873569
21/12/2019 8:00,7640.888644
21/12/2019 8:30,7714.225906
21/12/2019 9:00,7718.243311
21/12/2019 9:30,7744.989701
21/12/2019 10:00,7733.426762
21/12/2019 10:30,7687.299667
21/12/2019 11:00,7711.128632
21/12/2019 11:30,7692.076458
21/12/2019 12:00,7810.573217
21/12/2019 12:30,7855.484262
21/12/2019 13:00,7960.093999
21/12/2019 13:30,8088.439639
21/12/2019 14:00,8160.459458
21/12/2019 14:30,8283.409377
21/12/2019 15:00,8393.519082
21/12/2019 15:30,8547.076525
21/12/2019 16:00,8678.177969
21/12/2019 16:30,8742.858118
21/12/2019 17:00,8779.293663
21/12/2019 17:30,8706.159296
21/12/2019 18:00,8700.809395
21/12/2019 18:30,8578.257799
21/12/2019 19:00,8467.77539
21/12/2019 19:30,8316.536665
21/12/2019 20:00,8178.006158
21/12/2019 20:30,7958.255732
21/12/2019 21:00,7695.012141
21/12/2019 21:30,7585.861714
21/12/2019 22:00,7385.974254
21/12/2019 22:30,7315.377286
21/12/2019 23:00,7114.807357
21/12/2019 23:30,6898.551812
22/12/2019 0:00,6897.542595
22/12/2019 0:30,6683.950739
22/12/2019 1:00,6477.074589
22/12/2019 1:30,6183.965955
22/12/2019 2:00,5970.035224
22/12/2019 2:30,5798.262813
22/12/2019 3:00,5692.13692
22/12/2019 3:30,5630.943428
22/12/2019 4:00,5623.288437
22/12/2019 4:30,5716.950769
22/12/2019 5:00,5759.631078
22/12/2019 5:30,5948.755323
22/12/2019 6:00,6144.498159
22/12/2019 6:30,6380.777272
22/12/2019 7:00,6669.052661
22/12/2019 7:30,6916.325938
22/12/2019 8:00,7092.411804
22/12/2019 8:30,7309.216349
22/12/2019 9:00,7403.157241
22/12/2019 9:30,7543.899881
22/12/2019 10:00,7607.02046
22/12/2019 10:30,7776.21214
22/12/2019 11:00,7973.839993
22/12/2019 11:30,8133.694374
22/12/2019 12:00,8389.206925
22/12/2019 12:30,8620.364586
22/12/2019 13:00,8867.517609
22/12/2019 13:30,9126.513942
22/12/2019 14:00,9337.872979
22/12/2019 14:30,9563.454355
22/12/2019 15:00,9736.303704
22/12/2019 15:30,9897.458787
22/12/2019 16:00,10059.23209
22/12/2019 16:30,10164.02172
22/12/2019 17:00,10028.72287
22/12/2019 17:30,9769.747147
22/12/2019 18:00,9644.616362
22/12/2019 18:30,9393.565115
22/12/2019 19:00,9161.93514
22/12/2019 19:30,8928.258549
22/12/2019 20:00,8724.031374
22/12/2019 20:30,8496.757405
22/12/2019 21:00,8242.859376
22/12/2019 21:30,8038.376518
22/12/2019 22:00,7839.795855
22/12/2019 22:30,7709.999817
22/12/2019 23:00,7476.847724
22/12/2019 23:30,7283.368876
23/12/2019 0:00,7408.491459
23/12/2019 0:30,7243.429701
23/12/2019 1:00,7048.721323
23/12/2019 1:30,6798.015478
23/12/2019 2:00,6635.682633
23/12/2019 2:30,6497.085906
23/12/2019 3:00,6419.940171
23/12/2019 3:30,6345.943564
23/12/2019 4:00,6362.184592
23/12/2019 4:30,6454.303773
23/12/2019 5:00,6500.569277
23/12/2019 5:30,6665.091903
23/12/2019 6:00,6852.992811
23/12/2019 6:30,7100.121509
23/12/2019 7:00,7385.028546
23/12/2019 7:30,7649.254715
23/12/2019 8:00,7829.779725
23/12/2019 8:30,8006.840306
23/12/2019 9:00,8061.583537
23/12/2019 9:30,8066.487911
23/12/2019 10:00,8030.794283
23/12/2019 10:30,8004.217716
23/12/2019 11:00,7921.878388
23/12/2019 11:30,7933.23807
23/12/2019 12:00,7871.686838
23/12/2019 12:30,7845.442238
23/12/2019 13:00,7879.437097
23/12/2019 13:30,7894.837663
23/12/2019 14:00,7918.655937
23/12/2019 14:30,7977.687175
23/12/2019 15:00,8109.259321
23/12/2019 15:30,8200.238562
23/12/2019 16:00,8311.609637
23/12/2019 16:30,8452.363653
23/12/2019 17:00,8563.453426
23/12/2019 17:30,8610.340668
23/12/2019 18:00,8713.398825
23/12/2019 18:30,8755.276119
23/12/2019 19:00,8733.022155
23/12/2019 19:30,8731.740946
23/12/2019 20:00,8666.57517
23/12/2019 20:30,8568.694978
23/12/2019 21:00,8383.707105
23/12/2019 21:30,8242.983455
23/12/2019 22:00,8084.408682
23/12/2019 22:30,8007.351204
23/12/2019 23:00,7822.01529
23/12/2019 23:30,7676.235901
24/12/2019 0:00,7174.91261
24/12/2019 0:30,7007.511783
24/12/2019 1:00,6823.39611
24/12/2019 1:30,6602.727496
24/12/2019 2:00,6411.546258
24/12/2019 2:30,6251.091636
24/12/2019 3:00,6180.850277
24/12/2019 3:30,6168.156466
24/12/2019 4:00,6170.295157
24/12/2019 4:30,6295.83042
24/12/2019 5:00,6385.976676
24/12/2019 5:30,6681.454045
24/12/2019 6:00,6959.981923
24/12/2019 6:30,7207.36823
24/12/2019 7:00,7512.747076
24/12/2019 7:30,7768.587978
24/12/2019 8:00,7892.515677
24/12/2019 8:30,7972.495827
24/12/2019 9:00,7971.152222
24/12/2019 9:30,7988.163948
24/12/2019 10:00,7947.206731
24/12/2019 10:30,7917.334125
24/12/2019 11:00,7839.481255
24/12/2019 11:30,7857.240812
24/12/2019 12:00,7881.544337
24/12/2019 12:30,7837.094829
24/12/2019 13:00,7803.311655
24/12/2019 13:30,7797.858779
24/12/2019 14:00,7813.908883
24/12/2019 14:30,7872.645626
24/12/2019 15:00,7957.513277
24/12/2019 15:30,8118.244993
24/12/2019 16:00,8245.83651
24/12/2019 16:30,8422.324872
24/12/2019 17:00,8570.811118
24/12/2019 17:30,8609.250227
24/12/2019 18:00,8680.32764
24/12/2019 18:30,8564.3085
24/12/2019 19:00,8494.582705
24/12/2019 19:30,8445.543274
24/12/2019 20:00,8375.105857
24/12/2019 20:30,8210.708225
24/12/2019 21:00,8010.456658
24/12/2019 21:30,7937.494461
24/12/2019 22:00,7786.056686
24/12/2019 22:30,7700.491675
24/12/2019 23:00,7553.15791
24/12/2019 23:30,7398.765922
25/12/2019 0:00,6680.630381
25/12/2019 0:30,6459.103187
25/12/2019 1:00,6235.95997
25/12/2019 1:30,5956.270647
25/12/2019 2:00,5763.000509
25/12/2019 2:30,5571.577739
25/12/2019 3:00,5464.628822
25/12/2019 3:30,5422.397803
25/12/2019 4:00,5418.135887
25/12/2019 4:30,5558.431341
25/12/2019 5:00,5680.428125
25/12/2019 5:30,5952.504222
25/12/2019 6:00,6250.5827
25/12/2019 6:30,6513.469489
25/12/2019 7:00,6810.80258
25/12/2019 7:30,7080.915274
25/12/2019 8:00,7238.597737
25/12/2019 8:30,7405.871807
25/12/2019 9:00,7453.265484
25/12/2019 9:30,7491.640491
25/12/2019 10:00,7478.710767
25/12/2019 10:30,7467.949021
25/12/2019 11:00,7472.460453
25/12/2019 11:30,7425.500389
25/12/2019 12:00,7412.487023
25/12/2019 12:30,7412.283644
25/12/2019 13:00,7483.570568
25/12/2019 13:30,7531.882445
25/12/2019 14:00,7604.949764
25/12/2019 14:30,7655.097993
25/12/2019 15:00,7742.354311
25/12/2019 15:30,7817.206415
25/12/2019 16:00,7956.478396
25/12/2019 16:30,8052.600534
25/12/2019 17:00,8058.247476
25/12/2019 17:30,7924.559938
25/12/2019 18:00,7945.387859
25/12/2019 18:30,7837.890142
25/12/2019 19:00,7715.829639
25/12/2019 19:30,7643.717523
25/12/2019 20:00,7555.764921
25/12/2019 20:30,7444.097304
25/12/2019 21:00,7251.921398
25/12/2019 21:30,7208.485198
25/12/2019 22:00,7081.399793
25/12/2019 22:30,6997.914291
25/12/2019 23:00,6818.987389
25/12/2019 23:30,6637.472968
26/12/2019 0:00,6442.429577
26/12/2019 0:30,6227.232326
26/12/2019 1:00,6006.695223
26/12/2019 1:30,5738.839598
26/12/2019 2:00,5535.712777
26/12/2019 2:30,5335.286316
26/12/2019 3:00,5232.36469
26/12/2019 3:30,5161.052206
26/12/2019 4:00,5153.398515
26/12/2019 4:30,5244.191398
26/12/2019 5:00,5293.4062
26/12/2019 5:30,5456.166989
26/12/2019 6:00,5648.377631
26/12/2019 6:30,5871.791323
26/12/2019 7:00,6124.905388
26/12/2019 7:30,6293.362223
26/12/2019 8:00,6438.722351
26/12/2019 8:30,6581.814948
26/12/2019 9:00,6634.743106
26/12/2019 9:30,6642.822022
26/12/2019 10:00,6668.811037
26/12/2019 10:30,6641.384355
26/12/2019 11:00,6607.958122
26/12/2019 11:30,6552.706906
26/12/2019 12:00,6469.664219
26/12/2019 12:30,6386.882678
26/12/2019 13:00,6372.597527
26/12/2019 13:30,6388.837476
26/12/2019 14:00,6415.087973
26/12/2019 14:30,6499.991638
26/12/2019 15:00,6609.355792
26/12/2019 15:30,6773.764667
26/12/2019 16:00,6906.295365
26/12/2019 16:30,7055.357952
26/12/2019 17:00,7209.065188
26/12/2019 17:30,7242.165156
26/12/2019 18:00,7368.290237
26/12/2019 18:30,7325.10491
26/12/2019 19:00,7321.863979
26/12/2019 19:30,7301.126263
26/12/2019 20:00,7270.795402
26/12/2019 20:30,7169.739584
26/12/2019 21:00,7023.642291
26/12/2019 21:30,6945.148282
26/12/2019 22:00,6837.038851
26/12/2019 22:30,6772.044494
26/12/2019 23:00,6617.12785
26/12/2019 23:30,6481.65843
27/12/2019 0:00,6964.633398
27/12/2019 0:30,6790.445251
27/12/2019 1:00,6583.542877
27/12/2019 1:30,6308.862679
27/12/2019 2:00,6106.95985
27/12/2019 2:30,5934.940591
27/12/2019 3:00,5857.40115
27/12/2019 3:30,5814.913637
27/12/2019 4:00,5804.446827
27/12/2019 4:30,5886.13117
27/12/2019 5:00,5912.441567
27/12/2019 5:30,6063.943961
27/12/2019 6:00,6208.502588
27/12/2019 6:30,6378.168306
27/12/2019 7:00,6602.939722
27/12/2019 7:30,6784.506537
27/12/2019 8:00,6940.465413
27/12/2019 8:30,7040.284702
27/12/2019 9:00,7118.989852
27/12/2019 9:30,7150.255006
27/12/2019 10:00,7191.281197
27/12/2019 10:30,7216.051528
27/12/2019 11:00,7233.579441
27/12/2019 11:30,7293.081344
27/12/2019 12:00,7356.535743
27/12/2019 12:30,7412.70168
27/12/2019 13:00,7455.023476
27/12/2019 13:30,7558.206457
27/12/2019 14:00,7648.280089
27/12/2019 14:30,7773.337153
27/12/2019 15:00,7880.819749
27/12/2019 15:30,8025.610131
27/12/2019 16:00,8214.651694
27/12/2019 16:30,8356.830284
27/12/2019 17:00,8460.110856
27/12/2019 17:30,8509.232419
27/12/2019 18:00,8597.451385
27/12/2019 18:30,8489.144737
27/12/2019 19:00,8370.353915
27/12/2019 19:30,8304.641945
27/12/2019 20:00,8224.612028
27/12/2019 20:30,8025.334879
27/12/2019 21:00,7791.275612
27/12/2019 21:30,7651.33537
27/12/2019 22:00,7466.372567
27/12/2019 22:30,7361.668299
27/12/2019 23:00,7145.642532
27/12/2019 23:30,6972.094378
28/12/2019 0:00,6728.626607
28/12/2019 0:30,6506.628329
28/12/2019 1:00,6295.432567
28/12/2019 1:30,6017.263105
28/12/2019 2:00,5818.101295
28/12/2019 2:30,5675.515311
28/12/2019 3:00,5579.431652
28/12/2019 3:30,5512.601977
28/12/2019 4:00,5532.899201
28/12/2019 4:30,5624.090091
28/12/2019 5:00,5654.315971
28/12/2019 5:30,5873.59799
28/12/2019 6:00,6039.656424
28/12/2019 6:30,6281.218897
28/12/2019 7:00,6517.057872
28/12/2019 7:30,6701.104938
28/12/2019 8:00,6828.837443
28/12/2019 8:30,6965.789314
28/12/2019 9:00,7006.179696
28/12/2019 9:30,7038.118227
28/12/2019 10:00,7109.685957
28/12/2019 10:30,7089.59941
28/12/2019 11:00,7135.595388
28/12/2019 11:30,7180.426604
28/12/2019 12:00,7241.749554
28/12/2019 12:30,7313.406878
28/12/2019 13:00,7417.67159
28/12/2019 13:30,7521.260757
28/12/2019 14:00,7625.80885
28/12/2019 14:30,7763.810672
28/12/2019 15:00,7875.132736
28/12/2019 15:30,8014.472515
28/12/2019 16:00,8215.794311
28/12/2019 16:30,8322.424174
28/12/2019 17:00,8418.239477
28/12/2019 17:30,8367.35863
28/12/2019 18:00,8355.684672
28/12/2019 18:30,8217.767124
28/12/2019 19:00,8087.472378
28/12/2019 19:30,7942.668798
28/12/2019 20:00,7855.522362
28/12/2019 20:30,7696.340355
28/12/2019 21:00,7447.479222
28/12/2019 21:30,7333.301879
28/12/2019 22:00,7117.496603
28/12/2019 22:30,7026.001556
28/12/2019 23:00,6811.820767
28/12/2019 23:30,6657.941662
29/12/2019 0:00,6663.497435
29/12/2019 0:30,6446.730818
29/12/2019 1:00,6238.792205
29/12/2019 1:30,5986.898437
29/12/2019 2:00,5761.191063
29/12/2019 2:30,5601.805277
29/12/2019 3:00,5506.042062
29/12/2019 3:30,5447.641976
29/12/2019 4:00,5410.207221
29/12/2019 4:30,5493.714526
29/12/2019 5:00,5526.063467
29/12/2019 5:30,5688.32528
29/12/2019 6:00,5844.462078
29/12/2019 6:30,6046.480516
29/12/2019 7:00,6287.571928
29/12/2019 7:30,6503.392596
29/12/2019 8:00,6709.712156
29/12/2019 8:30,6881.744069
29/12/2019 9:00,6924.16704
29/12/2019 9:30,6987.90348
29/12/2019 10:00,7011.734958
29/12/2019 10:30,7130.871352
29/12/2019 11:00,7257.439486
29/12/2019 11:30,7338.88214
29/12/2019 12:00,7467.979577
29/12/2019 12:30,7633.023253
29/12/2019 13:00,7776.259813
29/12/2019 13:30,7939.439225
29/12/2019 14:00,8160.052386
29/12/2019 14:30,8351.384065
29/12/2019 15:00,8573.554422
29/12/2019 15:30,8753.489741
29/12/2019 16:00,8944.520834
29/12/2019 16:30,9074.311007
29/12/2019 17:00,9194.926541
29/12/2019 17:30,9235.141057
29/12/2019 18:00,9258.262277
29/12/2019 18:30,9156.720273
29/12/2019 19:00,9035.878829
29/12/2019 19:30,8914.236634
29/12/2019 20:00,8774.106813
29/12/2019 20:30,8568.185711
29/12/2019 21:00,8336.290478
29/12/2019 21:30,8130.722646
29/12/2019 22:00,7919.314218
29/12/2019 22:30,7788.732837
29/12/2019 23:00,7543.844119
29/12/2019 23:30,7364.464684
30/12/2019 0:00,7486.930953
30/12/2019 0:30,7304.735542
30/12/2019 1:00,7137.250768
30/12/2019 1:30,6904.108758
30/12/2019 2:00,6728.407462
30/12/2019 2:30,6583.960123
30/12/2019 3:00,6510.139027
30/12/2019 3:30,6470.547461
30/12/2019 4:00,6477.730959
30/12/2019 4:30,6552.934613
30/12/2019 5:00,6575.980625
30/12/2019 5:30,6715.532866
30/12/2019 6:00,6873.239128
30/12/2019 6:30,7092.839268
30/12/2019 7:00,7339.916206
30/12/2019 7:30,7566.209945
30/12/2019 8:00,7756.625762
30/12/2019 8:30,7933.743139
30/12/2019 9:00,8056.361353
30/12/2019 9:30,8176.623137
30/12/2019 10:00,8209.179829
30/12/2019 10:30,8290.451635
30/12/2019 11:00,8365.70894
30/12/2019 11:30,8491.48231
30/12/2019 12:00,8613.819489
30/12/2019 12:30,8794.369501
30/12/2019 13:00,8942.859982
30/12/2019 13:30,9054.530693
30/12/2019 14:00,9185.490458
30/12/2019 14:30,9326.663454
30/12/2019 15:00,9484.431211
30/12/2019 15:30,9618.881773
30/12/2019 16:00,9800.4047
30/12/2019 16:30,9892.478745
30/12/2019 17:00,10032.86152
30/12/2019 17:30,10104.45527
30/12/2019 18:00,10174.25933
30/12/2019 18:30,10108.94703
30/12/2019 19:00,9951.481673
30/12/2019 19:30,9868.295854
30/12/2019 20:00,9716.736625
30/12/2019 20:30,9481.984741
30/12/2019 21:00,9208.255342
30/12/2019 21:30,8958.404166
30/12/2019 22:00,8686.628156
30/12/2019 22:30,8546.503232
30/12/2019 23:00,8272.815411
30/12/2019 23:30,8027.245957
31/12/2019 0:00,7494.07779
31/12/2019 0:30,7272.900262
31/12/2019 1:00,7095.601989
31/12/2019 1:30,6831.828031
31/12/2019 2:00,6644.265928
31/12/2019 2:30,6474.357076
31/12/2019 3:00,6398.981814
31/12/2019 3:30,6328.417104
31/12/2019 4:00,6319.659634
31/12/2019 4:30,6453.423156
31/12/2019 5:00,6531.6372
31/12/2019 5:30,6741.165686
31/12/2019 6:00,6979.241699
31/12/2019 6:30,7238.60484
31/12/2019 7:00,7496.208967
31/12/2019 7:30,7713.471722
31/12/2019 8:00,7894.375009
31/12/2019 8:30,8047.683941
31/12/2019 9:00,8096.932404
31/12/2019 9:30,8161.076067
31/12/2019 10:00,8263.009538
31/12/2019 10:30,8313.475245
31/12/2019 11:00,8435.323851
31/12/2019 11:30,8570.341177
31/12/2019 12:00,8708.885654
31/12/2019 12:30,8860.71228
31/12/2019 13:00,9014.087006
31/12/2019 13:30,9187.759778
31/12/2019 14:00,9368.443633
31/12/2019 14:30,9539.311738
31/12/2019 15:00,9674.74805
31/12/2019 15:30,9872.95859
31/12/2019 16:00,10029.92716
31/12/2019 16:30,10116.85653
31/12/2019 17:00,10182.38448
31/12/2019 17:30,10066.13784
31/12/2019 18:00,10082.67476
31/12/2019 18:30,9909.217049
31/12/2019 19:00,9667.913699
31/12/2019 19:30,9509.561292
31/12/2019 20:00,9357.538357
31/12/2019 20:30,9099.86958
31/12/2019 21:00,8793.332459
31/12/2019 21:30,8580.399629
31/12/2019 22:00,8287.816913
31/12/2019 22:30,8112.086936
31/12/2019 23:00,7809.756559
31/12/2019 23:30,7595.454456
