DATETIME,xgboost
2019-01-01 00:00:00,7724.3247
2019-01-01 00:30:00,7615.617
2019-01-01 01:00:00,7450.1284
2019-01-01 01:30:00,7183.255
2019-01-01 02:00:00,6908.548
2019-01-01 02:30:00,6793.3276
2019-01-01 03:00:00,6692.7114
2019-01-01 03:30:00,6692.115
2019-01-01 04:00:00,6517.876
2019-01-01 04:30:00,6592.106
2019-01-01 05:00:00,6497.435
2019-01-01 05:30:00,6498.7803
2019-01-01 06:00:00,6907.8374
2019-01-01 06:30:00,6902.8774
2019-01-01 07:00:00,7429.5537
2019-01-01 07:30:00,7482.6626
2019-01-01 08:00:00,7801.7695
2019-01-01 08:30:00,7983.6494
2019-01-01 09:00:00,8093.6655
2019-01-01 09:30:00,8188.2646
2019-01-01 10:00:00,8312.804
2019-01-01 10:30:00,8375.696
2019-01-01 11:00:00,8253.134
2019-01-01 11:30:00,7946.3643
2019-01-01 12:00:00,7863.088
2019-01-01 12:30:00,8572.306
2019-01-01 13:00:00,8993.979
2019-01-01 13:30:00,9892.759
2019-01-01 14:00:00,9730.429
2019-01-01 14:30:00,10796.117
2019-01-01 15:00:00,10865.566
2019-01-01 15:30:00,10865.566
2019-01-01 16:00:00,10669.863
2019-01-01 16:30:00,10532.034
2019-01-01 17:00:00,9491.559
2019-01-01 17:30:00,9171.391
2019-01-01 18:00:00,8748.132
2019-01-01 18:30:00,8417.808
2019-01-01 19:00:00,8402.226
2019-01-01 19:30:00,8148.7324
2019-01-01 20:00:00,8230.398
2019-01-01 20:30:00,8070.9326
2019-01-01 21:00:00,7926.0347
2019-01-01 21:30:00,8063.3994
2019-01-01 22:00:00,7931.2285
2019-01-01 22:30:00,7851.51
2019-01-01 23:00:00,7661.3716
2019-01-01 23:30:00,7651.362
2019-01-02 00:00:00,7845.06
2019-01-02 00:30:00,7642.669
2019-01-02 01:00:00,7418.803
2019-01-02 01:30:00,7137.664
2019-01-02 02:00:00,6645.964
2019-01-02 02:30:00,6446.5317
2019-01-02 03:00:00,6524.3696
2019-01-02 03:30:00,6461.6426
2019-01-02 04:00:00,6363.1304
2019-01-02 04:30:00,6361.064
2019-01-02 05:00:00,6445.4
2019-01-02 05:30:00,6453.0635
2019-01-02 06:00:00,6698.582
2019-01-02 06:30:00,6751.4634
2019-01-02 07:00:00,7168.7856
2019-01-02 07:30:00,7159.256
2019-01-02 08:00:00,7871.761
2019-01-02 08:30:00,7800.494
2019-01-02 09:00:00,7961.933
2019-01-02 09:30:00,8266.767
2019-01-02 10:00:00,8443.524
2019-01-02 10:30:00,8658.922
2019-01-02 11:00:00,8940.141
2019-01-02 11:30:00,9110.078
2019-01-02 12:00:00,9469.751
2019-01-02 12:30:00,9577.421
2019-01-02 13:00:00,9588.208
2019-01-02 13:30:00,9602.062
2019-01-02 14:00:00,9988.625
2019-01-02 14:30:00,9993.399
2019-01-02 15:00:00,10318.225
2019-01-02 15:30:00,10445.433
2019-01-02 16:00:00,10713.291
2019-01-02 16:30:00,10723.113
2019-01-02 17:00:00,10841.831
2019-01-02 17:30:00,10893.685
2019-01-02 18:00:00,10535.29
2019-01-02 18:30:00,10662.527
2019-01-02 19:00:00,10221.001
2019-01-02 19:30:00,9839.387
2019-01-02 20:00:00,9625.173
2019-01-02 20:30:00,9753.676
2019-01-02 21:00:00,9366.628
2019-01-02 21:30:00,9227.533
2019-01-02 22:00:00,8803.431
2019-01-02 22:30:00,8649.784
2019-01-02 23:00:00,8308.012
2019-01-02 23:30:00,7995.4473
2019-01-03 00:00:00,7837.5903
2019-01-03 00:30:00,7544.342
2019-01-03 01:00:00,7262.9663
2019-01-03 01:30:00,6996.7983
2019-01-03 02:00:00,6688.877
2019-01-03 02:30:00,6556.262
2019-01-03 03:00:00,6491.4536
2019-01-03 03:30:00,6521.8696
2019-01-03 04:00:00,6573.1436
2019-01-03 04:30:00,6710.756
2019-01-03 05:00:00,6809.888
2019-01-03 05:30:00,7102.217
2019-01-03 06:00:00,7329.1533
2019-01-03 06:30:00,7666.121
2019-01-03 07:00:00,8073.242
2019-01-03 07:30:00,8319.643
2019-01-03 08:00:00,8661.3955
2019-01-03 08:30:00,8925.216
2019-01-03 09:00:00,9138.1875
2019-01-03 09:30:00,9390.218
2019-01-03 10:00:00,9519.005
2019-01-03 10:30:00,9734.374
2019-01-03 11:00:00,9904.224
2019-01-03 11:30:00,10039.971
2019-01-03 12:00:00,10292.555
2019-01-03 12:30:00,10326.169
2019-01-03 13:00:00,10531.44
2019-01-03 13:30:00,10581.57
2019-01-03 14:00:00,10676.462
2019-01-03 14:30:00,10947.803
2019-01-03 15:00:00,11103.228
2019-01-03 15:30:00,10768.9375
2019-01-03 16:00:00,10748.258
2019-01-03 16:30:00,10749.438
2019-01-03 17:00:00,10443.049
2019-01-03 17:30:00,10630.257
2019-01-03 18:00:00,10325.764
2019-01-03 18:30:00,10152.396
2019-01-03 19:00:00,9954.531
2019-01-03 19:30:00,9789.11
2019-01-03 20:00:00,9650.265
2019-01-03 20:30:00,9471.632
2019-01-03 21:00:00,9200.894
2019-01-03 21:30:00,9076.697
2019-01-03 22:00:00,8594.881
2019-01-03 22:30:00,8495.919
2019-01-03 23:00:00,8203.784
2019-01-03 23:30:00,7988.3296
2019-01-04 00:00:00,7830.2764
2019-01-04 00:30:00,7578.802
2019-01-04 01:00:00,7346.519
2019-01-04 01:30:00,7131.085
2019-01-04 02:00:00,6792.286
2019-01-04 02:30:00,6714.2793
2019-01-04 03:00:00,6642.9946
2019-01-04 03:30:00,6622.427
2019-01-04 04:00:00,6638.8335
2019-01-04 04:30:00,6730.186
2019-01-04 05:00:00,6857.744
2019-01-04 05:30:00,7111.5474
2019-01-04 06:00:00,7278.006
2019-01-04 06:30:00,7659.8193
2019-01-04 07:00:00,8030.9053
2019-01-04 07:30:00,8315.037
2019-01-04 08:00:00,8553.256
2019-01-04 08:30:00,8765.221
2019-01-04 09:00:00,8893.398
2019-01-04 09:30:00,9033.004
2019-01-04 10:00:00,9326.676
2019-01-04 10:30:00,9409.667
2019-01-04 11:00:00,9552.383
2019-01-04 11:30:00,9622.949
2019-01-04 12:00:00,9783.64
2019-01-04 12:30:00,9807.184
2019-01-04 13:00:00,9907.915
2019-01-04 13:30:00,10023.257
2019-01-04 14:00:00,10190.753
2019-01-04 14:30:00,10396.632
2019-01-04 15:00:00,10563.38
2019-01-04 15:30:00,10607.57
2019-01-04 16:00:00,10578.889
2019-01-04 16:30:00,10558.96
2019-01-04 17:00:00,10369.173
2019-01-04 17:30:00,10212.105
2019-01-04 18:00:00,10017.284
2019-01-04 18:30:00,9832.669
2019-01-04 19:00:00,9671.518
2019-01-04 19:30:00,9682.963
2019-01-04 20:00:00,9448.725
2019-01-04 20:30:00,9292.351
2019-01-04 21:00:00,9131.016
2019-01-04 21:30:00,8957.7295
2019-01-04 22:00:00,8794.753
2019-01-04 22:30:00,8591.378
2019-01-04 23:00:00,8305.745
2019-01-04 23:30:00,8106.272
2019-01-05 00:00:00,7728.5576
2019-01-05 00:30:00,7534.2793
2019-01-05 01:00:00,7193.9976
2019-01-05 01:30:00,6932.474
2019-01-05 02:00:00,6664.942
2019-01-05 02:30:00,6573.733
2019-01-05 03:00:00,6425.857
2019-01-05 03:30:00,6436.41
2019-01-05 04:00:00,6326.137
2019-01-05 04:30:00,6490.444
2019-01-05 05:00:00,6318.357
2019-01-05 05:30:00,6429.859
2019-01-05 06:00:00,6575.081
2019-01-05 06:30:00,6767.798
2019-01-05 07:00:00,7079.5522
2019-01-05 07:30:00,7209.8936
2019-01-05 08:00:00,7838.774
2019-01-05 08:30:00,8076.3877
2019-01-05 09:00:00,8355.708
2019-01-05 09:30:00,8503.843
2019-01-05 10:00:00,8658.115
2019-01-05 10:30:00,8798.2
2019-01-05 11:00:00,8871.811
2019-01-05 11:30:00,8972.098
2019-01-05 12:00:00,9051.168
2019-01-05 12:30:00,9196.193
2019-01-05 13:00:00,9362.948
2019-01-05 13:30:00,9460.98
2019-01-05 14:00:00,9557.853
2019-01-05 14:30:00,9673.155
2019-01-05 15:00:00,9623.923
2019-01-05 15:30:00,9902.026
2019-01-05 16:00:00,9799.694
2019-01-05 16:30:00,9799.694
2019-01-05 17:00:00,9835.368
2019-01-05 17:30:00,9740.499
2019-01-05 18:00:00,9698.858
2019-01-05 18:30:00,9432.519
2019-01-05 19:00:00,9108.668
2019-01-05 19:30:00,9309.588
2019-01-05 20:00:00,9132.969
2019-01-05 20:30:00,8937.901
2019-01-05 21:00:00,8859.111
2019-01-05 21:30:00,8698.772
2019-01-05 22:00:00,8635.689
2019-01-05 22:30:00,8439.277
2019-01-05 23:00:00,8179.1323
2019-01-05 23:30:00,7944.627
2019-01-06 00:00:00,7648.0635
2019-01-06 00:30:00,7424.5444
2019-01-06 01:00:00,7211.845
2019-01-06 01:30:00,6888.566
2019-01-06 02:00:00,6612.432
2019-01-06 02:30:00,6648.32
2019-01-06 03:00:00,6453.109
2019-01-06 03:30:00,6447.599
2019-01-06 04:00:00,6503.684
2019-01-06 04:30:00,6522.292
2019-01-06 05:00:00,6431.619
2019-01-06 05:30:00,6531.7114
2019-01-06 06:00:00,6686.685
2019-01-06 06:30:00,6981.126
2019-01-06 07:00:00,7108.56
2019-01-06 07:30:00,7305.8477
2019-01-06 08:00:00,7144.047
2019-01-06 08:30:00,6955.8955
2019-01-06 09:00:00,7354.4307
2019-01-06 09:30:00,7875.1226
2019-01-06 10:00:00,8490.725
2019-01-06 10:30:00,8689.082
2019-01-06 11:00:00,8957.733
2019-01-06 11:30:00,9289.188
2019-01-06 12:00:00,9630.517
2019-01-06 12:30:00,9704.945
2019-01-06 13:00:00,9706.941
2019-01-06 13:30:00,9673.174
2019-01-06 14:00:00,9551.225
2019-01-06 14:30:00,9368.719
2019-01-06 15:00:00,9310.563
2019-01-06 15:30:00,9319.379
2019-01-06 16:00:00,9134.441
2019-01-06 16:30:00,9099.663
2019-01-06 17:00:00,9129.242
2019-01-06 17:30:00,8832.68
2019-01-06 18:00:00,8727.553
2019-01-06 18:30:00,8490.608
2019-01-06 19:00:00,8379.554
2019-01-06 19:30:00,8352.547
2019-01-06 20:00:00,8219.098
2019-01-06 20:30:00,8076.4434
2019-01-06 21:00:00,7876.303
2019-01-06 21:30:00,7765.934
2019-01-06 22:00:00,7513.929
2019-01-06 22:30:00,7393.6763
2019-01-06 23:00:00,7148.9336
2019-01-06 23:30:00,7017.43
2019-01-07 00:00:00,6891.6104
2019-01-07 00:30:00,6674.323
2019-01-07 01:00:00,6590.214
2019-01-07 01:30:00,6345.5127
2019-01-07 02:00:00,6178.4517
2019-01-07 02:30:00,6133.037
2019-01-07 03:00:00,6135.7075
2019-01-07 03:30:00,6135.7075
2019-01-07 04:00:00,6254.258
2019-01-07 04:30:00,6243.642
2019-01-07 05:00:00,6703.8354
2019-01-07 05:30:00,6729.2705
2019-01-07 06:00:00,7437.725
2019-01-07 06:30:00,7600.5874
2019-01-07 07:00:00,8215.303
2019-01-07 07:30:00,8312.331
2019-01-07 08:00:00,8103.43
2019-01-07 08:30:00,8380.245
2019-01-07 09:00:00,8174.2
2019-01-07 09:30:00,8181.293
2019-01-07 10:00:00,8098.6396
2019-01-07 10:30:00,8166.442
2019-01-07 11:00:00,8133.138
2019-01-07 11:30:00,8069.611
2019-01-07 12:00:00,8061.4966
2019-01-07 12:30:00,7982.5415
2019-01-07 13:00:00,8168.844
2019-01-07 13:30:00,8077.23
2019-01-07 14:00:00,8302.621
2019-01-07 14:30:00,8341.384
2019-01-07 15:00:00,8300.657
2019-01-07 15:30:00,8433.085
2019-01-07 16:00:00,8559.519
2019-01-07 16:30:00,8641.413
2019-01-07 17:00:00,8697.387
2019-01-07 17:30:00,8696.741
2019-01-07 18:00:00,8590.279
2019-01-07 18:30:00,8546.464
2019-01-07 19:00:00,8488.207
2019-01-07 19:30:00,8406.705
2019-01-07 20:00:00,8362.9
2019-01-07 20:30:00,8269.572
2019-01-07 21:00:00,8084.887
2019-01-07 21:30:00,7980.482
2019-01-07 22:00:00,7783.4487
2019-01-07 22:30:00,7715.737
2019-01-07 23:00:00,7471.5737
2019-01-07 23:30:00,7334.629
2019-01-08 00:00:00,7093.849
2019-01-08 00:30:00,6968.23
2019-01-08 01:00:00,6706.298
2019-01-08 01:30:00,6518.448
2019-01-08 02:00:00,6228.9707
2019-01-08 02:30:00,6145.7075
2019-01-08 03:00:00,6057.346
2019-01-08 03:30:00,6102.023
2019-01-08 04:00:00,6104.5684
2019-01-08 04:30:00,6342.715
2019-01-08 05:00:00,6607.9917
2019-01-08 05:30:00,6943.285
2019-01-08 06:00:00,7451.115
2019-01-08 06:30:00,7688.518
2019-01-08 07:00:00,7960.866
2019-01-08 07:30:00,8157.7173
2019-01-08 08:00:00,8293.818
2019-01-08 08:30:00,8434.176
2019-01-08 09:00:00,8515.393
2019-01-08 09:30:00,8480.918
2019-01-08 10:00:00,8548.16
2019-01-08 10:30:00,8475.631
2019-01-08 11:00:00,8525.454
2019-01-08 11:30:00,8537.317
2019-01-08 12:00:00,8539.134
2019-01-08 12:30:00,8606.164
2019-01-08 13:00:00,8572.274
2019-01-08 13:30:00,8593.38
2019-01-08 14:00:00,8630.425
2019-01-08 14:30:00,8622.743
2019-01-08 15:00:00,8763.397
2019-01-08 15:30:00,8808.751
2019-01-08 16:00:00,8916.536
2019-01-08 16:30:00,8945.628
2019-01-08 17:00:00,9026.434
2019-01-08 17:30:00,8934.812
2019-01-08 18:00:00,8847.031
2019-01-08 18:30:00,8724.619
2019-01-08 19:00:00,8660.232
2019-01-08 19:30:00,8634.731
2019-01-08 20:00:00,8614.805
2019-01-08 20:30:00,8512.594
2019-01-08 21:00:00,8378.9795
2019-01-08 21:30:00,8358.665
2019-01-08 22:00:00,8204.301
2019-01-08 22:30:00,8204.301
2019-01-08 23:00:00,7971.7876
2019-01-08 23:30:00,7759.0625
2019-01-09 00:00:00,7878.8574
2019-01-09 00:30:00,7661.3687
2019-01-09 01:00:00,7403.913
2019-01-09 01:30:00,7261.363
2019-01-09 02:00:00,6964.5513
2019-01-09 02:30:00,6800.786
2019-01-09 03:00:00,6847.9863
2019-01-09 03:30:00,6784.9243
2019-01-09 04:00:00,6881.0312
2019-01-09 04:30:00,7012.8804
2019-01-09 05:00:00,7229.724
2019-01-09 05:30:00,7539.4873
2019-01-09 06:00:00,7858.042
2019-01-09 06:30:00,8257.2
2019-01-09 07:00:00,8597.886
2019-01-09 07:30:00,8806.935
2019-01-09 08:00:00,9187.664
2019-01-09 08:30:00,9307.981
2019-01-09 09:00:00,9369.82
2019-01-09 09:30:00,9503.049
2019-01-09 10:00:00,9619.39
2019-01-09 10:30:00,9668.833
2019-01-09 11:00:00,9816.528
2019-01-09 11:30:00,9833.564
2019-01-09 12:00:00,9974.532
2019-01-09 12:30:00,10108.326
2019-01-09 13:00:00,10246.278
2019-01-09 13:30:00,10325.347
2019-01-09 14:00:00,10500.175
2019-01-09 14:30:00,10597.82
2019-01-09 15:00:00,10820.047
2019-01-09 15:30:00,10948.471
2019-01-09 16:00:00,10926.373
2019-01-09 16:30:00,10957.441
2019-01-09 17:00:00,10953.918
2019-01-09 17:30:00,10825.494
2019-01-09 18:00:00,10406.373
2019-01-09 18:30:00,10221.743
2019-01-09 19:00:00,9909.607
2019-01-09 19:30:00,9958.172
2019-01-09 20:00:00,9978.065
2019-01-09 20:30:00,9713.937
2019-01-09 21:00:00,9319.2295
2019-01-09 21:30:00,9136.041
2019-01-09 22:00:00,8812.517
2019-01-09 22:30:00,8647.292
2019-01-09 23:00:00,8402.304
2019-01-09 23:30:00,8165.172
2019-01-10 00:00:00,7649.628
2019-01-10 00:30:00,7361.9355
2019-01-10 01:00:00,7112.5967
2019-01-10 01:30:00,6852.8984
2019-01-10 02:00:00,6647.582
2019-01-10 02:30:00,6580.849
2019-01-10 03:00:00,6507.02
2019-01-10 03:30:00,6480.5796
2019-01-10 04:00:00,6523.109
2019-01-10 04:30:00,6747.2627
2019-01-10 05:00:00,6878.8105
2019-01-10 05:30:00,7135.8833
2019-01-10 06:00:00,7499.955
2019-01-10 06:30:00,7876.51
2019-01-10 07:00:00,8222.73
2019-01-10 07:30:00,8536.068
2019-01-10 08:00:00,8758.596
2019-01-10 08:30:00,8898.251
2019-01-10 09:00:00,9222.921
2019-01-10 09:30:00,9355.676
2019-01-10 10:00:00,9439.792
2019-01-10 10:30:00,9685.059
2019-01-10 11:00:00,9746.077
2019-01-10 11:30:00,9812.442
2019-01-10 12:00:00,9961.697
2019-01-10 12:30:00,9996.492
2019-01-10 13:00:00,10182.387
2019-01-10 13:30:00,10180.294
2019-01-10 14:00:00,10268.787
2019-01-10 14:30:00,10269.912
2019-01-10 15:00:00,10231.767
2019-01-10 15:30:00,10206.7705
2019-01-10 16:00:00,10205.674
2019-01-10 16:30:00,10092.172
2019-01-10 17:00:00,9965.711
2019-01-10 17:30:00,9760.261
2019-01-10 18:00:00,9583.59
2019-01-10 18:30:00,9453.774
2019-01-10 19:00:00,9306.031
2019-01-10 19:30:00,9217.606
2019-01-10 20:00:00,9158.568
2019-01-10 20:30:00,9049.365
2019-01-10 21:00:00,8672.555
2019-01-10 21:30:00,8471.389
2019-01-10 22:00:00,8174.5986
2019-01-10 22:30:00,8056.0713
2019-01-10 23:00:00,7828.889
2019-01-10 23:30:00,7619.245
2019-01-11 00:00:00,7689.172
2019-01-11 00:30:00,7432.371
2019-01-11 01:00:00,7227.527
2019-01-11 01:30:00,6949.328
2019-01-11 02:00:00,6632.7705
2019-01-11 02:30:00,6507.346
2019-01-11 03:00:00,6495.9277
2019-01-11 03:30:00,6470.147
2019-01-11 04:00:00,6489.513
2019-01-11 04:30:00,6702.0156
2019-01-11 05:00:00,6873.4956
2019-01-11 05:30:00,7162.0845
2019-01-11 06:00:00,7532.6733
2019-01-11 06:30:00,7871.484
2019-01-11 07:00:00,8154.4854
2019-01-11 07:30:00,8452.811
2019-01-11 08:00:00,8592.05
2019-01-11 08:30:00,8674.714
2019-01-11 09:00:00,8798.952
2019-01-11 09:30:00,8872.354
2019-01-11 10:00:00,8833.16
2019-01-11 10:30:00,8773.154
2019-01-11 11:00:00,8733.059
2019-01-11 11:30:00,8768.816
2019-01-11 12:00:00,8699.296
2019-01-11 12:30:00,8705.722
2019-01-11 13:00:00,8742.586
2019-01-11 13:30:00,8823.706
2019-01-11 14:00:00,8937.136
2019-01-11 14:30:00,8926.68
2019-01-11 15:00:00,9067.35
2019-01-11 15:30:00,9100.956
2019-01-11 16:00:00,9317.178
2019-01-11 16:30:00,9366.809
2019-01-11 17:00:00,9278.018
2019-01-11 17:30:00,9292.336
2019-01-11 18:00:00,8949.92
2019-01-11 18:30:00,8823.257
2019-01-11 19:00:00,8660.886
2019-01-11 19:30:00,8639.869
2019-01-11 20:00:00,8752.809
2019-01-11 20:30:00,8526.013
2019-01-11 21:00:00,8240.143
2019-01-11 21:30:00,8195.24
2019-01-11 22:00:00,8024.911
2019-01-11 22:30:00,7981.7773
2019-01-11 23:00:00,7771.0205
2019-01-11 23:30:00,7626.952
2019-01-12 00:00:00,7289.1245
2019-01-12 00:30:00,7153.485
2019-01-12 01:00:00,6903.17
2019-01-12 01:30:00,6726.1465
2019-01-12 02:00:00,6393.104
2019-01-12 02:30:00,6284.616
2019-01-12 03:00:00,6195.3154
2019-01-12 03:30:00,6190.6987
2019-01-12 04:00:00,6165.5264
2019-01-12 04:30:00,6336.4624
2019-01-12 05:00:00,6224.627
2019-01-12 05:30:00,6516.9688
2019-01-12 06:00:00,6622.226
2019-01-12 06:30:00,6713.419
2019-01-12 07:00:00,7180.573
2019-01-12 07:30:00,7227.982
2019-01-12 08:00:00,7787.713
2019-01-12 08:30:00,7910.0493
2019-01-12 09:00:00,8076.762
2019-01-12 09:30:00,8110.779
2019-01-12 10:00:00,8144.6113
2019-01-12 10:30:00,8039.786
2019-01-12 11:00:00,7989.248
2019-01-12 11:30:00,8047.0767
2019-01-12 12:00:00,8022.683
2019-01-12 12:30:00,8149.3735
2019-01-12 13:00:00,8339.368
2019-01-12 13:30:00,8922.789
2019-01-12 14:00:00,8966.742
2019-01-12 14:30:00,8802.531
2019-01-12 15:00:00,8785.024
2019-01-12 15:30:00,8757.51
2019-01-12 16:00:00,8723.572
2019-01-12 16:30:00,8723.572
2019-01-12 17:00:00,8812.529
2019-01-12 17:30:00,8746.771
2019-01-12 18:00:00,8778.143
2019-01-12 18:30:00,8607.147
2019-01-12 19:00:00,8507.922
2019-01-12 19:30:00,8427.325
2019-01-12 20:00:00,8239.398
2019-01-12 20:30:00,8149.563
2019-01-12 21:00:00,7916.1626
2019-01-12 21:30:00,7828.7026
2019-01-12 22:00:00,7621.023
2019-01-12 22:30:00,7568.92
2019-01-12 23:00:00,7360.9385
2019-01-12 23:30:00,7309.8853
2019-01-13 00:00:00,7365.2344
2019-01-13 00:30:00,7137.259
2019-01-13 01:00:00,7028.0728
2019-01-13 01:30:00,6659.9263
2019-01-13 02:00:00,6511.2134
2019-01-13 02:30:00,6281.564
2019-01-13 03:00:00,6228.4556
2019-01-13 03:30:00,6261.3755
2019-01-13 04:00:00,6277.132
2019-01-13 04:30:00,6277.132
2019-01-13 05:00:00,6305.6797
2019-01-13 05:30:00,6382.831
2019-01-13 06:00:00,6483.721
2019-01-13 06:30:00,6825.8213
2019-01-13 07:00:00,6993.0156
2019-01-13 07:30:00,7154.062
2019-01-13 08:00:00,7510.9556
2019-01-13 08:30:00,7853.671
2019-01-13 09:00:00,8158.419
2019-01-13 09:30:00,8234.866
2019-01-13 10:00:00,8421.711
2019-01-13 10:30:00,8623.714
2019-01-13 11:00:00,8739.274
2019-01-13 11:30:00,8802.974
2019-01-13 12:00:00,9176.458
2019-01-13 12:30:00,9075.234
2019-01-13 13:00:00,9260.667
2019-01-13 13:30:00,9421.928
2019-01-13 14:00:00,9943.356
2019-01-13 14:30:00,9948.136
2019-01-13 15:00:00,9889.105
2019-01-13 15:30:00,10125.664
2019-01-13 16:00:00,10121.39
2019-01-13 16:30:00,10262.925
2019-01-13 17:00:00,10488.378
2019-01-13 17:30:00,10368.119
2019-01-13 18:00:00,10459.856
2019-01-13 18:30:00,10333.59
2019-01-13 19:00:00,9955.081
2019-01-13 19:30:00,9778.526
2019-01-13 20:00:00,9649.034
2019-01-13 20:30:00,9649.356
2019-01-13 21:00:00,9216.575
2019-01-13 21:30:00,9159.74
2019-01-13 22:00:00,8817.325
2019-01-13 22:30:00,8550.87
2019-01-13 23:00:00,8266.093
2019-01-13 23:30:00,7944.882
2019-01-14 00:00:00,7658.166
2019-01-14 00:30:00,7363.9043
2019-01-14 01:00:00,7319.4478
2019-01-14 01:30:00,6967.6704
2019-01-14 02:00:00,6782.1475
2019-01-14 02:30:00,6460.0815
2019-01-14 03:00:00,6348.34
2019-01-14 03:30:00,6291.551
2019-01-14 04:00:00,6604.9995
2019-01-14 04:30:00,6615.7925
2019-01-14 05:00:00,7187.434
2019-01-14 05:30:00,7187.434
2019-01-14 06:00:00,7807.6313
2019-01-14 06:30:00,8020.0527
2019-01-14 07:00:00,8446.12
2019-01-14 07:30:00,8628.63
2019-01-14 08:00:00,8574.504
2019-01-14 08:30:00,8827.25
2019-01-14 09:00:00,8932.12
2019-01-14 09:30:00,9093.606
2019-01-14 10:00:00,9004.316
2019-01-14 10:30:00,9068.9795
2019-01-14 11:00:00,9083.522
2019-01-14 11:30:00,9159.358
2019-01-14 12:00:00,9362.271
2019-01-14 12:30:00,9415.258
2019-01-14 13:00:00,9510.618
2019-01-14 13:30:00,9679.44
2019-01-14 14:00:00,9785.082
2019-01-14 14:30:00,10040.03
2019-01-14 15:00:00,10160.416
2019-01-14 15:30:00,10155.982
2019-01-14 16:00:00,10040.875
2019-01-14 16:30:00,10115.791
2019-01-14 17:00:00,10162.652
2019-01-14 17:30:00,10049.837
2019-01-14 18:00:00,9855.541
2019-01-14 18:30:00,9748.184
2019-01-14 19:00:00,9453.722
2019-01-14 19:30:00,9416.481
2019-01-14 20:00:00,9414.427
2019-01-14 20:30:00,9341.16
2019-01-14 21:00:00,9014.714
2019-01-14 21:30:00,8738.938
2019-01-14 22:00:00,8500.992
2019-01-14 22:30:00,8374.371
2019-01-14 23:00:00,8222.84
2019-01-14 23:30:00,7993.198
2019-01-15 00:00:00,7828.722
2019-01-15 00:30:00,7683.3096
2019-01-15 01:00:00,7502.6807
2019-01-15 01:30:00,7293.899
2019-01-15 02:00:00,7017.133
2019-01-15 02:30:00,6975.9746
2019-01-15 03:00:00,6867.012
2019-01-15 03:30:00,6931.7856
2019-01-15 04:00:00,6898.315
2019-01-15 04:30:00,7182.3394
2019-01-15 05:00:00,7366.8145
2019-01-15 05:30:00,7788.284
2019-01-15 06:00:00,8116.5166
2019-01-15 06:30:00,8476.518
2019-01-15 07:00:00,8967.33
2019-01-15 07:30:00,9219.0
2019-01-15 08:00:00,9474.486
2019-01-15 08:30:00,9700.088
2019-01-15 09:00:00,9778.584
2019-01-15 09:30:00,9881.001
2019-01-15 10:00:00,10022.801
2019-01-15 10:30:00,10053.453
2019-01-15 11:00:00,10200.917
2019-01-15 11:30:00,10249.168
2019-01-15 12:00:00,10336.623
2019-01-15 12:30:00,10456.2295
2019-01-15 13:00:00,10599.559
2019-01-15 13:30:00,10796.336
2019-01-15 14:00:00,10987.687
2019-01-15 14:30:00,11126.4795
2019-01-15 15:00:00,11363.888
2019-01-15 15:30:00,11509.248
2019-01-15 16:00:00,11480.45
2019-01-15 16:30:00,11355.698
2019-01-15 17:00:00,11293.268
2019-01-15 17:30:00,11236.936
2019-01-15 18:00:00,11102.317
2019-01-15 18:30:00,11032.811
2019-01-15 19:00:00,10860.281
2019-01-15 19:30:00,10680.739
2019-01-15 20:00:00,10393.488
2019-01-15 20:30:00,10315.776
2019-01-15 21:00:00,9693.709
2019-01-15 21:30:00,9687.252
2019-01-15 22:00:00,9464.957
2019-01-15 22:30:00,9257.94
2019-01-15 23:00:00,9129.6455
2019-01-15 23:30:00,8843.572
2019-01-16 00:00:00,8624.384
2019-01-16 00:30:00,8376.624
2019-01-16 01:00:00,8041.3813
2019-01-16 01:30:00,7673.479
2019-01-16 02:00:00,7494.4487
2019-01-16 02:30:00,7439.154
2019-01-16 03:00:00,7365.372
2019-01-16 03:30:00,7344.1523
2019-01-16 04:00:00,7243.148
2019-01-16 04:30:00,7635.335
2019-01-16 05:00:00,7546.9497
2019-01-16 05:30:00,8165.327
2019-01-16 06:00:00,8531.84
2019-01-16 06:30:00,8915.276
2019-01-16 07:00:00,9480.074
2019-01-16 07:30:00,9817.584
2019-01-16 08:00:00,10144.892
2019-01-16 08:30:00,10421.991
2019-01-16 09:00:00,10608.31
2019-01-16 09:30:00,10841.755
2019-01-16 10:00:00,10906.031
2019-01-16 10:30:00,11119.139
2019-01-16 11:00:00,11477.497
2019-01-16 11:30:00,11713.279
2019-01-16 12:00:00,11972.455
2019-01-16 12:30:00,12267.408
2019-01-16 13:00:00,12388.472
2019-01-16 13:30:00,12371.285
2019-01-16 14:00:00,12370.367
2019-01-16 14:30:00,12370.367
2019-01-16 15:00:00,12928.015
2019-01-16 15:30:00,12928.015
2019-01-16 16:00:00,12858.42
2019-01-16 16:30:00,12858.42
2019-01-16 17:00:00,12334.291
2019-01-16 17:30:00,12347.424
2019-01-16 18:00:00,12240.168
2019-01-16 18:30:00,12209.682
2019-01-16 19:00:00,11118.714
2019-01-16 19:30:00,11146.28
2019-01-16 20:00:00,11834.914
2019-01-16 20:30:00,11832.67
2019-01-16 21:00:00,10843.992
2019-01-16 21:30:00,10486.259
2019-01-16 22:00:00,10319.363
2019-01-16 22:30:00,10036.847
2019-01-16 23:00:00,9706.243
2019-01-16 23:30:00,9394.59
2019-01-17 00:00:00,8662.981
2019-01-17 00:30:00,8447.007
2019-01-17 01:00:00,8139.57
2019-01-17 01:30:00,7771.135
2019-01-17 02:00:00,7284.947
2019-01-17 02:30:00,7148.256
2019-01-17 03:00:00,7225.8438
2019-01-17 03:30:00,7209.7197
2019-01-17 04:00:00,7489.4053
2019-01-17 04:30:00,7654.4985
2019-01-17 05:00:00,7632.636
2019-01-17 05:30:00,7974.9385
2019-01-17 06:00:00,8389.417
2019-01-17 06:30:00,8721.872
2019-01-17 07:00:00,9241.062
2019-01-17 07:30:00,9655.229
2019-01-17 08:00:00,9969.151
2019-01-17 08:30:00,10360.487
2019-01-17 09:00:00,10620.246
2019-01-17 09:30:00,10797.668
2019-01-17 10:00:00,10977.655
2019-01-17 10:30:00,11268.842
2019-01-17 11:00:00,11378.084
2019-01-17 11:30:00,11503.668
2019-01-17 12:00:00,11578.418
2019-01-17 12:30:00,11587.045
2019-01-17 13:00:00,12838.499
2019-01-17 13:30:00,12902.166
2019-01-17 14:00:00,12822.869
2019-01-17 14:30:00,12822.869
2019-01-17 15:00:00,12957.515
2019-01-17 15:30:00,12924.585
2019-01-17 16:00:00,12785.17
2019-01-17 16:30:00,12432.279
2019-01-17 17:00:00,12677.727
2019-01-17 17:30:00,12549.387
2019-01-17 18:00:00,11649.937
2019-01-17 18:30:00,11604.757
2019-01-17 19:00:00,10756.18
2019-01-17 19:30:00,10132.923
2019-01-17 20:00:00,10718.279
2019-01-17 20:30:00,10535.499
2019-01-17 21:00:00,10154.713
2019-01-17 21:30:00,10009.963
2019-01-17 22:00:00,9662.148
2019-01-17 22:30:00,9436.015
2019-01-17 23:00:00,9139.375
2019-01-17 23:30:00,8789.55
2019-01-18 00:00:00,8654.993
2019-01-18 00:30:00,8362.744
2019-01-18 01:00:00,8087.8726
2019-01-18 01:30:00,7796.3057
2019-01-18 02:00:00,7565.703
2019-01-18 02:30:00,7523.135
2019-01-18 03:00:00,7144.2256
2019-01-18 03:30:00,7144.2256
2019-01-18 04:00:00,7551.4043
2019-01-18 04:30:00,7788.84
2019-01-18 05:00:00,7886.9478
2019-01-18 05:30:00,8000.2104
2019-01-18 06:00:00,8649.383
2019-01-18 06:30:00,8747.544
2019-01-18 07:00:00,9372.438
2019-01-18 07:30:00,9667.529
2019-01-18 08:00:00,9994.996
2019-01-18 08:30:00,10318.903
2019-01-18 09:00:00,10569.902
2019-01-18 09:30:00,10851.353
2019-01-18 10:00:00,11148.646
2019-01-18 10:30:00,11413.778
2019-01-18 11:00:00,12110.408
2019-01-18 11:30:00,12198.91
2019-01-18 12:00:00,12327.849
2019-01-18 12:30:00,12308.727
2019-01-18 13:00:00,12325.665
2019-01-18 13:30:00,13601.509
2019-01-18 14:00:00,13375.444
2019-01-18 14:30:00,13375.409
2019-01-18 15:00:00,13379.408
2019-01-18 15:30:00,13306.387
2019-01-18 16:00:00,13242.96
2019-01-18 16:30:00,13131.225
2019-01-18 17:00:00,12852.154
2019-01-18 17:30:00,12748.575
2019-01-18 18:00:00,12223.401
2019-01-18 18:30:00,12140.52
2019-01-18 19:00:00,11643.035
2019-01-18 19:30:00,10452.022
2019-01-18 20:00:00,10193.814
2019-01-18 20:30:00,10538.26
2019-01-18 21:00:00,10293.429
2019-01-18 21:30:00,10032.589
2019-01-18 22:00:00,9860.085
2019-01-18 22:30:00,9500.283
2019-01-18 23:00:00,9319.955
2019-01-18 23:30:00,8993.325
2019-01-19 00:00:00,8849.334
2019-01-19 00:30:00,8431.467
2019-01-19 01:00:00,7992.9414
2019-01-19 01:30:00,7616.6655
2019-01-19 02:00:00,7385.3784
2019-01-19 02:30:00,7265.6206
2019-01-19 03:00:00,6917.816
2019-01-19 03:30:00,6872.816
2019-01-19 04:00:00,6715.368
2019-01-19 04:30:00,6963.8267
2019-01-19 05:00:00,7090.8267
2019-01-19 05:30:00,7430.7344
2019-01-19 06:00:00,7410.8066
2019-01-19 06:30:00,7769.358
2019-01-19 07:00:00,7871.1816
2019-01-19 07:30:00,7896.755
2019-01-19 08:00:00,8668.28
2019-01-19 08:30:00,8891.011
2019-01-19 09:00:00,9242.034
2019-01-19 09:30:00,9400.257
2019-01-19 10:00:00,9582.373
2019-01-19 10:30:00,9539.622
2019-01-19 11:00:00,9705.46
2019-01-19 11:30:00,9599.971
2019-01-19 12:00:00,9845.371
2019-01-19 12:30:00,10103.663
2019-01-19 13:00:00,10134.716
2019-01-19 13:30:00,11415.359
2019-01-19 14:00:00,11186.786
2019-01-19 14:30:00,11175.69
2019-01-19 15:00:00,11116.346
2019-01-19 15:30:00,11170.563
2019-01-19 16:00:00,11009.38
2019-01-19 16:30:00,11048.301
2019-01-19 17:00:00,11063.895
2019-01-19 17:30:00,10975.239
2019-01-19 18:00:00,10592.931
2019-01-19 18:30:00,10434.458
2019-01-19 19:00:00,10504.346
2019-01-19 19:30:00,9379.787
2019-01-19 20:00:00,9243.866
2019-01-19 20:30:00,9250.886
2019-01-19 21:00:00,8589.337
2019-01-19 21:30:00,8377.238
2019-01-19 22:00:00,8692.831
2019-01-19 22:30:00,8567.991
2019-01-19 23:00:00,8450.754
2019-01-19 23:30:00,8193.24
2019-01-20 00:00:00,7894.2236
2019-01-20 00:30:00,7678.1743
2019-01-20 01:00:00,7489.4526
2019-01-20 01:30:00,7203.2686
2019-01-20 02:00:00,6931.812
2019-01-20 02:30:00,6754.8027
2019-01-20 03:00:00,6840.8545
2019-01-20 03:30:00,6817.5303
2019-01-20 04:00:00,6742.8037
2019-01-20 04:30:00,6759.75
2019-01-20 05:00:00,6841.6797
2019-01-20 05:30:00,6874.4395
2019-01-20 06:00:00,7100.739
2019-01-20 06:30:00,7293.154
2019-01-20 07:00:00,7458.047
2019-01-20 07:30:00,7643.5605
2019-01-20 08:00:00,7764.1836
2019-01-20 08:30:00,7881.1177
2019-01-20 09:00:00,8038.563
2019-01-20 09:30:00,8385.387
2019-01-20 10:00:00,8754.04
2019-01-20 10:30:00,8833.993
2019-01-20 11:00:00,8824.248
2019-01-20 11:30:00,8686.351
2019-01-20 12:00:00,8589.311
2019-01-20 12:30:00,8684.044
2019-01-20 13:00:00,8586.698
2019-01-20 13:30:00,8506.062
2019-01-20 14:00:00,8352.497
2019-01-20 14:30:00,8417.715
2019-01-20 15:00:00,8528.566
2019-01-20 15:30:00,8546.778
2019-01-20 16:00:00,8600.755
2019-01-20 16:30:00,8598.404
2019-01-20 17:00:00,8700.746
2019-01-20 17:30:00,8596.319
2019-01-20 18:00:00,8647.387
2019-01-20 18:30:00,8566.84
2019-01-20 19:00:00,8523.876
2019-01-20 19:30:00,8443.941
2019-01-20 20:00:00,8430.865
2019-01-20 20:30:00,8326.0205
2019-01-20 21:00:00,8127.4746
2019-01-20 21:30:00,7988.0967
2019-01-20 22:00:00,7767.461
2019-01-20 22:30:00,7664.8066
2019-01-20 23:00:00,7428.966
2019-01-20 23:30:00,7312.467
2019-01-21 00:00:00,7248.249
2019-01-21 00:30:00,7132.379
2019-01-21 01:00:00,7193.3877
2019-01-21 01:30:00,6759.0576
2019-01-21 02:00:00,6513.518
2019-01-21 02:30:00,6350.0835
2019-01-21 03:00:00,6495.806
2019-01-21 03:30:00,6360.5063
2019-01-21 04:00:00,6627.1787
2019-01-21 04:30:00,6563.422
2019-01-21 05:00:00,7101.834
2019-01-21 05:30:00,7227.504
2019-01-21 06:00:00,7856.8076
2019-01-21 06:30:00,7967.0205
2019-01-21 07:00:00,8619.025
2019-01-21 07:30:00,9012.988
2019-01-21 08:00:00,8830.285
2019-01-21 08:30:00,9140.912
2019-01-21 09:00:00,8990.109
2019-01-21 09:30:00,9085.149
2019-01-21 10:00:00,8951.156
2019-01-21 10:30:00,9023.518
2019-01-21 11:00:00,9005.074
2019-01-21 11:30:00,9121.391
2019-01-21 12:00:00,9247.9795
2019-01-21 12:30:00,9219.254
2019-01-21 13:00:00,9401.625
2019-01-21 13:30:00,9474.983
2019-01-21 14:00:00,9532.063
2019-01-21 14:30:00,9858.629
2019-01-21 15:00:00,10038.349
2019-01-21 15:30:00,10222.004
2019-01-21 16:00:00,10363.566
2019-01-21 16:30:00,10388.471
2019-01-21 17:00:00,10376.706
2019-01-21 17:30:00,10322.095
2019-01-21 18:00:00,10150.917
2019-01-21 18:30:00,10064.87
2019-01-21 19:00:00,9819.355
2019-01-21 19:30:00,9796.936
2019-01-21 20:00:00,9764.954
2019-01-21 20:30:00,9412.882
2019-01-21 21:00:00,9237.283
2019-01-21 21:30:00,9030.147
2019-01-21 22:00:00,8950.046
2019-01-21 22:30:00,8699.454
2019-01-21 23:00:00,8340.593
2019-01-21 23:30:00,8195.092
2019-01-22 00:00:00,7980.762
2019-01-22 00:30:00,7811.0713
2019-01-22 01:00:00,7735.3228
2019-01-22 01:30:00,7438.826
2019-01-22 02:00:00,6984.2017
2019-01-22 02:30:00,6842.959
2019-01-22 03:00:00,6786.146
2019-01-22 03:30:00,6891.1943
2019-01-22 04:00:00,6927.807
2019-01-22 04:30:00,7079.281
2019-01-22 05:00:00,7362.2656
2019-01-22 05:30:00,7829.2246
2019-01-22 06:00:00,8250.175
2019-01-22 06:30:00,8565.359
2019-01-22 07:00:00,8879.214
2019-01-22 07:30:00,9182.864
2019-01-22 08:00:00,9422.281
2019-01-22 08:30:00,9604.418
2019-01-22 09:00:00,9747.94
2019-01-22 09:30:00,9734.894
2019-01-22 10:00:00,9701.561
2019-01-22 10:30:00,9776.773
2019-01-22 11:00:00,9790.785
2019-01-22 11:30:00,9853.087
2019-01-22 12:00:00,9910.511
2019-01-22 12:30:00,9957.864
2019-01-22 13:00:00,9953.837
2019-01-22 13:30:00,10148.393
2019-01-22 14:00:00,10151.394
2019-01-22 14:30:00,10164.28
2019-01-22 15:00:00,10296.403
2019-01-22 15:30:00,10326.249
2019-01-22 16:00:00,10488.144
2019-01-22 16:30:00,10293.879
2019-01-22 17:00:00,10252.903
2019-01-22 17:30:00,10374.505
2019-01-22 18:00:00,10112.073
2019-01-22 18:30:00,10252.785
2019-01-22 19:00:00,10136.643
2019-01-22 19:30:00,10043.724
2019-01-22 20:00:00,10048.58
2019-01-22 20:30:00,9933.654
2019-01-22 21:00:00,9516.359
2019-01-22 21:30:00,9451.604
2019-01-22 22:00:00,9070.992
2019-01-22 22:30:00,8935.298
2019-01-22 23:00:00,8722.466
2019-01-22 23:30:00,8400.751
2019-01-23 00:00:00,8116.269
2019-01-23 00:30:00,7973.5474
2019-01-23 01:00:00,7680.4644
2019-01-23 01:30:00,7349.1016
2019-01-23 02:00:00,7262.4014
2019-01-23 02:30:00,7053.548
2019-01-23 03:00:00,7056.6187
2019-01-23 03:30:00,7047.632
2019-01-23 04:00:00,7020.4023
2019-01-23 04:30:00,7199.125
2019-01-23 05:00:00,7385.7812
2019-01-23 05:30:00,7788.598
2019-01-23 06:00:00,8057.2905
2019-01-23 06:30:00,8444.927
2019-01-23 07:00:00,8817.98
2019-01-23 07:30:00,9123.898
2019-01-23 08:00:00,9305.271
2019-01-23 08:30:00,9661.501
2019-01-23 09:00:00,9708.286
2019-01-23 09:30:00,9864.377
2019-01-23 10:00:00,9939.578
2019-01-23 10:30:00,9934.596
2019-01-23 11:00:00,10048.12
2019-01-23 11:30:00,10186.022
2019-01-23 12:00:00,10451.315
2019-01-23 12:30:00,10697.04
2019-01-23 13:00:00,11026.219
2019-01-23 13:30:00,11100.972
2019-01-23 14:00:00,11224.932
2019-01-23 14:30:00,11369.628
2019-01-23 15:00:00,11210.9
2019-01-23 15:30:00,11255.646
2019-01-23 16:00:00,10891.92
2019-01-23 16:30:00,10846.748
2019-01-23 17:00:00,10646.673
2019-01-23 17:30:00,10520.368
2019-01-23 18:00:00,9967.637
2019-01-23 18:30:00,10500.782
2019-01-23 19:00:00,9874.805
2019-01-23 19:30:00,10294.567
2019-01-23 20:00:00,10171.541
2019-01-23 20:30:00,9838.045
2019-01-23 21:00:00,9538.731
2019-01-23 21:30:00,9288.237
2019-01-23 22:00:00,9361.221
2019-01-23 22:30:00,9137.003
2019-01-23 23:00:00,8857.864
2019-01-23 23:30:00,8505.608
2019-01-24 00:00:00,8444.606
2019-01-24 00:30:00,8220.301
2019-01-24 01:00:00,7884.8345
2019-01-24 01:30:00,7518.48
2019-01-24 02:00:00,7301.974
2019-01-24 02:30:00,7131.573
2019-01-24 03:00:00,6998.701
2019-01-24 03:30:00,7025.212
2019-01-24 04:00:00,7051.011
2019-01-24 04:30:00,7188.4004
2019-01-24 05:00:00,7506.952
2019-01-24 05:30:00,7924.1045
2019-01-24 06:00:00,8367.665
2019-01-24 06:30:00,8685.078
2019-01-24 07:00:00,9192.275
2019-01-24 07:30:00,9468.021
2019-01-24 08:00:00,9563.912
2019-01-24 08:30:00,9803.08
2019-01-24 09:00:00,9912.967
2019-01-24 09:30:00,9976.838
2019-01-24 10:00:00,10146.038
2019-01-24 10:30:00,10357.091
2019-01-24 11:00:00,10641.129
2019-01-24 11:30:00,10703.094
2019-01-24 12:00:00,10891.338
2019-01-24 12:30:00,10914.557
2019-01-24 13:00:00,11030.426
2019-01-24 13:30:00,11030.426
2019-01-24 14:00:00,11031.079
2019-01-24 14:30:00,10939.2
2019-01-24 15:00:00,10800.914
2019-01-24 15:30:00,10687.821
2019-01-24 16:00:00,10615.907
2019-01-24 16:30:00,10447.874
2019-01-24 17:00:00,10381.466
2019-01-24 17:30:00,10174.084
2019-01-24 18:00:00,10087.846
2019-01-24 18:30:00,9867.097
2019-01-24 19:00:00,9789.861
2019-01-24 19:30:00,9757.016
2019-01-24 20:00:00,9609.478
2019-01-24 20:30:00,9497.812
2019-01-24 21:00:00,9137.856
2019-01-24 21:30:00,8940.369
2019-01-24 22:00:00,8622.036
2019-01-24 22:30:00,8598.615
2019-01-24 23:00:00,8422.656
2019-01-24 23:30:00,8173.873
2019-01-25 00:00:00,7928.73
2019-01-25 00:30:00,7687.836
2019-01-25 01:00:00,7416.8433
2019-01-25 01:30:00,7140.028
2019-01-25 02:00:00,6931.042
2019-01-25 02:30:00,6820.234
2019-01-25 03:00:00,6711.548
2019-01-25 03:30:00,6728.993
2019-01-25 04:00:00,6802.4
2019-01-25 04:30:00,6972.0776
2019-01-25 05:00:00,7253.8643
2019-01-25 05:30:00,7566.79
2019-01-25 06:00:00,8014.715
2019-01-25 06:30:00,8453.938
2019-01-25 07:00:00,8724.771
2019-01-25 07:30:00,8932.07
2019-01-25 08:00:00,9117.901
2019-01-25 08:30:00,9262.369
2019-01-25 09:00:00,9377.835
2019-01-25 09:30:00,9398.432
2019-01-25 10:00:00,9517.58
2019-01-25 10:30:00,9506.14
2019-01-25 11:00:00,9493.7705
2019-01-25 11:30:00,9509.179
2019-01-25 12:00:00,9566.776
2019-01-25 12:30:00,9718.755
2019-01-25 13:00:00,9747.808
2019-01-25 13:30:00,9948.202
2019-01-25 14:00:00,10268.974
2019-01-25 14:30:00,10348.152
2019-01-25 15:00:00,10555.693
2019-01-25 15:30:00,10602.123
2019-01-25 16:00:00,10741.558
2019-01-25 16:30:00,10729.429
2019-01-25 17:00:00,10655.307
2019-01-25 17:30:00,10521.725
2019-01-25 18:00:00,10298.919
2019-01-25 18:30:00,10156.442
2019-01-25 19:00:00,10188.761
2019-01-25 19:30:00,10169.915
2019-01-25 20:00:00,10163.056
2019-01-25 20:30:00,9983.211
2019-01-25 21:00:00,9544.234
2019-01-25 21:30:00,9402.847
2019-01-25 22:00:00,9301.672
2019-01-25 22:30:00,9104.496
2019-01-25 23:00:00,8708.059
2019-01-25 23:30:00,8430.85
2019-01-26 00:00:00,8139.386
2019-01-26 00:30:00,7871.823
2019-01-26 01:00:00,7406.935
2019-01-26 01:30:00,7378.1543
2019-01-26 02:00:00,7252.0635
2019-01-26 02:30:00,7139.8584
2019-01-26 03:00:00,6977.04
2019-01-26 03:30:00,7039.5913
2019-01-26 04:00:00,6903.4795
2019-01-26 04:30:00,7092.0835
2019-01-26 05:00:00,6810.1387
2019-01-26 05:30:00,7026.115
2019-01-26 06:00:00,7213.2627
2019-01-26 06:30:00,7499.3984
2019-01-26 07:00:00,7706.2017
2019-01-26 07:30:00,7904.8545
2019-01-26 08:00:00,8583.08
2019-01-26 08:30:00,8684.607
2019-01-26 09:00:00,9107.875
2019-01-26 09:30:00,9204.49
2019-01-26 10:00:00,9418.419
2019-01-26 10:30:00,9388.501
2019-01-26 11:00:00,9633.739
2019-01-26 11:30:00,9705.46
2019-01-26 12:00:00,9650.309
2019-01-26 12:30:00,9823.415
2019-01-26 13:00:00,10038.197
2019-01-26 13:30:00,10167.491
2019-01-26 14:00:00,10057.42
2019-01-26 14:30:00,11346.496
2019-01-26 15:00:00,11105.384
2019-01-26 15:30:00,11111.445
2019-01-26 16:00:00,10944.2
2019-01-26 16:30:00,10973.696
2019-01-26 17:00:00,10975.239
2019-01-26 17:30:00,10903.06
2019-01-26 18:00:00,10518.981
2019-01-26 18:30:00,10288.107
2019-01-26 19:00:00,10234.3125
2019-01-26 19:30:00,9279.879
2019-01-26 20:00:00,9156.959
2019-01-26 20:30:00,9292.865
2019-01-26 21:00:00,9160.035
2019-01-26 21:30:00,9060.851
2019-01-26 22:00:00,8608.407
2019-01-26 22:30:00,8763.072
2019-01-26 23:00:00,8644.08
2019-01-26 23:30:00,8380.553
2019-01-27 00:00:00,8463.014
2019-01-27 00:30:00,8205.529
2019-01-27 01:00:00,8046.0044
2019-01-27 01:30:00,7727.082
2019-01-27 02:00:00,7449.416
2019-01-27 02:30:00,7267.64
2019-01-27 03:00:00,7110.0273
2019-01-27 03:30:00,7097.651
2019-01-27 04:00:00,7166.9834
2019-01-27 04:30:00,7171.14
2019-01-27 05:00:00,7102.7563
2019-01-27 05:30:00,7233.769
2019-01-27 06:00:00,7237.574
2019-01-27 06:30:00,7549.1016
2019-01-27 07:00:00,7726.2417
2019-01-27 07:30:00,8104.9985
2019-01-27 08:00:00,8407.41
2019-01-27 08:30:00,8488.653
2019-01-27 09:00:00,9361.883
2019-01-27 09:30:00,9543.582
2019-01-27 10:00:00,10058.086
2019-01-27 10:30:00,10222.714
2019-01-27 11:00:00,10395.306
2019-01-27 11:30:00,10448.96
2019-01-27 12:00:00,10634.656
2019-01-27 12:30:00,10658.547
2019-01-27 13:00:00,10631.441
2019-01-27 13:30:00,10630.558
2019-01-27 14:00:00,10433.701
2019-01-27 14:30:00,10476.915
2019-01-27 15:00:00,10399.649
2019-01-27 15:30:00,10020.506
2019-01-27 16:00:00,9663.994
2019-01-27 16:30:00,9663.994
2019-01-27 17:00:00,9587.481
2019-01-27 17:30:00,9445.372
2019-01-27 18:00:00,10235.622
2019-01-27 18:30:00,10324.015
2019-01-27 19:00:00,9958.33
2019-01-27 19:30:00,10098.794
2019-01-27 20:00:00,10116.13
2019-01-27 20:30:00,9856.163
2019-01-27 21:00:00,9602.3955
2019-01-27 21:30:00,9470.093
2019-01-27 22:00:00,9217.471
2019-01-27 22:30:00,8934.889
2019-01-27 23:00:00,8453.202
2019-01-27 23:30:00,8351.363
2019-01-28 00:00:00,6829.4365
2019-01-28 00:30:00,7465.4766
2019-01-28 01:00:00,7088.486
2019-01-28 01:30:00,6898.424
2019-01-28 02:00:00,6344.9683
2019-01-28 02:30:00,6424.601
2019-01-28 03:00:00,6455.388
2019-01-28 03:30:00,6481.356
2019-01-28 04:00:00,7014.6523
2019-01-28 04:30:00,7020.299
2019-01-28 05:00:00,6494.1997
2019-01-28 05:30:00,6494.1997
2019-01-28 06:00:00,7281.006
2019-01-28 06:30:00,7212.5063
2019-01-28 07:00:00,7408.5747
2019-01-28 07:30:00,7749.6904
2019-01-28 08:00:00,7668.689
2019-01-28 08:30:00,8148.9146
2019-01-28 09:00:00,8485.71
2019-01-28 09:30:00,8080.465
2019-01-28 10:00:00,7828.6377
2019-01-28 10:30:00,7946.419
2019-01-28 11:00:00,9257.913
2019-01-28 11:30:00,10335.931
2019-01-28 12:00:00,10965.877
2019-01-28 12:30:00,10992.489
2019-01-28 13:00:00,10587.26
2019-01-28 13:30:00,10569.374
2019-01-28 14:00:00,10701.5205
2019-01-28 14:30:00,10701.5205
2019-01-28 15:00:00,11008.556
2019-01-28 15:30:00,10965.144
2019-01-28 16:00:00,10665.508
2019-01-28 16:30:00,10274.62
2019-01-28 17:00:00,10344.666
2019-01-28 17:30:00,9473.56
2019-01-28 18:00:00,9178.671
2019-01-28 18:30:00,8773.857
2019-01-28 19:00:00,8598.626
2019-01-28 19:30:00,8538.259
2019-01-28 20:00:00,8335.191
2019-01-28 20:30:00,8087.4775
2019-01-28 21:00:00,8140.439
2019-01-28 21:30:00,8038.138
2019-01-28 22:00:00,7734.324
2019-01-28 22:30:00,7744.668
2019-01-28 23:00:00,7449.097
2019-01-28 23:30:00,7645.0547
2019-01-29 00:00:00,8714.836
2019-01-29 00:30:00,8501.988
2019-01-29 01:00:00,8198.307
2019-01-29 01:30:00,7963.0645
2019-01-29 02:00:00,7679.581
2019-01-29 02:30:00,7600.379
2019-01-29 03:00:00,7366.21
2019-01-29 03:30:00,7366.21
2019-01-29 04:00:00,7242.5864
2019-01-29 04:30:00,7258.9653
2019-01-29 05:00:00,7320.432
2019-01-29 05:30:00,7316.104
2019-01-29 06:00:00,7789.038
2019-01-29 06:30:00,7995.4243
2019-01-29 07:00:00,8295.835
2019-01-29 07:30:00,8521.913
2019-01-29 08:00:00,8825.209
2019-01-29 08:30:00,8970.055
2019-01-29 09:00:00,9101.009
2019-01-29 09:30:00,9201.532
2019-01-29 10:00:00,9277.427
2019-01-29 10:30:00,9355.466
2019-01-29 11:00:00,9384.474
2019-01-29 11:30:00,9469.365
2019-01-29 12:00:00,9560.242
2019-01-29 12:30:00,9690.174
2019-01-29 13:00:00,9863.235
2019-01-29 13:30:00,9942.225
2019-01-29 14:00:00,10024.31
2019-01-29 14:30:00,10012.192
2019-01-29 15:00:00,10227.647
2019-01-29 15:30:00,10251.091
2019-01-29 16:00:00,10229.886
2019-01-29 16:30:00,10338.074
2019-01-29 17:00:00,10566.938
2019-01-29 17:30:00,10464.5205
2019-01-29 18:00:00,10191.403
2019-01-29 18:30:00,9999.484
2019-01-29 19:00:00,9862.27
2019-01-29 19:30:00,9862.27
2019-01-29 20:00:00,9870.486
2019-01-29 20:30:00,9757.112
2019-01-29 21:00:00,9540.342
2019-01-29 21:30:00,9358.595
2019-01-29 22:00:00,9180.904
2019-01-29 22:30:00,9163.941
2019-01-29 23:00:00,8817.178
2019-01-29 23:30:00,8629.509
2019-01-30 00:00:00,8186.001
2019-01-30 00:30:00,8025.6807
2019-01-30 01:00:00,7678.3267
2019-01-30 01:30:00,7420.1523
2019-01-30 02:00:00,7239.846
2019-01-30 02:30:00,7164.7524
2019-01-30 03:00:00,7258.1025
2019-01-30 03:30:00,7258.1025
2019-01-30 04:00:00,7071.965
2019-01-30 04:30:00,7355.6562
2019-01-30 05:00:00,7442.2256
2019-01-30 05:30:00,8017.347
2019-01-30 06:00:00,8411.536
2019-01-30 06:30:00,8862.238
2019-01-30 07:00:00,9349.922
2019-01-30 07:30:00,9682.578
2019-01-30 08:00:00,9742.011
2019-01-30 08:30:00,9660.625
2019-01-30 09:00:00,9846.975
2019-01-30 09:30:00,9895.249
2019-01-30 10:00:00,9953.721
2019-01-30 10:30:00,10062.216
2019-01-30 11:00:00,10197.458
2019-01-30 11:30:00,10417.828
2019-01-30 12:00:00,10424.239
2019-01-30 12:30:00,10555.093
2019-01-30 13:00:00,10736.473
2019-01-30 13:30:00,10970.005
2019-01-30 14:00:00,10927.924
2019-01-30 14:30:00,10980.799
2019-01-30 15:00:00,11010.521
2019-01-30 15:30:00,10743.488
2019-01-30 16:00:00,10739.499
2019-01-30 16:30:00,10739.499
2019-01-30 17:00:00,10455.455
2019-01-30 17:30:00,10310.695
2019-01-30 18:00:00,10052.348
2019-01-30 18:30:00,9907.515
2019-01-30 19:00:00,9834.135
2019-01-30 19:30:00,10124.536
2019-01-30 20:00:00,10031.965
2019-01-30 20:30:00,10043.48
2019-01-30 21:00:00,9547.48
2019-01-30 21:30:00,9465.799
2019-01-30 22:00:00,9452.677
2019-01-30 22:30:00,9356.989
2019-01-30 23:00:00,9031.973
2019-01-30 23:30:00,8743.517
2019-01-31 00:00:00,8605.883
2019-01-31 00:30:00,8430.016
2019-01-31 01:00:00,8171.0835
2019-01-31 01:30:00,7897.382
2019-01-31 02:00:00,7254.61
2019-01-31 02:30:00,7119.555
2019-01-31 03:00:00,7133.214
2019-01-31 03:30:00,7183.29
2019-01-31 04:00:00,7103.7236
2019-01-31 04:30:00,7416.1494
2019-01-31 05:00:00,7760.3276
2019-01-31 05:30:00,8193.855
2019-01-31 06:00:00,8778.297
2019-01-31 06:30:00,9117.2295
2019-01-31 07:00:00,9645.777
2019-01-31 07:30:00,9763.834
2019-01-31 08:00:00,9846.43
2019-01-31 08:30:00,9986.181
2019-01-31 09:00:00,10129.419
2019-01-31 09:30:00,10298.117
2019-01-31 10:00:00,10290.617
2019-01-31 10:30:00,10349.707
2019-01-31 11:00:00,10662.149
2019-01-31 11:30:00,10814.231
2019-01-31 12:00:00,10918.51
2019-01-31 12:30:00,11190.794
2019-01-31 13:00:00,11240.234
2019-01-31 13:30:00,11018.859
2019-01-31 14:00:00,11030.113
2019-01-31 14:30:00,11153.53
2019-01-31 15:00:00,11090.472
2019-01-31 15:30:00,11331.804
2019-01-31 16:00:00,11407.518
2019-01-31 16:30:00,11147.862
2019-01-31 17:00:00,11564.254
2019-01-31 17:30:00,11489.15
2019-01-31 18:00:00,10839.771
2019-01-31 18:30:00,11143.784
2019-01-31 19:00:00,10857.526
2019-01-31 19:30:00,10942.024
2019-01-31 20:00:00,10831.398
2019-01-31 20:30:00,10556.185
2019-01-31 21:00:00,10299.632
2019-01-31 21:30:00,9981.944
2019-01-31 22:00:00,9829.639
2019-01-31 22:30:00,9582.792
2019-01-31 23:00:00,9255.64
2019-01-31 23:30:00,8872.006
2019-02-01 00:00:00,8374.464
2019-02-01 00:30:00,8096.5903
2019-02-01 01:00:00,7891.888
2019-02-01 01:30:00,7557.841
2019-02-01 02:00:00,7431.643
2019-02-01 02:30:00,7337.1006
2019-02-01 03:00:00,7135.595
2019-02-01 03:30:00,7204.69
2019-02-01 04:00:00,7167.236
2019-02-01 04:30:00,7339.0444
2019-02-01 05:00:00,7625.2427
2019-02-01 05:30:00,7998.372
2019-02-01 06:00:00,8531.978
2019-02-01 06:30:00,8852.333
2019-02-01 07:00:00,9223.991
2019-02-01 07:30:00,9448.41
2019-02-01 08:00:00,9651.59
2019-02-01 08:30:00,9578.3545
2019-02-01 09:00:00,9776.273
2019-02-01 09:30:00,9956.614
2019-02-01 10:00:00,9955.274
2019-02-01 10:30:00,9504.496
2019-02-01 11:00:00,9779.543
2019-02-01 11:30:00,9877.928
2019-02-01 12:00:00,10009.995
2019-02-01 12:30:00,10322.498
2019-02-01 13:00:00,10549.436
2019-02-01 13:30:00,10843.021
2019-02-01 14:00:00,10787.648
2019-02-01 14:30:00,10787.648
2019-02-01 15:00:00,10771.856
2019-02-01 15:30:00,10771.856
2019-02-01 16:00:00,10806.199
2019-02-01 16:30:00,10806.199
2019-02-01 17:00:00,10849.195
2019-02-01 17:30:00,10716.257
2019-02-01 18:00:00,10331.871
2019-02-01 18:30:00,10096.512
2019-02-01 19:00:00,10120.805
2019-02-01 19:30:00,9853.476
2019-02-01 20:00:00,9779.99
2019-02-01 20:30:00,9378.348
2019-02-01 21:00:00,9020.184
2019-02-01 21:30:00,8829.467
2019-02-01 22:00:00,8595.202
2019-02-01 22:30:00,8381.328
2019-02-01 23:00:00,8040.492
2019-02-01 23:30:00,7819.636
2019-02-02 00:00:00,7602.106
2019-02-02 00:30:00,7412.473
2019-02-02 01:00:00,7109.3306
2019-02-02 01:30:00,6952.1484
2019-02-02 02:00:00,6696.675
2019-02-02 02:30:00,6534.8896
2019-02-02 03:00:00,6434.5176
2019-02-02 03:30:00,6486.9194
2019-02-02 04:00:00,6498.857
2019-02-02 04:30:00,6678.0757
2019-02-02 05:00:00,6411.3633
2019-02-02 05:30:00,6784.816
2019-02-02 06:00:00,6764.495
2019-02-02 06:30:00,7149.699
2019-02-02 07:00:00,7372.624
2019-02-02 07:30:00,7425.2754
2019-02-02 08:00:00,7876.1396
2019-02-02 08:30:00,7882.198
2019-02-02 09:00:00,8081.953
2019-02-02 09:30:00,8052.128
2019-02-02 10:00:00,8013.0376
2019-02-02 10:30:00,7994.883
2019-02-02 11:00:00,8018.9585
2019-02-02 11:30:00,7898.8584
2019-02-02 12:00:00,7873.727
2019-02-02 12:30:00,7825.346
2019-02-02 13:00:00,7756.388
2019-02-02 13:30:00,7738.6475
2019-02-02 14:00:00,7811.6255
2019-02-02 14:30:00,7761.863
2019-02-02 15:00:00,7805.4434
2019-02-02 15:30:00,7821.2134
2019-02-02 16:00:00,7959.49
2019-02-02 16:30:00,7919.3647
2019-02-02 17:00:00,7984.55
2019-02-02 17:30:00,7891.5317
2019-02-02 18:00:00,7996.719
2019-02-02 18:30:00,7957.9375
2019-02-02 19:00:00,7968.565
2019-02-02 19:30:00,7928.7876
2019-02-02 20:00:00,7841.577
2019-02-02 20:30:00,7630.1567
2019-02-02 21:00:00,7533.415
2019-02-02 21:30:00,7566.203
2019-02-02 22:00:00,7464.748
2019-02-02 22:30:00,7437.165
2019-02-02 23:00:00,7312.465
2019-02-02 23:30:00,7201.924
2019-02-03 00:00:00,7030.5083
2019-02-03 00:30:00,6898.456
2019-02-03 01:00:00,6840.6357
2019-02-03 01:30:00,6611.556
2019-02-03 02:00:00,6386.9453
2019-02-03 02:30:00,6309.058
2019-02-03 03:00:00,6271.749
2019-02-03 03:30:00,6224.2383
2019-02-03 04:00:00,6217.924
2019-02-03 04:30:00,6338.8467
2019-02-03 05:00:00,6348.3306
2019-02-03 05:30:00,6588.736
2019-02-03 06:00:00,6719.345
2019-02-03 06:30:00,6963.125
2019-02-03 07:00:00,7062.2964
2019-02-03 07:30:00,7287.9565
2019-02-03 08:00:00,7472.5786
2019-02-03 08:30:00,7677.717
2019-02-03 09:00:00,7864.3833
2019-02-03 09:30:00,7914.716
2019-02-03 10:00:00,8178.185
2019-02-03 10:30:00,8268.767
2019-02-03 11:00:00,8208.941
2019-02-03 11:30:00,8112.995
2019-02-03 12:00:00,8046.291
2019-02-03 12:30:00,7893.914
2019-02-03 13:00:00,7914.936
2019-02-03 13:30:00,8124.802
2019-02-03 14:00:00,8137.1396
2019-02-03 14:30:00,8232.107
2019-02-03 15:00:00,8296.722
2019-02-03 15:30:00,8430.078
2019-02-03 16:00:00,8559.093
2019-02-03 16:30:00,8644.309
2019-02-03 17:00:00,8973.22
2019-02-03 17:30:00,9227.915
2019-02-03 18:00:00,9346.467
2019-02-03 18:30:00,9374.62
2019-02-03 19:00:00,9254.277
2019-02-03 19:30:00,9237.264
2019-02-03 20:00:00,9306.404
2019-02-03 20:30:00,8953.341
2019-02-03 21:00:00,8619.107
2019-02-03 21:30:00,8491.923
2019-02-03 22:00:00,8122.61
2019-02-03 22:30:00,8034.34
2019-02-03 23:00:00,7693.056
2019-02-03 23:30:00,7494.1436
2019-02-04 00:00:00,7338.359
2019-02-04 00:30:00,7223.0063
2019-02-04 01:00:00,7360.084
2019-02-04 01:30:00,6892.312
2019-02-04 02:00:00,6743.607
2019-02-04 02:30:00,6609.8433
2019-02-04 03:00:00,6700.9355
2019-02-04 03:30:00,6632.1807
2019-02-04 04:00:00,6973.405
2019-02-04 04:30:00,6973.405
2019-02-04 05:00:00,7507.3457
2019-02-04 05:30:00,7667.494
2019-02-04 06:00:00,8009.5195
2019-02-04 06:30:00,8195.899
2019-02-04 07:00:00,8823.744
2019-02-04 07:30:00,9183.547
2019-02-04 08:00:00,9217.67
2019-02-04 08:30:00,9510.765
2019-02-04 09:00:00,9437.31
2019-02-04 09:30:00,9566.371
2019-02-04 10:00:00,9530.169
2019-02-04 10:30:00,9574.397
2019-02-04 11:00:00,9837.021
2019-02-04 11:30:00,9913.084
2019-02-04 12:00:00,10005.475
2019-02-04 12:30:00,9989.897
2019-02-04 13:00:00,10101.103
2019-02-04 13:30:00,10162.93
2019-02-04 14:00:00,10289.242
2019-02-04 14:30:00,10431.662
2019-02-04 15:00:00,10573.696
2019-02-04 15:30:00,10724.306
2019-02-04 16:00:00,10734.772
2019-02-04 16:30:00,10889.107
2019-02-04 17:00:00,10821.448
2019-02-04 17:30:00,11001.646
2019-02-04 18:00:00,10926.314
2019-02-04 18:30:00,10873.705
2019-02-04 19:00:00,10233.607
2019-02-04 19:30:00,10268.877
2019-02-04 20:00:00,10019.741
2019-02-04 20:30:00,9813.633
2019-02-04 21:00:00,9412.069
2019-02-04 21:30:00,9297.821
2019-02-04 22:00:00,9017.032
2019-02-04 22:30:00,8799.776
2019-02-04 23:00:00,8506.292
2019-02-04 23:30:00,8228.7705
2019-02-05 00:00:00,7796.988
2019-02-05 00:30:00,7746.886
2019-02-05 01:00:00,7536.626
2019-02-05 01:30:00,7284.6294
2019-02-05 02:00:00,6953.7954
2019-02-05 02:30:00,6925.9756
2019-02-05 03:00:00,6828.464
2019-02-05 03:30:00,6869.782
2019-02-05 04:00:00,6863.9106
2019-02-05 04:30:00,7056.226
2019-02-05 05:00:00,7295.9995
2019-02-05 05:30:00,7751.5195
2019-02-05 06:00:00,8140.594
2019-02-05 06:30:00,8490.262
2019-02-05 07:00:00,8837.116
2019-02-05 07:30:00,9053.033
2019-02-05 08:00:00,9143.959
2019-02-05 08:30:00,9352.079
2019-02-05 09:00:00,9412.151
2019-02-05 09:30:00,9380.509
2019-02-05 10:00:00,9593.601
2019-02-05 10:30:00,9638.877
2019-02-05 11:00:00,9849.993
2019-02-05 11:30:00,9991.4795
2019-02-05 12:00:00,10352.883
2019-02-05 12:30:00,10380.357
2019-02-05 13:00:00,10567.689
2019-02-05 13:30:00,10658.2705
2019-02-05 14:00:00,10787.208
2019-02-05 14:30:00,10995.516
2019-02-05 15:00:00,10992.984
2019-02-05 15:30:00,10867.698
2019-02-05 16:00:00,11281.127
2019-02-05 16:30:00,11281.127
2019-02-05 17:00:00,11253.339
2019-02-05 17:30:00,11253.339
2019-02-05 18:00:00,11148.714
2019-02-05 18:30:00,11105.566
2019-02-05 19:00:00,10285.552
2019-02-05 19:30:00,10179.552
2019-02-05 20:00:00,10068.089
2019-02-05 20:30:00,9796.469
2019-02-05 21:00:00,9538.556
2019-02-05 21:30:00,9338.117
2019-02-05 22:00:00,8932.443
2019-02-05 22:30:00,8774.888
2019-02-05 23:00:00,8469.65
2019-02-05 23:30:00,8233.524
2019-02-06 00:00:00,8486.567
2019-02-06 00:30:00,8070.329
2019-02-06 01:00:00,7987.14
2019-02-06 01:30:00,7740.324
2019-02-06 02:00:00,7190.752
2019-02-06 02:30:00,7161.5938
2019-02-06 03:00:00,6905.716
2019-02-06 03:30:00,6881.9863
2019-02-06 04:00:00,6948.116
2019-02-06 04:30:00,7153.838
2019-02-06 05:00:00,7471.2856
2019-02-06 05:30:00,7852.3066
2019-02-06 06:00:00,8382.362
2019-02-06 06:30:00,9032.095
2019-02-06 07:00:00,9589.327
2019-02-06 07:30:00,9744.757
2019-02-06 08:00:00,9817.673
2019-02-06 08:30:00,9947.629
2019-02-06 09:00:00,9965.146
2019-02-06 09:30:00,10094.727
2019-02-06 10:00:00,10052.312
2019-02-06 10:30:00,10131.135
2019-02-06 11:00:00,10193.309
2019-02-06 11:30:00,10229.542
2019-02-06 12:00:00,10187.972
2019-02-06 12:30:00,10256.07
2019-02-06 13:00:00,10398.648
2019-02-06 13:30:00,10397.066
2019-02-06 14:00:00,10455.673
2019-02-06 14:30:00,10579.171
2019-02-06 15:00:00,10695.766
2019-02-06 15:30:00,10715.694
2019-02-06 16:00:00,10872.617
2019-02-06 16:30:00,10728.183
2019-02-06 17:00:00,10741.656
2019-02-06 17:30:00,10589.83
2019-02-06 18:00:00,10447.863
2019-02-06 18:30:00,10272.045
2019-02-06 19:00:00,10219.999
2019-02-06 19:30:00,10261.537
2019-02-06 20:00:00,10136.41
2019-02-06 20:30:00,9882.529
2019-02-06 21:00:00,9506.719
2019-02-06 21:30:00,9358.21
2019-02-06 22:00:00,9156.814
2019-02-06 22:30:00,8890.269
2019-02-06 23:00:00,8668.848
2019-02-06 23:30:00,8245.207
2019-02-07 00:00:00,8015.356
2019-02-07 00:30:00,7771.1567
2019-02-07 01:00:00,7460.063
2019-02-07 01:30:00,7215.012
2019-02-07 02:00:00,7040.4717
2019-02-07 02:30:00,6902.0483
2019-02-07 03:00:00,6793.241
2019-02-07 03:30:00,6768.876
2019-02-07 04:00:00,6853.303
2019-02-07 04:30:00,7020.89
2019-02-07 05:00:00,7301.478
2019-02-07 05:30:00,7696.0986
2019-02-07 06:00:00,8118.86
2019-02-07 06:30:00,8556.234
2019-02-07 07:00:00,8896.267
2019-02-07 07:30:00,9109.06
2019-02-07 08:00:00,9197.971
2019-02-07 08:30:00,9416.655
2019-02-07 09:00:00,9517.519
2019-02-07 09:30:00,9552.795
2019-02-07 10:00:00,9673.611
2019-02-07 10:30:00,9507.11
2019-02-07 11:00:00,9694.1
2019-02-07 11:30:00,9719.418
2019-02-07 12:00:00,9773.096
2019-02-07 12:30:00,9871.129
2019-02-07 13:00:00,10089.3955
2019-02-07 13:30:00,10073.846
2019-02-07 14:00:00,10033.323
2019-02-07 14:30:00,10351.084
2019-02-07 15:00:00,10518.811
2019-02-07 15:30:00,10622.058
2019-02-07 16:00:00,10655.974
2019-02-07 16:30:00,10655.974
2019-02-07 17:00:00,10446.16
2019-02-07 17:30:00,10761.45
2019-02-07 18:00:00,10791.31
2019-02-07 18:30:00,10683.539
2019-02-07 19:00:00,9832.655
2019-02-07 19:30:00,10024.996
2019-02-07 20:00:00,9880.677
2019-02-07 20:30:00,9637.012
2019-02-07 21:00:00,9196.753
2019-02-07 21:30:00,8954.702
2019-02-07 22:00:00,8641.371
2019-02-07 22:30:00,8660.942
2019-02-07 23:00:00,8324.516
2019-02-07 23:30:00,8133.0107
2019-02-08 00:00:00,8232.645
2019-02-08 00:30:00,7997.3105
2019-02-08 01:00:00,7758.1475
2019-02-08 01:30:00,7438.6206
2019-02-08 02:00:00,7259.502
2019-02-08 02:30:00,7091.429
2019-02-08 03:00:00,6937.401
2019-02-08 03:30:00,6905.8945
2019-02-08 04:00:00,7045.5083
2019-02-08 04:30:00,7339.873
2019-02-08 05:00:00,7486.381
2019-02-08 05:30:00,8053.87
2019-02-08 06:00:00,8442.142
2019-02-08 06:30:00,8877.367
2019-02-08 07:00:00,9266.612
2019-02-08 07:30:00,9466.087
2019-02-08 08:00:00,9765.2
2019-02-08 08:30:00,9850.3
2019-02-08 09:00:00,9957.518
2019-02-08 09:30:00,10136.927
2019-02-08 10:00:00,10338.975
2019-02-08 10:30:00,10423.699
2019-02-08 11:00:00,10442.585
2019-02-08 11:30:00,10608.971
2019-02-08 12:00:00,10640.996
2019-02-08 12:30:00,10807.532
2019-02-08 13:00:00,10859.241
2019-02-08 13:30:00,11024.937
2019-02-08 14:00:00,11047.706
2019-02-08 14:30:00,11110.675
2019-02-08 15:00:00,11474.7
2019-02-08 15:30:00,11504.209
2019-02-08 16:00:00,11500.042
2019-02-08 16:30:00,11500.042
2019-02-08 17:00:00,11514.094
2019-02-08 17:30:00,11417.96
2019-02-08 18:00:00,11357.496
2019-02-08 18:30:00,10517.029
2019-02-08 19:00:00,10283.676
2019-02-08 19:30:00,10177.732
2019-02-08 20:00:00,10131.595
2019-02-08 20:30:00,9889.416
2019-02-08 21:00:00,9267.563
2019-02-08 21:30:00,9156.33
2019-02-08 22:00:00,8897.6875
2019-02-08 22:30:00,8750.142
2019-02-08 23:00:00,8518.327
2019-02-08 23:30:00,8261.1455
2019-02-09 00:00:00,7821.751
2019-02-09 00:30:00,7678.784
2019-02-09 01:00:00,7383.9014
2019-02-09 01:30:00,7278.2656
2019-02-09 02:00:00,6999.1685
2019-02-09 02:30:00,6878.78
2019-02-09 03:00:00,6783.007
2019-02-09 03:30:00,6783.007
2019-02-09 04:00:00,6731.37
2019-02-09 04:30:00,6845.406
2019-02-09 05:00:00,6804.6313
2019-02-09 05:30:00,6935.624
2019-02-09 06:00:00,7116.528
2019-02-09 06:30:00,7322.6113
2019-02-09 07:00:00,7639.8735
2019-02-09 07:30:00,7738.2217
2019-02-09 08:00:00,8230.876
2019-02-09 08:30:00,8279.231
2019-02-09 09:00:00,8657.779
2019-02-09 09:30:00,8569.669
2019-02-09 10:00:00,8584.761
2019-02-09 10:30:00,8558.126
2019-02-09 11:00:00,8559.241
2019-02-09 11:30:00,8690.928
2019-02-09 12:00:00,8817.735
2019-02-09 12:30:00,8649.476
2019-02-09 13:00:00,9184.599
2019-02-09 13:30:00,9505.771
2019-02-09 14:00:00,9651.283
2019-02-09 14:30:00,9640.935
2019-02-09 15:00:00,9670.377
2019-02-09 15:30:00,9634.65
2019-02-09 16:00:00,9667.921
2019-02-09 16:30:00,9706.769
2019-02-09 17:00:00,9476.328
2019-02-09 17:30:00,9270.137
2019-02-09 18:00:00,9092.196
2019-02-09 18:30:00,8835.341
2019-02-09 19:00:00,8631.158
2019-02-09 19:30:00,8552.509
2019-02-09 20:00:00,8374.072
2019-02-09 20:30:00,8222.312
2019-02-09 21:00:00,7982.0547
2019-02-09 21:30:00,7936.19
2019-02-09 22:00:00,7756.364
2019-02-09 22:30:00,7617.98
2019-02-09 23:00:00,7331.0923
2019-02-09 23:30:00,7279.9414
2019-02-10 00:00:00,7080.6934
2019-02-10 00:30:00,6777.352
2019-02-10 01:00:00,6719.4824
2019-02-10 01:30:00,6408.0444
2019-02-10 02:00:00,6222.1426
2019-02-10 02:30:00,6109.913
2019-02-10 03:00:00,6049.2866
2019-02-10 03:30:00,6049.2866
2019-02-10 04:00:00,6065.192
2019-02-10 04:30:00,6085.367
2019-02-10 05:00:00,6111.9014
2019-02-10 05:30:00,6292.5894
2019-02-10 06:00:00,6395.2393
2019-02-10 06:30:00,6507.432
2019-02-10 07:00:00,6597.496
2019-02-10 07:30:00,6737.5635
2019-02-10 08:00:00,6993.5503
2019-02-10 08:30:00,7279.162
2019-02-10 09:00:00,7435.0684
2019-02-10 09:30:00,7500.98
2019-02-10 10:00:00,7592.06
2019-02-10 10:30:00,7570.6167
2019-02-10 11:00:00,7562.314
2019-02-10 11:30:00,7846.8013
2019-02-10 12:00:00,7827.231
2019-02-10 12:30:00,7629.309
2019-02-10 13:00:00,8081.9707
2019-02-10 13:30:00,8200.307
2019-02-10 14:00:00,8213.576
2019-02-10 14:30:00,8224.869
2019-02-10 15:00:00,8371.627
2019-02-10 15:30:00,8514.402
2019-02-10 16:00:00,8707.992
2019-02-10 16:30:00,8759.192
2019-02-10 17:00:00,8526.324
2019-02-10 17:30:00,8613.726
2019-02-10 18:00:00,8748.011
2019-02-10 18:30:00,8674.162
2019-02-10 19:00:00,8266.978
2019-02-10 19:30:00,8207.177
2019-02-10 20:00:00,8523.235
2019-02-10 20:30:00,8300.686
2019-02-10 21:00:00,8043.9204
2019-02-10 21:30:00,7796.0303
2019-02-10 22:00:00,7564.777
2019-02-10 22:30:00,7537.585
2019-02-10 23:00:00,7232.2144
2019-02-10 23:30:00,7027.0854
2019-02-11 00:00:00,7212.4434
2019-02-11 00:30:00,6973.947
2019-02-11 01:00:00,6840.4683
2019-02-11 01:30:00,6664.5977
2019-02-11 02:00:00,6513.4556
2019-02-11 02:30:00,6381.4043
2019-02-11 03:00:00,6395.5957
2019-02-11 03:30:00,6399.258
2019-02-11 04:00:00,6569.458
2019-02-11 04:30:00,6594.8926
2019-02-11 05:00:00,7106.628
2019-02-11 05:30:00,7260.616
2019-02-11 06:00:00,7798.0596
2019-02-11 06:30:00,7857.539
2019-02-11 07:00:00,8592.241
2019-02-11 07:30:00,8588.111
2019-02-11 08:00:00,8397.498
2019-02-11 08:30:00,8510.914
2019-02-11 09:00:00,8348.765
2019-02-11 09:30:00,8298.189
2019-02-11 10:00:00,8083.963
2019-02-11 10:30:00,7902.7314
2019-02-11 11:00:00,7809.1494
2019-02-11 11:30:00,7704.7466
2019-02-11 12:00:00,7916.583
2019-02-11 12:30:00,7952.6387
2019-02-11 13:00:00,8037.4424
2019-02-11 13:30:00,8075.9243
2019-02-11 14:00:00,8236.572
2019-02-11 14:30:00,8433.532
2019-02-11 15:00:00,8536.969
2019-02-11 15:30:00,8850.223
2019-02-11 16:00:00,9073.492
2019-02-11 16:30:00,9250.365
2019-02-11 17:00:00,9267.65
2019-02-11 17:30:00,9563.948
2019-02-11 18:00:00,9359.343
2019-02-11 18:30:00,9291.465
2019-02-11 19:00:00,9113.442
2019-02-11 19:30:00,9140.027
2019-02-11 20:00:00,8856.732
2019-02-11 20:30:00,8653.367
2019-02-11 21:00:00,8243.128
2019-02-11 21:30:00,8119.5903
2019-02-11 22:00:00,8001.6416
2019-02-11 22:30:00,7951.751
2019-02-11 23:00:00,7831.0293
2019-02-11 23:30:00,7591.792
2019-02-12 00:00:00,7188.388
2019-02-12 00:30:00,7071.895
2019-02-12 01:00:00,6758.2417
2019-02-12 01:30:00,6534.4053
2019-02-12 02:00:00,6278.985
2019-02-12 02:30:00,6220.1973
2019-02-12 03:00:00,6091.7085
2019-02-12 03:30:00,6233.1973
2019-02-12 04:00:00,6313.8955
2019-02-12 04:30:00,6525.101
2019-02-12 05:00:00,6783.3184
2019-02-12 05:30:00,7191.5825
2019-02-12 06:00:00,7644.565
2019-02-12 06:30:00,7858.2046
2019-02-12 07:00:00,8042.008
2019-02-12 07:30:00,8138.561
2019-02-12 08:00:00,8134.7485
2019-02-12 08:30:00,8224.823
2019-02-12 09:00:00,8290.173
2019-02-12 09:30:00,8303.396
2019-02-12 10:00:00,8314.377
2019-02-12 10:30:00,8337.659
2019-02-12 11:00:00,8421.696
2019-02-12 11:30:00,8376.723
2019-02-12 12:00:00,8608.345
2019-02-12 12:30:00,8613.84
2019-02-12 13:00:00,8827.068
2019-02-12 13:30:00,8935.942
2019-02-12 14:00:00,9089.256
2019-02-12 14:30:00,9165.93
2019-02-12 15:00:00,9442.953
2019-02-12 15:30:00,9711.175
2019-02-12 16:00:00,9866.823
2019-02-12 16:30:00,10014.195
2019-02-12 17:00:00,10139.185
2019-02-12 17:30:00,10121.195
2019-02-12 18:00:00,9910.767
2019-02-12 18:30:00,9702.244
2019-02-12 19:00:00,9553.66
2019-02-12 19:30:00,9536.006
2019-02-12 20:00:00,9347.606
2019-02-12 20:30:00,9125.695
2019-02-12 21:00:00,8794.719
2019-02-12 21:30:00,8638.537
2019-02-12 22:00:00,8245.204
2019-02-12 22:30:00,8114.141
2019-02-12 23:00:00,7911.934
2019-02-12 23:30:00,7648.0693
2019-02-13 00:00:00,7657.025
2019-02-13 00:30:00,7400.174
2019-02-13 01:00:00,7135.4517
2019-02-13 01:30:00,6932.974
2019-02-13 02:00:00,6635.267
2019-02-13 02:30:00,6503.6143
2019-02-13 03:00:00,6454.1367
2019-02-13 03:30:00,6414.5234
2019-02-13 04:00:00,6493.968
2019-02-13 04:30:00,6640.6514
2019-02-13 05:00:00,6782.5205
2019-02-13 05:30:00,7258.3403
2019-02-13 06:00:00,7672.12
2019-02-13 06:30:00,8023.1973
2019-02-13 07:00:00,8305.209
2019-02-13 07:30:00,8314.977
2019-02-13 08:00:00,8425.206
2019-02-13 08:30:00,8623.961
2019-02-13 09:00:00,8908.454
2019-02-13 09:30:00,8873.7705
2019-02-13 10:00:00,9025.645
2019-02-13 10:30:00,8906.294
2019-02-13 11:00:00,9189.801
2019-02-13 11:30:00,9246.466
2019-02-13 12:00:00,9736.274
2019-02-13 12:30:00,10176.578
2019-02-13 13:00:00,10649.497
2019-02-13 13:30:00,10998.198
2019-02-13 14:00:00,11291.649
2019-02-13 14:30:00,11257.176
2019-02-13 15:00:00,11914.824
2019-02-13 15:30:00,12331.228
2019-02-13 16:00:00,12691.527
2019-02-13 16:30:00,12691.527
2019-02-13 17:00:00,12675.634
2019-02-13 17:30:00,12675.634
2019-02-13 18:00:00,12197.521
2019-02-13 18:30:00,11711.792
2019-02-13 19:00:00,11104.414
2019-02-13 19:30:00,10825.73
2019-02-13 20:00:00,10243.656
2019-02-13 20:30:00,9962.861
2019-02-13 21:00:00,9368.908
2019-02-13 21:30:00,8898.655
2019-02-13 22:00:00,8460.947
2019-02-13 22:30:00,8260.854
2019-02-13 23:00:00,8339.301
2019-02-13 23:30:00,8154.414
2019-02-14 00:00:00,7827.414
2019-02-14 00:30:00,7561.6514
2019-02-14 01:00:00,7331.606
2019-02-14 01:30:00,6947.44
2019-02-14 02:00:00,6749.065
2019-02-14 02:30:00,6553.557
2019-02-14 03:00:00,6517.1167
2019-02-14 03:30:00,6432.9014
2019-02-14 04:00:00,6382.2925
2019-02-14 04:30:00,6611.836
2019-02-14 05:00:00,6858.102
2019-02-14 05:30:00,7356.3613
2019-02-14 06:00:00,7708.5044
2019-02-14 06:30:00,8058.3867
2019-02-14 07:00:00,8314.021
2019-02-14 07:30:00,8328.638
2019-02-14 08:00:00,8342.973
2019-02-14 08:30:00,8372.399
2019-02-14 09:00:00,8402.526
2019-02-14 09:30:00,8408.746
2019-02-14 10:00:00,8380.172
2019-02-14 10:30:00,8344.916
2019-02-14 11:00:00,8368.156
2019-02-14 11:30:00,8281.648
2019-02-14 12:00:00,8250.728
2019-02-14 12:30:00,8275.513
2019-02-14 13:00:00,8305.028
2019-02-14 13:30:00,8361.161
2019-02-14 14:00:00,8453.112
2019-02-14 14:30:00,8463.444
2019-02-14 15:00:00,8619.318
2019-02-14 15:30:00,8770.282
2019-02-14 16:00:00,8996.009
2019-02-14 16:30:00,9072.683
2019-02-14 17:00:00,9133.399
2019-02-14 17:30:00,8987.043
2019-02-14 18:00:00,8983.145
2019-02-14 18:30:00,8878.437
2019-02-14 19:00:00,8661.457
2019-02-14 19:30:00,8588.056
2019-02-14 20:00:00,8474.08
2019-02-14 20:30:00,8304.304
2019-02-14 21:00:00,8002.428
2019-02-14 21:30:00,7879.3433
2019-02-14 22:00:00,7583.312
2019-02-14 22:30:00,7553.3286
2019-02-14 23:00:00,7305.9375
2019-02-14 23:30:00,7187.5635
2019-02-15 00:00:00,7234.4736
2019-02-15 00:30:00,7098.7197
2019-02-15 01:00:00,6941.825
2019-02-15 01:30:00,6649.8784
2019-02-15 02:00:00,6467.9004
2019-02-15 02:30:00,6360.3247
2019-02-15 03:00:00,6330.5464
2019-02-15 03:30:00,6399.603
2019-02-15 04:00:00,6478.4536
2019-02-15 04:30:00,6690.5234
2019-02-15 05:00:00,6906.139
2019-02-15 05:30:00,7391.1914
2019-02-15 06:00:00,7706.849
2019-02-15 06:30:00,8053.866
2019-02-15 07:00:00,8292.147
2019-02-15 07:30:00,8315.589
2019-02-15 08:00:00,8286.737
2019-02-15 08:30:00,8415.403
2019-02-15 09:00:00,8412.3
2019-02-15 09:30:00,8379.328
2019-02-15 10:00:00,8447.906
2019-02-15 10:30:00,8419.165
2019-02-15 11:00:00,8429.376
2019-02-15 11:30:00,8365.419
2019-02-15 12:00:00,8239.592
2019-02-15 12:30:00,8240.115
2019-02-15 13:00:00,8264.06
2019-02-15 13:30:00,8338.27
2019-02-15 14:00:00,8354.403
2019-02-15 14:30:00,8417.372
2019-02-15 15:00:00,8548.281
2019-02-15 15:30:00,8651.444
2019-02-15 16:00:00,8796.711
2019-02-15 16:30:00,8922.297
2019-02-15 17:00:00,8965.388
2019-02-15 17:30:00,8931.042
2019-02-15 18:00:00,8725.263
2019-02-15 18:30:00,8660.83
2019-02-15 19:00:00,8687.494
2019-02-15 19:30:00,8711.666
2019-02-15 20:00:00,8559.79
2019-02-15 20:30:00,8311.552
2019-02-15 21:00:00,8156.1455
2019-02-15 21:30:00,8003.4346
2019-02-15 22:00:00,7833.146
2019-02-15 22:30:00,7717.7393
2019-02-15 23:00:00,7593.242
2019-02-15 23:30:00,7448.2925
2019-02-16 00:00:00,7226.0625
2019-02-16 00:30:00,7123.1724
2019-02-16 01:00:00,6851.649
2019-02-16 01:30:00,6595.035
2019-02-16 02:00:00,6404.887
2019-02-16 02:30:00,6318.7344
2019-02-16 03:00:00,6264.017
2019-02-16 03:30:00,6310.381
2019-02-16 04:00:00,6192.379
2019-02-16 04:30:00,6473.1343
2019-02-16 05:00:00,6318.257
2019-02-16 05:30:00,6673.2666
2019-02-16 06:00:00,6727.407
2019-02-16 06:30:00,6763.7197
2019-02-16 07:00:00,7158.345
2019-02-16 07:30:00,7143.139
2019-02-16 08:00:00,7568.3384
2019-02-16 08:30:00,7592.4336
2019-02-16 09:00:00,7753.1025
2019-02-16 09:30:00,7751.678
2019-02-16 10:00:00,7743.2427
2019-02-16 10:30:00,7744.5503
2019-02-16 11:00:00,7687.3984
2019-02-16 11:30:00,7607.172
2019-02-16 12:00:00,7537.217
2019-02-16 12:30:00,7537.217
2019-02-16 13:00:00,7543.1763
2019-02-16 13:30:00,7582.0513
2019-02-16 14:00:00,7680.797
2019-02-16 14:30:00,7755.791
2019-02-16 15:00:00,7967.6436
2019-02-16 15:30:00,8047.586
2019-02-16 16:00:00,8244.168
2019-02-16 16:30:00,8270.826
2019-02-16 17:00:00,8328.853
2019-02-16 17:30:00,8303.884
2019-02-16 18:00:00,8287.518
2019-02-16 18:30:00,8128.814
2019-02-16 19:00:00,7972.1963
2019-02-16 19:30:00,7988.001
2019-02-16 20:00:00,7913.5415
2019-02-16 20:30:00,7769.3374
2019-02-16 21:00:00,7609.5576
2019-02-16 21:30:00,7581.2134
2019-02-16 22:00:00,7460.681
2019-02-16 22:30:00,7387.505
2019-02-16 23:00:00,7262.5845
2019-02-16 23:30:00,7152.116
2019-02-17 00:00:00,6944.0303
2019-02-17 00:30:00,6791.1616
2019-02-17 01:00:00,6667.3403
2019-02-17 01:30:00,6388.4067
2019-02-17 02:00:00,6126.8213
2019-02-17 02:30:00,6019.5723
2019-02-17 03:00:00,6038.084
2019-02-17 03:30:00,6056.021
2019-02-17 04:00:00,6067.226
2019-02-17 04:30:00,6109.362
2019-02-17 05:00:00,6094.4517
2019-02-17 05:30:00,6280.31
2019-02-17 06:00:00,6354.554
2019-02-17 06:30:00,6557.318
2019-02-17 07:00:00,6657.8755
2019-02-17 07:30:00,6965.6924
2019-02-17 08:00:00,7071.9927
2019-02-17 08:30:00,7248.418
2019-02-17 09:00:00,7362.442
2019-02-17 09:30:00,7438.1772
2019-02-17 10:00:00,7532.8784
2019-02-17 10:30:00,7553.961
2019-02-17 11:00:00,7622.428
2019-02-17 11:30:00,7609.4395
2019-02-17 12:00:00,7762.035
2019-02-17 12:30:00,7705.2
2019-02-17 13:00:00,7739.4937
2019-02-17 13:30:00,7820.513
2019-02-17 14:00:00,7833.1665
2019-02-17 14:30:00,7999.9526
2019-02-17 15:00:00,8153.6123
2019-02-17 15:30:00,8246.788
2019-02-17 16:00:00,8384.294
2019-02-17 16:30:00,8430.314
2019-02-17 17:00:00,8694.119
2019-02-17 17:30:00,8694.119
2019-02-17 18:00:00,8647.384
2019-02-17 18:30:00,8620.89
2019-02-17 19:00:00,8515.555
2019-02-17 19:30:00,8557.59
2019-02-17 20:00:00,8475.215
2019-02-17 20:30:00,8314.133
2019-02-17 21:00:00,8025.142
2019-02-17 21:30:00,7906.4453
2019-02-17 22:00:00,7519.6
2019-02-17 22:30:00,7538.1235
2019-02-17 23:00:00,7234.4463
2019-02-17 23:30:00,7047.665
2019-02-18 00:00:00,7017.0244
2019-02-18 00:30:00,6872.5605
2019-02-18 01:00:00,6849.956
2019-02-18 01:30:00,6662.4907
2019-02-18 02:00:00,6517.0933
2019-02-18 02:30:00,6389.887
2019-02-18 03:00:00,6405.353
2019-02-18 03:30:00,6405.353
2019-02-18 04:00:00,6576.5825
2019-02-18 04:30:00,6576.5825
2019-02-18 05:00:00,7119.047
2019-02-18 05:30:00,7297.201
2019-02-18 06:00:00,7828.029
2019-02-18 06:30:00,7881.84
2019-02-18 07:00:00,8542.96
2019-02-18 07:30:00,8565.076
2019-02-18 08:00:00,8513.277
2019-02-18 08:30:00,8681.437
2019-02-18 09:00:00,8785.418
2019-02-18 09:30:00,8857.383
2019-02-18 10:00:00,8952.255
2019-02-18 10:30:00,8812.16
2019-02-18 11:00:00,9020.096
2019-02-18 11:30:00,8983.001
2019-02-18 12:00:00,8939.452
2019-02-18 12:30:00,9146.51
2019-02-18 13:00:00,9409.336
2019-02-18 13:30:00,9582.414
2019-02-18 14:00:00,9678.553
2019-02-18 14:30:00,9673.663
2019-02-18 15:00:00,9701.758
2019-02-18 15:30:00,9743.636
2019-02-18 16:00:00,9951.255
2019-02-18 16:30:00,10210.704
2019-02-18 17:00:00,10053.745
2019-02-18 17:30:00,10479.751
2019-02-18 18:00:00,10152.177
2019-02-18 18:30:00,10380.587
2019-02-18 19:00:00,9923.694
2019-02-18 19:30:00,9902.132
2019-02-18 20:00:00,9617.072
2019-02-18 20:30:00,9289.028
2019-02-18 21:00:00,8882.188
2019-02-18 21:30:00,8713.373
2019-02-18 22:00:00,8559.061
2019-02-18 22:30:00,8217.391
2019-02-18 23:00:00,8109.3433
2019-02-18 23:30:00,8061.9565
2019-02-19 00:00:00,7732.646
2019-02-19 00:30:00,7639.6587
2019-02-19 01:00:00,7404.3076
2019-02-19 01:30:00,7083.466
2019-02-19 02:00:00,6809.9854
2019-02-19 02:30:00,6718.8965
2019-02-19 03:00:00,6696.2573
2019-02-19 03:30:00,6784.731
2019-02-19 04:00:00,6715.256
2019-02-19 04:30:00,6970.5938
2019-02-19 05:00:00,7163.21
2019-02-19 05:30:00,7610.216
2019-02-19 06:00:00,8004.0776
2019-02-19 06:30:00,8313.704
2019-02-19 07:00:00,8662.461
2019-02-19 07:30:00,8762.15
2019-02-19 08:00:00,8831.731
2019-02-19 08:30:00,8834.687
2019-02-19 09:00:00,9039.991
2019-02-19 09:30:00,9070.086
2019-02-19 10:00:00,9106.561
2019-02-19 10:30:00,9170.306
2019-02-19 11:00:00,9250.246
2019-02-19 11:30:00,9323.905
2019-02-19 12:00:00,9480.302
2019-02-19 12:30:00,9745.22
2019-02-19 13:00:00,9941.863
2019-02-19 13:30:00,10136.607
2019-02-19 14:00:00,10277.886
2019-02-19 14:30:00,10391.541
2019-02-19 15:00:00,10492.465
2019-02-19 15:30:00,10639.149
2019-02-19 16:00:00,10727.489
2019-02-19 16:30:00,10727.489
2019-02-19 17:00:00,10240.038
2019-02-19 17:30:00,10338.565
2019-02-19 18:00:00,10761.446
2019-02-19 18:30:00,10481.456
2019-02-19 19:00:00,10005.442
2019-02-19 19:30:00,9889.488
2019-02-19 20:00:00,9852.609
2019-02-19 20:30:00,9567.894
2019-02-19 21:00:00,9069.923
2019-02-19 21:30:00,9058.384
2019-02-19 22:00:00,8561.92
2019-02-19 22:30:00,8533.321
2019-02-19 23:00:00,8196.491
2019-02-19 23:30:00,8019.45
2019-02-20 00:00:00,8011.3613
2019-02-20 00:30:00,7720.095
2019-02-20 01:00:00,7453.7046
2019-02-20 01:30:00,7225.123
2019-02-20 02:00:00,6935.935
2019-02-20 02:30:00,6817.3086
2019-02-20 03:00:00,6686.986
2019-02-20 03:30:00,6755.5225
2019-02-20 04:00:00,6855.044
2019-02-20 04:30:00,6917.3545
2019-02-20 05:00:00,7242.1245
2019-02-20 05:30:00,7805.0273
2019-02-20 06:00:00,8269.988
2019-02-20 06:30:00,8666.78
2019-02-20 07:00:00,8908.327
2019-02-20 07:30:00,9127.25
2019-02-20 08:00:00,9251.729
2019-02-20 08:30:00,9379.024
2019-02-20 09:00:00,9406.617
2019-02-20 09:30:00,9504.867
2019-02-20 10:00:00,9706.522
2019-02-20 10:30:00,9791.611
2019-02-20 11:00:00,9848.199
2019-02-20 11:30:00,9813.23
2019-02-20 12:00:00,9876.151
2019-02-20 12:30:00,9843.306
2019-02-20 13:00:00,9823.662
2019-02-20 13:30:00,9957.446
2019-02-20 14:00:00,9604.634
2019-02-20 14:30:00,9772.782
2019-02-20 15:00:00,9875.374
2019-02-20 15:30:00,9866.62
2019-02-20 16:00:00,9932.414
2019-02-20 16:30:00,9943.126
2019-02-20 17:00:00,9884.897
2019-02-20 17:30:00,9648.347
2019-02-20 18:00:00,9625.771
2019-02-20 18:30:00,9455.404
2019-02-20 19:00:00,9298.343
2019-02-20 19:30:00,9188.08
2019-02-20 20:00:00,8994.842
2019-02-20 20:30:00,8784.856
2019-02-20 21:00:00,8497.404
2019-02-20 21:30:00,8395.287
2019-02-20 22:00:00,8191.776
2019-02-20 22:30:00,7942.0845
2019-02-20 23:00:00,7755.2197
2019-02-20 23:30:00,7653.1826
2019-02-21 00:00:00,7446.5205
2019-02-21 00:30:00,7266.0054
2019-02-21 01:00:00,7061.017
2019-02-21 01:30:00,6837.268
2019-02-21 02:00:00,6583.8896
2019-02-21 02:30:00,6415.5474
2019-02-21 03:00:00,6333.208
2019-02-21 03:30:00,6340.461
2019-02-21 04:00:00,6429.879
2019-02-21 04:30:00,6750.837
2019-02-21 05:00:00,6930.305
2019-02-21 05:30:00,7537.466
2019-02-21 06:00:00,7959.129
2019-02-21 06:30:00,8291.559
2019-02-21 07:00:00,8502.72
2019-02-21 07:30:00,8642.916
2019-02-21 08:00:00,8650.817
2019-02-21 08:30:00,8703.002
2019-02-21 09:00:00,8737.359
2019-02-21 09:30:00,8737.359
2019-02-21 10:00:00,8722.174
2019-02-21 10:30:00,8669.989
2019-02-21 11:00:00,8522.732
2019-02-21 11:30:00,8499.896
2019-02-21 12:00:00,8521.468
2019-02-21 12:30:00,8525.02
2019-02-21 13:00:00,8560.365
2019-02-21 13:30:00,8624.073
2019-02-21 14:00:00,8599.229
2019-02-21 14:30:00,8636.07
2019-02-21 15:00:00,8765.805
2019-02-21 15:30:00,8932.526
2019-02-21 16:00:00,9086.874
2019-02-21 16:30:00,9162.719
2019-02-21 17:00:00,9225.626
2019-02-21 17:30:00,9155.602
2019-02-21 18:00:00,9050.709
2019-02-21 18:30:00,9019.28
2019-02-21 19:00:00,8889.413
2019-02-21 19:30:00,8873.911
2019-02-21 20:00:00,8708.467
2019-02-21 20:30:00,8547.92
2019-02-21 21:00:00,8300.227
2019-02-21 21:30:00,8208.936
2019-02-21 22:00:00,7972.898
2019-02-21 22:30:00,7920.213
2019-02-21 23:00:00,7726.562
2019-02-21 23:30:00,7554.7734
2019-02-22 00:00:00,7383.4204
2019-02-22 00:30:00,7142.128
2019-02-22 01:00:00,6979.787
2019-02-22 01:30:00,6814.1104
2019-02-22 02:00:00,6382.9
2019-02-22 02:30:00,6279.6177
2019-02-22 03:00:00,6293.283
2019-02-22 03:30:00,6271.713
2019-02-22 04:00:00,6445.4766
2019-02-22 04:30:00,6626.195
2019-02-22 05:00:00,6916.539
2019-02-22 05:30:00,7347.809
2019-02-22 06:00:00,7848.473
2019-02-22 06:30:00,8229.949
2019-02-22 07:00:00,8476.25
2019-02-22 07:30:00,8568.224
2019-02-22 08:00:00,8565.416
2019-02-22 08:30:00,8716.38
2019-02-22 09:00:00,8737.019
2019-02-22 09:30:00,8744.7
2019-02-22 10:00:00,8703.61
2019-02-22 10:30:00,8703.61
2019-02-22 11:00:00,8617.904
2019-02-22 11:30:00,8532.84
2019-02-22 12:00:00,8445.833
2019-02-22 12:30:00,8460.276
2019-02-22 13:00:00,8453.014
2019-02-22 13:30:00,8453.014
2019-02-22 14:00:00,8504.985
2019-02-22 14:30:00,8442.739
2019-02-22 15:00:00,8674.266
2019-02-22 15:30:00,8743.022
2019-02-22 16:00:00,8857.088
2019-02-22 16:30:00,8876.334
2019-02-22 17:00:00,8862.751
2019-02-22 17:30:00,8826.105
2019-02-22 18:00:00,8758.7705
2019-02-22 18:30:00,8616.519
2019-02-22 19:00:00,8536.628
2019-02-22 19:30:00,8559.812
2019-02-22 20:00:00,8499.032
2019-02-22 20:30:00,8228.083
2019-02-22 21:00:00,8022.645
2019-02-22 21:30:00,7966.7524
2019-02-22 22:00:00,7825.434
2019-02-22 22:30:00,7749.5327
2019-02-22 23:00:00,7680.616
2019-02-22 23:30:00,7483.389
2019-02-23 00:00:00,7260.451
2019-02-23 00:30:00,7162.203
2019-02-23 01:00:00,6897.876
2019-02-23 01:30:00,6648.695
2019-02-23 02:00:00,6411.1016
2019-02-23 02:30:00,6315.4478
2019-02-23 03:00:00,6172.1343
2019-02-23 03:30:00,6219.4146
2019-02-23 04:00:00,6174.648
2019-02-23 04:30:00,6357.712
2019-02-23 05:00:00,6275.8247
2019-02-23 05:30:00,6640.1963
2019-02-23 06:00:00,6700.6904
2019-02-23 06:30:00,6966.3374
2019-02-23 07:00:00,7238.79
2019-02-23 07:30:00,7310.622
2019-02-23 08:00:00,7710.3955
2019-02-23 08:30:00,7808.2056
2019-02-23 09:00:00,7824.3926
2019-02-23 09:30:00,7795.3364
2019-02-23 10:00:00,7777.8438
2019-02-23 10:30:00,7629.1997
2019-02-23 11:00:00,7591.289
2019-02-23 11:30:00,7461.2046
2019-02-23 12:00:00,7347.9395
2019-02-23 12:30:00,7202.2783
2019-02-23 13:00:00,7266.2236
2019-02-23 13:30:00,7266.2236
2019-02-23 14:00:00,7264.445
2019-02-23 14:30:00,7271.3003
2019-02-23 15:00:00,7333.6553
2019-02-23 15:30:00,7367.6084
2019-02-23 16:00:00,7532.7124
2019-02-23 16:30:00,7542.2446
2019-02-23 17:00:00,7752.3467
2019-02-23 17:30:00,7714.273
2019-02-23 18:00:00,7844.6587
2019-02-23 18:30:00,7711.6196
2019-02-23 19:00:00,7704.4136
2019-02-23 19:30:00,7747.74
2019-02-23 20:00:00,7595.62
2019-02-23 20:30:00,7526.6924
2019-02-23 21:00:00,7441.2104
2019-02-23 21:30:00,7449.673
2019-02-23 22:00:00,7340.1914
2019-02-23 22:30:00,7297.498
2019-02-23 23:00:00,7226.2305
2019-02-23 23:30:00,7061.2607
2019-02-24 00:00:00,6793.6616
2019-02-24 00:30:00,6578.515
2019-02-24 01:00:00,6506.7617
2019-02-24 01:30:00,6186.259
2019-02-24 02:00:00,6030.536
2019-02-24 02:30:00,5954.8896
2019-02-24 03:00:00,5894.476
2019-02-24 03:30:00,5849.021
2019-02-24 04:00:00,5895.9355
2019-02-24 04:30:00,5997.9844
2019-02-24 05:00:00,6018.5425
2019-02-24 05:30:00,6147.7725
2019-02-24 06:00:00,6268.2095
2019-02-24 06:30:00,6497.832
2019-02-24 07:00:00,6632.287
2019-02-24 07:30:00,6837.092
2019-02-24 08:00:00,6954.0386
2019-02-24 08:30:00,6994.489
2019-02-24 09:00:00,7104.085
2019-02-24 09:30:00,7146.4907
2019-02-24 10:00:00,7225.7236
2019-02-24 10:30:00,7126.5444
2019-02-24 11:00:00,7073.2197
2019-02-24 11:30:00,6943.1494
2019-02-24 12:00:00,6909.7124
2019-02-24 12:30:00,6863.7236
2019-02-24 13:00:00,6858.863
2019-02-24 13:30:00,6832.7236
2019-02-24 14:00:00,6896.0728
2019-02-24 14:30:00,6850.2407
2019-02-24 15:00:00,7012.685
2019-02-24 15:30:00,7042.3657
2019-02-24 16:00:00,7268.1475
2019-02-24 16:30:00,7282.2046
2019-02-24 17:00:00,7583.4224
2019-02-24 17:30:00,7682.8315
2019-02-24 18:00:00,7888.159
2019-02-24 18:30:00,7898.017
2019-02-24 19:00:00,7989.889
2019-02-24 19:30:00,8075.3223
2019-02-24 20:00:00,7978.337
2019-02-24 20:30:00,7782.0674
2019-02-24 21:00:00,7548.4272
2019-02-24 21:30:00,7562.046
2019-02-24 22:00:00,7246.697
2019-02-24 22:30:00,7237.677
2019-02-24 23:00:00,6894.165
2019-02-24 23:30:00,6650.5806
2019-02-25 00:00:00,6825.4395
2019-02-25 00:30:00,6700.7456
2019-02-25 01:00:00,6543.072
2019-02-25 01:30:00,6278.1553
2019-02-25 02:00:00,6059.45
2019-02-25 02:30:00,5961.648
2019-02-25 03:00:00,5968.358
2019-02-25 03:30:00,5906.593
2019-02-25 04:00:00,6077.674
2019-02-25 04:30:00,6112.0234
2019-02-25 05:00:00,6635.0776
2019-02-25 05:30:00,6784.855
2019-02-25 06:00:00,7575.066
2019-02-25 06:30:00,7758.075
2019-02-25 07:00:00,8484.206
2019-02-25 07:30:00,8494.818
2019-02-25 08:00:00,8374.372
2019-02-25 08:30:00,8534.479
2019-02-25 09:00:00,8350.056
2019-02-25 09:30:00,8462.914
2019-02-25 10:00:00,8327.779
2019-02-25 10:30:00,8221.496
2019-02-25 11:00:00,7901.126
2019-02-25 11:30:00,7924.6265
2019-02-25 12:00:00,7963.7954
2019-02-25 12:30:00,7896.926
2019-02-25 13:00:00,7854.54
2019-02-25 13:30:00,7854.54
2019-02-25 14:00:00,7975.302
2019-02-25 14:30:00,8067.1475
2019-02-25 15:00:00,8123.1836
2019-02-25 15:30:00,8283.621
2019-02-25 16:00:00,8606.898
2019-02-25 16:30:00,8686.722
2019-02-25 17:00:00,8788.696
2019-02-25 17:30:00,8954.61
2019-02-25 18:00:00,8837.786
2019-02-25 18:30:00,8861.831
2019-02-25 19:00:00,8816.045
2019-02-25 19:30:00,8852.743
2019-02-25 20:00:00,8673.409
2019-02-25 20:30:00,8534.114
2019-02-25 21:00:00,8234.205
2019-02-25 21:30:00,8163.6626
2019-02-25 22:00:00,8011.338
2019-02-25 22:30:00,7948.9097
2019-02-25 23:00:00,7736.7295
2019-02-25 23:30:00,7452.856
2019-02-26 00:00:00,7249.267
2019-02-26 00:30:00,7131.5244
2019-02-26 01:00:00,6829.715
2019-02-26 01:30:00,6613.03
2019-02-26 02:00:00,6360.492
2019-02-26 02:30:00,6212.7905
2019-02-26 03:00:00,6154.107
2019-02-26 03:30:00,6189.2334
2019-02-26 04:00:00,6297.4033
2019-02-26 04:30:00,6606.3066
2019-02-26 05:00:00,6870.881
2019-02-26 05:30:00,7295.853
2019-02-26 06:00:00,7815.781
2019-02-26 06:30:00,8090.8374
2019-02-26 07:00:00,8352.179
2019-02-26 07:30:00,8385.529
2019-02-26 08:00:00,8368.977
2019-02-26 08:30:00,8419.92
2019-02-26 09:00:00,8474.497
2019-02-26 09:30:00,8462.951
2019-02-26 10:00:00,8476.372
2019-02-26 10:30:00,8434.77
2019-02-26 11:00:00,8379.484
2019-02-26 11:30:00,8314.996
2019-02-26 12:00:00,8332.16
2019-02-26 12:30:00,8365.575
2019-02-26 13:00:00,8375.892
2019-02-26 13:30:00,8342.048
2019-02-26 14:00:00,8381.817
2019-02-26 14:30:00,8424.551
2019-02-26 15:00:00,8596.077
2019-02-26 15:30:00,8694.363
2019-02-26 16:00:00,8830.87
2019-02-26 16:30:00,8941.438
2019-02-26 17:00:00,9043.929
2019-02-26 17:30:00,9075.562
2019-02-26 18:00:00,9021.845
2019-02-26 18:30:00,8965.277
2019-02-26 19:00:00,8840.599
2019-02-26 19:30:00,8808.247
2019-02-26 20:00:00,8556.396
2019-02-26 20:30:00,8453.88
2019-02-26 21:00:00,8191.3228
2019-02-26 21:30:00,8119.174
2019-02-26 22:00:00,7976.0156
2019-02-26 22:30:00,7925.184
2019-02-26 23:00:00,7685.3687
2019-02-26 23:30:00,7652.837
2019-02-27 00:00:00,7218.832
2019-02-27 00:30:00,7065.874
2019-02-27 01:00:00,6856.168
2019-02-27 01:30:00,6631.194
2019-02-27 02:00:00,6386.1416
2019-02-27 02:30:00,6329.2026
2019-02-27 03:00:00,6254.3228
2019-02-27 03:30:00,6254.3228
2019-02-27 04:00:00,6341.061
2019-02-27 04:30:00,6470.291
2019-02-27 05:00:00,6714.1055
2019-02-27 05:30:00,7268.5684
2019-02-27 06:00:00,7631.0625
2019-02-27 06:30:00,7845.044
2019-02-27 07:00:00,8131.025
2019-02-27 07:30:00,8101.841
2019-02-27 08:00:00,8142.8364
2019-02-27 08:30:00,8167.4927
2019-02-27 09:00:00,8179.9126
2019-02-27 09:30:00,8159.0522
2019-02-27 10:00:00,8221.245
2019-02-27 10:30:00,8194.851
2019-02-27 11:00:00,8257.298
2019-02-27 11:30:00,8354.388
2019-02-27 12:00:00,8389.746
2019-02-27 12:30:00,8485.213
2019-02-27 13:00:00,8466.37
2019-02-27 13:30:00,8526.987
2019-02-27 14:00:00,8621.657
2019-02-27 14:30:00,8713.631
2019-02-27 15:00:00,8861.006
2019-02-27 15:30:00,9088.141
2019-02-27 16:00:00,9309.244
2019-02-27 16:30:00,9400.206
2019-02-27 17:00:00,9403.876
2019-02-27 17:30:00,9291.131
2019-02-27 18:00:00,9265.616
2019-02-27 18:30:00,9173.789
2019-02-27 19:00:00,9071.335
2019-02-27 19:30:00,9071.335
2019-02-27 20:00:00,8772.811
2019-02-27 20:30:00,8575.58
2019-02-27 21:00:00,8330.039
2019-02-27 21:30:00,8114.4424
2019-02-27 22:00:00,7847.7627
2019-02-27 22:30:00,7765.3267
2019-02-27 23:00:00,7616.6807
2019-02-27 23:30:00,7425.4927
2019-02-28 00:00:00,7436.278
2019-02-28 00:30:00,7139.0303
2019-02-28 01:00:00,6998.0225
2019-02-28 01:30:00,6686.296
2019-02-28 02:00:00,6449.9897
2019-02-28 02:30:00,6320.2954
2019-02-28 03:00:00,6316.6074
2019-02-28 03:30:00,6316.6074
2019-02-28 04:00:00,6350.365
2019-02-28 04:30:00,6545.6494
2019-02-28 05:00:00,6838.929
2019-02-28 05:30:00,7291.584
2019-02-28 06:00:00,7698.1445
2019-02-28 06:30:00,8040.037
2019-02-28 07:00:00,8394.776
2019-02-28 07:30:00,8455.517
2019-02-28 08:00:00,8463.562
2019-02-28 08:30:00,8597.904
2019-02-28 09:00:00,8726.8955
2019-02-28 09:30:00,8772.037
2019-02-28 10:00:00,8765.779
2019-02-28 10:30:00,8702.714
2019-02-28 11:00:00,8747.745
2019-02-28 11:30:00,8776.474
2019-02-28 12:00:00,8839.158
2019-02-28 12:30:00,8875.194
2019-02-28 13:00:00,8983.46
2019-02-28 13:30:00,9027.457
2019-02-28 14:00:00,9136.035
2019-02-28 14:30:00,9153.494
2019-02-28 15:00:00,9292.943
2019-02-28 15:30:00,9381.075
2019-02-28 16:00:00,9235.784
2019-02-28 16:30:00,9288.071
2019-02-28 17:00:00,9265.006
2019-02-28 17:30:00,9210.334
2019-02-28 18:00:00,9243.655
2019-02-28 18:30:00,9408.751
2019-02-28 19:00:00,9287.893
2019-02-28 19:30:00,9222.499
2019-02-28 20:00:00,9027.909
2019-02-28 20:30:00,8847.349
2019-02-28 21:00:00,8583.279
2019-02-28 21:30:00,8458.057
2019-02-28 22:00:00,8237.394
2019-02-28 22:30:00,8142.3853
2019-02-28 23:00:00,7938.813
2019-02-28 23:30:00,7798.916
2019-03-01 00:00:00,7437.277
2019-03-01 00:30:00,7247.84
2019-03-01 01:00:00,7021.0254
2019-03-01 01:30:00,6826.073
2019-03-01 02:00:00,6568.098
2019-03-01 02:30:00,6455.9604
2019-03-01 03:00:00,6389.2026
2019-03-01 03:30:00,6457.698
2019-03-01 04:00:00,6521.8877
2019-03-01 04:30:00,6682.591
2019-03-01 05:00:00,6960.3975
2019-03-01 05:30:00,7402.8486
2019-03-01 06:00:00,7819.3687
2019-03-01 06:30:00,8186.464
2019-03-01 07:00:00,8436.425
2019-03-01 07:30:00,8495.613
2019-03-01 08:00:00,8558.698
2019-03-01 08:30:00,8684.284
2019-03-01 09:00:00,8663.637
2019-03-01 09:30:00,8731.327
2019-03-01 10:00:00,8792.301
2019-03-01 10:30:00,8814.3955
2019-03-01 11:00:00,8831.661
2019-03-01 11:30:00,8840.596
2019-03-01 12:00:00,8797.564
2019-03-01 12:30:00,8836.673
2019-03-01 13:00:00,8928.441
2019-03-01 13:30:00,8966.952
2019-03-01 14:00:00,9078.839
2019-03-01 14:30:00,9193.52
2019-03-01 15:00:00,9430.65
2019-03-01 15:30:00,9662.126
2019-03-01 16:00:00,9793.272
2019-03-01 16:30:00,9821.162
2019-03-01 17:00:00,9739.327
2019-03-01 17:30:00,9547.122
2019-03-01 18:00:00,9347.711
2019-03-01 18:30:00,9060.961
2019-03-01 19:00:00,9224.258
2019-03-01 19:30:00,9173.278
2019-03-01 20:00:00,8905.32
2019-03-01 20:30:00,8724.765
2019-03-01 21:00:00,8548.116
2019-03-01 21:30:00,8419.583
2019-03-01 22:00:00,8125.437
2019-03-01 22:30:00,8074.6367
2019-03-01 23:00:00,7823.304
2019-03-01 23:30:00,7656.271
2019-03-02 00:00:00,7559.964
2019-03-02 00:30:00,7346.6045
2019-03-02 01:00:00,7115.816
2019-03-02 01:30:00,6877.8926
2019-03-02 02:00:00,6667.8096
2019-03-02 02:30:00,6546.4785
2019-03-02 03:00:00,6439.5195
2019-03-02 03:30:00,6410.54
2019-03-02 04:00:00,6288.5547
2019-03-02 04:30:00,6560.9087
2019-03-02 05:00:00,6471.2524
2019-03-02 05:30:00,6788.614
2019-03-02 06:00:00,6713.482
2019-03-02 06:30:00,7045.6055
2019-03-02 07:00:00,7307.797
2019-03-02 07:30:00,7351.639
2019-03-02 08:00:00,7738.7866
2019-03-02 08:30:00,7773.909
2019-03-02 09:00:00,7928.73
2019-03-02 09:30:00,7928.3364
2019-03-02 10:00:00,7988.8496
2019-03-02 10:30:00,7987.511
2019-03-02 11:00:00,8017.447
2019-03-02 11:30:00,7977.8516
2019-03-02 12:00:00,7918.374
2019-03-02 12:30:00,7918.374
2019-03-02 13:00:00,8002.274
2019-03-02 13:30:00,7998.799
2019-03-02 14:00:00,7967.8433
2019-03-02 14:30:00,8020.2993
2019-03-02 15:00:00,8226.538
2019-03-02 15:30:00,8285.708
2019-03-02 16:00:00,8574.617
2019-03-02 16:30:00,8724.58
2019-03-02 17:00:00,8708.483
2019-03-02 17:30:00,8504.929
2019-03-02 18:00:00,8680.682
2019-03-02 18:30:00,8555.305
2019-03-02 19:00:00,8340.152
2019-03-02 19:30:00,8353.6
2019-03-02 20:00:00,8181.6753
2019-03-02 20:30:00,7992.5513
2019-03-02 21:00:00,7758.8867
2019-03-02 21:30:00,7758.8867
2019-03-02 22:00:00,7487.325
2019-03-02 22:30:00,7498.118
2019-03-02 23:00:00,7260.0215
2019-03-02 23:30:00,7208.8706
2019-03-03 00:00:00,7156.612
2019-03-03 00:30:00,6961.469
2019-03-03 01:00:00,6884.775
2019-03-03 01:30:00,6553.966
2019-03-03 02:00:00,6294.3325
2019-03-03 02:30:00,6265.6504
2019-03-03 03:00:00,6262.2593
2019-03-03 03:30:00,6280.715
2019-03-03 04:00:00,6318.976
2019-03-03 04:30:00,6385.162
2019-03-03 05:00:00,6354.0005
2019-03-03 05:30:00,6605.096
2019-03-03 06:00:00,6606.9307
2019-03-03 06:30:00,6858.3477
2019-03-03 07:00:00,6990.1626
2019-03-03 07:30:00,7204.3945
2019-03-03 08:00:00,7314.2285
2019-03-03 08:30:00,7517.699
2019-03-03 09:00:00,7751.312
2019-03-03 09:30:00,7832.826
2019-03-03 10:00:00,7897.659
2019-03-03 10:30:00,7853.0522
2019-03-03 11:00:00,7861.5215
2019-03-03 11:30:00,7950.6274
2019-03-03 12:00:00,7849.7866
2019-03-03 12:30:00,7901.086
2019-03-03 13:00:00,7849.0386
2019-03-03 13:30:00,8059.3613
2019-03-03 14:00:00,8039.365
2019-03-03 14:30:00,8123.5195
2019-03-03 15:00:00,8307.484
2019-03-03 15:30:00,8344.981
2019-03-03 16:00:00,8516.97
2019-03-03 16:30:00,8553.529
2019-03-03 17:00:00,8789.656
2019-03-03 17:30:00,8764.278
2019-03-03 18:00:00,8795.087
2019-03-03 18:30:00,8687.955
2019-03-03 19:00:00,8671.029
2019-03-03 19:30:00,8671.029
2019-03-03 20:00:00,8522.807
2019-03-03 20:30:00,8361.724
2019-03-03 21:00:00,8137.6094
2019-03-03 21:30:00,7944.5664
2019-03-03 22:00:00,7737.1255
2019-03-03 22:30:00,7721.826
2019-03-03 23:00:00,7435.7393
2019-03-03 23:30:00,7187.8613
2019-03-04 00:00:00,7228.327
2019-03-04 00:30:00,7008.0264
2019-03-04 01:00:00,6909.721
2019-03-04 01:30:00,6715.0386
2019-03-04 02:00:00,6450.087
2019-03-04 02:30:00,6400.2163
2019-03-04 03:00:00,6393.8467
2019-03-04 03:30:00,6393.8467
2019-03-04 04:00:00,6533.621
2019-03-04 04:30:00,6632.2266
2019-03-04 05:00:00,7202.52
2019-03-04 05:30:00,7411.072
2019-03-04 06:00:00,7785.1753
2019-03-04 06:30:00,7925.9097
2019-03-04 07:00:00,8454.763
2019-03-04 07:30:00,8708.223
2019-03-04 08:00:00,8632.842
2019-03-04 08:30:00,8833.537
2019-03-04 09:00:00,8873.262
2019-03-04 09:30:00,8845.289
2019-03-04 10:00:00,8860.67
2019-03-04 10:30:00,8893.2705
2019-03-04 11:00:00,9000.574
2019-03-04 11:30:00,9091.1
2019-03-04 12:00:00,9182.858
2019-03-04 12:30:00,9227.406
2019-03-04 13:00:00,9275.329
2019-03-04 13:30:00,9568.775
2019-03-04 14:00:00,9650.736
2019-03-04 14:30:00,9866.988
2019-03-04 15:00:00,9933.869
2019-03-04 15:30:00,10079.425
2019-03-04 16:00:00,10162.743
2019-03-04 16:30:00,10177.874
2019-03-04 17:00:00,10310.051
2019-03-04 17:30:00,10339.028
2019-03-04 18:00:00,10315.578
2019-03-04 18:30:00,10233.561
2019-03-04 19:00:00,9875.368
2019-03-04 19:30:00,9883.185
2019-03-04 20:00:00,9630.221
2019-03-04 20:30:00,9434.06
2019-03-04 21:00:00,9076.303
2019-03-04 21:30:00,8912.521
2019-03-04 22:00:00,8581.9
2019-03-04 22:30:00,8530.1875
2019-03-04 23:00:00,8159.898
2019-03-04 23:30:00,8101.659
2019-03-05 00:00:00,7695.5874
2019-03-05 00:30:00,7639.7373
2019-03-05 01:00:00,7410.629
2019-03-05 01:30:00,7096.776
2019-03-05 02:00:00,6773.2656
2019-03-05 02:30:00,6673.883
2019-03-05 03:00:00,6643.743
2019-03-05 03:30:00,6713.069
2019-03-05 04:00:00,6693.966
2019-03-05 04:30:00,6868.12
2019-03-05 05:00:00,7089.124
2019-03-05 05:30:00,7579.099
2019-03-05 06:00:00,8019.9673
2019-03-05 06:30:00,8363.006
2019-03-05 07:00:00,8594.35
2019-03-05 07:30:00,8760.829
2019-03-05 08:00:00,8809.89
2019-03-05 08:30:00,9011.574
2019-03-05 09:00:00,9061.448
2019-03-05 09:30:00,9166.021
2019-03-05 10:00:00,9185.887
2019-03-05 10:30:00,9163.104
2019-03-05 11:00:00,9304.403
2019-03-05 11:30:00,9324.867
2019-03-05 12:00:00,9558.369
2019-03-05 12:30:00,9737.308
2019-03-05 13:00:00,9964.252
2019-03-05 13:30:00,10107.135
2019-03-05 14:00:00,10217.886
2019-03-05 14:30:00,10479.789
2019-03-05 15:00:00,10777.189
2019-03-05 15:30:00,11053.732
2019-03-05 16:00:00,11139.805
2019-03-05 16:30:00,11162.322
2019-03-05 17:00:00,10999.475
2019-03-05 17:30:00,10629.795
2019-03-05 18:00:00,10411.228
2019-03-05 18:30:00,10126.991
2019-03-05 19:00:00,10037.795
2019-03-05 19:30:00,9867.118
2019-03-05 20:00:00,9461.285
2019-03-05 20:30:00,9191.655
2019-03-05 21:00:00,8970.155
2019-03-05 21:30:00,8750.97
2019-03-05 22:00:00,8395.887
2019-03-05 22:30:00,8360.373
2019-03-05 23:00:00,8133.966
2019-03-05 23:30:00,7948.6196
2019-03-06 00:00:00,7789.3076
2019-03-06 00:30:00,7601.974
2019-03-06 01:00:00,7348.804
2019-03-06 01:30:00,7093.0654
2019-03-06 02:00:00,6923.546
2019-03-06 02:30:00,6761.9956
2019-03-06 03:00:00,6614.328
2019-03-06 03:30:00,6642.343
2019-03-06 04:00:00,6798.4688
2019-03-06 04:30:00,6966.86
2019-03-06 05:00:00,7225.807
2019-03-06 05:30:00,7795.5
2019-03-06 06:00:00,8169.1567
2019-03-06 06:30:00,8549.505
2019-03-06 07:00:00,8809.459
2019-03-06 07:30:00,8941.401
2019-03-06 08:00:00,8953.0205
2019-03-06 08:30:00,9047.293
2019-03-06 09:00:00,9118.88
2019-03-06 09:30:00,9150.324
2019-03-06 10:00:00,9173.101
2019-03-06 10:30:00,9119.656
2019-03-06 11:00:00,9177.493
2019-03-06 11:30:00,9290.894
2019-03-06 12:00:00,9358.98
2019-03-06 12:30:00,9535.715
2019-03-06 13:00:00,9765.134
2019-03-06 13:30:00,9860.172
2019-03-06 14:00:00,10033.344
2019-03-06 14:30:00,10443.965
2019-03-06 15:00:00,10711.156
2019-03-06 15:30:00,10907.281
2019-03-06 16:00:00,10759.997
2019-03-06 16:30:00,10597.262
2019-03-06 17:00:00,10683.992
2019-03-06 17:30:00,10683.992
2019-03-06 18:00:00,10348.042
2019-03-06 18:30:00,10309.751
2019-03-06 19:00:00,10091.248
2019-03-06 19:30:00,9977.202
2019-03-06 20:00:00,9679.327
2019-03-06 20:30:00,9317.09
2019-03-06 21:00:00,9083.627
2019-03-06 21:30:00,8912.014
2019-03-06 22:00:00,8501.666
2019-03-06 22:30:00,8404.996
2019-03-06 23:00:00,8106.882
2019-03-06 23:30:00,7908.068
2019-03-07 00:00:00,7759.4824
2019-03-07 00:30:00,7509.337
2019-03-07 01:00:00,7238.0854
2019-03-07 01:30:00,6919.1094
2019-03-07 02:00:00,6605.978
2019-03-07 02:30:00,6445.4653
2019-03-07 03:00:00,6397.02
2019-03-07 03:30:00,6446.0767
2019-03-07 04:00:00,6485.17
2019-03-07 04:30:00,6768.751
2019-03-07 05:00:00,7089.4595
2019-03-07 05:30:00,7573.4844
2019-03-07 06:00:00,7999.779
2019-03-07 06:30:00,8364.179
2019-03-07 07:00:00,8638.567
2019-03-07 07:30:00,8743.387
2019-03-07 08:00:00,8930.633
2019-03-07 08:30:00,8946.813
2019-03-07 09:00:00,8860.478
2019-03-07 09:30:00,8184.3965
2019-03-07 10:00:00,8270.948
2019-03-07 10:30:00,8374.094
2019-03-07 11:00:00,8285.014
2019-03-07 11:30:00,8360.227
2019-03-07 12:00:00,8414.289
2019-03-07 12:30:00,8791.2295
2019-03-07 13:00:00,9002.818
2019-03-07 13:30:00,9713.668
2019-03-07 14:00:00,9857.346
2019-03-07 14:30:00,9567.501
2019-03-07 15:00:00,9614.471
2019-03-07 15:30:00,9607.229
2019-03-07 16:00:00,9591.682
2019-03-07 16:30:00,9435.369
2019-03-07 17:00:00,9398.159
2019-03-07 17:30:00,9398.367
2019-03-07 18:00:00,9309.249
2019-03-07 18:30:00,9406.426
2019-03-07 19:00:00,9308.019
2019-03-07 19:30:00,9248.748
2019-03-07 20:00:00,9002.077
2019-03-07 20:30:00,8767.669
2019-03-07 21:00:00,8417.741
2019-03-07 21:30:00,8268.321
2019-03-07 22:00:00,7999.125
2019-03-07 22:30:00,7853.887
2019-03-07 23:00:00,7696.2993
2019-03-07 23:30:00,7561.0566
2019-03-08 00:00:00,7362.85
2019-03-08 00:30:00,7192.9863
2019-03-08 01:00:00,6972.521
2019-03-08 01:30:00,6673.31
2019-03-08 02:00:00,6509.47
2019-03-08 02:30:00,6388.5786
2019-03-08 03:00:00,6320.8545
2019-03-08 03:30:00,6320.8545
2019-03-08 04:00:00,6368.097
2019-03-08 04:30:00,6549.4097
2019-03-08 05:00:00,6825.865
2019-03-08 05:30:00,7285.596
2019-03-08 06:00:00,7680.7036
2019-03-08 06:30:00,8031.237
2019-03-08 07:00:00,8254.621
2019-03-08 07:30:00,8254.621
2019-03-08 08:00:00,8236.867
2019-03-08 08:30:00,8213.274
2019-03-08 09:00:00,8185.76
2019-03-08 09:30:00,8163.5312
2019-03-08 10:00:00,8196.998
2019-03-08 10:30:00,8138.969
2019-03-08 11:00:00,8151.726
2019-03-08 11:30:00,8092.045
2019-03-08 12:00:00,7998.6914
2019-03-08 12:30:00,7967.8496
2019-03-08 13:00:00,8041.214
2019-03-08 13:30:00,8077.48
2019-03-08 14:00:00,8081.8613
2019-03-08 14:30:00,8112.4873
2019-03-08 15:00:00,8212.157
2019-03-08 15:30:00,8277.362
2019-03-08 16:00:00,8358.702
2019-03-08 16:30:00,8460.819
2019-03-08 17:00:00,8396.815
2019-03-08 17:30:00,8337.076
2019-03-08 18:00:00,8240.327
2019-03-08 18:30:00,8188.906
2019-03-08 19:00:00,8235.928
2019-03-08 19:30:00,8206.914
2019-03-08 20:00:00,8110.15
2019-03-08 20:30:00,7936.092
2019-03-08 21:00:00,7702.2104
2019-03-08 21:30:00,7618.839
2019-03-08 22:00:00,7630.808
2019-03-08 22:30:00,7623.1924
2019-03-08 23:00:00,7567.391
2019-03-08 23:30:00,7469.7554
2019-03-09 00:00:00,7158.666
2019-03-09 00:30:00,7053.1313
2019-03-09 01:00:00,6837.9077
2019-03-09 01:30:00,6658.912
2019-03-09 02:00:00,6347.058
2019-03-09 02:30:00,6295.5347
2019-03-09 03:00:00,6184.3613
2019-03-09 03:30:00,6229.6104
2019-03-09 04:00:00,6169.313
2019-03-09 04:30:00,6383.822
2019-03-09 05:00:00,6258.8745
2019-03-09 05:30:00,6561.986
2019-03-09 06:00:00,6635.818
2019-03-09 06:30:00,6853.804
2019-03-09 07:00:00,7135.392
2019-03-09 07:30:00,7124.427
2019-03-09 08:00:00,7612.34
2019-03-09 08:30:00,7588.9604
2019-03-09 09:00:00,7708.206
2019-03-09 09:30:00,7723.0283
2019-03-09 10:00:00,7621.739
2019-03-09 10:30:00,7627.0405
2019-03-09 11:00:00,7617.3926
2019-03-09 11:30:00,7617.3926
2019-03-09 12:00:00,7541.131
2019-03-09 12:30:00,7632.2007
2019-03-09 13:00:00,7682.0
2019-03-09 13:30:00,7695.9766
2019-03-09 14:00:00,7913.8994
2019-03-09 14:30:00,8034.9165
2019-03-09 15:00:00,8157.7456
2019-03-09 15:30:00,8382.547
2019-03-09 16:00:00,8514.361
2019-03-09 16:30:00,8811.994
2019-03-09 17:00:00,8757.357
2019-03-09 17:30:00,8670.07
2019-03-09 18:00:00,8735.933
2019-03-09 18:30:00,8652.27
2019-03-09 19:00:00,8614.275
2019-03-09 19:30:00,8496.961
2019-03-09 20:00:00,8280.025
2019-03-09 20:30:00,8182.27
2019-03-09 21:00:00,7955.195
2019-03-09 21:30:00,7849.5454
2019-03-09 22:00:00,7645.7163
2019-03-09 22:30:00,7588.8726
2019-03-09 23:00:00,7255.379
2019-03-09 23:30:00,7180.731
2019-03-10 00:00:00,7242.6743
2019-03-10 00:30:00,6989.243
2019-03-10 01:00:00,6872.4614
2019-03-10 01:30:00,6574.4824
2019-03-10 02:00:00,6274.789
2019-03-10 02:30:00,6131.7505
2019-03-10 03:00:00,6134.964
2019-03-10 03:30:00,6078.732
2019-03-10 04:00:00,6043.752
2019-03-10 04:30:00,6115.616
2019-03-10 05:00:00,6216.274
2019-03-10 05:30:00,6451.617
2019-03-10 06:00:00,6664.5405
2019-03-10 06:30:00,6907.7144
2019-03-10 07:00:00,6986.0566
2019-03-10 07:30:00,7215.597
2019-03-10 08:00:00,7448.032
2019-03-10 08:30:00,7561.5596
2019-03-10 09:00:00,7652.032
2019-03-10 09:30:00,7676.987
2019-03-10 10:00:00,7724.5166
2019-03-10 10:30:00,7664.712
2019-03-10 11:00:00,7859.9414
2019-03-10 11:30:00,7830.336
2019-03-10 12:00:00,7823.2866
2019-03-10 12:30:00,7899.852
2019-03-10 13:00:00,7872.6294
2019-03-10 13:30:00,7701.736
2019-03-10 14:00:00,7738.1904
2019-03-10 14:30:00,7727.599
2019-03-10 15:00:00,7760.9556
2019-03-10 15:30:00,7800.7397
2019-03-10 16:00:00,7978.9517
2019-03-10 16:30:00,7969.2075
2019-03-10 17:00:00,8348.649
2019-03-10 17:30:00,8391.7
2019-03-10 18:00:00,8506.685
2019-03-10 18:30:00,8454.491
2019-03-10 19:00:00,8453.208
2019-03-10 19:30:00,8367.239
2019-03-10 20:00:00,8301.135
2019-03-10 20:30:00,8178.0312
2019-03-10 21:00:00,7846.8853
2019-03-10 21:30:00,7759.4546
2019-03-10 22:00:00,7531.98
2019-03-10 22:30:00,7437.555
2019-03-10 23:00:00,7240.353
2019-03-10 23:30:00,7049.674
2019-03-11 00:00:00,7013.7427
2019-03-11 00:30:00,6800.1343
2019-03-11 01:00:00,6784.756
2019-03-11 01:30:00,6546.144
2019-03-11 02:00:00,6308.9326
2019-03-11 02:30:00,6281.1567
2019-03-11 03:00:00,6232.9487
2019-03-11 03:30:00,6232.9487
2019-03-11 04:00:00,6391.823
2019-03-11 04:30:00,6468.385
2019-03-11 05:00:00,7021.726
2019-03-11 05:30:00,7187.649
2019-03-11 06:00:00,7724.667
2019-03-11 06:30:00,7854.476
2019-03-11 07:00:00,8507.168
2019-03-11 07:30:00,8590.179
2019-03-11 08:00:00,8653.321
2019-03-11 08:30:00,8784.283
2019-03-11 09:00:00,8645.207
2019-03-11 09:30:00,8669.944
2019-03-11 10:00:00,8698.33
2019-03-11 10:30:00,8698.33
2019-03-11 11:00:00,8730.985
2019-03-11 11:30:00,8728.556
2019-03-11 12:00:00,8861.783
2019-03-11 12:30:00,8938.123
2019-03-11 13:00:00,9151.11
2019-03-11 13:30:00,9328.852
2019-03-11 14:00:00,9643.187
2019-03-11 14:30:00,9852.913
2019-03-11 15:00:00,9936.398
2019-03-11 15:30:00,10138.186
2019-03-11 16:00:00,10109.096
2019-03-11 16:30:00,10219.644
2019-03-11 17:00:00,9887.838
2019-03-11 17:30:00,10099.262
2019-03-11 18:00:00,10108.347
2019-03-11 18:30:00,10093.49
2019-03-11 19:00:00,9866.375
2019-03-11 19:30:00,9807.15
2019-03-11 20:00:00,9776.276
2019-03-11 20:30:00,9666.963
2019-03-11 21:00:00,9393.542
2019-03-11 21:30:00,9215.916
2019-03-11 22:00:00,8787.581
2019-03-11 22:30:00,8540.612
2019-03-11 23:00:00,8239.881
2019-03-11 23:30:00,7985.295
2019-03-12 00:00:00,7803.4263
2019-03-12 00:30:00,7694.94
2019-03-12 01:00:00,7454.31
2019-03-12 01:30:00,7069.843
2019-03-12 02:00:00,6861.3096
2019-03-12 02:30:00,6696.8643
2019-03-12 03:00:00,6572.655
2019-03-12 03:30:00,6154.9526
2019-03-12 04:00:00,6591.789
2019-03-12 04:30:00,6862.33
2019-03-12 05:00:00,7028.8257
2019-03-12 05:30:00,7435.0444
2019-03-12 06:00:00,7942.291
2019-03-12 06:30:00,8189.4824
2019-03-12 07:00:00,8492.666
2019-03-12 07:30:00,8614.206
2019-03-12 08:00:00,8673.576
2019-03-12 08:30:00,8734.296
2019-03-12 09:00:00,8839.098
2019-03-12 09:30:00,8881.025
2019-03-12 10:00:00,8888.9795
2019-03-12 10:30:00,8837.631
2019-03-12 11:00:00,8915.36
2019-03-12 11:30:00,8952.725
2019-03-12 12:00:00,9001.693
2019-03-12 12:30:00,9109.307
2019-03-12 13:00:00,9089.047
2019-03-12 13:30:00,9208.307
2019-03-12 14:00:00,9351.059
2019-03-12 14:30:00,9374.873
2019-03-12 15:00:00,9569.358
2019-03-12 15:30:00,9656.122
2019-03-12 16:00:00,9789.391
2019-03-12 16:30:00,9823.005
2019-03-12 17:00:00,9849.447
2019-03-12 17:30:00,9808.463
2019-03-12 18:00:00,9792.838
2019-03-12 18:30:00,9644.691
2019-03-12 19:00:00,9537.832
2019-03-12 19:30:00,9369.985
2019-03-12 20:00:00,9098.655
2019-03-12 20:30:00,8953.41
2019-03-12 21:00:00,8707.648
2019-03-12 21:30:00,8560.362
2019-03-12 22:00:00,8337.64
2019-03-12 22:30:00,8242.173
2019-03-12 23:00:00,8035.737
2019-03-12 23:30:00,7894.544
2019-03-13 00:00:00,7806.692
2019-03-13 00:30:00,7615.0815
2019-03-13 01:00:00,7336.079
2019-03-13 01:30:00,7019.321
2019-03-13 02:00:00,6680.9243
2019-03-13 02:30:00,6575.902
2019-03-13 03:00:00,6501.827
2019-03-13 03:30:00,6501.8086
2019-03-13 04:00:00,6505.96
2019-03-13 04:30:00,6787.7812
2019-03-13 05:00:00,7090.985
2019-03-13 05:30:00,7656.288
2019-03-13 06:00:00,8051.576
2019-03-13 06:30:00,8364.877
2019-03-13 07:00:00,8696.078
2019-03-13 07:30:00,8773.336
2019-03-13 08:00:00,8853.407
2019-03-13 08:30:00,8964.753
2019-03-13 09:00:00,8966.608
2019-03-13 09:30:00,8971.316
2019-03-13 10:00:00,8888.389
2019-03-13 10:30:00,8864.982
2019-03-13 11:00:00,9036.371
2019-03-13 11:30:00,9025.942
2019-03-13 12:00:00,9020.496
2019-03-13 12:30:00,8832.995
2019-03-13 13:00:00,9230.934
2019-03-13 13:30:00,9219.436
2019-03-13 14:00:00,9271.483
2019-03-13 14:30:00,9659.044
2019-03-13 15:00:00,9908.439
2019-03-13 15:30:00,10086.481
2019-03-13 16:00:00,10726.232
2019-03-13 16:30:00,10919.778
2019-03-13 17:00:00,10692.843
2019-03-13 17:30:00,10813.1455
2019-03-13 18:00:00,10576.362
2019-03-13 18:30:00,10394.149
2019-03-13 19:00:00,10343.733
2019-03-13 19:30:00,10190.376
2019-03-13 20:00:00,9978.379
2019-03-13 20:30:00,9483.197
2019-03-13 21:00:00,9071.892
2019-03-13 21:30:00,8745.147
2019-03-13 22:00:00,8429.188
2019-03-13 22:30:00,8269.317
2019-03-13 23:00:00,8037.5464
2019-03-13 23:30:00,7824.9077
2019-03-14 00:00:00,7482.002
2019-03-14 00:30:00,7343.537
2019-03-14 01:00:00,7111.2563
2019-03-14 01:30:00,6880.902
2019-03-14 02:00:00,6418.5884
2019-03-14 02:30:00,6360.983
2019-03-14 03:00:00,6263.552
2019-03-14 03:30:00,6308.8525
2019-03-14 04:00:00,6412.698
2019-03-14 04:30:00,6734.307
2019-03-14 05:00:00,6932.7344
2019-03-14 05:30:00,7488.7466
2019-03-14 06:00:00,7957.3394
2019-03-14 06:30:00,8261.136
2019-03-14 07:00:00,8545.041
2019-03-14 07:30:00,8611.983
2019-03-14 08:00:00,8584.575
2019-03-14 08:30:00,8625.097
2019-03-14 09:00:00,8643.678
2019-03-14 09:30:00,8643.678
2019-03-14 10:00:00,8593.183
2019-03-14 10:30:00,8581.52
2019-03-14 11:00:00,8500.184
2019-03-14 11:30:00,8507.865
2019-03-14 12:00:00,8501.35
2019-03-14 12:30:00,8501.35
2019-03-14 13:00:00,8516.253
2019-03-14 13:30:00,8492.005
2019-03-14 14:00:00,8455.914
2019-03-14 14:30:00,8496.584
2019-03-14 15:00:00,8594.129
2019-03-14 15:30:00,8642.352
2019-03-14 16:00:00,8758.484
2019-03-14 16:30:00,8762.614
2019-03-14 17:00:00,8883.382
2019-03-14 17:30:00,8792.666
2019-03-14 18:00:00,8791.033
2019-03-14 18:30:00,8791.033
2019-03-14 19:00:00,8822.018
2019-03-14 19:30:00,8735.925
2019-03-14 20:00:00,8498.906
2019-03-14 20:30:00,8366.978
2019-03-14 21:00:00,8105.4644
2019-03-14 21:30:00,8047.428
2019-03-14 22:00:00,7778.166
2019-03-14 22:30:00,7783.046
2019-03-14 23:00:00,7652.8423
2019-03-14 23:30:00,7535.9795
2019-03-15 00:00:00,7388.1445
2019-03-15 00:30:00,7223.033
2019-03-15 01:00:00,7044.038
2019-03-15 01:30:00,6772.5986
2019-03-15 02:00:00,6485.6074
2019-03-15 02:30:00,6408.207
2019-03-15 03:00:00,6355.9077
2019-03-15 03:30:00,6338.2046
2019-03-15 04:00:00,6465.751
2019-03-15 04:30:00,6658.1724
2019-03-15 05:00:00,6947.142
2019-03-15 05:30:00,7445.893
2019-03-15 06:00:00,7941.9546
2019-03-15 06:30:00,8329.607
2019-03-15 07:00:00,8630.275
2019-03-15 07:30:00,8781.895
2019-03-15 08:00:00,8765.521
2019-03-15 08:30:00,8892.581
2019-03-15 09:00:00,8924.118
2019-03-15 09:30:00,8996.0205
2019-03-15 10:00:00,8991.751
2019-03-15 10:30:00,8917.184
2019-03-15 11:00:00,8922.86
2019-03-15 11:30:00,8982.898
2019-03-15 12:00:00,8932.82
2019-03-15 12:30:00,8884.642
2019-03-15 13:00:00,8879.868
2019-03-15 13:30:00,8923.012
2019-03-15 14:00:00,9042.168
2019-03-15 14:30:00,9123.088
2019-03-15 15:00:00,9280.123
2019-03-15 15:30:00,9366.446
2019-03-15 16:00:00,9474.917
2019-03-15 16:30:00,9388.743
2019-03-15 17:00:00,9321.499
2019-03-15 17:30:00,9219.277
2019-03-15 18:00:00,9106.488
2019-03-15 18:30:00,9018.483
2019-03-15 19:00:00,8985.76
2019-03-15 19:30:00,8787.067
2019-03-15 20:00:00,8604.349
2019-03-15 20:30:00,8296.8
2019-03-15 21:00:00,8090.5215
2019-03-15 21:30:00,7989.8047
2019-03-15 22:00:00,7869.0405
2019-03-15 22:30:00,7799.6055
2019-03-15 23:00:00,7667.242
2019-03-15 23:30:00,7492.1846
2019-03-16 00:00:00,7250.8193
2019-03-16 00:30:00,7142.616
2019-03-16 01:00:00,6898.727
2019-03-16 01:30:00,6680.149
2019-03-16 02:00:00,6437.9116
2019-03-16 02:30:00,6322.9346
2019-03-16 03:00:00,6237.0176
2019-03-16 03:30:00,6194.2983
2019-03-16 04:00:00,6104.5044
2019-03-16 04:30:00,6306.1934
2019-03-16 05:00:00,6236.532
2019-03-16 05:30:00,6567.9424
2019-03-16 06:00:00,6655.009
2019-03-16 06:30:00,6806.5986
2019-03-16 07:00:00,7163.2725
2019-03-16 07:30:00,7191.794
2019-03-16 08:00:00,7597.849
2019-03-16 08:30:00,7588.8477
2019-03-16 09:00:00,7703.1406
2019-03-16 09:30:00,7763.78
2019-03-16 10:00:00,7707.0815
2019-03-16 10:30:00,7650.238
2019-03-16 11:00:00,7668.065
2019-03-16 11:30:00,7668.065
2019-03-16 12:00:00,7600.141
2019-03-16 12:30:00,7507.9854
2019-03-16 13:00:00,7412.547
2019-03-16 13:30:00,7351.296
2019-03-16 14:00:00,7306.767
2019-03-16 14:30:00,7306.767
2019-03-16 15:00:00,7347.3716
2019-03-16 15:30:00,7419.9546
2019-03-16 16:00:00,7521.108
2019-03-16 16:30:00,7491.1055
2019-03-16 17:00:00,7715.619
2019-03-16 17:30:00,7629.0513
2019-03-16 18:00:00,7705.878
2019-03-16 18:30:00,7655.556
2019-03-16 19:00:00,7711.1104
2019-03-16 19:30:00,7681.108
2019-03-16 20:00:00,7526.1665
2019-03-16 20:30:00,7461.6035
2019-03-16 21:00:00,7335.802
2019-03-16 21:30:00,7295.9707
2019-03-16 22:00:00,7240.3877
2019-03-16 22:30:00,7037.9976
2019-03-16 23:00:00,6907.5024
2019-03-16 23:30:00,7037.87
2019-03-17 00:00:00,6782.2856
2019-03-17 00:30:00,6559.656
2019-03-17 01:00:00,6472.842
2019-03-17 01:30:00,6132.527
2019-03-17 02:00:00,5935.2573
2019-03-17 02:30:00,5823.5923
2019-03-17 03:00:00,5747.0034
2019-03-17 03:30:00,5749.104
2019-03-17 04:00:00,5771.465
2019-03-17 04:30:00,5900.6494
2019-03-17 05:00:00,5953.1836
2019-03-17 05:30:00,6055.763
2019-03-17 06:00:00,6286.3135
2019-03-17 06:30:00,6443.2847
2019-03-17 07:00:00,6687.3657
2019-03-17 07:30:00,6866.2705
2019-03-17 08:00:00,7068.8555
2019-03-17 08:30:00,7257.3086
2019-03-17 09:00:00,7372.77
2019-03-17 09:30:00,7397.081
2019-03-17 10:00:00,7427.701
2019-03-17 10:30:00,7340.103
2019-03-17 11:00:00,7310.958
2019-03-17 11:30:00,7239.4316
2019-03-17 12:00:00,7252.802
2019-03-17 12:30:00,7135.8374
2019-03-17 13:00:00,7207.948
2019-03-17 13:30:00,7172.193
2019-03-17 14:00:00,7144.3516
2019-03-17 14:30:00,7250.8926
2019-03-17 15:00:00,7382.949
2019-03-17 15:30:00,7443.303
2019-03-17 16:00:00,7642.0034
2019-03-17 16:30:00,7679.977
2019-03-17 17:00:00,7761.076
2019-03-17 17:30:00,7843.0767
2019-03-17 18:00:00,8044.0254
2019-03-17 18:30:00,8027.652
2019-03-17 19:00:00,8146.989
2019-03-17 19:30:00,8023.494
2019-03-17 20:00:00,7883.2007
2019-03-17 20:30:00,7743.8037
2019-03-17 21:00:00,7515.618
2019-03-17 21:30:00,7468.212
2019-03-17 22:00:00,7206.9995
2019-03-17 22:30:00,7206.9995
2019-03-17 23:00:00,6893.509
2019-03-17 23:30:00,6774.197
2019-03-18 00:00:00,6709.9175
2019-03-18 00:30:00,6699.504
2019-03-18 01:00:00,6459.833
2019-03-18 01:30:00,6156.336
2019-03-18 02:00:00,6076.205
2019-03-18 02:30:00,5911.3286
2019-03-18 03:00:00,5900.057
2019-03-18 03:30:00,5829.6787
2019-03-18 04:00:00,5955.563
2019-03-18 04:30:00,5966.5483
2019-03-18 05:00:00,6712.274
2019-03-18 05:30:00,6902.715
2019-03-18 06:00:00,7529.9404
2019-03-18 06:30:00,7759.5127
2019-03-18 07:00:00,8394.149
2019-03-18 07:30:00,8537.595
2019-03-18 08:00:00,8635.141
2019-03-18 08:30:00,8798.301
2019-03-18 09:00:00,8633.97
2019-03-18 09:30:00,8699.368
2019-03-18 10:00:00,8593.858
2019-03-18 10:30:00,8637.674
2019-03-18 11:00:00,8551.599
2019-03-18 11:30:00,8491.186
2019-03-18 12:00:00,8509.662
2019-03-18 12:30:00,8469.472
2019-03-18 13:00:00,8472.82
2019-03-18 13:30:00,8458.606
2019-03-18 14:00:00,8461.983
2019-03-18 14:30:00,8461.983
2019-03-18 15:00:00,8515.997
2019-03-18 15:30:00,8537.365
2019-03-18 16:00:00,8759.145
2019-03-18 16:30:00,8756.153
2019-03-18 17:00:00,8819.266
2019-03-18 17:30:00,8926.647
2019-03-18 18:00:00,8993.062
2019-03-18 18:30:00,8947.392
2019-03-18 19:00:00,8897.842
2019-03-18 19:30:00,8711.581
2019-03-18 20:00:00,8487.348
2019-03-18 20:30:00,8344.63
2019-03-18 21:00:00,8063.302
2019-03-18 21:30:00,8013.042
2019-03-18 22:00:00,7824.875
2019-03-18 22:30:00,7828.8022
2019-03-18 23:00:00,7690.872
2019-03-18 23:30:00,7399.852
2019-03-19 00:00:00,7150.8286
2019-03-19 00:30:00,6995.6567
2019-03-19 01:00:00,6698.8228
2019-03-19 01:30:00,6444.4
2019-03-19 02:00:00,6151.5806
2019-03-19 02:30:00,6097.4414
2019-03-19 03:00:00,5959.2837
2019-03-19 03:30:00,6037.837
2019-03-19 04:00:00,6043.601
2019-03-19 04:30:00,6330.5615
2019-03-19 05:00:00,6614.773
2019-03-19 05:30:00,7041.2666
2019-03-19 06:00:00,7640.361
2019-03-19 06:30:00,7933.8193
2019-03-19 07:00:00,8165.5635
2019-03-19 07:30:00,8231.396
2019-03-19 08:00:00,8184.2915
2019-03-19 08:30:00,8184.2915
2019-03-19 09:00:00,8231.841
2019-03-19 09:30:00,8228.153
2019-03-19 10:00:00,8194.988
2019-03-19 10:30:00,8117.248
2019-03-19 11:00:00,8034.3516
2019-03-19 11:30:00,8004.3203
2019-03-19 12:00:00,8019.5283
2019-03-19 12:30:00,8061.964
2019-03-19 13:00:00,8169.1797
2019-03-19 13:30:00,8136.836
2019-03-19 14:00:00,8136.5195
2019-03-19 14:30:00,8181.9863
2019-03-19 15:00:00,8249.881
2019-03-19 15:30:00,8358.352
2019-03-19 16:00:00,8511.13
2019-03-19 16:30:00,8562.629
2019-03-19 17:00:00,8727.221
2019-03-19 17:30:00,8701.843
2019-03-19 18:00:00,8751.23
2019-03-19 18:30:00,8690.511
2019-03-19 19:00:00,8660.939
2019-03-19 19:30:00,8456.228
2019-03-19 20:00:00,8260.492
2019-03-19 20:30:00,8070.907
2019-03-19 21:00:00,7870.421
2019-03-19 21:30:00,7808.3022
2019-03-19 22:00:00,7682.494
2019-03-19 22:30:00,7696.8086
2019-03-19 23:00:00,7510.21
2019-03-19 23:30:00,7425.8745
2019-03-20 00:00:00,7234.297
2019-03-20 00:30:00,7090.0376
2019-03-20 01:00:00,6955.9624
2019-03-20 01:30:00,6579.182
2019-03-20 02:00:00,6356.5225
2019-03-20 02:30:00,6261.109
2019-03-20 03:00:00,6081.154
2019-03-20 03:30:00,6116.884
2019-03-20 04:00:00,6238.2344
2019-03-20 04:30:00,6401.0713
2019-03-20 05:00:00,6663.2354
2019-03-20 05:30:00,7151.858
2019-03-20 06:00:00,7642.8164
2019-03-20 06:30:00,8033.819
2019-03-20 07:00:00,8277.901
2019-03-20 07:30:00,8297.598
2019-03-20 08:00:00,8289.613
2019-03-20 08:30:00,8312.991
2019-03-20 09:00:00,8349.401
2019-03-20 09:30:00,8441.873
2019-03-20 10:00:00,8419.432
2019-03-20 10:30:00,8376.154
2019-03-20 11:00:00,8431.5
2019-03-20 11:30:00,8334.531
2019-03-20 12:00:00,8347.116
2019-03-20 12:30:00,8399.306
2019-03-20 13:00:00,8475.833
2019-03-20 13:30:00,8513.624
2019-03-20 14:00:00,8525.088
2019-03-20 14:30:00,8539.404
2019-03-20 15:00:00,8540.031
2019-03-20 15:30:00,8636.886
2019-03-20 16:00:00,8779.413
2019-03-20 16:30:00,8833.019
2019-03-20 17:00:00,8963.8125
2019-03-20 17:30:00,8888.161
2019-03-20 18:00:00,8923.542
2019-03-20 18:30:00,8907.988
2019-03-20 19:00:00,8877.385
2019-03-20 19:30:00,8694.808
2019-03-20 20:00:00,8479.299
2019-03-20 20:30:00,8321.874
2019-03-20 21:00:00,8112.2847
2019-03-20 21:30:00,7965.2295
2019-03-20 22:00:00,7790.8076
2019-03-20 22:30:00,7707.436
2019-03-20 23:00:00,7676.56
2019-03-20 23:30:00,7488.269
2019-03-21 00:00:00,7283.5146
2019-03-21 00:30:00,7084.2935
2019-03-21 01:00:00,6939.3135
2019-03-21 01:30:00,6586.269
2019-03-21 02:00:00,6333.2764
2019-03-21 02:30:00,6275.6997
2019-03-21 03:00:00,6172.5513
2019-03-21 03:30:00,6244.4443
2019-03-21 04:00:00,6302.042
2019-03-21 04:30:00,6538.807
2019-03-21 05:00:00,6808.841
2019-03-21 05:30:00,7282.548
2019-03-21 06:00:00,7848.6953
2019-03-21 06:30:00,8161.0225
2019-03-21 07:00:00,8427.981
2019-03-21 07:30:00,8386.375
2019-03-21 08:00:00,8362.925
2019-03-21 08:30:00,8356.065
2019-03-21 09:00:00,8386.883
2019-03-21 09:30:00,8484.293
2019-03-21 10:00:00,8497.541
2019-03-21 10:30:00,8498.862
2019-03-21 11:00:00,8491.163
2019-03-21 11:30:00,8503.9375
2019-03-21 12:00:00,8457.963
2019-03-21 12:30:00,8555.919
2019-03-21 13:00:00,8628.472
2019-03-21 13:30:00,8649.102
2019-03-21 14:00:00,8690.952
2019-03-21 14:30:00,8639.515
2019-03-21 15:00:00,8822.553
2019-03-21 15:30:00,8928.67
2019-03-21 16:00:00,9041.738
2019-03-21 16:30:00,9168.158
2019-03-21 17:00:00,9303.881
2019-03-21 17:30:00,9222.877
2019-03-21 18:00:00,9237.446
2019-03-21 18:30:00,9103.837
2019-03-21 19:00:00,9088.747
2019-03-21 19:30:00,8869.98
2019-03-21 20:00:00,8660.5205
2019-03-21 20:30:00,8471.362
2019-03-21 21:00:00,8266.104
2019-03-21 21:30:00,8145.8623
2019-03-21 22:00:00,7908.129
2019-03-21 22:30:00,7839.0713
2019-03-21 23:00:00,7691.4917
2019-03-21 23:30:00,7513.563
2019-03-22 00:00:00,7335.395
2019-03-22 00:30:00,7174.31
2019-03-22 01:00:00,6972.7314
2019-03-22 01:30:00,6661.9644
2019-03-22 02:00:00,6423.084
2019-03-22 02:30:00,6286.6562
2019-03-22 03:00:00,6236.09
2019-03-22 03:30:00,6236.09
2019-03-22 04:00:00,6269.7476
2019-03-22 04:30:00,6521.378
2019-03-22 05:00:00,6736.4893
2019-03-22 05:30:00,7255.754
2019-03-22 06:00:00,7714.95
2019-03-22 06:30:00,8038.7485
2019-03-22 07:00:00,8325.69
2019-03-22 07:30:00,8367.297
2019-03-22 08:00:00,8309.532
2019-03-22 08:30:00,8411.649
2019-03-22 09:00:00,8432.104
2019-03-22 09:30:00,8433.117
2019-03-22 10:00:00,8394.909
2019-03-22 10:30:00,8376.952
2019-03-22 11:00:00,8447.382
2019-03-22 11:30:00,8461.998
2019-03-22 12:00:00,8450.96
2019-03-22 12:30:00,8556.354
2019-03-22 13:00:00,8605.903
2019-03-22 13:30:00,8726.831
2019-03-22 14:00:00,8695.6455
2019-03-22 14:30:00,8739.861
2019-03-22 15:00:00,8865.759
2019-03-22 15:30:00,9033.216
2019-03-22 16:00:00,9128.036
2019-03-22 16:30:00,9176.118
2019-03-22 17:00:00,9105.162
2019-03-22 17:30:00,8971.519
2019-03-22 18:00:00,8852.588
2019-03-22 18:30:00,8823.057
2019-03-22 19:00:00,8873.836
2019-03-22 19:30:00,8700.575
2019-03-22 20:00:00,8535.51
2019-03-22 20:30:00,8278.23
2019-03-22 21:00:00,8140.5605
2019-03-22 21:30:00,8044.197
2019-03-22 22:00:00,7830.2666
2019-03-22 22:30:00,7718.5835
2019-03-22 23:00:00,7581.542
2019-03-22 23:30:00,7397.75
2019-03-23 00:00:00,7227.7407
2019-03-23 00:30:00,7038.3325
2019-03-23 01:00:00,6836.3325
2019-03-23 01:30:00,6547.781
2019-03-23 02:00:00,6290.3975
2019-03-23 02:30:00,6175.825
2019-03-23 03:00:00,6072.6865
2019-03-23 03:30:00,6074.9785
2019-03-23 04:00:00,6018.6265
2019-03-23 04:30:00,6264.814
2019-03-23 05:00:00,6223.695
2019-03-23 05:30:00,6550.5166
2019-03-23 06:00:00,6655.1387
2019-03-23 06:30:00,6825.8145
2019-03-23 07:00:00,7116.681
2019-03-23 07:30:00,7173.525
2019-03-23 08:00:00,7493.1816
2019-03-23 08:30:00,7589.185
2019-03-23 09:00:00,7728.101
2019-03-23 09:30:00,7799.934
2019-03-23 10:00:00,7739.137
2019-03-23 10:30:00,7727.4243
2019-03-23 11:00:00,7723.077
2019-03-23 11:30:00,7700.426
2019-03-23 12:00:00,7616.1743
2019-03-23 12:30:00,7722.7026
2019-03-23 13:00:00,7783.871
2019-03-23 13:30:00,7743.783
2019-03-23 14:00:00,7749.7563
2019-03-23 14:30:00,7854.6045
2019-03-23 15:00:00,7934.1836
2019-03-23 15:30:00,7936.8843
2019-03-23 16:00:00,7969.376
2019-03-23 16:30:00,7978.489
2019-03-23 17:00:00,8100.03
2019-03-23 17:30:00,7970.941
2019-03-23 18:00:00,8022.972
2019-03-23 18:30:00,8007.202
2019-03-23 19:00:00,7993.131
2019-03-23 19:30:00,7873.534
2019-03-23 20:00:00,7629.824
2019-03-23 20:30:00,7546.65
2019-03-23 21:00:00,7404.7036
2019-03-23 21:30:00,7383.2134
2019-03-23 22:00:00,7327.5674
2019-03-23 22:30:00,7327.5674
2019-03-23 23:00:00,7156.142
2019-03-23 23:30:00,7037.563
2019-03-24 00:00:00,6798.986
2019-03-24 00:30:00,6566.1094
2019-03-24 01:00:00,6472.8984
2019-03-24 01:30:00,6132.5835
2019-03-24 02:00:00,5933.9937
2019-03-24 02:30:00,5745.133
2019-03-24 03:00:00,5742.4683
2019-03-24 03:30:00,5742.4683
2019-03-24 04:00:00,5760.8696
2019-03-24 04:30:00,5805.7783
2019-03-24 05:00:00,5955.0527
2019-03-24 05:30:00,6118.4976
2019-03-24 06:00:00,6252.3755
2019-03-24 06:30:00,6456.901
2019-03-24 07:00:00,6648.4717
2019-03-24 07:30:00,6792.949
2019-03-24 08:00:00,7018.971
2019-03-24 08:30:00,7052.558
2019-03-24 09:00:00,7047.234
2019-03-24 09:30:00,7037.9653
2019-03-24 10:00:00,7072.0586
2019-03-24 10:30:00,7072.8457
2019-03-24 11:00:00,7078.102
2019-03-24 11:30:00,7002.963
2019-03-24 12:00:00,7070.402
2019-03-24 12:30:00,7144.924
2019-03-24 13:00:00,7169.1934
2019-03-24 13:30:00,7365.236
2019-03-24 14:00:00,7511.7153
2019-03-24 14:30:00,7849.6533
2019-03-24 15:00:00,8038.769
2019-03-24 15:30:00,8087.1094
2019-03-24 16:00:00,8174.3906
2019-03-24 16:30:00,8185.5327
2019-03-24 17:00:00,8484.657
2019-03-24 17:30:00,8503.2295
2019-03-24 18:00:00,8552.799
2019-03-24 18:30:00,8552.799
2019-03-24 19:00:00,8500.868
2019-03-24 19:30:00,8403.889
2019-03-24 20:00:00,8195.549
2019-03-24 20:30:00,8049.37
2019-03-24 21:00:00,7849.0835
2019-03-24 21:30:00,7677.4414
2019-03-24 22:00:00,7290.4736
2019-03-24 22:30:00,7229.085
2019-03-24 23:00:00,7158.015
2019-03-24 23:30:00,6903.7734
2019-03-25 00:00:00,7056.6147
2019-03-25 00:30:00,6798.137
2019-03-25 01:00:00,6636.8804
2019-03-25 01:30:00,6431.2705
2019-03-25 02:00:00,6325.401
2019-03-25 02:30:00,6190.0605
2019-03-25 03:00:00,6095.621
2019-03-25 03:30:00,6112.3926
2019-03-25 04:00:00,6222.077
2019-03-25 04:30:00,6257.7227
2019-03-25 05:00:00,6923.609
2019-03-25 05:30:00,7054.6675
2019-03-25 06:00:00,7786.158
2019-03-25 06:30:00,7808.418
2019-03-25 07:00:00,8538.046
2019-03-25 07:30:00,8711.669
2019-03-25 08:00:00,8645.094
2019-03-25 08:30:00,8771.024
2019-03-25 09:00:00,8749.258
2019-03-25 09:30:00,8836.906
2019-03-25 10:00:00,8718.42
2019-03-25 10:30:00,8751.059
2019-03-25 11:00:00,8859.491
2019-03-25 11:30:00,8794.384
2019-03-25 12:00:00,9139.61
2019-03-25 12:30:00,9267.052
2019-03-25 13:00:00,9677.8955
2019-03-25 13:30:00,9783.111
2019-03-25 14:00:00,9871.355
2019-03-25 14:30:00,9925.152
2019-03-25 15:00:00,10109.107
2019-03-25 15:30:00,10106.277
2019-03-25 16:00:00,10080.879
2019-03-25 16:30:00,10123.135
2019-03-25 17:00:00,10075.222
2019-03-25 17:30:00,10010.299
2019-03-25 18:00:00,9878.142
2019-03-25 18:30:00,9824.507
2019-03-25 19:00:00,9587.464
2019-03-25 19:30:00,9436.212
2019-03-25 20:00:00,9085.186
2019-03-25 20:30:00,8836.582
2019-03-25 21:00:00,8631.46
2019-03-25 21:30:00,8399.84
2019-03-25 22:00:00,8154.738
2019-03-25 22:30:00,8074.294
2019-03-25 23:00:00,7840.8716
2019-03-25 23:30:00,7560.389
2019-03-26 00:00:00,7487.4067
2019-03-26 00:30:00,7350.3223
2019-03-26 01:00:00,7019.1226
2019-03-26 01:30:00,6664.2886
2019-03-26 02:00:00,6475.3403
2019-03-26 02:30:00,6424.434
2019-03-26 03:00:00,6293.0884
2019-03-26 03:30:00,6278.652
2019-03-26 04:00:00,6378.633
2019-03-26 04:30:00,6713.389
2019-03-26 05:00:00,7103.198
2019-03-26 05:30:00,7543.6943
2019-03-26 06:00:00,8008.8423
2019-03-26 06:30:00,8328.329
2019-03-26 07:00:00,8572.871
2019-03-26 07:30:00,8632.308
2019-03-26 08:00:00,8696.201
2019-03-26 08:30:00,8840.855
2019-03-26 09:00:00,8857.5205
2019-03-26 09:30:00,8812.859
2019-03-26 10:00:00,8733.036
2019-03-26 10:30:00,8758.349
2019-03-26 11:00:00,8689.43
2019-03-26 11:30:00,8674.068
2019-03-26 12:00:00,8685.68
2019-03-26 12:30:00,8765.166
2019-03-26 13:00:00,8872.82
2019-03-26 13:30:00,8870.251
2019-03-26 14:00:00,8886.718
2019-03-26 14:30:00,8892.742
2019-03-26 15:00:00,9012.733
2019-03-26 15:30:00,9061.628
2019-03-26 16:00:00,9194.421
2019-03-26 16:30:00,9242.091
2019-03-26 17:00:00,9461.778
2019-03-26 17:30:00,9208.448
2019-03-26 18:00:00,9144.145
2019-03-26 18:30:00,9169.198
2019-03-26 19:00:00,9083.001
2019-03-26 19:30:00,8876.434
2019-03-26 20:00:00,8729.148
2019-03-26 20:30:00,8530.53
2019-03-26 21:00:00,8253.632
2019-03-26 21:30:00,8092.3413
2019-03-26 22:00:00,7958.806
2019-03-26 22:30:00,7958.806
2019-03-26 23:00:00,7780.44
2019-03-26 23:30:00,7696.1045
2019-03-27 00:00:00,7260.829
2019-03-27 00:30:00,7042.149
2019-03-27 01:00:00,6851.9287
2019-03-27 01:30:00,6504.539
2019-03-27 02:00:00,6289.928
2019-03-27 02:30:00,6179.607
2019-03-27 03:00:00,6080.423
2019-03-27 03:30:00,6115.226
2019-03-27 04:00:00,6189.194
2019-03-27 04:30:00,6379.1094
2019-03-27 05:00:00,6697.24
2019-03-27 05:30:00,7164.044
2019-03-27 06:00:00,7668.591
2019-03-27 06:30:00,8002.0283
2019-03-27 07:00:00,8230.173
2019-03-27 07:30:00,8212.813
2019-03-27 08:00:00,8121.976
2019-03-27 08:30:00,8153.0127
2019-03-27 09:00:00,8086.5293
2019-03-27 09:30:00,8041.221
2019-03-27 10:00:00,7922.7583
2019-03-27 10:30:00,7865.481
2019-03-27 11:00:00,7820.0034
2019-03-27 11:30:00,7811.761
2019-03-27 12:00:00,7824.2114
2019-03-27 12:30:00,7862.5864
2019-03-27 13:00:00,7926.409
2019-03-27 13:30:00,7933.414
2019-03-27 14:00:00,7956.956
2019-03-27 14:30:00,7998.8105
2019-03-27 15:00:00,8130.0034
2019-03-27 15:30:00,8268.988
2019-03-27 16:00:00,8422.687
2019-03-27 16:30:00,8559.029
2019-03-27 17:00:00,8698.925
2019-03-27 17:30:00,8698.925
2019-03-27 18:00:00,8767.68
2019-03-27 18:30:00,8856.424
2019-03-27 19:00:00,8766.14
2019-03-27 19:30:00,8542.302
2019-03-27 20:00:00,8279.829
2019-03-27 20:30:00,8180.8794
2019-03-27 21:00:00,7905.457
2019-03-27 21:30:00,7820.561
2019-03-27 22:00:00,7621.026
2019-03-27 22:30:00,7660.372
2019-03-27 23:00:00,7530.385
2019-03-27 23:30:00,7384.077
2019-03-28 00:00:00,7191.8066
2019-03-28 00:30:00,7054.6445
2019-03-28 01:00:00,6843.505
2019-03-28 01:30:00,6568.208
2019-03-28 02:00:00,6350.6597
2019-03-28 02:30:00,6265.8833
2019-03-28 03:00:00,6218.475
2019-03-28 03:30:00,6218.475
2019-03-28 04:00:00,6273.215
2019-03-28 04:30:00,6481.9937
2019-03-28 05:00:00,6793.005
2019-03-28 05:30:00,7170.1646
2019-03-28 06:00:00,7694.6855
2019-03-28 06:30:00,8038.96
2019-03-28 07:00:00,8332.601
2019-03-28 07:30:00,8263.2705
2019-03-28 08:00:00,8116.6553
2019-03-28 08:30:00,8080.8613
2019-03-28 09:00:00,8051.1655
2019-03-28 09:30:00,8012.8022
2019-03-28 10:00:00,7959.4766
2019-03-28 10:30:00,7970.509
2019-03-28 11:00:00,8028.8555
2019-03-28 11:30:00,7957.105
2019-03-28 12:00:00,7967.1226
2019-03-28 12:30:00,7967.1226
2019-03-28 13:00:00,7884.8735
2019-03-28 13:30:00,7947.8784
2019-03-28 14:00:00,7916.3125
2019-03-28 14:30:00,7942.845
2019-03-28 15:00:00,8063.7983
2019-03-28 15:30:00,8156.9185
2019-03-28 16:00:00,8264.121
2019-03-28 16:30:00,8340.36
2019-03-28 17:00:00,8525.605
2019-03-28 17:30:00,8563.825
2019-03-28 18:00:00,8661.037
2019-03-28 18:30:00,8716.169
2019-03-28 19:00:00,8668.799
2019-03-28 19:30:00,8474.443
2019-03-28 20:00:00,8281.258
2019-03-28 20:30:00,8100.1323
2019-03-28 21:00:00,7818.223
2019-03-28 21:30:00,7781.5796
2019-03-28 22:00:00,7634.343
2019-03-28 22:30:00,7668.9736
2019-03-28 23:00:00,7552.765
2019-03-28 23:30:00,7353.1846
2019-03-29 00:00:00,7293.4478
2019-03-29 00:30:00,7131.9375
2019-03-29 01:00:00,6937.85
2019-03-29 01:30:00,6656.4805
2019-03-29 02:00:00,6414.0796
2019-03-29 02:30:00,6318.729
2019-03-29 03:00:00,6270.81
2019-03-29 03:30:00,6271.8394
2019-03-29 04:00:00,6366.6787
2019-03-29 04:30:00,6547.991
2019-03-29 05:00:00,6887.8013
2019-03-29 05:30:00,7288.373
2019-03-29 06:00:00,7823.3555
2019-03-29 06:30:00,8102.262
2019-03-29 07:00:00,8374.67
2019-03-29 07:30:00,8333.121
2019-03-29 08:00:00,8253.399
2019-03-29 08:30:00,8172.994
2019-03-29 09:00:00,8100.39
2019-03-29 09:30:00,8122.5225
2019-03-29 10:00:00,8075.0903
2019-03-29 10:30:00,8129.51
2019-03-29 11:00:00,8137.053
2019-03-29 11:30:00,8078.793
2019-03-29 12:00:00,7977.836
2019-03-29 12:30:00,7977.836
2019-03-29 13:00:00,8068.6714
2019-03-29 13:30:00,8076.389
2019-03-29 14:00:00,8108.567
2019-03-29 14:30:00,8108.6006
2019-03-29 15:00:00,8298.573
2019-03-29 15:30:00,8459.692
2019-03-29 16:00:00,8622.071
2019-03-29 16:30:00,8751.779
2019-03-29 17:00:00,8695.968
2019-03-29 17:30:00,8681.634
2019-03-29 18:00:00,8670.222
2019-03-29 18:30:00,8739.785
2019-03-29 19:00:00,8735.849
2019-03-29 19:30:00,8545.836
2019-03-29 20:00:00,8392.549
2019-03-29 20:30:00,8176.112
2019-03-29 21:00:00,8022.3857
2019-03-29 21:30:00,7893.226
2019-03-29 22:00:00,7718.5835
2019-03-29 22:30:00,7657.6094
2019-03-29 23:00:00,7547.6626
2019-03-29 23:30:00,7397.75
2019-03-30 00:00:00,7174.047
2019-03-30 00:30:00,7047.0176
2019-03-30 01:00:00,6852.337
2019-03-30 01:30:00,6603.0103
2019-03-30 02:00:00,6295.8115
2019-03-30 02:30:00,6192.3706
2019-03-30 03:00:00,6077.5127
2019-03-30 03:30:00,6104.8535
2019-03-30 04:00:00,6074.529
2019-03-30 04:30:00,6242.51
2019-03-30 05:00:00,6222.544
2019-03-30 05:30:00,6534.1553
2019-03-30 06:00:00,6678.2417
2019-03-30 06:30:00,6817.1055
2019-03-30 07:00:00,7208.304
2019-03-30 07:30:00,7208.1836
2019-03-30 08:00:00,7564.81
2019-03-30 08:30:00,7599.6294
2019-03-30 09:00:00,7660.889
2019-03-30 09:30:00,7664.1094
2019-03-30 10:00:00,7742.9434
2019-03-30 10:30:00,7697.4355
2019-03-30 11:00:00,7631.725
2019-03-30 11:30:00,7508.561
2019-03-30 12:00:00,7505.378
2019-03-30 12:30:00,7427.0513
2019-03-30 13:00:00,7467.2876
2019-03-30 13:30:00,7466.9136
2019-03-30 14:00:00,7523.368
2019-03-30 14:30:00,7552.8076
2019-03-30 15:00:00,7693.27
2019-03-30 15:30:00,7879.846
2019-03-30 16:00:00,7995.5186
2019-03-30 16:30:00,8001.653
2019-03-30 17:00:00,8117.719
2019-03-30 17:30:00,8088.003
2019-03-30 18:00:00,8155.676
2019-03-30 18:30:00,8238.844
2019-03-30 19:00:00,8079.792
2019-03-30 19:30:00,7952.6772
2019-03-30 20:00:00,7817.106
2019-03-30 20:30:00,7721.387
2019-03-30 21:00:00,7428.7007
2019-03-30 21:30:00,7456.8423
2019-03-30 22:00:00,7360.659
2019-03-30 22:30:00,7333.8857
2019-03-30 23:00:00,7223.864
2019-03-30 23:30:00,7140.0977
2019-03-31 00:00:00,6887.397
2019-03-31 00:30:00,6760.162
2019-03-31 01:00:00,6632.816
2019-03-31 01:30:00,6391.327
2019-03-31 02:00:00,6120.6323
2019-03-31 02:30:00,6046.154
2019-03-31 03:00:00,6028.5435
2019-03-31 03:30:00,5947.0854
2019-03-31 04:00:00,5950.6216
2019-03-31 04:30:00,6017.783
2019-03-31 05:00:00,5995.7456
2019-03-31 05:30:00,6138.04
2019-03-31 06:00:00,6369.691
2019-03-31 06:30:00,6628.024
2019-03-31 07:00:00,6790.453
2019-03-31 07:30:00,7039.471
2019-03-31 08:00:00,7239.1963
2019-03-31 08:30:00,7413.647
2019-03-31 09:00:00,7493.4863
2019-03-31 09:30:00,7493.1094
2019-03-31 10:00:00,7514.636
2019-03-31 10:30:00,7416.008
2019-03-31 11:00:00,7309.65
2019-03-31 11:30:00,7229.8184
2019-03-31 12:00:00,6941.4204
2019-03-31 12:30:00,6833.832
2019-03-31 13:00:00,6876.928
2019-03-31 13:30:00,6876.8965
2019-03-31 14:00:00,6821.5913
2019-03-31 14:30:00,6783.6377
2019-03-31 15:00:00,6861.723
2019-03-31 15:30:00,6832.811
2019-03-31 16:00:00,6992.134
2019-03-31 16:30:00,6998.053
2019-03-31 17:00:00,7373.596
2019-03-31 17:30:00,7483.901
2019-03-31 18:00:00,7735.478
2019-03-31 18:30:00,7796.844
2019-03-31 19:00:00,7840.74
2019-03-31 19:30:00,7649.696
2019-03-31 20:00:00,7535.0767
2019-03-31 20:30:00,7442.0635
2019-03-31 21:00:00,7306.4136
2019-03-31 21:30:00,7191.1655
2019-03-31 22:00:00,6867.208
2019-03-31 22:30:00,6812.4336
2019-03-31 23:00:00,6689.028
2019-03-31 23:30:00,6563.608
2019-04-01 00:00:00,6686.0835
2019-04-01 00:30:00,6451.675
2019-04-01 01:00:00,6323.7734
2019-04-01 01:30:00,6023.335
2019-04-01 02:00:00,5937.309
2019-04-01 02:30:00,5810.6616
2019-04-01 03:00:00,5824.733
2019-04-01 03:30:00,5728.0605
2019-04-01 04:00:00,5847.527
2019-04-01 04:30:00,5933.5513
2019-04-01 05:00:00,6279.0435
2019-04-01 05:30:00,6373.508
2019-04-01 06:00:00,7461.408
2019-04-01 06:30:00,7519.85
2019-04-01 07:00:00,8441.42
2019-04-01 07:30:00,8554.405
2019-04-01 08:00:00,8348.045
2019-04-01 08:30:00,8408.629
2019-04-01 09:00:00,7701.0303
2019-04-01 09:30:00,7672.546
2019-04-01 10:00:00,7312.6245
2019-04-01 10:30:00,7297.8115
2019-04-01 11:00:00,7088.9917
2019-04-01 11:30:00,7063.5566
2019-04-01 12:00:00,6980.886
2019-04-01 12:30:00,6980.886
2019-04-01 13:00:00,6761.732
2019-04-01 13:30:00,6797.3774
2019-04-01 14:00:00,6953.3984
2019-04-01 14:30:00,7001.5474
2019-04-01 15:00:00,7125.396
2019-04-01 15:30:00,7472.0723
2019-04-01 16:00:00,7766.7827
2019-04-01 16:30:00,8314.139
2019-04-01 17:00:00,8437.936
2019-04-01 17:30:00,8654.219
2019-04-01 18:00:00,8776.435
2019-04-01 18:30:00,8895.547
2019-04-01 19:00:00,8765.841
2019-04-01 19:30:00,8659.386
2019-04-01 20:00:00,8436.223
2019-04-01 20:30:00,8335.075
2019-04-01 21:00:00,8080.2207
2019-04-01 21:30:00,7858.6035
2019-04-01 22:00:00,7661.793
2019-04-01 22:30:00,7569.6436
2019-04-01 23:00:00,7550.753
2019-04-01 23:30:00,7305.703
2019-04-02 00:00:00,7279.0483
2019-04-02 00:30:00,7140.786
2019-04-02 01:00:00,6908.8457
2019-04-02 01:30:00,6720.996
2019-04-02 02:00:00,6505.9956
2019-04-02 02:30:00,6386.9033
2019-04-02 03:00:00,6212.3584
2019-04-02 03:30:00,6252.9326
2019-04-02 04:00:00,6325.6035
2019-04-02 04:30:00,6632.0723
2019-04-02 05:00:00,6910.682
2019-04-02 05:30:00,7400.8237
2019-04-02 06:00:00,8023.428
2019-04-02 06:30:00,8315.999
2019-04-02 07:00:00,8613.334
2019-04-02 07:30:00,8550.151
2019-04-02 08:00:00,8402.557
2019-04-02 08:30:00,8298.679
2019-04-02 09:00:00,8382.08
2019-04-02 09:30:00,8250.778
2019-04-02 10:00:00,8015.0557
2019-04-02 10:30:00,8070.5283
2019-04-02 11:00:00,8017.403
2019-04-02 11:30:00,8013.834
2019-04-02 12:00:00,8073.134
2019-04-02 12:30:00,8075.7397
2019-04-02 13:00:00,8097.945
2019-04-02 13:30:00,8097.945
2019-04-02 14:00:00,8121.555
2019-04-02 14:30:00,8100.126
2019-04-02 15:00:00,8175.9517
2019-04-02 15:30:00,8196.476
2019-04-02 16:00:00,8299.154
2019-04-02 16:30:00,8358.497
2019-04-02 17:00:00,8527.817
2019-04-02 17:30:00,8674.118
2019-04-02 18:00:00,8764.851
2019-04-02 18:30:00,8788.875
2019-04-02 19:00:00,8682.746
2019-04-02 19:30:00,8557.14
2019-04-02 20:00:00,8322.384
2019-04-02 20:30:00,8207.192
2019-04-02 21:00:00,7989.8525
2019-04-02 21:30:00,7972.3384
2019-04-02 22:00:00,7942.4966
2019-04-02 22:30:00,7942.4966
2019-04-02 23:00:00,7739.5596
2019-04-02 23:30:00,7574.0444
2019-04-03 00:00:00,7272.875
2019-04-03 00:30:00,7158.459
2019-04-03 01:00:00,6948.294
2019-04-03 01:30:00,6608.334
2019-04-03 02:00:00,6372.379
2019-04-03 02:30:00,6230.7217
2019-04-03 03:00:00,6273.18
2019-04-03 03:30:00,6192.1587
2019-04-03 04:00:00,6291.9355
2019-04-03 04:30:00,6508.157
2019-04-03 05:00:00,6809.4956
2019-04-03 05:30:00,7184.231
2019-04-03 06:00:00,7730.0063
2019-04-03 06:30:00,8085.0015
2019-04-03 07:00:00,8351.2295
2019-04-03 07:30:00,8292.692
2019-04-03 08:00:00,8234.158
2019-04-03 08:30:00,8234.761
2019-04-03 09:00:00,8193.917
2019-04-03 09:30:00,8179.5674
2019-04-03 10:00:00,8045.312
2019-04-03 10:30:00,8040.6416
2019-04-03 11:00:00,7961.262
2019-04-03 11:30:00,7887.347
2019-04-03 12:00:00,7861.351
2019-04-03 12:30:00,7916.668
2019-04-03 13:00:00,7928.2363
2019-04-03 13:30:00,8013.433
2019-04-03 14:00:00,8067.0815
2019-04-03 14:30:00,8072.1836
2019-04-03 15:00:00,8263.792
2019-04-03 15:30:00,8309.652
2019-04-03 16:00:00,8394.022
2019-04-03 16:30:00,8454.241
2019-04-03 17:00:00,8644.595
2019-04-03 17:30:00,8701.81
2019-04-03 18:00:00,8822.646
2019-04-03 18:30:00,8837.997
2019-04-03 19:00:00,8646.241
2019-04-03 19:30:00,8475.713
2019-04-03 20:00:00,8343.951
2019-04-03 20:30:00,8175.056
2019-04-03 21:00:00,7834.5093
2019-04-03 21:30:00,7804.202
2019-04-03 22:00:00,7606.101
2019-04-03 22:30:00,7606.101
2019-04-03 23:00:00,7504.7783
2019-04-03 23:30:00,7385.8896
2019-04-04 00:00:00,7261.6567
2019-04-04 00:30:00,7087.627
2019-04-04 01:00:00,6966.521
2019-04-04 01:30:00,6636.2686
2019-04-04 02:00:00,6407.661
2019-04-04 02:30:00,6312.3105
2019-04-04 03:00:00,6282.5913
2019-04-04 03:30:00,6282.5913
2019-04-04 04:00:00,6349.3296
2019-04-04 04:30:00,6506.0015
2019-04-04 05:00:00,6804.8696
2019-04-04 05:30:00,7265.0464
2019-04-04 06:00:00,7825.816
2019-04-04 06:30:00,8146.714
2019-04-04 07:00:00,8406.202
2019-04-04 07:30:00,8412.955
2019-04-04 08:00:00,8259.307
2019-04-04 08:30:00,8168.707
2019-04-04 09:00:00,8105.0684
2019-04-04 09:30:00,8038.6597
2019-04-04 10:00:00,7937.0674
2019-04-04 10:30:00,7766.9966
2019-04-04 11:00:00,7753.6313
2019-04-04 11:30:00,7740.879
2019-04-04 12:00:00,7789.2456
2019-04-04 12:30:00,7832.601
2019-04-04 13:00:00,7852.9116
2019-04-04 13:30:00,7870.8994
2019-04-04 14:00:00,7856.3687
2019-04-04 14:30:00,7936.9863
2019-04-04 15:00:00,8059.5327
2019-04-04 15:30:00,8246.355
2019-04-04 16:00:00,8388.1455
2019-04-04 16:30:00,8519.454
2019-04-04 17:00:00,8629.831
2019-04-04 17:30:00,8657.736
2019-04-04 18:00:00,8800.701
2019-04-04 18:30:00,8812.364
2019-04-04 19:00:00,8655.434
2019-04-04 19:30:00,8504.908
2019-04-04 20:00:00,8274.027
2019-04-04 20:30:00,8145.182
2019-04-04 21:00:00,7912.1533
2019-04-04 21:30:00,7728.545
2019-04-04 22:00:00,7572.6973
2019-04-04 22:30:00,7561.912
2019-04-04 23:00:00,7417.6294
2019-04-04 23:30:00,7240.3115
2019-04-05 00:00:00,7261.213
2019-04-05 00:30:00,7087.4277
2019-04-05 01:00:00,6907.876
2019-04-05 01:30:00,6581.681
2019-04-05 02:00:00,6297.09
2019-04-05 02:30:00,6200.103
2019-04-05 03:00:00,6131.418
2019-04-05 03:30:00,6159.3247
2019-04-05 04:00:00,6205.7803
2019-04-05 04:30:00,6460.7256
2019-04-05 05:00:00,6710.1777
2019-04-05 05:30:00,7167.9927
2019-04-05 06:00:00,7695.49
2019-04-05 06:30:00,8043.841
2019-04-05 07:00:00,8310.186
2019-04-05 07:30:00,8310.186
2019-04-05 08:00:00,8246.127
2019-04-05 08:30:00,8264.862
2019-04-05 09:00:00,8295.529
2019-04-05 09:30:00,8321.8125
2019-04-05 10:00:00,8274.058
2019-04-05 10:30:00,8316.96
2019-04-05 11:00:00,8218.929
2019-04-05 11:30:00,8160.49
2019-04-05 12:00:00,8130.2305
2019-04-05 12:30:00,8136.003
2019-04-05 13:00:00,8143.547
2019-04-05 13:30:00,8197.167
2019-04-05 14:00:00,8157.9424
2019-04-05 14:30:00,8186.1646
2019-04-05 15:00:00,8246.433
2019-04-05 15:30:00,8354.114
2019-04-05 16:00:00,8469.484
2019-04-05 16:30:00,8465.933
2019-04-05 17:00:00,8497.669
2019-04-05 17:30:00,8533.726
2019-04-05 18:00:00,8598.207
2019-04-05 18:30:00,8647.757
2019-04-05 19:00:00,8534.564
2019-04-05 19:30:00,8287.707
2019-04-05 20:00:00,8172.8135
2019-04-05 20:30:00,7964.3735
2019-04-05 21:00:00,7795.4062
2019-04-05 21:30:00,7683.723
2019-04-05 22:00:00,7640.287
2019-04-05 22:30:00,7609.65
2019-04-05 23:00:00,7584.001
2019-04-05 23:30:00,7487.3945
2019-04-06 00:00:00,7265.91
2019-04-06 00:30:00,7168.162
2019-04-06 01:00:00,6928.606
2019-04-06 01:30:00,6703.475
2019-04-06 02:00:00,6363.929
2019-04-06 02:30:00,6210.644
2019-04-06 03:00:00,6186.094
2019-04-06 03:30:00,6130.6045
2019-04-06 04:00:00,6081.752
2019-04-06 04:30:00,6278.221
2019-04-06 05:00:00,6255.5386
2019-04-06 05:30:00,6561.6177
2019-04-06 06:00:00,6699.2
2019-04-06 06:30:00,6939.62
2019-04-06 07:00:00,7205.195
2019-04-06 07:30:00,7205.195
2019-04-06 08:00:00,7645.946
2019-04-06 08:30:00,7633.717
2019-04-06 09:00:00,7688.1978
2019-04-06 09:30:00,7665.8887
2019-04-06 10:00:00,7590.0005
2019-04-06 10:30:00,7501.829
2019-04-06 11:00:00,7464.675
2019-04-06 11:30:00,7414.5303
2019-04-06 12:00:00,7405.595
2019-04-06 12:30:00,7373.0645
2019-04-06 13:00:00,7361.8955
2019-04-06 13:30:00,7345.737
2019-04-06 14:00:00,7312.411
2019-04-06 14:30:00,7319.9087
2019-04-06 15:00:00,7377.5874
2019-04-06 15:30:00,7455.816
2019-04-06 16:00:00,7570.8486
2019-04-06 16:30:00,7570.8486
2019-04-06 17:00:00,7789.498
2019-04-06 17:30:00,7693.7793
2019-04-06 18:00:00,7880.4536
2019-04-06 18:30:00,7879.718
2019-04-06 19:00:00,7779.984
2019-04-06 19:30:00,7650.605
2019-04-06 20:00:00,7489.1465
2019-04-06 20:30:00,7474.314
2019-04-06 21:00:00,7321.9126
2019-04-06 21:30:00,7332.249
2019-04-06 22:00:00,7295.716
2019-04-06 22:30:00,7311.122
2019-04-06 23:00:00,7204.2397
2019-04-06 23:30:00,7150.2837
2019-04-07 00:00:00,6858.6914
2019-04-07 00:30:00,6614.3794
2019-04-07 01:00:00,6468.794
2019-04-07 01:30:00,6211.3804
2019-04-07 02:00:00,6032.3643
2019-04-07 02:30:00,5920.211
2019-04-07 03:00:00,5765.1675
2019-04-07 03:30:00,5756.3916
2019-04-07 04:00:00,5765.237
2019-04-07 04:30:00,5917.9497
2019-04-07 05:00:00,5966.7134
2019-04-07 05:30:00,6161.757
2019-04-07 06:00:00,6352.7676
2019-04-07 06:30:00,6592.3936
2019-04-07 07:00:00,6762.3945
2019-04-07 07:30:00,6886.523
2019-04-07 08:00:00,6997.4575
2019-04-07 08:30:00,7016.8657
2019-04-07 09:00:00,7038.1606
2019-04-07 09:30:00,7011.9844
2019-04-07 10:00:00,6987.8413
2019-04-07 10:30:00,6860.332
2019-04-07 11:00:00,6875.544
2019-04-07 11:30:00,6713.6626
2019-04-07 12:00:00,6704.084
2019-04-07 12:30:00,6738.665
2019-04-07 13:00:00,6786.7104
2019-04-07 13:30:00,6789.707
2019-04-07 14:00:00,6866.038
2019-04-07 14:30:00,6946.619
2019-04-07 15:00:00,7071.268
2019-04-07 15:30:00,7237.002
2019-04-07 16:00:00,7518.1123
2019-04-07 16:30:00,7599.2544
2019-04-07 17:00:00,8012.6357
2019-04-07 17:30:00,8102.645
2019-04-07 18:00:00,8328.794
2019-04-07 18:30:00,8405.87
2019-04-07 19:00:00,8282.931
2019-04-07 19:30:00,8137.4805
2019-04-07 20:00:00,8028.8276
2019-04-07 20:30:00,7887.3076
2019-04-07 21:00:00,7581.8237
2019-04-07 21:30:00,7520.7944
2019-04-07 22:00:00,7304.191
2019-04-07 22:30:00,7259.697
2019-04-07 23:00:00,6961.35
2019-04-07 23:30:00,6820.119
2019-04-08 00:00:00,6902.983
2019-04-08 00:30:00,6782.428
2019-04-08 01:00:00,6580.117
2019-04-08 01:30:00,6416.402
2019-04-08 02:00:00,6265.278
2019-04-08 02:30:00,6077.9043
2019-04-08 03:00:00,6003.378
2019-04-08 03:30:00,6003.378
2019-04-08 04:00:00,6138.3975
2019-04-08 04:30:00,6175.2905
2019-04-08 05:00:00,6533.629
2019-04-08 05:30:00,6566.558
2019-04-08 06:00:00,7562.4683
2019-04-08 06:30:00,7729.207
2019-04-08 07:00:00,8465.125
2019-04-08 07:30:00,8518.654
2019-04-08 08:00:00,8106.7
2019-04-08 08:30:00,8274.896
2019-04-08 09:00:00,8139.048
2019-04-08 09:30:00,8154.9004
2019-04-08 10:00:00,7921.091
2019-04-08 10:30:00,7683.0156
2019-04-08 11:00:00,7629.2715
2019-04-08 11:30:00,7497.139
2019-04-08 12:00:00,7644.7417
2019-04-08 12:30:00,7766.4277
2019-04-08 13:00:00,8028.3438
2019-04-08 13:30:00,8007.5605
2019-04-08 14:00:00,8292.515
2019-04-08 14:30:00,8490.4795
2019-04-08 15:00:00,8696.363
2019-04-08 15:30:00,8882.255
2019-04-08 16:00:00,9101.009
2019-04-08 16:30:00,9334.682
2019-04-08 17:00:00,9497.132
2019-04-08 17:30:00,9604.457
2019-04-08 18:00:00,9513.617
2019-04-08 18:30:00,9658.233
2019-04-08 19:00:00,9417.21
2019-04-08 19:30:00,9360.408
2019-04-08 20:00:00,8889.735
2019-04-08 20:30:00,8635.578
2019-04-08 21:00:00,8348.316
2019-04-08 21:30:00,8152.2695
2019-04-08 22:00:00,8011.3735
2019-04-08 22:30:00,7966.897
2019-04-08 23:00:00,7867.7017
2019-04-08 23:30:00,7791.524
2019-04-09 00:00:00,7525.2773
2019-04-09 00:30:00,7414.2485
2019-04-09 01:00:00,7175.3486
2019-04-09 01:30:00,6883.493
2019-04-09 02:00:00,6760.7046
2019-04-09 02:30:00,6567.6216
2019-04-09 03:00:00,6341.367
2019-04-09 03:30:00,6185.942
2019-04-09 04:00:00,6161.2505
2019-04-09 04:30:00,6226.8364
2019-04-09 05:00:00,6351.126
2019-04-09 05:30:00,6649.8765
2019-04-09 06:00:00,7196.2056
2019-04-09 06:30:00,7569.859
2019-04-09 07:00:00,7906.4365
2019-04-09 07:30:00,7967.526
2019-04-09 08:00:00,8117.423
2019-04-09 08:30:00,8126.3823
2019-04-09 09:00:00,8123.5767
2019-04-09 09:30:00,8154.848
2019-04-09 10:00:00,8038.631
2019-04-09 10:30:00,8026.0347
2019-04-09 11:00:00,8058.8794
2019-04-09 11:30:00,8026.5884
2019-04-09 12:00:00,8027.2383
2019-04-09 12:30:00,8148.3564
2019-04-09 13:00:00,8209.842
2019-04-09 13:30:00,8181.897
2019-04-09 14:00:00,8271.342
2019-04-09 14:30:00,8199.056
2019-04-09 15:00:00,8509.93
2019-04-09 15:30:00,8606.331
2019-04-09 16:00:00,8661.255
2019-04-09 16:30:00,8824.479
2019-04-09 17:00:00,9150.179
2019-04-09 17:30:00,9159.879
2019-04-09 18:00:00,9391.268
2019-04-09 18:30:00,9689.749
2019-04-09 19:00:00,9541.835
2019-04-09 19:30:00,9225.898
2019-04-09 20:00:00,8948.431
2019-04-09 20:30:00,8681.151
2019-04-09 21:00:00,8439.708
2019-04-09 21:30:00,8206.122
2019-04-09 22:00:00,8049.457
2019-04-09 22:30:00,7958.6245
2019-04-09 23:00:00,7659.5586
2019-04-09 23:30:00,7600.625
2019-04-10 00:00:00,7340.6924
2019-04-10 00:30:00,7106.7476
2019-04-10 01:00:00,6948.3516
2019-04-10 01:30:00,6726.728
2019-04-10 02:00:00,6508.0615
2019-04-10 02:30:00,6283.418
2019-04-10 03:00:00,6083.4585
2019-04-10 03:30:00,6004.3394
2019-04-10 04:00:00,5971.061
2019-04-10 04:30:00,6022.4062
2019-04-10 05:00:00,6208.812
2019-04-10 05:30:00,6443.618
2019-04-10 06:00:00,6718.51
2019-04-10 06:30:00,7128.4663
2019-04-10 07:00:00,7673.469
2019-04-10 07:30:00,7799.366
2019-04-10 08:00:00,8010.898
2019-04-10 08:30:00,8004.0386
2019-04-10 09:00:00,8048.464
2019-04-10 09:30:00,8151.3623
2019-04-10 10:00:00,8123.2417
2019-04-10 10:30:00,8194.306
2019-04-10 11:00:00,8228.552
2019-04-10 11:30:00,8240.082
2019-04-10 12:00:00,8282.019
2019-04-10 12:30:00,8295.746
2019-04-10 13:00:00,8321.896
2019-04-10 13:30:00,8320.736
2019-04-10 14:00:00,8370.903
2019-04-10 14:30:00,8443.21
2019-04-10 15:00:00,8413.018
2019-04-10 15:30:00,8455.99
2019-04-10 16:00:00,8496.498
2019-04-10 16:30:00,8593.698
2019-04-10 17:00:00,8728.926
2019-04-10 17:30:00,8741.391
2019-04-10 18:00:00,8997.79
2019-04-10 18:30:00,9167.46
2019-04-10 19:00:00,8965.34
2019-04-10 19:30:00,8735.014
2019-04-10 20:00:00,8487.8
2019-04-10 20:30:00,8401.3955
2019-04-10 21:00:00,8159.1343
2019-04-10 21:30:00,7949.803
2019-04-10 22:00:00,7703.882
2019-04-10 22:30:00,7787.2534
2019-04-10 23:00:00,7569.8164
2019-04-10 23:30:00,7474.0996
2019-04-11 00:00:00,7417.1743
2019-04-11 00:30:00,7278.894
2019-04-11 01:00:00,7075.7783
2019-04-11 01:30:00,7007.1147
2019-04-11 02:00:00,6703.767
2019-04-11 02:30:00,6427.4336
2019-04-11 03:00:00,6302.8022
2019-04-11 03:30:00,6203.5684
2019-04-11 04:00:00,6177.5884
2019-04-11 04:30:00,6215.795
2019-04-11 05:00:00,6325.931
2019-04-11 05:30:00,6573.266
2019-04-11 06:00:00,6896.6055
2019-04-11 06:30:00,7376.344
2019-04-11 07:00:00,7976.551
2019-04-11 07:30:00,8063.4214
2019-04-11 08:00:00,8140.0884
2019-04-11 08:30:00,8082.5376
2019-04-11 09:00:00,8010.9077
2019-04-11 09:30:00,7862.304
2019-04-11 10:00:00,7770.6963
2019-04-11 10:30:00,7656.529
2019-04-11 11:00:00,7665.232
2019-04-11 11:30:00,7564.6387
2019-04-11 12:00:00,7618.888
2019-04-11 12:30:00,7628.288
2019-04-11 13:00:00,7583.843
2019-04-11 13:30:00,7583.843
2019-04-11 14:00:00,7673.7446
2019-04-11 14:30:00,7746.737
2019-04-11 15:00:00,7714.223
2019-04-11 15:30:00,7797.217
2019-04-11 16:00:00,8000.239
2019-04-11 16:30:00,8154.9707
2019-04-11 17:00:00,8388.723
2019-04-11 17:30:00,8625.188
2019-04-11 18:00:00,8991.735
2019-04-11 18:30:00,9195.67
2019-04-11 19:00:00,9037.574
2019-04-11 19:30:00,8807.419
2019-04-11 20:00:00,8592.74
2019-04-11 20:30:00,8459.726
2019-04-11 21:00:00,8264.932
2019-04-11 21:30:00,8132.433
2019-04-11 22:00:00,7960.1406
2019-04-11 22:30:00,8029.7866
2019-04-11 23:00:00,7735.719
2019-04-11 23:30:00,7694.3623
2019-04-12 00:00:00,7584.4224
2019-04-12 00:30:00,7440.8086
2019-04-12 01:00:00,7248.0903
2019-04-12 01:30:00,7096.0757
2019-04-12 02:00:00,6873.4424
2019-04-12 02:30:00,6601.7017
2019-04-12 03:00:00,6386.5713
2019-04-12 03:30:00,6311.919
2019-04-12 04:00:00,6284.0293
2019-04-12 04:30:00,6281.816
2019-04-12 05:00:00,6404.231
2019-04-12 05:30:00,6695.2524
2019-04-12 06:00:00,6996.886
2019-04-12 06:30:00,7507.499
2019-04-12 07:00:00,8011.9277
2019-04-12 07:30:00,8180.6733
2019-04-12 08:00:00,8292.829
2019-04-12 08:30:00,8158.3105
2019-04-12 09:00:00,8028.861
2019-04-12 09:30:00,8027.8315
2019-04-12 10:00:00,7943.3257
2019-04-12 10:30:00,7904.475
2019-04-12 11:00:00,7788.0234
2019-04-12 11:30:00,7742.978
2019-04-12 12:00:00,7653.2485
2019-04-12 12:30:00,7725.523
2019-04-12 13:00:00,7777.9727
2019-04-12 13:30:00,7763.3755
2019-04-12 14:00:00,7788.1646
2019-04-12 14:30:00,7802.7617
2019-04-12 15:00:00,7851.9673
2019-04-12 15:30:00,7892.231
2019-04-12 16:00:00,8116.273
2019-04-12 16:30:00,8206.14
2019-04-12 17:00:00,8267.89
2019-04-12 17:30:00,8479.3955
2019-04-12 18:00:00,8788.983
2019-04-12 18:30:00,8981.883
2019-04-12 19:00:00,8837.678
2019-04-12 19:30:00,8638.887
2019-04-12 20:00:00,8502.124
2019-04-12 20:30:00,8313.995
2019-04-12 21:00:00,8229.911
2019-04-12 21:30:00,8022.7056
2019-04-12 22:00:00,7952.3486
2019-04-12 22:30:00,8009.139
2019-04-12 23:00:00,7783.2544
2019-04-12 23:30:00,7730.19
2019-04-13 00:00:00,7468.799
2019-04-13 00:30:00,7359.9697
2019-04-13 01:00:00,7229.66
2019-04-13 01:30:00,6976.436
2019-04-13 02:00:00,6836.206
2019-04-13 02:30:00,6579.947
2019-04-13 03:00:00,6326.5654
2019-04-13 03:30:00,6202.753
2019-04-13 04:00:00,6066.8516
2019-04-13 04:30:00,6096.7334
2019-04-13 05:00:00,6088.158
2019-04-13 05:30:00,6295.1157
2019-04-13 06:00:00,6377.175
2019-04-13 06:30:00,6668.296
2019-04-13 07:00:00,7013.224
2019-04-13 07:30:00,6955.565
2019-04-13 08:00:00,7398.634
2019-04-13 08:30:00,7394.7783
2019-04-13 09:00:00,7434.9746
2019-04-13 09:30:00,7405.2246
2019-04-13 10:00:00,7341.118
2019-04-13 10:30:00,7340.117
2019-04-13 11:00:00,7317.915
2019-04-13 11:30:00,7309.662
2019-04-13 12:00:00,7247.809
2019-04-13 12:30:00,7266.2935
2019-04-13 13:00:00,7179.9336
2019-04-13 13:30:00,7119.8643
2019-04-13 14:00:00,7025.3438
2019-04-13 14:30:00,7047.492
2019-04-13 15:00:00,7149.408
2019-04-13 15:30:00,7196.9546
2019-04-13 16:00:00,7309.3066
2019-04-13 16:30:00,7375.995
2019-04-13 17:00:00,7684.638
2019-04-13 17:30:00,7756.1396
2019-04-13 18:00:00,7972.175
2019-04-13 18:30:00,8052.293
2019-04-13 19:00:00,7958.908
2019-04-13 19:30:00,7824.537
2019-04-13 20:00:00,7679.392
2019-04-13 20:30:00,7586.845
2019-04-13 21:00:00,7478.63
2019-04-13 21:30:00,7436.228
2019-04-13 22:00:00,7361.0273
2019-04-13 22:30:00,7419.4277
2019-04-13 23:00:00,7259.254
2019-04-13 23:30:00,7259.254
2019-04-14 00:00:00,6970.9316
2019-04-14 00:30:00,6866.027
2019-04-14 01:00:00,6774.5586
2019-04-14 01:30:00,6547.208
2019-04-14 02:00:00,6409.399
2019-04-14 02:30:00,6124.2827
2019-04-14 03:00:00,6010.816
2019-04-14 03:30:00,5900.6455
2019-04-14 04:00:00,5904.483
2019-04-14 04:30:00,5885.3213
2019-04-14 05:00:00,5868.461
2019-04-14 05:30:00,6000.711
2019-04-14 06:00:00,5948.6333
2019-04-14 06:30:00,6172.3105
2019-04-14 07:00:00,6356.6733
2019-04-14 07:30:00,6465.5156
2019-04-14 08:00:00,6596.3145
2019-04-14 08:30:00,6800.553
2019-04-14 09:00:00,6907.951
2019-04-14 09:30:00,6943.0107
2019-04-14 10:00:00,6818.648
2019-04-14 10:30:00,6880.806
2019-04-14 11:00:00,6861.3535
2019-04-14 11:30:00,6811.8525
2019-04-14 12:00:00,6822.895
2019-04-14 12:30:00,6784.7983
2019-04-14 13:00:00,6806.861
2019-04-14 13:30:00,6832.319
2019-04-14 14:00:00,6898.961
2019-04-14 14:30:00,6930.5513
2019-04-14 15:00:00,7090.2817
2019-04-14 15:30:00,7207.642
2019-04-14 16:00:00,7329.718
2019-04-14 16:30:00,7410.169
2019-04-14 17:00:00,7665.451
2019-04-14 17:30:00,7742.6323
2019-04-14 18:00:00,8153.2974
2019-04-14 18:30:00,8252.0625
2019-04-14 19:00:00,8083.5586
2019-04-14 19:30:00,7867.338
2019-04-14 20:00:00,7651.33
2019-04-14 20:30:00,7552.4697
2019-04-14 21:00:00,7397.4062
2019-04-14 21:30:00,7265.354
2019-04-14 22:00:00,7053.0664
2019-04-14 22:30:00,7047.037
2019-04-14 23:00:00,6859.358
2019-04-14 23:30:00,6803.0396
2019-04-15 00:00:00,6840.0034
2019-04-15 00:30:00,6728.0522
2019-04-15 01:00:00,6585.6816
2019-04-15 01:30:00,6439.183
2019-04-15 02:00:00,6281.0195
2019-04-15 02:30:00,6004.3135
2019-04-15 03:00:00,5948.646
2019-04-15 03:30:00,5909.5483
2019-04-15 04:00:00,5951.0054
2019-04-15 04:30:00,5951.0054
2019-04-15 05:00:00,6032.9507
2019-04-15 05:30:00,6346.513
2019-04-15 06:00:00,7063.738
2019-04-15 06:30:00,7476.074
2019-04-15 07:00:00,7529.2593
2019-04-15 07:30:00,8103.7666
2019-04-15 08:00:00,7877.9346
2019-04-15 08:30:00,8222.582
2019-04-15 09:00:00,8121.5566
2019-04-15 09:30:00,8117.8696
2019-04-15 10:00:00,8086.491
2019-04-15 10:30:00,8056.952
2019-04-15 11:00:00,7922.588
2019-04-15 11:30:00,7755.7847
2019-04-15 12:00:00,7902.6294
2019-04-15 12:30:00,7790.4316
2019-04-15 13:00:00,7846.8975
2019-04-15 13:30:00,7607.6875
2019-04-15 14:00:00,7721.7285
2019-04-15 14:30:00,7828.082
2019-04-15 15:00:00,7835.388
2019-04-15 15:30:00,8220.913
2019-04-15 16:00:00,8237.909
2019-04-15 16:30:00,8443.659
2019-04-15 17:00:00,8542.377
2019-04-15 17:30:00,8769.853
2019-04-15 18:00:00,8978.117
2019-04-15 18:30:00,9246.909
2019-04-15 19:00:00,8931.186
2019-04-15 19:30:00,8739.195
2019-04-15 20:00:00,8460.598
2019-04-15 20:30:00,8304.399
2019-04-15 21:00:00,8127.0347
2019-04-15 21:30:00,8053.454
2019-04-15 22:00:00,7803.0557
2019-04-15 22:30:00,7704.1787
2019-04-15 23:00:00,7632.1084
2019-04-15 23:30:00,7553.864
2019-04-16 00:00:00,7544.3823
2019-04-16 00:30:00,7386.5503
2019-04-16 01:00:00,7025.9453
2019-04-16 01:30:00,6930.9995
2019-04-16 02:00:00,6701.346
2019-04-16 02:30:00,6497.502
2019-04-16 03:00:00,6224.442
2019-04-16 03:30:00,6127.421
2019-04-16 04:00:00,6101.857
2019-04-16 04:30:00,6136.8228
2019-04-16 05:00:00,6200.422
2019-04-16 05:30:00,6524.478
2019-04-16 06:00:00,6951.472
2019-04-16 06:30:00,7411.0874
2019-04-16 07:00:00,7817.3022
2019-04-16 07:30:00,7801.019
2019-04-16 08:00:00,8005.928
2019-04-16 08:30:00,8004.899
2019-04-16 09:00:00,8079.631
2019-04-16 09:30:00,8124.0405
2019-04-16 10:00:00,7926.8667
2019-04-16 10:30:00,7942.1665
2019-04-16 11:00:00,7922.7812
2019-04-16 11:30:00,7921.752
2019-04-16 12:00:00,7990.5327
2019-04-16 12:30:00,8008.1333
2019-04-16 13:00:00,8014.462
2019-04-16 13:30:00,7988.1973
2019-04-16 14:00:00,8067.319
2019-04-16 14:30:00,8087.8433
2019-04-16 15:00:00,8088.698
2019-04-16 15:30:00,8147.212
2019-04-16 16:00:00,8257.852
2019-04-16 16:30:00,8354.501
2019-04-16 17:00:00,8513.293
2019-04-16 17:30:00,8630.261
2019-04-16 18:00:00,8926.155
2019-04-16 18:30:00,9073.217
2019-04-16 19:00:00,8806.794
2019-04-16 19:30:00,8568.931
2019-04-16 20:00:00,8365.588
2019-04-16 20:30:00,8238.578
2019-04-16 21:00:00,8091.7954
2019-04-16 21:30:00,7930.0107
2019-04-16 22:00:00,7833.622
2019-04-16 22:30:00,7869.217
2019-04-16 23:00:00,7699.466
2019-04-16 23:30:00,7658.824
2019-04-17 00:00:00,7427.8975
2019-04-17 00:30:00,7249.1885
2019-04-17 01:00:00,7069.913
2019-04-17 01:30:00,6939.0737
2019-04-17 02:00:00,6660.509
2019-04-17 02:30:00,6434.156
2019-04-17 03:00:00,6258.342
2019-04-17 03:30:00,6105.0327
2019-04-17 04:00:00,6079.209
2019-04-17 04:30:00,6132.4624
2019-04-17 05:00:00,6220.9
2019-04-17 05:30:00,6460.7495
2019-04-17 06:00:00,6743.3013
2019-04-17 06:30:00,7137.2383
2019-04-17 07:00:00,7507.805
2019-04-17 07:30:00,7596.5527
2019-04-17 08:00:00,7824.941
2019-04-17 08:30:00,7903.232
2019-04-17 09:00:00,7943.201
2019-04-17 09:30:00,8003.6255
2019-04-17 10:00:00,7877.7524
2019-04-17 10:30:00,7877.7524
2019-04-17 11:00:00,7821.2266
2019-04-17 11:30:00,7821.2266
2019-04-17 12:00:00,7801.7896
2019-04-17 12:30:00,7801.7896
2019-04-17 13:00:00,7803.406
2019-04-17 13:30:00,7806.5938
2019-04-17 14:00:00,7887.3315
2019-04-17 14:30:00,7924.1772
2019-04-17 15:00:00,8020.4165
2019-04-17 15:30:00,8077.2246
2019-04-17 16:00:00,8208.495
2019-04-17 16:30:00,8278.651
2019-04-17 17:00:00,8488.367
2019-04-17 17:30:00,8602.2295
2019-04-17 18:00:00,8877.779
2019-04-17 18:30:00,9074.568
2019-04-17 19:00:00,8832.114
2019-04-17 19:30:00,8594.348
2019-04-17 20:00:00,8404.647
2019-04-17 20:30:00,8250.107
2019-04-17 21:00:00,8093.2676
2019-04-17 21:30:00,7893.3174
2019-04-17 22:00:00,7690.526
2019-04-17 22:30:00,7743.5903
2019-04-17 23:00:00,7613.0396
2019-04-17 23:30:00,7547.5596
2019-04-18 00:00:00,7423.8486
2019-04-18 00:30:00,7312.6265
2019-04-18 01:00:00,7172.0737
2019-04-18 01:30:00,6946.353
2019-04-18 02:00:00,6673.133
2019-04-18 02:30:00,6402.198
2019-04-18 03:00:00,6269.144
2019-04-18 03:30:00,6181.124
2019-04-18 04:00:00,6130.155
2019-04-18 04:30:00,6150.7905
2019-04-18 05:00:00,6268.3525
2019-04-18 05:30:00,6500.8423
2019-04-18 06:00:00,6832.588
2019-04-18 06:30:00,7257.037
2019-04-18 07:00:00,7611.2124
2019-04-18 07:30:00,7727.9404
2019-04-18 08:00:00,7958.2173
2019-04-18 08:30:00,7957.246
2019-04-18 09:00:00,7981.6714
2019-04-18 09:30:00,7916.086
2019-04-18 10:00:00,7774.4375
2019-04-18 10:30:00,7852.818
2019-04-18 11:00:00,7900.698
2019-04-18 11:30:00,7839.1357
2019-04-18 12:00:00,7862.9795
2019-04-18 12:30:00,7829.799
2019-04-18 13:00:00,7887.178
2019-04-18 13:30:00,7844.0874
2019-04-18 14:00:00,7950.659
2019-04-18 14:30:00,8017.0186
2019-04-18 15:00:00,8073.548
2019-04-18 15:30:00,8205.422
2019-04-18 16:00:00,8324.181
2019-04-18 16:30:00,8420.572
2019-04-18 17:00:00,8635.488
2019-04-18 17:30:00,8816.206
2019-04-18 18:00:00,8999.506
2019-04-18 18:30:00,9169.176
2019-04-18 19:00:00,9001.56
2019-04-18 19:30:00,8774.166
2019-04-18 20:00:00,8497.485
2019-04-18 20:30:00,8391.999
2019-04-18 21:00:00,8216.893
2019-04-18 21:30:00,8064.471
2019-04-18 22:00:00,7854.792
2019-04-18 22:30:00,7932.711
2019-04-18 23:00:00,7691.413
2019-04-18 23:30:00,7669.3394
2019-04-19 00:00:00,7251.5684
2019-04-19 00:30:00,7170.59
2019-04-19 01:00:00,6806.427
2019-04-19 01:30:00,6660.9473
2019-04-19 02:00:00,6552.8584
2019-04-19 02:30:00,6327.1543
2019-04-19 03:00:00,6037.4
2019-04-19 03:30:00,5984.6777
2019-04-19 04:00:00,5820.028
2019-04-19 04:30:00,5820.028
2019-04-19 05:00:00,5816.4917
2019-04-19 05:30:00,6095.371
2019-04-19 06:00:00,6203.1323
2019-04-19 06:30:00,6147.9233
2019-04-19 07:00:00,6515.7773
2019-04-19 07:30:00,6570.6177
2019-04-19 08:00:00,6802.591
2019-04-19 08:30:00,6797.701
2019-04-19 09:00:00,6961.2183
2019-04-19 09:30:00,6960.4775
2019-04-19 10:00:00,6965.662
2019-04-19 10:30:00,6964.3477
2019-04-19 11:00:00,6981.7573
2019-04-19 11:30:00,6935.14
2019-04-19 12:00:00,7035.5957
2019-04-19 12:30:00,6993.9404
2019-04-19 13:00:00,6963.118
2019-04-19 13:30:00,6946.874
2019-04-19 14:00:00,6923.5015
2019-04-19 14:30:00,6998.5225
2019-04-19 15:00:00,6948.2046
2019-04-19 15:30:00,6981.86
2019-04-19 16:00:00,7091.041
2019-04-19 16:30:00,7189.5283
2019-04-19 17:00:00,7141.078
2019-04-19 17:30:00,7403.5986
2019-04-19 18:00:00,7500.956
2019-04-19 18:30:00,7539.451
2019-04-19 19:00:00,7437.2407
2019-04-19 19:30:00,7241.637
2019-04-19 20:00:00,7070.8447
2019-04-19 20:30:00,6985.247
2019-04-19 21:00:00,7045.7603
2019-04-19 21:30:00,7027.282
2019-04-19 22:00:00,6976.9478
2019-04-19 22:30:00,6970.0835
2019-04-19 23:00:00,7012.686
2019-04-19 23:30:00,7014.476
2019-04-20 00:00:00,7477.5435
2019-04-20 00:30:00,7208.465
2019-04-20 01:00:00,7055.696
2019-04-20 01:30:00,6936.4043
2019-04-20 02:00:00,6679.9766
2019-04-20 02:30:00,6253.7915
2019-04-20 03:00:00,6096.542
2019-04-20 03:30:00,5904.583
2019-04-20 04:00:00,5739.7627
2019-04-20 04:30:00,5713.0283
2019-04-20 05:00:00,5728.008
2019-04-20 05:30:00,5873.552
2019-04-20 06:00:00,5886.2524
2019-04-20 06:30:00,5945.5215
2019-04-20 07:00:00,6308.0176
2019-04-20 07:30:00,6211.5874
2019-04-20 08:00:00,6568.5923
2019-04-20 08:30:00,6777.3237
2019-04-20 09:00:00,6962.9546
2019-04-20 09:30:00,7079.842
2019-04-20 10:00:00,7014.7993
2019-04-20 10:30:00,7049.8696
2019-04-20 11:00:00,6886.033
2019-04-20 11:30:00,6766.7583
2019-04-20 12:00:00,6718.6606
2019-04-20 12:30:00,6790.3506
2019-04-20 13:00:00,6763.522
2019-04-20 13:30:00,6815.093
2019-04-20 14:00:00,7004.4824
2019-04-20 14:30:00,7029.5957
2019-04-20 15:00:00,6979.7505
2019-04-20 15:30:00,7113.262
2019-04-20 16:00:00,7201.2246
2019-04-20 16:30:00,7252.3555
2019-04-20 17:00:00,7541.885
2019-04-20 17:30:00,7697.6846
2019-04-20 18:00:00,7765.0073
2019-04-20 18:30:00,7727.3706
2019-04-20 19:00:00,7769.7666
2019-04-20 19:30:00,7791.905
2019-04-20 20:00:00,7493.0522
2019-04-20 20:30:00,7393.431
2019-04-20 21:00:00,7269.5845
2019-04-20 21:30:00,7230.0293
2019-04-20 22:00:00,7149.4917
2019-04-20 22:30:00,7201.632
2019-04-20 23:00:00,7101.0405
2019-04-20 23:30:00,7084.7505
2019-04-21 00:00:00,6707.728
2019-04-21 00:30:00,6554.7944
2019-04-21 01:00:00,6452.4146
2019-04-21 01:30:00,6211.28
2019-04-21 02:00:00,6099.3125
2019-04-21 02:30:00,5878.846
2019-04-21 03:00:00,5636.9907
2019-04-21 03:30:00,5570.688
2019-04-21 04:00:00,5580.2383
2019-04-21 04:30:00,5579.237
2019-04-21 05:00:00,5504.9146
2019-04-21 05:30:00,5513.3315
2019-04-21 06:00:00,5660.2544
2019-04-21 06:30:00,5690.2324
2019-04-21 07:00:00,5890.351
2019-04-21 07:30:00,5822.846
2019-04-21 08:00:00,6152.3135
2019-04-21 08:30:00,6226.0957
2019-04-21 09:00:00,6518.0693
2019-04-21 09:30:00,6644.1694
2019-04-21 10:00:00,6488.066
2019-04-21 10:30:00,6475.651
2019-04-21 11:00:00,6470.477
2019-04-21 11:30:00,6399.003
2019-04-21 12:00:00,6461.7114
2019-04-21 12:30:00,6488.7466
2019-04-21 13:00:00,6403.9966
2019-04-21 13:30:00,6532.9746
2019-04-21 14:00:00,6590.2876
2019-04-21 14:30:00,6659.094
2019-04-21 15:00:00,6822.489
2019-04-21 15:30:00,6891.479
2019-04-21 16:00:00,7019.557
2019-04-21 16:30:00,7209.6914
2019-04-21 17:00:00,7437.4805
2019-04-21 17:30:00,7442.864
2019-04-21 18:00:00,7618.022
2019-04-21 18:30:00,7497.607
2019-04-21 19:00:00,7507.18
2019-04-21 19:30:00,7543.6807
2019-04-21 20:00:00,7431.3584
2019-04-21 20:30:00,7388.109
2019-04-21 21:00:00,7170.999
2019-04-21 21:30:00,7099.1655
2019-04-21 22:00:00,6907.102
2019-04-21 22:30:00,6910.5854
2019-04-21 23:00:00,6690.271
2019-04-21 23:30:00,6690.271
2019-04-22 00:00:00,6655.7583
2019-04-22 00:30:00,6570.8774
2019-04-22 01:00:00,6382.2554
2019-04-22 01:30:00,6197.22
2019-04-22 02:00:00,6138.901
2019-04-22 02:30:00,5870.68
2019-04-22 03:00:00,5707.538
2019-04-22 03:30:00,5668.746
2019-04-22 04:00:00,5599.4946
2019-04-22 04:30:00,5600.752
2019-04-22 05:00:00,5731.838
2019-04-22 05:30:00,5795.4155
2019-04-22 06:00:00,5967.234
2019-04-22 06:30:00,6121.892
2019-04-22 07:00:00,6268.4897
2019-04-22 07:30:00,6592.071
2019-04-22 08:00:00,6428.4023
2019-04-22 08:30:00,6644.8433
2019-04-22 09:00:00,7063.139
2019-04-22 09:30:00,6973.7686
2019-04-22 10:00:00,6988.0776
2019-04-22 10:30:00,6915.094
2019-04-22 11:00:00,6956.0713
2019-04-22 11:30:00,6846.3438
2019-04-22 12:00:00,6707.772
2019-04-22 12:30:00,6815.0566
2019-04-22 13:00:00,6975.6426
2019-04-22 13:30:00,7020.927
2019-04-22 14:00:00,7212.0337
2019-04-22 14:30:00,7182.8735
2019-04-22 15:00:00,7221.681
2019-04-22 15:30:00,7486.9507
2019-04-22 16:00:00,7564.73
2019-04-22 16:30:00,7556.826
2019-04-22 17:00:00,7799.7285
2019-04-22 17:30:00,7786.259
2019-04-22 18:00:00,7942.6514
2019-04-22 18:30:00,8122.0195
2019-04-22 19:00:00,7768.4014
2019-04-22 19:30:00,7839.2217
2019-04-22 20:00:00,7571.9614
2019-04-22 20:30:00,7503.9844
2019-04-22 21:00:00,7335.467
2019-04-22 21:30:00,7161.121
2019-04-22 22:00:00,7076.9595
2019-04-22 22:30:00,7157.1743
2019-04-22 23:00:00,7139.451
2019-04-22 23:30:00,6997.9116
2019-04-23 00:00:00,7448.2134
2019-04-23 00:30:00,7235.122
2019-04-23 01:00:00,6919.518
2019-04-23 01:30:00,6812.4536
2019-04-23 02:00:00,6562.317
2019-04-23 02:30:00,6298.887
2019-04-23 03:00:00,6064.3643
2019-04-23 03:30:00,6022.858
2019-04-23 04:00:00,5999.9
2019-04-23 04:30:00,5999.9
2019-04-23 05:00:00,6074.3994
2019-04-23 05:30:00,6179.0693
2019-04-23 06:00:00,6755.0933
2019-04-23 06:30:00,6853.153
2019-04-23 07:00:00,7424.804
2019-04-23 07:30:00,7317.8047
2019-04-23 08:00:00,7779.442
2019-04-23 08:30:00,8021.62
2019-04-23 09:00:00,7889.7305
2019-04-23 09:30:00,7996.4033
2019-04-23 10:00:00,7758.8955
2019-04-23 10:30:00,7792.4224
2019-04-23 11:00:00,7719.3677
2019-04-23 11:30:00,7688.4487
2019-04-23 12:00:00,7640.9976
2019-04-23 12:30:00,7635.647
2019-04-23 13:00:00,7791.6167
2019-04-23 13:30:00,7790.943
2019-04-23 14:00:00,7959.789
2019-04-23 14:30:00,7956.1704
2019-04-23 15:00:00,7978.957
2019-04-23 15:30:00,8003.251
2019-04-23 16:00:00,8099.088
2019-04-23 16:30:00,8171.268
2019-04-23 17:00:00,8195.629
2019-04-23 17:30:00,8283.147
2019-04-23 18:00:00,8422.473
2019-04-23 18:30:00,8475.951
2019-04-23 19:00:00,8312.255
2019-04-23 19:30:00,8112.3438
2019-04-23 20:00:00,7925.04
2019-04-23 20:30:00,7869.1
2019-04-23 21:00:00,7789.9272
2019-04-23 21:30:00,7717.4565
2019-04-23 22:00:00,7630.5737
2019-04-23 22:30:00,7681.55
2019-04-23 23:00:00,7486.8647
2019-04-23 23:30:00,7442.27
2019-04-24 00:00:00,7105.5513
2019-04-24 00:30:00,7023.3774
2019-04-24 01:00:00,6867.304
2019-04-24 01:30:00,6673.5283
2019-04-24 02:00:00,6463.9097
2019-04-24 02:30:00,6229.812
2019-04-24 03:00:00,6021.7876
2019-04-24 03:30:00,5954.8145
2019-04-24 04:00:00,5960.876
2019-04-24 04:30:00,5960.876
2019-04-24 05:00:00,6098.2124
2019-04-24 05:30:00,6208.5864
2019-04-24 06:00:00,6554.0703
2019-04-24 06:30:00,6829.8086
2019-04-24 07:00:00,7270.663
2019-04-24 07:30:00,7407.1196
2019-04-24 08:00:00,7717.4854
2019-04-24 08:30:00,7824.785
2019-04-24 09:00:00,7926.677
2019-04-24 09:30:00,8027.4297
2019-04-24 10:00:00,8003.1025
2019-04-24 10:30:00,8053.389
2019-04-24 11:00:00,7948.707
2019-04-24 11:30:00,7943.0054
2019-04-24 12:00:00,7961.424
2019-04-24 12:30:00,7927.525
2019-04-24 13:00:00,7954.421
2019-04-24 13:30:00,8007.5693
2019-04-24 14:00:00,8020.8955
2019-04-24 14:30:00,8053.2207
2019-04-24 15:00:00,8103.296
2019-04-24 15:30:00,8166.1577
2019-04-24 16:00:00,8310.427
2019-04-24 16:30:00,8361.269
2019-04-24 17:00:00,8510.9
2019-04-24 17:30:00,8611.284
2019-04-24 18:00:00,8989.66
2019-04-24 18:30:00,8925.228
2019-04-24 19:00:00,8717.138
2019-04-24 19:30:00,8453.829
2019-04-24 20:00:00,8250.854
2019-04-24 20:30:00,8139.21
2019-04-24 21:00:00,7947.282
2019-04-24 21:30:00,7714.3647
2019-04-24 22:00:00,7582.1367
2019-04-24 22:30:00,7644.3193
2019-04-24 23:00:00,7472.8403
2019-04-24 23:30:00,7364.964
2019-04-25 00:00:00,7047.433
2019-04-25 00:30:00,6927.6323
2019-04-25 01:00:00,6735.504
2019-04-25 01:30:00,6593.8276
2019-04-25 02:00:00,6449.21
2019-04-25 02:30:00,6224.3564
2019-04-25 03:00:00,5961.797
2019-04-25 03:30:00,5889.8447
2019-04-25 04:00:00,5778.598
2019-04-25 04:30:00,5794.3755
2019-04-25 05:00:00,5852.045
2019-04-25 05:30:00,5919.8896
2019-04-25 06:00:00,6143.7227
2019-04-25 06:30:00,6501.2256
2019-04-25 07:00:00,6673.5635
2019-04-25 07:30:00,6699.0376
2019-04-25 08:00:00,7068.682
2019-04-25 08:30:00,7054.65
2019-04-25 09:00:00,7287.571
2019-04-25 09:30:00,7265.34
2019-04-25 10:00:00,7282.2925
2019-04-25 10:30:00,7308.544
2019-04-25 11:00:00,7354.4487
2019-04-25 11:30:00,7282.7114
2019-04-25 12:00:00,7341.6396
2019-04-25 12:30:00,7293.1816
2019-04-25 13:00:00,7294.1826
2019-04-25 13:30:00,7366.9717
2019-04-25 14:00:00,7313.6875
2019-04-25 14:30:00,7334.4233
2019-04-25 15:00:00,7288.2344
2019-04-25 15:30:00,7369.0566
2019-04-25 16:00:00,7320.286
2019-04-25 16:30:00,7369.456
2019-04-25 17:00:00,7720.106
2019-04-25 17:30:00,7597.8984
2019-04-25 18:00:00,7921.6816
2019-04-25 18:30:00,7863.6763
2019-04-25 19:00:00,7615.503
2019-04-25 19:30:00,7551.1045
2019-04-25 20:00:00,7451.3857
2019-04-25 20:30:00,7422.4243
2019-04-25 21:00:00,7360.8184
2019-04-25 21:30:00,7327.207
2019-04-25 22:00:00,7202.4507
2019-04-25 22:30:00,7270.475
2019-04-25 23:00:00,7192.823
2019-04-25 23:30:00,7192.823
2019-04-26 00:00:00,7393.2544
2019-04-26 00:30:00,7242.064
2019-04-26 01:00:00,7022.504
2019-04-26 01:30:00,6900.1064
2019-04-26 02:00:00,6582.884
2019-04-26 02:30:00,6320.8804
2019-04-26 03:00:00,6157.084
2019-04-26 03:30:00,6058.5645
2019-04-26 04:00:00,6011.793
2019-04-26 04:30:00,6004.433
2019-04-26 05:00:00,6064.9067
2019-04-26 05:30:00,6152.1064
2019-04-26 06:00:00,6508.5024
2019-04-26 06:30:00,6504.3823
2019-04-26 07:00:00,7069.6123
2019-04-26 07:30:00,7101.838
2019-04-26 08:00:00,7128.0234
2019-04-26 08:30:00,7263.5
2019-04-26 09:00:00,7138.031
2019-04-26 09:30:00,7148.7603
2019-04-26 10:00:00,7142.816
2019-04-26 10:30:00,7243.6973
2019-04-26 11:00:00,7057.36
2019-04-26 11:30:00,7009.045
2019-04-26 12:00:00,7073.0493
2019-04-26 12:30:00,7158.254
2019-04-26 13:00:00,7206.6406
2019-04-26 13:30:00,7382.075
2019-04-26 14:00:00,7490.119
2019-04-26 14:30:00,7505.987
2019-04-26 15:00:00,7470.552
2019-04-26 15:30:00,7525.141
2019-04-26 16:00:00,7575.308
2019-04-26 16:30:00,7681.624
2019-04-26 17:00:00,7764.3896
2019-04-26 17:30:00,7939.636
2019-04-26 18:00:00,8130.0938
2019-04-26 18:30:00,8194.054
2019-04-26 19:00:00,8090.997
2019-04-26 19:30:00,7826.796
2019-04-26 20:00:00,7660.1562
2019-04-26 20:30:00,7607.092
2019-04-26 21:00:00,7557.7686
2019-04-26 21:30:00,7385.0176
2019-04-26 22:00:00,7276.246
2019-04-26 22:30:00,7276.246
2019-04-26 23:00:00,7168.382
2019-04-26 23:30:00,7141.871
2019-04-27 00:00:00,7004.0933
2019-04-27 00:30:00,6914.336
2019-04-27 01:00:00,6654.5415
2019-04-27 01:30:00,6492.153
2019-04-27 02:00:00,6240.7314
2019-04-27 02:30:00,5993.3867
2019-04-27 03:00:00,5821.2607
2019-04-27 03:30:00,5774.8154
2019-04-27 04:00:00,5634.305
2019-04-27 04:30:00,5634.305
2019-04-27 05:00:00,5689.604
2019-04-27 05:30:00,5735.483
2019-04-27 06:00:00,6054.176
2019-04-27 06:30:00,6188.931
2019-04-27 07:00:00,6707.248
2019-04-27 07:30:00,6755.4956
2019-04-27 08:00:00,7124.1094
2019-04-27 08:30:00,7175.7725
2019-04-27 09:00:00,7253.992
2019-04-27 09:30:00,7240.0107
2019-04-27 10:00:00,7221.2354
2019-04-27 10:30:00,7190.159
2019-04-27 11:00:00,7098.9634
2019-04-27 11:30:00,7066.2417
2019-04-27 12:00:00,7035.367
2019-04-27 12:30:00,7034.739
2019-04-27 13:00:00,7053.986
2019-04-27 13:30:00,7072.9185
2019-04-27 14:00:00,6860.968
2019-04-27 14:30:00,6863.5723
2019-04-27 15:00:00,7057.813
2019-04-27 15:30:00,7163.6743
2019-04-27 16:00:00,7278.7114
2019-04-27 16:30:00,7356.932
2019-04-27 17:00:00,7517.8345
2019-04-27 17:30:00,7669.9883
2019-04-27 18:00:00,7921.7695
2019-04-27 18:30:00,7868.403
2019-04-27 19:00:00,7784.393
2019-04-27 19:30:00,7604.5303
2019-04-27 20:00:00,7425.4097
2019-04-27 20:30:00,7373.082
2019-04-27 21:00:00,7239.72
2019-04-27 21:30:00,7187.683
2019-04-27 22:00:00,7134.309
2019-04-27 22:30:00,7195.427
2019-04-27 23:00:00,7050.3735
2019-04-27 23:30:00,7028.8164
2019-04-28 00:00:00,6900.457
2019-04-28 00:30:00,6768.9536
2019-04-28 01:00:00,6685.6367
2019-04-28 01:30:00,6545.3584
2019-04-28 02:00:00,6289.0283
2019-04-28 02:30:00,6034.999
2019-04-28 03:00:00,5960.9697
2019-04-28 03:30:00,5840.639
2019-04-28 04:00:00,5766.9263
2019-04-28 04:30:00,5766.9263
2019-04-28 05:00:00,5742.609
2019-04-28 05:30:00,5836.126
2019-04-28 06:00:00,5920.8555
2019-04-28 06:30:00,6089.732
2019-04-28 07:00:00,6256.94
2019-04-28 07:30:00,6385.8057
2019-04-28 08:00:00,6670.24
2019-04-28 08:30:00,6665.9785
2019-04-28 09:00:00,6784.8403
2019-04-28 09:30:00,6784.8403
2019-04-28 10:00:00,6766.7573
2019-04-28 10:30:00,6721.439
2019-04-28 11:00:00,6659.854
2019-04-28 11:30:00,6558.2993
2019-04-28 12:00:00,6476.032
2019-04-28 12:30:00,6455.3164
2019-04-28 13:00:00,6370.018
2019-04-28 13:30:00,6352.9233
2019-04-28 14:00:00,6372.5723
2019-04-28 14:30:00,6419.4424
2019-04-28 15:00:00,6618.749
2019-04-28 15:30:00,6804.065
2019-04-28 16:00:00,6976.684
2019-04-28 16:30:00,7117.6104
2019-04-28 17:00:00,7444.2056
2019-04-28 17:30:00,7658.386
2019-04-28 18:00:00,8141.08
2019-04-28 18:30:00,8245.527
2019-04-28 19:00:00,8091.538
2019-04-28 19:30:00,7901.344
2019-04-28 20:00:00,7730.741
2019-04-28 20:30:00,7604.7607
2019-04-28 21:00:00,7430.465
2019-04-28 21:30:00,7420.0117
2019-04-28 22:00:00,7131.9443
2019-04-28 22:30:00,7132.1113
2019-04-28 23:00:00,6890.1855
2019-04-28 23:30:00,6886.6973
2019-04-29 00:00:00,6879.539
2019-04-29 00:30:00,6825.0947
2019-04-29 01:00:00,6718.1597
2019-04-29 01:30:00,6575.3047
2019-04-29 02:00:00,6433.0
2019-04-29 02:30:00,6246.4604
2019-04-29 03:00:00,6062.1875
2019-04-29 03:30:00,6001.644
2019-04-29 04:00:00,6057.023
2019-04-29 04:30:00,6015.661
2019-04-29 05:00:00,6297.006
2019-04-29 05:30:00,6337.1265
2019-04-29 06:00:00,7205.0366
2019-04-29 06:30:00,7471.0303
2019-04-29 07:00:00,7970.46
2019-04-29 07:30:00,8576.518
2019-04-29 08:00:00,8226.176
2019-04-29 08:30:00,8114.8516
2019-04-29 09:00:00,7689.1826
2019-04-29 09:30:00,7647.326
2019-04-29 10:00:00,7544.9497
2019-04-29 10:30:00,7569.0645
2019-04-29 11:00:00,7425.66
2019-04-29 11:30:00,7226.326
2019-04-29 12:00:00,7303.8066
2019-04-29 12:30:00,7338.23
2019-04-29 13:00:00,7076.9204
2019-04-29 13:30:00,7062.6006
2019-04-29 14:00:00,7283.037
2019-04-29 14:30:00,7299.482
2019-04-29 15:00:00,7546.9253
2019-04-29 15:30:00,7790.4087
2019-04-29 16:00:00,8142.3857
2019-04-29 16:30:00,8469.499
2019-04-29 17:00:00,8601.229
2019-04-29 17:30:00,8850.959
2019-04-29 18:00:00,9323.255
2019-04-29 18:30:00,9471.339
2019-04-29 19:00:00,9311.659
2019-04-29 19:30:00,9010.52
2019-04-29 20:00:00,8590.521
2019-04-29 20:30:00,8521.5
2019-04-29 21:00:00,8225.46
2019-04-29 21:30:00,8116.158
2019-04-29 22:00:00,8074.9497
2019-04-29 22:30:00,8065.638
2019-04-29 23:00:00,7886.8633
2019-04-29 23:30:00,7743.807
2019-04-30 00:00:00,7757.273
2019-04-30 00:30:00,7611.7124
2019-04-30 01:00:00,7391.7397
2019-04-30 01:30:00,7066.3843
2019-04-30 02:00:00,6909.764
2019-04-30 02:30:00,6706.09
2019-04-30 03:00:00,6428.999
2019-04-30 03:30:00,6297.818
2019-04-30 04:00:00,6233.485
2019-04-30 04:30:00,6299.732
2019-04-30 05:00:00,6470.643
2019-04-30 05:30:00,6749.285
2019-04-30 06:00:00,7273.6597
2019-04-30 06:30:00,7745.906
2019-04-30 07:00:00,8112.3506
2019-04-30 07:30:00,8286.84
2019-04-30 08:00:00,8338.923
2019-04-30 08:30:00,8335.196
2019-04-30 09:00:00,8280.406
2019-04-30 09:30:00,8246.154
2019-04-30 10:00:00,8135.1147
2019-04-30 10:30:00,8097.5947
2019-04-30 11:00:00,8058.8345
2019-04-30 11:30:00,7952.0137
2019-04-30 12:00:00,7957.199
2019-04-30 12:30:00,7928.576
2019-04-30 13:00:00,7999.0073
2019-04-30 13:30:00,7998.9146
2019-04-30 14:00:00,8029.6553
2019-04-30 14:30:00,8033.26
2019-04-30 15:00:00,8049.9395
2019-04-30 15:30:00,8157.7114
2019-04-30 16:00:00,8256.814
2019-04-30 16:30:00,8363.682
2019-04-30 17:00:00,8552.588
2019-04-30 17:30:00,8805.397
2019-04-30 18:00:00,9269.597
2019-04-30 18:30:00,9260.562
2019-04-30 19:00:00,9151.626
2019-04-30 19:30:00,8780.988
2019-04-30 20:00:00,8589.689
2019-04-30 20:30:00,8438.108
2019-04-30 21:00:00,8273.118
2019-04-30 21:30:00,8151.385
2019-04-30 22:00:00,7963.7905
2019-04-30 22:30:00,8055.7695
2019-04-30 23:00:00,7863.309
2019-04-30 23:30:00,7778.653
2019-05-01 00:00:00,7683.333
2019-05-01 00:30:00,7492.7593
2019-05-01 01:00:00,7317.741
2019-05-01 01:30:00,7076.743
2019-05-01 02:00:00,6931.1553
2019-05-01 02:30:00,6653.662
2019-05-01 03:00:00,6492.724
2019-05-01 03:30:00,6353.9404
2019-05-01 04:00:00,6275.207
2019-05-01 04:30:00,6268.9404
2019-05-01 05:00:00,6397.745
2019-05-01 05:30:00,6686.3887
2019-05-01 06:00:00,6968.6265
2019-05-01 06:30:00,7499.407
2019-05-01 07:00:00,8014.143
2019-05-01 07:30:00,8204.247
2019-05-01 08:00:00,8317.511
2019-05-01 08:30:00,8210.622
2019-05-01 09:00:00,8035.5884
2019-05-01 09:30:00,7987.6514
2019-05-01 10:00:00,7921.4893
2019-05-01 10:30:00,7921.1123
2019-05-01 11:00:00,7779.59
2019-05-01 11:30:00,7715.1733
2019-05-01 12:00:00,7776.7275
2019-05-01 12:30:00,7686.2563
2019-05-01 13:00:00,7720.6016
2019-05-01 13:30:00,7789.0635
2019-05-01 14:00:00,7925.658
2019-05-01 14:30:00,7957.951
2019-05-01 15:00:00,8051.3247
2019-05-01 15:30:00,8082.014
2019-05-01 16:00:00,8288.292
2019-05-01 16:30:00,8327.844
2019-05-01 17:00:00,8518.418
2019-05-01 17:30:00,8829.603
2019-05-01 18:00:00,9228.373
2019-05-01 18:30:00,9167.549
2019-05-01 19:00:00,9038.227
2019-05-01 19:30:00,8757.7
2019-05-01 20:00:00,8596.953
2019-05-01 20:30:00,8450.0
2019-05-01 21:00:00,8200.4795
2019-05-01 21:30:00,8028.2563
2019-05-01 22:00:00,7877.1685
2019-05-01 22:30:00,7880.8364
2019-05-01 23:00:00,7678.881
2019-05-01 23:30:00,7556.691
2019-05-02 00:00:00,7642.2114
2019-05-02 00:30:00,7412.979
2019-05-02 01:00:00,7196.608
2019-05-02 01:30:00,6990.262
2019-05-02 02:00:00,6885.425
2019-05-02 02:30:00,6539.9453
2019-05-02 03:00:00,6404.655
2019-05-02 03:30:00,6283.878
2019-05-02 04:00:00,6162.8696
2019-05-02 04:30:00,6239.9556
2019-05-02 05:00:00,6327.5674
2019-05-02 05:30:00,6580.1934
2019-05-02 06:00:00,6842.46
2019-05-02 06:30:00,7358.6772
2019-05-02 07:00:00,7844.99
2019-05-02 07:30:00,8047.3916
2019-05-02 08:00:00,8286.888
2019-05-02 08:30:00,8313.308
2019-05-02 09:00:00,8342.639
2019-05-02 09:30:00,8324.252
2019-05-02 10:00:00,8309.872
2019-05-02 10:30:00,8309.872
2019-05-02 11:00:00,8298.704
2019-05-02 11:30:00,8287.684
2019-05-02 12:00:00,8209.231
2019-05-02 12:30:00,8131.249
2019-05-02 13:00:00,8072.072
2019-05-02 13:30:00,8101.851
2019-05-02 14:00:00,8206.965
2019-05-02 14:30:00,8285.678
2019-05-02 15:00:00,8273.626
2019-05-02 15:30:00,8289.709
2019-05-02 16:00:00,8441.093
2019-05-02 16:30:00,8531.53
2019-05-02 17:00:00,8815.901
2019-05-02 17:30:00,9068.223
2019-05-02 18:00:00,9334.304
2019-05-02 18:30:00,9267.749
2019-05-02 19:00:00,9098.039
2019-05-02 19:30:00,8879.501
2019-05-02 20:00:00,8608.62
2019-05-02 20:30:00,8476.595
2019-05-02 21:00:00,8311.358
2019-05-02 21:30:00,8136.637
2019-05-02 22:00:00,7927.3555
2019-05-02 22:30:00,7927.9497
2019-05-02 23:00:00,7729.907
2019-05-02 23:30:00,7688.5503
2019-05-03 00:00:00,7568.0024
2019-05-03 00:30:00,7458.6255
2019-05-03 01:00:00,7261.1646
2019-05-03 01:30:00,7059.372
2019-05-03 02:00:00,6839.2983
2019-05-03 02:30:00,6570.5366
2019-05-03 03:00:00,6369.601
2019-05-03 03:30:00,6294.9487
2019-05-03 04:00:00,6196.6494
2019-05-03 04:30:00,6196.6494
2019-05-03 05:00:00,6345.2812
2019-05-03 05:30:00,6598.9087
2019-05-03 06:00:00,6862.503
2019-05-03 06:30:00,7340.3486
2019-05-03 07:00:00,7890.038
2019-05-03 07:30:00,8049.1626
2019-05-03 08:00:00,8224.739
2019-05-03 08:30:00,8304.316
2019-05-03 09:00:00,8296.617
2019-05-03 09:30:00,8296.617
2019-05-03 10:00:00,8183.7925
2019-05-03 10:30:00,8061.224
2019-05-03 11:00:00,8153.0483
2019-05-03 11:30:00,8161.714
2019-05-03 12:00:00,8183.6587
2019-05-03 12:30:00,8187.2734
2019-05-03 13:00:00,8245.637
2019-05-03 13:30:00,8344.031
2019-05-03 14:00:00,8363.699
2019-05-03 14:30:00,8426.79
2019-05-03 15:00:00,8425.789
2019-05-03 15:30:00,8425.789
2019-05-03 16:00:00,8468.668
2019-05-03 16:30:00,8599.05
2019-05-03 17:00:00,8631.366
2019-05-03 17:30:00,8884.417
2019-05-03 18:00:00,9127.742
2019-05-03 18:30:00,9090.349
2019-05-03 19:00:00,8915.054
2019-05-03 19:30:00,8626.253
2019-05-03 20:00:00,8457.186
2019-05-03 20:30:00,8285.984
2019-05-03 21:00:00,8235.945
2019-05-03 21:30:00,8037.194
2019-05-03 22:00:00,7932.3687
2019-05-03 22:30:00,7932.3687
2019-05-03 23:00:00,7791.085
2019-05-03 23:30:00,7658.7407
2019-05-04 00:00:00,7420.664
2019-05-04 00:30:00,7277.8945
2019-05-04 01:00:00,7080.541
2019-05-04 01:30:00,6952.551
2019-05-04 02:00:00,6686.953
2019-05-04 02:30:00,6404.586
2019-05-04 03:00:00,6201.5723
2019-05-04 03:30:00,6013.5317
2019-05-04 04:00:00,5924.387
2019-05-04 04:30:00,5949.175
2019-05-04 05:00:00,5965.2715
2019-05-04 05:30:00,6094.3984
2019-05-04 06:00:00,6344.828
2019-05-04 06:30:00,6421.0996
2019-05-04 07:00:00,7023.5234
2019-05-04 07:30:00,7065.4473
2019-05-04 08:00:00,7593.2275
2019-05-04 08:30:00,7676.0815
2019-05-04 09:00:00,7809.033
2019-05-04 09:30:00,7765.9565
2019-05-04 10:00:00,7734.971
2019-05-04 10:30:00,7734.971
2019-05-04 11:00:00,7780.245
2019-05-04 11:30:00,7790.13
2019-05-04 12:00:00,7861.8564
2019-05-04 12:30:00,7787.888
2019-05-04 13:00:00,7729.135
2019-05-04 13:30:00,7695.551
2019-05-04 14:00:00,7621.4043
2019-05-04 14:30:00,7621.4043
2019-05-04 15:00:00,7679.1562
2019-05-04 15:30:00,7630.837
2019-05-04 16:00:00,7732.9834
2019-05-04 16:30:00,7732.9834
2019-05-04 17:00:00,7937.4697
2019-05-04 17:30:00,8086.9087
2019-05-04 18:00:00,8404.217
2019-05-04 18:30:00,8248.748
2019-05-04 19:00:00,8105.2676
2019-05-04 19:30:00,7967.8306
2019-05-04 20:00:00,7763.5786
2019-05-04 20:30:00,7683.05
2019-05-04 21:00:00,7562.9927
2019-05-04 21:30:00,7492.1514
2019-05-04 22:00:00,7458.807
2019-05-04 22:30:00,7468.085
2019-05-04 23:00:00,7367.005
2019-05-04 23:30:00,7347.8574
2019-05-05 00:00:00,7191.5176
2019-05-05 00:30:00,7047.7153
2019-05-05 01:00:00,6940.919
2019-05-05 01:30:00,6801.084
2019-05-05 02:00:00,6553.49
2019-05-05 02:30:00,6203.107
2019-05-05 03:00:00,6088.15
2019-05-05 03:30:00,5982.2334
2019-05-05 04:00:00,5914.698
2019-05-05 04:30:00,5914.698
2019-05-05 05:00:00,5888.123
2019-05-05 05:30:00,5929.3013
2019-05-05 06:00:00,6007.7153
2019-05-05 06:30:00,6232.422
2019-05-05 07:00:00,6376.777
2019-05-05 07:30:00,6596.671
2019-05-05 08:00:00,6826.8203
2019-05-05 08:30:00,6986.1533
2019-05-05 09:00:00,7118.8315
2019-05-05 09:30:00,7304.856
2019-05-05 10:00:00,7345.6543
2019-05-05 10:30:00,7294.317
2019-05-05 11:00:00,7123.6885
2019-05-05 11:30:00,7008.2183
2019-05-05 12:00:00,6888.1274
2019-05-05 12:30:00,6879.337
2019-05-05 13:00:00,6866.36
2019-05-05 13:30:00,6823.9585
2019-05-05 14:00:00,6895.3345
2019-05-05 14:30:00,6825.1904
2019-05-05 15:00:00,6972.1304
2019-05-05 15:30:00,7085.94
2019-05-05 16:00:00,7272.853
2019-05-05 16:30:00,7479.0996
2019-05-05 17:00:00,7756.4917
2019-05-05 17:30:00,7963.908
2019-05-05 18:00:00,8439.735
2019-05-05 18:30:00,8498.411
2019-05-05 19:00:00,8384.024
2019-05-05 19:30:00,8179.332
2019-05-05 20:00:00,8073.2646
2019-05-05 20:30:00,7932.774
2019-05-05 21:00:00,7671.515
2019-05-05 21:30:00,7544.6934
2019-05-05 22:00:00,7315.366
2019-05-05 22:30:00,7333.3906
2019-05-05 23:00:00,7053.8857
2019-05-05 23:30:00,6922.071
2019-05-06 00:00:00,6858.672
2019-05-06 00:30:00,6753.14
2019-05-06 01:00:00,6653.3594
2019-05-06 01:30:00,6620.501
2019-05-06 02:00:00,6473.561
2019-05-06 02:30:00,6260.151
2019-05-06 03:00:00,6086.1626
2019-05-06 03:30:00,5980.3213
2019-05-06 04:00:00,6003.1406
2019-05-06 04:30:00,6010.8223
2019-05-06 05:00:00,6296.9683
2019-05-06 05:30:00,6404.176
2019-05-06 06:00:00,7326.5605
2019-05-06 06:30:00,7477.63
2019-05-06 07:00:00,8226.294
2019-05-06 07:30:00,8476.239
2019-05-06 08:00:00,8447.546
2019-05-06 08:30:00,8418.855
2019-05-06 09:00:00,7917.399
2019-05-06 09:30:00,7955.422
2019-05-06 10:00:00,7928.642
2019-05-06 10:30:00,7927.613
2019-05-06 11:00:00,7618.167
2019-05-06 11:30:00,7446.111
2019-05-06 12:00:00,7578.2417
2019-05-06 12:30:00,7519.375
2019-05-06 13:00:00,7533.78
2019-05-06 13:30:00,7812.811
2019-05-06 14:00:00,8177.929
2019-05-06 14:30:00,8213.437
2019-05-06 15:00:00,8144.1865
2019-05-06 15:30:00,8282.996
2019-05-06 16:00:00,8382.93
2019-05-06 16:30:00,8581.674
2019-05-06 17:00:00,8832.53
2019-05-06 17:30:00,9131.926
2019-05-06 18:00:00,9536.436
2019-05-06 18:30:00,9588.937
2019-05-06 19:00:00,9556.551
2019-05-06 19:30:00,9412.019
2019-05-06 20:00:00,9072.29
2019-05-06 20:30:00,8851.095
2019-05-06 21:00:00,8574.36
2019-05-06 21:30:00,8463.398
2019-05-06 22:00:00,8154.298
2019-05-06 22:30:00,8035.869
2019-05-06 23:00:00,8099.963
2019-05-06 23:30:00,7908.385
2019-05-07 00:00:00,7732.9316
2019-05-07 00:30:00,7600.6846
2019-05-07 01:00:00,7351.561
2019-05-07 01:30:00,7143.499
2019-05-07 02:00:00,6965.146
2019-05-07 02:30:00,6696.102
2019-05-07 03:00:00,6440.799
2019-05-07 03:30:00,6364.301
2019-05-07 04:00:00,6242.3604
2019-05-07 04:30:00,6297.769
2019-05-07 05:00:00,6512.0327
2019-05-07 05:30:00,6816.54
2019-05-07 06:00:00,7361.2515
2019-05-07 06:30:00,7810.7466
2019-05-07 07:00:00,8265.932
2019-05-07 07:30:00,8485.161
2019-05-07 08:00:00,8598.84
2019-05-07 08:30:00,8468.671
2019-05-07 09:00:00,8307.426
2019-05-07 09:30:00,8145.318
2019-05-07 10:00:00,8059.619
2019-05-07 10:30:00,7932.332
2019-05-07 11:00:00,7889.926
2019-05-07 11:30:00,7944.044
2019-05-07 12:00:00,7892.1025
2019-05-07 12:30:00,7878.137
2019-05-07 13:00:00,7886.954
2019-05-07 13:30:00,7886.954
2019-05-07 14:00:00,7926.0576
2019-05-07 14:30:00,7923.1
2019-05-07 15:00:00,7949.7227
2019-05-07 15:30:00,7992.7373
2019-05-07 16:00:00,8199.58
2019-05-07 16:30:00,8245.207
2019-05-07 17:00:00,8528.579
2019-05-07 17:30:00,8834.752
2019-05-07 18:00:00,9438.172
2019-05-07 18:30:00,9447.292
2019-05-07 19:00:00,9289.58
2019-05-07 19:30:00,9069.233
2019-05-07 20:00:00,8911.132
2019-05-07 20:30:00,8770.687
2019-05-07 21:00:00,8541.243
2019-05-07 21:30:00,8387.775
2019-05-07 22:00:00,8236.163
2019-05-07 22:30:00,8264.376
2019-05-07 23:00:00,8097.675
2019-05-07 23:30:00,7966.5117
2019-05-08 00:00:00,7813.339
2019-05-08 00:30:00,7646.085
2019-05-08 01:00:00,7441.5146
2019-05-08 01:30:00,7283.824
2019-05-08 02:00:00,7066.7954
2019-05-08 02:30:00,6829.577
2019-05-08 03:00:00,6597.9
2019-05-08 03:30:00,6418.9067
2019-05-08 04:00:00,6357.2314
2019-05-08 04:30:00,6446.8345
2019-05-08 05:00:00,6539.2524
2019-05-08 05:30:00,6847.882
2019-05-08 06:00:00,7188.3047
2019-05-08 06:30:00,7935.623
2019-05-08 07:00:00,8488.999
2019-05-08 07:30:00,8753.815
2019-05-08 08:00:00,8846.89
2019-05-08 08:30:00,8633.698
2019-05-08 09:00:00,8362.74
2019-05-08 09:30:00,8172.886
2019-05-08 10:00:00,7955.4316
2019-05-08 10:30:00,7809.5728
2019-05-08 11:00:00,7625.0923
2019-05-08 11:30:00,7482.8145
2019-05-08 12:00:00,7495.8096
2019-05-08 12:30:00,7404.95
2019-05-08 13:00:00,7454.556
2019-05-08 13:30:00,7466.1143
2019-05-08 14:00:00,7587.2188
2019-05-08 14:30:00,7654.5586
2019-05-08 15:00:00,7681.361
2019-05-08 15:30:00,7777.4634
2019-05-08 16:00:00,8028.5923
2019-05-08 16:30:00,8267.028
2019-05-08 17:00:00,8503.681
2019-05-08 17:30:00,8864.217
2019-05-08 18:00:00,9401.862
2019-05-08 18:30:00,9451.45
2019-05-08 19:00:00,9362.329
2019-05-08 19:30:00,9140.078
2019-05-08 20:00:00,8991.048
2019-05-08 20:30:00,8879.628
2019-05-08 21:00:00,8682.739
2019-05-08 21:30:00,8470.907
2019-05-08 22:00:00,8281.787
2019-05-08 22:30:00,8240.422
2019-05-08 23:00:00,8095.5884
2019-05-08 23:30:00,7936.438
2019-05-09 00:00:00,7837.06
2019-05-09 00:30:00,7665.976
2019-05-09 01:00:00,7372.4097
2019-05-09 01:30:00,7168.885
2019-05-09 02:00:00,6938.243
2019-05-09 02:30:00,6638.5776
2019-05-09 03:00:00,6443.503
2019-05-09 03:30:00,6304.1465
2019-05-09 04:00:00,6216.6724
2019-05-09 04:30:00,6208.6855
2019-05-09 05:00:00,6354.3755
2019-05-09 05:30:00,6611.016
2019-05-09 06:00:00,6973.964
2019-05-09 06:30:00,7591.7964
2019-05-09 07:00:00,8284.074
2019-05-09 07:30:00,8554.621
2019-05-09 08:00:00,8705.979
2019-05-09 08:30:00,8620.914
2019-05-09 09:00:00,8377.049
2019-05-09 09:30:00,8204.805
2019-05-09 10:00:00,8000.838
2019-05-09 10:30:00,7925.3228
2019-05-09 11:00:00,7754.365
2019-05-09 11:30:00,7658.8687
2019-05-09 12:00:00,7626.6646
2019-05-09 12:30:00,7629.788
2019-05-09 13:00:00,7694.2446
2019-05-09 13:30:00,7713.141
2019-05-09 14:00:00,7732.641
2019-05-09 14:30:00,7790.2744
2019-05-09 15:00:00,7820.6934
2019-05-09 15:30:00,7972.1694
2019-05-09 16:00:00,8217.444
2019-05-09 16:30:00,8344.511
2019-05-09 17:00:00,8624.469
2019-05-09 17:30:00,9035.892
2019-05-09 18:00:00,9526.56
2019-05-09 18:30:00,9581.78
2019-05-09 19:00:00,9540.618
2019-05-09 19:30:00,9383.431
2019-05-09 20:00:00,9124.758
2019-05-09 20:30:00,9036.702
2019-05-09 21:00:00,8775.08
2019-05-09 21:30:00,8570.999
2019-05-09 22:00:00,8350.774
2019-05-09 22:30:00,8324.342
2019-05-09 23:00:00,8144.196
2019-05-09 23:30:00,8084.5146
2019-05-10 00:00:00,7931.1074
2019-05-10 00:30:00,7820.2217
2019-05-10 01:00:00,7628.752
2019-05-10 01:30:00,7426.545
2019-05-10 02:00:00,7194.5166
2019-05-10 02:30:00,6922.2812
2019-05-10 03:00:00,6738.761
2019-05-10 03:30:00,6615.8633
2019-05-10 04:00:00,6517.655
2019-05-10 04:30:00,6528.645
2019-05-10 05:00:00,6675.84
2019-05-10 05:30:00,7043.016
2019-05-10 06:00:00,7405.679
2019-05-10 06:30:00,8093.416
2019-05-10 07:00:00,8668.726
2019-05-10 07:30:00,9056.358
2019-05-10 08:00:00,9106.988
2019-05-10 08:30:00,8974.432
2019-05-10 09:00:00,8650.149
2019-05-10 09:30:00,8355.152
2019-05-10 10:00:00,8207.629
2019-05-10 10:30:00,8046.083
2019-05-10 11:00:00,7920.619
2019-05-10 11:30:00,7705.077
2019-05-10 12:00:00,7676.494
2019-05-10 12:30:00,7614.297
2019-05-10 13:00:00,7596.065
2019-05-10 13:30:00,7621.747
2019-05-10 14:00:00,7696.6636
2019-05-10 14:30:00,7761.974
2019-05-10 15:00:00,7794.513
2019-05-10 15:30:00,7956.3394
2019-05-10 16:00:00,8162.655
2019-05-10 16:30:00,8377.22
2019-05-10 17:00:00,8526.364
2019-05-10 17:30:00,9022.132
2019-05-10 18:00:00,9419.58
2019-05-10 18:30:00,9519.372
2019-05-10 19:00:00,9334.365
2019-05-10 19:30:00,9214.739
2019-05-10 20:00:00,9066.973
2019-05-10 20:30:00,8938.626
2019-05-10 21:00:00,8845.256
2019-05-10 21:30:00,8609.854
2019-05-10 22:00:00,8413.742
2019-05-10 22:30:00,8390.121
2019-05-10 23:00:00,8182.5757
2019-05-10 23:30:00,8080.806
2019-05-11 00:00:00,7781.2
2019-05-11 00:30:00,7673.5996
2019-05-11 01:00:00,7479.4927
2019-05-11 01:30:00,7361.366
2019-05-11 02:00:00,7153.773
2019-05-11 02:30:00,6840.915
2019-05-11 03:00:00,6525.52
2019-05-11 03:30:00,6448.0635
2019-05-11 04:00:00,6249.9663
2019-05-11 04:30:00,6342.7725
2019-05-11 05:00:00,6327.7256
2019-05-11 05:30:00,6550.1235
2019-05-11 06:00:00,6634.746
2019-05-11 06:30:00,6878.8174
2019-05-11 07:00:00,7355.0566
2019-05-11 07:30:00,7446.373
2019-05-11 08:00:00,7992.4536
2019-05-11 08:30:00,7962.451
2019-05-11 09:00:00,8076.851
2019-05-11 09:30:00,8074.543
2019-05-11 10:00:00,8007.2153
2019-05-11 10:30:00,7970.0996
2019-05-11 11:00:00,7960.752
2019-05-11 11:30:00,7950.661
2019-05-11 12:00:00,7951.44
2019-05-11 12:30:00,7900.793
2019-05-11 13:00:00,7842.651
2019-05-11 13:30:00,7842.651
2019-05-11 14:00:00,7763.926
2019-05-11 14:30:00,7727.489
2019-05-11 15:00:00,7607.9995
2019-05-11 15:30:00,7607.9995
2019-05-11 16:00:00,7806.9263
2019-05-11 16:30:00,7976.1562
2019-05-11 17:00:00,8301.782
2019-05-11 17:30:00,8678.848
2019-05-11 18:00:00,9218.006
2019-05-11 18:30:00,9167.654
2019-05-11 19:00:00,9019.067
2019-05-11 19:30:00,8938.972
2019-05-11 20:00:00,8690.598
2019-05-11 20:30:00,8590.731
2019-05-11 21:00:00,8437.6045
2019-05-11 21:30:00,8240.669
2019-05-11 22:00:00,8150.936
2019-05-11 22:30:00,8058.6846
2019-05-11 23:00:00,7859.3247
2019-05-11 23:30:00,7750.5596
2019-05-12 00:00:00,7710.37
2019-05-12 00:30:00,7526.9556
2019-05-12 01:00:00,7376.813
2019-05-12 01:30:00,7105.801
2019-05-12 02:00:00,6828.7515
2019-05-12 02:30:00,6537.383
2019-05-12 03:00:00,6358.3716
2019-05-12 03:30:00,6231.502
2019-05-12 04:00:00,6137.2188
2019-05-12 04:30:00,6117.0435
2019-05-12 05:00:00,6125.6733
2019-05-12 05:30:00,6275.2017
2019-05-12 06:00:00,6352.3984
2019-05-12 06:30:00,6577.5444
2019-05-12 07:00:00,6773.6636
2019-05-12 07:30:00,7182.5923
2019-05-12 08:00:00,7608.687
2019-05-12 08:30:00,7704.0728
2019-05-12 09:00:00,7805.1567
2019-05-12 09:30:00,7754.824
2019-05-12 10:00:00,7548.345
2019-05-12 10:30:00,7343.965
2019-05-12 11:00:00,7255.6704
2019-05-12 11:30:00,7147.385
2019-05-12 12:00:00,7044.469
2019-05-12 12:30:00,6936.1445
2019-05-12 13:00:00,6854.9106
2019-05-12 13:30:00,6859.1973
2019-05-12 14:00:00,6876.429
2019-05-12 14:30:00,6876.429
2019-05-12 15:00:00,7014.62
2019-05-12 15:30:00,7154.619
2019-05-12 16:00:00,7419.653
2019-05-12 16:30:00,7682.074
2019-05-12 17:00:00,8121.3286
2019-05-12 17:30:00,8450.894
2019-05-12 18:00:00,9002.335
2019-05-12 18:30:00,9067.9
2019-05-12 19:00:00,9057.952
2019-05-12 19:30:00,8749.321
2019-05-12 20:00:00,8645.229
2019-05-12 20:30:00,8585.495
2019-05-12 21:00:00,8432.323
2019-05-12 21:30:00,8267.394
2019-05-12 22:00:00,8063.521
2019-05-12 22:30:00,7991.479
2019-05-12 23:00:00,7705.0054
2019-05-12 23:30:00,7536.783
2019-05-13 00:00:00,7561.6724
2019-05-13 00:30:00,7360.984
2019-05-13 01:00:00,7306.9946
2019-05-13 01:30:00,7049.9165
2019-05-13 02:00:00,6828.9937
2019-05-13 02:30:00,6626.9497
2019-05-13 03:00:00,6522.528
2019-05-13 03:30:00,6425.9536
2019-05-13 04:00:00,6429.963
2019-05-13 04:30:00,6429.963
2019-05-13 05:00:00,6796.9873
2019-05-13 05:30:00,6811.8003
2019-05-13 06:00:00,7697.1665
2019-05-13 06:30:00,7754.893
2019-05-13 07:00:00,8684.072
2019-05-13 07:30:00,9319.253
2019-05-13 08:00:00,9335.619
2019-05-13 08:30:00,9596.723
2019-05-13 09:00:00,8936.667
2019-05-13 09:30:00,8907.157
2019-05-13 10:00:00,8725.684
2019-05-13 10:30:00,8537.787
2019-05-13 11:00:00,8379.275
2019-05-13 11:30:00,8220.789
2019-05-13 12:00:00,8123.5674
2019-05-13 12:30:00,7961.7583
2019-05-13 13:00:00,7864.3096
2019-05-13 13:30:00,7835.445
2019-05-13 14:00:00,7741.7266
2019-05-13 14:30:00,7780.209
2019-05-13 15:00:00,7976.2134
2019-05-13 15:30:00,8275.606
2019-05-13 16:00:00,8501.542
2019-05-13 16:30:00,8817.986
2019-05-13 17:00:00,9071.591
2019-05-13 17:30:00,9424.515
2019-05-13 18:00:00,9852.543
2019-05-13 18:30:00,9901.1045
2019-05-13 19:00:00,9885.951
2019-05-13 19:30:00,9568.559
2019-05-13 20:00:00,9376.633
2019-05-13 20:30:00,9373.882
2019-05-13 21:00:00,9089.539
2019-05-13 21:30:00,8885.573
2019-05-13 22:00:00,8655.071
2019-05-13 22:30:00,8497.712
2019-05-13 23:00:00,8377.303
2019-05-13 23:30:00,8165.815
2019-05-14 00:00:00,8058.8833
2019-05-14 00:30:00,7891.7393
2019-05-14 01:00:00,7761.221
2019-05-14 01:30:00,7508.386
2019-05-14 02:00:00,7388.4673
2019-05-14 02:30:00,7027.6597
2019-05-14 03:00:00,6724.389
2019-05-14 03:30:00,6685.8857
2019-05-14 04:00:00,6468.9355
2019-05-14 04:30:00,6637.119
2019-05-14 05:00:00,6756.165
2019-05-14 05:30:00,7090.642
2019-05-14 06:00:00,7562.0737
2019-05-14 06:30:00,8104.3003
2019-05-14 07:00:00,8871.918
2019-05-14 07:30:00,9086.187
2019-05-14 08:00:00,9178.4375
2019-05-14 08:30:00,9100.725
2019-05-14 09:00:00,8796.514
2019-05-14 09:30:00,8723.568
2019-05-14 10:00:00,8485.842
2019-05-14 10:30:00,8362.127
2019-05-14 11:00:00,8172.298
2019-05-14 11:30:00,8067.4517
2019-05-14 12:00:00,7994.233
2019-05-14 12:30:00,7973.7085
2019-05-14 13:00:00,7934.2285
2019-05-14 13:30:00,7968.3
2019-05-14 14:00:00,8000.2896
2019-05-14 14:30:00,8068.3027
2019-05-14 15:00:00,8118.097
2019-05-14 15:30:00,8216.605
2019-05-14 16:00:00,8378.969
2019-05-14 16:30:00,8531.967
2019-05-14 17:00:00,8853.838
2019-05-14 17:30:00,9294.973
2019-05-14 18:00:00,9744.93
2019-05-14 18:30:00,9744.93
2019-05-14 19:00:00,9547.409
2019-05-14 19:30:00,9314.456
2019-05-14 20:00:00,9145.295
2019-05-14 20:30:00,8975.054
2019-05-14 21:00:00,8741.388
2019-05-14 21:30:00,8539.729
2019-05-14 22:00:00,8361.541
2019-05-14 22:30:00,8332.8
2019-05-14 23:00:00,8177.7944
2019-05-14 23:30:00,8071.5244
2019-05-15 00:00:00,7971.1606
2019-05-15 00:30:00,7783.9624
2019-05-15 01:00:00,7570.5635
2019-05-15 01:30:00,7360.7065
2019-05-15 02:00:00,7171.6035
2019-05-15 02:30:00,6930.5195
2019-05-15 03:00:00,6645.483
2019-05-15 03:30:00,6506.8877
2019-05-15 04:00:00,6439.666
2019-05-15 04:30:00,6482.743
2019-05-15 05:00:00,6660.285
2019-05-15 05:30:00,6989.109
2019-05-15 06:00:00,7295.61
2019-05-15 06:30:00,7971.9634
2019-05-15 07:00:00,8533.773
2019-05-15 07:30:00,8854.788
2019-05-15 08:00:00,8972.777
2019-05-15 08:30:00,8758.363
2019-05-15 09:00:00,8479.356
2019-05-15 09:30:00,8311.897
2019-05-15 10:00:00,8143.9736
2019-05-15 10:30:00,8005.0796
2019-05-15 11:00:00,7885.285
2019-05-15 11:30:00,7752.9585
2019-05-15 12:00:00,7772.045
2019-05-15 12:30:00,7668.7197
2019-05-15 13:00:00,7742.9385
2019-05-15 13:30:00,7724.0527
2019-05-15 14:00:00,7788.6216
2019-05-15 14:30:00,7831.2993
2019-05-15 15:00:00,7913.6895
2019-05-15 15:30:00,8042.5337
2019-05-15 16:00:00,8244.779
2019-05-15 16:30:00,8507.4795
2019-05-15 17:00:00,8757.389
2019-05-15 17:30:00,9188.613
2019-05-15 18:00:00,9633.194
2019-05-15 18:30:00,9633.194
2019-05-15 19:00:00,9570.718
2019-05-15 19:30:00,9371.0625
2019-05-15 20:00:00,9202.881
2019-05-15 20:30:00,9082.938
2019-05-15 21:00:00,8816.282
2019-05-15 21:30:00,8641.146
2019-05-15 22:00:00,8407.357
2019-05-15 22:30:00,8457.144
2019-05-15 23:00:00,8254.88
2019-05-15 23:30:00,8175.824
2019-05-16 00:00:00,8041.927
2019-05-16 00:30:00,7871.095
2019-05-16 01:00:00,7741.962
2019-05-16 01:30:00,7526.218
2019-05-16 02:00:00,7281.6074
2019-05-16 02:30:00,6957.5747
2019-05-16 03:00:00,6707.704
2019-05-16 03:30:00,6534.5137
2019-05-16 04:00:00,6484.194
2019-05-16 04:30:00,6497.3423
2019-05-16 05:00:00,6664.8975
2019-05-16 05:30:00,7006.7153
2019-05-16 06:00:00,7344.9404
2019-05-16 06:30:00,8063.554
2019-05-16 07:00:00,8655.236
2019-05-16 07:30:00,8946.234
2019-05-16 08:00:00,9101.011
2019-05-16 08:30:00,8871.721
2019-05-16 09:00:00,8596.371
2019-05-16 09:30:00,8377.049
2019-05-16 10:00:00,8223.696
2019-05-16 10:30:00,8159.6465
2019-05-16 11:00:00,7997.2773
2019-05-16 11:30:00,7803.7427
2019-05-16 12:00:00,7787.6646
2019-05-16 12:30:00,7843.3096
2019-05-16 13:00:00,7808.5444
2019-05-16 13:30:00,7781.6455
2019-05-16 14:00:00,7831.6313
2019-05-16 14:30:00,7831.6313
2019-05-16 15:00:00,7917.662
2019-05-16 15:30:00,8014.405
2019-05-16 16:00:00,8252.936
2019-05-16 16:30:00,8452.409
2019-05-16 17:00:00,8768.693
2019-05-16 17:30:00,9133.241
2019-05-16 18:00:00,9614.005
2019-05-16 18:30:00,9624.55
2019-05-16 19:00:00,9551.919
2019-05-16 19:30:00,9383.431
2019-05-16 20:00:00,9174.069
2019-05-16 20:30:00,9003.389
2019-05-16 21:00:00,8790.673
2019-05-16 21:30:00,8609.955
2019-05-16 22:00:00,8391.364
2019-05-16 22:30:00,8352.03
2019-05-16 23:00:00,8217.249
2019-05-16 23:30:00,8138.407
2019-05-17 00:00:00,8040.753
2019-05-17 00:30:00,7830.8857
2019-05-17 01:00:00,7667.084
2019-05-17 01:30:00,7473.896
2019-05-17 02:00:00,7267.0073
2019-05-17 02:30:00,7002.713
2019-05-17 03:00:00,6736.132
2019-05-17 03:30:00,6645.158
2019-05-17 04:00:00,6524.047
2019-05-17 04:30:00,6539.1357
2019-05-17 05:00:00,6796.8535
2019-05-17 05:30:00,7064.533
2019-05-17 06:00:00,7377.9517
2019-05-17 06:30:00,8037.84
2019-05-17 07:00:00,8559.612
2019-05-17 07:30:00,8938.252
2019-05-17 08:00:00,9018.008
2019-05-17 08:30:00,8862.953
2019-05-17 09:00:00,8581.141
2019-05-17 09:30:00,8355.861
2019-05-17 10:00:00,8271.346
2019-05-17 10:30:00,8220.68
2019-05-17 11:00:00,7979.6304
2019-05-17 11:30:00,7865.2646
2019-05-17 12:00:00,7807.18
2019-05-17 12:30:00,7762.476
2019-05-17 13:00:00,7786.544
2019-05-17 13:30:00,7840.929
2019-05-17 14:00:00,7844.6016
2019-05-17 14:30:00,7879.151
2019-05-17 15:00:00,7943.7627
2019-05-17 15:30:00,8084.819
2019-05-17 16:00:00,8262.76
2019-05-17 16:30:00,8461.288
2019-05-17 17:00:00,8533.506
2019-05-17 17:30:00,8919.789
2019-05-17 18:00:00,9298.54
2019-05-17 18:30:00,9298.54
2019-05-17 19:00:00,9237.82
2019-05-17 19:30:00,9090.158
2019-05-17 20:00:00,8909.811
2019-05-17 20:30:00,8769.256
2019-05-17 21:00:00,8745.877
2019-05-17 21:30:00,8622.048
2019-05-17 22:00:00,8419.8125
2019-05-17 22:30:00,8411.633
2019-05-17 23:00:00,8205.821
2019-05-17 23:30:00,8124.0684
2019-05-18 00:00:00,7888.999
2019-05-18 00:30:00,7699.1426
2019-05-18 01:00:00,7456.676
2019-05-18 01:30:00,7322.042
2019-05-18 02:00:00,7181.396
2019-05-18 02:30:00,6830.822
2019-05-18 03:00:00,6527.9897
2019-05-18 03:30:00,6415.0034
2019-05-18 04:00:00,6171.93
2019-05-18 04:30:00,6323.901
2019-05-18 05:00:00,6382.9976
2019-05-18 05:30:00,6583.7446
2019-05-18 06:00:00,6662.317
2019-05-18 06:30:00,6885.6562
2019-05-18 07:00:00,7318.4033
2019-05-18 07:30:00,7484.4067
2019-05-18 08:00:00,7976.6094
2019-05-18 08:30:00,7914.7827
2019-05-18 09:00:00,7850.0635
2019-05-18 09:30:00,7672.7466
2019-05-18 10:00:00,7499.898
2019-05-18 10:30:00,7431.3916
2019-05-18 11:00:00,7336.3384
2019-05-18 11:30:00,7284.0063
2019-05-18 12:00:00,7284.4272
2019-05-18 12:30:00,7222.633
2019-05-18 13:00:00,7114.571
2019-05-18 13:30:00,7112.1616
2019-05-18 14:00:00,7018.339
2019-05-18 14:30:00,7076.4814
2019-05-18 15:00:00,7197.2847
2019-05-18 15:30:00,7239.3716
2019-05-18 16:00:00,7357.495
2019-05-18 16:30:00,7493.673
2019-05-18 17:00:00,7906.508
2019-05-18 17:30:00,8161.7793
2019-05-18 18:00:00,8582.358
2019-05-18 18:30:00,8501.889
2019-05-18 19:00:00,8410.894
2019-05-18 19:30:00,8090.2085
2019-05-18 20:00:00,8021.3154
2019-05-18 20:30:00,7911.6914
2019-05-18 21:00:00,7774.6714
2019-05-18 21:30:00,7656.7437
2019-05-18 22:00:00,7581.548
2019-05-18 22:30:00,7611.4395
2019-05-18 23:00:00,7462.1396
2019-05-18 23:30:00,7375.9287
2019-05-19 00:00:00,7360.3135
2019-05-19 00:30:00,7235.9834
2019-05-19 01:00:00,7074.9604
2019-05-19 01:30:00,6865.334
2019-05-19 02:00:00,6616.853
2019-05-19 02:30:00,6443.3076
2019-05-19 03:00:00,6257.971
2019-05-19 03:30:00,6102.6274
2019-05-19 04:00:00,6111.6367
2019-05-19 04:30:00,6074.761
2019-05-19 05:00:00,6117.6714
2019-05-19 05:30:00,6204.745
2019-05-19 06:00:00,6300.69
2019-05-19 06:30:00,6489.0796
2019-05-19 07:00:00,6747.6567
2019-05-19 07:30:00,6992.6924
2019-05-19 08:00:00,7296.1606
2019-05-19 08:30:00,7318.7505
2019-05-19 09:00:00,7361.571
2019-05-19 09:30:00,7305.8853
2019-05-19 10:00:00,7194.702
2019-05-19 10:30:00,7081.3887
2019-05-19 11:00:00,6975.6646
2019-05-19 11:30:00,6824.2046
2019-05-19 12:00:00,6833.1104
2019-05-19 12:30:00,6770.222
2019-05-19 13:00:00,6736.5
2019-05-19 13:30:00,6708.383
2019-05-19 14:00:00,6758.786
2019-05-19 14:30:00,6842.8984
2019-05-19 15:00:00,6976.839
2019-05-19 15:30:00,7149.2124
2019-05-19 16:00:00,7375.551
2019-05-19 16:30:00,7624.442
2019-05-19 17:00:00,7945.0083
2019-05-19 17:30:00,8264.276
2019-05-19 18:00:00,8673.383
2019-05-19 18:30:00,8587.262
2019-05-19 19:00:00,8554.825
2019-05-19 19:30:00,8402.14
2019-05-19 20:00:00,8248.446
2019-05-19 20:30:00,8134.933
2019-05-19 21:00:00,7975.2266
2019-05-19 21:30:00,7925.5103
2019-05-19 22:00:00,7713.8716
2019-05-19 22:30:00,7661.237
2019-05-19 23:00:00,7348.7256
2019-05-19 23:30:00,7236.79
2019-05-20 00:00:00,7298.8193
2019-05-20 00:30:00,7250.7554
2019-05-20 01:00:00,7088.8564
2019-05-20 01:30:00,6826.625
2019-05-20 02:00:00,6778.878
2019-05-20 02:30:00,6479.484
2019-05-20 03:00:00,6341.5713
2019-05-20 03:30:00,6296.4126
2019-05-20 04:00:00,6322.1357
2019-05-20 04:30:00,6322.1357
2019-05-20 05:00:00,6579.9194
2019-05-20 05:30:00,6632.102
2019-05-20 06:00:00,7625.2607
2019-05-20 06:30:00,7698.8145
2019-05-20 07:00:00,8673.37
2019-05-20 07:30:00,8588.617
2019-05-20 08:00:00,8727.512
2019-05-20 08:30:00,8672.05
2019-05-20 09:00:00,8504.147
2019-05-20 09:30:00,8599.599
2019-05-20 10:00:00,8319.172
2019-05-20 10:30:00,8282.161
2019-05-20 11:00:00,8133.24
2019-05-20 11:30:00,8021.0366
2019-05-20 12:00:00,8053.4136
2019-05-20 12:30:00,7972.7026
2019-05-20 13:00:00,8029.495
2019-05-20 13:30:00,8024.9404
2019-05-20 14:00:00,8106.083
2019-05-20 14:30:00,8267.896
2019-05-20 15:00:00,8293.943
2019-05-20 15:30:00,8472.47
2019-05-20 16:00:00,8703.98
2019-05-20 16:30:00,8869.204
2019-05-20 17:00:00,9133.049
2019-05-20 17:30:00,9582.267
2019-05-20 18:00:00,9795.884
2019-05-20 18:30:00,9621.469
2019-05-20 19:00:00,9482.313
2019-05-20 19:30:00,9427.609
2019-05-20 20:00:00,9079.962
2019-05-20 20:30:00,8855.377
2019-05-20 21:00:00,8578.731
2019-05-20 21:30:00,8457.337
2019-05-20 22:00:00,8243.108
2019-05-20 22:30:00,8208.902
2019-05-20 23:00:00,8090.269
2019-05-20 23:30:00,8090.269
2019-05-21 00:00:00,7750.3257
2019-05-21 00:30:00,7683.1426
2019-05-21 01:00:00,7502.835
2019-05-21 01:30:00,7341.029
2019-05-21 02:00:00,7090.6245
2019-05-21 02:30:00,6787.405
2019-05-21 03:00:00,6518.002
2019-05-21 03:30:00,6495.9194
2019-05-21 04:00:00,6409.46
2019-05-21 04:30:00,6492.044
2019-05-21 05:00:00,6687.02
2019-05-21 05:30:00,6949.8745
2019-05-21 06:00:00,7517.538
2019-05-21 06:30:00,7878.5557
2019-05-21 07:00:00,8386.95
2019-05-21 07:30:00,8623.535
2019-05-21 08:00:00,8822.554
2019-05-21 08:30:00,8818.827
2019-05-21 09:00:00,8598.014
2019-05-21 09:30:00,8453.662
2019-05-21 10:00:00,8378.758
2019-05-21 10:30:00,8378.815
2019-05-21 11:00:00,8243.325
2019-05-21 11:30:00,8108.6533
2019-05-21 12:00:00,8046.784
2019-05-21 12:30:00,7935.226
2019-05-21 13:00:00,7929.695
2019-05-21 13:30:00,7991.0684
2019-05-21 14:00:00,7997.552
2019-05-21 14:30:00,8066.6606
2019-05-21 15:00:00,8140.5283
2019-05-21 15:30:00,8182.8335
2019-05-21 16:00:00,8355.354
2019-05-21 16:30:00,8532.381
2019-05-21 17:00:00,8801.933
2019-05-21 17:30:00,9186.47
2019-05-21 18:00:00,9566.8545
2019-05-21 18:30:00,9480.381
2019-05-21 19:00:00,9359.977
2019-05-21 19:30:00,9130.618
2019-05-21 20:00:00,8912.651
2019-05-21 20:30:00,8719.972
2019-05-21 21:00:00,8599.77
2019-05-21 21:30:00,8407.915
2019-05-21 22:00:00,8242.325
2019-05-21 22:30:00,8242.325
2019-05-21 23:00:00,8044.876
2019-05-21 23:30:00,7915.9917
2019-05-22 00:00:00,7842.7627
2019-05-22 00:30:00,7661.82
2019-05-22 01:00:00,7533.918
2019-05-22 01:30:00,7253.211
2019-05-22 02:00:00,7058.415
2019-05-22 02:30:00,6741.813
2019-05-22 03:00:00,6531.3945
2019-05-22 03:30:00,6388.9634
2019-05-22 04:00:00,6324.6294
2019-05-22 04:30:00,6372.9478
2019-05-22 05:00:00,6557.774
2019-05-22 05:30:00,6836.493
2019-05-22 06:00:00,7093.2637
2019-05-22 06:30:00,7741.709
2019-05-22 07:00:00,8378.528
2019-05-22 07:30:00,8632.191
2019-05-22 08:00:00,8731.499
2019-05-22 08:30:00,8467.531
2019-05-22 09:00:00,8247.82
2019-05-22 09:30:00,8089.9785
2019-05-22 10:00:00,7866.824
2019-05-22 10:30:00,7804.902
2019-05-22 11:00:00,7740.3145
2019-05-22 11:30:00,7659.5005
2019-05-22 12:00:00,7616.997
2019-05-22 12:30:00,7631.0557
2019-05-22 13:00:00,7627.673
2019-05-22 13:30:00,7711.371
2019-05-22 14:00:00,7784.5034
2019-05-22 14:30:00,7853.639
2019-05-22 15:00:00,7998.6914
2019-05-22 15:30:00,8026.5547
2019-05-22 16:00:00,8217.034
2019-05-22 16:30:00,8357.409
2019-05-22 17:00:00,8645.96
2019-05-22 17:30:00,8986.383
2019-05-22 18:00:00,9331.058
2019-05-22 18:30:00,9253.134
2019-05-22 19:00:00,9149.88
2019-05-22 19:30:00,8916.807
2019-05-22 20:00:00,8729.619
2019-05-22 20:30:00,8602.232
2019-05-22 21:00:00,8392.216
2019-05-22 21:30:00,8189.569
2019-05-22 22:00:00,8061.3535
2019-05-22 22:30:00,8059.8936
2019-05-22 23:00:00,7890.809
2019-05-22 23:30:00,7726.0615
2019-05-23 00:00:00,7677.9375
2019-05-23 00:30:00,7542.034
2019-05-23 01:00:00,7348.3774
2019-05-23 01:30:00,7203.9834
2019-05-23 02:00:00,6975.267
2019-05-23 02:30:00,6740.879
2019-05-23 03:00:00,6539.7124
2019-05-23 03:30:00,6413.532
2019-05-23 04:00:00,6350.119
2019-05-23 04:30:00,6380.6895
2019-05-23 05:00:00,6579.9155
2019-05-23 05:30:00,6914.0215
2019-05-23 06:00:00,7165.384
2019-05-23 06:30:00,7832.779
2019-05-23 07:00:00,8429.481
2019-05-23 07:30:00,8645.542
2019-05-23 08:00:00,8785.371
2019-05-23 08:30:00,8654.199
2019-05-23 09:00:00,8377.049
2019-05-23 09:30:00,8242.42
2019-05-23 10:00:00,8141.9067
2019-05-23 10:30:00,8042.529
2019-05-23 11:00:00,7933.498
2019-05-23 11:30:00,7817.415
2019-05-23 12:00:00,7800.912
2019-05-23 12:30:00,7747.059
2019-05-23 13:00:00,7778.764
2019-05-23 13:30:00,7864.203
2019-05-23 14:00:00,7939.9907
2019-05-23 14:30:00,7998.398
2019-05-23 15:00:00,8107.1133
2019-05-23 15:30:00,8202.288
2019-05-23 16:00:00,8403.641
2019-05-23 16:30:00,8516.884
2019-05-23 17:00:00,8759.563
2019-05-23 17:30:00,9121.135
2019-05-23 18:00:00,9454.753
2019-05-23 18:30:00,9409.839
2019-05-23 19:00:00,9220.182
2019-05-23 19:30:00,9050.512
2019-05-23 20:00:00,8799.218
2019-05-23 20:30:00,8617.005
2019-05-23 21:00:00,8412.256
2019-05-23 21:30:00,8273.551
2019-05-23 22:00:00,8088.376
2019-05-23 22:30:00,8088.376
2019-05-23 23:00:00,7958.244
2019-05-23 23:30:00,7923.9683
2019-05-24 00:00:00,7774.227
2019-05-24 00:30:00,7649.4985
2019-05-24 01:00:00,7457.332
2019-05-24 01:30:00,7336.2124
2019-05-24 02:00:00,7060.2686
2019-05-24 02:30:00,6761.7393
2019-05-24 03:00:00,6566.0913
2019-05-24 03:30:00,6439.911
2019-05-24 04:00:00,6392.243
2019-05-24 04:30:00,6426.8726
2019-05-24 05:00:00,6575.4287
2019-05-24 05:30:00,6837.328
2019-05-24 06:00:00,7107.205
2019-05-24 06:30:00,7639.4736
2019-05-24 07:00:00,8201.961
2019-05-24 07:30:00,8435.522
2019-05-24 08:00:00,8577.105
2019-05-24 08:30:00,8461.206
2019-05-24 09:00:00,8269.281
2019-05-24 09:30:00,8189.1953
2019-05-24 10:00:00,8021.543
2019-05-24 10:30:00,7987.145
2019-05-24 11:00:00,7835.3184
2019-05-24 11:30:00,7762.486
2019-05-24 12:00:00,7712.6323
2019-05-24 12:30:00,7696.6445
2019-05-24 13:00:00,7741.6836
2019-05-24 13:30:00,7729.893
2019-05-24 14:00:00,7818.8286
2019-05-24 14:30:00,7870.981
2019-05-24 15:00:00,7961.0127
2019-05-24 15:30:00,8116.9404
2019-05-24 16:00:00,8193.417
2019-05-24 16:30:00,8363.436
2019-05-24 17:00:00,8547.238
2019-05-24 17:30:00,8856.951
2019-05-24 18:00:00,9165.731
2019-05-24 18:30:00,9063.128
2019-05-24 19:00:00,8957.477
2019-05-24 19:30:00,8764.577
2019-05-24 20:00:00,8579.941
2019-05-24 20:30:00,8454.355
2019-05-24 21:00:00,8433.665
2019-05-24 21:30:00,8227.765
2019-05-24 22:00:00,8115.526
2019-05-24 22:30:00,8153.245
2019-05-24 23:00:00,8028.78
2019-05-24 23:30:00,7968.0615
2019-05-25 00:00:00,7657.6597
2019-05-25 00:30:00,7595.332
2019-05-25 01:00:00,7325.795
2019-05-25 01:30:00,7151.268
2019-05-25 02:00:00,6989.1377
2019-05-25 02:30:00,6770.558
2019-05-25 03:00:00,6478.635
2019-05-25 03:30:00,6333.516
2019-05-25 04:00:00,6104.093
2019-05-25 04:30:00,6199.519
2019-05-25 05:00:00,6219.26
2019-05-25 05:30:00,6466.1035
2019-05-25 06:00:00,6505.611
2019-05-25 06:30:00,6732.8516
2019-05-25 07:00:00,7166.025
2019-05-25 07:30:00,7349.1553
2019-05-25 08:00:00,7825.004
2019-05-25 08:30:00,7667.398
2019-05-25 09:00:00,7623.8877
2019-05-25 09:30:00,7577.0938
2019-05-25 10:00:00,7444.066
2019-05-25 10:30:00,7384.8525
2019-05-25 11:00:00,7329.9087
2019-05-25 11:30:00,7284.0063
2019-05-25 12:00:00,7255.7188
2019-05-25 12:30:00,7240.2515
2019-05-25 13:00:00,7160.495
2019-05-25 13:30:00,7230.002
2019-05-25 14:00:00,7266.7573
2019-05-25 14:30:00,7260.19
2019-05-25 15:00:00,7232.223
2019-05-25 15:30:00,7265.011
2019-05-25 16:00:00,7429.644
2019-05-25 16:30:00,7568.1357
2019-05-25 17:00:00,7899.9443
2019-05-25 17:30:00,8270.741
2019-05-25 18:00:00,8531.404
2019-05-25 18:30:00,8531.068
2019-05-25 19:00:00,8157.903
2019-05-25 19:30:00,8007.347
2019-05-25 20:00:00,7913.8267
2019-05-25 20:30:00,7806.1665
2019-05-25 21:00:00,7713.4873
2019-05-25 21:30:00,7588.627
2019-05-25 22:00:00,7547.9644
2019-05-25 22:30:00,7561.295
2019-05-25 23:00:00,7376.557
2019-05-25 23:30:00,7376.557
2019-05-26 00:00:00,7407.231
2019-05-26 00:30:00,7122.968
2019-05-26 01:00:00,7021.0044
2019-05-26 01:30:00,6782.836
2019-05-26 02:00:00,6566.303
2019-05-26 02:30:00,6351.8906
2019-05-26 03:00:00,6165.457
2019-05-26 03:30:00,6027.26
2019-05-26 04:00:00,5984.2334
2019-05-26 04:30:00,5985.426
2019-05-26 05:00:00,6049.982
2019-05-26 05:30:00,6169.762
2019-05-26 06:00:00,6224.0396
2019-05-26 06:30:00,6495.156
2019-05-26 07:00:00,6700.921
2019-05-26 07:30:00,6954.575
2019-05-26 08:00:00,7244.0825
2019-05-26 08:30:00,7283.0522
2019-05-26 09:00:00,7360.4243
2019-05-26 09:30:00,7305.8853
2019-05-26 10:00:00,7191.8027
2019-05-26 10:30:00,7105.681
2019-05-26 11:00:00,6853.9478
2019-05-26 11:30:00,6814.209
2019-05-26 12:00:00,6726.143
2019-05-26 12:30:00,6668.601
2019-05-26 13:00:00,6594.3423
2019-05-26 13:30:00,6644.466
2019-05-26 14:00:00,6737.2227
2019-05-26 14:30:00,6785.019
2019-05-26 15:00:00,6871.3306
2019-05-26 15:30:00,7130.0664
2019-05-26 16:00:00,7200.7803
2019-05-26 16:30:00,7464.691
2019-05-26 17:00:00,7806.8726
2019-05-26 17:30:00,8136.418
2019-05-26 18:00:00,8517.886
2019-05-26 18:30:00,8501.787
2019-05-26 19:00:00,8351.59
2019-05-26 19:30:00,8154.0083
2019-05-26 20:00:00,8075.1284
2019-05-26 20:30:00,7989.2705
2019-05-26 21:00:00,7772.351
2019-05-26 21:30:00,7645.498
2019-05-26 22:00:00,7387.4873
2019-05-26 22:30:00,7335.884
2019-05-26 23:00:00,7088.171
2019-05-26 23:30:00,6975.7993
2019-05-27 00:00:00,7089.454
2019-05-27 00:30:00,7005.3496
2019-05-27 01:00:00,6898.5723
2019-05-27 01:30:00,6677.321
2019-05-27 02:00:00,6461.35
2019-05-27 02:30:00,6292.8013
2019-05-27 03:00:00,6227.3535
2019-05-27 03:30:00,6048.3115
2019-05-27 04:00:00,6048.065
2019-05-27 04:30:00,6008.9673
2019-05-27 05:00:00,6302.4297
2019-05-27 05:30:00,6451.799
2019-05-27 06:00:00,7451.7544
2019-05-27 06:30:00,7539.799
2019-05-27 07:00:00,8508.638
2019-05-27 07:30:00,8694.011
2019-05-27 08:00:00,8713.992
2019-05-27 08:30:00,8996.476
2019-05-27 09:00:00,8549.161
2019-05-27 09:30:00,8629.995
2019-05-27 10:00:00,8389.494
2019-05-27 10:30:00,8229.978
2019-05-27 11:00:00,7899.1367
2019-05-27 11:30:00,7723.904
2019-05-27 12:00:00,7561.0815
2019-05-27 12:30:00,7293.029
2019-05-27 13:00:00,7378.0127
2019-05-27 13:30:00,7318.3857
2019-05-27 14:00:00,7607.247
2019-05-27 14:30:00,7752.9927
2019-05-27 15:00:00,7892.235
2019-05-27 15:30:00,8208.264
2019-05-27 16:00:00,8491.206
2019-05-27 16:30:00,8766.653
2019-05-27 17:00:00,8916.498
2019-05-27 17:30:00,9430.186
2019-05-27 18:00:00,9583.459
2019-05-27 18:30:00,9583.824
2019-05-27 19:00:00,9521.08
2019-05-27 19:30:00,9459.028
2019-05-27 20:00:00,9077.483
2019-05-27 20:30:00,8926.46
2019-05-27 21:00:00,8668.763
2019-05-27 21:30:00,8456.392
2019-05-27 22:00:00,8241.143
2019-05-27 22:30:00,8243.177
2019-05-27 23:00:00,8088.1836
2019-05-27 23:30:00,8107.105
2019-05-28 00:00:00,7768.727
2019-05-28 00:30:00,7636.739
2019-05-28 01:00:00,7464.0093
2019-05-28 01:30:00,7218.7637
2019-05-28 02:00:00,6986.6274
2019-05-28 02:30:00,6677.0215
2019-05-28 03:00:00,6408.3154
2019-05-28 03:30:00,6326.3916
2019-05-28 04:00:00,6276.3013
2019-05-28 04:30:00,6393.4854
2019-05-28 05:00:00,6588.1685
2019-05-28 05:30:00,6874.0303
2019-05-28 06:00:00,7431.8145
2019-05-28 06:30:00,7918.6543
2019-05-28 07:00:00,8570.422
2019-05-28 07:30:00,8760.94
2019-05-28 08:00:00,8861.589
2019-05-28 08:30:00,8851.12
2019-05-28 09:00:00,8644.905
2019-05-28 09:30:00,8557.437
2019-05-28 10:00:00,8406.092
2019-05-28 10:30:00,8354.32
2019-05-28 11:00:00,8233.234
2019-05-28 11:30:00,8182.7017
2019-05-28 12:00:00,8164.3145
2019-05-28 12:30:00,8204.186
2019-05-28 13:00:00,8116.393
2019-05-28 13:30:00,8157.4233
2019-05-28 14:00:00,8223.927
2019-05-28 14:30:00,8295.842
2019-05-28 15:00:00,8375.766
2019-05-28 15:30:00,8425.586
2019-05-28 16:00:00,8645.136
2019-05-28 16:30:00,8962.012
2019-05-28 17:00:00,9578.388
2019-05-28 17:30:00,10102.563
2019-05-28 18:00:00,10722.457
2019-05-28 18:30:00,10722.457
2019-05-28 19:00:00,10502.783
2019-05-28 19:30:00,10329.057
2019-05-28 20:00:00,10049.2705
2019-05-28 20:30:00,9841.272
2019-05-28 21:00:00,9595.713
2019-05-28 21:30:00,9364.055
2019-05-28 22:00:00,9015.953
2019-05-28 22:30:00,8859.365
2019-05-28 23:00:00,8521.8
2019-05-28 23:30:00,8393.979
2019-05-29 00:00:00,8295.784
2019-05-29 00:30:00,8073.646
2019-05-29 01:00:00,7917.164
2019-05-29 01:30:00,7676.455
2019-05-29 02:00:00,7516.9644
2019-05-29 02:30:00,7145.126
2019-05-29 03:00:00,6910.9507
2019-05-29 03:30:00,6707.6504
2019-05-29 04:00:00,6649.79
2019-05-29 04:30:00,6693.022
2019-05-29 05:00:00,6894.4707
2019-05-29 05:30:00,7244.8755
2019-05-29 06:00:00,7676.25
2019-05-29 06:30:00,8454.757
2019-05-29 07:00:00,9190.715
2019-05-29 07:30:00,9611.636
2019-05-29 08:00:00,9751.645
2019-05-29 08:30:00,9649.6045
2019-05-29 09:00:00,9187.057
2019-05-29 09:30:00,8966.656
2019-05-29 10:00:00,8713.11
2019-05-29 10:30:00,8473.97
2019-05-29 11:00:00,8318.3
2019-05-29 11:30:00,8227.906
2019-05-29 12:00:00,8066.8945
2019-05-29 12:30:00,8068.5396
2019-05-29 13:00:00,7962.283
2019-05-29 13:30:00,7993.1816
2019-05-29 14:00:00,8058.1055
2019-05-29 14:30:00,8163.6426
2019-05-29 15:00:00,8286.286
2019-05-29 15:30:00,8397.801
2019-05-29 16:00:00,8685.54
2019-05-29 16:30:00,9005.664
2019-05-29 17:00:00,9490.006
2019-05-29 17:30:00,10059.72
2019-05-29 18:00:00,10613.147
2019-05-29 18:30:00,10704.479
2019-05-29 19:00:00,10588.723
2019-05-29 19:30:00,10414.996
2019-05-29 20:00:00,10198.387
2019-05-29 20:30:00,10015.0205
2019-05-29 21:00:00,9697.966
2019-05-29 21:30:00,9414.862
2019-05-29 22:00:00,9075.166
2019-05-29 22:30:00,8926.102
2019-05-29 23:00:00,8571.964
2019-05-29 23:30:00,8458.982
2019-05-30 00:00:00,8322.63
2019-05-30 00:30:00,8180.5
2019-05-30 01:00:00,8021.735
2019-05-30 01:30:00,7779.658
2019-05-30 02:00:00,7558.5024
2019-05-30 02:30:00,7191.096
2019-05-30 03:00:00,6959.6963
2019-05-30 03:30:00,6804.0596
2019-05-30 04:00:00,6671.015
2019-05-30 04:30:00,6690.0405
2019-05-30 05:00:00,6859.3853
2019-05-30 05:30:00,7140.6147
2019-05-30 06:00:00,7531.1704
2019-05-30 06:30:00,8283.158
2019-05-30 07:00:00,9016.199
2019-05-30 07:30:00,9369.671
2019-05-30 08:00:00,9483.787
2019-05-30 08:30:00,9364.763
2019-05-30 09:00:00,9128.629
2019-05-30 09:30:00,8880.919
2019-05-30 10:00:00,8724.083
2019-05-30 10:30:00,8614.7705
2019-05-30 11:00:00,8458.005
2019-05-30 11:30:00,8291.147
2019-05-30 12:00:00,8145.157
2019-05-30 12:30:00,8085.476
2019-05-30 13:00:00,8081.657
2019-05-30 13:30:00,8081.657
2019-05-30 14:00:00,8079.3984
2019-05-30 14:30:00,8079.2134
2019-05-30 15:00:00,8194.066
2019-05-30 15:30:00,8329.516
2019-05-30 16:00:00,8640.362
2019-05-30 16:30:00,8962.821
2019-05-30 17:00:00,9392.57
2019-05-30 17:30:00,9926.162
2019-05-30 18:00:00,10340.205
2019-05-30 18:30:00,10340.205
2019-05-30 19:00:00,10346.203
2019-05-30 19:30:00,10148.677
2019-05-30 20:00:00,9994.953
2019-05-30 20:30:00,9867.854
2019-05-30 21:00:00,9665.233
2019-05-30 21:30:00,9410.247
2019-05-30 22:00:00,9057.378
2019-05-30 22:30:00,8880.72
2019-05-30 23:00:00,8724.458
2019-05-30 23:30:00,8538.143
2019-05-31 00:00:00,8300.592
2019-05-31 00:30:00,8132.5874
2019-05-31 01:00:00,7942.525
2019-05-31 01:30:00,7748.734
2019-05-31 02:00:00,7495.5444
2019-05-31 02:30:00,7202.308
2019-05-31 03:00:00,6952.185
2019-05-31 03:30:00,6819.6826
2019-05-31 04:00:00,6814.4546
2019-05-31 04:30:00,6818.6934
2019-05-31 05:00:00,6952.533
2019-05-31 05:30:00,7335.452
2019-05-31 06:00:00,7762.0923
2019-05-31 06:30:00,8474.314
2019-05-31 07:00:00,9348.505
2019-05-31 07:30:00,9818.008
2019-05-31 08:00:00,9993.175
2019-05-31 08:30:00,9770.702
2019-05-31 09:00:00,9486.611
2019-05-31 09:30:00,9285.467
2019-05-31 10:00:00,9052.37
2019-05-31 10:30:00,8843.282
2019-05-31 11:00:00,8586.807
2019-05-31 11:30:00,8371.819
2019-05-31 12:00:00,8203.816
2019-05-31 12:30:00,8135.124
2019-05-31 13:00:00,8087.015
2019-05-31 13:30:00,8085.8687
2019-05-31 14:00:00,8022.7993
2019-05-31 14:30:00,8051.791
2019-05-31 15:00:00,8164.4067
2019-05-31 15:30:00,8263.729
2019-05-31 16:00:00,8620.338
2019-05-31 16:30:00,9040.002
2019-05-31 17:00:00,9614.678
2019-05-31 17:30:00,10239.754
2019-05-31 18:00:00,10814.343
2019-05-31 18:30:00,10814.343
2019-05-31 19:00:00,10792.576
2019-05-31 19:30:00,10788.9
2019-05-31 20:00:00,10593.476
2019-05-31 20:30:00,10453.541
2019-05-31 21:00:00,10336.713
2019-05-31 21:30:00,10011.309
2019-05-31 22:00:00,9702.887
2019-05-31 22:30:00,9556.249
2019-05-31 23:00:00,9205.741
2019-05-31 23:30:00,8986.997
2019-06-01 00:00:00,9075.368
2019-06-01 00:30:00,8774.282
2019-06-01 01:00:00,8410.665
2019-06-01 01:30:00,8232.547
2019-06-01 02:00:00,7994.468
2019-06-01 02:30:00,7655.684
2019-06-01 03:00:00,7376.6924
2019-06-01 03:30:00,7178.8535
2019-06-01 04:00:00,6941.4473
2019-06-01 04:30:00,7046.5234
2019-06-01 05:00:00,6986.9155
2019-06-01 05:30:00,7334.5
2019-06-01 06:00:00,7249.4443
2019-06-01 06:30:00,8072.35
2019-06-01 07:00:00,8382.708
2019-06-01 07:30:00,8852.448
2019-06-01 08:00:00,9461.995
2019-06-01 08:30:00,9360.439
2019-06-01 09:00:00,9537.358
2019-06-01 09:30:00,9229.552
2019-06-01 10:00:00,8931.924
2019-06-01 10:30:00,8652.141
2019-06-01 11:00:00,8453.801
2019-06-01 11:30:00,8233.598
2019-06-01 12:00:00,8041.252
2019-06-01 12:30:00,7950.487
2019-06-01 13:00:00,7871.4917
2019-06-01 13:30:00,7861.9595
2019-06-01 14:00:00,7821.205
2019-06-01 14:30:00,7874.064
2019-06-01 15:00:00,7988.256
2019-06-01 15:30:00,7993.4673
2019-06-01 16:00:00,8326.003
2019-06-01 16:30:00,8683.234
2019-06-01 17:00:00,9101.321
2019-06-01 17:30:00,9643.207
2019-06-01 18:00:00,10219.759
2019-06-01 18:30:00,10286.449
2019-06-01 19:00:00,10115.212
2019-06-01 19:30:00,10071.749
2019-06-01 20:00:00,9709.138
2019-06-01 20:30:00,9645.967
2019-06-01 21:00:00,9479.897
2019-06-01 21:30:00,9400.168
2019-06-01 22:00:00,9073.307
2019-06-01 22:30:00,9023.778
2019-06-01 23:00:00,8569.716
2019-06-01 23:30:00,8487.226
2019-06-02 00:00:00,8355.022
2019-06-02 00:30:00,8123.962
2019-06-02 01:00:00,7880.906
2019-06-02 01:30:00,7594.215
2019-06-02 02:00:00,7339.8755
2019-06-02 02:30:00,7037.084
2019-06-02 03:00:00,6884.5757
2019-06-02 03:30:00,6710.476
2019-06-02 04:00:00,6657.063
2019-06-02 04:30:00,6657.063
2019-06-02 05:00:00,6625.392
2019-06-02 05:30:00,6746.428
2019-06-02 06:00:00,6785.354
2019-06-02 06:30:00,7135.6504
2019-06-02 07:00:00,7409.4106
2019-06-02 07:30:00,7961.608
2019-06-02 08:00:00,8255.163
2019-06-02 08:30:00,8393.121
2019-06-02 09:00:00,8471.364
2019-06-02 09:30:00,8413.872
2019-06-02 10:00:00,8294.934
2019-06-02 10:30:00,8088.1226
2019-06-02 11:00:00,7950.235
2019-06-02 11:30:00,7850.4355
2019-06-02 12:00:00,7753.1553
2019-06-02 12:30:00,7683.9775
2019-06-02 13:00:00,7596.156
2019-06-02 13:30:00,7576.254
2019-06-02 14:00:00,7575.027
2019-06-02 14:30:00,7575.027
2019-06-02 15:00:00,7665.828
2019-06-02 15:30:00,7823.79
2019-06-02 16:00:00,8103.996
2019-06-02 16:30:00,8394.334
2019-06-02 17:00:00,8965.163
2019-06-02 17:30:00,9470.331
2019-06-02 18:00:00,9922.246
2019-06-02 18:30:00,9922.246
2019-06-02 19:00:00,9864.995
2019-06-02 19:30:00,9659.041
2019-06-02 20:00:00,9385.634
2019-06-02 20:30:00,9282.569
2019-06-02 21:00:00,9020.956
2019-06-02 21:30:00,8843.866
2019-06-02 22:00:00,8510.337
2019-06-02 22:30:00,8502.387
2019-06-02 23:00:00,8256.662
2019-06-02 23:30:00,8145.484
2019-06-03 00:00:00,8137.8477
2019-06-03 00:30:00,7835.2236
2019-06-03 01:00:00,7670.232
2019-06-03 01:30:00,7562.1123
2019-06-03 02:00:00,7271.8516
2019-06-03 02:30:00,6901.6694
2019-06-03 03:00:00,6830.571
2019-06-03 03:30:00,6695.006
2019-06-03 04:00:00,6780.738
2019-06-03 04:30:00,6806.38
2019-06-03 05:00:00,7058.9585
2019-06-03 05:30:00,7193.051
2019-06-03 06:00:00,7871.9634
2019-06-03 06:30:00,8139.891
2019-06-03 07:00:00,9265.907
2019-06-03 07:30:00,9550.516
2019-06-03 08:00:00,9908.355
2019-06-03 08:30:00,10005.297
2019-06-03 09:00:00,9553.223
2019-06-03 09:30:00,9497.244
2019-06-03 10:00:00,9284.386
2019-06-03 10:30:00,9119.286
2019-06-03 11:00:00,8906.807
2019-06-03 11:30:00,8905.878
2019-06-03 12:00:00,8768.717
2019-06-03 12:30:00,8745.184
2019-06-03 13:00:00,8724.857
2019-06-03 13:30:00,8681.535
2019-06-03 14:00:00,8803.029
2019-06-03 14:30:00,8899.168
2019-06-03 15:00:00,8849.152
2019-06-03 15:30:00,9003.057
2019-06-03 16:00:00,9346.071
2019-06-03 16:30:00,9588.071
2019-06-03 17:00:00,10082.212
2019-06-03 17:30:00,10413.241
2019-06-03 18:00:00,10851.746
2019-06-03 18:30:00,10851.746
2019-06-03 19:00:00,10691.178
2019-06-03 19:30:00,10565.413
2019-06-03 20:00:00,10120.584
2019-06-03 20:30:00,9955.431
2019-06-03 21:00:00,9915.81
2019-06-03 21:30:00,9497.668
2019-06-03 22:00:00,9222.251
2019-06-03 22:30:00,9048.536
2019-06-03 23:00:00,8703.477
2019-06-03 23:30:00,8531.745
2019-06-04 00:00:00,8544.685
2019-06-04 00:30:00,8222.208
2019-06-04 01:00:00,8029.334
2019-06-04 01:30:00,7769.3125
2019-06-04 02:00:00,7538.226
2019-06-04 02:30:00,7349.789
2019-06-04 03:00:00,6986.7393
2019-06-04 03:30:00,6921.369
2019-06-04 04:00:00,6756.077
2019-06-04 04:30:00,6841.208
2019-06-04 05:00:00,6951.302
2019-06-04 05:30:00,7254.6035
2019-06-04 06:00:00,8039.5186
2019-06-04 06:30:00,8528.986
2019-06-04 07:00:00,9018.553
2019-06-04 07:30:00,9406.439
2019-06-04 08:00:00,9772.6875
2019-06-04 08:30:00,9738.518
2019-06-04 09:00:00,9482.511
2019-06-04 09:30:00,9363.495
2019-06-04 10:00:00,9142.211
2019-06-04 10:30:00,8950.529
2019-06-04 11:00:00,8843.829
2019-06-04 11:30:00,8788.697
2019-06-04 12:00:00,8749.888
2019-06-04 12:30:00,8782.983
2019-06-04 13:00:00,8794.4375
2019-06-04 13:30:00,8760.258
2019-06-04 14:00:00,8713.656
2019-06-04 14:30:00,8725.015
2019-06-04 15:00:00,8787.255
2019-06-04 15:30:00,8882.629
2019-06-04 16:00:00,9199.169
2019-06-04 16:30:00,9543.528
2019-06-04 17:00:00,10200.551
2019-06-04 17:30:00,10796.859
2019-06-04 18:00:00,11299.723
2019-06-04 18:30:00,11295.735
2019-06-04 19:00:00,11279.996
2019-06-04 19:30:00,11120.558
2019-06-04 20:00:00,10684.66
2019-06-04 20:30:00,10580.539
2019-06-04 21:00:00,10330.729
2019-06-04 21:30:00,10137.223
2019-06-04 22:00:00,9751.152
2019-06-04 22:30:00,9555.835
2019-06-04 23:00:00,9217.735
2019-06-04 23:30:00,9105.064
2019-06-05 00:00:00,8724.54
2019-06-05 00:30:00,8484.416
2019-06-05 01:00:00,8296.709
2019-06-05 01:30:00,8123.7476
2019-06-05 02:00:00,7866.3765
2019-06-05 02:30:00,7579.218
2019-06-05 03:00:00,7312.6606
2019-06-05 03:30:00,7137.098
2019-06-05 04:00:00,7008.6074
2019-06-05 04:30:00,7052.174
2019-06-05 05:00:00,7154.659
2019-06-05 05:30:00,7549.5625
2019-06-05 06:00:00,8020.155
2019-06-05 06:30:00,8840.701
2019-06-05 07:00:00,9660.891
2019-06-05 07:30:00,10123.008
2019-06-05 08:00:00,10413.625
2019-06-05 08:30:00,10414.817
2019-06-05 09:00:00,10301.073
2019-06-05 09:30:00,10213.262
2019-06-05 10:00:00,10201.0
2019-06-05 10:30:00,10047.486
2019-06-05 11:00:00,9918.462
2019-06-05 11:30:00,9823.175
2019-06-05 12:00:00,9578.459
2019-06-05 12:30:00,9578.459
2019-06-05 13:00:00,9473.979
2019-06-05 13:30:00,9473.979
2019-06-05 14:00:00,9421.705
2019-06-05 14:30:00,9320.283
2019-06-05 15:00:00,9354.904
2019-06-05 15:30:00,9516.062
2019-06-05 16:00:00,9935.376
2019-06-05 16:30:00,10182.944
2019-06-05 17:00:00,10832.382
2019-06-05 17:30:00,11316.554
2019-06-05 18:00:00,11786.475
2019-06-05 18:30:00,11786.475
2019-06-05 19:00:00,11728.595
2019-06-05 19:30:00,11750.169
2019-06-05 20:00:00,11436.211
2019-06-05 20:30:00,11122.732
2019-06-05 21:00:00,10750.09
2019-06-05 21:30:00,10415.823
2019-06-05 22:00:00,10041.315
2019-06-05 22:30:00,9833.699
2019-06-05 23:00:00,9440.941
2019-06-05 23:30:00,9222.63
2019-06-06 00:00:00,8854.734
2019-06-06 00:30:00,8643.286
2019-06-06 01:00:00,8339.433
2019-06-06 01:30:00,8147.9595
2019-06-06 02:00:00,7929.0454
2019-06-06 02:30:00,7597.466
2019-06-06 03:00:00,7272.211
2019-06-06 03:30:00,7135.376
2019-06-06 04:00:00,6975.1543
2019-06-06 04:30:00,7082.1567
2019-06-06 05:00:00,7186.8203
2019-06-06 05:30:00,7597.7188
2019-06-06 06:00:00,8041.3843
2019-06-06 06:30:00,8823.221
2019-06-06 07:00:00,9589.059
2019-06-06 07:30:00,10093.159
2019-06-06 08:00:00,10377.598
2019-06-06 08:30:00,10377.598
2019-06-06 09:00:00,10126.895
2019-06-06 09:30:00,9976.267
2019-06-06 10:00:00,9870.411
2019-06-06 10:30:00,9834.202
2019-06-06 11:00:00,9648.912
2019-06-06 11:30:00,9400.704
2019-06-06 12:00:00,9033.704
2019-06-06 12:30:00,8985.72
2019-06-06 13:00:00,8757.194
2019-06-06 13:30:00,8749.037
2019-06-06 14:00:00,8683.942
2019-06-06 14:30:00,8768.781
2019-06-06 15:00:00,8841.202
2019-06-06 15:30:00,8930.977
2019-06-06 16:00:00,9130.705
2019-06-06 16:30:00,9441.409
2019-06-06 17:00:00,10082.501
2019-06-06 17:30:00,10890.899
2019-06-06 18:00:00,11330.443
2019-06-06 18:30:00,11330.443
2019-06-06 19:00:00,11304.548
2019-06-06 19:30:00,11016.443
2019-06-06 20:00:00,10816.714
2019-06-06 20:30:00,10681.252
2019-06-06 21:00:00,10389.016
2019-06-06 21:30:00,10098.098
2019-06-06 22:00:00,9818.711
2019-06-06 22:30:00,9613.302
2019-06-06 23:00:00,9281.37
2019-06-06 23:30:00,9058.683
2019-06-07 00:00:00,8897.938
2019-06-07 00:30:00,8681.804
2019-06-07 01:00:00,8406.163
2019-06-07 01:30:00,8185.0513
2019-06-07 02:00:00,7943.0166
2019-06-07 02:30:00,7659.4844
2019-06-07 03:00:00,7440.9863
2019-06-07 03:30:00,7279.2573
2019-06-07 04:00:00,7143.434
2019-06-07 04:30:00,7132.8457
2019-06-07 05:00:00,7302.8755
2019-06-07 05:30:00,7692.695
2019-06-07 06:00:00,8144.0303
2019-06-07 06:30:00,8996.406
2019-06-07 07:00:00,9812.163
2019-06-07 07:30:00,10355.256
2019-06-07 08:00:00,10534.587
2019-06-07 08:30:00,10392.609
2019-06-07 09:00:00,10081.589
2019-06-07 09:30:00,9829.196
2019-06-07 10:00:00,9543.038
2019-06-07 10:30:00,9324.343
2019-06-07 11:00:00,9014.111
2019-06-07 11:30:00,8789.469
2019-06-07 12:00:00,8548.77
2019-06-07 12:30:00,8442.18
2019-06-07 13:00:00,8343.192
2019-06-07 13:30:00,8347.821
2019-06-07 14:00:00,8335.509
2019-06-07 14:30:00,8335.509
2019-06-07 15:00:00,8342.068
2019-06-07 15:30:00,8544.528
2019-06-07 16:00:00,8823.912
2019-06-07 16:30:00,9209.975
2019-06-07 17:00:00,9703.527
2019-06-07 17:30:00,10380.014
2019-06-07 18:00:00,10740.764
2019-06-07 18:30:00,10922.549
2019-06-07 19:00:00,10870.835
2019-06-07 19:30:00,10658.291
2019-06-07 20:00:00,10442.97
2019-06-07 20:30:00,10227.178
2019-06-07 21:00:00,10142.916
2019-06-07 21:30:00,9872.924
2019-06-07 22:00:00,9677.041
2019-06-07 22:30:00,9543.519
2019-06-07 23:00:00,9218.683
2019-06-07 23:30:00,9020.288
2019-06-08 00:00:00,8848.721
2019-06-08 00:30:00,8690.821
2019-06-08 01:00:00,8283.147
2019-06-08 01:30:00,8129.623
2019-06-08 02:00:00,7900.3916
2019-06-08 02:30:00,7643.8823
2019-06-08 03:00:00,7349.4707
2019-06-08 03:30:00,7156.203
2019-06-08 04:00:00,6907.9014
2019-06-08 04:30:00,7008.277
2019-06-08 05:00:00,6937.777
2019-06-08 05:30:00,7177.1133
2019-06-08 06:00:00,6969.5713
2019-06-08 06:30:00,7622.5127
2019-06-08 07:00:00,7941.215
2019-06-08 07:30:00,8574.827
2019-06-08 08:00:00,9040.109
2019-06-08 08:30:00,8969.997
2019-06-08 09:00:00,9353.574
2019-06-08 09:30:00,9186.5625
2019-06-08 10:00:00,8926.585
2019-06-08 10:30:00,8733.739
2019-06-08 11:00:00,8418.383
2019-06-08 11:30:00,8260.414
2019-06-08 12:00:00,8060.714
2019-06-08 12:30:00,7935.7007
2019-06-08 13:00:00,8006.165
2019-06-08 13:30:00,7913.9136
2019-06-08 14:00:00,7833.695
2019-06-08 14:30:00,7816.7783
2019-06-08 15:00:00,7863.294
2019-06-08 15:30:00,7956.8027
2019-06-08 16:00:00,8217.606
2019-06-08 16:30:00,8566.708
2019-06-08 17:00:00,9067.504
2019-06-08 17:30:00,9544.336
2019-06-08 18:00:00,10048.601
2019-06-08 18:30:00,9957.137
2019-06-08 19:00:00,9834.235
2019-06-08 19:30:00,9601.043
2019-06-08 20:00:00,9350.6455
2019-06-08 20:30:00,9202.492
2019-06-08 21:00:00,8999.35
2019-06-08 21:30:00,8868.432
2019-06-08 22:00:00,8562.895
2019-06-08 22:30:00,8568.1455
2019-06-08 23:00:00,8212.98
2019-06-08 23:30:00,8093.1084
2019-06-09 00:00:00,8127.341
2019-06-09 00:30:00,7977.3975
2019-06-09 01:00:00,7779.3667
2019-06-09 01:30:00,7490.5356
2019-06-09 02:00:00,7279.921
2019-06-09 02:30:00,6901.7573
2019-06-09 03:00:00,6658.583
2019-06-09 03:30:00,6603.558
2019-06-09 04:00:00,6496.64
2019-06-09 04:30:00,6515.9224
2019-06-09 05:00:00,6479.7915
2019-06-09 05:30:00,6543.3276
2019-06-09 06:00:00,6549.2876
2019-06-09 06:30:00,6925.58
2019-06-09 07:00:00,7077.755
2019-06-09 07:30:00,7566.145
2019-06-09 08:00:00,7980.054
2019-06-09 08:30:00,8282.029
2019-06-09 09:00:00,8603.937
2019-06-09 09:30:00,8786.444
2019-06-09 10:00:00,8903.292
2019-06-09 10:30:00,8894.1
2019-06-09 11:00:00,8718.876
2019-06-09 11:30:00,8635.813
2019-06-09 12:00:00,8541.58
2019-06-09 12:30:00,8538.388
2019-06-09 13:00:00,8421.765
2019-06-09 13:30:00,8326.096
2019-06-09 14:00:00,8275.7
2019-06-09 14:30:00,8244.501
2019-06-09 15:00:00,8128.2256
2019-06-09 15:30:00,8286.888
2019-06-09 16:00:00,8559.008
2019-06-09 16:30:00,8773.854
2019-06-09 17:00:00,9396.182
2019-06-09 17:30:00,9638.609
2019-06-09 18:00:00,10145.975
2019-06-09 18:30:00,10145.975
2019-06-09 19:00:00,10083.43
2019-06-09 19:30:00,9820.054
2019-06-09 20:00:00,9693.07
2019-06-09 20:30:00,9440.545
2019-06-09 21:00:00,9238.598
2019-06-09 21:30:00,9084.272
2019-06-09 22:00:00,8700.241
2019-06-09 22:30:00,8622.679
2019-06-09 23:00:00,8266.203
2019-06-09 23:30:00,8151.7827
2019-06-10 00:00:00,7696.5654
2019-06-10 00:30:00,7528.7515
2019-06-10 01:00:00,7175.016
2019-06-10 01:30:00,6842.734
2019-06-10 02:00:00,6853.2656
2019-06-10 02:30:00,6562.353
2019-06-10 03:00:00,6449.596
2019-06-10 03:30:00,6412.557
2019-06-10 04:00:00,6302.1777
2019-06-10 04:30:00,6286.1724
2019-06-10 05:00:00,6445.587
2019-06-10 05:30:00,6576.0283
2019-06-10 06:00:00,6935.6436
2019-06-10 06:30:00,7089.041
2019-06-10 07:00:00,7451.769
2019-06-10 07:30:00,7672.968
2019-06-10 08:00:00,7827.675
2019-06-10 08:30:00,8119.6353
2019-06-10 09:00:00,8159.833
2019-06-10 09:30:00,8091.35
2019-06-10 10:00:00,7956.0156
2019-06-10 10:30:00,7749.6157
2019-06-10 11:00:00,7553.3164
2019-06-10 11:30:00,7460.2744
2019-06-10 12:00:00,7418.4453
2019-06-10 12:30:00,7172.559
2019-06-10 13:00:00,7108.938
2019-06-10 13:30:00,7131.1245
2019-06-10 14:00:00,7258.989
2019-06-10 14:30:00,7358.758
2019-06-10 15:00:00,7613.5127
2019-06-10 15:30:00,7634.9595
2019-06-10 16:00:00,8046.051
2019-06-10 16:30:00,7945.081
2019-06-10 17:00:00,8259.223
2019-06-10 17:30:00,8724.277
2019-06-10 18:00:00,9269.14
2019-06-10 18:30:00,9326.179
2019-06-10 19:00:00,9148.401
2019-06-10 19:30:00,9036.354
2019-06-10 20:00:00,8616.359
2019-06-10 20:30:00,8616.359
2019-06-10 21:00:00,8342.198
2019-06-10 21:30:00,8134.526
2019-06-10 22:00:00,7935.603
2019-06-10 22:30:00,7859.9854
2019-06-10 23:00:00,7829.749
2019-06-10 23:30:00,7696.6206
2019-06-11 00:00:00,8528.523
2019-06-11 00:30:00,8235.144
2019-06-11 01:00:00,7964.681
2019-06-11 01:30:00,7684.394
2019-06-11 02:00:00,7421.0337
2019-06-11 02:30:00,7105.629
2019-06-11 03:00:00,6812.227
2019-06-11 03:30:00,6657.1636
2019-06-11 04:00:00,6424.973
2019-06-11 04:30:00,6424.973
2019-06-11 05:00:00,6443.3887
2019-06-11 05:30:00,6599.917
2019-06-11 06:00:00,6956.2363
2019-06-11 06:30:00,7223.513
2019-06-11 07:00:00,8521.959
2019-06-11 07:30:00,8606.59
2019-06-11 08:00:00,9095.551
2019-06-11 08:30:00,9042.257
2019-06-11 09:00:00,8396.906
2019-06-11 09:30:00,8381.721
2019-06-11 10:00:00,8240.975
2019-06-11 10:30:00,8214.108
2019-06-11 11:00:00,8295.831
2019-06-11 11:30:00,8250.071
2019-06-11 12:00:00,8057.3496
2019-06-11 12:30:00,8060.532
2019-06-11 13:00:00,8163.1294
2019-06-11 13:30:00,8145.877
2019-06-11 14:00:00,8097.27
2019-06-11 14:30:00,8080.0176
2019-06-11 15:00:00,8043.7476
2019-06-11 15:30:00,8283.114
2019-06-11 16:00:00,8571.009
2019-06-11 16:30:00,8607.049
2019-06-11 17:00:00,8781.008
2019-06-11 17:30:00,9240.901
2019-06-11 18:00:00,9606.028
2019-06-11 18:30:00,9501.885
2019-06-11 19:00:00,9479.25
2019-06-11 19:30:00,9333.106
2019-06-11 20:00:00,9020.471
2019-06-11 20:30:00,8869.014
2019-06-11 21:00:00,8809.055
2019-06-11 21:30:00,8637.203
2019-06-11 22:00:00,8566.571
2019-06-11 22:30:00,8502.089
2019-06-11 23:00:00,8447.361
2019-06-11 23:30:00,8315.016
2019-06-12 00:00:00,7817.7305
2019-06-12 00:30:00,7714.1353
2019-06-12 01:00:00,7509.565
2019-06-12 01:30:00,7258.0884
2019-06-12 02:00:00,7077.141
2019-06-12 02:30:00,6855.662
2019-06-12 03:00:00,6646.463
2019-06-12 03:30:00,6539.792
2019-06-12 04:00:00,6430.097
2019-06-12 04:30:00,6416.6235
2019-06-12 05:00:00,6605.8022
2019-06-12 05:30:00,6926.0312
2019-06-12 06:00:00,7313.792
2019-06-12 06:30:00,8127.0063
2019-06-12 07:00:00,8814.468
2019-06-12 07:30:00,9269.964
2019-06-12 08:00:00,9481.583
2019-06-12 08:30:00,9375.128
2019-06-12 09:00:00,9059.036
2019-06-12 09:30:00,8855.946
2019-06-12 10:00:00,8644.078
2019-06-12 10:30:00,8495.681
2019-06-12 11:00:00,8291.662
2019-06-12 11:30:00,8119.4624
2019-06-12 12:00:00,7960.5117
2019-06-12 12:30:00,7894.328
2019-06-12 13:00:00,7898.4863
2019-06-12 13:30:00,7890.8706
2019-06-12 14:00:00,7937.832
2019-06-12 14:30:00,7937.719
2019-06-12 15:00:00,7985.8936
2019-06-12 15:30:00,8120.423
2019-06-12 16:00:00,8404.157
2019-06-12 16:30:00,8577.605
2019-06-12 17:00:00,9041.164
2019-06-12 17:30:00,9503.013
2019-06-12 18:00:00,10001.424
2019-06-12 18:30:00,10021.244
2019-06-12 19:00:00,9891.5
2019-06-12 19:30:00,9726.382
2019-06-12 20:00:00,9504.173
2019-06-12 20:30:00,9354.327
2019-06-12 21:00:00,9214.7295
2019-06-12 21:30:00,9004.318
2019-06-12 22:00:00,8699.611
2019-06-12 22:30:00,8644.4795
2019-06-12 23:00:00,8335.193
2019-06-12 23:30:00,8265.422
2019-06-13 00:00:00,8077.4277
2019-06-13 00:30:00,7923.89
2019-06-13 01:00:00,7664.2314
2019-06-13 01:30:00,7515.9326
2019-06-13 02:00:00,7214.5146
2019-06-13 02:30:00,6940.575
2019-06-13 03:00:00,6673.8013
2019-06-13 03:30:00,6517.024
2019-06-13 04:00:00,6446.215
2019-06-13 04:30:00,6437.4595
2019-06-13 05:00:00,6608.533
2019-06-13 05:30:00,6895.15
2019-06-13 06:00:00,7350.343
2019-06-13 06:30:00,8114.6235
2019-06-13 07:00:00,8872.164
2019-06-13 07:30:00,9208.313
2019-06-13 08:00:00,9441.456
2019-06-13 08:30:00,9415.65
2019-06-13 09:00:00,9169.561
2019-06-13 09:30:00,8970.049
2019-06-13 10:00:00,8790.053
2019-06-13 10:30:00,8520.058
2019-06-13 11:00:00,8415.586
2019-06-13 11:30:00,8227.55
2019-06-13 12:00:00,8165.917
2019-06-13 12:30:00,8131.769
2019-06-13 13:00:00,8103.104
2019-06-13 13:30:00,8215.253
2019-06-13 14:00:00,8099.851
2019-06-13 14:30:00,8061.0044
2019-06-13 15:00:00,8230.749
2019-06-13 15:30:00,8230.178
2019-06-13 16:00:00,8454.54
2019-06-13 16:30:00,8558.17
2019-06-13 17:00:00,8922.88
2019-06-13 17:30:00,9410.016
2019-06-13 18:00:00,9898.546
2019-06-13 18:30:00,9829.986
2019-06-13 19:00:00,9739.054
2019-06-13 19:30:00,9480.336
2019-06-13 20:00:00,9272.063
2019-06-13 20:30:00,9108.086
2019-06-13 21:00:00,8899.994
2019-06-13 21:30:00,8678.862
2019-06-13 22:00:00,8377.159
2019-06-13 22:30:00,8368.927
2019-06-13 23:00:00,8159.634
2019-06-13 23:30:00,8092.032
2019-06-14 00:00:00,7946.5967
2019-06-14 00:30:00,7744.7407
2019-06-14 01:00:00,7540.512
2019-06-14 01:30:00,7339.729
2019-06-14 02:00:00,7172.936
2019-06-14 02:30:00,6849.6274
2019-06-14 03:00:00,6520.7456
2019-06-14 03:30:00,6359.029
2019-06-14 04:00:00,6344.2275
2019-06-14 04:30:00,6344.2275
2019-06-14 05:00:00,6468.799
2019-06-14 05:30:00,6786.663
2019-06-14 06:00:00,7117.368
2019-06-14 06:30:00,7833.35
2019-06-14 07:00:00,8430.59
2019-06-14 07:30:00,8699.113
2019-06-14 08:00:00,8852.182
2019-06-14 08:30:00,8824.69
2019-06-14 09:00:00,8652.264
2019-06-14 09:30:00,8487.079
2019-06-14 10:00:00,8401.345
2019-06-14 10:30:00,8370.262
2019-06-14 11:00:00,8120.9404
2019-06-14 11:30:00,8055.656
2019-06-14 12:00:00,8070.5015
2019-06-14 12:30:00,8056.165
2019-06-14 13:00:00,8028.8525
2019-06-14 13:30:00,8039.199
2019-06-14 14:00:00,8032.411
2019-06-14 14:30:00,7950.188
2019-06-14 15:00:00,8037.941
2019-06-14 15:30:00,8111.6826
2019-06-14 16:00:00,8203.751
2019-06-14 16:30:00,8349.245
2019-06-14 17:00:00,8645.948
2019-06-14 17:30:00,9174.126
2019-06-14 18:00:00,9371.465
2019-06-14 18:30:00,9418.37
2019-06-14 19:00:00,9334.722
2019-06-14 19:30:00,9172.418
2019-06-14 20:00:00,8966.259
2019-06-14 20:30:00,8888.739
2019-06-14 21:00:00,8838.533
2019-06-14 21:30:00,8665.63
2019-06-14 22:00:00,8505.962
2019-06-14 22:30:00,8489.904
2019-06-14 23:00:00,8338.896
2019-06-14 23:30:00,8286.108
2019-06-15 00:00:00,8054.355
2019-06-15 00:30:00,7839.3013
2019-06-15 01:00:00,7573.8306
2019-06-15 01:30:00,7442.3286
2019-06-15 02:00:00,7253.618
2019-06-15 02:30:00,7048.313
2019-06-15 03:00:00,6766.282
2019-06-15 03:30:00,6584.512
2019-06-15 04:00:00,6424.829
2019-06-15 04:30:00,6451.679
2019-06-15 05:00:00,6440.9233
2019-06-15 05:30:00,6699.3237
2019-06-15 06:00:00,6726.975
2019-06-15 06:30:00,7200.8784
2019-06-15 07:00:00,7494.04
2019-06-15 07:30:00,7785.051
2019-06-15 08:00:00,8413.977
2019-06-15 08:30:00,8354.288
2019-06-15 09:00:00,8514.406
2019-06-15 09:30:00,8287.3125
2019-06-15 10:00:00,8056.261
2019-06-15 10:30:00,7870.519
2019-06-15 11:00:00,7776.2783
2019-06-15 11:30:00,7560.0737
2019-06-15 12:00:00,7445.97
2019-06-15 12:30:00,7396.959
2019-06-15 13:00:00,7405.8667
2019-06-15 13:30:00,7401.238
2019-06-15 14:00:00,7393.9805
2019-06-15 14:30:00,7424.3335
2019-06-15 15:00:00,7411.3755
2019-06-15 15:30:00,7536.123
2019-06-15 16:00:00,7717.239
2019-06-15 16:30:00,7916.5645
2019-06-15 17:00:00,8372.843
2019-06-15 17:30:00,8883.085
2019-06-15 18:00:00,9503.645
2019-06-15 18:30:00,9482.098
2019-06-15 19:00:00,9416.697
2019-06-15 19:30:00,9244.716
2019-06-15 20:00:00,9013.709
2019-06-15 20:30:00,8939.192
2019-06-15 21:00:00,8798.728
2019-06-15 21:30:00,8601.05
2019-06-15 22:00:00,8375.361
2019-06-15 22:30:00,8375.361
2019-06-15 23:00:00,8037.8335
2019-06-15 23:30:00,8007.076
2019-06-16 00:00:00,8109.7847
2019-06-16 00:30:00,7952.97
2019-06-16 01:00:00,7705.5303
2019-06-16 01:30:00,7381.026
2019-06-16 02:00:00,7243.3906
2019-06-16 02:30:00,6911.222
2019-06-16 03:00:00,6744.3438
2019-06-16 03:30:00,6570.0103
2019-06-16 04:00:00,6576.4365
2019-06-16 04:30:00,6550.6216
2019-06-16 05:00:00,6604.131
2019-06-16 05:30:00,6698.9414
2019-06-16 06:00:00,6725.8496
2019-06-16 06:30:00,7099.759
2019-06-16 07:00:00,7298.173
2019-06-16 07:30:00,7750.455
2019-06-16 08:00:00,8239.009
2019-06-16 08:30:00,8433.791
2019-06-16 09:00:00,8593.188
2019-06-16 09:30:00,8593.513
2019-06-16 10:00:00,8355.59
2019-06-16 10:30:00,8234.216
2019-06-16 11:00:00,7947.877
2019-06-16 11:30:00,7715.1113
2019-06-16 12:00:00,7547.1553
2019-06-16 12:30:00,7429.3804
2019-06-16 13:00:00,7254.3994
2019-06-16 13:30:00,7123.307
2019-06-16 14:00:00,7178.1304
2019-06-16 14:30:00,7264.176
2019-06-16 15:00:00,7388.9497
2019-06-16 15:30:00,7542.6543
2019-06-16 16:00:00,7899.686
2019-06-16 16:30:00,8207.785
2019-06-16 17:00:00,8818.923
2019-06-16 17:30:00,9357.988
2019-06-16 18:00:00,10019.989
2019-06-16 18:30:00,10012.876
2019-06-16 19:00:00,9992.827
2019-06-16 19:30:00,9821.605
2019-06-16 20:00:00,9585.637
2019-06-16 20:30:00,9443.938
2019-06-16 21:00:00,9177.856
2019-06-16 21:30:00,9020.527
2019-06-16 22:00:00,8664.333
2019-06-16 22:30:00,8633.449
2019-06-16 23:00:00,8314.889
2019-06-16 23:30:00,8193.22
2019-06-17 00:00:00,7822.992
2019-06-17 00:30:00,7719.072
2019-06-17 01:00:00,7570.4775
2019-06-17 01:30:00,7415.3804
2019-06-17 02:00:00,7109.2534
2019-06-17 02:30:00,6807.9404
2019-06-17 03:00:00,6680.1714
2019-06-17 03:30:00,6538.572
2019-06-17 04:00:00,6616.7734
2019-06-17 04:30:00,6616.7734
2019-06-17 05:00:00,6879.4487
2019-06-17 05:30:00,6953.883
2019-06-17 06:00:00,7796.367
2019-06-17 06:30:00,7920.4834
2019-06-17 07:00:00,9099.962
2019-06-17 07:30:00,9381.201
2019-06-17 08:00:00,9655.539
2019-06-17 08:30:00,9899.143
2019-06-17 09:00:00,9557.616
2019-06-17 09:30:00,9840.11
2019-06-17 10:00:00,9550.427
2019-06-17 10:30:00,9586.556
2019-06-17 11:00:00,9486.744
2019-06-17 11:30:00,9499.631
2019-06-17 12:00:00,9442.837
2019-06-17 12:30:00,9367.344
2019-06-17 13:00:00,9248.971
2019-06-17 13:30:00,9248.971
2019-06-17 14:00:00,9163.999
2019-06-17 14:30:00,9161.911
2019-06-17 15:00:00,9228.737
2019-06-17 15:30:00,9307.091
2019-06-17 16:00:00,9397.715
2019-06-17 16:30:00,9771.658
2019-06-17 17:00:00,10335.627
2019-06-17 17:30:00,10669.327
2019-06-17 18:00:00,11284.525
2019-06-17 18:30:00,11284.525
2019-06-17 19:00:00,10978.369
2019-06-17 19:30:00,10817.0205
2019-06-17 20:00:00,10524.748
2019-06-17 20:30:00,10412.143
2019-06-17 21:00:00,10158.593
2019-06-17 21:30:00,9913.388
2019-06-17 22:00:00,9364.568
2019-06-17 22:30:00,9290.879
2019-06-17 23:00:00,9142.695
2019-06-17 23:30:00,8828.779
2019-06-18 00:00:00,8590.022
2019-06-18 00:30:00,8383.8545
2019-06-18 01:00:00,8133.212
2019-06-18 01:30:00,7994.6255
2019-06-18 02:00:00,7739.3467
2019-06-18 02:30:00,7456.9517
2019-06-18 03:00:00,7217.9224
2019-06-18 03:30:00,7050.3013
2019-06-18 04:00:00,6793.5776
2019-06-18 04:30:00,6931.613
2019-06-18 05:00:00,7047.173
2019-06-18 05:30:00,7237.78
2019-06-18 06:00:00,8021.6523
2019-06-18 06:30:00,8533.021
2019-06-18 07:00:00,9275.302
2019-06-18 07:30:00,9678.199
2019-06-18 08:00:00,9884.271
2019-06-18 08:30:00,9884.271
2019-06-18 09:00:00,9689.536
2019-06-18 09:30:00,9560.578
2019-06-18 10:00:00,9351.1
2019-06-18 10:30:00,9248.56
2019-06-18 11:00:00,9093.358
2019-06-18 11:30:00,8954.376
2019-06-18 12:00:00,8811.104
2019-06-18 12:30:00,8779.103
2019-06-18 13:00:00,8884.974
2019-06-18 13:30:00,8859.49
2019-06-18 14:00:00,8911.899
2019-06-18 14:30:00,8928.913
2019-06-18 15:00:00,8921.509
2019-06-18 15:30:00,9123.937
2019-06-18 16:00:00,9294.886
2019-06-18 16:30:00,9673.737
2019-06-18 17:00:00,10058.789
2019-06-18 17:30:00,10513.981
2019-06-18 18:00:00,11128.113
2019-06-18 18:30:00,10975.403
2019-06-18 19:00:00,10973.515
2019-06-18 19:30:00,10628.345
2019-06-18 20:00:00,10373.437
2019-06-18 20:30:00,10155.512
2019-06-18 21:00:00,9928.317
2019-06-18 21:30:00,9682.517
2019-06-18 22:00:00,9298.113
2019-06-18 22:30:00,9225.271
2019-06-18 23:00:00,8831.528
2019-06-18 23:30:00,8687.297
2019-06-19 00:00:00,8460.77
2019-06-19 00:30:00,8262.9795
2019-06-19 01:00:00,8091.6333
2019-06-19 01:30:00,7893.727
2019-06-19 02:00:00,7618.2974
2019-06-19 02:30:00,7271.1235
2019-06-19 03:00:00,7019.6055
2019-06-19 03:30:00,6862.8115
2019-06-19 04:00:00,6752.1626
2019-06-19 04:30:00,6752.1626
2019-06-19 05:00:00,6985.0693
2019-06-19 05:30:00,7280.374
2019-06-19 06:00:00,7756.8174
2019-06-19 06:30:00,8572.57
2019-06-19 07:00:00,9256.411
2019-06-19 07:30:00,9704.579
2019-06-19 08:00:00,9852.814
2019-06-19 08:30:00,9744.25
2019-06-19 09:00:00,9552.23
2019-06-19 09:30:00,9449.225
2019-06-19 10:00:00,9255.927
2019-06-19 10:30:00,9089.981
2019-06-19 11:00:00,8847.391
2019-06-19 11:30:00,8696.427
2019-06-19 12:00:00,8620.615
2019-06-19 12:30:00,8607.914
2019-06-19 13:00:00,8604.367
2019-06-19 13:30:00,8625.487
2019-06-19 14:00:00,8675.571
2019-06-19 14:30:00,8579.046
2019-06-19 15:00:00,8628.026
2019-06-19 15:30:00,8663.504
2019-06-19 16:00:00,8929.972
2019-06-19 16:30:00,9255.262
2019-06-19 17:00:00,9674.062
2019-06-19 17:30:00,10130.587
2019-06-19 18:00:00,10630.504
2019-06-19 18:30:00,10729.64
2019-06-19 19:00:00,10547.889
2019-06-19 19:30:00,10401.15
2019-06-19 20:00:00,10134.99
2019-06-19 20:30:00,9908.73
2019-06-19 21:00:00,9691.268
2019-06-19 21:30:00,9435.282
2019-06-19 22:00:00,9125.737
2019-06-19 22:30:00,9028.563
2019-06-19 23:00:00,8677.917
2019-06-19 23:30:00,8553.835
2019-06-20 00:00:00,8283.692
2019-06-20 00:30:00,8141.561
2019-06-20 01:00:00,8011.493
2019-06-20 01:30:00,7739.1797
2019-06-20 02:00:00,7506.8945
2019-06-20 02:30:00,7238.7085
2019-06-20 03:00:00,7025.271
2019-06-20 03:30:00,6783.129
2019-06-20 04:00:00,6737.3877
2019-06-20 04:30:00,6812.3213
2019-06-20 05:00:00,6956.8774
2019-06-20 05:30:00,7396.8813
2019-06-20 06:00:00,7839.1685
2019-06-20 06:30:00,8649.764
2019-06-20 07:00:00,9414.979
2019-06-20 07:30:00,9874.308
2019-06-20 08:00:00,10139.191
2019-06-20 08:30:00,10013.529
2019-06-20 09:00:00,9711.306
2019-06-20 09:30:00,9412.916
2019-06-20 10:00:00,9165.747
2019-06-20 10:30:00,8860.795
2019-06-20 11:00:00,8512.681
2019-06-20 11:30:00,8289.929
2019-06-20 12:00:00,8157.4517
2019-06-20 12:30:00,8039.9634
2019-06-20 13:00:00,7977.827
2019-06-20 13:30:00,7987.7764
2019-06-20 14:00:00,7951.5713
2019-06-20 14:30:00,7982.2607
2019-06-20 15:00:00,8087.297
2019-06-20 15:30:00,8193.315
2019-06-20 16:00:00,8489.143
2019-06-20 16:30:00,8958.899
2019-06-20 17:00:00,9705.96
2019-06-20 17:30:00,10368.319
2019-06-20 18:00:00,11177.6
2019-06-20 18:30:00,11200.508
2019-06-20 19:00:00,11119.894
2019-06-20 19:30:00,10993.167
2019-06-20 20:00:00,10883.997
2019-06-20 20:30:00,10748.923
2019-06-20 21:00:00,10480.333
2019-06-20 21:30:00,10187.688
2019-06-20 22:00:00,9745.788
2019-06-20 22:30:00,9569.409
2019-06-20 23:00:00,9164.0625
2019-06-20 23:30:00,9050.211
2019-06-21 00:00:00,8829.782
2019-06-21 00:30:00,8630.4375
2019-06-21 01:00:00,8391.356
2019-06-21 01:30:00,8182.6426
2019-06-21 02:00:00,7988.1245
2019-06-21 02:30:00,7643.2017
2019-06-21 03:00:00,7402.748
2019-06-21 03:30:00,7270.8174
2019-06-21 04:00:00,7163.2144
2019-06-21 04:30:00,7235.031
2019-06-21 05:00:00,7359.5957
2019-06-21 05:30:00,7824.7056
2019-06-21 06:00:00,8255.977
2019-06-21 06:30:00,9136.278
2019-06-21 07:00:00,9965.241
2019-06-21 07:30:00,10413.829
2019-06-21 08:00:00,10816.874
2019-06-21 08:30:00,10588.885
2019-06-21 09:00:00,10232.7
2019-06-21 09:30:00,10046.625
2019-06-21 10:00:00,9797.096
2019-06-21 10:30:00,9479.026
2019-06-21 11:00:00,9228.317
2019-06-21 11:30:00,8999.274
2019-06-21 12:00:00,8799.2705
2019-06-21 12:30:00,8648.307
2019-06-21 13:00:00,8589.161
2019-06-21 13:30:00,8698.474
2019-06-21 14:00:00,8797.008
2019-06-21 14:30:00,8858.059
2019-06-21 15:00:00,8940.419
2019-06-21 15:30:00,9136.413
2019-06-21 16:00:00,9526.565
2019-06-21 16:30:00,9875.516
2019-06-21 17:00:00,10346.582
2019-06-21 17:30:00,11051.596
2019-06-21 18:00:00,11290.861
2019-06-21 18:30:00,11606.794
2019-06-21 19:00:00,11246.437
2019-06-21 19:30:00,11266.557
2019-06-21 20:00:00,11017.354
2019-06-21 20:30:00,10817.196
2019-06-21 21:00:00,10749.507
2019-06-21 21:30:00,10417.789
2019-06-21 22:00:00,10156.308
2019-06-21 22:30:00,9972.941
2019-06-21 23:00:00,9607.266
2019-06-21 23:30:00,9411.5
2019-06-22 00:00:00,9259.328
2019-06-22 00:30:00,9095.697
2019-06-22 01:00:00,8555.991
2019-06-22 01:30:00,8319.01
2019-06-22 02:00:00,8220.819
2019-06-22 02:30:00,7867.9897
2019-06-22 03:00:00,7580.3916
2019-06-22 03:30:00,7387.692
2019-06-22 04:00:00,7217.168
2019-06-22 04:30:00,7230.3726
2019-06-22 05:00:00,7157.9644
2019-06-22 05:30:00,7428.022
2019-06-22 06:00:00,7380.2524
2019-06-22 06:30:00,8305.401
2019-06-22 07:00:00,8591.023
2019-06-22 07:30:00,9378.916
2019-06-22 08:00:00,9722.0
2019-06-22 08:30:00,9656.687
2019-06-22 09:00:00,9813.918
2019-06-22 09:30:00,9589.785
2019-06-22 10:00:00,9383.07
2019-06-22 10:30:00,9148.95
2019-06-22 11:00:00,8782.972
2019-06-22 11:30:00,8466.456
2019-06-22 12:00:00,8278.356
2019-06-22 12:30:00,8068.0195
2019-06-22 13:00:00,7944.139
2019-06-22 13:30:00,7928.369
2019-06-22 14:00:00,7888.3003
2019-06-22 14:30:00,7889.4277
2019-06-22 15:00:00,7953.7573
2019-06-22 15:30:00,8099.107
2019-06-22 16:00:00,8593.768
2019-06-22 16:30:00,9196.289
2019-06-22 17:00:00,9889.997
2019-06-22 17:30:00,10298.946
2019-06-22 18:00:00,11198.382
2019-06-22 18:30:00,10959.821
2019-06-22 19:00:00,10852.826
2019-06-22 19:30:00,10852.826
2019-06-22 20:00:00,10436.808
2019-06-22 20:30:00,10329.76
2019-06-22 21:00:00,10265.442
2019-06-22 21:30:00,10078.545
2019-06-22 22:00:00,9821.052
2019-06-22 22:30:00,9633.466
2019-06-22 23:00:00,9233.259
2019-06-22 23:30:00,9048.768
2019-06-23 00:00:00,8927.87
2019-06-23 00:30:00,8606.391
2019-06-23 01:00:00,8323.973
2019-06-23 01:30:00,8051.486
2019-06-23 02:00:00,7821.267
2019-06-23 02:30:00,7506.981
2019-06-23 03:00:00,7305.6724
2019-06-23 03:30:00,7080.276
2019-06-23 04:00:00,7080.068
2019-06-23 04:30:00,7080.068
2019-06-23 05:00:00,6997.067
2019-06-23 05:30:00,7185.273
2019-06-23 06:00:00,7248.554
2019-06-23 06:30:00,7773.264
2019-06-23 07:00:00,7998.274
2019-06-23 07:30:00,8643.045
2019-06-23 08:00:00,9138.463
2019-06-23 08:30:00,9505.642
2019-06-23 09:00:00,9543.113
2019-06-23 09:30:00,9543.346
2019-06-23 10:00:00,9343.106
2019-06-23 10:30:00,9094.26
2019-06-23 11:00:00,8880.572
2019-06-23 11:30:00,8572.074
2019-06-23 12:00:00,8350.828
2019-06-23 12:30:00,8239.077
2019-06-23 13:00:00,8327.653
2019-06-23 13:30:00,8254.588
2019-06-23 14:00:00,8288.887
2019-06-23 14:30:00,8271.621
2019-06-23 15:00:00,8370.557
2019-06-23 15:30:00,8669.404
2019-06-23 16:00:00,9040.725
2019-06-23 16:30:00,9514.197
2019-06-23 17:00:00,10217.789
2019-06-23 17:30:00,10547.889
2019-06-23 18:00:00,11032.175
2019-06-23 18:30:00,11027.028
2019-06-23 19:00:00,10958.742
2019-06-23 19:30:00,10804.664
2019-06-23 20:00:00,10548.911
2019-06-23 20:30:00,10474.897
2019-06-23 21:00:00,10185.808
2019-06-23 21:30:00,10132.601
2019-06-23 22:00:00,9630.565
2019-06-23 22:30:00,9544.753
2019-06-23 23:00:00,9070.262
2019-06-23 23:30:00,8767.915
2019-06-24 00:00:00,8485.784
2019-06-24 00:30:00,8328.936
2019-06-24 01:00:00,8123.3716
2019-06-24 01:30:00,7821.2754
2019-06-24 02:00:00,7667.814
2019-06-24 02:30:00,7471.206
2019-06-24 03:00:00,7244.936
2019-06-24 03:30:00,7103.464
2019-06-24 04:00:00,7110.4478
2019-06-24 04:30:00,7218.8965
2019-06-24 05:00:00,7564.186
2019-06-24 05:30:00,7716.2324
2019-06-24 06:00:00,8482.595
2019-06-24 06:30:00,8745.395
2019-06-24 07:00:00,9689.932
2019-06-24 07:30:00,9831.823
2019-06-24 08:00:00,10417.309
2019-06-24 08:30:00,10454.119
2019-06-24 09:00:00,10659.672
2019-06-24 09:30:00,10674.773
2019-06-24 10:00:00,10522.162
2019-06-24 10:30:00,10294.853
2019-06-24 11:00:00,9962.155
2019-06-24 11:30:00,9591.663
2019-06-24 12:00:00,9593.653
2019-06-24 12:30:00,9662.616
2019-06-24 13:00:00,9511.238
2019-06-24 13:30:00,9511.238
2019-06-24 14:00:00,9531.478
2019-06-24 14:30:00,9512.103
2019-06-24 15:00:00,9643.434
2019-06-24 15:30:00,9996.517
2019-06-24 16:00:00,10302.328
2019-06-24 16:30:00,10643.517
2019-06-24 17:00:00,11274.371
2019-06-24 17:30:00,11540.193
2019-06-24 18:00:00,12176.835
2019-06-24 18:30:00,12176.835
2019-06-24 19:00:00,11799.817
2019-06-24 19:30:00,11690.325
2019-06-24 20:00:00,11416.883
2019-06-24 20:30:00,11262.537
2019-06-24 21:00:00,11134.148
2019-06-24 21:30:00,10817.923
2019-06-24 22:00:00,10464.818
2019-06-24 22:30:00,10233.465
2019-06-24 23:00:00,9815.664
2019-06-24 23:30:00,9418.045
2019-06-25 00:00:00,8830.127
2019-06-25 00:30:00,8712.53
2019-06-25 01:00:00,8554.739
2019-06-25 01:30:00,8403.415
2019-06-25 02:00:00,8120.399
2019-06-25 02:30:00,7925.2134
2019-06-25 03:00:00,7645.277
2019-06-25 03:30:00,7452.591
2019-06-25 04:00:00,7275.9355
2019-06-25 04:30:00,7330.2485
2019-06-25 05:00:00,7381.108
2019-06-25 05:30:00,7968.086
2019-06-25 06:00:00,8303.558
2019-06-25 06:30:00,8959.331
2019-06-25 07:00:00,9793.033
2019-06-25 07:30:00,10289.155
2019-06-25 08:00:00,10653.295
2019-06-25 08:30:00,10744.156
2019-06-25 09:00:00,10521.591
2019-06-25 09:30:00,10492.534
2019-06-25 10:00:00,10294.989
2019-06-25 10:30:00,10114.677
2019-06-25 11:00:00,9867.461
2019-06-25 11:30:00,9696.6875
2019-06-25 12:00:00,9554.149
2019-06-25 12:30:00,9500.379
2019-06-25 13:00:00,9372.437
2019-06-25 13:30:00,9333.141
2019-06-25 14:00:00,9274.809
2019-06-25 14:30:00,9304.5205
2019-06-25 15:00:00,9417.72
2019-06-25 15:30:00,9501.928
2019-06-25 16:00:00,9874.547
2019-06-25 16:30:00,10155.34
2019-06-25 17:00:00,10671.285
2019-06-25 17:30:00,11275.578
2019-06-25 18:00:00,11733.382
2019-06-25 18:30:00,11733.382
2019-06-25 19:00:00,11474.928
2019-06-25 19:30:00,11287.08
2019-06-25 20:00:00,11090.934
2019-06-25 20:30:00,10741.515
2019-06-25 21:00:00,10540.477
2019-06-25 21:30:00,10286.737
2019-06-25 22:00:00,9885.922
2019-06-25 22:30:00,9777.357
2019-06-25 23:00:00,9335.4375
2019-06-25 23:30:00,9185.818
2019-06-26 00:00:00,8978.693
2019-06-26 00:30:00,8777.467
2019-06-26 01:00:00,8520.03
2019-06-26 01:30:00,8336.278
2019-06-26 02:00:00,8063.906
2019-06-26 02:30:00,7779.893
2019-06-26 03:00:00,7487.3613
2019-06-26 03:30:00,7291.8013
2019-06-26 04:00:00,7233.6196
2019-06-26 04:30:00,7233.6196
2019-06-26 05:00:00,7359.447
2019-06-26 05:30:00,7718.9946
2019-06-26 06:00:00,8180.5293
2019-06-26 06:30:00,9048.787
2019-06-26 07:00:00,9779.211
2019-06-26 07:30:00,10190.93
2019-06-26 08:00:00,10362.407
2019-06-26 08:30:00,10256.784
2019-06-26 09:00:00,10003.46
2019-06-26 09:30:00,9789.791
2019-06-26 10:00:00,9577.367
2019-06-26 10:30:00,9415.063
2019-06-26 11:00:00,9207.561
2019-06-26 11:30:00,9083.048
2019-06-26 12:00:00,8870.33
2019-06-26 12:30:00,8820.78
2019-06-26 13:00:00,8800.001
2019-06-26 13:30:00,8674.415
2019-06-26 14:00:00,8796.453
2019-06-26 14:30:00,8846.003
2019-06-26 15:00:00,8895.347
2019-06-26 15:30:00,9024.445
2019-06-26 16:00:00,9347.92
2019-06-26 16:30:00,9668.268
2019-06-26 17:00:00,10244.381
2019-06-26 17:30:00,10699.232
2019-06-26 18:00:00,11210.254
2019-06-26 18:30:00,11210.254
2019-06-26 19:00:00,11018.443
2019-06-26 19:30:00,10829.217
2019-06-26 20:00:00,10571.426
2019-06-26 20:30:00,10386.768
2019-06-26 21:00:00,10197.068
2019-06-26 21:30:00,10005.4795
2019-06-26 22:00:00,9625.865
2019-06-26 22:30:00,9546.682
2019-06-26 23:00:00,9219.366
2019-06-26 23:30:00,9040.134
2019-06-27 00:00:00,8793.053
2019-06-27 00:30:00,8593.669
2019-06-27 01:00:00,8350.886
2019-06-27 01:30:00,8168.212
2019-06-27 02:00:00,7962.3804
2019-06-27 02:30:00,7659.9966
2019-06-27 03:00:00,7402.4185
2019-06-27 03:30:00,7264.5654
2019-06-27 04:00:00,7058.657
2019-06-27 04:30:00,7027.8267
2019-06-27 05:00:00,7150.556
2019-06-27 05:30:00,7527.2837
2019-06-27 06:00:00,7963.305
2019-06-27 06:30:00,8693.448
2019-06-27 07:00:00,9457.829
2019-06-27 07:30:00,9904.846
2019-06-27 08:00:00,10089.914
2019-06-27 08:30:00,9944.798
2019-06-27 09:00:00,9726.803
2019-06-27 09:30:00,9549.605
2019-06-27 10:00:00,9397.794
2019-06-27 10:30:00,9207.82
2019-06-27 11:00:00,9032.011
2019-06-27 11:30:00,8738.284
2019-06-27 12:00:00,8552.565
2019-06-27 12:30:00,8502.48
2019-06-27 13:00:00,8394.552
2019-06-27 13:30:00,8355.218
2019-06-27 14:00:00,8377.626
2019-06-27 14:30:00,8395.205
2019-06-27 15:00:00,8405.02
2019-06-27 15:30:00,8539.8125
2019-06-27 16:00:00,8842.873
2019-06-27 16:30:00,9213.502
2019-06-27 17:00:00,9732.362
2019-06-27 17:30:00,10330.63
2019-06-27 18:00:00,10953.676
2019-06-27 18:30:00,10953.676
2019-06-27 19:00:00,10935.883
2019-06-27 19:30:00,10660.667
2019-06-27 20:00:00,10473.085
2019-06-27 20:30:00,10319.487
2019-06-27 21:00:00,10100.543
2019-06-27 21:30:00,9839.167
2019-06-27 22:00:00,9527.81
2019-06-27 22:30:00,9381.77
2019-06-27 23:00:00,9149.62
2019-06-27 23:30:00,8888.666
2019-06-28 00:00:00,8753.237
2019-06-28 00:30:00,8572.52
2019-06-28 01:00:00,8310.151
2019-06-28 01:30:00,8139.8013
2019-06-28 02:00:00,7918.316
2019-06-28 02:30:00,7591.1
2019-06-28 03:00:00,7373.9
2019-06-28 03:30:00,7111.0312
2019-06-28 04:00:00,7024.774
2019-06-28 04:30:00,7066.2773
2019-06-28 05:00:00,7189.2495
2019-06-28 05:30:00,7575.0254
2019-06-28 06:00:00,8031.3726
2019-06-28 06:30:00,8751.38
2019-06-28 07:00:00,9483.574
2019-06-28 07:30:00,9899.595
2019-06-28 08:00:00,10178.3545
2019-06-28 08:30:00,9980.27
2019-06-28 09:00:00,9673.179
2019-06-28 09:30:00,9478.411
2019-06-28 10:00:00,9364.516
2019-06-28 10:30:00,9161.276
2019-06-28 11:00:00,8938.364
2019-06-28 11:30:00,8683.475
2019-06-28 12:00:00,8553.897
2019-06-28 12:30:00,8461.951
2019-06-28 13:00:00,8372.708
2019-06-28 13:30:00,8389.735
2019-06-28 14:00:00,8390.137
2019-06-28 14:30:00,8396.95
2019-06-28 15:00:00,8412.056
2019-06-28 15:30:00,8468.188
2019-06-28 16:00:00,8808.596
2019-06-28 16:30:00,9122.223
2019-06-28 17:00:00,9512.836
2019-06-28 17:30:00,10090.58
2019-06-28 18:00:00,10404.669
2019-06-28 18:30:00,10494.149
2019-06-28 19:00:00,10377.861
2019-06-28 19:30:00,10259.261
2019-06-28 20:00:00,10115.084
2019-06-28 20:30:00,10014.479
2019-06-28 21:00:00,9892.017
2019-06-28 21:30:00,9692.103
2019-06-28 22:00:00,9481.124
2019-06-28 22:30:00,9359.23
2019-06-28 23:00:00,9108.535
2019-06-28 23:30:00,8962.838
2019-06-29 00:00:00,8831.377
2019-06-29 00:30:00,8614.149
2019-06-29 01:00:00,8267.635
2019-06-29 01:30:00,8039.617
2019-06-29 02:00:00,7854.7944
2019-06-29 02:30:00,7499.186
2019-06-29 03:00:00,7189.575
2019-06-29 03:30:00,6991.717
2019-06-29 04:00:00,6816.656
2019-06-29 04:30:00,6834.684
2019-06-29 05:00:00,6834.8223
2019-06-29 05:30:00,7035.4336
2019-06-29 06:00:00,6931.065
2019-06-29 06:30:00,7574.9087
2019-06-29 07:00:00,7995.3667
2019-06-29 07:30:00,8376.756
2019-06-29 08:00:00,9025.667
2019-06-29 08:30:00,8893.277
2019-06-29 09:00:00,9106.73
2019-06-29 09:30:00,8810.327
2019-06-29 10:00:00,8489.43
2019-06-29 10:30:00,8198.046
2019-06-29 11:00:00,7989.809
2019-06-29 11:30:00,7806.385
2019-06-29 12:00:00,7599.757
2019-06-29 12:30:00,7522.911
2019-06-29 13:00:00,7484.414
2019-06-29 13:30:00,7488.8154
2019-06-29 14:00:00,7486.9673
2019-06-29 14:30:00,7491.169
2019-06-29 15:00:00,7505.125
2019-06-29 15:30:00,7575.2607
2019-06-29 16:00:00,7935.2334
2019-06-29 16:30:00,8194.505
2019-06-29 17:00:00,8629.867
2019-06-29 17:30:00,9188.352
2019-06-29 18:00:00,9691.115
2019-06-29 18:30:00,9708.5205
2019-06-29 19:00:00,9620.701
2019-06-29 19:30:00,9431.65
2019-06-29 20:00:00,9195.002
2019-06-29 20:30:00,9128.199
2019-06-29 21:00:00,8963.129
2019-06-29 21:30:00,8812.839
2019-06-29 22:00:00,8588.8545
2019-06-29 22:30:00,8545.146
2019-06-29 23:00:00,8245.444
2019-06-29 23:30:00,8157.0474
2019-06-30 00:00:00,8210.184
2019-06-30 00:30:00,7968.0566
2019-06-30 01:00:00,7773.314
2019-06-30 01:30:00,7491.325
2019-06-30 02:00:00,7182.9517
2019-06-30 02:30:00,6940.4634
2019-06-30 03:00:00,6683.183
2019-06-30 03:30:00,6626.724
2019-06-30 04:00:00,6538.398
2019-06-30 04:30:00,6513.566
2019-06-30 05:00:00,6523.3496
2019-06-30 05:30:00,6711.5396
2019-06-30 06:00:00,6748.9575
2019-06-30 06:30:00,7057.0693
2019-06-30 07:00:00,7307.6797
2019-06-30 07:30:00,7829.046
2019-06-30 08:00:00,8204.161
2019-06-30 08:30:00,8490.236
2019-06-30 09:00:00,8699.991
2019-06-30 09:30:00,8718.867
2019-06-30 10:00:00,8512.075
2019-06-30 10:30:00,8321.978
2019-06-30 11:00:00,8101.639
2019-06-30 11:30:00,7844.0996
2019-06-30 12:00:00,7653.0747
2019-06-30 12:30:00,7416.612
2019-06-30 13:00:00,7384.9526
2019-06-30 13:30:00,7223.646
2019-06-30 14:00:00,7245.93
2019-06-30 14:30:00,7286.4326
2019-06-30 15:00:00,7461.387
2019-06-30 15:30:00,7631.588
2019-06-30 16:00:00,7999.75
2019-06-30 16:30:00,8308.397
2019-06-30 17:00:00,8742.843
2019-06-30 17:30:00,9318.51
2019-06-30 18:00:00,9915.886
2019-06-30 18:30:00,9836.758
2019-06-30 19:00:00,9804.495
2019-06-30 19:30:00,9580.301
2019-06-30 20:00:00,9378.16
2019-06-30 20:30:00,9112.145
2019-06-30 21:00:00,8931.603
2019-06-30 21:30:00,8818.485
2019-06-30 22:00:00,8478.854
2019-06-30 22:30:00,8478.854
2019-06-30 23:00:00,8169.2666
2019-06-30 23:30:00,8112.242
2019-07-01 00:00:00,7985.777
2019-07-01 00:30:00,7788.9453
2019-07-01 01:00:00,7722.777
2019-07-01 01:30:00,7487.2964
2019-07-01 02:00:00,7283.188
2019-07-01 02:30:00,7005.029
2019-07-01 03:00:00,6685.726
2019-07-01 03:30:00,6578.895
2019-07-01 04:00:00,6595.3184
2019-07-01 04:30:00,6595.3184
2019-07-01 05:00:00,6806.1436
2019-07-01 05:30:00,6933.754
2019-07-01 06:00:00,7809.4688
2019-07-01 06:30:00,7851.4976
2019-07-01 07:00:00,8825.829
2019-07-01 07:30:00,9430.188
2019-07-01 08:00:00,9690.04
2019-07-01 08:30:00,9909.964
2019-07-01 09:00:00,9272.644
2019-07-01 09:30:00,9300.142
2019-07-01 10:00:00,9078.756
2019-07-01 10:30:00,8876.896
2019-07-01 11:00:00,8619.962
2019-07-01 11:30:00,8455.691
2019-07-01 12:00:00,8321.554
2019-07-01 12:30:00,8217.329
2019-07-01 13:00:00,8130.2812
2019-07-01 13:30:00,8026.5103
2019-07-01 14:00:00,8150.187
2019-07-01 14:30:00,8286.013
2019-07-01 15:00:00,8384.452
2019-07-01 15:30:00,8593.091
2019-07-01 16:00:00,8897.1045
2019-07-01 16:30:00,9351.063
2019-07-01 17:00:00,9745.418
2019-07-01 17:30:00,10490.041
2019-07-01 18:00:00,11040.464
2019-07-01 18:30:00,11241.559
2019-07-01 19:00:00,11121.938
2019-07-01 19:30:00,10959.424
2019-07-01 20:00:00,10681.083
2019-07-01 20:30:00,10577.581
2019-07-01 21:00:00,10372.851
2019-07-01 21:30:00,10073.897
2019-07-01 22:00:00,9768.761
2019-07-01 22:30:00,9494.707
2019-07-01 23:00:00,9284.006
2019-07-01 23:30:00,9141.121
2019-07-02 00:00:00,8635.907
2019-07-02 00:30:00,8502.77
2019-07-02 01:00:00,8198.59
2019-07-02 01:30:00,8051.6895
2019-07-02 02:00:00,7803.544
2019-07-02 02:30:00,7630.9907
2019-07-02 03:00:00,7285.3096
2019-07-02 03:30:00,7183.8467
2019-07-02 04:00:00,6993.0854
2019-07-02 04:30:00,7153.3184
2019-07-02 05:00:00,7152.675
2019-07-02 05:30:00,7558.303
2019-07-02 06:00:00,8092.598
2019-07-02 06:30:00,8814.696
2019-07-02 07:00:00,9766.566
2019-07-02 07:30:00,10297.678
2019-07-02 08:00:00,10598.918
2019-07-02 08:30:00,10551.506
2019-07-02 09:00:00,10327.005
2019-07-02 09:30:00,10177.253
2019-07-02 10:00:00,9962.648
2019-07-02 10:30:00,9671.7705
2019-07-02 11:00:00,9320.3
2019-07-02 11:30:00,9055.783
2019-07-02 12:00:00,8757.275
2019-07-02 12:30:00,8562.726
2019-07-02 13:00:00,8451.597
2019-07-02 13:30:00,8430.722
2019-07-02 14:00:00,8432.03
2019-07-02 14:30:00,8500.105
2019-07-02 15:00:00,8618.024
2019-07-02 15:30:00,8923.715
2019-07-02 16:00:00,9192.699
2019-07-02 16:30:00,9439.156
2019-07-02 17:00:00,10151.595
2019-07-02 17:30:00,10805.984
2019-07-02 18:00:00,11353.848
2019-07-02 18:30:00,11353.848
2019-07-02 19:00:00,11329.321
2019-07-02 19:30:00,11046.06
2019-07-02 20:00:00,10815.769
2019-07-02 20:30:00,10609.808
2019-07-02 21:00:00,10357.505
2019-07-02 21:30:00,10013.491
2019-07-02 22:00:00,9747.701
2019-07-02 22:30:00,9505.4
2019-07-02 23:00:00,9167.864
2019-07-02 23:30:00,8943.301
2019-07-03 00:00:00,8750.88
2019-07-03 00:30:00,8520.612
2019-07-03 01:00:00,8255.041
2019-07-03 01:30:00,8093.272
2019-07-03 02:00:00,7865.6836
2019-07-03 02:30:00,7493.2783
2019-07-03 03:00:00,7247.1177
2019-07-03 03:30:00,7084.8276
2019-07-03 04:00:00,6961.721
2019-07-03 04:30:00,6992.9326
2019-07-03 05:00:00,7133.191
2019-07-03 05:30:00,7599.778
2019-07-03 06:00:00,8074.406
2019-07-03 06:30:00,9000.9
2019-07-03 07:00:00,9760.815
2019-07-03 07:30:00,10194.306
2019-07-03 08:00:00,10564.575
2019-07-03 08:30:00,10452.036
2019-07-03 09:00:00,10188.182
2019-07-03 09:30:00,10015.53
2019-07-03 10:00:00,9689.946
2019-07-03 10:30:00,9425.048
2019-07-03 11:00:00,9174.3955
2019-07-03 11:30:00,8812.482
2019-07-03 12:00:00,8581.176
2019-07-03 12:30:00,8366.751
2019-07-03 13:00:00,8239.654
2019-07-03 13:30:00,8168.618
2019-07-03 14:00:00,8084.2583
2019-07-03 14:30:00,8108.256
2019-07-03 15:00:00,8210.461
2019-07-03 15:30:00,8282.579
2019-07-03 16:00:00,8615.024
2019-07-03 16:30:00,8792.315
2019-07-03 17:00:00,9481.105
2019-07-03 17:30:00,10199.289
2019-07-03 18:00:00,10883.238
2019-07-03 18:30:00,11093.015
2019-07-03 19:00:00,11082.899
2019-07-03 19:30:00,10937.691
2019-07-03 20:00:00,10679.943
2019-07-03 20:30:00,10588.612
2019-07-03 21:00:00,10375.37
2019-07-03 21:30:00,10097.034
2019-07-03 22:00:00,9736.943
2019-07-03 22:30:00,9624.764
2019-07-03 23:00:00,9332.218
2019-07-03 23:30:00,9106.592
2019-07-04 00:00:00,8912.873
2019-07-04 00:30:00,8751.822
2019-07-04 01:00:00,8543.427
2019-07-04 01:30:00,8317.961
2019-07-04 02:00:00,8102.638
2019-07-04 02:30:00,7807.262
2019-07-04 03:00:00,7521.501
2019-07-04 03:30:00,7310.7446
2019-07-04 04:00:00,7178.1714
2019-07-04 04:30:00,7232.7603
2019-07-04 05:00:00,7394.614
2019-07-04 05:30:00,7884.6304
2019-07-04 06:00:00,8310.907
2019-07-04 06:30:00,9075.385
2019-07-04 07:00:00,9883.595
2019-07-04 07:30:00,10313.59
2019-07-04 08:00:00,10591.798
2019-07-04 08:30:00,10542.542
2019-07-04 09:00:00,10192.184
2019-07-04 09:30:00,9877.076
2019-07-04 10:00:00,9586.755
2019-07-04 10:30:00,9325.184
2019-07-04 11:00:00,9052.256
2019-07-04 11:30:00,8793.515
2019-07-04 12:00:00,8702.763
2019-07-04 12:30:00,8530.648
2019-07-04 13:00:00,8518.434
2019-07-04 13:30:00,8429.042
2019-07-04 14:00:00,8420.572
2019-07-04 14:30:00,8478.038
2019-07-04 15:00:00,8494.351
2019-07-04 15:30:00,8639.368
2019-07-04 16:00:00,8919.73
2019-07-04 16:30:00,9242.692
2019-07-04 17:00:00,9717.194
2019-07-04 17:30:00,10308.262
2019-07-04 18:00:00,10869.654
2019-07-04 18:30:00,10730.915
2019-07-04 19:00:00,10659.766
2019-07-04 19:30:00,10431.427
2019-07-04 20:00:00,10314.37
2019-07-04 20:30:00,10100.416
2019-07-04 21:00:00,9760.227
2019-07-04 21:30:00,9498.765
2019-07-04 22:00:00,9182.653
2019-07-04 22:30:00,9080.577
2019-07-04 23:00:00,8787.278
2019-07-04 23:30:00,8682.439
2019-07-05 00:00:00,8433.364
2019-07-05 00:30:00,8319.911
2019-07-05 01:00:00,8089.032
2019-07-05 01:30:00,7886.279
2019-07-05 02:00:00,7579.3687
2019-07-05 02:30:00,7303.491
2019-07-05 03:00:00,7075.8633
2019-07-05 03:30:00,6920.1885
2019-07-05 04:00:00,6791.952
2019-07-05 04:30:00,6868.078
2019-07-05 05:00:00,6956.3667
2019-07-05 05:30:00,7295.8813
2019-07-05 06:00:00,7691.3794
2019-07-05 06:30:00,8410.608
2019-07-05 07:00:00,9099.099
2019-07-05 07:30:00,9503.484
2019-07-05 08:00:00,9827.183
2019-07-05 08:30:00,9842.351
2019-07-05 09:00:00,9572.326
2019-07-05 09:30:00,9451.121
2019-07-05 10:00:00,9355.726
2019-07-05 10:30:00,9247.467
2019-07-05 11:00:00,9055.261
2019-07-05 11:30:00,8899.509
2019-07-05 12:00:00,8790.49
2019-07-05 12:30:00,8651.113
2019-07-05 13:00:00,8507.425
2019-07-05 13:30:00,8507.425
2019-07-05 14:00:00,8487.668
2019-07-05 14:30:00,8561.069
2019-07-05 15:00:00,8610.286
2019-07-05 15:30:00,8633.53
2019-07-05 16:00:00,8793.685
2019-07-05 16:30:00,9058.522
2019-07-05 17:00:00,9526.247
2019-07-05 17:30:00,9998.741
2019-07-05 18:00:00,10325.755
2019-07-05 18:30:00,10312.2705
2019-07-05 19:00:00,10200.882
2019-07-05 19:30:00,10058.895
2019-07-05 20:00:00,9897.267
2019-07-05 20:30:00,9761.465
2019-07-05 21:00:00,9646.529
2019-07-05 21:30:00,9394.272
2019-07-05 22:00:00,9140.948
2019-07-05 22:30:00,9076.719
2019-07-05 23:00:00,8840.031
2019-07-05 23:30:00,8706.893
2019-07-06 00:00:00,8512.323
2019-07-06 00:30:00,8272.326
2019-07-06 01:00:00,8028.82
2019-07-06 01:30:00,7703.501
2019-07-06 02:00:00,7541.713
2019-07-06 02:30:00,7213.8125
2019-07-06 03:00:00,6922.439
2019-07-06 03:30:00,6734.4644
2019-07-06 04:00:00,6604.3926
2019-07-06 04:30:00,6621.304
2019-07-06 05:00:00,6423.324
2019-07-06 05:30:00,6820.7085
2019-07-06 06:00:00,6737.0913
2019-07-06 06:30:00,7153.9106
2019-07-06 07:00:00,7524.7837
2019-07-06 07:30:00,7761.1943
2019-07-06 08:00:00,8467.479
2019-07-06 08:30:00,8485.817
2019-07-06 09:00:00,8605.054
2019-07-06 09:30:00,8413.65
2019-07-06 10:00:00,8310.011
2019-07-06 10:30:00,8299.189
2019-07-06 11:00:00,8151.249
2019-07-06 11:30:00,8019.2954
2019-07-06 12:00:00,7915.3867
2019-07-06 12:30:00,7916.533
2019-07-06 13:00:00,7794.252
2019-07-06 13:30:00,7738.152
2019-07-06 14:00:00,7740.697
2019-07-06 14:30:00,7688.411
2019-07-06 15:00:00,7757.1577
2019-07-06 15:30:00,7827.6807
2019-07-06 16:00:00,8047.3354
2019-07-06 16:30:00,8250.576
2019-07-06 17:00:00,8691.41
2019-07-06 17:30:00,9184.916
2019-07-06 18:00:00,9709.315
2019-07-06 18:30:00,9650.901
2019-07-06 19:00:00,9567.147
2019-07-06 19:30:00,9421.512
2019-07-06 20:00:00,9206.726
2019-07-06 20:30:00,9121.248
2019-07-06 21:00:00,8903.592
2019-07-06 21:30:00,8843.176
2019-07-06 22:00:00,8586.155
2019-07-06 22:30:00,8496.945
2019-07-06 23:00:00,8196.983
2019-07-06 23:30:00,8078.1313
2019-07-07 00:00:00,8009.5156
2019-07-07 00:30:00,7749.471
2019-07-07 01:00:00,7614.0103
2019-07-07 01:30:00,7485.6807
2019-07-07 02:00:00,7148.2744
2019-07-07 02:30:00,6842.6577
2019-07-07 03:00:00,6596.659
2019-07-07 03:30:00,6454.669
2019-07-07 04:00:00,6431.519
2019-07-07 04:30:00,6397.016
2019-07-07 05:00:00,6398.8696
2019-07-07 05:30:00,6502.7466
2019-07-07 06:00:00,6505.816
2019-07-07 06:30:00,6783.784
2019-07-07 07:00:00,6976.3027
2019-07-07 07:30:00,7329.355
2019-07-07 08:00:00,7820.6606
2019-07-07 08:30:00,8090.404
2019-07-07 09:00:00,8313.998
2019-07-07 09:30:00,8313.998
2019-07-07 10:00:00,8206.239
2019-07-07 10:30:00,8102.604
2019-07-07 11:00:00,7901.691
2019-07-07 11:30:00,7751.9507
2019-07-07 12:00:00,7568.1377
2019-07-07 12:30:00,7509.6465
2019-07-07 13:00:00,7364.4087
2019-07-07 13:30:00,7213.2793
2019-07-07 14:00:00,7290.6235
2019-07-07 14:30:00,7200.7935
2019-07-07 15:00:00,7334.7974
2019-07-07 15:30:00,7423.387
2019-07-07 16:00:00,7706.715
2019-07-07 16:30:00,8086.564
2019-07-07 17:00:00,8575.267
2019-07-07 17:30:00,9045.4375
2019-07-07 18:00:00,9677.484
2019-07-07 18:30:00,9677.845
2019-07-07 19:00:00,9670.53
2019-07-07 19:30:00,9521.096
2019-07-07 20:00:00,9265.244
2019-07-07 20:30:00,9121.797
2019-07-07 21:00:00,8998.87
2019-07-07 21:30:00,8861.8545
2019-07-07 22:00:00,8549.973
2019-07-07 22:30:00,8451.281
2019-07-07 23:00:00,8149.088
2019-07-07 23:30:00,8090.69
2019-07-08 00:00:00,7714.5547
2019-07-08 00:30:00,7654.4277
2019-07-08 01:00:00,7458.7036
2019-07-08 01:30:00,7239.501
2019-07-08 02:00:00,6999.805
2019-07-08 02:30:00,6705.577
2019-07-08 03:00:00,6617.1475
2019-07-08 03:30:00,6522.016
2019-07-08 04:00:00,6555.09
2019-07-08 04:30:00,6538.2466
2019-07-08 05:00:00,6781.4116
2019-07-08 05:30:00,6991.271
2019-07-08 06:00:00,7784.9297
2019-07-08 06:30:00,7872.5464
2019-07-08 07:00:00,9018.269
2019-07-08 07:30:00,9312.45
2019-07-08 08:00:00,9871.953
2019-07-08 08:30:00,9907.534
2019-07-08 09:00:00,9602.821
2019-07-08 09:30:00,9688.763
2019-07-08 10:00:00,9456.941
2019-07-08 10:30:00,9377.234
2019-07-08 11:00:00,9003.7295
2019-07-08 11:30:00,8777.805
2019-07-08 12:00:00,8674.334
2019-07-08 12:30:00,8537.254
2019-07-08 13:00:00,8428.468
2019-07-08 13:30:00,8394.51
2019-07-08 14:00:00,8385.009
2019-07-08 14:30:00,8393.577
2019-07-08 15:00:00,8515.047
2019-07-08 15:30:00,8715.3955
2019-07-08 16:00:00,8919.422
2019-07-08 16:30:00,9340.26
2019-07-08 17:00:00,9688.771
2019-07-08 17:30:00,10119.925
2019-07-08 18:00:00,10664.113
2019-07-08 18:30:00,10707.014
2019-07-08 19:00:00,10471.894
2019-07-08 19:30:00,10410.817
2019-07-08 20:00:00,10032.1
2019-07-08 20:30:00,9886.424
2019-07-08 21:00:00,9716.059
2019-07-08 21:30:00,9392.794
2019-07-08 22:00:00,9193.484
2019-07-08 22:30:00,9087.166
2019-07-08 23:00:00,8854.394
2019-07-08 23:30:00,8480.987
2019-07-09 00:00:00,8283.427
2019-07-09 00:30:00,8129.9214
2019-07-09 01:00:00,7989.9624
2019-07-09 01:30:00,7847.709
2019-07-09 02:00:00,7596.358
2019-07-09 02:30:00,7374.957
2019-07-09 03:00:00,6981.0796
2019-07-09 03:30:00,6912.589
2019-07-09 04:00:00,6810.4604
2019-07-09 04:30:00,6811.0566
2019-07-09 05:00:00,6965.1655
2019-07-09 05:30:00,7199.35
2019-07-09 06:00:00,7790.8975
2019-07-09 06:30:00,8182.0693
2019-07-09 07:00:00,8705.416
2019-07-09 07:30:00,9083.494
2019-07-09 08:00:00,9474.678
2019-07-09 08:30:00,9590.136
2019-07-09 09:00:00,9651.193
2019-07-09 09:30:00,9579.078
2019-07-09 10:00:00,9358.276
2019-07-09 10:30:00,9223.108
2019-07-09 11:00:00,9078.573
2019-07-09 11:30:00,8850.944
2019-07-09 12:00:00,8728.8
2019-07-09 12:30:00,8645.143
2019-07-09 13:00:00,8609.361
2019-07-09 13:30:00,8588.614
2019-07-09 14:00:00,8669.886
2019-07-09 14:30:00,8600.588
2019-07-09 15:00:00,8639.624
2019-07-09 15:30:00,8608.385
2019-07-09 16:00:00,8858.395
2019-07-09 16:30:00,9104.585
2019-07-09 17:00:00,9386.694
2019-07-09 17:30:00,9868.93
2019-07-09 18:00:00,10360.979
2019-07-09 18:30:00,10434.386
2019-07-09 19:00:00,10290.47
2019-07-09 19:30:00,10178.769
2019-07-09 20:00:00,9897.207
2019-07-09 20:30:00,9818.384
2019-07-09 21:00:00,9526.551
2019-07-09 21:30:00,9311.141
2019-07-09 22:00:00,8980.123
2019-07-09 22:30:00,8894.004
2019-07-09 23:00:00,8622.006
2019-07-09 23:30:00,8538.019
2019-07-10 00:00:00,8481.859
2019-07-10 00:30:00,8235.111
2019-07-10 01:00:00,8073.3726
2019-07-10 01:30:00,7823.8813
2019-07-10 02:00:00,7594.7734
2019-07-10 02:30:00,7289.146
2019-07-10 03:00:00,7123.5635
2019-07-10 03:30:00,6960.5273
2019-07-10 04:00:00,6842.618
2019-07-10 04:30:00,6766.492
2019-07-10 05:00:00,6911.013
2019-07-10 05:30:00,7290.837
2019-07-10 06:00:00,7718.318
2019-07-10 06:30:00,8460.266
2019-07-10 07:00:00,9171.879
2019-07-10 07:30:00,9517.053
2019-07-10 08:00:00,9782.934
2019-07-10 08:30:00,9816.076
2019-07-10 09:00:00,9608.876
2019-07-10 09:30:00,9407.731
2019-07-10 10:00:00,9075.732
2019-07-10 10:30:00,8865.677
2019-07-10 11:00:00,8549.042
2019-07-10 11:30:00,8348.637
2019-07-10 12:00:00,8231.912
2019-07-10 12:30:00,8133.472
2019-07-10 13:00:00,8035.0576
2019-07-10 13:30:00,8035.0576
2019-07-10 14:00:00,8026.6484
2019-07-10 14:30:00,8071.9565
2019-07-10 15:00:00,8164.7554
2019-07-10 15:30:00,8360.338
2019-07-10 16:00:00,8565.466
2019-07-10 16:30:00,8871.065
2019-07-10 17:00:00,9438.094
2019-07-10 17:30:00,10131.908
2019-07-10 18:00:00,10738.059
2019-07-10 18:30:00,10773.843
2019-07-10 19:00:00,10697.194
2019-07-10 19:30:00,10595.132
2019-07-10 20:00:00,10324.613
2019-07-10 20:30:00,10271.253
2019-07-10 21:00:00,9988.49
2019-07-10 21:30:00,9742.491
2019-07-10 22:00:00,9427.109
2019-07-10 22:30:00,9313.97
2019-07-10 23:00:00,9062.922
2019-07-10 23:30:00,8842.846
2019-07-11 00:00:00,8675.247
2019-07-11 00:30:00,8488.832
2019-07-11 01:00:00,8289.309
2019-07-11 01:30:00,8054.6914
2019-07-11 02:00:00,7839.3657
2019-07-11 02:30:00,7404.1787
2019-07-11 03:00:00,7175.426
2019-07-11 03:30:00,6969.318
2019-07-11 04:00:00,6929.0034
2019-07-11 04:30:00,6953.9478
2019-07-11 05:00:00,7135.131
2019-07-11 05:30:00,7395.0996
2019-07-11 06:00:00,7855.436
2019-07-11 06:30:00,8542.192
2019-07-11 07:00:00,9283.195
2019-07-11 07:30:00,9662.803
2019-07-11 08:00:00,10074.877
2019-07-11 08:30:00,10154.595
2019-07-11 09:00:00,9947.26
2019-07-11 09:30:00,9689.449
2019-07-11 10:00:00,9366.468
2019-07-11 10:30:00,9140.584
2019-07-11 11:00:00,8844.36
2019-07-11 11:30:00,8597.824
2019-07-11 12:00:00,8437.22
2019-07-11 12:30:00,8327.555
2019-07-11 13:00:00,8309.237
2019-07-11 13:30:00,8311.537
2019-07-11 14:00:00,8313.165
2019-07-11 14:30:00,8320.014
2019-07-11 15:00:00,8428.378
2019-07-11 15:30:00,8523.845
2019-07-11 16:00:00,8720.1875
2019-07-11 16:30:00,9104.444
2019-07-11 17:00:00,9681.658
2019-07-11 17:30:00,10282.118
2019-07-11 18:00:00,10955.239
2019-07-11 18:30:00,11146.903
2019-07-11 19:00:00,11101.251
2019-07-11 19:30:00,10861.92
2019-07-11 20:00:00,10793.284
2019-07-11 20:30:00,10525.59
2019-07-11 21:00:00,10275.467
2019-07-11 21:30:00,10217.061
2019-07-11 22:00:00,9865.794
2019-07-11 22:30:00,9766.002
2019-07-11 23:00:00,9467.508
2019-07-11 23:30:00,9201.934
2019-07-12 00:00:00,8882.934
2019-07-12 00:30:00,8643.378
2019-07-12 01:00:00,8396.477
2019-07-12 01:30:00,8107.333
2019-07-12 02:00:00,7868.8066
2019-07-12 02:30:00,7630.403
2019-07-12 03:00:00,7348.2734
2019-07-12 03:30:00,7178.865
2019-07-12 04:00:00,7045.451
2019-07-12 04:30:00,7102.2383
2019-07-12 05:00:00,7195.5513
2019-07-12 05:30:00,7543.2124
2019-07-12 06:00:00,7842.6978
2019-07-12 06:30:00,8493.317
2019-07-12 07:00:00,9228.39
2019-07-12 07:30:00,9505.328
2019-07-12 08:00:00,9795.685
2019-07-12 08:30:00,9795.685
2019-07-12 09:00:00,9553.473
2019-07-12 09:30:00,9375.069
2019-07-12 10:00:00,9108.358
2019-07-12 10:30:00,8854.43
2019-07-12 11:00:00,8601.864
2019-07-12 11:30:00,8394.492
2019-07-12 12:00:00,8334.068
2019-07-12 12:30:00,8243.185
2019-07-12 13:00:00,8188.374
2019-07-12 13:30:00,8188.4756
2019-07-12 14:00:00,8219.814
2019-07-12 14:30:00,8227.373
2019-07-12 15:00:00,8263.181
2019-07-12 15:30:00,8397.769
2019-07-12 16:00:00,8600.64
2019-07-12 16:30:00,8924.265
2019-07-12 17:00:00,9319.717
2019-07-12 17:30:00,9845.431
2019-07-12 18:00:00,10363.401
2019-07-12 18:30:00,10419.273
2019-07-12 19:00:00,10395.49
2019-07-12 19:30:00,10207.111
2019-07-12 20:00:00,10147.411
2019-07-12 20:30:00,9964.045
2019-07-12 21:00:00,9933.051
2019-07-12 21:30:00,9678.115
2019-07-12 22:00:00,9503.116
2019-07-12 22:30:00,9355.454
2019-07-12 23:00:00,9117.816
2019-07-12 23:30:00,8884.564
2019-07-13 00:00:00,8770.004
2019-07-13 00:30:00,8554.502
2019-07-13 01:00:00,8184.386
2019-07-13 01:30:00,7835.679
2019-07-13 02:00:00,7673.6543
2019-07-13 02:30:00,7337.994
2019-07-13 03:00:00,7080.0503
2019-07-13 03:30:00,6926.921
2019-07-13 04:00:00,6785.0454
2019-07-13 04:30:00,6769.0103
2019-07-13 05:00:00,6686.879
2019-07-13 05:30:00,6991.034
2019-07-13 06:00:00,6916.49
2019-07-13 06:30:00,7396.645
2019-07-13 07:00:00,7656.401
2019-07-13 07:30:00,7882.2515
2019-07-13 08:00:00,8498.328
2019-07-13 08:30:00,8592.997
2019-07-13 09:00:00,8830.057
2019-07-13 09:30:00,8599.446
2019-07-13 10:00:00,8370.275
2019-07-13 10:30:00,8202.652
2019-07-13 11:00:00,7982.0547
2019-07-13 11:30:00,7915.478
2019-07-13 12:00:00,7726.476
2019-07-13 12:30:00,7611.621
2019-07-13 13:00:00,7526.763
2019-07-13 13:30:00,7541.739
2019-07-13 14:00:00,7510.72
2019-07-13 14:30:00,7557.1255
2019-07-13 15:00:00,7628.72
2019-07-13 15:30:00,7759.587
2019-07-13 16:00:00,7905.893
2019-07-13 16:30:00,8149.021
2019-07-13 17:00:00,8592.443
2019-07-13 17:30:00,9012.423
2019-07-13 18:00:00,9571.743
2019-07-13 18:30:00,9571.743
2019-07-13 19:00:00,9442.306
2019-07-13 19:30:00,9277.985
2019-07-13 20:00:00,9083.6
2019-07-13 20:30:00,9003.57
2019-07-13 21:00:00,8844.304
2019-07-13 21:30:00,8663.975
2019-07-13 22:00:00,8495.384
2019-07-13 22:30:00,8495.384
2019-07-13 23:00:00,8146.2783
2019-07-13 23:30:00,8029.3125
2019-07-14 00:00:00,7982.038
2019-07-14 00:30:00,7831.374
2019-07-14 01:00:00,7615.815
2019-07-14 01:30:00,7314.788
2019-07-14 02:00:00,7183.31
2019-07-14 02:30:00,6888.258
2019-07-14 03:00:00,6687.8003
2019-07-14 03:30:00,6478.9644
2019-07-14 04:00:00,6396.884
2019-07-14 04:30:00,6334.7856
2019-07-14 05:00:00,6394.576
2019-07-14 05:30:00,6495.4463
2019-07-14 06:00:00,6609.5054
2019-07-14 06:30:00,6934.4766
2019-07-14 07:00:00,7207.946
2019-07-14 07:30:00,7510.6025
2019-07-14 08:00:00,7904.9287
2019-07-14 08:30:00,8173.7275
2019-07-14 09:00:00,8295.974
2019-07-14 09:30:00,8259.414
2019-07-14 10:00:00,8216.771
2019-07-14 10:30:00,8118.394
2019-07-14 11:00:00,7872.0806
2019-07-14 11:30:00,7694.224
2019-07-14 12:00:00,7557.1997
2019-07-14 12:30:00,7566.256
2019-07-14 13:00:00,7467.4663
2019-07-14 13:30:00,7429.519
2019-07-14 14:00:00,7379.8594
2019-07-14 14:30:00,7388.2
2019-07-14 15:00:00,7573.914
2019-07-14 15:30:00,7688.6646
2019-07-14 16:00:00,8065.083
2019-07-14 16:30:00,8387.643
2019-07-14 17:00:00,9087.05
2019-07-14 17:30:00,9707.805
2019-07-14 18:00:00,10360.322
2019-07-14 18:30:00,10360.322
2019-07-14 19:00:00,10445.11
2019-07-14 19:30:00,10333.409
2019-07-14 20:00:00,10045.479
2019-07-14 20:30:00,10011.638
2019-07-14 21:00:00,9781.926
2019-07-14 21:30:00,9591.2705
2019-07-14 22:00:00,9289.592
2019-07-14 22:30:00,9227.663
2019-07-14 23:00:00,8876.883
2019-07-14 23:30:00,8609.987
2019-07-15 00:00:00,8542.653
2019-07-15 00:30:00,8310.012
2019-07-15 01:00:00,7983.46
2019-07-15 01:30:00,7880.4575
2019-07-15 02:00:00,7626.793
2019-07-15 02:30:00,7334.5317
2019-07-15 03:00:00,7082.0244
2019-07-15 03:30:00,7025.358
2019-07-15 04:00:00,6940.7896
2019-07-15 04:30:00,6745.6733
2019-07-15 05:00:00,7148.942
2019-07-15 05:30:00,7365.1035
2019-07-15 06:00:00,7964.5166
2019-07-15 06:30:00,8521.86
2019-07-15 07:00:00,9652.917
2019-07-15 07:30:00,9792.534
2019-07-15 08:00:00,10201.833
2019-07-15 08:30:00,10355.448
2019-07-15 09:00:00,10050.948
2019-07-15 09:30:00,10114.0
2019-07-15 10:00:00,9753.912
2019-07-15 10:30:00,9596.548
2019-07-15 11:00:00,9289.772
2019-07-15 11:30:00,8984.943
2019-07-15 12:00:00,8901.016
2019-07-15 12:30:00,8851.503
2019-07-15 13:00:00,8756.74
2019-07-15 13:30:00,8767.64
2019-07-15 14:00:00,8802.263
2019-07-15 14:30:00,8788.634
2019-07-15 15:00:00,8922.991
2019-07-15 15:30:00,9085.019
2019-07-15 16:00:00,9562.045
2019-07-15 16:30:00,9838.585
2019-07-15 17:00:00,10471.971
2019-07-15 17:30:00,10986.127
2019-07-15 18:00:00,11588.831
2019-07-15 18:30:00,11715.326
2019-07-15 19:00:00,11474.785
2019-07-15 19:30:00,11434.405
2019-07-15 20:00:00,11222.361
2019-07-15 20:30:00,11116.163
2019-07-15 21:00:00,10738.408
2019-07-15 21:30:00,10454.1875
2019-07-15 22:00:00,10227.959
2019-07-15 22:30:00,9870.325
2019-07-15 23:00:00,9455.063
2019-07-15 23:30:00,9321.024
2019-07-16 00:00:00,8799.402
2019-07-16 00:30:00,8674.458
2019-07-16 01:00:00,8326.365
2019-07-16 01:30:00,8211.282
2019-07-16 02:00:00,7958.474
2019-07-16 02:30:00,7757.804
2019-07-16 03:00:00,7448.25
2019-07-16 03:30:00,7312.408
2019-07-16 04:00:00,7050.2734
2019-07-16 04:30:00,7138.0503
2019-07-16 05:00:00,7243.474
2019-07-16 05:30:00,7579.396
2019-07-16 06:00:00,7986.8604
2019-07-16 06:30:00,8547.758
2019-07-16 07:00:00,9276.788
2019-07-16 07:30:00,9691.953
2019-07-16 08:00:00,10089.937
2019-07-16 08:30:00,10105.336
2019-07-16 09:00:00,9949.083
2019-07-16 09:30:00,9706.2705
2019-07-16 10:00:00,9417.945
2019-07-16 10:30:00,9269.218
2019-07-16 11:00:00,9073.226
2019-07-16 11:30:00,8824.477
2019-07-16 12:00:00,8622.826
2019-07-16 12:30:00,8500.15
2019-07-16 13:00:00,8408.364
2019-07-16 13:30:00,8384.503
2019-07-16 14:00:00,8382.963
2019-07-16 14:30:00,8354.75
2019-07-16 15:00:00,8401.688
2019-07-16 15:30:00,8530.167
2019-07-16 16:00:00,8773.69
2019-07-16 16:30:00,9107.519
2019-07-16 17:00:00,9623.913
2019-07-16 17:30:00,10283.192
2019-07-16 18:00:00,11127.891
2019-07-16 18:30:00,11268.272
2019-07-16 19:00:00,11246.273
2019-07-16 19:30:00,11047.655
2019-07-16 20:00:00,10781.742
2019-07-16 20:30:00,10666.643
2019-07-16 21:00:00,10400.948
2019-07-16 21:30:00,10222.628
2019-07-16 22:00:00,9928.184
2019-07-16 22:30:00,9706.803
2019-07-16 23:00:00,9338.123
2019-07-16 23:30:00,9145.292
2019-07-17 00:00:00,8853.092
2019-07-17 00:30:00,8643.922
2019-07-17 01:00:00,8423.765
2019-07-17 01:30:00,8185.581
2019-07-17 02:00:00,7921.514
2019-07-17 02:30:00,7590.087
2019-07-17 03:00:00,7417.351
2019-07-17 03:30:00,7195.4883
2019-07-17 04:00:00,7089.546
2019-07-17 04:30:00,7131.675
2019-07-17 05:00:00,7242.094
2019-07-17 05:30:00,7654.7065
2019-07-17 06:00:00,8049.697
2019-07-17 06:30:00,8817.526
2019-07-17 07:00:00,9459.92
2019-07-17 07:30:00,9816.919
2019-07-17 08:00:00,10183.2705
2019-07-17 08:30:00,10219.535
2019-07-17 09:00:00,10005.188
2019-07-17 09:30:00,9793.829
2019-07-17 10:00:00,9452.097
2019-07-17 10:30:00,9218.119
2019-07-17 11:00:00,8858.647
2019-07-17 11:30:00,8530.765
2019-07-17 12:00:00,8407.911
2019-07-17 12:30:00,8268.483
2019-07-17 13:00:00,8211.849
2019-07-17 13:30:00,8148.553
2019-07-17 14:00:00,8043.4326
2019-07-17 14:30:00,8202.586
2019-07-17 15:00:00,8283.658
2019-07-17 15:30:00,8438.698
2019-07-17 16:00:00,8682.634
2019-07-17 16:30:00,8964.87
2019-07-17 17:00:00,9386.381
2019-07-17 17:30:00,10018.645
2019-07-17 18:00:00,10650.151
2019-07-17 18:30:00,10763.14
2019-07-17 19:00:00,10738.395
2019-07-17 19:30:00,10624.764
2019-07-17 20:00:00,10361.731
2019-07-17 20:30:00,10292.65
2019-07-17 21:00:00,10072.327
2019-07-17 21:30:00,9857.611
2019-07-17 22:00:00,9547.342
2019-07-17 22:30:00,9387.09
2019-07-17 23:00:00,9103.086
2019-07-17 23:30:00,8890.682
2019-07-18 00:00:00,8704.638
2019-07-18 00:30:00,8457.625
2019-07-18 01:00:00,8259.138
2019-07-18 01:30:00,8100.8506
2019-07-18 02:00:00,7804.189
2019-07-18 02:30:00,7477.559
2019-07-18 03:00:00,7172.969
2019-07-18 03:30:00,6932.2383
2019-07-18 04:00:00,6916.9375
2019-07-18 04:30:00,6967.916
2019-07-18 05:00:00,7075.6978
2019-07-18 05:30:00,7410.827
2019-07-18 06:00:00,7866.543
2019-07-18 06:30:00,8602.721
2019-07-18 07:00:00,9236.724
2019-07-18 07:30:00,9664.808
2019-07-18 08:00:00,10049.744
2019-07-18 08:30:00,9901.792
2019-07-18 09:00:00,9741.471
2019-07-18 09:30:00,9486.219
2019-07-18 10:00:00,9203.565
2019-07-18 10:30:00,8917.028
2019-07-18 11:00:00,8633.221
2019-07-18 11:30:00,8396.724
2019-07-18 12:00:00,8194.453
2019-07-18 12:30:00,8000.316
2019-07-18 13:00:00,7963.503
2019-07-18 13:30:00,7963.503
2019-07-18 14:00:00,7976.3516
2019-07-18 14:30:00,8020.633
2019-07-18 15:00:00,8079.929
2019-07-18 15:30:00,8260.703
2019-07-18 16:00:00,8491.667
2019-07-18 16:30:00,8792.7
2019-07-18 17:00:00,9302.472
2019-07-18 17:30:00,9801.957
2019-07-18 18:00:00,10506.838
2019-07-18 18:30:00,10537.804
2019-07-18 19:00:00,10596.302
2019-07-18 19:30:00,10521.9
2019-07-18 20:00:00,10352.992
2019-07-18 20:30:00,10203.24
2019-07-18 21:00:00,10011.951
2019-07-18 21:30:00,9778.056
2019-07-18 22:00:00,9402.546
2019-07-18 22:30:00,9301.302
2019-07-18 23:00:00,8991.266
2019-07-18 23:30:00,8854.066
2019-07-19 00:00:00,8667.189
2019-07-19 00:30:00,8473.941
2019-07-19 01:00:00,8264.343
2019-07-19 01:30:00,8063.776
2019-07-19 02:00:00,7737.577
2019-07-19 02:30:00,7489.972
2019-07-19 03:00:00,7199.4673
2019-07-19 03:30:00,7057.6455
2019-07-19 04:00:00,6959.809
2019-07-19 04:30:00,7041.7886
2019-07-19 05:00:00,7192.159
2019-07-19 05:30:00,7559.651
2019-07-19 06:00:00,7920.84
2019-07-19 06:30:00,8576.302
2019-07-19 07:00:00,9200.283
2019-07-19 07:30:00,9495.496
2019-07-19 08:00:00,9857.648
2019-07-19 08:30:00,9809.099
2019-07-19 09:00:00,9551.889
2019-07-19 09:30:00,9379.888
2019-07-19 10:00:00,9092.97
2019-07-19 10:30:00,8772.888
2019-07-19 11:00:00,8495.747
2019-07-19 11:30:00,8199.766
2019-07-19 12:00:00,8101.8354
2019-07-19 12:30:00,7967.5737
2019-07-19 13:00:00,7944.5933
2019-07-19 13:30:00,7906.126
2019-07-19 14:00:00,7925.812
2019-07-19 14:30:00,7925.812
2019-07-19 15:00:00,8000.9673
2019-07-19 15:30:00,8144.9595
2019-07-19 16:00:00,8310.735
2019-07-19 16:30:00,8645.102
2019-07-19 17:00:00,9145.066
2019-07-19 17:30:00,9645.301
2019-07-19 18:00:00,10190.464
2019-07-19 18:30:00,10310.434
2019-07-19 19:00:00,10189.461
2019-07-19 19:30:00,10151.476
2019-07-19 20:00:00,10052.589
2019-07-19 20:30:00,10061.3
2019-07-19 21:00:00,10050.4
2019-07-19 21:30:00,9741.883
2019-07-19 22:00:00,9458.985
2019-07-19 22:30:00,9352.649
2019-07-19 23:00:00,9045.251
2019-07-19 23:30:00,8869.002
2019-07-20 00:00:00,8736.155
2019-07-20 00:30:00,8518.34
2019-07-20 01:00:00,8166.3286
2019-07-20 01:30:00,7873.441
2019-07-20 02:00:00,7701.5757
2019-07-20 02:30:00,7440.8354
2019-07-20 03:00:00,7181.114
2019-07-20 03:30:00,7095.939
2019-07-20 04:00:00,6852.606
2019-07-20 04:30:00,6922.952
2019-07-20 05:00:00,6895.893
2019-07-20 05:30:00,7103.1646
2019-07-20 06:00:00,6940.5166
2019-07-20 06:30:00,7503.924
2019-07-20 07:00:00,7725.579
2019-07-20 07:30:00,8159.9326
2019-07-20 08:00:00,8900.781
2019-07-20 08:30:00,8954.798
2019-07-20 09:00:00,9234.023
2019-07-20 09:30:00,8940.368
2019-07-20 10:00:00,8618.185
2019-07-20 10:30:00,8303.764
2019-07-20 11:00:00,7945.241
2019-07-20 11:30:00,7751.285
2019-07-20 12:00:00,7547.366
2019-07-20 12:30:00,7456.2686
2019-07-20 13:00:00,7390.7354
2019-07-20 13:30:00,7373.6465
2019-07-20 14:00:00,7234.813
2019-07-20 14:30:00,7336.995
2019-07-20 15:00:00,7381.666
2019-07-20 15:30:00,7448.178
2019-07-20 16:00:00,7656.777
2019-07-20 16:30:00,7974.0977
2019-07-20 17:00:00,8499.331
2019-07-20 17:30:00,9059.829
2019-07-20 18:00:00,9809.215
2019-07-20 18:30:00,9790.121
2019-07-20 19:00:00,9786.704
2019-07-20 19:30:00,9558.595
2019-07-20 20:00:00,9384.232
2019-07-20 20:30:00,9292.452
2019-07-20 21:00:00,9194.466
2019-07-20 21:30:00,9128.697
2019-07-20 22:00:00,8916.424
2019-07-20 22:30:00,8825.932
2019-07-20 23:00:00,8463.576
2019-07-20 23:30:00,8356.721
2019-07-21 00:00:00,8245.489
2019-07-21 00:30:00,8012.6733
2019-07-21 01:00:00,7817.6084
2019-07-21 01:30:00,7605.36
2019-07-21 02:00:00,7313.4487
2019-07-21 02:30:00,7006.251
2019-07-21 03:00:00,6856.523
2019-07-21 03:30:00,6700.8877
2019-07-21 04:00:00,6639.0127
2019-07-21 04:30:00,6591.3345
2019-07-21 05:00:00,6581.4077
2019-07-21 05:30:00,6644.2944
2019-07-21 06:00:00,6764.216
2019-07-21 06:30:00,7270.4272
2019-07-21 07:00:00,7578.4116
2019-07-21 07:30:00,7863.103
2019-07-21 08:00:00,8270.313
2019-07-21 08:30:00,8684.056
2019-07-21 09:00:00,8769.428
2019-07-21 09:30:00,8710.018
2019-07-21 10:00:00,8464.126
2019-07-21 10:30:00,8204.327
2019-07-21 11:00:00,7879.4307
2019-07-21 11:30:00,7548.2646
2019-07-21 12:00:00,7431.0464
2019-07-21 12:30:00,7187.7515
2019-07-21 13:00:00,6981.211
2019-07-21 13:30:00,7006.45
2019-07-21 14:00:00,6944.248
2019-07-21 14:30:00,6944.248
2019-07-21 15:00:00,7065.0693
2019-07-21 15:30:00,7193.8423
2019-07-21 16:00:00,7454.654
2019-07-21 16:30:00,7809.118
2019-07-21 17:00:00,8366.318
2019-07-21 17:30:00,8972.8
2019-07-21 18:00:00,9752.81
2019-07-21 18:30:00,9860.736
2019-07-21 19:00:00,9948.131
2019-07-21 19:30:00,9881.547
2019-07-21 20:00:00,9716.255
2019-07-21 20:30:00,9622.384
2019-07-21 21:00:00,9322.259
2019-07-21 21:30:00,9142.84
2019-07-21 22:00:00,8864.069
2019-07-21 22:30:00,8768.095
2019-07-21 23:00:00,8357.917
2019-07-21 23:30:00,8161.3257
2019-07-22 00:00:00,8130.4785
2019-07-22 00:30:00,7770.722
2019-07-22 01:00:00,7684.515
2019-07-22 01:30:00,7464.9307
2019-07-22 02:00:00,7175.6143
2019-07-22 02:30:00,6944.0127
2019-07-22 03:00:00,6727.74
2019-07-22 03:30:00,6706.029
2019-07-22 04:00:00,6655.7803
2019-07-22 04:30:00,6655.7803
2019-07-22 05:00:00,6971.419
2019-07-22 05:30:00,7002.3843
2019-07-22 06:00:00,7788.257
2019-07-22 06:30:00,8273.7295
2019-07-22 07:00:00,9358.641
2019-07-22 07:30:00,9601.302
2019-07-22 08:00:00,10139.276
2019-07-22 08:30:00,10144.326
2019-07-22 09:00:00,9864.194
2019-07-22 09:30:00,9632.144
2019-07-22 10:00:00,9235.405
2019-07-22 10:30:00,8881.023
2019-07-22 11:00:00,8530.542
2019-07-22 11:30:00,8295.667
2019-07-22 12:00:00,7897.5464
2019-07-22 12:30:00,7744.643
2019-07-22 13:00:00,7688.0586
2019-07-22 13:30:00,7549.2583
2019-07-22 14:00:00,7641.8203
2019-07-22 14:30:00,7639.411
2019-07-22 15:00:00,7775.2847
2019-07-22 15:30:00,8143.0015
2019-07-22 16:00:00,8598.492
2019-07-22 16:30:00,8792.654
2019-07-22 17:00:00,9223.41
2019-07-22 17:30:00,9698.02
2019-07-22 18:00:00,10389.003
2019-07-22 18:30:00,10593.237
2019-07-22 19:00:00,10471.855
2019-07-22 19:30:00,10295.485
2019-07-22 20:00:00,10033.428
2019-07-22 20:30:00,9886.931
2019-07-22 21:00:00,9740.02
2019-07-22 21:30:00,9319.89
2019-07-22 22:00:00,9148.18
2019-07-22 22:30:00,8954.371
2019-07-22 23:00:00,8598.611
2019-07-22 23:30:00,8443.15
2019-07-23 00:00:00,8181.8447
2019-07-23 00:30:00,8044.549
2019-07-23 01:00:00,7906.2876
2019-07-23 01:30:00,7709.119
2019-07-23 02:00:00,7474.2915
2019-07-23 02:30:00,7254.841
2019-07-23 03:00:00,6861.369
2019-07-23 03:30:00,6792.282
2019-07-23 04:00:00,6648.1133
2019-07-23 04:30:00,6722.3433
2019-07-23 05:00:00,6894.8096
2019-07-23 05:30:00,7261.0156
2019-07-23 06:00:00,7748.372
2019-07-23 06:30:00,8316.594
2019-07-23 07:00:00,9080.875
2019-07-23 07:30:00,9434.656
2019-07-23 08:00:00,9613.466
2019-07-23 08:30:00,9628.029
2019-07-23 09:00:00,9586.481
2019-07-23 09:30:00,9408.257
2019-07-23 10:00:00,9179.394
2019-07-23 10:30:00,8985.776
2019-07-23 11:00:00,8659.277
2019-07-23 11:30:00,8361.827
2019-07-23 12:00:00,8256.447
2019-07-23 12:30:00,8068.6343
2019-07-23 13:00:00,7961.7974
2019-07-23 13:30:00,7962.7036
2019-07-23 14:00:00,7987.06
2019-07-23 14:30:00,7973.0957
2019-07-23 15:00:00,8003.9897
2019-07-23 15:30:00,8033.6826
2019-07-23 16:00:00,8213.144
2019-07-23 16:30:00,8390.626
2019-07-23 17:00:00,8810.85
2019-07-23 17:30:00,9275.42
2019-07-23 18:00:00,9996.698
2019-07-23 18:30:00,10108.399
2019-07-23 19:00:00,10038.864
2019-07-23 19:30:00,9885.171
2019-07-23 20:00:00,9728.328
2019-07-23 20:30:00,9578.34
2019-07-23 21:00:00,9364.189
2019-07-23 21:30:00,9146.387
2019-07-23 22:00:00,8851.788
2019-07-23 22:30:00,8829.553
2019-07-23 23:00:00,8451.045
2019-07-23 23:30:00,8354.107
2019-07-24 00:00:00,8215.648
2019-07-24 00:30:00,8116.3555
2019-07-24 01:00:00,7923.361
2019-07-24 01:30:00,7746.932
2019-07-24 02:00:00,7453.721
2019-07-24 02:30:00,7128.6577
2019-07-24 03:00:00,6874.3633
2019-07-24 03:30:00,6720.0376
2019-07-24 04:00:00,6565.4697
2019-07-24 04:30:00,6590.5635
2019-07-24 05:00:00,6751.5854
2019-07-24 05:30:00,7065.7446
2019-07-24 06:00:00,7574.0503
2019-07-24 06:30:00,8264.695
2019-07-24 07:00:00,9114.911
2019-07-24 07:30:00,9552.224
2019-07-24 08:00:00,9681.366
2019-07-24 08:30:00,9499.585
2019-07-24 09:00:00,9136.496
2019-07-24 09:30:00,8791.862
2019-07-24 10:00:00,8454.554
2019-07-24 10:30:00,8187.879
2019-07-24 11:00:00,7929.547
2019-07-24 11:30:00,7740.525
2019-07-24 12:00:00,7682.149
2019-07-24 12:30:00,7554.681
2019-07-24 13:00:00,7457.964
2019-07-24 13:30:00,7510.3804
2019-07-24 14:00:00,7543.418
2019-07-24 14:30:00,7602.785
2019-07-24 15:00:00,7718.006
2019-07-24 15:30:00,7779.7266
2019-07-24 16:00:00,8027.2886
2019-07-24 16:30:00,8237.729
2019-07-24 17:00:00,8668.496
2019-07-24 17:30:00,9124.918
2019-07-24 18:00:00,9817.778
2019-07-24 18:30:00,9934.008
2019-07-24 19:00:00,9914.802
2019-07-24 19:30:00,9754.771
2019-07-24 20:00:00,9549.16
2019-07-24 20:30:00,9458.358
2019-07-24 21:00:00,9297.119
2019-07-24 21:30:00,9044.327
2019-07-24 22:00:00,8779.528
2019-07-24 22:30:00,8642.664
2019-07-24 23:00:00,8405.3125
2019-07-24 23:30:00,8275.948
2019-07-25 00:00:00,8220.033
2019-07-25 00:30:00,8069.7935
2019-07-25 01:00:00,7870.2246
2019-07-25 01:30:00,7665.8433
2019-07-25 02:00:00,7349.7417
2019-07-25 02:30:00,7093.7705
2019-07-25 03:00:00,6830.299
2019-07-25 03:30:00,6710.472
2019-07-25 04:00:00,6604.9517
2019-07-25 04:30:00,6632.0557
2019-07-25 05:00:00,6752.0244
2019-07-25 05:30:00,7054.7456
2019-07-25 06:00:00,7464.043
2019-07-25 06:30:00,8254.877
2019-07-25 07:00:00,9167.231
2019-07-25 07:30:00,9448.674
2019-07-25 08:00:00,9666.48
2019-07-25 08:30:00,9468.722
2019-07-25 09:00:00,9103.113
2019-07-25 09:30:00,8791.617
2019-07-25 10:00:00,8555.692
2019-07-25 10:30:00,8336.594
2019-07-25 11:00:00,8148.056
2019-07-25 11:30:00,8017.6074
2019-07-25 12:00:00,7862.558
2019-07-25 12:30:00,7837.9194
2019-07-25 13:00:00,7775.7495
2019-07-25 13:30:00,7700.8384
2019-07-25 14:00:00,7812.2754
2019-07-25 14:30:00,7775.768
2019-07-25 15:00:00,7895.7236
2019-07-25 15:30:00,8016.6157
2019-07-25 16:00:00,8245.193
2019-07-25 16:30:00,8491.194
2019-07-25 17:00:00,8993.524
2019-07-25 17:30:00,9477.128
2019-07-25 18:00:00,10185.896
2019-07-25 18:30:00,10326.263
2019-07-25 19:00:00,10322.937
2019-07-25 19:30:00,10195.382
2019-07-25 20:00:00,10004.784
2019-07-25 20:30:00,9887.855
2019-07-25 21:00:00,9711.041
2019-07-25 21:30:00,9545.595
2019-07-25 22:00:00,9258.29
2019-07-25 22:30:00,9197.466
2019-07-25 23:00:00,8923.137
2019-07-25 23:30:00,8822.539
2019-07-26 00:00:00,8561.396
2019-07-26 00:30:00,8434.217
2019-07-26 01:00:00,8218.656
2019-07-26 01:30:00,8101.0884
2019-07-26 02:00:00,7820.2583
2019-07-26 02:30:00,7524.573
2019-07-26 03:00:00,7398.6465
2019-07-26 03:30:00,7233.4927
2019-07-26 04:00:00,7032.298
2019-07-26 04:30:00,7105.9116
2019-07-26 05:00:00,7213.885
2019-07-26 05:30:00,7588.467
2019-07-26 06:00:00,8002.737
2019-07-26 06:30:00,8861.429
2019-07-26 07:00:00,9593.518
2019-07-26 07:30:00,10070.743
2019-07-26 08:00:00,10266.829
2019-07-26 08:30:00,10051.71
2019-07-26 09:00:00,9706.102
2019-07-26 09:30:00,9461.488
2019-07-26 10:00:00,9200.755
2019-07-26 10:30:00,9031.085
2019-07-26 11:00:00,8640.738
2019-07-26 11:30:00,8399.661
2019-07-26 12:00:00,8243.866
2019-07-26 12:30:00,8078.845
2019-07-26 13:00:00,7938.0625
2019-07-26 13:30:00,7906.886
2019-07-26 14:00:00,7922.637
2019-07-26 14:30:00,7965.1626
2019-07-26 15:00:00,8013.53
2019-07-26 15:30:00,8134.5537
2019-07-26 16:00:00,8239.232
2019-07-26 16:30:00,8582.563
2019-07-26 17:00:00,9039.989
2019-07-26 17:30:00,9561.251
2019-07-26 18:00:00,10083.561
2019-07-26 18:30:00,10309.474
2019-07-26 19:00:00,10263.421
2019-07-26 19:30:00,10125.115
2019-07-26 20:00:00,10047.226
2019-07-26 20:30:00,9918.199
2019-07-26 21:00:00,9920.568
2019-07-26 21:30:00,9663.295
2019-07-26 22:00:00,9402.14
2019-07-26 22:30:00,9263.036
2019-07-26 23:00:00,8932.806
2019-07-26 23:30:00,8722.324
2019-07-27 00:00:00,8745.474
2019-07-27 00:30:00,8436.591
2019-07-27 01:00:00,8132.3545
2019-07-27 01:30:00,7864.5396
2019-07-27 02:00:00,7758.3594
2019-07-27 02:30:00,7414.7266
2019-07-27 03:00:00,7124.309
2019-07-27 03:30:00,6938.8057
2019-07-27 04:00:00,6753.041
2019-07-27 04:30:00,6831.8936
2019-07-27 05:00:00,6774.8716
2019-07-27 05:30:00,7045.5625
2019-07-27 06:00:00,6870.0977
2019-07-27 06:30:00,7455.217
2019-07-27 07:00:00,7813.0503
2019-07-27 07:30:00,8468.723
2019-07-27 08:00:00,9077.945
2019-07-27 08:30:00,8986.588
2019-07-27 09:00:00,9153.37
2019-07-27 09:30:00,8959.1045
2019-07-27 10:00:00,8730.209
2019-07-27 10:30:00,8555.916
2019-07-27 11:00:00,8266.335
2019-07-27 11:30:00,8147.3774
2019-07-27 12:00:00,7949.7046
2019-07-27 12:30:00,7839.2793
2019-07-27 13:00:00,7839.6704
2019-07-27 13:30:00,7760.1353
2019-07-27 14:00:00,7707.7095
2019-07-27 14:30:00,7620.2495
2019-07-27 15:00:00,7683.8486
2019-07-27 15:30:00,7794.7505
2019-07-27 16:00:00,8032.482
2019-07-27 16:30:00,8339.8545
2019-07-27 17:00:00,8771.999
2019-07-27 17:30:00,9295.279
2019-07-27 18:00:00,9881.382
2019-07-27 18:30:00,9919.488
2019-07-27 19:00:00,9777.875
2019-07-27 19:30:00,9601.882
2019-07-27 20:00:00,9428.483
2019-07-27 20:30:00,9266.684
2019-07-27 21:00:00,9244.282
2019-07-27 21:30:00,8918.77
2019-07-27 22:00:00,8671.109
2019-07-27 22:30:00,8666.845
2019-07-27 23:00:00,8287.281
2019-07-27 23:30:00,8162.6743
2019-07-28 00:00:00,8200.256
2019-07-28 00:30:00,8028.36
2019-07-28 01:00:00,7829.327
2019-07-28 01:30:00,7617.761
2019-07-28 02:00:00,7352.851
2019-07-28 02:30:00,7036.228
2019-07-28 03:00:00,6850.2705
2019-07-28 03:30:00,6664.475
2019-07-28 04:00:00,6709.4785
2019-07-28 04:30:00,6699.8735
2019-07-28 05:00:00,6676.429
2019-07-28 05:30:00,6794.608
2019-07-28 06:00:00,6868.1733
2019-07-28 06:30:00,7147.222
2019-07-28 07:00:00,7454.795
2019-07-28 07:30:00,7849.441
2019-07-28 08:00:00,8130.4116
2019-07-28 08:30:00,8221.458
2019-07-28 09:00:00,8327.932
2019-07-28 09:30:00,8260.326
2019-07-28 10:00:00,8043.9106
2019-07-28 10:30:00,7806.627
2019-07-28 11:00:00,7540.1636
2019-07-28 11:30:00,7304.266
2019-07-28 12:00:00,7276.4775
2019-07-28 12:30:00,7221.9985
2019-07-28 13:00:00,7163.1157
2019-07-28 13:30:00,7193.046
2019-07-28 14:00:00,7215.869
2019-07-28 14:30:00,7215.869
2019-07-28 15:00:00,7344.6606
2019-07-28 15:30:00,7431.905
2019-07-28 16:00:00,7674.255
2019-07-28 16:30:00,7894.4043
2019-07-28 17:00:00,8392.8
2019-07-28 17:30:00,8858.735
2019-07-28 18:00:00,9588.62
2019-07-28 18:30:00,9745.454
2019-07-28 19:00:00,9830.725
2019-07-28 19:30:00,9719.276
2019-07-28 20:00:00,9418.413
2019-07-28 20:30:00,9307.863
2019-07-28 21:00:00,9151.553
2019-07-28 21:30:00,8962.381
2019-07-28 22:00:00,8642.8545
2019-07-28 22:30:00,8590.67
2019-07-28 23:00:00,8280.589
2019-07-28 23:30:00,8193.673
2019-07-29 00:00:00,8189.321
2019-07-29 00:30:00,7853.276
2019-07-29 01:00:00,7780.5547
2019-07-29 01:30:00,7620.296
2019-07-29 02:00:00,7235.3823
2019-07-29 02:30:00,7054.468
2019-07-29 03:00:00,6924.367
2019-07-29 03:30:00,6818.4907
2019-07-29 04:00:00,6756.765
2019-07-29 04:30:00,6791.224
2019-07-29 05:00:00,7119.689
2019-07-29 05:30:00,7161.193
2019-07-29 06:00:00,8130.3604
2019-07-29 06:30:00,8416.717
2019-07-29 07:00:00,9628.975
2019-07-29 07:30:00,9716.398
2019-07-29 08:00:00,10111.645
2019-07-29 08:30:00,10191.024
2019-07-29 09:00:00,9723.63
2019-07-29 09:30:00,9611.014
2019-07-29 10:00:00,9191.124
2019-07-29 10:30:00,8954.168
2019-07-29 11:00:00,8796.747
2019-07-29 11:30:00,8582.814
2019-07-29 12:00:00,8363.421
2019-07-29 12:30:00,8297.297
2019-07-29 13:00:00,8213.174
2019-07-29 13:30:00,8222.631
2019-07-29 14:00:00,8196.509
2019-07-29 14:30:00,8364.647
2019-07-29 15:00:00,8350.727
2019-07-29 15:30:00,8542.323
2019-07-29 16:00:00,8832.308
2019-07-29 16:30:00,9055.99
2019-07-29 17:00:00,9588.246
2019-07-29 17:30:00,10176.574
2019-07-29 18:00:00,10861.52
2019-07-29 18:30:00,11013.623
2019-07-29 19:00:00,10916.392
2019-07-29 19:30:00,10752.381
2019-07-29 20:00:00,10531.186
2019-07-29 20:30:00,10457.354
2019-07-29 21:00:00,10265.169
2019-07-29 21:30:00,10009.116
2019-07-29 22:00:00,9695.133
2019-07-29 22:30:00,9414.597
2019-07-29 23:00:00,9148.419
2019-07-29 23:30:00,8893.344
2019-07-30 00:00:00,8502.677
2019-07-30 00:30:00,8345.615
2019-07-30 01:00:00,8099.9917
2019-07-30 01:30:00,8003.8003
2019-07-30 02:00:00,7773.6724
2019-07-30 02:30:00,7617.7007
2019-07-30 03:00:00,7287.635
2019-07-30 03:30:00,7170.5566
2019-07-30 04:00:00,6994.853
2019-07-30 04:30:00,7089.439
2019-07-30 05:00:00,7145.552
2019-07-30 05:30:00,7553.5723
2019-07-30 06:00:00,8083.234
2019-07-30 06:30:00,8715.685
2019-07-30 07:00:00,9639.645
2019-07-30 07:30:00,10074.244
2019-07-30 08:00:00,10275.966
2019-07-30 08:30:00,10193.066
2019-07-30 09:00:00,9883.089
2019-07-30 09:30:00,9638.362
2019-07-30 10:00:00,9364.682
2019-07-30 10:30:00,9137.262
2019-07-30 11:00:00,8800.494
2019-07-30 11:30:00,8623.698
2019-07-30 12:00:00,8530.648
2019-07-30 12:30:00,8347.56
2019-07-30 13:00:00,8243.14
2019-07-30 13:30:00,8331.936
2019-07-30 14:00:00,8322.684
2019-07-30 14:30:00,8436.876
2019-07-30 15:00:00,8541.623
2019-07-30 15:30:00,8684.717
2019-07-30 16:00:00,8999.884
2019-07-30 16:30:00,9295.32
2019-07-30 17:00:00,9721.382
2019-07-30 17:30:00,10177.801
2019-07-30 18:00:00,10785.251
2019-07-30 18:30:00,10785.251
2019-07-30 19:00:00,10688.022
2019-07-30 19:30:00,10459.684
2019-07-30 20:00:00,10280.557
2019-07-30 20:30:00,10097.19
2019-07-30 21:00:00,9845.518
2019-07-30 21:30:00,9548.31
2019-07-30 22:00:00,9273.645
2019-07-30 22:30:00,9189.961
2019-07-30 23:00:00,8794.357
2019-07-30 23:30:00,8618.474
2019-07-31 00:00:00,8367.62
2019-07-31 00:30:00,8263.114
2019-07-31 01:00:00,8097.1777
2019-07-31 01:30:00,7881.125
2019-07-31 02:00:00,7605.675
2019-07-31 02:30:00,7344.3755
2019-07-31 03:00:00,7124.2944
2019-07-31 03:30:00,6905.99
2019-07-31 04:00:00,6841.4863
2019-07-31 04:30:00,6865.593
2019-07-31 05:00:00,6937.7705
2019-07-31 05:30:00,7260.222
2019-07-31 06:00:00,7738.4336
2019-07-31 06:30:00,8432.155
2019-07-31 07:00:00,9152.0205
2019-07-31 07:30:00,9531.735
2019-07-31 08:00:00,9706.317
2019-07-31 08:30:00,9669.221
2019-07-31 09:00:00,9399.928
2019-07-31 09:30:00,9312.543
2019-07-31 10:00:00,9090.2
2019-07-31 10:30:00,9003.888
2019-07-31 11:00:00,8813.865
2019-07-31 11:30:00,8657.677
2019-07-31 12:00:00,8544.418
2019-07-31 12:30:00,8507.576
2019-07-31 13:00:00,8454.175
2019-07-31 13:30:00,8454.175
2019-07-31 14:00:00,8395.321
2019-07-31 14:30:00,8387.306
2019-07-31 15:00:00,8384.427
2019-07-31 15:30:00,8436.329
2019-07-31 16:00:00,8732.936
2019-07-31 16:30:00,8952.715
2019-07-31 17:00:00,9486.359
2019-07-31 17:30:00,9976.016
2019-07-31 18:00:00,10746.851
2019-07-31 18:30:00,10953.998
2019-07-31 19:00:00,10820.577
2019-07-31 19:30:00,10761.016
2019-07-31 20:00:00,10514.715
2019-07-31 20:30:00,10340.988
2019-07-31 21:00:00,10096.422
2019-07-31 21:30:00,9806.927
2019-07-31 22:00:00,9502.127
2019-07-31 22:30:00,9305.043
2019-07-31 23:00:00,9067.505
2019-07-31 23:30:00,8859.053
2019-08-01 00:00:00,8668.904
2019-08-01 00:30:00,8442.266
2019-08-01 01:00:00,8247.022
2019-08-01 01:30:00,8097.749
2019-08-01 02:00:00,7831.929
2019-08-01 02:30:00,7554.3906
2019-08-01 03:00:00,7278.135
2019-08-01 03:30:00,7139.249
2019-08-01 04:00:00,7000.3306
2019-08-01 04:30:00,6973.82
2019-08-01 05:00:00,7088.395
2019-08-01 05:30:00,7448.5317
2019-08-01 06:00:00,7953.3486
2019-08-01 06:30:00,8800.364
2019-08-01 07:00:00,9594.891
2019-08-01 07:30:00,9992.896
2019-08-01 08:00:00,10213.329
2019-08-01 08:30:00,10011.293
2019-08-01 09:00:00,9687.67
2019-08-01 09:30:00,9425.579
2019-08-01 10:00:00,9174.503
2019-08-01 10:30:00,9005.601
2019-08-01 11:00:00,8875.651
2019-08-01 11:30:00,8571.966
2019-08-01 12:00:00,8462.933
2019-08-01 12:30:00,8382.896
2019-08-01 13:00:00,8286.171
2019-08-01 13:30:00,8286.171
2019-08-01 14:00:00,8202.45
2019-08-01 14:30:00,8202.45
2019-08-01 15:00:00,8278.306
2019-08-01 15:30:00,8347.639
2019-08-01 16:00:00,8633.097
2019-08-01 16:30:00,8922.323
2019-08-01 17:00:00,9423.461
2019-08-01 17:30:00,10019.752
2019-08-01 18:00:00,10702.691
2019-08-01 18:30:00,10885.215
2019-08-01 19:00:00,10899.277
2019-08-01 19:30:00,10719.0625
2019-08-01 20:00:00,10564.44
2019-08-01 20:30:00,10368.082
2019-08-01 21:00:00,10103.639
2019-08-01 21:30:00,9896.65
2019-08-01 22:00:00,9585.173
2019-08-01 22:30:00,9420.569
2019-08-01 23:00:00,9119.127
2019-08-01 23:30:00,8907.545
2019-08-02 00:00:00,8719.071
2019-08-02 00:30:00,8597.161
2019-08-02 01:00:00,8343.463
2019-08-02 01:30:00,8162.566
2019-08-02 02:00:00,7920.038
2019-08-02 02:30:00,7655.165
2019-08-02 03:00:00,7419.96
2019-08-02 03:30:00,7206.001
2019-08-02 04:00:00,7148.6626
2019-08-02 04:30:00,7111.02
2019-08-02 05:00:00,7240.1465
2019-08-02 05:30:00,7634.9766
2019-08-02 06:00:00,8026.7637
2019-08-02 06:30:00,8817.097
2019-08-02 07:00:00,9487.417
2019-08-02 07:30:00,9913.385
2019-08-02 08:00:00,9998.183
2019-08-02 08:30:00,9844.489
2019-08-02 09:00:00,9514.102
2019-08-02 09:30:00,9222.085
2019-08-02 10:00:00,8965.901
2019-08-02 10:30:00,8677.871
2019-08-02 11:00:00,8411.924
2019-08-02 11:30:00,8143.0967
2019-08-02 12:00:00,7977.1416
2019-08-02 12:30:00,7861.9023
2019-08-02 13:00:00,7783.918
2019-08-02 13:30:00,7783.918
2019-08-02 14:00:00,7875.2617
2019-08-02 14:30:00,7822.1973
2019-08-02 15:00:00,7877.709
2019-08-02 15:30:00,7971.476
2019-08-02 16:00:00,8269.071
2019-08-02 16:30:00,8529.458
2019-08-02 17:00:00,8854.842
2019-08-02 17:30:00,9384.051
2019-08-02 18:00:00,9984.3125
2019-08-02 18:30:00,10198.83
2019-08-02 19:00:00,10233.441
2019-08-02 19:30:00,10048.783
2019-08-02 20:00:00,10016.677
2019-08-02 20:30:00,9810.97
2019-08-02 21:00:00,9857.87
2019-08-02 21:30:00,9593.678
2019-08-02 22:00:00,9408.348
2019-08-02 22:30:00,9296.697
2019-08-02 23:00:00,8973.072
2019-08-02 23:30:00,8802.508
2019-08-03 00:00:00,8721.382
2019-08-03 00:30:00,8510.626
2019-08-03 01:00:00,8112.842
2019-08-03 01:30:00,7850.724
2019-08-03 02:00:00,7700.3057
2019-08-03 02:30:00,7374.8945
2019-08-03 03:00:00,7102.1885
2019-08-03 03:30:00,6986.871
2019-08-03 04:00:00,6783.4507
2019-08-03 04:30:00,6788.1514
2019-08-03 05:00:00,6735.195
2019-08-03 05:30:00,7022.5566
2019-08-03 06:00:00,6835.3525
2019-08-03 06:30:00,7485.68
2019-08-03 07:00:00,7759.669
2019-08-03 07:30:00,8423.147
2019-08-03 08:00:00,8933.577
2019-08-03 08:30:00,8802.464
2019-08-03 09:00:00,8904.9795
2019-08-03 09:30:00,8684.644
2019-08-03 10:00:00,8438.8125
2019-08-03 10:30:00,8228.719
2019-08-03 11:00:00,8015.271
2019-08-03 11:30:00,7792.7275
2019-08-03 12:00:00,7648.1777
2019-08-03 12:30:00,7489.966
2019-08-03 13:00:00,7450.89
2019-08-03 13:30:00,7374.717
2019-08-03 14:00:00,7394.9272
2019-08-03 14:30:00,7303.1465
2019-08-03 15:00:00,7293.5625
2019-08-03 15:30:00,7294.9644
2019-08-03 16:00:00,7484.643
2019-08-03 16:30:00,7811.831
2019-08-03 17:00:00,8231.49
2019-08-03 17:30:00,8685.543
2019-08-03 18:00:00,9420.097
2019-08-03 18:30:00,9616.741
2019-08-03 19:00:00,9502.967
2019-08-03 19:30:00,9348.829
2019-08-03 20:00:00,9191.247
2019-08-03 20:30:00,9136.954
2019-08-03 21:00:00,9003.434
2019-08-03 21:30:00,8790.902
2019-08-03 22:00:00,8568.875
2019-08-03 22:30:00,8548.711
2019-08-03 23:00:00,8291.794
2019-08-03 23:30:00,8072.8843
2019-08-04 00:00:00,8074.179
2019-08-04 00:30:00,7826.6895
2019-08-04 01:00:00,7708.9424
2019-08-04 01:30:00,7556.577
2019-08-04 02:00:00,7217.124
2019-08-04 02:30:00,6952.1226
2019-08-04 03:00:00,6768.9688
2019-08-04 03:30:00,6552.6978
2019-08-04 04:00:00,6573.195
2019-08-04 04:30:00,6527.164
2019-08-04 05:00:00,6571.276
2019-08-04 05:30:00,6620.7407
2019-08-04 06:00:00,6788.7417
2019-08-04 06:30:00,7198.76
2019-08-04 07:00:00,7432.5728
2019-08-04 07:30:00,7857.6
2019-08-04 08:00:00,8089.6694
2019-08-04 08:30:00,8439.484
2019-08-04 09:00:00,8483.718
2019-08-04 09:30:00,8340.86
2019-08-04 10:00:00,8189.087
2019-08-04 10:30:00,7969.2617
2019-08-04 11:00:00,7686.0054
2019-08-04 11:30:00,7448.5566
2019-08-04 12:00:00,7135.708
2019-08-04 12:30:00,7080.1626
2019-08-04 13:00:00,6855.62
2019-08-04 13:30:00,6803.258
2019-08-04 14:00:00,6776.3438
2019-08-04 14:30:00,6850.439
2019-08-04 15:00:00,6938.7363
2019-08-04 15:30:00,7026.2666
2019-08-04 16:00:00,7345.3438
2019-08-04 16:30:00,7605.642
2019-08-04 17:00:00,8179.6064
2019-08-04 17:30:00,8594.065
2019-08-04 18:00:00,9455.036
2019-08-04 18:30:00,9681.663
2019-08-04 19:00:00,9700.933
2019-08-04 19:30:00,9556.842
2019-08-04 20:00:00,9370.75
2019-08-04 20:30:00,9351.903
2019-08-04 21:00:00,9151.15
2019-08-04 21:30:00,9004.916
2019-08-04 22:00:00,8642.8545
2019-08-04 22:30:00,8547.186
2019-08-04 23:00:00,8296.746
2019-08-04 23:30:00,8211.745
2019-08-05 00:00:00,8142.812
2019-08-05 00:30:00,7738.6436
2019-08-05 01:00:00,7733.378
2019-08-05 01:30:00,7594.6084
2019-08-05 02:00:00,7236.716
2019-08-05 02:30:00,7061.1157
2019-08-05 03:00:00,6915.4307
2019-08-05 03:30:00,6796.16
2019-08-05 04:00:00,6950.487
2019-08-05 04:30:00,6930.669
2019-08-05 05:00:00,7132.407
2019-08-05 05:30:00,7170.664
2019-08-05 06:00:00,7892.567
2019-08-05 06:30:00,8327.3955
2019-08-05 07:00:00,9405.343
2019-08-05 07:30:00,9567.247
2019-08-05 08:00:00,10170.781
2019-08-05 08:30:00,10139.666
2019-08-05 09:00:00,9817.954
2019-08-05 09:30:00,9828.202
2019-08-05 10:00:00,9435.717
2019-08-05 10:30:00,9147.634
2019-08-05 11:00:00,8828.671
2019-08-05 11:30:00,8654.859
2019-08-05 12:00:00,8579.298
2019-08-05 12:30:00,8363.515
2019-08-05 13:00:00,8337.9795
2019-08-05 13:30:00,8255.998
2019-08-05 14:00:00,8266.097
2019-08-05 14:30:00,8286.128
2019-08-05 15:00:00,8343.962
2019-08-05 15:30:00,8540.576
2019-08-05 16:00:00,8756.934
2019-08-05 16:30:00,9115.377
2019-08-05 17:00:00,9646.739
2019-08-05 17:30:00,10045.399
2019-08-05 18:00:00,10752.999
2019-08-05 18:30:00,10911.693
2019-08-05 19:00:00,10788.246
2019-08-05 19:30:00,10586.997
2019-08-05 20:00:00,10382.226
2019-08-05 20:30:00,10329.644
2019-08-05 21:00:00,10090.098
2019-08-05 21:30:00,9863.756
2019-08-05 22:00:00,9464.984
2019-08-05 22:30:00,9251.707
2019-08-05 23:00:00,9094.762
2019-08-05 23:30:00,8906.732
2019-08-06 00:00:00,8448.691
2019-08-06 00:30:00,8284.752
2019-08-06 01:00:00,8064.544
2019-08-06 01:30:00,7974.846
2019-08-06 02:00:00,7789.0303
2019-08-06 02:30:00,7636.7397
2019-08-06 03:00:00,7303.9805
2019-08-06 03:30:00,7186.9023
2019-08-06 04:00:00,7015.9897
2019-08-06 04:30:00,7040.0576
2019-08-06 05:00:00,7141.0884
2019-08-06 05:30:00,7502.5957
2019-08-06 06:00:00,7963.051
2019-08-06 06:30:00,8651.146
2019-08-06 07:00:00,9439.234
2019-08-06 07:30:00,9819.9795
2019-08-06 08:00:00,9999.668
2019-08-06 08:30:00,9806.208
2019-08-06 09:00:00,9423.427
2019-08-06 09:30:00,9197.545
2019-08-06 10:00:00,8931.03
2019-08-06 10:30:00,8620.819
2019-08-06 11:00:00,8414.705
2019-08-06 11:30:00,8253.571
2019-08-06 12:00:00,8092.995
2019-08-06 12:30:00,8012.347
2019-08-06 13:00:00,8017.674
2019-08-06 13:30:00,7979.955
2019-08-06 14:00:00,7979.6
2019-08-06 14:30:00,7998.8833
2019-08-06 15:00:00,8060.4863
2019-08-06 15:30:00,8097.889
2019-08-06 16:00:00,8274.5625
2019-08-06 16:30:00,8480.296
2019-08-06 17:00:00,8940.254
2019-08-06 17:30:00,9408.944
2019-08-06 18:00:00,10044.06
2019-08-06 18:30:00,10334.312
2019-08-06 19:00:00,10235.098
2019-08-06 19:30:00,10115.65
2019-08-06 20:00:00,9975.185
2019-08-06 20:30:00,9802.155
2019-08-06 21:00:00,9687.467
2019-08-06 21:30:00,9425.376
2019-08-06 22:00:00,9211.592
2019-08-06 22:30:00,9117.049
2019-08-06 23:00:00,8821.036
2019-08-06 23:30:00,8702.387
2019-08-07 00:00:00,8529.702
2019-08-07 00:30:00,8341.064
2019-08-07 01:00:00,8126.8184
2019-08-07 01:30:00,7970.5947
2019-08-07 02:00:00,7658.9175
2019-08-07 02:30:00,7402.2354
2019-08-07 03:00:00,7111.7456
2019-08-07 03:30:00,6960.894
2019-08-07 04:00:00,6899.005
2019-08-07 04:30:00,6899.4077
2019-08-07 05:00:00,7060.3203
2019-08-07 05:30:00,7495.4966
2019-08-07 06:00:00,7949.7944
2019-08-07 06:30:00,8737.213
2019-08-07 07:00:00,9585.434
2019-08-07 07:30:00,10027.643
2019-08-07 08:00:00,10245.348
2019-08-07 08:30:00,10023.891
2019-08-07 09:00:00,9635.246
2019-08-07 09:30:00,9370.086
2019-08-07 10:00:00,9028.916
2019-08-07 10:30:00,8773.964
2019-08-07 11:00:00,8458.762
2019-08-07 11:30:00,8139.9893
2019-08-07 12:00:00,7937.672
2019-08-07 12:30:00,7833.5757
2019-08-07 13:00:00,7757.404
2019-08-07 13:30:00,7714.3853
2019-08-07 14:00:00,7658.519
2019-08-07 14:30:00,7727.4927
2019-08-07 15:00:00,7799.981
2019-08-07 15:30:00,7885.809
2019-08-07 16:00:00,8125.1406
2019-08-07 16:30:00,8359.764
2019-08-07 17:00:00,8787.406
2019-08-07 17:30:00,9370.715
2019-08-07 18:00:00,10100.695
2019-08-07 18:30:00,10434.396
2019-08-07 19:00:00,10452.214
2019-08-07 19:30:00,10347.543
2019-08-07 20:00:00,10128.745
2019-08-07 20:30:00,9978.993
2019-08-07 21:00:00,9899.332
2019-08-07 21:30:00,9590.947
2019-08-07 22:00:00,9279.307
2019-08-07 22:30:00,9138.177
2019-08-07 23:00:00,8887.364
2019-08-07 23:30:00,8705.681
2019-08-08 00:00:00,8491.851
2019-08-08 00:30:00,8315.756
2019-08-08 01:00:00,8018.924
2019-08-08 01:30:00,7851.726
2019-08-08 02:00:00,7673.6323
2019-08-08 02:30:00,7219.4062
2019-08-08 03:00:00,6984.633
2019-08-08 03:30:00,6816.7295
2019-08-08 04:00:00,6728.7817
2019-08-08 04:30:00,6782.4854
2019-08-08 05:00:00,6946.694
2019-08-08 05:30:00,7336.097
2019-08-08 06:00:00,7852.5293
2019-08-08 06:30:00,8621.447
2019-08-08 07:00:00,9400.881
2019-08-08 07:30:00,9879.405
2019-08-08 08:00:00,10224.058
2019-08-08 08:30:00,10023.048
2019-08-08 09:00:00,9649.28
2019-08-08 09:30:00,9297.275
2019-08-08 10:00:00,8933.367
2019-08-08 10:30:00,8648.126
2019-08-08 11:00:00,8371.216
2019-08-08 11:30:00,8106.9
2019-08-08 12:00:00,7932.4604
2019-08-08 12:30:00,7800.044
2019-08-08 13:00:00,7695.232
2019-08-08 13:30:00,7658.291
2019-08-08 14:00:00,7695.224
2019-08-08 14:30:00,7755.8154
2019-08-08 15:00:00,7776.9697
2019-08-08 15:30:00,7889.8247
2019-08-08 16:00:00,8087.0117
2019-08-08 16:30:00,8328.603
2019-08-08 17:00:00,8664.518
2019-08-08 17:30:00,9221.274
2019-08-08 18:00:00,9894.414
2019-08-08 18:30:00,10147.774
2019-08-08 19:00:00,10278.604
2019-08-08 19:30:00,10111.561
2019-08-08 20:00:00,10056.966
2019-08-08 20:30:00,9850.829
2019-08-08 21:00:00,9641.858
2019-08-08 21:30:00,9423.903
2019-08-08 22:00:00,9036.505
2019-08-08 22:30:00,8902.8955
2019-08-08 23:00:00,8619.439
2019-08-08 23:30:00,8393.161
2019-08-09 00:00:00,8283.3125
2019-08-09 00:30:00,8142.3213
2019-08-09 01:00:00,7945.1055
2019-08-09 01:30:00,7792.5728
2019-08-09 02:00:00,7587.217
2019-08-09 02:30:00,7276.0723
2019-08-09 03:00:00,7010.521
2019-08-09 03:30:00,6806.6846
2019-08-09 04:00:00,6765.916
2019-08-09 04:30:00,6767.9336
2019-08-09 05:00:00,6912.6465
2019-08-09 05:30:00,7229.1704
2019-08-09 06:00:00,7703.847
2019-08-09 06:30:00,8573.361
2019-08-09 07:00:00,9243.853
2019-08-09 07:30:00,9703.276
2019-08-09 08:00:00,9830.868
2019-08-09 08:30:00,9594.291
2019-08-09 09:00:00,9357.313
2019-08-09 09:30:00,9145.59
2019-08-09 10:00:00,8857.999
2019-08-09 10:30:00,8742.1455
2019-08-09 11:00:00,8616.93
2019-08-09 11:30:00,8343.963
2019-08-09 12:00:00,8194.855
2019-08-09 12:30:00,8035.19
2019-08-09 13:00:00,8042.029
2019-08-09 13:30:00,7961.9595
2019-08-09 14:00:00,7980.95
2019-08-09 14:30:00,7914.7773
2019-08-09 15:00:00,7905.4204
2019-08-09 15:30:00,7950.6704
2019-08-09 16:00:00,8197.1
2019-08-09 16:30:00,8410.196
2019-08-09 17:00:00,8848.363
2019-08-09 17:30:00,9361.737
2019-08-09 18:00:00,9999.716
2019-08-09 18:30:00,10194.828
2019-08-09 19:00:00,10171.865
2019-08-09 19:30:00,10045.834
2019-08-09 20:00:00,9913.648
2019-08-09 20:30:00,9837.696
2019-08-09 21:00:00,9790.523
2019-08-09 21:30:00,9520.5625
2019-08-09 22:00:00,9254.399
2019-08-09 22:30:00,9086.774
2019-08-09 23:00:00,8735.265
2019-08-09 23:30:00,8554.547
2019-08-10 00:00:00,8405.335
2019-08-10 00:30:00,8170.821
2019-08-10 01:00:00,7879.003
2019-08-10 01:30:00,7596.1265
2019-08-10 02:00:00,7494.435
2019-08-10 02:30:00,7230.64
2019-08-10 03:00:00,6939.292
2019-08-10 03:30:00,6741.152
2019-08-10 04:00:00,6641.406
2019-08-10 04:30:00,6685.09
2019-08-10 05:00:00,6489.806
2019-08-10 05:30:00,6783.7896
2019-08-10 06:00:00,6695.7705
2019-08-10 06:30:00,7160.396
2019-08-10 07:00:00,7696.636
2019-08-10 07:30:00,7861.033
2019-08-10 08:00:00,8599.748
2019-08-10 08:30:00,8408.534
2019-08-10 09:00:00,8368.349
2019-08-10 09:30:00,8268.884
2019-08-10 10:00:00,8056.9604
2019-08-10 10:30:00,7891.7515
2019-08-10 11:00:00,7717.836
2019-08-10 11:30:00,7565.4023
2019-08-10 12:00:00,7384.2837
2019-08-10 12:30:00,7302.8076
2019-08-10 13:00:00,7308.4736
2019-08-10 13:30:00,7322.775
2019-08-10 14:00:00,7309.9883
2019-08-10 14:30:00,7334.1196
2019-08-10 15:00:00,7336.553
2019-08-10 15:30:00,7417.862
2019-08-10 16:00:00,7733.915
2019-08-10 16:30:00,8006.99
2019-08-10 17:00:00,8556.01
2019-08-10 17:30:00,9102.463
2019-08-10 18:00:00,9861.161
2019-08-10 18:30:00,10031.492
2019-08-10 19:00:00,9883.678
2019-08-10 19:30:00,9822.134
2019-08-10 20:00:00,9555.148
2019-08-10 20:30:00,9459.844
2019-08-10 21:00:00,9257.0
2019-08-10 21:30:00,9018.774
2019-08-10 22:00:00,8874.991
2019-08-10 22:30:00,8805.475
2019-08-10 23:00:00,8409.35
2019-08-10 23:30:00,8244.235
2019-08-11 00:00:00,8236.852
2019-08-11 00:30:00,8009.096
2019-08-11 01:00:00,7795.2944
2019-08-11 01:30:00,7568.911
2019-08-11 02:00:00,7357.8228
2019-08-11 02:30:00,6955.808
2019-08-11 03:00:00,6823.5605
2019-08-11 03:30:00,6594.563
2019-08-11 04:00:00,6607.8345
2019-08-11 04:30:00,6557.3623
2019-08-11 05:00:00,6538.0615
2019-08-11 05:30:00,6646.0137
2019-08-11 06:00:00,6782.183
2019-08-11 06:30:00,7209.8315
2019-08-11 07:00:00,7482.0415
2019-08-11 07:30:00,7904.57
2019-08-11 08:00:00,8210.375
2019-08-11 08:30:00,8373.524
2019-08-11 09:00:00,8486.171
2019-08-11 09:30:00,8396.984
2019-08-11 10:00:00,8273.2295
2019-08-11 10:30:00,8146.1772
2019-08-11 11:00:00,8012.9946
2019-08-11 11:30:00,7907.545
2019-08-11 12:00:00,7758.438
2019-08-11 12:30:00,7733.404
2019-08-11 13:00:00,7668.529
2019-08-11 13:30:00,7551.965
2019-08-11 14:00:00,7560.084
2019-08-11 14:30:00,7639.6743
2019-08-11 15:00:00,7702.93
2019-08-11 15:30:00,7889.4087
2019-08-11 16:00:00,8213.766
2019-08-11 16:30:00,8564.364
2019-08-11 17:00:00,9222.301
2019-08-11 17:30:00,9670.42
2019-08-11 18:00:00,10438.513
2019-08-11 18:30:00,10612.239
2019-08-11 19:00:00,10671.925
2019-08-11 19:30:00,10423.106
2019-08-11 20:00:00,10283.363
2019-08-11 20:30:00,10099.997
2019-08-11 21:00:00,9952.449
2019-08-11 21:30:00,9713.505
2019-08-11 22:00:00,9334.049
2019-08-11 22:30:00,9133.374
2019-08-11 23:00:00,8703.7295
2019-08-11 23:30:00,8512.56
2019-08-12 00:00:00,8364.111
2019-08-12 00:30:00,8097.2627
2019-08-12 01:00:00,7762.0396
2019-08-12 01:30:00,7708.5054
2019-08-12 02:00:00,7481.8623
2019-08-12 02:30:00,7213.4717
2019-08-12 03:00:00,6956.948
2019-08-12 03:30:00,6820.9536
2019-08-12 04:00:00,6853.888
2019-08-12 04:30:00,6857.318
2019-08-12 05:00:00,7156.983
2019-08-12 05:30:00,7209.9053
2019-08-12 06:00:00,7933.4805
2019-08-12 06:30:00,8435.602
2019-08-12 07:00:00,9493.198
2019-08-12 07:30:00,9647.347
2019-08-12 08:00:00,10124.519
2019-08-12 08:30:00,10216.344
2019-08-12 09:00:00,10186.484
2019-08-12 09:30:00,10136.498
2019-08-12 10:00:00,9744.559
2019-08-12 10:30:00,9569.84
2019-08-12 11:00:00,9553.805
2019-08-12 11:30:00,9395.484
2019-08-12 12:00:00,9197.5205
2019-08-12 12:30:00,9088.095
2019-08-12 13:00:00,8908.727
2019-08-12 13:30:00,8757.248
2019-08-12 14:00:00,8901.936
2019-08-12 14:30:00,9172.269
2019-08-12 15:00:00,9130.632
2019-08-12 15:30:00,9284.566
2019-08-12 16:00:00,9461.794
2019-08-12 16:30:00,9839.754
2019-08-12 17:00:00,10265.166
2019-08-12 17:30:00,10712.089
2019-08-12 18:00:00,11321.812
2019-08-12 18:30:00,11576.36
2019-08-12 19:00:00,11412.324
2019-08-12 19:30:00,11356.925
2019-08-12 20:00:00,11111.865
2019-08-12 20:30:00,11080.698
2019-08-12 21:00:00,10964.262
2019-08-12 21:30:00,10581.009
2019-08-12 22:00:00,10260.747
2019-08-12 22:30:00,9915.285
2019-08-12 23:00:00,9624.7705
2019-08-12 23:30:00,9254.362
2019-08-13 00:00:00,8743.618
2019-08-13 00:30:00,8671.388
2019-08-13 01:00:00,8417.105
2019-08-13 01:30:00,8248.211
2019-08-13 02:00:00,8139.6777
2019-08-13 02:30:00,7929.671
2019-08-13 03:00:00,7628.5684
2019-08-13 03:30:00,7539.724
2019-08-13 04:00:00,7295.3574
2019-08-13 04:30:00,7442.458
2019-08-13 05:00:00,7456.5015
2019-08-13 05:30:00,7862.9604
2019-08-13 06:00:00,8282.286
2019-08-13 06:30:00,9086.666
2019-08-13 07:00:00,9960.282
2019-08-13 07:30:00,10286.716
2019-08-13 08:00:00,10574.79
2019-08-13 08:30:00,10502.158
2019-08-13 09:00:00,10116.958
2019-08-13 09:30:00,9860.063
2019-08-13 10:00:00,9499.599
2019-08-13 10:30:00,9159.043
2019-08-13 11:00:00,8902.895
2019-08-13 11:30:00,8621.239
2019-08-13 12:00:00,8479.115
2019-08-13 12:30:00,8368.827
2019-08-13 13:00:00,8297.174
2019-08-13 13:30:00,8212.558
2019-08-13 14:00:00,8191.362
2019-08-13 14:30:00,8214.839
2019-08-13 15:00:00,8172.159
2019-08-13 15:30:00,8221.762
2019-08-13 16:00:00,8454.269
2019-08-13 16:30:00,8728.193
2019-08-13 17:00:00,9218.464
2019-08-13 17:30:00,9865.561
2019-08-13 18:00:00,10681.639
2019-08-13 18:30:00,10958.534
2019-08-13 19:00:00,11054.455
2019-08-13 19:30:00,10917.686
2019-08-13 20:00:00,10605.478
2019-08-13 20:30:00,10569.693
2019-08-13 21:00:00,10311.483
2019-08-13 21:30:00,10027.672
2019-08-13 22:00:00,9769.678
2019-08-13 22:30:00,9547.827
2019-08-13 23:00:00,9225.86
2019-08-13 23:30:00,9051.663
2019-08-14 00:00:00,8741.048
2019-08-14 00:30:00,8608.648
2019-08-14 01:00:00,8384.319
2019-08-14 01:30:00,8211.974
2019-08-14 02:00:00,8004.534
2019-08-14 02:30:00,7732.2534
2019-08-14 03:00:00,7457.3467
2019-08-14 03:30:00,7256.153
2019-08-14 04:00:00,7140.74
2019-08-14 04:30:00,7294.9487
2019-08-14 05:00:00,7356.6436
2019-08-14 05:30:00,7791.5073
2019-08-14 06:00:00,8349.391
2019-08-14 06:30:00,9146.809
2019-08-14 07:00:00,9956.791
2019-08-14 07:30:00,10308.544
2019-08-14 08:00:00,10475.496
2019-08-14 08:30:00,10268.32
2019-08-14 09:00:00,9885.965
2019-08-14 09:30:00,9557.671
2019-08-14 10:00:00,9175.593
2019-08-14 10:30:00,8922.239
2019-08-14 11:00:00,8609.619
2019-08-14 11:30:00,8332.965
2019-08-14 12:00:00,8223.261
2019-08-14 12:30:00,8052.4043
2019-08-14 13:00:00,8015.132
2019-08-14 13:30:00,7954.4136
2019-08-14 14:00:00,7954.101
2019-08-14 14:30:00,7952.13
2019-08-14 15:00:00,8021.0493
2019-08-14 15:30:00,8126.5864
2019-08-14 16:00:00,8396.999
2019-08-14 16:30:00,8710.162
2019-08-14 17:00:00,9239.374
2019-08-14 17:30:00,9892.515
2019-08-14 18:00:00,10695.463
2019-08-14 18:30:00,11000.295
2019-08-14 19:00:00,10952.251
2019-08-14 19:30:00,10949.986
2019-08-14 20:00:00,10687.752
2019-08-14 20:30:00,10547.817
2019-08-14 21:00:00,10299.651
2019-08-14 21:30:00,10073.97
2019-08-14 22:00:00,9636.996
2019-08-14 22:30:00,9521.257
2019-08-14 23:00:00,9215.897
2019-08-14 23:30:00,9008.63
2019-08-15 00:00:00,8759.39
2019-08-15 00:30:00,8587.646
2019-08-15 01:00:00,8372.2705
2019-08-15 01:30:00,8208.3
2019-08-15 02:00:00,7990.6006
2019-08-15 02:30:00,7752.5957
2019-08-15 03:00:00,7492.2964
2019-08-15 03:30:00,7347.664
2019-08-15 04:00:00,7251.7554
2019-08-15 04:30:00,7319.7905
2019-08-15 05:00:00,7467.5576
2019-08-15 05:30:00,7851.6006
2019-08-15 06:00:00,8276.366
2019-08-15 06:30:00,9144.351
2019-08-15 07:00:00,9956.554
2019-08-15 07:30:00,10369.328
2019-08-15 08:00:00,10550.897
2019-08-15 08:30:00,10358.75
2019-08-15 09:00:00,9984.531
2019-08-15 09:30:00,9676.529
2019-08-15 10:00:00,9293.383
2019-08-15 10:30:00,9051.272
2019-08-15 11:00:00,8767.446
2019-08-15 11:30:00,8523.726
2019-08-15 12:00:00,8375.17
2019-08-15 12:30:00,8262.742
2019-08-15 13:00:00,8231.2295
2019-08-15 13:30:00,8165.539
2019-08-15 14:00:00,8135.741
2019-08-15 14:30:00,8144.9307
2019-08-15 15:00:00,8146.01
2019-08-15 15:30:00,8221.672
2019-08-15 16:00:00,8439.636
2019-08-15 16:30:00,8736.113
2019-08-15 17:00:00,9193.285
2019-08-15 17:30:00,9747.513
2019-08-15 18:00:00,10514.429
2019-08-15 18:30:00,10917.205
2019-08-15 19:00:00,10938.16
2019-08-15 19:30:00,10734.413
2019-08-15 20:00:00,10509.857
2019-08-15 20:30:00,10509.857
2019-08-15 21:00:00,10259.869
2019-08-15 21:30:00,9878.541
2019-08-15 22:00:00,9552.339
2019-08-15 22:30:00,9291.051
2019-08-15 23:00:00,9027.496
2019-08-15 23:30:00,8805.215
2019-08-16 00:00:00,8715.131
2019-08-16 00:30:00,8539.995
2019-08-16 01:00:00,8294.396
2019-08-16 01:30:00,8115.087
2019-08-16 02:00:00,7886.1763
2019-08-16 02:30:00,7592.6865
2019-08-16 03:00:00,7320.907
2019-08-16 03:30:00,7171.3633
2019-08-16 04:00:00,7093.9746
2019-08-16 04:30:00,7160.4253
2019-08-16 05:00:00,7245.978
2019-08-16 05:30:00,7648.169
2019-08-16 06:00:00,8136.921
2019-08-16 06:30:00,8967.332
2019-08-16 07:00:00,9811.568
2019-08-16 07:30:00,10235.484
2019-08-16 08:00:00,10310.465
2019-08-16 08:30:00,10137.351
2019-08-16 09:00:00,9713.483
2019-08-16 09:30:00,9407.596
2019-08-16 10:00:00,9047.356
2019-08-16 10:30:00,8729.745
2019-08-16 11:00:00,8413.897
2019-08-16 11:30:00,8105.5664
2019-08-16 12:00:00,7834.7104
2019-08-16 12:30:00,7778.3647
2019-08-16 13:00:00,7693.1406
2019-08-16 13:30:00,7709.368
2019-08-16 14:00:00,7705.708
2019-08-16 14:30:00,7774.6367
2019-08-16 15:00:00,7867.998
2019-08-16 15:30:00,7947.5195
2019-08-16 16:00:00,8247.5
2019-08-16 16:30:00,8474.409
2019-08-16 17:00:00,8761.962
2019-08-16 17:30:00,9264.177
2019-08-16 18:00:00,10014.797
2019-08-16 18:30:00,10421.881
2019-08-16 19:00:00,10467.667
2019-08-16 19:30:00,10273.812
2019-08-16 20:00:00,10131.482
2019-08-16 20:30:00,10005.083
2019-08-16 21:00:00,9862.118
2019-08-16 21:30:00,9615.473
2019-08-16 22:00:00,9355.049
2019-08-16 22:30:00,9270.155
2019-08-16 23:00:00,8940.326
2019-08-16 23:30:00,8812.779
2019-08-17 00:00:00,8711.85
2019-08-17 00:30:00,8492.453
2019-08-17 01:00:00,8090.7905
2019-08-17 01:30:00,7856.4575
2019-08-17 02:00:00,7664.441
2019-08-17 02:30:00,7389.9565
2019-08-17 03:00:00,7108.315
2019-08-17 03:30:00,7002.543
2019-08-17 04:00:00,6839.3086
2019-08-17 04:30:00,6864.5215
2019-08-17 05:00:00,6752.631
2019-08-17 05:30:00,6993.911
2019-08-17 06:00:00,6954.01
2019-08-17 06:30:00,7582.3696
2019-08-17 07:00:00,7981.793
2019-08-17 07:30:00,8403.22
2019-08-17 08:00:00,8887.92
2019-08-17 08:30:00,8669.236
2019-08-17 09:00:00,8794.89
2019-08-17 09:30:00,8360.706
2019-08-17 10:00:00,8008.861
2019-08-17 10:30:00,7800.944
2019-08-17 11:00:00,7560.3975
2019-08-17 11:30:00,7403.3667
2019-08-17 12:00:00,7279.4336
2019-08-17 12:30:00,7261.518
2019-08-17 13:00:00,7194.348
2019-08-17 13:30:00,7136.633
2019-08-17 14:00:00,6975.8057
2019-08-17 14:30:00,6994.813
2019-08-17 15:00:00,7209.4375
2019-08-17 15:30:00,7212.7593
2019-08-17 16:00:00,7285.7935
2019-08-17 16:30:00,7454.4473
2019-08-17 17:00:00,7946.3574
2019-08-17 17:30:00,8274.556
2019-08-17 18:00:00,8812.518
2019-08-17 18:30:00,9086.923
2019-08-17 19:00:00,9028.396
2019-08-17 19:30:00,8878.846
2019-08-17 20:00:00,8724.218
2019-08-17 20:30:00,8642.547
2019-08-17 21:00:00,8519.915
2019-08-17 21:30:00,8325.601
2019-08-17 22:00:00,8071.0337
2019-08-17 22:30:00,8145.629
2019-08-17 23:00:00,7871.3657
2019-08-17 23:30:00,7822.545
2019-08-18 00:00:00,7822.294
2019-08-18 00:30:00,7642.602
2019-08-18 01:00:00,7415.327
2019-08-18 01:30:00,7151.649
2019-08-18 02:00:00,7000.819
2019-08-18 02:30:00,6834.8066
2019-08-18 03:00:00,6625.3164
2019-08-18 03:30:00,6465.482
2019-08-18 04:00:00,6448.392
2019-08-18 04:30:00,6399.0327
2019-08-18 05:00:00,6453.2
2019-08-18 05:30:00,6654.5503
2019-08-18 06:00:00,6695.486
2019-08-18 06:30:00,7055.492
2019-08-18 07:00:00,7211.0537
2019-08-18 07:30:00,7618.027
2019-08-18 08:00:00,7874.4365
2019-08-18 08:30:00,7882.121
2019-08-18 09:00:00,7976.95
2019-08-18 09:30:00,7829.641
2019-08-18 10:00:00,7652.115
2019-08-18 10:30:00,7373.0254
2019-08-18 11:00:00,7248.206
2019-08-18 11:30:00,7047.357
2019-08-18 12:00:00,6953.6445
2019-08-18 12:30:00,6898.1514
2019-08-18 13:00:00,6783.7437
2019-08-18 13:30:00,6704.5283
2019-08-18 14:00:00,6671.2607
2019-08-18 14:30:00,6718.748
2019-08-18 15:00:00,6862.601
2019-08-18 15:30:00,6993.159
2019-08-18 16:00:00,7179.198
2019-08-18 16:30:00,7505.9976
2019-08-18 17:00:00,7938.7935
2019-08-18 17:30:00,8313.364
2019-08-18 18:00:00,9008.996
2019-08-18 18:30:00,9283.363
2019-08-18 19:00:00,9356.876
2019-08-18 19:30:00,9150.684
2019-08-18 20:00:00,8976.7295
2019-08-18 20:30:00,8888.309
2019-08-18 21:00:00,8725.693
2019-08-18 21:30:00,8552.377
2019-08-18 22:00:00,8194.813
2019-08-18 22:30:00,8188.8013
2019-08-18 23:00:00,7953.2134
2019-08-18 23:30:00,7778.6147
2019-08-19 00:00:00,7723.1143
2019-08-19 00:30:00,7551.122
2019-08-19 01:00:00,7478.6177
2019-08-19 01:30:00,7240.427
2019-08-19 02:00:00,7001.2734
2019-08-19 02:30:00,6730.397
2019-08-19 03:00:00,6593.075
2019-08-19 03:30:00,6483.4453
2019-08-19 04:00:00,6548.824
2019-08-19 04:30:00,6485.7295
2019-08-19 05:00:00,6814.001
2019-08-19 05:30:00,6892.6797
2019-08-19 06:00:00,7830.143
2019-08-19 06:30:00,7893.579
2019-08-19 07:00:00,9334.764
2019-08-19 07:30:00,9368.399
2019-08-19 08:00:00,9733.694
2019-08-19 08:30:00,9826.118
2019-08-19 09:00:00,9092.733
2019-08-19 09:30:00,8966.66
2019-08-19 10:00:00,8743.119
2019-08-19 10:30:00,8608.406
2019-08-19 11:00:00,8324.083
2019-08-19 11:30:00,7944.8296
2019-08-19 12:00:00,7726.263
2019-08-19 12:30:00,7503.3584
2019-08-19 13:00:00,7311.8784
2019-08-19 13:30:00,7121.115
2019-08-19 14:00:00,7170.7153
2019-08-19 14:30:00,7202.6196
2019-08-19 15:00:00,7481.0767
2019-08-19 15:30:00,7810.84
2019-08-19 16:00:00,8306.458
2019-08-19 16:30:00,8613.352
2019-08-19 17:00:00,8951.434
2019-08-19 17:30:00,9366.78
2019-08-19 18:00:00,9780.722
2019-08-19 18:30:00,10147.904
2019-08-19 19:00:00,9901.617
2019-08-19 19:30:00,9805.09
2019-08-19 20:00:00,9462.386
2019-08-19 20:30:00,9386.516
2019-08-19 21:00:00,9094.043
2019-08-19 21:30:00,8979.424
2019-08-19 22:00:00,8597.804
2019-08-19 22:30:00,8473.039
2019-08-19 23:00:00,8338.433
2019-08-19 23:30:00,8231.776
2019-08-20 00:00:00,7963.892
2019-08-20 00:30:00,7840.1553
2019-08-20 01:00:00,7565.8086
2019-08-20 01:30:00,7525.0005
2019-08-20 02:00:00,7255.3594
2019-08-20 02:30:00,7011.1655
2019-08-20 03:00:00,6693.201
2019-08-20 03:30:00,6650.0
2019-08-20 04:00:00,6519.839
2019-08-20 04:30:00,6607.5195
2019-08-20 05:00:00,6693.641
2019-08-20 05:30:00,7101.7188
2019-08-20 06:00:00,7638.312
2019-08-20 06:30:00,8203.059
2019-08-20 07:00:00,8862.958
2019-08-20 07:30:00,9174.898
2019-08-20 08:00:00,9237.49
2019-08-20 08:30:00,9019.568
2019-08-20 09:00:00,8724.485
2019-08-20 09:30:00,8522.863
2019-08-20 10:00:00,8397.042
2019-08-20 10:30:00,8278.299
2019-08-20 11:00:00,8201.214
2019-08-20 11:30:00,8099.111
2019-08-20 12:00:00,8056.8994
2019-08-20 12:30:00,8028.2764
2019-08-20 13:00:00,8030.379
2019-08-20 13:30:00,8031.636
2019-08-20 14:00:00,8063.5044
2019-08-20 14:30:00,8063.5044
2019-08-20 15:00:00,8073.461
2019-08-20 15:30:00,8136.6143
2019-08-20 16:00:00,8297.761
2019-08-20 16:30:00,8543.825
2019-08-20 17:00:00,9207.286
2019-08-20 17:30:00,9850.3955
2019-08-20 18:00:00,10617.995
2019-08-20 18:30:00,11005.534
2019-08-20 19:00:00,11116.056
2019-08-20 19:30:00,10927.773
2019-08-20 20:00:00,10630.838
2019-08-20 20:30:00,10558.841
2019-08-20 21:00:00,10238.408
2019-08-20 21:30:00,9808.205
2019-08-20 22:00:00,9454.478
2019-08-20 22:30:00,9293.604
2019-08-20 23:00:00,8953.786
2019-08-20 23:30:00,8640.468
2019-08-21 00:00:00,8477.546
2019-08-21 00:30:00,8291.664
2019-08-21 01:00:00,8142.886
2019-08-21 01:30:00,7936.6143
2019-08-21 02:00:00,7616.5854
2019-08-21 02:30:00,7327.2354
2019-08-21 03:00:00,7072.729
2019-08-21 03:30:00,6912.384
2019-08-21 04:00:00,6840.694
2019-08-21 04:30:00,6868.224
2019-08-21 05:00:00,7016.5312
2019-08-21 05:30:00,7418.9604
2019-08-21 06:00:00,7979.2695
2019-08-21 06:30:00,8808.313
2019-08-21 07:00:00,9561.538
2019-08-21 07:30:00,9902.513
2019-08-21 08:00:00,9894.069
2019-08-21 08:30:00,9739.545
2019-08-21 09:00:00,9252.289
2019-08-21 09:30:00,8992.198
2019-08-21 10:00:00,8586.45
2019-08-21 10:30:00,8381.81
2019-08-21 11:00:00,8182.8726
2019-08-21 11:30:00,7951.722
2019-08-21 12:00:00,7780.589
2019-08-21 12:30:00,7684.6924
2019-08-21 13:00:00,7705.7
2019-08-21 13:30:00,7628.88
2019-08-21 14:00:00,7644.987
2019-08-21 14:30:00,7670.669
2019-08-21 15:00:00,7756.0254
2019-08-21 15:30:00,7843.6616
2019-08-21 16:00:00,8048.5615
2019-08-21 16:30:00,8374.564
2019-08-21 17:00:00,8784.335
2019-08-21 17:30:00,9354.922
2019-08-21 18:00:00,9992.883
2019-08-21 18:30:00,10360.525
2019-08-21 19:00:00,10255.151
2019-08-21 19:30:00,10283.635
2019-08-21 20:00:00,10119.565
2019-08-21 20:30:00,9936.199
2019-08-21 21:00:00,9709.816
2019-08-21 21:30:00,9447.459
2019-08-21 22:00:00,9143.56
2019-08-21 22:30:00,8955.449
2019-08-21 23:00:00,8603.969
2019-08-21 23:30:00,8427.471
2019-08-22 00:00:00,8367.232
2019-08-22 00:30:00,8128.5947
2019-08-22 01:00:00,7907.4653
2019-08-22 01:30:00,7637.475
2019-08-22 02:00:00,7335.8525
2019-08-22 02:30:00,7079.5166
2019-08-22 03:00:00,6849.614
2019-08-22 03:30:00,6693.977
2019-08-22 04:00:00,6567.958
2019-08-22 04:30:00,6458.125
2019-08-22 05:00:00,6638.898
2019-08-22 05:30:00,6995.552
2019-08-22 06:00:00,7667.9463
2019-08-22 06:30:00,8551.776
2019-08-22 07:00:00,9303.146
2019-08-22 07:30:00,9531.888
2019-08-22 08:00:00,9516.279
2019-08-22 08:30:00,9239.378
2019-08-22 09:00:00,8879.246
2019-08-22 09:30:00,8577.138
2019-08-22 10:00:00,8327.179
2019-08-22 10:30:00,8124.291
2019-08-22 11:00:00,7896.61
2019-08-22 11:30:00,7739.223
2019-08-22 12:00:00,7685.906
2019-08-22 12:30:00,7566.7227
2019-08-22 13:00:00,7520.69
2019-08-22 13:30:00,7507.574
2019-08-22 14:00:00,7511.0747
2019-08-22 14:30:00,7602.835
2019-08-22 15:00:00,7690.88
2019-08-22 15:30:00,7760.1357
2019-08-22 16:00:00,8071.3735
2019-08-22 16:30:00,8303.088
2019-08-22 17:00:00,8647.654
2019-08-22 17:30:00,9056.047
2019-08-22 18:00:00,9724.295
2019-08-22 18:30:00,9931.073
2019-08-22 19:00:00,9992.873
2019-08-22 19:30:00,9822.027
2019-08-22 20:00:00,9652.105
2019-08-22 20:30:00,9486.443
2019-08-22 21:00:00,9242.039
2019-08-22 21:30:00,9047.605
2019-08-22 22:00:00,8723.839
2019-08-22 22:30:00,8497.964
2019-08-22 23:00:00,8306.123
2019-08-22 23:30:00,8194.968
2019-08-23 00:00:00,7990.199
2019-08-23 00:30:00,7826.5054
2019-08-23 01:00:00,7651.0684
2019-08-23 01:30:00,7466.8887
2019-08-23 02:00:00,7295.0664
2019-08-23 02:30:00,7102.793
2019-08-23 03:00:00,6819.9736
2019-08-23 03:30:00,6682.7886
2019-08-23 04:00:00,6579.5264
2019-08-23 04:30:00,6579.5264
2019-08-23 05:00:00,6719.398
2019-08-23 05:30:00,7072.0767
2019-08-23 06:00:00,7449.14
2019-08-23 06:30:00,8132.4346
2019-08-23 07:00:00,8814.478
2019-08-23 07:30:00,8975.402
2019-08-23 08:00:00,8989.81
2019-08-23 08:30:00,8707.814
2019-08-23 09:00:00,8381.586
2019-08-23 09:30:00,8189.966
2019-08-23 10:00:00,8060.959
2019-08-23 10:30:00,8027.189
2019-08-23 11:00:00,7877.5435
2019-08-23 11:30:00,7872.069
2019-08-23 12:00:00,7753.876
2019-08-23 12:30:00,7759.2188
2019-08-23 13:00:00,7725.4478
2019-08-23 13:30:00,7806.2314
2019-08-23 14:00:00,7822.7114
2019-08-23 14:30:00,7863.433
2019-08-23 15:00:00,7842.0195
2019-08-23 15:30:00,7939.4043
2019-08-23 16:00:00,8117.1396
2019-08-23 16:30:00,8413.961
2019-08-23 17:00:00,8880.864
2019-08-23 17:30:00,9367.459
2019-08-23 18:00:00,9984.868
2019-08-23 18:30:00,10267.84
2019-08-23 19:00:00,10168.015
2019-08-23 19:30:00,10057.084
2019-08-23 20:00:00,9906.781
2019-08-23 20:30:00,9757.029
2019-08-23 21:00:00,9702.064
2019-08-23 21:30:00,9496.142
2019-08-23 22:00:00,9246.441
2019-08-23 22:30:00,9180.665
2019-08-23 23:00:00,8882.583
2019-08-23 23:30:00,8783.841
2019-08-24 00:00:00,8790.006
2019-08-24 00:30:00,8592.976
2019-08-24 01:00:00,8150.1016
2019-08-24 01:30:00,7942.255
2019-08-24 02:00:00,7782.942
2019-08-24 02:30:00,7461.2266
2019-08-24 03:00:00,7214.2495
2019-08-24 03:30:00,7076.4233
2019-08-24 04:00:00,6943.623
2019-08-24 04:30:00,6943.623
2019-08-24 05:00:00,6843.098
2019-08-24 05:30:00,7172.2476
2019-08-24 06:00:00,7071.4946
2019-08-24 06:30:00,7679.9106
2019-08-24 07:00:00,7833.382
2019-08-24 07:30:00,8564.915
2019-08-24 08:00:00,9030.679
2019-08-24 08:30:00,8831.602
2019-08-24 09:00:00,8892.746
2019-08-24 09:30:00,8590.97
2019-08-24 10:00:00,8273.7295
2019-08-24 10:30:00,7944.958
2019-08-24 11:00:00,7659.23
2019-08-24 11:30:00,7431.525
2019-08-24 12:00:00,7346.849
2019-08-24 12:30:00,7311.756
2019-08-24 13:00:00,7166.626
2019-08-24 13:30:00,7139.785
2019-08-24 14:00:00,6946.199
2019-08-24 14:30:00,6974.0083
2019-08-24 15:00:00,7126.0625
2019-08-24 15:30:00,7221.324
2019-08-24 16:00:00,7370.5933
2019-08-24 16:30:00,7477.4
2019-08-24 17:00:00,7984.3257
2019-08-24 17:30:00,8334.8
2019-08-24 18:00:00,9068.933
2019-08-24 18:30:00,9657.027
2019-08-24 19:00:00,9639.384
2019-08-24 19:30:00,9608.181
2019-08-24 20:00:00,9260.596
2019-08-24 20:30:00,9173.652
2019-08-24 21:00:00,8994.802
2019-08-24 21:30:00,8826.203
2019-08-24 22:00:00,8641.24
2019-08-24 22:30:00,8594.743
2019-08-24 23:00:00,8271.332
2019-08-24 23:30:00,8083.1904
2019-08-25 00:00:00,7993.324
2019-08-25 00:30:00,7778.629
2019-08-25 01:00:00,7681.599
2019-08-25 01:30:00,7365.3574
2019-08-25 02:00:00,7058.4463
2019-08-25 02:30:00,6776.3315
2019-08-25 03:00:00,6612.7407
2019-08-25 03:30:00,6490.791
2019-08-25 04:00:00,6402.8745
2019-08-25 04:30:00,6390.53
2019-08-25 05:00:00,6356.4707
2019-08-25 05:30:00,6557.521
2019-08-25 06:00:00,6702.7373
2019-08-25 06:30:00,7064.6226
2019-08-25 07:00:00,7436.6587
2019-08-25 07:30:00,7783.831
2019-08-25 08:00:00,7882.333
2019-08-25 08:30:00,8026.089
2019-08-25 09:00:00,8058.8677
2019-08-25 09:30:00,7871.046
2019-08-25 10:00:00,7502.3384
2019-08-25 10:30:00,7239.538
2019-08-25 11:00:00,6970.309
2019-08-25 11:30:00,6782.069
2019-08-25 12:00:00,6620.2993
2019-08-25 12:30:00,6716.4087
2019-08-25 13:00:00,6438.9575
2019-08-25 13:30:00,6397.1274
2019-08-25 14:00:00,6472.156
2019-08-25 14:30:00,6530.0215
2019-08-25 15:00:00,6692.1294
2019-08-25 15:30:00,6886.041
2019-08-25 16:00:00,7087.1143
2019-08-25 16:30:00,7237.0215
2019-08-25 17:00:00,7698.2817
2019-08-25 17:30:00,8023.8364
2019-08-25 18:00:00,8493.789
2019-08-25 18:30:00,8838.101
2019-08-25 19:00:00,8876.042
2019-08-25 19:30:00,8731.635
2019-08-25 20:00:00,8619.707
2019-08-25 20:30:00,8604.39
2019-08-25 21:00:00,8365.521
2019-08-25 21:30:00,8242.374
2019-08-25 22:00:00,7970.753
2019-08-25 22:30:00,7901.705
2019-08-25 23:00:00,7670.055
2019-08-25 23:30:00,7522.4727
2019-08-26 00:00:00,7555.735
2019-08-26 00:30:00,7318.763
2019-08-26 01:00:00,7339.3047
2019-08-26 01:30:00,7179.925
2019-08-26 02:00:00,6860.7935
2019-08-26 02:30:00,6747.0254
2019-08-26 03:00:00,6551.0527
2019-08-26 03:30:00,6445.7744
2019-08-26 04:00:00,6492.3623
2019-08-26 04:30:00,6492.3623
2019-08-26 05:00:00,6813.598
2019-08-26 05:30:00,6904.4224
2019-08-26 06:00:00,7832.3823
2019-08-26 06:30:00,7856.2363
2019-08-26 07:00:00,9324.111
2019-08-26 07:30:00,9407.519
2019-08-26 08:00:00,9319.979
2019-08-26 08:30:00,9338.153
2019-08-26 09:00:00,8768.978
2019-08-26 09:30:00,8695.714
2019-08-26 10:00:00,8398.5205
2019-08-26 10:30:00,8174.464
2019-08-26 11:00:00,7809.602
2019-08-26 11:30:00,7650.1323
2019-08-26 12:00:00,7372.133
2019-08-26 12:30:00,7223.831
2019-08-26 13:00:00,7064.407
2019-08-26 13:30:00,7038.863
2019-08-26 14:00:00,7112.227
2019-08-26 14:30:00,7266.0845
2019-08-26 15:00:00,7414.352
2019-08-26 15:30:00,7787.078
2019-08-26 16:00:00,8236.806
2019-08-26 16:30:00,8618.512
2019-08-26 17:00:00,8983.3
2019-08-26 17:30:00,9517.407
2019-08-26 18:00:00,9939.595
2019-08-26 18:30:00,10268.978
2019-08-26 19:00:00,10136.932
2019-08-26 19:30:00,10010.71
2019-08-26 20:00:00,9741.89
2019-08-26 20:30:00,9518.519
2019-08-26 21:00:00,9289.804
2019-08-26 21:30:00,9157.65
2019-08-26 22:00:00,8759.449
2019-08-26 22:30:00,8593.009
2019-08-26 23:00:00,8460.769
2019-08-26 23:30:00,8341.512
2019-08-27 00:00:00,7955.9873
2019-08-27 00:30:00,7876.392
2019-08-27 01:00:00,7749.833
2019-08-27 01:30:00,7684.364
2019-08-27 02:00:00,7494.8677
2019-08-27 02:30:00,7248.2085
2019-08-27 03:00:00,6807.5117
2019-08-27 03:30:00,6758.634
2019-08-27 04:00:00,6680.3467
2019-08-27 04:30:00,6744.37
2019-08-27 05:00:00,6787.816
2019-08-27 05:30:00,7098.5957
2019-08-27 06:00:00,7664.2715
2019-08-27 06:30:00,8073.998
2019-08-27 07:00:00,8533.991
2019-08-27 07:30:00,8748.913
2019-08-27 08:00:00,8908.169
2019-08-27 08:30:00,8908.169
2019-08-27 09:00:00,8711.818
2019-08-27 09:30:00,8574.436
2019-08-27 10:00:00,8498.1455
2019-08-27 10:30:00,8498.1455
2019-08-27 11:00:00,8315.376
2019-08-27 11:30:00,8211.762
2019-08-27 12:00:00,8144.7607
2019-08-27 12:30:00,8193.191
2019-08-27 13:00:00,8154.6353
2019-08-27 13:30:00,8154.6353
2019-08-27 14:00:00,8179.958
2019-08-27 14:30:00,8108.9824
2019-08-27 15:00:00,8073.805
2019-08-27 15:30:00,8154.5444
2019-08-27 16:00:00,8352.319
2019-08-27 16:30:00,8598.73
2019-08-27 17:00:00,9027.018
2019-08-27 17:30:00,9429.6875
2019-08-27 18:00:00,9998.482
2019-08-27 18:30:00,10262.456
2019-08-27 19:00:00,10184.284
2019-08-27 19:30:00,9930.545
2019-08-27 20:00:00,9718.692
2019-08-27 20:30:00,9550.649
2019-08-27 21:00:00,9235.138
2019-08-27 21:30:00,8967.795
2019-08-27 22:00:00,8714.043
2019-08-27 22:30:00,8563.198
2019-08-27 23:00:00,8311.947
2019-08-27 23:30:00,8226.874
2019-08-28 00:00:00,8293.027
2019-08-28 00:30:00,8177.247
2019-08-28 01:00:00,7978.3745
2019-08-28 01:30:00,7794.6577
2019-08-28 02:00:00,7583.4927
2019-08-28 02:30:00,7285.419
2019-08-28 03:00:00,7027.729
2019-08-28 03:30:00,6869.5684
2019-08-28 04:00:00,6772.4805
2019-08-28 04:30:00,6807.976
2019-08-28 05:00:00,6935.7393
2019-08-28 05:30:00,7268.8384
2019-08-28 06:00:00,7634.3867
2019-08-28 06:30:00,8341.186
2019-08-28 07:00:00,8977.408
2019-08-28 07:30:00,9202.52
2019-08-28 08:00:00,9266.88
2019-08-28 08:30:00,9077.037
2019-08-28 09:00:00,8731.487
2019-08-28 09:30:00,8605.901
2019-08-28 10:00:00,8440.716
2019-08-28 10:30:00,8392.487
2019-08-28 11:00:00,8243.04
2019-08-28 11:30:00,8200.226
2019-08-28 12:00:00,8052.4043
2019-08-28 12:30:00,8052.6885
2019-08-28 13:00:00,7954.4136
2019-08-28 13:30:00,8015.132
2019-08-28 14:00:00,7949.7246
2019-08-28 14:30:00,7888.5264
2019-08-28 15:00:00,7882.69
2019-08-28 15:30:00,7977.46
2019-08-28 16:00:00,8142.511
2019-08-28 16:30:00,8392.43
2019-08-28 17:00:00,8748.541
2019-08-28 17:30:00,9183.41
2019-08-28 18:00:00,9829.891
2019-08-28 18:30:00,10235.293
2019-08-28 19:00:00,10246.88
2019-08-28 19:30:00,10043.768
2019-08-28 20:00:00,9906.696
2019-08-28 20:30:00,9736.327
2019-08-28 21:00:00,9519.403
2019-08-28 21:30:00,9199.65
2019-08-28 22:00:00,8930.5625
2019-08-28 22:30:00,8816.402
2019-08-28 23:00:00,8594.411
2019-08-28 23:30:00,8441.534
2019-08-29 00:00:00,8422.933
2019-08-29 00:30:00,8268.876
2019-08-29 01:00:00,8120.8936
2019-08-29 01:30:00,7976.4575
2019-08-29 02:00:00,7678.971
2019-08-29 02:30:00,7332.274
2019-08-29 03:00:00,7116.0273
2019-08-29 03:30:00,6940.314
2019-08-29 04:00:00,6834.151
2019-08-29 04:30:00,6872.462
2019-08-29 05:00:00,6991.754
2019-08-29 05:30:00,7428.0757
2019-08-29 06:00:00,7777.555
2019-08-29 06:30:00,8502.283
2019-08-29 07:00:00,9141.422
2019-08-29 07:30:00,9389.991
2019-08-29 08:00:00,9368.834
2019-08-29 08:30:00,9153.738
2019-08-29 09:00:00,8790.433
2019-08-29 09:30:00,8551.637
2019-08-29 10:00:00,8256.152
2019-08-29 10:30:00,8124.233
2019-08-29 11:00:00,8000.032
2019-08-29 11:30:00,7842.56
2019-08-29 12:00:00,7837.9106
2019-08-29 12:30:00,7775.18
2019-08-29 13:00:00,7778.9023
2019-08-29 13:30:00,7700.166
2019-08-29 14:00:00,7550.4644
2019-08-29 14:30:00,7597.967
2019-08-29 15:00:00,7809.787
2019-08-29 15:30:00,7800.983
2019-08-29 16:00:00,8040.2026
2019-08-29 16:30:00,8187.097
2019-08-29 17:00:00,8526.2295
2019-08-29 17:30:00,8873.184
2019-08-29 18:00:00,9516.212
2019-08-29 18:30:00,9799.155
2019-08-29 19:00:00,9829.104
2019-08-29 19:30:00,9728.259
2019-08-29 20:00:00,9563.13
2019-08-29 20:30:00,9461.37
2019-08-29 21:00:00,9233.333
2019-08-29 21:30:00,9128.705
2019-08-29 22:00:00,8836.845
2019-08-29 22:30:00,8781.652
2019-08-29 23:00:00,8489.211
2019-08-29 23:30:00,8340.983
2019-08-30 00:00:00,8176.6
2019-08-30 00:30:00,8109.0117
2019-08-30 01:00:00,7943.5527
2019-08-30 01:30:00,7739.5166
2019-08-30 02:00:00,7507.872
2019-08-30 02:30:00,7295.703
2019-08-30 03:00:00,7021.1465
2019-08-30 03:30:00,6900.015
2019-08-30 04:00:00,6835.659
2019-08-30 04:30:00,6882.8447
2019-08-30 05:00:00,7051.547
2019-08-30 05:30:00,7438.895
2019-08-30 06:00:00,7816.943
2019-08-30 06:30:00,8481.128
2019-08-30 07:00:00,9117.397
2019-08-30 07:30:00,9386.278
2019-08-30 08:00:00,9506.763
2019-08-30 08:30:00,9471.608
2019-08-30 09:00:00,9124.737
2019-08-30 09:30:00,9062.426
2019-08-30 10:00:00,9036.1875
2019-08-30 10:30:00,8929.271
2019-08-30 11:00:00,8699.706
2019-08-30 11:30:00,8575.006
2019-08-30 12:00:00,8519.219
2019-08-30 12:30:00,8496.353
2019-08-30 13:00:00,8445.454
2019-08-30 13:30:00,8472.244
2019-08-30 14:00:00,8590.168
2019-08-30 14:30:00,8641.318
2019-08-30 15:00:00,8693.85
2019-08-30 15:30:00,8729.315
2019-08-30 16:00:00,9013.346
2019-08-30 16:30:00,9326.823
2019-08-30 17:00:00,9772.989
2019-08-30 17:30:00,10107.697
2019-08-30 18:00:00,10569.136
2019-08-30 18:30:00,10717.138
2019-08-30 19:00:00,10659.918
2019-08-30 19:30:00,10452.7705
2019-08-30 20:00:00,10228.116
2019-08-30 20:30:00,10113.017
2019-08-30 21:00:00,9984.585
2019-08-30 21:30:00,9737.017
2019-08-30 22:00:00,9475.404
2019-08-30 22:30:00,9502.431
2019-08-30 23:00:00,8988.24
2019-08-30 23:30:00,8777.071
2019-08-31 00:00:00,8712.215
2019-08-31 00:30:00,8426.354
2019-08-31 01:00:00,8093.6304
2019-08-31 01:30:00,7908.7817
2019-08-31 02:00:00,7795.6685
2019-08-31 02:30:00,7461.031
2019-08-31 03:00:00,7147.784
2019-08-31 03:30:00,7025.213
2019-08-31 04:00:00,6797.731
2019-08-31 04:30:00,6851.461
2019-08-31 05:00:00,6784.6514
2019-08-31 05:30:00,7037.8906
2019-08-31 06:00:00,6832.4556
2019-08-31 06:30:00,7345.3794
2019-08-31 07:00:00,7739.8374
2019-08-31 07:30:00,7910.4453
2019-08-31 08:00:00,8647.894
2019-08-31 08:30:00,8622.837
2019-08-31 09:00:00,8793.567
2019-08-31 09:30:00,8682.38
2019-08-31 10:00:00,8511.972
2019-08-31 10:30:00,8325.623
2019-08-31 11:00:00,8265.9
2019-08-31 11:30:00,8286.215
2019-08-31 12:00:00,8146.9624
2019-08-31 12:30:00,8051.9033
2019-08-31 13:00:00,7860.3364
2019-08-31 13:30:00,7915.633
2019-08-31 14:00:00,7906.0693
2019-08-31 14:30:00,7924.0757
2019-08-31 15:00:00,8033.882
2019-08-31 15:30:00,8166.3384
2019-08-31 16:00:00,8371.291
2019-08-31 16:30:00,8639.158
2019-08-31 17:00:00,9009.208
2019-08-31 17:30:00,9271.947
2019-08-31 18:00:00,9899.438
2019-08-31 18:30:00,9991.444
2019-08-31 19:00:00,9904.783
2019-08-31 19:30:00,9682.023
2019-08-31 20:00:00,9469.306
2019-08-31 20:30:00,9290.909
2019-08-31 21:00:00,9122.243
2019-08-31 21:30:00,8848.267
2019-08-31 22:00:00,8685.045
2019-08-31 22:30:00,8598.239
2019-08-31 23:00:00,8274.212
2019-08-31 23:30:00,8140.667
2019-09-01 00:00:00,8090.3115
2019-09-01 00:30:00,7886.6206
2019-09-01 01:00:00,7572.1274
2019-09-01 01:30:00,7354.637
2019-09-01 02:00:00,7176.1274
2019-09-01 02:30:00,6836.3843
2019-09-01 03:00:00,6689.975
2019-09-01 03:30:00,6498.2383
2019-09-01 04:00:00,6397.999
2019-09-01 04:30:00,6384.499
2019-09-01 05:00:00,6321.4814
2019-09-01 05:30:00,6494.4443
2019-09-01 06:00:00,6556.613
2019-09-01 06:30:00,6914.194
2019-09-01 07:00:00,7070.959
2019-09-01 07:30:00,7377.763
2019-09-01 08:00:00,7601.487
2019-09-01 08:30:00,7738.407
2019-09-01 09:00:00,7840.264
2019-09-01 09:30:00,7758.414
2019-09-01 10:00:00,7674.414
2019-09-01 10:30:00,7558.273
2019-09-01 11:00:00,7431.4736
2019-09-01 11:30:00,7316.0244
2019-09-01 12:00:00,7274.393
2019-09-01 12:30:00,7135.5747
2019-09-01 13:00:00,7044.751
2019-09-01 13:30:00,6969.1816
2019-09-01 14:00:00,6959.8135
2019-09-01 14:30:00,7058.9927
2019-09-01 15:00:00,7073.9907
2019-09-01 15:30:00,7187.4204
2019-09-01 16:00:00,7396.623
2019-09-01 16:30:00,7655.2617
2019-09-01 17:00:00,8027.1226
2019-09-01 17:30:00,8375.061
2019-09-01 18:00:00,9055.167
2019-09-01 18:30:00,9375.685
2019-09-01 19:00:00,9412.248
2019-09-01 19:30:00,9199.704
2019-09-01 20:00:00,9000.64
2019-09-01 20:30:00,8867.488
2019-09-01 21:00:00,8663.34
2019-09-01 21:30:00,8562.292
2019-09-01 22:00:00,8221.895
2019-09-01 22:30:00,8219.587
2019-09-01 23:00:00,7934.19
2019-09-01 23:30:00,7807.848
2019-09-02 00:00:00,7702.8076
2019-09-02 00:30:00,7633.235
2019-09-02 01:00:00,7391.511
2019-09-02 01:30:00,7263.391
2019-09-02 02:00:00,7049.235
2019-09-02 02:30:00,6788.3857
2019-09-02 03:00:00,6698.232
2019-09-02 03:30:00,6629.9443
2019-09-02 04:00:00,6646.7173
2019-09-02 04:30:00,6530.909
2019-09-02 05:00:00,6825.5913
2019-09-02 05:30:00,6943.3213
2019-09-02 06:00:00,7652.31
2019-09-02 06:30:00,7711.679
2019-09-02 07:00:00,8984.341
2019-09-02 07:30:00,9192.439
2019-09-02 08:00:00,9101.641
2019-09-02 08:30:00,9221.979
2019-09-02 09:00:00,8514.064
2019-09-02 09:30:00,8468.078
2019-09-02 10:00:00,8236.584
2019-09-02 10:30:00,8107.326
2019-09-02 11:00:00,7694.8276
2019-09-02 11:30:00,7382.6587
2019-09-02 12:00:00,7280.419
2019-09-02 12:30:00,7155.6743
2019-09-02 13:00:00,6979.6904
2019-09-02 13:30:00,6908.953
2019-09-02 14:00:00,7050.9355
2019-09-02 14:30:00,7129.9473
2019-09-02 15:00:00,7156.117
2019-09-02 15:30:00,7476.457
2019-09-02 16:00:00,7797.2065
2019-09-02 16:30:00,8301.654
2019-09-02 17:00:00,8514.414
2019-09-02 17:30:00,8773.898
2019-09-02 18:00:00,9281.05
2019-09-02 18:30:00,9459.562
2019-09-02 19:00:00,9540.882
2019-09-02 19:30:00,9421.595
2019-09-02 20:00:00,9206.385
2019-09-02 20:30:00,9179.218
2019-09-02 21:00:00,8928.306
2019-09-02 21:30:00,8690.316
2019-09-02 22:00:00,8413.921
2019-09-02 22:30:00,8368.135
2019-09-02 23:00:00,8219.075
2019-09-02 23:30:00,8084.0845
2019-09-03 00:00:00,7850.9663
2019-09-03 00:30:00,7725.2886
2019-09-03 01:00:00,7673.721
2019-09-03 01:30:00,7487.835
2019-09-03 02:00:00,7366.653
2019-09-03 02:30:00,7178.858
2019-09-03 03:00:00,6785.62
2019-09-03 03:30:00,6661.2246
2019-09-03 04:00:00,6535.964
2019-09-03 04:30:00,6580.034
2019-09-03 05:00:00,6697.568
2019-09-03 05:30:00,7007.6436
2019-09-03 06:00:00,7551.784
2019-09-03 06:30:00,8064.627
2019-09-03 07:00:00,8642.893
2019-09-03 07:30:00,8853.951
2019-09-03 08:00:00,8792.842
2019-09-03 08:30:00,8563.964
2019-09-03 09:00:00,8341.754
2019-09-03 09:30:00,8121.2153
2019-09-03 10:00:00,7971.584
2019-09-03 10:30:00,7893.163
2019-09-03 11:00:00,7836.9634
2019-09-03 11:30:00,7975.175
2019-09-03 12:00:00,7793.609
2019-09-03 12:30:00,7723.492
2019-09-03 13:00:00,7788.0815
2019-09-03 13:30:00,7788.0815
2019-09-03 14:00:00,7750.887
2019-09-03 14:30:00,7751.1904
2019-09-03 15:00:00,7766.801
2019-09-03 15:30:00,7842.473
2019-09-03 16:00:00,7958.767
2019-09-03 16:30:00,8072.7646
2019-09-03 17:00:00,8448.962
2019-09-03 17:30:00,8804.148
2019-09-03 18:00:00,9361.62
2019-09-03 18:30:00,9735.268
2019-09-03 19:00:00,9758.79
2019-09-03 19:30:00,9507.461
2019-09-03 20:00:00,9297.2
2019-09-03 20:30:00,9171.604
2019-09-03 21:00:00,8966.306
2019-09-03 21:30:00,8744.362
2019-09-03 22:00:00,8465.99
2019-09-03 22:30:00,8369.743
2019-09-03 23:00:00,8159.45
2019-09-03 23:30:00,8084.2227
2019-09-04 00:00:00,7949.337
2019-09-04 00:30:00,7855.48
2019-09-04 01:00:00,7657.8716
2019-09-04 01:30:00,7375.258
2019-09-04 02:00:00,6603.61
2019-09-04 02:30:00,6362.62
2019-09-04 03:00:00,6135.576
2019-09-04 03:30:00,6094.249
2019-09-04 04:00:00,6025.5273
2019-09-04 04:30:00,6459.425
2019-09-04 05:00:00,6691.816
2019-09-04 05:30:00,7002.296
2019-09-04 06:00:00,7376.151
2019-09-04 06:30:00,8031.906
2019-09-04 07:00:00,8655.573
2019-09-04 07:30:00,8806.311
2019-09-04 08:00:00,8752.631
2019-09-04 08:30:00,8250.819
2019-09-04 09:00:00,8063.5244
2019-09-04 09:30:00,7948.5806
2019-09-04 10:00:00,7667.3457
2019-09-04 10:30:00,7628.661
2019-09-04 11:00:00,7387.476
2019-09-04 11:30:00,7306.6416
2019-09-04 12:00:00,7299.138
2019-09-04 12:30:00,7211.6504
2019-09-04 13:00:00,7303.246
2019-09-04 13:30:00,7280.1353
2019-09-04 14:00:00,7389.0234
2019-09-04 14:30:00,7406.83
2019-09-04 15:00:00,7453.413
2019-09-04 15:30:00,7482.677
2019-09-04 16:00:00,7794.723
2019-09-04 16:30:00,7906.9873
2019-09-04 17:00:00,8184.221
2019-09-04 17:30:00,8431.266
2019-09-04 18:00:00,8906.7
2019-09-04 18:30:00,9201.943
2019-09-04 19:00:00,9240.898
2019-09-04 19:30:00,9115.315
2019-09-04 20:00:00,8862.031
2019-09-04 20:30:00,8755.528
2019-09-04 21:00:00,8560.924
2019-09-04 21:30:00,8420.728
2019-09-04 22:00:00,8198.723
2019-09-04 22:30:00,8171.7964
2019-09-04 23:00:00,7987.264
2019-09-04 23:30:00,7927.5825
2019-09-05 00:00:00,7893.0166
2019-09-05 00:30:00,7708.9272
2019-09-05 01:00:00,7553.316
2019-09-05 01:30:00,7387.343
2019-09-05 02:00:00,7131.9395
2019-09-05 02:30:00,6889.2686
2019-09-05 03:00:00,6604.1157
2019-09-05 03:30:00,6443.71
2019-09-05 04:00:00,6352.1772
2019-09-05 04:30:00,6388.093
2019-09-05 05:00:00,6503.7407
2019-09-05 05:30:00,6844.6865
2019-09-05 06:00:00,7233.99
2019-09-05 06:30:00,7893.408
2019-09-05 07:00:00,8539.358
2019-09-05 07:30:00,8656.247
2019-09-05 08:00:00,8572.807
2019-09-05 08:30:00,8385.502
2019-09-05 09:00:00,8020.0854
2019-09-05 09:30:00,7744.13
2019-09-05 10:00:00,7611.771
2019-09-05 10:30:00,7583.845
2019-09-05 11:00:00,7410.4634
2019-09-05 11:30:00,7301.42
2019-09-05 12:00:00,7273.1772
2019-09-05 12:30:00,7261.2236
2019-09-05 13:00:00,7342.727
2019-09-05 13:30:00,7342.397
2019-09-05 14:00:00,7378.8955
2019-09-05 14:30:00,7422.2637
2019-09-05 15:00:00,7423.0576
2019-09-05 15:30:00,7443.8774
2019-09-05 16:00:00,7669.175
2019-09-05 16:30:00,7924.309
2019-09-05 17:00:00,8199.367
2019-09-05 17:30:00,8459.919
2019-09-05 18:00:00,8947.301
2019-09-05 18:30:00,9138.984
2019-09-05 19:00:00,9144.414
2019-09-05 19:30:00,8921.892
2019-09-05 20:00:00,8705.309
2019-09-05 20:30:00,8560.897
2019-09-05 21:00:00,8383.509
2019-09-05 21:30:00,8245.657
2019-09-05 22:00:00,7991.03
2019-09-05 22:30:00,8032.9053
2019-09-05 23:00:00,7836.4316
2019-09-05 23:30:00,7768.562
2019-09-06 00:00:00,7668.7114
2019-09-06 00:30:00,7560.7144
2019-09-06 01:00:00,7412.0327
2019-09-06 01:30:00,7216.5557
2019-09-06 02:00:00,7064.897
2019-09-06 02:30:00,6840.9956
2019-09-06 03:00:00,6553.8013
2019-09-06 03:30:00,6458.641
2019-09-06 04:00:00,6420.2334
2019-09-06 04:30:00,6441.341
2019-09-06 05:00:00,6560.0093
2019-09-06 05:30:00,6846.3086
2019-09-06 06:00:00,7134.8647
2019-09-06 06:30:00,7675.4497
2019-09-06 07:00:00,8184.5986
2019-09-06 07:30:00,8201.371
2019-09-06 08:00:00,8166.443
2019-09-06 08:30:00,8053.5195
2019-09-06 09:00:00,7854.5347
2019-09-06 09:30:00,7735.5854
2019-09-06 10:00:00,7669.595
2019-09-06 10:30:00,7631.5796
2019-09-06 11:00:00,7544.3184
2019-09-06 11:30:00,7444.606
2019-09-06 12:00:00,7384.5938
2019-09-06 12:30:00,7344.665
2019-09-06 13:00:00,7447.5596
2019-09-06 13:30:00,7396.9272
2019-09-06 14:00:00,7411.6846
2019-09-06 14:30:00,7478.127
2019-09-06 15:00:00,7560.477
2019-09-06 15:30:00,7589.2827
2019-09-06 16:00:00,7789.0454
2019-09-06 16:30:00,8027.425
2019-09-06 17:00:00,8117.034
2019-09-06 17:30:00,8328.857
2019-09-06 18:00:00,8652.426
2019-09-06 18:30:00,8931.706
2019-09-06 19:00:00,8901.1875
2019-09-06 19:30:00,8722.387
2019-09-06 20:00:00,8487.338
2019-09-06 20:30:00,8354.664
2019-09-06 21:00:00,8330.338
2019-09-06 21:30:00,8199.4795
2019-09-06 22:00:00,8003.586
2019-09-06 22:30:00,7972.8965
2019-09-06 23:00:00,7898.8413
2019-09-06 23:30:00,7793.477
2019-09-07 00:00:00,7628.078
2019-09-07 00:30:00,7507.9854
2019-09-07 01:00:00,7330.6396
2019-09-07 01:30:00,7111.447
2019-09-07 02:00:00,7036.0273
2019-09-07 02:30:00,6676.901
2019-09-07 03:00:00,6431.549
2019-09-07 03:30:00,6257.667
2019-09-07 04:00:00,6049.6807
2019-09-07 04:30:00,6091.746
2019-09-07 05:00:00,6112.7476
2019-09-07 05:30:00,6452.452
2019-09-07 06:00:00,6465.4253
2019-09-07 06:30:00,6719.27
2019-09-07 07:00:00,7042.2383
2019-09-07 07:30:00,7158.5947
2019-09-07 08:00:00,7407.654
2019-09-07 08:30:00,7291.007
2019-09-07 09:00:00,7375.175
2019-09-07 09:30:00,7339.687
2019-09-07 10:00:00,7216.3325
2019-09-07 10:30:00,7244.913
2019-09-07 11:00:00,7133.7515
2019-09-07 11:30:00,7056.2046
2019-09-07 12:00:00,7062.3564
2019-09-07 12:30:00,7061.669
2019-09-07 13:00:00,6983.983
2019-09-07 13:30:00,6998.8413
2019-09-07 14:00:00,6929.675
2019-09-07 14:30:00,7025.6113
2019-09-07 15:00:00,7149.779
2019-09-07 15:30:00,7187.234
2019-09-07 16:00:00,7297.24
2019-09-07 16:30:00,7082.9546
2019-09-07 17:00:00,7603.59
2019-09-07 17:30:00,7673.547
2019-09-07 18:00:00,8080.9873
2019-09-07 18:30:00,8183.32
2019-09-07 19:00:00,7979.4663
2019-09-07 19:30:00,7857.746
2019-09-07 20:00:00,7698.619
2019-09-07 20:30:00,7637.4346
2019-09-07 21:00:00,7501.086
2019-09-07 21:30:00,7450.9414
2019-09-07 22:00:00,7357.1436
2019-09-07 22:30:00,7430.32
2019-09-07 23:00:00,7330.747
2019-09-07 23:30:00,7336.251
2019-09-08 00:00:00,7269.791
2019-09-08 00:30:00,7079.489
2019-09-08 01:00:00,6826.046
2019-09-08 01:30:00,6706.2314
2019-09-08 02:00:00,6431.7524
2019-09-08 02:30:00,6276.628
2019-09-08 03:00:00,6112.1255
2019-09-08 03:30:00,5943.0903
2019-09-08 04:00:00,5840.4214
2019-09-08 04:30:00,5819.1406
2019-09-08 05:00:00,5804.915
2019-09-08 05:30:00,5898.6562
2019-09-08 06:00:00,6012.7827
2019-09-08 06:30:00,6277.9043
2019-09-08 07:00:00,6546.676
2019-09-08 07:30:00,6684.4604
2019-09-08 08:00:00,6787.3794
2019-09-08 08:30:00,6926.2417
2019-09-08 09:00:00,7002.4937
2019-09-08 09:30:00,6886.6387
2019-09-08 10:00:00,6852.2476
2019-09-08 10:30:00,6714.996
2019-09-08 11:00:00,6562.368
2019-09-08 11:30:00,6478.7
2019-09-08 12:00:00,6369.3477
2019-09-08 12:30:00,6501.488
2019-09-08 13:00:00,6232.0977
2019-09-08 13:30:00,6233.301
2019-09-08 14:00:00,6359.459
2019-09-08 14:30:00,6359.459
2019-09-08 15:00:00,6470.7656
2019-09-08 15:30:00,6674.0283
2019-09-08 16:00:00,6902.3354
2019-09-08 16:30:00,7079.111
2019-09-08 17:00:00,7449.464
2019-09-08 17:30:00,7807.883
2019-09-08 18:00:00,8397.372
2019-09-08 18:30:00,8700.07
2019-09-08 19:00:00,8732.561
2019-09-08 19:30:00,8684.981
2019-09-08 20:00:00,8569.334
2019-09-08 20:30:00,8499.512
2019-09-08 21:00:00,8277.476
2019-09-08 21:30:00,8193.714
2019-09-08 22:00:00,7899.246
2019-09-08 22:30:00,7899.246
2019-09-08 23:00:00,7572.893
2019-09-08 23:30:00,7372.803
2019-09-09 00:00:00,7390.8193
2019-09-09 00:30:00,7292.967
2019-09-09 01:00:00,7161.044
2019-09-09 01:30:00,6909.605
2019-09-09 02:00:00,6794.7173
2019-09-09 02:30:00,6573.892
2019-09-09 03:00:00,6392.293
2019-09-09 03:30:00,6315.004
2019-09-09 04:00:00,6246.3867
2019-09-09 04:30:00,6186.4897
2019-09-09 05:00:00,6542.54
2019-09-09 05:30:00,6600.5376
2019-09-09 06:00:00,7533.8545
2019-09-09 06:30:00,7542.8486
2019-09-09 07:00:00,8513.156
2019-09-09 07:30:00,8421.317
2019-09-09 08:00:00,8497.682
2019-09-09 08:30:00,8642.354
2019-09-09 09:00:00,8007.647
2019-09-09 09:30:00,8014.382
2019-09-09 10:00:00,7872.5083
2019-09-09 10:30:00,7587.7373
2019-09-09 11:00:00,7431.581
2019-09-09 11:30:00,7424.242
2019-09-09 12:00:00,7338.3228
2019-09-09 12:30:00,7385.493
2019-09-09 13:00:00,7088.769
2019-09-09 13:30:00,7176.297
2019-09-09 14:00:00,7195.194
2019-09-09 14:30:00,7272.2095
2019-09-09 15:00:00,7336.3315
2019-09-09 15:30:00,7775.262
2019-09-09 16:00:00,8305.506
2019-09-09 16:30:00,8408.277
2019-09-09 17:00:00,8711.776
2019-09-09 17:30:00,8926.972
2019-09-09 18:00:00,9343.062
2019-09-09 18:30:00,9927.744
2019-09-09 19:00:00,9807.048
2019-09-09 19:30:00,9695.302
2019-09-09 20:00:00,9466.19
2019-09-09 20:30:00,9308.824
2019-09-09 21:00:00,9133.638
2019-09-09 21:30:00,8965.342
2019-09-09 22:00:00,8582.128
2019-09-09 22:30:00,8367.255
2019-09-09 23:00:00,8254.332
2019-09-09 23:30:00,8152.039
2019-09-10 00:00:00,7898.81
2019-09-10 00:30:00,7736.917
2019-09-10 01:00:00,7579.73
2019-09-10 01:30:00,7393.4478
2019-09-10 02:00:00,7267.799
2019-09-10 02:30:00,6866.9463
2019-09-10 03:00:00,6643.643
2019-09-10 03:30:00,6517.1543
2019-09-10 04:00:00,6381.7974
2019-09-10 04:30:00,6386.659
2019-09-10 05:00:00,6585.852
2019-09-10 05:30:00,6871.2764
2019-09-10 06:00:00,7496.9087
2019-09-10 06:30:00,8002.0884
2019-09-10 07:00:00,8518.757
2019-09-10 07:30:00,8573.889
2019-09-10 08:00:00,8622.76
2019-09-10 08:30:00,8467.028
2019-09-10 09:00:00,8310.977
2019-09-10 09:30:00,8174.7686
2019-09-10 10:00:00,8059.3613
2019-09-10 10:30:00,7917.747
2019-09-10 11:00:00,7827.2007
2019-09-10 11:30:00,7948.775
2019-09-10 12:00:00,7829.3735
2019-09-10 12:30:00,7812.539
2019-09-10 13:00:00,7836.168
2019-09-10 13:30:00,7842.6445
2019-09-10 14:00:00,7817.709
2019-09-10 14:30:00,7901.771
2019-09-10 15:00:00,8003.059
2019-09-10 15:30:00,8043.4917
2019-09-10 16:00:00,8230.691
2019-09-10 16:30:00,8536.007
2019-09-10 17:00:00,8985.729
2019-09-10 17:30:00,9502.726
2019-09-10 18:00:00,10076.212
2019-09-10 18:30:00,10524.695
2019-09-10 19:00:00,10443.005
2019-09-10 19:30:00,10179.335
2019-09-10 20:00:00,9963.372
2019-09-10 20:30:00,9731.138
2019-09-10 21:00:00,9432.794
2019-09-10 21:30:00,9166.742
2019-09-10 22:00:00,8858.2705
2019-09-10 22:30:00,8773.314
2019-09-10 23:00:00,8500.798
2019-09-10 23:30:00,8412.433
2019-09-11 00:00:00,8215.291
2019-09-11 00:30:00,8092.8945
2019-09-11 01:00:00,7863.108
2019-09-11 01:30:00,7633.776
2019-09-11 02:00:00,7421.624
2019-09-11 02:30:00,7198.7656
2019-09-11 03:00:00,6938.77
2019-09-11 03:30:00,6780.642
2019-09-11 04:00:00,6704.6406
2019-09-11 04:30:00,6704.6406
2019-09-11 05:00:00,6836.4995
2019-09-11 05:30:00,7103.2603
2019-09-11 06:00:00,7535.773
2019-09-11 06:30:00,8246.637
2019-09-11 07:00:00,8989.898
2019-09-11 07:30:00,9141.111
2019-09-11 08:00:00,9118.589
2019-09-11 08:30:00,8847.175
2019-09-11 09:00:00,8531.503
2019-09-11 09:30:00,8247.219
2019-09-11 10:00:00,8052.4033
2019-09-11 10:30:00,7996.76
2019-09-11 11:00:00,7961.1323
2019-09-11 11:30:00,7786.4634
2019-09-11 12:00:00,7699.2305
2019-09-11 12:30:00,7686.818
2019-09-11 13:00:00,7577.5625
2019-09-11 13:30:00,7544.909
2019-09-11 14:00:00,7526.8486
2019-09-11 14:30:00,7598.6367
2019-09-11 15:00:00,7554.556
2019-09-11 15:30:00,7662.1943
2019-09-11 16:00:00,7905.732
2019-09-11 16:30:00,8108.116
2019-09-11 17:00:00,8550.028
2019-09-11 17:30:00,8997.751
2019-09-11 18:00:00,9758.965
2019-09-11 18:30:00,10242.0205
2019-09-11 19:00:00,10274.175
2019-09-11 19:30:00,10205.094
2019-09-11 20:00:00,9989.213
2019-09-11 20:30:00,9852.991
2019-09-11 21:00:00,9560.46
2019-09-11 21:30:00,9241.703
2019-09-11 22:00:00,8947.544
2019-09-11 22:30:00,8806.435
2019-09-11 23:00:00,8511.963
2019-09-11 23:30:00,8334.075
2019-09-12 00:00:00,8233.62
2019-09-12 00:30:00,8118.693
2019-09-12 01:00:00,7967.268
2019-09-12 01:30:00,7817.3237
2019-09-12 02:00:00,7491.734
2019-09-12 02:30:00,7245.5127
2019-09-12 03:00:00,7007.1387
2019-09-12 03:30:00,6842.4233
2019-09-12 04:00:00,6760.8994
2019-09-12 04:30:00,6775.2817
2019-09-12 05:00:00,6886.987
2019-09-12 05:30:00,7180.6646
2019-09-12 06:00:00,7676.7295
2019-09-12 06:30:00,8350.288
2019-09-12 07:00:00,9018.011
2019-09-12 07:30:00,9132.103
2019-09-12 08:00:00,9146.581
2019-09-12 08:30:00,8911.719
2019-09-12 09:00:00,8571.658
2019-09-12 09:30:00,8258.572
2019-09-12 10:00:00,7952.675
2019-09-12 10:30:00,7812.57
2019-09-12 11:00:00,7615.837
2019-09-12 11:30:00,7432.213
2019-09-12 12:00:00,7414.0986
2019-09-12 12:30:00,7340.1284
2019-09-12 13:00:00,7372.8184
2019-09-12 13:30:00,7379.1865
2019-09-12 14:00:00,7482.8413
2019-09-12 14:30:00,7464.3
2019-09-12 15:00:00,7366.9097
2019-09-12 15:30:00,7402.5425
2019-09-12 16:00:00,7605.4375
2019-09-12 16:30:00,7845.963
2019-09-12 17:00:00,8239.352
2019-09-12 17:30:00,8552.22
2019-09-12 18:00:00,9089.843
2019-09-12 18:30:00,9497.373
2019-09-12 19:00:00,9525.419
2019-09-12 19:30:00,9462.421
2019-09-12 20:00:00,9280.55
2019-09-12 20:30:00,9216.088
2019-09-12 21:00:00,8961.901
2019-09-12 21:30:00,8785.052
2019-09-12 22:00:00,8437.982
2019-09-12 22:30:00,8407.099
2019-09-12 23:00:00,8207.85
2019-09-12 23:30:00,8096.2676
2019-09-13 00:00:00,8058.4307
2019-09-13 00:30:00,7902.5034
2019-09-13 01:00:00,7685.741
2019-09-13 01:30:00,7558.932
2019-09-13 02:00:00,7280.4365
2019-09-13 02:30:00,7025.103
2019-09-13 03:00:00,6846.141
2019-09-13 03:30:00,6679.888
2019-09-13 04:00:00,6482.5737
2019-09-13 04:30:00,6482.5737
2019-09-13 05:00:00,6623.272
2019-09-13 05:30:00,7011.0566
2019-09-13 06:00:00,7447.7324
2019-09-13 06:30:00,8067.723
2019-09-13 07:00:00,8652.903
2019-09-13 07:30:00,8779.533
2019-09-13 08:00:00,8859.718
2019-09-13 08:30:00,8683.951
2019-09-13 09:00:00,8370.6045
2019-09-13 09:30:00,8189.4473
2019-09-13 10:00:00,7975.2085
2019-09-13 10:30:00,7718.604
2019-09-13 11:00:00,7560.1685
2019-09-13 11:30:00,7450.3745
2019-09-13 12:00:00,7437.4585
2019-09-13 12:30:00,7360.0366
2019-09-13 13:00:00,7453.9824
2019-09-13 13:30:00,7528.5376
2019-09-13 14:00:00,7513.3296
2019-09-13 14:30:00,7551.7944
2019-09-13 15:00:00,7735.359
2019-09-13 15:30:00,7786.038
2019-09-13 16:00:00,7932.342
2019-09-13 16:30:00,8080.8623
2019-09-13 17:00:00,8184.608
2019-09-13 17:30:00,8422.475
2019-09-13 18:00:00,8816.366
2019-09-13 18:30:00,9129.797
2019-09-13 19:00:00,9169.51
2019-09-13 19:30:00,9004.734
2019-09-13 20:00:00,8916.783
2019-09-13 20:30:00,8790.306
2019-09-13 21:00:00,8694.976
2019-09-13 21:30:00,8467.112
2019-09-13 22:00:00,8323.954
2019-09-13 22:30:00,8274.067
2019-09-13 23:00:00,8131.2983
2019-09-13 23:30:00,8053.2095
2019-09-14 00:00:00,7781.849
2019-09-14 00:30:00,7672.5127
2019-09-14 01:00:00,7461.597
2019-09-14 01:30:00,7318.168
2019-09-14 02:00:00,7175.91
2019-09-14 02:30:00,6893.186
2019-09-14 03:00:00,6689.5713
2019-09-14 03:30:00,6595.2373
2019-09-14 04:00:00,6372.4365
2019-09-14 04:30:00,6372.4365
2019-09-14 05:00:00,6210.272
2019-09-14 05:30:00,6311.054
2019-09-14 06:00:00,6575.851
2019-09-14 06:30:00,6797.993
2019-09-14 07:00:00,7111.23
2019-09-14 07:30:00,7242.15
2019-09-14 08:00:00,7569.183
2019-09-14 08:30:00,7548.4917
2019-09-14 09:00:00,7406.999
2019-09-14 09:30:00,7351.2905
2019-09-14 10:00:00,7273.8823
2019-09-14 10:30:00,7191.1274
2019-09-14 11:00:00,7036.9165
2019-09-14 11:30:00,6954.557
2019-09-14 12:00:00,6860.2334
2019-09-14 12:30:00,6837.915
2019-09-14 13:00:00,6747.4805
2019-09-14 13:30:00,6719.3027
2019-09-14 14:00:00,6681.4
2019-09-14 14:30:00,6681.4
2019-09-14 15:00:00,6821.2515
2019-09-14 15:30:00,6877.3105
2019-09-14 16:00:00,7035.672
2019-09-14 16:30:00,7147.479
2019-09-14 17:00:00,7376.893
2019-09-14 17:30:00,7442.826
2019-09-14 18:00:00,7784.215
2019-09-14 18:30:00,8069.527
2019-09-14 19:00:00,7987.415
2019-09-14 19:30:00,7895.727
2019-09-14 20:00:00,7721.7905
2019-09-14 20:30:00,7678.7144
2019-09-14 21:00:00,7543.772
2019-09-14 21:30:00,7477.928
2019-09-14 22:00:00,7422.999
2019-09-14 22:30:00,7425.9116
2019-09-14 23:00:00,7296.4873
2019-09-14 23:30:00,7285.3027
2019-09-15 00:00:00,7223.788
2019-09-15 00:30:00,6953.842
2019-09-15 01:00:00,6824.989
2019-09-15 01:30:00,6655.7456
2019-09-15 02:00:00,6428.896
2019-09-15 02:30:00,6233.7256
2019-09-15 03:00:00,6166.613
2019-09-15 03:30:00,6029.1235
2019-09-15 04:00:00,5988.0063
2019-09-15 04:30:00,5984.531
2019-09-15 05:00:00,5939.585
2019-09-15 05:30:00,6044.1577
2019-09-15 06:00:00,6183.48
2019-09-15 06:30:00,6359.131
2019-09-15 07:00:00,6584.315
2019-09-15 07:30:00,6642.662
2019-09-15 08:00:00,6759.9956
2019-09-15 08:30:00,6759.9956
2019-09-15 09:00:00,6826.1787
2019-09-15 09:30:00,6729.3154
2019-09-15 10:00:00,6667.9624
2019-09-15 10:30:00,6547.558
2019-09-15 11:00:00,6559.295
2019-09-15 11:30:00,6487.9463
2019-09-15 12:00:00,6501.488
2019-09-15 12:30:00,6501.488
2019-09-15 13:00:00,6218.4893
2019-09-15 13:30:00,6170.4385
2019-09-15 14:00:00,6237.4624
2019-09-15 14:30:00,6237.4624
2019-09-15 15:00:00,6310.918
2019-09-15 15:30:00,6375.3506
2019-09-15 16:00:00,6611.772
2019-09-15 16:30:00,6910.133
2019-09-15 17:00:00,7196.932
2019-09-15 17:30:00,7392.59
2019-09-15 18:00:00,8011.9507
2019-09-15 18:30:00,8320.549
2019-09-15 19:00:00,8423.06
2019-09-15 19:30:00,8268.031
2019-09-15 20:00:00,8182.252
2019-09-15 20:30:00,8119.717
2019-09-15 21:00:00,7885.9004
2019-09-15 21:30:00,7810.088
2019-09-15 22:00:00,7509.3354
2019-09-15 22:30:00,7509.3354
2019-09-15 23:00:00,7097.5884
2019-09-15 23:30:00,7096.287
2019-09-16 00:00:00,7239.755
2019-09-16 00:30:00,6977.831
2019-09-16 01:00:00,7048.141
2019-09-16 01:30:00,6770.3003
2019-09-16 02:00:00,6700.832
2019-09-16 02:30:00,6381.7803
2019-09-16 03:00:00,6326.329
2019-09-16 03:30:00,6184.9424
2019-09-16 04:00:00,6100.287
2019-09-16 04:30:00,6146.8496
2019-09-16 05:00:00,6563.1406
2019-09-16 05:30:00,6629.1
2019-09-16 06:00:00,7391.645
2019-09-16 06:30:00,7553.724
2019-09-16 07:00:00,8425.835
2019-09-16 07:30:00,8597.373
2019-09-16 08:00:00,8324.733
2019-09-16 08:30:00,8236.8545
2019-09-16 09:00:00,7644.4214
2019-09-16 09:30:00,7657.92
2019-09-16 10:00:00,7604.6724
2019-09-16 10:30:00,7364.134
2019-09-16 11:00:00,7249.2866
2019-09-16 11:30:00,7224.1816
2019-09-16 12:00:00,7213.569
2019-09-16 12:30:00,7155.528
2019-09-16 13:00:00,6959.4707
2019-09-16 13:30:00,6959.7754
2019-09-16 14:00:00,7129.03
2019-09-16 14:30:00,7196.0225
2019-09-16 15:00:00,7263.646
2019-09-16 15:30:00,7425.1475
2019-09-16 16:00:00,7642.2114
2019-09-16 16:30:00,8164.87
2019-09-16 17:00:00,8405.126
2019-09-16 17:30:00,8680.857
2019-09-16 18:00:00,8687.82
2019-09-16 18:30:00,9063.591
2019-09-16 19:00:00,9093.444
2019-09-16 19:30:00,8834.107
2019-09-16 20:00:00,8497.713
2019-09-16 20:30:00,8563.339
2019-09-16 21:00:00,8253.316
2019-09-16 21:30:00,8134.5815
2019-09-16 22:00:00,7873.2983
2019-09-16 22:30:00,7841.6743
2019-09-16 23:00:00,7574.1084
2019-09-16 23:30:00,7535.081
2019-09-17 00:00:00,7346.4863
2019-09-17 00:30:00,7201.843
2019-09-17 01:00:00,6967.7305
2019-09-17 01:30:00,6803.6665
2019-09-17 02:00:00,6647.7725
2019-09-17 02:30:00,6369.3223
2019-09-17 03:00:00,6118.7803
2019-09-17 03:30:00,6026.6587
2019-09-17 04:00:00,5951.0215
2019-09-17 04:30:00,5981.43
2019-09-17 05:00:00,6140.5107
2019-09-17 05:30:00,6529.222
2019-09-17 06:00:00,7017.8345
2019-09-17 06:30:00,7462.5024
2019-09-17 07:00:00,7775.928
2019-09-17 07:30:00,7780.6323
2019-09-17 08:00:00,7898.8765
2019-09-17 08:30:00,7855.952
2019-09-17 09:00:00,7900.9834
2019-09-17 09:30:00,7964.971
2019-09-17 10:00:00,7821.1816
2019-09-17 10:30:00,7839.576
2019-09-17 11:00:00,7977.15
2019-09-17 11:30:00,7926.2046
2019-09-17 12:00:00,7865.1055
2019-09-17 12:30:00,7877.6514
2019-09-17 13:00:00,7880.4033
2019-09-17 13:30:00,7886.88
2019-09-17 14:00:00,7860.4756
2019-09-17 14:30:00,7851.4614
2019-09-17 15:00:00,7792.143
2019-09-17 15:30:00,7812.6094
2019-09-17 16:00:00,7973.1997
2019-09-17 16:30:00,8094.814
2019-09-17 17:00:00,8314.242
2019-09-17 17:30:00,8532.224
2019-09-17 18:00:00,9035.249
2019-09-17 18:30:00,9197.551
2019-09-17 19:00:00,9076.285
2019-09-17 19:30:00,8737.036
2019-09-17 20:00:00,8494.352
2019-09-17 20:30:00,8245.168
2019-09-17 21:00:00,8146.762
2019-09-17 21:30:00,7999.3267
2019-09-17 22:00:00,7843.279
2019-09-17 22:30:00,7876.6333
2019-09-17 23:00:00,7685.472
2019-09-17 23:30:00,7652.7524
2019-09-18 00:00:00,7603.5522
2019-09-18 00:30:00,7504.455
2019-09-18 01:00:00,7351.7637
2019-09-18 01:30:00,7198.2085
2019-09-18 02:00:00,7013.4355
2019-09-18 02:30:00,6704.631
2019-09-18 03:00:00,6499.8774
2019-09-18 03:30:00,6344.731
2019-09-18 04:00:00,6285.6235
2019-09-18 04:30:00,6321.074
2019-09-18 05:00:00,6414.7305
2019-09-18 05:30:00,6777.8027
2019-09-18 06:00:00,7121.2715
2019-09-18 06:30:00,7741.1963
2019-09-18 07:00:00,8364.666
2019-09-18 07:30:00,8648.349
2019-09-18 08:00:00,8841.296
2019-09-18 08:30:00,8916.747
2019-09-18 09:00:00,8796.1875
2019-09-18 09:30:00,8892.285
2019-09-18 10:00:00,8959.527
2019-09-18 10:30:00,8996.56
2019-09-18 11:00:00,8857.895
2019-09-18 11:30:00,8756.796
2019-09-18 12:00:00,8588.626
2019-09-18 12:30:00,8694.897
2019-09-18 13:00:00,8589.657
2019-09-18 13:30:00,8589.657
2019-09-18 14:00:00,8624.831
2019-09-18 14:30:00,8624.831
2019-09-18 15:00:00,8606.688
2019-09-18 15:30:00,8642.498
2019-09-18 16:00:00,8833.56
2019-09-18 16:30:00,9076.121
2019-09-18 17:00:00,9463.675
2019-09-18 17:30:00,9597.248
2019-09-18 18:00:00,10075.119
2019-09-18 18:30:00,10421.484
2019-09-18 19:00:00,10222.386
2019-09-18 19:30:00,10133.451
2019-09-18 20:00:00,9894.071
2019-09-18 20:30:00,9638.051
2019-09-18 21:00:00,9382.392
2019-09-18 21:30:00,9011.419
2019-09-18 22:00:00,8718.9375
2019-09-18 22:30:00,8600.983
2019-09-18 23:00:00,8198.377
2019-09-18 23:30:00,8018.5005
2019-09-19 00:00:00,8192.051
2019-09-19 00:30:00,7981.209
2019-09-19 01:00:00,7853.43
2019-09-19 01:30:00,7669.256
2019-09-19 02:00:00,7036.259
2019-09-19 02:30:00,6870.483
2019-09-19 03:00:00,6597.848
2019-09-19 03:30:00,6361.6616
2019-09-19 04:00:00,6492.172
2019-09-19 04:30:00,6543.6953
2019-09-19 05:00:00,6645.471
2019-09-19 05:30:00,6943.4185
2019-09-19 06:00:00,7402.6064
2019-09-19 06:30:00,8143.071
2019-09-19 07:00:00,8663.444
2019-09-19 07:30:00,8858.92
2019-09-19 08:00:00,9040.008
2019-09-19 08:30:00,8873.25
2019-09-19 09:00:00,8715.029
2019-09-19 09:30:00,8623.056
2019-09-19 10:00:00,8510.819
2019-09-19 10:30:00,8495.378
2019-09-19 11:00:00,8413.358
2019-09-19 11:30:00,8280.93
2019-09-19 12:00:00,8218.565
2019-09-19 12:30:00,8261.377
2019-09-19 13:00:00,8176.889
2019-09-19 13:30:00,8176.889
2019-09-19 14:00:00,8126.477
2019-09-19 14:30:00,8128.981
2019-09-19 15:00:00,8110.1387
2019-09-19 15:30:00,8171.6074
2019-09-19 16:00:00,8338.72
2019-09-19 16:30:00,8552.014
2019-09-19 17:00:00,8858.759
2019-09-19 17:30:00,9110.157
2019-09-19 18:00:00,9695.984
2019-09-19 18:30:00,9904.341
2019-09-19 19:00:00,9965.637
2019-09-19 19:30:00,9824.227
2019-09-19 20:00:00,9605.011
2019-09-19 20:30:00,9412.709
2019-09-19 21:00:00,9073.815
2019-09-19 21:30:00,8830.513
2019-09-19 22:00:00,8553.207
2019-09-19 22:30:00,8512.265
2019-09-19 23:00:00,8295.431
2019-09-19 23:30:00,8165.826
2019-09-20 00:00:00,7910.507
2019-09-20 00:30:00,7688.639
2019-09-20 01:00:00,7522.5254
2019-09-20 01:30:00,7343.6035
2019-09-20 02:00:00,7116.1055
2019-09-20 02:30:00,6863.977
2019-09-20 03:00:00,6566.3774
2019-09-20 03:30:00,6432.7954
2019-09-20 04:00:00,6305.1826
2019-09-20 04:30:00,6374.297
2019-09-20 05:00:00,6457.3633
2019-09-20 05:30:00,6754.6714
2019-09-20 06:00:00,7076.996
2019-09-20 06:30:00,7708.975
2019-09-20 07:00:00,8168.7676
2019-09-20 07:30:00,8307.42
2019-09-20 08:00:00,8402.549
2019-09-20 08:30:00,8360.942
2019-09-20 09:00:00,8172.298
2019-09-20 09:30:00,8094.8384
2019-09-20 10:00:00,7761.7754
2019-09-20 10:30:00,7699.582
2019-09-20 11:00:00,7570.7676
2019-09-20 11:30:00,7645.6787
2019-09-20 12:00:00,7689.4863
2019-09-20 12:30:00,7617.699
2019-09-20 13:00:00,7592.055
2019-09-20 13:30:00,7550.563
2019-09-20 14:00:00,7565.884
2019-09-20 14:30:00,7607.376
2019-09-20 15:00:00,7691.4883
2019-09-20 15:30:00,7670.756
2019-09-20 16:00:00,7860.8965
2019-09-20 16:30:00,8073.0093
2019-09-20 17:00:00,8158.9004
2019-09-20 17:30:00,8371.705
2019-09-20 18:00:00,8666.806
2019-09-20 18:30:00,9074.025
2019-09-20 19:00:00,9052.699
2019-09-20 19:30:00,8925.273
2019-09-20 20:00:00,8626.371
2019-09-20 20:30:00,8536.3
2019-09-20 21:00:00,8478.176
2019-09-20 21:30:00,8254.897
2019-09-20 22:00:00,8132.4355
2019-09-20 22:30:00,8091.1875
2019-09-20 23:00:00,7922.127
2019-09-20 23:30:00,7811.259
2019-09-21 00:00:00,7592.7812
2019-09-21 00:30:00,7462.5625
2019-09-21 01:00:00,7265.8247
2019-09-21 01:30:00,7074.3086
2019-09-21 02:00:00,6844.92
2019-09-21 02:30:00,6592.7993
2019-09-21 03:00:00,6343.082
2019-09-21 03:30:00,6159.4043
2019-09-21 04:00:00,6024.019
2019-09-21 04:30:00,6038.5137
2019-09-21 05:00:00,6033.0225
2019-09-21 05:30:00,6342.1113
2019-09-21 06:00:00,6471.1445
2019-09-21 06:30:00,6638.6074
2019-09-21 07:00:00,6963.095
2019-09-21 07:30:00,6979.738
2019-09-21 08:00:00,7258.9624
2019-09-21 08:30:00,7244.2153
2019-09-21 09:00:00,7310.3706
2019-09-21 09:30:00,7278.7397
2019-09-21 10:00:00,7183.726
2019-09-21 10:30:00,7183.093
2019-09-21 11:00:00,7094.9097
2019-09-21 11:30:00,7041.2266
2019-09-21 12:00:00,6918.039
2019-09-21 12:30:00,6963.1514
2019-09-21 13:00:00,6903.461
2019-09-21 13:30:00,6924.1606
2019-09-21 14:00:00,6768.6816
2019-09-21 14:30:00,6715.039
2019-09-21 15:00:00,6952.225
2019-09-21 15:30:00,7026.2905
2019-09-21 16:00:00,7204.046
2019-09-21 16:30:00,7199.0273
2019-09-21 17:00:00,7413.3994
2019-09-21 17:30:00,7526.777
2019-09-21 18:00:00,7831.3145
2019-09-21 18:30:00,7975.4395
2019-09-21 19:00:00,7865.1323
2019-09-21 19:30:00,7786.021
2019-09-21 20:00:00,7525.8867
2019-09-21 20:30:00,7411.794
2019-09-21 21:00:00,7325.7856
2019-09-21 21:30:00,7313.116
2019-09-21 22:00:00,7223.385
2019-09-21 22:30:00,7279.7495
2019-09-21 23:00:00,7132.838
2019-09-21 23:30:00,7091.3916
2019-09-22 00:00:00,7030.132
2019-09-22 00:30:00,6839.524
2019-09-22 01:00:00,6661.8853
2019-09-22 01:30:00,6566.5073
2019-09-22 02:00:00,6346.4497
2019-09-22 02:30:00,6044.2593
2019-09-22 03:00:00,6022.6646
2019-09-22 03:30:00,5774.18
2019-09-22 04:00:00,5774.9375
2019-09-22 04:30:00,5735.3643
2019-09-22 05:00:00,5730.111
2019-09-22 05:30:00,5771.523
2019-09-22 06:00:00,5942.263
2019-09-22 06:30:00,6107.348
2019-09-22 07:00:00,6441.245
2019-09-22 07:30:00,6391.2695
2019-09-22 08:00:00,6711.829
2019-09-22 08:30:00,6653.2036
2019-09-22 09:00:00,6854.6064
2019-09-22 09:30:00,6928.708
2019-09-22 10:00:00,6907.5425
2019-09-22 10:30:00,6798.3857
2019-09-22 11:00:00,6779.6396
2019-09-22 11:30:00,6696.6846
2019-09-22 12:00:00,6622.179
2019-09-22 12:30:00,6527.9756
2019-09-22 13:00:00,6470.9253
2019-09-22 13:30:00,6494.0503
2019-09-22 14:00:00,6650.173
2019-09-22 14:30:00,6715.1777
2019-09-22 15:00:00,6940.9214
2019-09-22 15:30:00,6971.9673
2019-09-22 16:00:00,6976.4116
2019-09-22 16:30:00,7121.2007
2019-09-22 17:00:00,7445.493
2019-09-22 17:30:00,7529.043
2019-09-22 18:00:00,8031.137
2019-09-22 18:30:00,8267.377
2019-09-22 19:00:00,8250.472
2019-09-22 19:30:00,8027.359
2019-09-22 20:00:00,7863.4014
2019-09-22 20:30:00,7697.942
2019-09-22 21:00:00,7519.777
2019-09-22 21:30:00,7431.767
2019-09-22 22:00:00,7155.0547
2019-09-22 22:30:00,7183.2896
2019-09-22 23:00:00,6947.515
2019-09-22 23:30:00,6915.806
2019-09-23 00:00:00,7094.1157
2019-09-23 00:30:00,6872.403
2019-09-23 01:00:00,6653.513
2019-09-23 01:30:00,6509.5103
2019-09-23 02:00:00,6326.601
2019-09-23 02:30:00,6079.807
2019-09-23 03:00:00,6007.4053
2019-09-23 03:30:00,5906.5425
2019-09-23 04:00:00,5935.7817
2019-09-23 04:30:00,5935.7817
2019-09-23 05:00:00,6326.9204
2019-09-23 05:30:00,6365.57
2019-09-23 06:00:00,7077.77
2019-09-23 06:30:00,7259.1636
2019-09-23 07:00:00,7181.445
2019-09-23 07:30:00,7599.9316
2019-09-23 08:00:00,7348.473
2019-09-23 08:30:00,7766.6475
2019-09-23 09:00:00,7347.478
2019-09-23 09:30:00,7208.9736
2019-09-23 10:00:00,7217.0327
2019-09-23 10:30:00,7231.845
2019-09-23 11:00:00,7170.646
2019-09-23 11:30:00,7014.818
2019-09-23 12:00:00,7094.4624
2019-09-23 12:30:00,7039.419
2019-09-23 13:00:00,6757.713
2019-09-23 13:30:00,6767.5166
2019-09-23 14:00:00,7042.725
2019-09-23 14:30:00,7114.759
2019-09-23 15:00:00,7004.6797
2019-09-23 15:30:00,7175.3213
2019-09-23 16:00:00,7282.999
2019-09-23 16:30:00,7964.4067
2019-09-23 17:00:00,8211.614
2019-09-23 17:30:00,8502.217
2019-09-23 18:00:00,8679.538
2019-09-23 18:30:00,9208.875
2019-09-23 19:00:00,9225.192
2019-09-23 19:30:00,8994.521
2019-09-23 20:00:00,8603.179
2019-09-23 20:30:00,8561.186
2019-09-23 21:00:00,8322.68
2019-09-23 21:30:00,8142.578
2019-09-23 22:00:00,8021.5366
2019-09-23 22:30:00,7972.424
2019-09-23 23:00:00,7782.483
2019-09-23 23:30:00,7809.2383
2019-09-24 00:00:00,7517.0806
2019-09-24 00:30:00,7331.868
2019-09-24 01:00:00,7057.055
2019-09-24 01:30:00,6928.0845
2019-09-24 02:00:00,6708.91
2019-09-24 02:30:00,6552.1514
2019-09-24 03:00:00,6219.924
2019-09-24 03:30:00,6185.8516
2019-09-24 04:00:00,6079.94
2019-09-24 04:30:00,6135.2065
2019-09-24 05:00:00,6220.569
2019-09-24 05:30:00,6622.58
2019-09-24 06:00:00,7033.4897
2019-09-24 06:30:00,7564.0664
2019-09-24 07:00:00,7906.6646
2019-09-24 07:30:00,7870.8804
2019-09-24 08:00:00,8016.1304
2019-09-24 08:30:00,7939.983
2019-09-24 09:00:00,7969.9204
2019-09-24 09:30:00,7888.164
2019-09-24 10:00:00,7762.913
2019-09-24 10:30:00,7696.9243
2019-09-24 11:00:00,7736.9624
2019-09-24 11:30:00,7736.9624
2019-09-24 12:00:00,7640.1416
2019-09-24 12:30:00,7640.1416
2019-09-24 13:00:00,7735.694
2019-09-24 13:30:00,7713.7773
2019-09-24 14:00:00,7820.0176
2019-09-24 14:30:00,7796.738
2019-09-24 15:00:00,7791.2764
2019-09-24 15:30:00,7772.062
2019-09-24 16:00:00,7957.2236
2019-09-24 16:30:00,8057.0635
2019-09-24 17:00:00,8166.9253
2019-09-24 17:30:00,8338.202
2019-09-24 18:00:00,8798.924
2019-09-24 18:30:00,9198.817
2019-09-24 19:00:00,9246.352
2019-09-24 19:30:00,9042.726
2019-09-24 20:00:00,8821.1455
2019-09-24 20:30:00,8668.046
2019-09-24 21:00:00,8539.346
2019-09-24 21:30:00,8346.691
2019-09-24 22:00:00,8114.9585
2019-09-24 22:30:00,8141.8564
2019-09-24 23:00:00,7923.6997
2019-09-24 23:30:00,7846.668
2019-09-25 00:00:00,7546.8887
2019-09-25 00:30:00,7444.5356
2019-09-25 01:00:00,7260.3633
2019-09-25 01:30:00,7151.5317
2019-09-25 02:00:00,6942.906
2019-09-25 02:30:00,6645.793
2019-09-25 03:00:00,6471.734
2019-09-25 03:30:00,6310.2515
2019-09-25 04:00:00,6278.5005
2019-09-25 04:30:00,6232.474
2019-09-25 05:00:00,6379.8447
2019-09-25 05:30:00,6689.0405
2019-09-25 06:00:00,7034.049
2019-09-25 06:30:00,7709.3364
2019-09-25 07:00:00,8168.2397
2019-09-25 07:30:00,8144.0176
2019-09-25 08:00:00,8137.325
2019-09-25 08:30:00,7946.0464
2019-09-25 09:00:00,7631.5713
2019-09-25 09:30:00,7480.8716
2019-09-25 10:00:00,7385.075
2019-09-25 10:30:00,7233.154
2019-09-25 11:00:00,7117.042
2019-09-25 11:30:00,7064.9087
2019-09-25 12:00:00,7129.7476
2019-09-25 12:30:00,7050.213
2019-09-25 13:00:00,7074.906
2019-09-25 13:30:00,7091.102
2019-09-25 14:00:00,7194.178
2019-09-25 14:30:00,7276.779
2019-09-25 15:00:00,7220.9688
2019-09-25 15:30:00,7264.0176
2019-09-25 16:00:00,7401.608
2019-09-25 16:30:00,7592.0137
2019-09-25 17:00:00,7821.858
2019-09-25 17:30:00,8120.538
2019-09-25 18:00:00,8558.205
2019-09-25 18:30:00,8925.12
2019-09-25 19:00:00,9053.153
2019-09-25 19:30:00,8827.338
2019-09-25 20:00:00,8600.301
2019-09-25 20:30:00,8502.543
2019-09-25 21:00:00,8331.147
2019-09-25 21:30:00,8202.236
2019-09-25 22:00:00,8020.142
2019-09-25 22:30:00,7975.8164
2019-09-25 23:00:00,7789.531
2019-09-25 23:30:00,7652.828
2019-09-26 00:00:00,7595.5513
2019-09-26 00:30:00,7480.8706
2019-09-26 01:00:00,7267.98
2019-09-26 01:30:00,7104.1816
2019-09-26 02:00:00,6824.6626
2019-09-26 02:30:00,6573.632
2019-09-26 03:00:00,6332.4834
2019-09-26 03:30:00,6231.384
2019-09-26 04:00:00,6141.3857
2019-09-26 04:30:00,6196.788
2019-09-26 05:00:00,6289.981
2019-09-26 05:30:00,6554.2783
2019-09-26 06:00:00,6909.78
2019-09-26 06:30:00,7584.9326
2019-09-26 07:00:00,8087.055
2019-09-26 07:30:00,8091.018
2019-09-26 08:00:00,8143.0747
2019-09-26 08:30:00,8010.4336
2019-09-26 09:00:00,7700.9956
2019-09-26 09:30:00,7553.1787
2019-09-26 10:00:00,7416.6396
2019-09-26 10:30:00,7327.691
2019-09-26 11:00:00,7303.673
2019-09-26 11:30:00,7230.4287
2019-09-26 12:00:00,7209.184
2019-09-26 12:30:00,7209.184
2019-09-26 13:00:00,7263.931
2019-09-26 13:30:00,7246.396
2019-09-26 14:00:00,7375.1963
2019-09-26 14:30:00,7419.474
2019-09-26 15:00:00,7360.7583
2019-09-26 15:30:00,7411.1772
2019-09-26 16:00:00,7626.267
2019-09-26 16:30:00,7813.004
2019-09-26 17:00:00,8131.077
2019-09-26 17:30:00,8281.179
2019-09-26 18:00:00,8677.018
2019-09-26 18:30:00,9103.73
2019-09-26 19:00:00,9110.624
2019-09-26 19:30:00,8948.466
2019-09-26 20:00:00,8816.098
2019-09-26 20:30:00,8635.148
2019-09-26 21:00:00,8415.506
2019-09-26 21:30:00,8257.683
2019-09-26 22:00:00,7973.5776
2019-09-26 22:30:00,8074.692
2019-09-26 23:00:00,7821.951
2019-09-26 23:30:00,7732.523
2019-09-27 00:00:00,7635.66
2019-09-27 00:30:00,7549.754
2019-09-27 01:00:00,7324.7056
2019-09-27 01:30:00,7213.268
2019-09-27 02:00:00,7006.436
2019-09-27 02:30:00,6723.382
2019-09-27 03:00:00,6503.652
2019-09-27 03:30:00,6358.933
2019-09-27 04:00:00,6303.569
2019-09-27 04:30:00,6334.57
2019-09-27 05:00:00,6455.9917
2019-09-27 05:30:00,6668.765
2019-09-27 06:00:00,7020.4463
2019-09-27 06:30:00,7553.843
2019-09-27 07:00:00,7917.455
2019-09-27 07:30:00,7955.8174
2019-09-27 08:00:00,7997.205
2019-09-27 08:30:00,7903.3975
2019-09-27 09:00:00,7632.7324
2019-09-27 09:30:00,7547.621
2019-09-27 10:00:00,7586.5444
2019-09-27 10:30:00,7599.0693
2019-09-27 11:00:00,7318.217
2019-09-27 11:30:00,7286.7944
2019-09-27 12:00:00,7272.2637
2019-09-27 12:30:00,7274.3364
2019-09-27 13:00:00,7276.0366
2019-09-27 13:30:00,7337.301
2019-09-27 14:00:00,7352.7905
2019-09-27 14:30:00,7404.981
2019-09-27 15:00:00,7374.2188
2019-09-27 15:30:00,7384.843
2019-09-27 16:00:00,7604.299
2019-09-27 16:30:00,7771.15
2019-09-27 17:00:00,7941.764
2019-09-27 17:30:00,8156.704
2019-09-27 18:00:00,8457.399
2019-09-27 18:30:00,8779.408
2019-09-27 19:00:00,8888.392
2019-09-27 19:30:00,8664.141
2019-09-27 20:00:00,8452.581
2019-09-27 20:30:00,8360.607
2019-09-27 21:00:00,8325.566
2019-09-27 21:30:00,8167.313
2019-09-27 22:00:00,7997.8105
2019-09-27 22:30:00,7963.1064
2019-09-27 23:00:00,7773.244
2019-09-27 23:30:00,7654.295
2019-09-28 00:00:00,7447.75
2019-09-28 00:30:00,7321.6226
2019-09-28 01:00:00,7070.0283
2019-09-28 01:30:00,6928.101
2019-09-28 02:00:00,6827.1367
2019-09-28 02:30:00,6483.0234
2019-09-28 03:00:00,6217.3623
2019-09-28 03:30:00,6144.113
2019-09-28 04:00:00,6015.941
2019-09-28 04:30:00,6011.88
2019-09-28 05:00:00,5944.1025
2019-09-28 05:30:00,6202.5947
2019-09-28 06:00:00,6308.9653
2019-09-28 06:30:00,6537.1157
2019-09-28 07:00:00,6805.5527
2019-09-28 07:30:00,6825.401
2019-09-28 08:00:00,7216.6846
2019-09-28 08:30:00,7125.464
2019-09-28 09:00:00,7107.7295
2019-09-28 09:30:00,7029.0303
2019-09-28 10:00:00,7060.9585
2019-09-28 10:30:00,7054.309
2019-09-28 11:00:00,6908.426
2019-09-28 11:30:00,6821.7715
2019-09-28 12:00:00,6882.6484
2019-09-28 12:30:00,6882.6484
2019-09-28 13:00:00,6802.845
2019-09-28 13:30:00,6802.845
2019-09-28 14:00:00,6790.5938
2019-09-28 14:30:00,6797.516
2019-09-28 15:00:00,6879.689
2019-09-28 15:30:00,6902.9526
2019-09-28 16:00:00,7013.4966
2019-09-28 16:30:00,7128.873
2019-09-28 17:00:00,7341.724
2019-09-28 17:30:00,7376.2783
2019-09-28 18:00:00,7709.9014
2019-09-28 18:30:00,7852.2627
2019-09-28 19:00:00,7805.069
2019-09-28 19:30:00,7672.75
2019-09-28 20:00:00,7452.177
2019-09-28 20:30:00,7314.028
2019-09-28 21:00:00,7294.631
2019-09-28 21:30:00,7260.286
2019-09-28 22:00:00,7192.5825
2019-09-28 22:30:00,7252.914
2019-09-28 23:00:00,7146.313
2019-09-28 23:30:00,7108.4644
2019-09-29 00:00:00,6854.9736
2019-09-29 00:30:00,6723.968
2019-09-29 01:00:00,6586.7793
2019-09-29 01:30:00,6489.843
2019-09-29 02:00:00,6256.849
2019-09-29 02:30:00,6002.82
2019-09-29 03:00:00,5897.7417
2019-09-29 03:30:00,5866.03
2019-09-29 04:00:00,5757.7017
2019-09-29 04:30:00,5785.7666
2019-09-29 05:00:00,5751.1353
2019-09-29 05:30:00,5947.8975
2019-09-29 06:00:00,5973.9697
2019-09-29 06:30:00,6134.788
2019-09-29 07:00:00,6259.0015
2019-09-29 07:30:00,6353.2856
2019-09-29 08:00:00,6509.576
2019-09-29 08:30:00,6501.7573
2019-09-29 09:00:00,6712.68
2019-09-29 09:30:00,6692.7495
2019-09-29 10:00:00,6492.4644
2019-09-29 10:30:00,6474.3115
2019-09-29 11:00:00,6422.524
2019-09-29 11:30:00,6364.658
2019-09-29 12:00:00,6431.7275
2019-09-29 12:30:00,6448.1113
2019-09-29 13:00:00,6237.4272
2019-09-29 13:30:00,6238.6304
2019-09-29 14:00:00,6262.7793
2019-09-29 14:30:00,6289.3647
2019-09-29 15:00:00,6284.1094
2019-09-29 15:30:00,6390.026
2019-09-29 16:00:00,6549.2915
2019-09-29 16:30:00,6900.753
2019-09-29 17:00:00,7146.4775
2019-09-29 17:30:00,7298.0073
2019-09-29 18:00:00,7739.4624
2019-09-29 18:30:00,8180.934
2019-09-29 19:00:00,8265.995
2019-09-29 19:30:00,8165.885
2019-09-29 20:00:00,8007.0864
2019-09-29 20:30:00,7845.1333
2019-09-29 21:00:00,7647.203
2019-09-29 21:30:00,7582.6
2019-09-29 22:00:00,7357.433
2019-09-29 22:30:00,7287.428
2019-09-29 23:00:00,7020.7725
2019-09-29 23:30:00,7001.439
2019-09-30 00:00:00,6979.884
2019-09-30 00:30:00,6801.8247
2019-09-30 01:00:00,6760.2573
2019-09-30 01:30:00,6583.6074
2019-09-30 02:00:00,6487.092
2019-09-30 02:30:00,6205.1763
2019-09-30 03:00:00,6176.363
2019-09-30 03:30:00,5981.3545
2019-09-30 04:00:00,6018.42
2019-09-30 04:30:00,6018.42
2019-09-30 05:00:00,6391.8276
2019-09-30 05:30:00,6468.7554
2019-09-30 06:00:00,7156.8457
2019-09-30 06:30:00,7311.522
2019-09-30 07:00:00,7712.7373
2019-09-30 07:30:00,7764.977
2019-09-30 08:00:00,7471.1313
2019-09-30 08:30:00,7600.0737
2019-09-30 09:00:00,7311.3125
2019-09-30 09:30:00,7173.1216
2019-09-30 10:00:00,7240.1797
2019-09-30 10:30:00,7069.538
2019-09-30 11:00:00,7021.6377
2019-09-30 11:30:00,6826.643
2019-09-30 12:00:00,6815.957
2019-09-30 12:30:00,6669.1274
2019-09-30 13:00:00,6623.5303
2019-09-30 13:30:00,6657.705
2019-09-30 14:00:00,6690.7373
2019-09-30 14:30:00,6725.6973
2019-09-30 15:00:00,6886.5645
2019-09-30 15:30:00,7074.9536
2019-09-30 16:00:00,7198.052
2019-09-30 16:30:00,7762.7207
2019-09-30 17:00:00,8182.4717
2019-09-30 17:30:00,8448.228
2019-09-30 18:00:00,8584.502
2019-09-30 18:30:00,9023.254
2019-09-30 19:00:00,9123.703
2019-09-30 19:30:00,8899.86
2019-09-30 20:00:00,8485.068
2019-09-30 20:30:00,8497.629
2019-09-30 21:00:00,8256.718
2019-09-30 21:30:00,8171.043
2019-09-30 22:00:00,8041.982
2019-09-30 22:30:00,7912.6055
2019-09-30 23:00:00,7803.938
2019-09-30 23:30:00,7763.5347
2019-10-01 00:00:00,7632.962
2019-10-01 00:30:00,7489.0083
2019-10-01 01:00:00,7334.621
2019-10-01 01:30:00,7091.8247
2019-10-01 02:00:00,6873.8613
2019-10-01 02:30:00,6686.0117
2019-10-01 03:00:00,6389.6064
2019-10-01 03:30:00,6340.413
2019-10-01 04:00:00,6237.9507
2019-10-01 04:30:00,6353.664
2019-10-01 05:00:00,6433.144
2019-10-01 05:30:00,6725.9746
2019-10-01 06:00:00,7355.013
2019-10-01 06:30:00,7646.6445
2019-10-01 07:00:00,7868.304
2019-10-01 07:30:00,7840.35
2019-10-01 08:00:00,8016.6606
2019-10-01 08:30:00,8053.652
2019-10-01 09:00:00,8057.624
2019-10-01 09:30:00,8069.714
2019-10-01 10:00:00,7927.888
2019-10-01 10:30:00,7932.0376
2019-10-01 11:00:00,8020.1807
2019-10-01 11:30:00,8007.227
2019-10-01 12:00:00,7957.87
2019-10-01 12:30:00,7980.5703
2019-10-01 13:00:00,7980.045
2019-10-01 13:30:00,7957.3447
2019-10-01 14:00:00,7945.721
2019-10-01 14:30:00,8039.4795
2019-10-01 15:00:00,8024.202
2019-10-01 15:30:00,8047.4893
2019-10-01 16:00:00,8080.268
2019-10-01 16:30:00,8240.977
2019-10-01 17:00:00,8439.524
2019-10-01 17:30:00,8709.53
2019-10-01 18:00:00,9129.567
2019-10-01 18:30:00,9347.489
2019-10-01 19:00:00,9348.999
2019-10-01 19:30:00,9103.237
2019-10-01 20:00:00,8856.156
2019-10-01 20:30:00,8686.085
2019-10-01 21:00:00,8470.67
2019-10-01 21:30:00,8342.415
2019-10-01 22:00:00,8188.205
2019-10-01 22:30:00,8188.205
2019-10-01 23:00:00,7941.004
2019-10-01 23:30:00,7868.0776
2019-10-02 00:00:00,7584.962
2019-10-02 00:30:00,7471.5723
2019-10-02 01:00:00,7265.473
2019-10-02 01:30:00,7118.482
2019-10-02 02:00:00,6897.234
2019-10-02 02:30:00,6592.182
2019-10-02 03:00:00,6433.9805
2019-10-02 03:30:00,6288.5615
2019-10-02 04:00:00,6222.815
2019-10-02 04:30:00,6248.245
2019-10-02 05:00:00,6490.901
2019-10-02 05:30:00,6687.1323
2019-10-02 06:00:00,6965.1177
2019-10-02 06:30:00,7389.5796
2019-10-02 07:00:00,7617.148
2019-10-02 07:30:00,7636.778
2019-10-02 08:00:00,7806.005
2019-10-02 08:30:00,7765.1436
2019-10-02 09:00:00,7731.64
2019-10-02 09:30:00,7731.64
2019-10-02 10:00:00,7614.644
2019-10-02 10:30:00,7651.481
2019-10-02 11:00:00,7600.4824
2019-10-02 11:30:00,7461.3
2019-10-02 12:00:00,7386.2964
2019-10-02 12:30:00,7281.7085
2019-10-02 13:00:00,7315.3
2019-10-02 13:30:00,7330.4385
2019-10-02 14:00:00,7416.81
2019-10-02 14:30:00,7362.076
2019-10-02 15:00:00,7386.0483
2019-10-02 15:30:00,7495.129
2019-10-02 16:00:00,7667.8945
2019-10-02 16:30:00,7812.0713
2019-10-02 17:00:00,7977.9565
2019-10-02 17:30:00,8250.932
2019-10-02 18:00:00,8554.091
2019-10-02 18:30:00,8975.396
2019-10-02 19:00:00,9058.281
2019-10-02 19:30:00,8918.779
2019-10-02 20:00:00,8610.1875
2019-10-02 20:30:00,8416.993
2019-10-02 21:00:00,8258.599
2019-10-02 21:30:00,8126.009
2019-10-02 22:00:00,7935.815
2019-10-02 22:30:00,7935.815
2019-10-02 23:00:00,7832.781
2019-10-02 23:30:00,7646.624
2019-10-03 00:00:00,7639.353
2019-10-03 00:30:00,7502.2266
2019-10-03 01:00:00,7261.2524
2019-10-03 01:30:00,7042.2104
2019-10-03 02:00:00,6831.2896
2019-10-03 02:30:00,6517.144
2019-10-03 03:00:00,6347.585
2019-10-03 03:30:00,6242.504
2019-10-03 04:00:00,6171.058
2019-10-03 04:30:00,6154.0957
2019-10-03 05:00:00,6325.925
2019-10-03 05:30:00,6582.692
2019-10-03 06:00:00,6765.655
2019-10-03 06:30:00,7237.0835
2019-10-03 07:00:00,7477.5244
2019-10-03 07:30:00,7477.2495
2019-10-03 08:00:00,7560.081
2019-10-03 08:30:00,7470.1143
2019-10-03 09:00:00,7357.542
2019-10-03 09:30:00,7308.8975
2019-10-03 10:00:00,7355.3374
2019-10-03 10:30:00,7396.858
2019-10-03 11:00:00,7253.4307
2019-10-03 11:30:00,7162.904
2019-10-03 12:00:00,7274.564
2019-10-03 12:30:00,7221.6426
2019-10-03 13:00:00,7443.118
2019-10-03 13:30:00,7530.9717
2019-10-03 14:00:00,7688.235
2019-10-03 14:30:00,7723.9575
2019-10-03 15:00:00,7553.432
2019-10-03 15:30:00,7634.7075
2019-10-03 16:00:00,7806.399
2019-10-03 16:30:00,7923.6333
2019-10-03 17:00:00,8175.8555
2019-10-03 17:30:00,8393.331
2019-10-03 18:00:00,8576.06
2019-10-03 18:30:00,8786.28
2019-10-03 19:00:00,8821.136
2019-10-03 19:30:00,8610.306
2019-10-03 20:00:00,8418.214
2019-10-03 20:30:00,8303.112
2019-10-03 21:00:00,8116.476
2019-10-03 21:30:00,7899.5894
2019-10-03 22:00:00,7675.779
2019-10-03 22:30:00,7728.8433
2019-10-03 23:00:00,7605.1206
2019-10-03 23:30:00,7560.456
2019-10-04 00:00:00,7437.7603
2019-10-04 00:30:00,7291.914
2019-10-04 01:00:00,7140.7866
2019-10-04 01:30:00,6980.121
2019-10-04 02:00:00,6721.5513
2019-10-04 02:30:00,6481.4146
2019-10-04 03:00:00,6261.0894
2019-10-04 03:30:00,6234.0957
2019-10-04 04:00:00,6114.2007
2019-10-04 04:30:00,6161.759
2019-10-04 05:00:00,6316.034
2019-10-04 05:30:00,6538.6167
2019-10-04 06:00:00,6690.44
2019-10-04 06:30:00,7153.798
2019-10-04 07:00:00,7321.6494
2019-10-04 07:30:00,7350.624
2019-10-04 08:00:00,7466.758
2019-10-04 08:30:00,7469.81
2019-10-04 09:00:00,7521.367
2019-10-04 09:30:00,7572.1875
2019-10-04 10:00:00,7564.3867
2019-10-04 10:30:00,7580.5894
2019-10-04 11:00:00,7456.4414
2019-10-04 11:30:00,7486.013
2019-10-04 12:00:00,7637.5537
2019-10-04 12:30:00,7637.5537
2019-10-04 13:00:00,7665.281
2019-10-04 13:30:00,7706.8438
2019-10-04 14:00:00,7765.517
2019-10-04 14:30:00,7708.3784
2019-10-04 15:00:00,7844.002
2019-10-04 15:30:00,7945.241
2019-10-04 16:00:00,8151.3857
2019-10-04 16:30:00,8295.766
2019-10-04 17:00:00,8261.622
2019-10-04 17:30:00,8384.141
2019-10-04 18:00:00,8478.706
2019-10-04 18:30:00,8646.437
2019-10-04 19:00:00,8816.401
2019-10-04 19:30:00,8587.67
2019-10-04 20:00:00,8307.177
2019-10-04 20:30:00,8159.664
2019-10-04 21:00:00,7989.2188
2019-10-04 21:30:00,7800.1987
2019-10-04 22:00:00,7603.2046
2019-10-04 22:30:00,7656.269
2019-10-04 23:00:00,7524.967
2019-10-04 23:30:00,7425.441
2019-10-05 00:00:00,7342.806
2019-10-05 00:30:00,7134.5576
2019-10-05 01:00:00,6880.4297
2019-10-05 01:30:00,6782.5454
2019-10-05 02:00:00,6511.8276
2019-10-05 02:30:00,6203.4463
2019-10-05 03:00:00,5958.3896
2019-10-05 03:30:00,5859.434
2019-10-05 04:00:00,5749.9116
2019-10-05 04:30:00,5793.1313
2019-10-05 05:00:00,5657.7046
2019-10-05 05:30:00,5839.268
2019-10-05 06:00:00,6011.6616
2019-10-05 06:30:00,6194.186
2019-10-05 07:00:00,6714.994
2019-10-05 07:30:00,6717.0303
2019-10-05 08:00:00,7062.666
2019-10-05 08:30:00,7165.795
2019-10-05 09:00:00,7168.4556
2019-10-05 09:30:00,7154.733
2019-10-05 10:00:00,7189.1577
2019-10-05 10:30:00,7257.233
2019-10-05 11:00:00,7227.6704
2019-10-05 11:30:00,7207.7056
2019-10-05 12:00:00,7222.379
2019-10-05 12:30:00,7223.4062
2019-10-05 13:00:00,7039.6343
2019-10-05 13:30:00,7022.6265
2019-10-05 14:00:00,6970.234
2019-10-05 14:30:00,7062.7964
2019-10-05 15:00:00,7160.185
2019-10-05 15:30:00,7154.827
2019-10-05 16:00:00,7237.8477
2019-10-05 16:30:00,7335.665
2019-10-05 17:00:00,7551.3286
2019-10-05 17:30:00,7602.249
2019-10-05 18:00:00,7821.9487
2019-10-05 18:30:00,7896.0312
2019-10-05 19:00:00,7854.849
2019-10-05 19:30:00,7688.14
2019-10-05 20:00:00,7462.6694
2019-10-05 20:30:00,7355.113
2019-10-05 21:00:00,7265.4697
2019-10-05 21:30:00,7226.1313
2019-10-05 22:00:00,7097.053
2019-10-05 22:30:00,7167.3794
2019-10-05 23:00:00,7020.98
2019-10-05 23:30:00,7012.6235
2019-10-06 00:00:00,6852.7983
2019-10-06 00:30:00,6669.976
2019-10-06 01:00:00,6588.955
2019-10-06 01:30:00,6485.4727
2019-10-06 02:00:00,6230.839
2019-10-06 02:30:00,5975.3003
2019-10-06 03:00:00,5938.982
2019-10-06 03:30:00,5679.7524
2019-10-06 04:00:00,5699.547
2019-10-06 04:30:00,5699.547
2019-10-06 05:00:00,5679.0586
2019-10-06 05:30:00,5719.2134
2019-10-06 06:00:00,5866.681
2019-10-06 06:30:00,5916.533
2019-10-06 07:00:00,6125.342
2019-10-06 07:30:00,6288.6567
2019-10-06 08:00:00,6564.5513
2019-10-06 08:30:00,6610.8223
2019-10-06 09:00:00,6819.4927
2019-10-06 09:30:00,6826.818
2019-10-06 10:00:00,6915.762
2019-10-06 10:30:00,6858.6235
2019-10-06 11:00:00,6786.4893
2019-10-06 11:30:00,6696.959
2019-10-06 12:00:00,6693.206
2019-10-06 12:30:00,6716.1206
2019-10-06 13:00:00,6689.1206
2019-10-06 13:30:00,6640.5513
2019-10-06 14:00:00,6708.02
2019-10-06 14:30:00,6740.442
2019-10-06 15:00:00,6764.6353
2019-10-06 15:30:00,6796.454
2019-10-06 16:00:00,6892.3423
2019-10-06 16:30:00,6905.034
2019-10-06 17:00:00,7241.8228
2019-10-06 17:30:00,7316.809
2019-10-06 18:00:00,7636.4766
2019-10-06 18:30:00,7843.864
2019-10-06 19:00:00,7978.391
2019-10-06 19:30:00,7712.644
2019-10-06 20:00:00,7674.942
2019-10-06 20:30:00,7517.0645
2019-10-06 21:00:00,7394.8516
2019-10-06 21:30:00,7266.1606
2019-10-06 22:00:00,7012.4146
2019-10-06 22:30:00,7012.4146
2019-10-06 23:00:00,6855.924
2019-10-06 23:30:00,6765.2783
2019-10-07 00:00:00,6661.995
2019-10-07 00:30:00,6537.473
2019-10-07 01:00:00,6399.856
2019-10-07 01:30:00,6292.8364
2019-10-07 02:00:00,6051.584
2019-10-07 02:30:00,5920.25
2019-10-07 03:00:00,5710.0044
2019-10-07 03:30:00,5652.233
2019-10-07 04:00:00,5670.3735
2019-10-07 04:30:00,5670.3735
2019-10-07 05:00:00,5858.7256
2019-10-07 05:30:00,5964.244
2019-10-07 06:00:00,6139.2266
2019-10-07 06:30:00,6341.4614
2019-10-07 07:00:00,6589.8877
2019-10-07 07:30:00,6561.1562
2019-10-07 08:00:00,6683.89
2019-10-07 08:30:00,6672.9263
2019-10-07 09:00:00,6915.174
2019-10-07 09:30:00,6859.5146
2019-10-07 10:00:00,6464.0425
2019-10-07 10:30:00,6356.627
2019-10-07 11:00:00,6646.3794
2019-10-07 11:30:00,6793.068
2019-10-07 12:00:00,6645.8325
2019-10-07 12:30:00,6489.7007
2019-10-07 13:00:00,6468.4326
2019-10-07 13:30:00,6873.4326
2019-10-07 14:00:00,6627.66
2019-10-07 14:30:00,6529.993
2019-10-07 15:00:00,6689.349
2019-10-07 15:30:00,7066.6055
2019-10-07 16:00:00,7197.439
2019-10-07 16:30:00,7383.301
2019-10-07 17:00:00,7662.0796
2019-10-07 17:30:00,7805.2666
2019-10-07 18:00:00,7864.3525
2019-10-07 18:30:00,7987.855
2019-10-07 19:00:00,7855.817
2019-10-07 19:30:00,7850.713
2019-10-07 20:00:00,7757.66
2019-10-07 20:30:00,7522.031
2019-10-07 21:00:00,7365.2666
2019-10-07 21:30:00,7329.1367
2019-10-07 22:00:00,7187.4355
2019-10-07 22:30:00,7187.4355
2019-10-07 23:00:00,6970.0776
2019-10-07 23:30:00,6868.807
2019-10-08 00:00:00,7462.193
2019-10-08 00:30:00,7184.04
2019-10-08 01:00:00,6927.768
2019-10-08 01:30:00,6673.345
2019-10-08 02:00:00,6398.138
2019-10-08 02:30:00,6333.336
2019-10-08 03:00:00,6211.4004
2019-10-08 03:30:00,6165.436
2019-10-08 04:00:00,6131.215
2019-10-08 04:30:00,6166.1367
2019-10-08 05:00:00,6292.6665
2019-10-08 05:30:00,6423.0312
2019-10-08 06:00:00,7187.528
2019-10-08 06:30:00,7183.3784
2019-10-08 07:00:00,7407.183
2019-10-08 07:30:00,7639.008
2019-10-08 08:00:00,7358.6606
2019-10-08 08:30:00,7338.8647
2019-10-08 09:00:00,7297.681
2019-10-08 09:30:00,7501.667
2019-10-08 10:00:00,7458.145
2019-10-08 10:30:00,7313.0117
2019-10-08 11:00:00,7169.9966
2019-10-08 11:30:00,7131.773
2019-10-08 12:00:00,7222.2617
2019-10-08 12:30:00,7221.2817
2019-10-08 13:00:00,7103.5146
2019-10-08 13:30:00,7247.294
2019-10-08 14:00:00,7443.666
2019-10-08 14:30:00,7529.415
2019-10-08 15:00:00,7734.449
2019-10-08 15:30:00,7836.1094
2019-10-08 16:00:00,8011.8735
2019-10-08 16:30:00,8137.4497
2019-10-08 17:00:00,8162.802
2019-10-08 17:30:00,8273.209
2019-10-08 18:00:00,8355.362
2019-10-08 18:30:00,8387.464
2019-10-08 19:00:00,8362.089
2019-10-08 19:30:00,8216.775
2019-10-08 20:00:00,8045.8945
2019-10-08 20:30:00,7946.0337
2019-10-08 21:00:00,7899.267
2019-10-08 21:30:00,7845.9937
2019-10-08 22:00:00,7782.902
2019-10-08 22:30:00,7796.6343
2019-10-08 23:00:00,7588.3564
2019-10-08 23:30:00,7501.7036
2019-10-09 00:00:00,7022.4185
2019-10-09 00:30:00,6892.682
2019-10-09 01:00:00,6659.698
2019-10-09 01:30:00,6443.876
2019-10-09 02:00:00,6202.276
2019-10-09 02:30:00,6095.287
2019-10-09 03:00:00,5989.476
2019-10-09 03:30:00,5989.476
2019-10-09 04:00:00,6044.233
2019-10-09 04:30:00,6175.0767
2019-10-09 05:00:00,6399.3433
2019-10-09 05:30:00,6727.0386
2019-10-09 06:00:00,7046.542
2019-10-09 06:30:00,7316.0757
2019-10-09 07:00:00,7528.917
2019-10-09 07:30:00,7568.722
2019-10-09 08:00:00,7709.872
2019-10-09 08:30:00,7695.9365
2019-10-09 09:00:00,7724.258
2019-10-09 09:30:00,7558.6914
2019-10-09 10:00:00,7548.8413
2019-10-09 10:30:00,7452.9844
2019-10-09 11:00:00,7323.25
2019-10-09 11:30:00,7246.7715
2019-10-09 12:00:00,7458.6553
2019-10-09 12:30:00,7449.429
2019-10-09 13:00:00,7500.88
2019-10-09 13:30:00,7435.328
2019-10-09 14:00:00,7570.323
2019-10-09 14:30:00,7665.988
2019-10-09 15:00:00,7589.1304
2019-10-09 15:30:00,7704.722
2019-10-09 16:00:00,7900.371
2019-10-09 16:30:00,8053.262
2019-10-09 17:00:00,8317.626
2019-10-09 17:30:00,8328.204
2019-10-09 18:00:00,8528.96
2019-10-09 18:30:00,8573.561
2019-10-09 19:00:00,8554.116
2019-10-09 19:30:00,8435.982
2019-10-09 20:00:00,8245.636
2019-10-09 20:30:00,8102.7656
2019-10-09 21:00:00,7785.1025
2019-10-09 21:30:00,7703.7266
2019-10-09 22:00:00,7543.2935
2019-10-09 22:30:00,7589.284
2019-10-09 23:00:00,7536.6377
2019-10-09 23:30:00,7427.7188
2019-10-10 00:00:00,7304.5225
2019-10-10 00:30:00,7176.298
2019-10-10 01:00:00,6961.834
2019-10-10 01:30:00,6703.6587
2019-10-10 02:00:00,6471.3057
2019-10-10 02:30:00,6302.462
2019-10-10 03:00:00,6239.9097
2019-10-10 03:30:00,6189.4727
2019-10-10 04:00:00,6253.1284
2019-10-10 04:30:00,6439.7646
2019-10-10 05:00:00,6703.0947
2019-10-10 05:30:00,7200.465
2019-10-10 06:00:00,7571.5137
2019-10-10 06:30:00,7767.34
2019-10-10 07:00:00,7881.6167
2019-10-10 07:30:00,7865.668
2019-10-10 08:00:00,7798.824
2019-10-10 08:30:00,7655.177
2019-10-10 09:00:00,7519.935
2019-10-10 09:30:00,7400.5635
2019-10-10 10:00:00,7345.857
2019-10-10 10:30:00,7379.64
2019-10-10 11:00:00,7208.6753
2019-10-10 11:30:00,7187.6626
2019-10-10 12:00:00,7169.659
2019-10-10 12:30:00,7135.1147
2019-10-10 13:00:00,7209.162
2019-10-10 13:30:00,7174.5806
2019-10-10 14:00:00,7253.393
2019-10-10 14:30:00,7358.767
2019-10-10 15:00:00,7311.9546
2019-10-10 15:30:00,7350.734
2019-10-10 16:00:00,7585.866
2019-10-10 16:30:00,7837.1987
2019-10-10 17:00:00,7958.952
2019-10-10 17:30:00,8206.76
2019-10-10 18:00:00,8422.265
2019-10-10 18:30:00,8559.134
2019-10-10 19:00:00,8610.658
2019-10-10 19:30:00,8565.926
2019-10-10 20:00:00,8437.081
2019-10-10 20:30:00,8281.618
2019-10-10 21:00:00,8058.841
2019-10-10 21:30:00,7957.7266
2019-10-10 22:00:00,7777.5776
2019-10-10 22:30:00,7777.5776
2019-10-10 23:00:00,7677.65
2019-10-10 23:30:00,7508.853
2019-10-11 00:00:00,7294.1436
2019-10-11 00:30:00,7192.016
2019-10-11 01:00:00,6992.224
2019-10-11 01:30:00,6710.3643
2019-10-11 02:00:00,6505.046
2019-10-11 02:30:00,6349.3755
2019-10-11 03:00:00,6239.75
2019-10-11 03:30:00,6239.75
2019-10-11 04:00:00,6328.0264
2019-10-11 04:30:00,6489.867
2019-10-11 05:00:00,6784.5513
2019-10-11 05:30:00,7248.0503
2019-10-11 06:00:00,7544.94
2019-10-11 06:30:00,7750.8667
2019-10-11 07:00:00,7755.7246
2019-10-11 07:30:00,7713.519
2019-10-11 08:00:00,7676.7803
2019-10-11 08:30:00,7564.153
2019-10-11 09:00:00,7481.231
2019-10-11 09:30:00,7411.8926
2019-10-11 10:00:00,7367.693
2019-10-11 10:30:00,7367.693
2019-10-11 11:00:00,7157.9893
2019-10-11 11:30:00,7101.3823
2019-10-11 12:00:00,7173.58
2019-10-11 12:30:00,7106.785
2019-10-11 13:00:00,7194.726
2019-10-11 13:30:00,7213.4395
2019-10-11 14:00:00,7339.2383
2019-10-11 14:30:00,7358.028
2019-10-11 15:00:00,7282.6855
2019-10-11 15:30:00,7424.904
2019-10-11 16:00:00,7556.024
2019-10-11 16:30:00,7726.866
2019-10-11 17:00:00,7867.812
2019-10-11 17:30:00,7992.0264
2019-10-11 18:00:00,8027.168
2019-10-11 18:30:00,8137.467
2019-10-11 19:00:00,8186.058
2019-10-11 19:30:00,8082.224
2019-10-11 20:00:00,7995.7773
2019-10-11 20:30:00,7878.8394
2019-10-11 21:00:00,7717.0454
2019-10-11 21:30:00,7564.028
2019-10-11 22:00:00,7532.323
2019-10-11 22:30:00,7583.523
2019-10-11 23:00:00,7467.3105
2019-10-11 23:30:00,7343.0337
2019-10-12 00:00:00,7222.0254
2019-10-12 00:30:00,7080.722
2019-10-12 01:00:00,6862.0444
2019-10-12 01:30:00,6642.896
2019-10-12 02:00:00,6334.281
2019-10-12 02:30:00,6248.128
2019-10-12 03:00:00,6100.1587
2019-10-12 03:30:00,6089.719
2019-10-12 04:00:00,5995.2656
2019-10-12 04:30:00,6188.66
2019-10-12 05:00:00,6296.2114
2019-10-12 05:30:00,6638.0786
2019-10-12 06:00:00,6526.8086
2019-10-12 06:30:00,6625.547
2019-10-12 07:00:00,6917.6753
2019-10-12 07:30:00,6957.1226
2019-10-12 08:00:00,7225.5557
2019-10-12 08:30:00,7233.0347
2019-10-12 09:00:00,7260.844
2019-10-12 09:30:00,7260.844
2019-10-12 10:00:00,7190.6704
2019-10-12 10:30:00,7225.2256
2019-10-12 11:00:00,7168.9824
2019-10-12 11:30:00,7148.4604
2019-10-12 12:00:00,7144.125
2019-10-12 12:30:00,7088.9805
2019-10-12 13:00:00,6904.258
2019-10-12 13:30:00,6899.12
2019-10-12 14:00:00,6753.7305
2019-10-12 14:30:00,6801.0513
2019-10-12 15:00:00,7047.97
2019-10-12 15:30:00,7084.8306
2019-10-12 16:00:00,7168.2896
2019-10-12 16:30:00,7257.883
2019-10-12 17:00:00,7509.5605
2019-10-12 17:30:00,7552.5796
2019-10-12 18:00:00,7728.3647
2019-10-12 18:30:00,7799.355
2019-10-12 19:00:00,7840.8423
2019-10-12 19:30:00,7822.7773
2019-10-12 20:00:00,7702.1636
2019-10-12 20:30:00,7602.2515
2019-10-12 21:00:00,7393.4194
2019-10-12 21:30:00,7360.8887
2019-10-12 22:00:00,7258.6904
2019-10-12 22:30:00,7258.6904
2019-10-12 23:00:00,7187.7085
2019-10-12 23:30:00,7097.684
2019-10-13 00:00:00,6854.09
2019-10-13 00:30:00,6676.4385
2019-10-13 01:00:00,6525.167
2019-10-13 01:30:00,6325.3955
2019-10-13 02:00:00,6081.54
2019-10-13 02:30:00,5951.9756
2019-10-13 03:00:00,5848.222
2019-10-13 03:30:00,5787.816
2019-10-13 04:00:00,5884.049
2019-10-13 04:30:00,5922.667
2019-10-13 05:00:00,6041.8057
2019-10-13 05:30:00,6232.906
2019-10-13 06:00:00,6263.5176
2019-10-13 06:30:00,6443.5083
2019-10-13 07:00:00,6531.2173
2019-10-13 07:30:00,6689.3237
2019-10-13 08:00:00,6870.5396
2019-10-13 08:30:00,7000.6177
2019-10-13 09:00:00,7060.919
2019-10-13 09:30:00,7100.345
2019-10-13 10:00:00,7199.4355
2019-10-13 10:30:00,7171.3257
2019-10-13 11:00:00,7133.2236
2019-10-13 11:30:00,7021.9956
2019-10-13 12:00:00,6912.2188
2019-10-13 12:30:00,6922.076
2019-10-13 13:00:00,6808.9917
2019-10-13 13:30:00,6814.3237
2019-10-13 14:00:00,6867.1577
2019-10-13 14:30:00,6933.702
2019-10-13 15:00:00,7026.564
2019-10-13 15:30:00,7178.6714
2019-10-13 16:00:00,7499.6724
2019-10-13 16:30:00,7575.973
2019-10-13 17:00:00,7888.2075
2019-10-13 17:30:00,7942.303
2019-10-13 18:00:00,8215.319
2019-10-13 18:30:00,8288.803
2019-10-13 19:00:00,8287.307
2019-10-13 19:30:00,8209.248
2019-10-13 20:00:00,8090.38
2019-10-13 20:30:00,7996.206
2019-10-13 21:00:00,7798.0864
2019-10-13 21:30:00,7651.879
2019-10-13 22:00:00,7315.2827
2019-10-13 22:30:00,7281.4033
2019-10-13 23:00:00,6975.3237
2019-10-13 23:30:00,6804.8994
2019-10-14 00:00:00,6803.729
2019-10-14 00:30:00,6720.5527
2019-10-14 01:00:00,6621.036
2019-10-14 01:30:00,6514.3555
2019-10-14 02:00:00,6185.8916
2019-10-14 02:30:00,6049.685
2019-10-14 03:00:00,6110.846
2019-10-14 03:30:00,5993.135
2019-10-14 04:00:00,6091.6567
2019-10-14 04:30:00,6148.4517
2019-10-14 05:00:00,6762.669
2019-10-14 05:30:00,7023.2407
2019-10-14 06:00:00,7907.884
2019-10-14 06:30:00,7912.1265
2019-10-14 07:00:00,8557.693
2019-10-14 07:30:00,8468.63
2019-10-14 08:00:00,8310.122
2019-10-14 08:30:00,8184.3193
2019-10-14 09:00:00,7682.008
2019-10-14 09:30:00,7589.7383
2019-10-14 10:00:00,7507.7393
2019-10-14 10:30:00,7492.6504
2019-10-14 11:00:00,7368.7964
2019-10-14 11:30:00,7256.515
2019-10-14 12:00:00,7161.535
2019-10-14 12:30:00,7084.5195
2019-10-14 13:00:00,7039.1826
2019-10-14 13:30:00,7039.1826
2019-10-14 14:00:00,6999.784
2019-10-14 14:30:00,6999.784
2019-10-14 15:00:00,6931.082
2019-10-14 15:30:00,7309.336
2019-10-14 16:00:00,7539.826
2019-10-14 16:30:00,7937.92
2019-10-14 17:00:00,8304.395
2019-10-14 17:30:00,8457.785
2019-10-14 18:00:00,8631.995
2019-10-14 18:30:00,8829.006
2019-10-14 19:00:00,8980.365
2019-10-14 19:30:00,8868.95
2019-10-14 20:00:00,8551.292
2019-10-14 20:30:00,8361.875
2019-10-14 21:00:00,8087.4917
2019-10-14 21:30:00,7979.839
2019-10-14 22:00:00,7740.239
2019-10-14 22:30:00,7734.5405
2019-10-14 23:00:00,7653.5967
2019-10-14 23:30:00,7526.668
2019-10-15 00:00:00,7438.129
2019-10-15 00:30:00,7289.161
2019-10-15 01:00:00,7126.7676
2019-10-15 01:30:00,6804.606
2019-10-15 02:00:00,6572.477
2019-10-15 02:30:00,6474.6226
2019-10-15 03:00:00,6230.961
2019-10-15 03:30:00,6292.825
2019-10-15 04:00:00,6310.0757
2019-10-15 04:30:00,6651.7686
2019-10-15 05:00:00,6939.624
2019-10-15 05:30:00,7323.3203
2019-10-15 06:00:00,7748.4214
2019-10-15 06:30:00,7998.3657
2019-10-15 07:00:00,8185.9917
2019-10-15 07:30:00,8070.3296
2019-10-15 08:00:00,7972.9316
2019-10-15 08:30:00,7911.424
2019-10-15 09:00:00,7826.372
2019-10-15 09:30:00,7874.0557
2019-10-15 10:00:00,7856.5874
2019-10-15 10:30:00,7716.3105
2019-10-15 11:00:00,7784.7236
2019-10-15 11:30:00,7784.7236
2019-10-15 12:00:00,7694.614
2019-10-15 12:30:00,7658.106
2019-10-15 13:00:00,7789.3975
2019-10-15 13:30:00,7793.3125
2019-10-15 14:00:00,7879.958
2019-10-15 14:30:00,7809.5303
2019-10-15 15:00:00,7855.5825
2019-10-15 15:30:00,7880.86
2019-10-15 16:00:00,8069.388
2019-10-15 16:30:00,8031.9224
2019-10-15 17:00:00,8149.907
2019-10-15 17:30:00,8302.691
2019-10-15 18:00:00,8466.349
2019-10-15 18:30:00,8500.422
2019-10-15 19:00:00,8493.635
2019-10-15 19:30:00,8385.72
2019-10-15 20:00:00,8174.2485
2019-10-15 20:30:00,7985.8726
2019-10-15 21:00:00,7796.9355
2019-10-15 21:30:00,7735.9556
2019-10-15 22:00:00,7677.26
2019-10-15 22:30:00,7686.694
2019-10-15 23:00:00,7512.8174
2019-10-15 23:30:00,7407.103
2019-10-16 00:00:00,7155.4863
2019-10-16 00:30:00,7032.539
2019-10-16 01:00:00,6884.4546
2019-10-16 01:30:00,6634.721
2019-10-16 02:00:00,6377.068
2019-10-16 02:30:00,6303.1104
2019-10-16 03:00:00,6094.4653
2019-10-16 03:30:00,6124.7803
2019-10-16 04:00:00,6197.832
2019-10-16 04:30:00,6354.662
2019-10-16 05:00:00,6689.2046
2019-10-16 05:30:00,7154.1733
2019-10-16 06:00:00,7593.114
2019-10-16 06:30:00,7820.8643
2019-10-16 07:00:00,7894.539
2019-10-16 07:30:00,7862.217
2019-10-16 08:00:00,7725.833
2019-10-16 08:30:00,7599.1973
2019-10-16 09:00:00,7514.3667
2019-10-16 09:30:00,7498.473
2019-10-16 10:00:00,7492.3306
2019-10-16 10:30:00,7482.631
2019-10-16 11:00:00,7401.824
2019-10-16 11:30:00,7390.8667
2019-10-16 12:00:00,7444.927
2019-10-16 12:30:00,7496.7285
2019-10-16 13:00:00,7568.9673
2019-10-16 13:30:00,7561.328
2019-10-16 14:00:00,7632.003
2019-10-16 14:30:00,7667.4736
2019-10-16 15:00:00,7661.6465
2019-10-16 15:30:00,7827.227
2019-10-16 16:00:00,7931.5874
2019-10-16 16:30:00,8058.887
2019-10-16 17:00:00,8262.667
2019-10-16 17:30:00,8316.276
2019-10-16 18:00:00,8485.599
2019-10-16 18:30:00,8500.215
2019-10-16 19:00:00,8483.532
2019-10-16 19:30:00,8273.949
2019-10-16 20:00:00,8165.508
2019-10-16 20:30:00,7956.2505
2019-10-16 21:00:00,7668.941
2019-10-16 21:30:00,7628.1064
2019-10-16 22:00:00,7440.295
2019-10-16 22:30:00,7493.34
2019-10-16 23:00:00,7312.494
2019-10-16 23:30:00,7196.1543
2019-10-17 00:00:00,7074.4478
2019-10-17 00:30:00,6981.9185
2019-10-17 01:00:00,6803.868
2019-10-17 01:30:00,6535.415
2019-10-17 02:00:00,6266.6777
2019-10-17 02:30:00,6211.8794
2019-10-17 03:00:00,6110.4644
2019-10-17 03:30:00,6146.1943
2019-10-17 04:00:00,6249.6387
2019-10-17 04:30:00,6415.3403
2019-10-17 05:00:00,6671.906
2019-10-17 05:30:00,7070.178
2019-10-17 06:00:00,7416.0215
2019-10-17 06:30:00,7633.884
2019-10-17 07:00:00,7910.644
2019-10-17 07:30:00,7865.336
2019-10-17 08:00:00,7892.6484
2019-10-17 08:30:00,7816.8203
2019-10-17 09:00:00,7721.521
2019-10-17 09:30:00,7631.229
2019-10-17 10:00:00,7531.186
2019-10-17 10:30:00,7524.209
2019-10-17 11:00:00,7508.0444
2019-10-17 11:30:00,7506.7524
2019-10-17 12:00:00,7510.0527
2019-10-17 12:30:00,7510.8354
2019-10-17 13:00:00,7652.1562
2019-10-17 13:30:00,7747.4897
2019-10-17 14:00:00,7801.2974
2019-10-17 14:30:00,7850.768
2019-10-17 15:00:00,8003.842
2019-10-17 15:30:00,8123.3223
2019-10-17 16:00:00,8236.063
2019-10-17 16:30:00,8250.424
2019-10-17 17:00:00,8457.569
2019-10-17 17:30:00,8487.365
2019-10-17 18:00:00,8526.896
2019-10-17 18:30:00,8558.012
2019-10-17 19:00:00,8484.031
2019-10-17 19:30:00,8372.285
2019-10-17 20:00:00,8192.917
2019-10-17 20:30:00,7962.214
2019-10-17 21:00:00,7650.539
2019-10-17 21:30:00,7545.2124
2019-10-17 22:00:00,7413.428
2019-10-17 22:30:00,7439.1104
2019-10-17 23:00:00,7318.8047
2019-10-17 23:30:00,7167.4194
2019-10-18 00:00:00,7174.631
2019-10-18 00:30:00,7038.0215
2019-10-18 01:00:00,6842.428
2019-10-18 01:30:00,6549.5894
2019-10-18 02:00:00,6356.94
2019-10-18 02:30:00,6226.259
2019-10-18 03:00:00,6139.356
2019-10-18 03:30:00,6139.356
2019-10-18 04:00:00,6195.3574
2019-10-18 04:30:00,6413.029
2019-10-18 05:00:00,6671.335
2019-10-18 05:30:00,7117.5522
2019-10-18 06:00:00,7461.02
2019-10-18 06:30:00,7654.734
2019-10-18 07:00:00,7682.9863
2019-10-18 07:30:00,7571.5986
2019-10-18 08:00:00,7570.2397
2019-10-18 08:30:00,7614.7466
2019-10-18 09:00:00,7560.5723
2019-10-18 09:30:00,7613.6387
2019-10-18 10:00:00,7754.0234
2019-10-18 10:30:00,7662.332
2019-10-18 11:00:00,7625.3926
2019-10-18 11:30:00,7596.9634
2019-10-18 12:00:00,7678.1255
2019-10-18 12:30:00,7675.696
2019-10-18 13:00:00,7687.171
2019-10-18 13:30:00,7658.8096
2019-10-18 14:00:00,7696.5317
2019-10-18 14:30:00,7637.548
2019-10-18 15:00:00,7562.3374
2019-10-18 15:30:00,7637.3105
2019-10-18 16:00:00,7807.3926
2019-10-18 16:30:00,7864.769
2019-10-18 17:00:00,7927.2173
2019-10-18 17:30:00,8045.267
2019-10-18 18:00:00,7989.6895
2019-10-18 18:30:00,8036.2686
2019-10-18 19:00:00,8102.607
2019-10-18 19:30:00,8023.628
2019-10-18 20:00:00,7884.3
2019-10-18 20:30:00,7774.188
2019-10-18 21:00:00,7556.223
2019-10-18 21:30:00,7473.0146
2019-10-18 22:00:00,7392.1357
2019-10-18 22:30:00,7389.012
2019-10-18 23:00:00,7290.812
2019-10-18 23:30:00,7173.9106
2019-10-19 00:00:00,7017.839
2019-10-19 00:30:00,6982.5083
2019-10-19 01:00:00,6736.905
2019-10-19 01:30:00,6476.476
2019-10-19 02:00:00,6252.004
2019-10-19 02:30:00,6142.911
2019-10-19 03:00:00,5946.456
2019-10-19 03:30:00,5948.5586
2019-10-19 04:00:00,5873.6626
2019-10-19 04:30:00,6036.7646
2019-10-19 05:00:00,6032.679
2019-10-19 05:30:00,6344.4707
2019-10-19 06:00:00,6506.4795
2019-10-19 06:30:00,6584.8193
2019-10-19 07:00:00,6975.6665
2019-10-19 07:30:00,6876.2983
2019-10-19 08:00:00,7095.0674
2019-10-19 08:30:00,7052.6846
2019-10-19 09:00:00,6978.4907
2019-10-19 09:30:00,7010.0566
2019-10-19 10:00:00,6906.876
2019-10-19 10:30:00,6810.82
2019-10-19 11:00:00,6695.0864
2019-10-19 11:30:00,6767.7666
2019-10-19 12:00:00,6593.1836
2019-10-19 12:30:00,6665.3164
2019-10-19 13:00:00,6593.974
2019-10-19 13:30:00,6655.0
2019-10-19 14:00:00,6469.934
2019-10-19 14:30:00,6477.0522
2019-10-19 15:00:00,6726.0586
2019-10-19 15:30:00,6913.8965
2019-10-19 16:00:00,7011.623
2019-10-19 16:30:00,7082.4873
2019-10-19 17:00:00,7232.725
2019-10-19 17:30:00,7282.0757
2019-10-19 18:00:00,7328.6816
2019-10-19 18:30:00,7355.074
2019-10-19 19:00:00,7439.4756
2019-10-19 19:30:00,7413.3774
2019-10-19 20:00:00,7297.5737
2019-10-19 20:30:00,7273.8467
2019-10-19 21:00:00,7088.149
2019-10-19 21:30:00,7086.4326
2019-10-19 22:00:00,7028.9414
2019-10-19 22:30:00,6987.0986
2019-10-19 23:00:00,6844.3066
2019-10-19 23:30:00,6716.659
2019-10-20 00:00:00,6459.6445
2019-10-20 00:30:00,6415.1543
2019-10-20 01:00:00,6217.309
2019-10-20 01:30:00,5984.8306
2019-10-20 02:00:00,5811.7495
2019-10-20 02:30:00,5613.9956
2019-10-20 03:00:00,5557.1216
2019-10-20 03:30:00,5569.2065
2019-10-20 04:00:00,5583.3965
2019-10-20 04:30:00,5654.529
2019-10-20 05:00:00,5776.8096
2019-10-20 05:30:00,5914.0093
2019-10-20 06:00:00,6006.2847
2019-10-20 06:30:00,6172.519
2019-10-20 07:00:00,6312.4614
2019-10-20 07:30:00,6358.42
2019-10-20 08:00:00,6659.9136
2019-10-20 08:30:00,6639.8506
2019-10-20 09:00:00,6558.1064
2019-10-20 09:30:00,6508.6416
2019-10-20 10:00:00,6405.206
2019-10-20 10:30:00,6392.406
2019-10-20 11:00:00,6483.707
2019-10-20 11:30:00,6487.0015
2019-10-20 12:00:00,6632.8916
2019-10-20 12:30:00,6742.106
2019-10-20 13:00:00,6522.9136
2019-10-20 13:30:00,6539.2974
2019-10-20 14:00:00,6647.917
2019-10-20 14:30:00,6769.098
2019-10-20 15:00:00,6851.893
2019-10-20 15:30:00,7062.336
2019-10-20 16:00:00,7127.1836
2019-10-20 16:30:00,7109.8115
2019-10-20 17:00:00,7381.555
2019-10-20 17:30:00,7416.3027
2019-10-20 18:00:00,7565.9937
2019-10-20 18:30:00,7661.606
2019-10-20 19:00:00,7806.5312
2019-10-20 19:30:00,7732.287
2019-10-20 20:00:00,7626.32
2019-10-20 20:30:00,7521.8813
2019-10-20 21:00:00,7280.9604
2019-10-20 21:30:00,7144.787
2019-10-20 22:00:00,6866.081
2019-10-20 22:30:00,6853.9707
2019-10-20 23:00:00,6690.372
2019-10-20 23:30:00,6609.496
2019-10-21 00:00:00,6685.1733
2019-10-21 00:30:00,6643.4287
2019-10-21 01:00:00,6434.8745
2019-10-21 01:30:00,6278.8345
2019-10-21 02:00:00,6032.99
2019-10-21 02:30:00,5979.729
2019-10-21 03:00:00,6030.0063
2019-10-21 03:30:00,5945.249
2019-10-21 04:00:00,6073.431
2019-10-21 04:30:00,6152.5356
2019-10-21 05:00:00,6843.718
2019-10-21 05:30:00,6932.7373
2019-10-21 06:00:00,7613.4043
2019-10-21 06:30:00,7630.718
2019-10-21 07:00:00,7832.772
2019-10-21 07:30:00,8014.442
2019-10-21 08:00:00,7549.879
2019-10-21 08:30:00,7379.0264
2019-10-21 09:00:00,7241.049
2019-10-21 09:30:00,7070.407
2019-10-21 10:00:00,7016.7603
2019-10-21 10:30:00,6890.9795
2019-10-21 11:00:00,6801.385
2019-10-21 11:30:00,6731.09
2019-10-21 12:00:00,6597.425
2019-10-21 12:30:00,6610.6665
2019-10-21 13:00:00,6780.8555
2019-10-21 13:30:00,6780.8555
2019-10-21 14:00:00,6747.7275
2019-10-21 14:30:00,6742.82
2019-10-21 15:00:00,7013.79
2019-10-21 15:30:00,7221.8013
2019-10-21 16:00:00,7397.178
2019-10-21 16:30:00,7845.577
2019-10-21 17:00:00,8281.114
2019-10-21 17:30:00,8425.162
2019-10-21 18:00:00,8518.724
2019-10-21 18:30:00,8518.724
2019-10-21 19:00:00,8570.991
2019-10-21 19:30:00,8518.996
2019-10-21 20:00:00,8077.0312
2019-10-21 20:30:00,7990.7407
2019-10-21 21:00:00,7707.3774
2019-10-21 21:30:00,7593.0674
2019-10-21 22:00:00,7508.054
2019-10-21 22:30:00,7468.673
2019-10-21 23:00:00,7486.844
2019-10-21 23:30:00,7414.07
2019-10-22 00:00:00,7288.9453
2019-10-22 00:30:00,7234.969
2019-10-22 01:00:00,6963.178
2019-10-22 01:30:00,6784.5474
2019-10-22 02:00:00,6464.127
2019-10-22 02:30:00,6336.4917
2019-10-22 03:00:00,6136.991
2019-10-22 03:30:00,6159.9497
2019-10-22 04:00:00,6247.1177
2019-10-22 04:30:00,6588.8813
2019-10-22 05:00:00,6873.602
2019-10-22 05:30:00,7277.937
2019-10-22 06:00:00,7758.385
2019-10-22 06:30:00,7914.9497
2019-10-22 07:00:00,8032.5435
2019-10-22 07:30:00,7909.617
2019-10-22 08:00:00,7891.546
2019-10-22 08:30:00,7832.034
2019-10-22 09:00:00,7880.6504
2019-10-22 09:30:00,7848.7617
2019-10-22 10:00:00,7799.8857
2019-10-22 10:30:00,7782.868
2019-10-22 11:00:00,7871.7124
2019-10-22 11:30:00,7808.5156
2019-10-22 12:00:00,7757.72
2019-10-22 12:30:00,7761.2466
2019-10-22 13:00:00,7845.632
2019-10-22 13:30:00,7845.632
2019-10-22 14:00:00,8039.703
2019-10-22 14:30:00,8022.651
2019-10-22 15:00:00,8011.339
2019-10-22 15:30:00,8021.0664
2019-10-22 16:00:00,8119.742
2019-10-22 16:30:00,8202.626
2019-10-22 17:00:00,8264.872
2019-10-22 17:30:00,8339.205
2019-10-22 18:00:00,8448.419
2019-10-22 18:30:00,8448.419
2019-10-22 19:00:00,8450.117
2019-10-22 19:30:00,8355.68
2019-10-22 20:00:00,8187.597
2019-10-22 20:30:00,8070.4277
2019-10-22 21:00:00,7879.4375
2019-10-22 21:30:00,7814.094
2019-10-22 22:00:00,7706.7188
2019-10-22 22:30:00,7706.7188
2019-10-22 23:00:00,7516.516
2019-10-22 23:30:00,7468.273
2019-10-23 00:00:00,7211.0947
2019-10-23 00:30:00,7148.9624
2019-10-23 01:00:00,6881.083
2019-10-23 01:30:00,6615.0723
2019-10-23 02:00:00,6408.8345
2019-10-23 02:30:00,6316.5938
2019-10-23 03:00:00,6142.618
2019-10-23 03:30:00,6153.5684
2019-10-23 04:00:00,6235.068
2019-10-23 04:30:00,6429.076
2019-10-23 05:00:00,6678.641
2019-10-23 05:30:00,7148.422
2019-10-23 06:00:00,7648.9565
2019-10-23 06:30:00,7805.476
2019-10-23 07:00:00,7826.42
2019-10-23 07:30:00,7743.4927
2019-10-23 08:00:00,7747.405
2019-10-23 08:30:00,7734.7744
2019-10-23 09:00:00,7528.247
2019-10-23 09:30:00,7522.6304
2019-10-23 10:00:00,7585.126
2019-10-23 10:30:00,7571.042
2019-10-23 11:00:00,7471.3135
2019-10-23 11:30:00,7459.7476
2019-10-23 12:00:00,7587.0747
2019-10-23 12:30:00,7605.561
2019-10-23 13:00:00,7738.864
2019-10-23 13:30:00,7720.628
2019-10-23 14:00:00,7785.6064
2019-10-23 14:30:00,7796.3726
2019-10-23 15:00:00,7806.8564
2019-10-23 15:30:00,7996.6025
2019-10-23 16:00:00,8162.849
2019-10-23 16:30:00,8322.468
2019-10-23 17:00:00,8448.367
2019-10-23 17:30:00,8448.367
2019-10-23 18:00:00,8501.618
2019-10-23 18:30:00,8503.691
2019-10-23 19:00:00,8465.581
2019-10-23 19:30:00,8335.857
2019-10-23 20:00:00,8236.192
2019-10-23 20:30:00,8008.116
2019-10-23 21:00:00,7753.0
2019-10-23 21:30:00,7632.528
2019-10-23 22:00:00,7425.2476
2019-10-23 22:30:00,7489.464
2019-10-23 23:00:00,7355.27
2019-10-23 23:30:00,7321.7437
2019-10-24 00:00:00,7200.259
2019-10-24 00:30:00,7103.655
2019-10-24 01:00:00,6907.344
2019-10-24 01:30:00,6661.5283
2019-10-24 02:00:00,6417.405
2019-10-24 02:30:00,6309.8193
2019-10-24 03:00:00,6176.9565
2019-10-24 03:30:00,6212.841
2019-10-24 04:00:00,6298.4326
2019-10-24 04:30:00,6520.6685
2019-10-24 05:00:00,6727.571
2019-10-24 05:30:00,7181.726
2019-10-24 06:00:00,7608.676
2019-10-24 06:30:00,7808.5977
2019-10-24 07:00:00,7958.1777
2019-10-24 07:30:00,7828.899
2019-10-24 08:00:00,7759.3706
2019-10-24 08:30:00,7675.507
2019-10-24 09:00:00,7680.548
2019-10-24 09:30:00,7666.5327
2019-10-24 10:00:00,7697.5024
2019-10-24 10:30:00,7720.7256
2019-10-24 11:00:00,7718.2686
2019-10-24 11:30:00,7649.71
2019-10-24 12:00:00,7690.2534
2019-10-24 12:30:00,7756.478
2019-10-24 13:00:00,7919.195
2019-10-24 13:30:00,7945.5283
2019-10-24 14:00:00,8082.343
2019-10-24 14:30:00,8171.6465
2019-10-24 15:00:00,8362.206
2019-10-24 15:30:00,8555.413
2019-10-24 16:00:00,8749.439
2019-10-24 16:30:00,8944.934
2019-10-24 17:00:00,9061.461
2019-10-24 17:30:00,9085.12
2019-10-24 18:00:00,8918.499
2019-10-24 18:30:00,8836.183
2019-10-24 19:00:00,8890.588
2019-10-24 19:30:00,8739.464
2019-10-24 20:00:00,8476.84
2019-10-24 20:30:00,8261.473
2019-10-24 21:00:00,7863.084
2019-10-24 21:30:00,7772.262
2019-10-24 22:00:00,7520.178
2019-10-24 22:30:00,7486.1006
2019-10-24 23:00:00,7379.2935
2019-10-24 23:30:00,7254.645
2019-10-25 00:00:00,7110.421
2019-10-25 00:30:00,7012.698
2019-10-25 01:00:00,6775.0195
2019-10-25 01:30:00,6542.2905
2019-10-25 02:00:00,6315.5005
2019-10-25 02:30:00,6199.5464
2019-10-25 03:00:00,6125.6113
2019-10-25 03:30:00,6185.9126
2019-10-25 04:00:00,6194.386
2019-10-25 04:30:00,6478.355
2019-10-25 05:00:00,6671.737
2019-10-25 05:30:00,7066.335
2019-10-25 06:00:00,7415.898
2019-10-25 06:30:00,7612.786
2019-10-25 07:00:00,7657.882
2019-10-25 07:30:00,7590.882
2019-10-25 08:00:00,7676.928
2019-10-25 08:30:00,7676.685
2019-10-25 09:00:00,7675.682
2019-10-25 09:30:00,7666.564
2019-10-25 10:00:00,7774.846
2019-10-25 10:30:00,7774.846
2019-10-25 11:00:00,7732.2266
2019-10-25 11:30:00,7800.4795
2019-10-25 12:00:00,7879.338
2019-10-25 12:30:00,7904.883
2019-10-25 13:00:00,8094.101
2019-10-25 13:30:00,8129.4077
2019-10-25 14:00:00,8281.291
2019-10-25 14:30:00,8343.827
2019-10-25 15:00:00,8465.71
2019-10-25 15:30:00,8630.534
2019-10-25 16:00:00,8701.488
2019-10-25 16:30:00,8663.519
2019-10-25 17:00:00,8622.862
2019-10-25 17:30:00,8622.862
2019-10-25 18:00:00,8735.809
2019-10-25 18:30:00,8673.585
2019-10-25 19:00:00,8736.916
2019-10-25 19:30:00,8554.828
2019-10-25 20:00:00,8279.368
2019-10-25 20:30:00,8054.697
2019-10-25 21:00:00,7785.599
2019-10-25 21:30:00,7689.015
2019-10-25 22:00:00,7556.8877
2019-10-25 22:30:00,7468.5596
2019-10-25 23:00:00,7392.4014
2019-10-25 23:30:00,7290.812
2019-10-26 00:00:00,7132.6997
2019-10-26 00:30:00,6998.862
2019-10-26 01:00:00,6747.3643
2019-10-26 01:30:00,6484.6963
2019-10-26 02:00:00,6219.714
2019-10-26 02:30:00,6088.646
2019-10-26 03:00:00,6009.294
2019-10-26 03:30:00,5956.926
2019-10-26 04:00:00,5969.4883
2019-10-26 04:30:00,6084.3877
2019-10-26 05:00:00,6082.977
2019-10-26 05:30:00,6287.8706
2019-10-26 06:00:00,6416.943
2019-10-26 06:30:00,6560.4697
2019-10-26 07:00:00,6972.455
2019-10-26 07:30:00,6934.3374
2019-10-26 08:00:00,7284.501
2019-10-26 08:30:00,7241.562
2019-10-26 09:00:00,7263.157
2019-10-26 09:30:00,7275.5757
2019-10-26 10:00:00,7272.2974
2019-10-26 10:30:00,7126.256
2019-10-26 11:00:00,7133.649
2019-10-26 11:30:00,7220.6685
2019-10-26 12:00:00,7694.0015
2019-10-26 12:30:00,7560.049
2019-10-26 13:00:00,7271.1035
2019-10-26 13:30:00,7287.73
2019-10-26 14:00:00,7300.652
2019-10-26 14:30:00,7301.4336
2019-10-26 15:00:00,7482.3076
2019-10-26 15:30:00,7463.9155
2019-10-26 16:00:00,7595.5376
2019-10-26 16:30:00,7955.5244
2019-10-26 17:00:00,7897.559
2019-10-26 17:30:00,7761.7144
2019-10-26 18:00:00,8070.6636
2019-10-26 18:30:00,8114.4756
2019-10-26 19:00:00,8023.159
2019-10-26 19:30:00,7996.2764
2019-10-26 20:00:00,7853.858
2019-10-26 20:30:00,7758.3164
2019-10-26 21:00:00,7558.783
2019-10-26 21:30:00,7440.224
2019-10-26 22:00:00,7173.251
2019-10-26 22:30:00,7185.1606
2019-10-26 23:00:00,7076.576
2019-10-26 23:30:00,6941.5933
2019-10-27 00:00:00,6918.8203
2019-10-27 00:30:00,6723.977
2019-10-27 01:00:00,6417.139
2019-10-27 01:30:00,6291.278
2019-10-27 02:00:00,5979.298
2019-10-27 02:30:00,5905.126
2019-10-27 03:00:00,5794.842
2019-10-27 03:30:00,5734.0493
2019-10-27 04:00:00,5852.9185
2019-10-27 04:30:00,5852.9185
2019-10-27 05:00:00,6001.669
2019-10-27 05:30:00,6107.3706
2019-10-27 06:00:00,6173.456
2019-10-27 06:30:00,6417.6396
2019-10-27 07:00:00,6531.985
2019-10-27 07:30:00,6720.5117
2019-10-27 08:00:00,6855.715
2019-10-27 08:30:00,6945.5225
2019-10-27 09:00:00,7068.7905
2019-10-27 09:30:00,6999.924
2019-10-27 10:00:00,6896.5054
2019-10-27 10:30:00,6913.468
2019-10-27 11:00:00,6969.2847
2019-10-27 11:30:00,7016.8423
2019-10-27 12:00:00,7251.02
2019-10-27 12:30:00,7158.904
2019-10-27 13:00:00,7127.078
2019-10-27 13:30:00,7127.078
2019-10-27 14:00:00,7134.172
2019-10-27 14:30:00,7240.47
2019-10-27 15:00:00,7284.5376
2019-10-27 15:30:00,7433.6284
2019-10-27 16:00:00,7587.027
2019-10-27 16:30:00,7667.203
2019-10-27 17:00:00,7956.1333
2019-10-27 17:30:00,7985.537
2019-10-27 18:00:00,8052.2925
2019-10-27 18:30:00,7868.4653
2019-10-27 19:00:00,7983.2246
2019-10-27 19:30:00,7796.596
2019-10-27 20:00:00,7690.439
2019-10-27 20:30:00,7595.171
2019-10-27 21:00:00,7331.247
2019-10-27 21:30:00,7264.197
2019-10-27 22:00:00,6912.1475
2019-10-27 22:30:00,6853.49
2019-10-27 23:00:00,6720.946
2019-10-27 23:30:00,6571.36
2019-10-28 00:00:00,6728.123
2019-10-28 00:30:00,6451.388
2019-10-28 01:00:00,6356.4165
2019-10-28 01:30:00,6117.7593
2019-10-28 02:00:00,5985.0986
2019-10-28 02:30:00,5893.12
2019-10-28 03:00:00,5899.096
2019-10-28 03:30:00,5898.0947
2019-10-28 04:00:00,6121.8345
2019-10-28 04:30:00,6125.2256
2019-10-28 05:00:00,6715.7915
2019-10-28 05:30:00,6767.818
2019-10-28 06:00:00,7563.1
2019-10-28 06:30:00,7687.5073
2019-10-28 07:00:00,7767.221
2019-10-28 07:30:00,7850.4106
2019-10-28 08:00:00,7231.1
2019-10-28 08:30:00,7240.105
2019-10-28 09:00:00,7031.1377
2019-10-28 09:30:00,6975.1655
2019-10-28 10:00:00,6975.266
2019-10-28 10:30:00,6919.791
2019-10-28 11:00:00,6885.6714
2019-10-28 11:30:00,6853.6113
2019-10-28 12:00:00,6813.2173
2019-10-28 12:30:00,6675.3906
2019-10-28 13:00:00,6773.009
2019-10-28 13:30:00,6845.5796
2019-10-28 14:00:00,6887.2285
2019-10-28 14:30:00,6958.121
2019-10-28 15:00:00,7100.7725
2019-10-28 15:30:00,7279.297
2019-10-28 16:00:00,7485.702
2019-10-28 16:30:00,8131.5195
2019-10-28 17:00:00,8414.188
2019-10-28 17:30:00,8544.344
2019-10-28 18:00:00,8510.725
2019-10-28 18:30:00,8416.7705
2019-10-28 19:00:00,8419.371
2019-10-28 19:30:00,8462.753
2019-10-28 20:00:00,8266.879
2019-10-28 20:30:00,8185.043
2019-10-28 21:00:00,7817.597
2019-10-28 21:30:00,7710.3823
2019-10-28 22:00:00,7454.9707
2019-10-28 22:30:00,7454.9707
2019-10-28 23:00:00,7407.459
2019-10-28 23:30:00,7242.82
2019-10-29 00:00:00,7216.0645
2019-10-29 00:30:00,7052.434
2019-10-29 01:00:00,6861.652
2019-10-29 01:30:00,6673.8022
2019-10-29 02:00:00,6306.9565
2019-10-29 02:30:00,6283.998
2019-10-29 03:00:00,6164.2637
2019-10-29 03:30:00,6204.838
2019-10-29 04:00:00,6280.575
2019-10-29 04:30:00,6573.4478
2019-10-29 05:00:00,6821.2744
2019-10-29 05:30:00,7142.364
2019-10-29 06:00:00,7675.298
2019-10-29 06:30:00,7760.036
2019-10-29 07:00:00,7825.4062
2019-10-29 07:30:00,7846.1665
2019-10-29 08:00:00,7900.0234
2019-10-29 08:30:00,7939.0864
2019-10-29 09:00:00,7974.4224
2019-10-29 09:30:00,7890.4707
2019-10-29 10:00:00,7861.246
2019-10-29 10:30:00,7866.897
2019-10-29 11:00:00,7920.308
2019-10-29 11:30:00,7871.9146
2019-10-29 12:00:00,7768.662
2019-10-29 12:30:00,7768.662
2019-10-29 13:00:00,7873.852
2019-10-29 13:30:00,7882.7773
2019-10-29 14:00:00,7978.296
2019-10-29 14:30:00,7873.003
2019-10-29 15:00:00,7949.2095
2019-10-29 15:30:00,7991.5557
2019-10-29 16:00:00,8113.5254
2019-10-29 16:30:00,8202.677
2019-10-29 17:00:00,8310.605
2019-10-29 17:30:00,8353.601
2019-10-29 18:00:00,8387.108
2019-10-29 18:30:00,8356.128
2019-10-29 19:00:00,8340.914
2019-10-29 19:30:00,8280.934
2019-10-29 20:00:00,8127.971
2019-10-29 20:30:00,7955.2153
2019-10-29 21:00:00,7795.662
2019-10-29 21:30:00,7761.3716
2019-10-29 22:00:00,7645.179
2019-10-29 22:30:00,7688.4614
2019-10-29 23:00:00,7473.0566
2019-10-29 23:30:00,7413.8228
2019-10-30 00:00:00,7092.3843
2019-10-30 00:30:00,6993.8955
2019-10-30 01:00:00,6728.0513
2019-10-30 01:30:00,6554.4033
2019-10-30 02:00:00,6305.6616
2019-10-30 02:30:00,6202.818
2019-10-30 03:00:00,6049.3965
2019-10-30 03:30:00,6084.032
2019-10-30 04:00:00,6137.1504
2019-10-30 04:30:00,6349.253
2019-10-30 05:00:00,6619.848
2019-10-30 05:30:00,6944.883
2019-10-30 06:00:00,7379.994
2019-10-30 06:30:00,7489.199
2019-10-30 07:00:00,7613.1133
2019-10-30 07:30:00,7565.9395
2019-10-30 08:00:00,7695.2256
2019-10-30 08:30:00,7674.9673
2019-10-30 09:00:00,7477.6006
2019-10-30 09:30:00,7476.545
2019-10-30 10:00:00,7490.394
2019-10-30 10:30:00,7507.706
2019-10-30 11:00:00,7509.8604
2019-10-30 11:30:00,7457.733
2019-10-30 12:00:00,7557.4355
2019-10-30 12:30:00,7549.7964
2019-10-30 13:00:00,7633.7817
2019-10-30 13:30:00,7707.994
2019-10-30 14:00:00,7734.0527
2019-10-30 14:30:00,7832.73
2019-10-30 15:00:00,7924.613
2019-10-30 15:30:00,8009.5317
2019-10-30 16:00:00,8225.034
2019-10-30 16:30:00,8356.429
2019-10-30 17:00:00,8549.112
2019-10-30 17:30:00,8493.669
2019-10-30 18:00:00,8468.225
2019-10-30 18:30:00,8448.663
2019-10-30 19:00:00,8438.563
2019-10-30 19:30:00,8398.381
2019-10-30 20:00:00,8188.8643
2019-10-30 20:30:00,7970.2993
2019-10-30 21:00:00,7737.98
2019-10-30 21:30:00,7620.153
2019-10-30 22:00:00,7422.137
2019-10-30 22:30:00,7354.7974
2019-10-30 23:00:00,7299.5938
2019-10-30 23:30:00,7182.1934
2019-10-31 00:00:00,7078.4536
2019-10-31 00:30:00,6986.1343
2019-10-31 01:00:00,6814.274
2019-10-31 01:30:00,6491.9478
2019-10-31 02:00:00,6320.6646
2019-10-31 02:30:00,6132.441
2019-10-31 03:00:00,6072.587
2019-10-31 03:30:00,6099.91
2019-10-31 04:00:00,6167.656
2019-10-31 04:30:00,6353.164
2019-10-31 05:00:00,6617.885
2019-10-31 05:30:00,7008.157
2019-10-31 06:00:00,7288.8037
2019-10-31 06:30:00,7600.5156
2019-10-31 07:00:00,7682.5327
2019-10-31 07:30:00,7733.7593
2019-10-31 08:00:00,7772.961
2019-10-31 08:30:00,7765.961
2019-10-31 09:00:00,7699.9097
2019-10-31 09:30:00,7877.417
2019-10-31 10:00:00,7853.7207
2019-10-31 10:30:00,7917.666
2019-10-31 11:00:00,7890.305
2019-10-31 11:30:00,7886.959
2019-10-31 12:00:00,7914.1685
2019-10-31 12:30:00,8014.205
2019-10-31 13:00:00,8072.3735
2019-10-31 13:30:00,8075.917
2019-10-31 14:00:00,8172.764
2019-10-31 14:30:00,8358.487
2019-10-31 15:00:00,8551.879
2019-10-31 15:30:00,8556.585
2019-10-31 16:00:00,8762.695
2019-10-31 16:30:00,8839.462
2019-10-31 17:00:00,9002.687
2019-10-31 17:30:00,8843.666
2019-10-31 18:00:00,8804.028
2019-10-31 18:30:00,8759.169
2019-10-31 19:00:00,8692.3125
2019-10-31 19:30:00,8504.0205
2019-10-31 20:00:00,8343.335
2019-10-31 20:30:00,8159.674
2019-10-31 21:00:00,7895.663
2019-10-31 21:30:00,7747.0396
2019-10-31 22:00:00,7536.579
2019-10-31 22:30:00,7540.496
2019-10-31 23:00:00,7435.2944
2019-10-31 23:30:00,7317.2974
2019-11-01 00:00:00,7305.2363
2019-11-01 00:30:00,7118.5186
2019-11-01 01:00:00,6912.907
2019-11-01 01:30:00,6636.0786
2019-11-01 02:00:00,6437.3037
2019-11-01 02:30:00,6328.366
2019-11-01 03:00:00,6184.8794
2019-11-01 03:30:00,6181.4824
2019-11-01 04:00:00,6301.944
2019-11-01 04:30:00,6499.452
2019-11-01 05:00:00,6756.7397
2019-11-01 05:30:00,7213.6826
2019-11-01 06:00:00,7480.5884
2019-11-01 06:30:00,7839.7085
2019-11-01 07:00:00,8021.131
2019-11-01 07:30:00,8033.624
2019-11-01 08:00:00,8076.078
2019-11-01 08:30:00,8056.7705
2019-11-01 09:00:00,8018.1895
2019-11-01 09:30:00,8076.751
2019-11-01 10:00:00,8165.2275
2019-11-01 10:30:00,8273.535
2019-11-01 11:00:00,8305.687
2019-11-01 11:30:00,8323.735
2019-11-01 12:00:00,8425.442
2019-11-01 12:30:00,8588.692
2019-11-01 13:00:00,8747.731
2019-11-01 13:30:00,8827.579
2019-11-01 14:00:00,8946.511
2019-11-01 14:30:00,9086.9795
2019-11-01 15:00:00,9272.252
2019-11-01 15:30:00,9302.76
2019-11-01 16:00:00,9398.078
2019-11-01 16:30:00,9422.178
2019-11-01 17:00:00,9411.354
2019-11-01 17:30:00,9234.605
2019-11-01 18:00:00,9106.908
2019-11-01 18:30:00,8949.663
2019-11-01 19:00:00,8957.5625
2019-11-01 19:30:00,8802.494
2019-11-01 20:00:00,8632.899
2019-11-01 20:30:00,8465.98
2019-11-01 21:00:00,8279.253
2019-11-01 21:30:00,8093.6846
2019-11-01 22:00:00,7969.266
2019-11-01 22:30:00,7736.303
2019-11-01 23:00:00,7600.26
2019-11-01 23:30:00,7396.522
2019-11-02 00:00:00,7160.5977
2019-11-02 00:30:00,7035.266
2019-11-02 01:00:00,6836.543
2019-11-02 01:30:00,6579.8955
2019-11-02 02:00:00,6351.359
2019-11-02 02:30:00,6256.0083
2019-11-02 03:00:00,6086.4844
2019-11-02 03:30:00,6155.126
2019-11-02 04:00:00,6004.2285
2019-11-02 04:30:00,6292.445
2019-11-02 05:00:00,6178.142
2019-11-02 05:30:00,6500.161
2019-11-02 06:00:00,6609.256
2019-11-02 06:30:00,6791.4116
2019-11-02 07:00:00,7215.7227
2019-11-02 07:30:00,7216.6226
2019-11-02 08:00:00,7461.4126
2019-11-02 08:30:00,7459.54
2019-11-02 09:00:00,7463.602
2019-11-02 09:30:00,7437.6
2019-11-02 10:00:00,7450.716
2019-11-02 10:30:00,7460.89
2019-11-02 11:00:00,7489.149
2019-11-02 11:30:00,7463.372
2019-11-02 12:00:00,7418.2905
2019-11-02 12:30:00,7409.291
2019-11-02 13:00:00,7425.6514
2019-11-02 13:30:00,7524.5454
2019-11-02 14:00:00,7634.847
2019-11-02 14:30:00,7778.513
2019-11-02 15:00:00,7971.882
2019-11-02 15:30:00,8137.388
2019-11-02 16:00:00,8318.609
2019-11-02 16:30:00,8350.495
2019-11-02 17:00:00,8439.253
2019-11-02 17:30:00,8405.331
2019-11-02 18:00:00,8297.212
2019-11-02 18:30:00,8177.0728
2019-11-02 19:00:00,8125.6943
2019-11-02 19:30:00,8040.264
2019-11-02 20:00:00,7900.293
2019-11-02 20:30:00,7750.8364
2019-11-02 21:00:00,7497.9023
2019-11-02 21:30:00,7485.3774
2019-11-02 22:00:00,7427.033
2019-11-02 22:30:00,7412.6636
2019-11-02 23:00:00,7149.461
2019-11-02 23:30:00,7064.1895
2019-11-03 00:00:00,6820.294
2019-11-03 00:30:00,6658.2524
2019-11-03 01:00:00,6534.5195
2019-11-03 01:30:00,6178.4146
2019-11-03 02:00:00,6010.331
2019-11-03 02:30:00,5907.315
2019-11-03 03:00:00,5868.493
2019-11-03 03:30:00,5858.696
2019-11-03 04:00:00,5906.4214
2019-11-03 04:30:00,5943.5894
2019-11-03 05:00:00,5927.842
2019-11-03 05:30:00,6054.4165
2019-11-03 06:00:00,6141.113
2019-11-03 06:30:00,6342.265
2019-11-03 07:00:00,6492.062
2019-11-03 07:30:00,6630.947
2019-11-03 08:00:00,6654.787
2019-11-03 08:30:00,6741.7603
2019-11-03 09:00:00,6831.685
2019-11-03 09:30:00,6781.6157
2019-11-03 10:00:00,6770.7485
2019-11-03 10:30:00,6777.7964
2019-11-03 11:00:00,7058.396
2019-11-03 11:30:00,7018.0796
2019-11-03 12:00:00,7059.627
2019-11-03 12:30:00,7130.8774
2019-11-03 13:00:00,7262.6035
2019-11-03 13:30:00,7302.206
2019-11-03 14:00:00,7399.63
2019-11-03 14:30:00,7575.724
2019-11-03 15:00:00,7767.4487
2019-11-03 15:30:00,7872.0635
2019-11-03 16:00:00,8139.47
2019-11-03 16:30:00,8139.342
2019-11-03 17:00:00,8364.628
2019-11-03 17:30:00,8327.054
2019-11-03 18:00:00,8370.708
2019-11-03 18:30:00,8314.142
2019-11-03 19:00:00,8334.433
2019-11-03 19:30:00,8250.173
2019-11-03 20:00:00,8058.2114
2019-11-03 20:30:00,7935.877
2019-11-03 21:00:00,7666.713
2019-11-03 21:30:00,7531.6606
2019-11-03 22:00:00,7243.122
2019-11-03 22:30:00,7169.898
2019-11-03 23:00:00,6912.261
2019-11-03 23:30:00,6801.5625
2019-11-04 00:00:00,6831.171
2019-11-04 00:30:00,6702.316
2019-11-04 01:00:00,6554.3
2019-11-04 01:30:00,6395.484
2019-11-04 02:00:00,6182.059
2019-11-04 02:30:00,6045.8525
2019-11-04 03:00:00,6095.694
2019-11-04 03:30:00,6007.049
2019-11-04 04:00:00,6149.34
2019-11-04 04:30:00,6112.548
2019-11-04 05:00:00,6801.9663
2019-11-04 05:30:00,6803.6826
2019-11-04 06:00:00,7540.6455
2019-11-04 06:30:00,7621.482
2019-11-04 07:00:00,8141.155
2019-11-04 07:30:00,8357.94
2019-11-04 08:00:00,8036.3516
2019-11-04 08:30:00,7961.893
2019-11-04 09:00:00,7825.338
2019-11-04 09:30:00,7829.5044
2019-11-04 10:00:00,7860.8735
2019-11-04 10:30:00,7947.416
2019-11-04 11:00:00,8153.8516
2019-11-04 11:30:00,8285.532
2019-11-04 12:00:00,8624.836
2019-11-04 12:30:00,8690.48
2019-11-04 13:00:00,8863.839
2019-11-04 13:30:00,8805.585
2019-11-04 14:00:00,8777.356
2019-11-04 14:30:00,9150.419
2019-11-04 15:00:00,9406.848
2019-11-04 15:30:00,9430.908
2019-11-04 16:00:00,9342.224
2019-11-04 16:30:00,9318.928
2019-11-04 17:00:00,9261.019
2019-11-04 17:30:00,9362.9375
2019-11-04 18:00:00,9300.863
2019-11-04 18:30:00,9307.594
2019-11-04 19:00:00,9158.286
2019-11-04 19:30:00,9086.534
2019-11-04 20:00:00,8783.081
2019-11-04 20:30:00,8608.005
2019-11-04 21:00:00,8326.411
2019-11-04 21:30:00,8129.3555
2019-11-04 22:00:00,7935.5933
2019-11-04 22:30:00,7893.1743
2019-11-04 23:00:00,7721.5903
2019-11-04 23:30:00,7492.32
2019-11-05 00:00:00,7340.3823
2019-11-05 00:30:00,7132.336
2019-11-05 01:00:00,6864.4688
2019-11-05 01:30:00,6552.2236
2019-11-05 02:00:00,6283.3228
2019-11-05 02:30:00,6226.5557
2019-11-05 03:00:00,6082.0303
2019-11-05 03:30:00,6172.2056
2019-11-05 04:00:00,6209.2085
2019-11-05 04:30:00,6509.0347
2019-11-05 05:00:00,6774.2007
2019-11-05 05:30:00,7065.2036
2019-11-05 06:00:00,7575.8887
2019-11-05 06:30:00,7685.245
2019-11-05 07:00:00,7819.793
2019-11-05 07:30:00,7827.761
2019-11-05 08:00:00,7889.4697
2019-11-05 08:30:00,7890.5566
2019-11-05 09:00:00,7812.1123
2019-11-05 09:30:00,7764.06
2019-11-05 10:00:00,7757.181
2019-11-05 10:30:00,7746.7134
2019-11-05 11:00:00,7787.158
2019-11-05 11:30:00,7757.175
2019-11-05 12:00:00,7817.384
2019-11-05 12:30:00,7803.146
2019-11-05 13:00:00,7833.997
2019-11-05 13:30:00,7891.333
2019-11-05 14:00:00,7916.5083
2019-11-05 14:30:00,7882.4077
2019-11-05 15:00:00,7933.4365
2019-11-05 15:30:00,8085.9517
2019-11-05 16:00:00,8245.958
2019-11-05 16:30:00,8362.837
2019-11-05 17:00:00,8460.835
2019-11-05 17:30:00,8419.136
2019-11-05 18:00:00,8437.9795
2019-11-05 18:30:00,8344.035
2019-11-05 19:00:00,8369.152
2019-11-05 19:30:00,8358.205
2019-11-05 20:00:00,8180.6416
2019-11-05 20:30:00,8006.244
2019-11-05 21:00:00,7759.7144
2019-11-05 21:30:00,7686.233
2019-11-05 22:00:00,7597.228
2019-11-05 22:30:00,7614.8286
2019-11-05 23:00:00,7412.2056
2019-11-05 23:30:00,7363.895
2019-11-06 00:00:00,7159.8623
2019-11-06 00:30:00,6987.1064
2019-11-06 01:00:00,6826.991
2019-11-06 01:30:00,6527.0234
2019-11-06 02:00:00,6346.503
2019-11-06 02:30:00,6237.916
2019-11-06 03:00:00,6098.184
2019-11-06 03:30:00,6131.418
2019-11-06 04:00:00,6242.603
2019-11-06 04:30:00,6447.439
2019-11-06 05:00:00,6746.434
2019-11-06 05:30:00,7112.3467
2019-11-06 06:00:00,7351.3887
2019-11-06 06:30:00,7616.5938
2019-11-06 07:00:00,7792.3677
2019-11-06 07:30:00,7679.409
2019-11-06 08:00:00,7797.147
2019-11-06 08:30:00,7839.6724
2019-11-06 09:00:00,7770.0586
2019-11-06 09:30:00,7737.0156
2019-11-06 10:00:00,7635.563
2019-11-06 10:30:00,7565.876
2019-11-06 11:00:00,7483.367
2019-11-06 11:30:00,7317.1133
2019-11-06 12:00:00,7189.1895
2019-11-06 12:30:00,7159.657
2019-11-06 13:00:00,7209.2065
2019-11-06 13:30:00,7209.2065
2019-11-06 14:00:00,7324.3306
2019-11-06 14:30:00,7237.7954
2019-11-06 15:00:00,7258.299
2019-11-06 15:30:00,7311.269
2019-11-06 16:00:00,7518.252
2019-11-06 16:30:00,7679.5454
2019-11-06 17:00:00,7930.3574
2019-11-06 17:30:00,8050.4463
2019-11-06 18:00:00,8199.912
2019-11-06 18:30:00,8209.755
2019-11-06 19:00:00,8340.953
2019-11-06 19:30:00,8312.212
2019-11-06 20:00:00,8135.72
2019-11-06 20:30:00,7989.972
2019-11-06 21:00:00,7638.7036
2019-11-06 21:30:00,7650.1323
2019-11-06 22:00:00,7590.6885
2019-11-06 22:30:00,7509.8555
2019-11-06 23:00:00,7407.6753
2019-11-06 23:30:00,7308.7383
2019-11-07 00:00:00,7134.952
2019-11-07 00:30:00,6947.502
2019-11-07 01:00:00,6756.6978
2019-11-07 01:30:00,6461.6035
2019-11-07 02:00:00,6208.2676
2019-11-07 02:30:00,6093.1094
2019-11-07 03:00:00,6018.0894
2019-11-07 03:30:00,5980.364
2019-11-07 04:00:00,6100.0684
2019-11-07 04:30:00,6192.1543
2019-11-07 05:00:00,6436.797
2019-11-07 05:30:00,6878.6196
2019-11-07 06:00:00,7205.3594
2019-11-07 06:30:00,7364.655
2019-11-07 07:00:00,7457.4316
2019-11-07 07:30:00,7362.697
2019-11-07 08:00:00,7382.2417
2019-11-07 08:30:00,7385.9116
2019-11-07 09:00:00,7252.8975
2019-11-07 09:30:00,7192.71
2019-11-07 10:00:00,7099.784
2019-11-07 10:30:00,7232.484
2019-11-07 11:00:00,7044.5366
2019-11-07 11:30:00,7105.96
2019-11-07 12:00:00,7128.9697
2019-11-07 12:30:00,7131.641
2019-11-07 13:00:00,7227.685
2019-11-07 13:30:00,7384.5127
2019-11-07 14:00:00,7554.967
2019-11-07 14:30:00,7573.6177
2019-11-07 15:00:00,7551.957
2019-11-07 15:30:00,7817.4307
2019-11-07 16:00:00,7998.868
2019-11-07 16:30:00,8205.259
2019-11-07 17:00:00,8384.316
2019-11-07 17:30:00,8476.13
2019-11-07 18:00:00,8500.646
2019-11-07 18:30:00,8446.764
2019-11-07 19:00:00,8395.328
2019-11-07 19:30:00,8370.01
2019-11-07 20:00:00,8105.9126
2019-11-07 20:30:00,7954.443
2019-11-07 21:00:00,7575.2393
2019-11-07 21:30:00,7445.976
2019-11-07 22:00:00,7225.657
2019-11-07 22:30:00,7188.1235
2019-11-07 23:00:00,7086.2383
2019-11-07 23:30:00,6994.0166
2019-11-08 00:00:00,7240.223
2019-11-08 00:30:00,7112.3296
2019-11-08 01:00:00,6743.5176
2019-11-08 01:30:00,6612.9937
2019-11-08 02:00:00,6387.9062
2019-11-08 02:30:00,6294.4346
2019-11-08 03:00:00,6213.72
2019-11-08 03:30:00,6175.2676
2019-11-08 04:00:00,6348.48
2019-11-08 04:30:00,6478.165
2019-11-08 05:00:00,6752.7886
2019-11-08 05:30:00,7149.0293
2019-11-08 06:00:00,7457.745
2019-11-08 06:30:00,7719.0605
2019-11-08 07:00:00,7859.7554
2019-11-08 07:30:00,7923.0396
2019-11-08 08:00:00,7952.276
2019-11-08 08:30:00,7995.888
2019-11-08 09:00:00,7989.3525
2019-11-08 09:30:00,7858.846
2019-11-08 10:00:00,8071.468
2019-11-08 10:30:00,8516.149
2019-11-08 11:00:00,7918.8164
2019-11-08 11:30:00,8415.071
2019-11-08 12:00:00,8489.917
2019-11-08 12:30:00,8478.602
2019-11-08 13:00:00,8514.042
2019-11-08 13:30:00,8209.738
2019-11-08 14:00:00,8170.1353
2019-11-08 14:30:00,8242.8125
2019-11-08 15:00:00,8509.152
2019-11-08 15:30:00,8784.69
2019-11-08 16:00:00,9265.927
2019-11-08 16:30:00,9442.955
2019-11-08 17:00:00,9433.696
2019-11-08 17:30:00,9075.333
2019-11-08 18:00:00,8969.605
2019-11-08 18:30:00,8861.628
2019-11-08 19:00:00,8819.746
2019-11-08 19:30:00,8787.184
2019-11-08 20:00:00,8499.499
2019-11-08 20:30:00,8326.633
2019-11-08 21:00:00,8022.902
2019-11-08 21:30:00,7883.858
2019-11-08 22:00:00,7618.47
2019-11-08 22:30:00,7547.178
2019-11-08 23:00:00,7500.832
2019-11-08 23:30:00,7297.8735
2019-11-09 00:00:00,7134.8076
2019-11-09 00:30:00,6979.4316
2019-11-09 01:00:00,6762.1196
2019-11-09 01:30:00,6497.482
2019-11-09 02:00:00,6275.995
2019-11-09 02:30:00,6185.8936
2019-11-09 03:00:00,5991.689
2019-11-09 03:30:00,6001.8003
2019-11-09 04:00:00,5947.2583
2019-11-09 04:30:00,6104.969
2019-11-09 05:00:00,6109.452
2019-11-09 05:30:00,6281.207
2019-11-09 06:00:00,6511.8833
2019-11-09 06:30:00,6601.887
2019-11-09 07:00:00,6996.2017
2019-11-09 07:30:00,7044.0386
2019-11-09 08:00:00,7262.3276
2019-11-09 08:30:00,7271.1035
2019-11-09 09:00:00,7281.811
2019-11-09 09:30:00,7256.513
2019-11-09 10:00:00,7235.0264
2019-11-09 10:30:00,7202.404
2019-11-09 11:00:00,7201.9795
2019-11-09 11:30:00,7180.031
2019-11-09 12:00:00,7186.555
2019-11-09 12:30:00,7202.5635
2019-11-09 13:00:00,7133.094
2019-11-09 13:30:00,7141.5493
2019-11-09 14:00:00,7223.032
2019-11-09 14:30:00,7203.95
2019-11-09 15:00:00,7509.9355
2019-11-09 15:30:00,7673.4185
2019-11-09 16:00:00,7850.23
2019-11-09 16:30:00,7912.1743
2019-11-09 17:00:00,8036.0483
2019-11-09 17:30:00,7988.214
2019-11-09 18:00:00,7909.748
2019-11-09 18:30:00,7862.4907
2019-11-09 19:00:00,7810.131
2019-11-09 19:30:00,7780.878
2019-11-09 20:00:00,7591.841
2019-11-09 20:30:00,7460.9155
2019-11-09 21:00:00,7262.9116
2019-11-09 21:30:00,7262.9116
2019-11-09 22:00:00,7194.054
2019-11-09 22:30:00,7147.0024
2019-11-09 23:00:00,6997.4585
2019-11-09 23:30:00,6888.9956
2019-11-10 00:00:00,6535.489
2019-11-10 00:30:00,6501.3247
2019-11-10 01:00:00,6325.1323
2019-11-10 01:30:00,6049.2056
2019-11-10 02:00:00,5924.225
2019-11-10 02:30:00,5753.3354
2019-11-10 03:00:00,5715.3267
2019-11-10 03:30:00,5742.4463
2019-11-10 04:00:00,5765.954
2019-11-10 04:30:00,5897.334
2019-11-10 05:00:00,5896.022
2019-11-10 05:30:00,6024.118
2019-11-10 06:00:00,6124.3447
2019-11-10 06:30:00,6227.2363
2019-11-10 07:00:00,6352.7827
2019-11-10 07:30:00,6311.5303
2019-11-10 08:00:00,6615.2866
2019-11-10 08:30:00,6582.4434
2019-11-10 09:00:00,6460.9062
2019-11-10 09:30:00,6412.366
2019-11-10 10:00:00,6300.2163
2019-11-10 10:30:00,6280.85
2019-11-10 11:00:00,6391.6436
2019-11-10 11:30:00,6144.098
2019-11-10 12:00:00,6244.879
2019-11-10 12:30:00,6152.5015
2019-11-10 13:00:00,6086.0806
2019-11-10 13:30:00,6086.0806
2019-11-10 14:00:00,6138.351
2019-11-10 14:30:00,6183.344
2019-11-10 15:00:00,6301.743
2019-11-10 15:30:00,6540.571
2019-11-10 16:00:00,6533.711
2019-11-10 16:30:00,6730.983
2019-11-10 17:00:00,7107.5117
2019-11-10 17:30:00,7278.829
2019-11-10 18:00:00,7331.4014
2019-11-10 18:30:00,7514.4897
2019-11-10 19:00:00,7704.9697
2019-11-10 19:30:00,7603.8936
2019-11-10 20:00:00,7586.3755
2019-11-10 20:30:00,7376.024
2019-11-10 21:00:00,7200.491
2019-11-10 21:30:00,7108.5
2019-11-10 22:00:00,6848.8564
2019-11-10 22:30:00,6848.8564
2019-11-10 23:00:00,6684.419
2019-11-10 23:30:00,6637.7744
2019-11-11 00:00:00,6705.4634
2019-11-11 00:30:00,6538.159
2019-11-11 01:00:00,6463.7036
2019-11-11 01:30:00,6183.588
2019-11-11 02:00:00,5980.185
2019-11-11 02:30:00,5867.773
2019-11-11 03:00:00,5844.561
2019-11-11 03:30:00,5842.7974
2019-11-11 04:00:00,6024.075
2019-11-11 04:30:00,6104.843
2019-11-11 05:00:00,6668.3516
2019-11-11 05:30:00,6695.197
2019-11-11 06:00:00,7491.199
2019-11-11 06:30:00,7548.3994
2019-11-11 07:00:00,7285.6313
2019-11-11 07:30:00,7755.5244
2019-11-11 08:00:00,7171.265
2019-11-11 08:30:00,7207.02
2019-11-11 09:00:00,7051.683
2019-11-11 09:30:00,7079.2256
2019-11-11 10:00:00,7120.212
2019-11-11 10:30:00,7004.2285
2019-11-11 11:00:00,6992.8535
2019-11-11 11:30:00,6957.208
2019-11-11 12:00:00,6871.7397
2019-11-11 12:30:00,6832.549
2019-11-11 13:00:00,6929.5947
2019-11-11 13:30:00,6950.4316
2019-11-11 14:00:00,6976.6914
2019-11-11 14:30:00,7029.9526
2019-11-11 15:00:00,7409.018
2019-11-11 15:30:00,7507.051
2019-11-11 16:00:00,7464.9946
2019-11-11 16:30:00,8031.009
2019-11-11 17:00:00,8312.652
2019-11-11 17:30:00,8571.675
2019-11-11 18:00:00,8443.79
2019-11-11 18:30:00,8528.239
2019-11-11 19:00:00,8504.26
2019-11-11 19:30:00,8504.26
2019-11-11 20:00:00,8332.615
2019-11-11 20:30:00,8182.576
2019-11-11 21:00:00,7969.991
2019-11-11 21:30:00,7889.1733
2019-11-11 22:00:00,7762.7666
2019-11-11 22:30:00,7721.4644
2019-11-11 23:00:00,7470.7144
2019-11-11 23:30:00,7357.8506
2019-11-12 00:00:00,7276.5884
2019-11-12 00:30:00,7064.6167
2019-11-12 01:00:00,6887.3296
2019-11-12 01:30:00,6663.493
2019-11-12 02:00:00,6401.172
2019-11-12 02:30:00,6261.1416
2019-11-12 03:00:00,6146.6733
2019-11-12 03:30:00,6164.289
2019-11-12 04:00:00,6155.203
2019-11-12 04:30:00,6578.696
2019-11-12 05:00:00,6730.15
2019-11-12 05:30:00,7157.161
2019-11-12 06:00:00,7622.7573
2019-11-12 06:30:00,7693.3804
2019-11-12 07:00:00,7834.691
2019-11-12 07:30:00,7848.5215
2019-11-12 08:00:00,7869.515
2019-11-12 08:30:00,7851.1245
2019-11-12 09:00:00,7831.05
2019-11-12 09:30:00,7801.122
2019-11-12 10:00:00,7864.1587
2019-11-12 10:30:00,7825.3726
2019-11-12 11:00:00,7856.379
2019-11-12 11:30:00,7901.4478
2019-11-12 12:00:00,7827.2544
2019-11-12 12:30:00,7873.203
2019-11-12 13:00:00,7984.7246
2019-11-12 13:30:00,8055.2827
2019-11-12 14:00:00,8091.22
2019-11-12 14:30:00,8151.88
2019-11-12 15:00:00,8150.483
2019-11-12 15:30:00,8251.579
2019-11-12 16:00:00,8477.722
2019-11-12 16:30:00,8663.414
2019-11-12 17:00:00,8761.268
2019-11-12 17:30:00,8765.498
2019-11-12 18:00:00,8837.207
2019-11-12 18:30:00,8636.451
2019-11-12 19:00:00,8573.215
2019-11-12 19:30:00,8528.482
2019-11-12 20:00:00,8380.382
2019-11-12 20:30:00,8182.7544
2019-11-12 21:00:00,7909.2124
2019-11-12 21:30:00,7850.919
2019-11-12 22:00:00,7709.667
2019-11-12 22:30:00,7687.996
2019-11-12 23:00:00,7453.71
2019-11-12 23:30:00,7353.021
2019-11-13 00:00:00,7269.196
2019-11-13 00:30:00,7098.3696
2019-11-13 01:00:00,6858.2456
2019-11-13 01:30:00,6581.989
2019-11-13 02:00:00,6404.4033
2019-11-13 02:30:00,6256.3315
2019-11-13 03:00:00,6180.5625
2019-11-13 03:30:00,6180.5625
2019-11-13 04:00:00,6241.555
2019-11-13 04:30:00,6447.045
2019-11-13 05:00:00,6569.8047
2019-11-13 05:30:00,6941.381
2019-11-13 06:00:00,7238.07
2019-11-13 06:30:00,7375.162
2019-11-13 07:00:00,7605.032
2019-11-13 07:30:00,7665.9805
2019-11-13 08:00:00,7819.6904
2019-11-13 08:30:00,7640.935
2019-11-13 09:00:00,7663.6597
2019-11-13 09:30:00,7728.131
2019-11-13 10:00:00,7625.7593
2019-11-13 10:30:00,7608.914
2019-11-13 11:00:00,7664.348
2019-11-13 11:30:00,7698.624
2019-11-13 12:00:00,8088.748
2019-11-13 12:30:00,8339.626
2019-11-13 13:00:00,8394.056
2019-11-13 13:30:00,8501.267
2019-11-13 14:00:00,8237.438
2019-11-13 14:30:00,8548.773
2019-11-13 15:00:00,8922.656
2019-11-13 15:30:00,9240.24
2019-11-13 16:00:00,9560.237
2019-11-13 16:30:00,9869.557
2019-11-13 17:00:00,9889.942
2019-11-13 17:30:00,9843.165
2019-11-13 18:00:00,9512.204
2019-11-13 18:30:00,9846.176
2019-11-13 19:00:00,9552.984
2019-11-13 19:30:00,9267.704
2019-11-13 20:00:00,9040.196
2019-11-13 20:30:00,8623.412
2019-11-13 21:00:00,8178.884
2019-11-13 21:30:00,7917.3633
2019-11-13 22:00:00,7656.411
2019-11-13 22:30:00,7533.985
2019-11-13 23:00:00,7338.669
2019-11-13 23:30:00,7249.5117
2019-11-14 00:00:00,6980.257
2019-11-14 00:30:00,6867.051
2019-11-14 01:00:00,6627.951
2019-11-14 01:30:00,6356.752
2019-11-14 02:00:00,6184.1787
2019-11-14 02:30:00,6057.003
2019-11-14 03:00:00,5971.8154
2019-11-14 03:30:00,6009.541
2019-11-14 04:00:00,6064.867
2019-11-14 04:30:00,6264.411
2019-11-14 05:00:00,6484.7485
2019-11-14 05:30:00,6843.435
2019-11-14 06:00:00,7176.0225
2019-11-14 06:30:00,7328.3936
2019-11-14 07:00:00,7510.1406
2019-11-14 07:30:00,7431.567
2019-11-14 08:00:00,7324.6694
2019-11-14 08:30:00,7301.8154
2019-11-14 09:00:00,7189.7705
2019-11-14 09:30:00,7231.4937
2019-11-14 10:00:00,7207.5884
2019-11-14 10:30:00,7152.6577
2019-11-14 11:00:00,7054.8667
2019-11-14 11:30:00,6995.9204
2019-11-14 12:00:00,7084.03
2019-11-14 12:30:00,7146.2393
2019-11-14 13:00:00,7122.3203
2019-11-14 13:30:00,7218.306
2019-11-14 14:00:00,7373.7495
2019-11-14 14:30:00,7387.696
2019-11-14 15:00:00,7338.5024
2019-11-14 15:30:00,7514.2544
2019-11-14 16:00:00,7755.9946
2019-11-14 16:30:00,7870.177
2019-11-14 17:00:00,8104.665
2019-11-14 17:30:00,8136.156
2019-11-14 18:00:00,8227.92
2019-11-14 18:30:00,8168.23
2019-11-14 19:00:00,8195.226
2019-11-14 19:30:00,8248.839
2019-11-14 20:00:00,8104.741
2019-11-14 20:30:00,7911.3955
2019-11-14 21:00:00,7578.7505
2019-11-14 21:30:00,7487.0786
2019-11-14 22:00:00,7339.0513
2019-11-14 22:30:00,7297.5596
2019-11-14 23:00:00,7181.886
2019-11-14 23:30:00,7090.359
2019-11-15 00:00:00,7070.4307
2019-11-15 00:30:00,6989.7905
2019-11-15 01:00:00,6749.344
2019-11-15 01:30:00,6468.9624
2019-11-15 02:00:00,6179.123
2019-11-15 02:30:00,6179.123
2019-11-15 03:00:00,6112.816
2019-11-15 03:30:00,6125.5234
2019-11-15 04:00:00,6233.7095
2019-11-15 04:30:00,6488.8623
2019-11-15 05:00:00,6675.9316
2019-11-15 05:30:00,7110.1953
2019-11-15 06:00:00,7373.861
2019-11-15 06:30:00,7635.9204
2019-11-15 07:00:00,7723.2007
2019-11-15 07:30:00,7621.2124
2019-11-15 08:00:00,7569.6206
2019-11-15 08:30:00,7580.1167
2019-11-15 09:00:00,7570.536
2019-11-15 09:30:00,7576.5386
2019-11-15 10:00:00,7632.7505
2019-11-15 10:30:00,7565.4673
2019-11-15 11:00:00,7406.0283
2019-11-15 11:30:00,7422.2695
2019-11-15 12:00:00,7471.4883
2019-11-15 12:30:00,7487.9287
2019-11-15 13:00:00,7653.8633
2019-11-15 13:30:00,7581.407
2019-11-15 14:00:00,7711.4404
2019-11-15 14:30:00,7728.8604
2019-11-15 15:00:00,7888.171
2019-11-15 15:30:00,7897.725
2019-11-15 16:00:00,8056.253
2019-11-15 16:30:00,8253.075
2019-11-15 17:00:00,8307.789
2019-11-15 17:30:00,8295.415
2019-11-15 18:00:00,8229.451
2019-11-15 18:30:00,8161.3716
2019-11-15 19:00:00,8346.433
2019-11-15 19:30:00,8333.208
2019-11-15 20:00:00,8170.178
2019-11-15 20:30:00,8019.081
2019-11-15 21:00:00,7795.787
2019-11-15 21:30:00,7635.735
2019-11-15 22:00:00,7502.5713
2019-11-15 22:30:00,7439.388
2019-11-15 23:00:00,7336.074
2019-11-15 23:30:00,7189.0005
2019-11-16 00:00:00,7067.7656
2019-11-16 00:30:00,6944.714
2019-11-16 01:00:00,6642.252
2019-11-16 01:30:00,6431.8257
2019-11-16 02:00:00,6174.53
2019-11-16 02:30:00,6032.2524
2019-11-16 03:00:00,5911.7803
2019-11-16 03:30:00,5984.1416
2019-11-16 04:00:00,5911.3765
2019-11-16 04:30:00,6124.12
2019-11-16 05:00:00,6046.471
2019-11-16 05:30:00,6248.134
2019-11-16 06:00:00,6351.9316
2019-11-16 06:30:00,6543.1846
2019-11-16 07:00:00,6894.8296
2019-11-16 07:30:00,6938.9453
2019-11-16 08:00:00,7195.6416
2019-11-16 08:30:00,7213.854
2019-11-16 09:00:00,7208.052
2019-11-16 09:30:00,7182.042
2019-11-16 10:00:00,7221.0464
2019-11-16 10:30:00,7152.653
2019-11-16 11:00:00,7072.1006
2019-11-16 11:30:00,6988.1255
2019-11-16 12:00:00,7081.757
2019-11-16 12:30:00,7028.895
2019-11-16 13:00:00,6886.5527
2019-11-16 13:30:00,6834.029
2019-11-16 14:00:00,7013.187
2019-11-16 14:30:00,7244.846
2019-11-16 15:00:00,7540.5195
2019-11-16 15:30:00,7084.3066
2019-11-16 16:00:00,7178.141
2019-11-16 16:30:00,7204.847
2019-11-16 17:00:00,7599.8916
2019-11-16 17:30:00,7664.396
2019-11-16 18:00:00,7494.923
2019-11-16 18:30:00,7425.0645
2019-11-16 19:00:00,7506.291
2019-11-16 19:30:00,7447.069
2019-11-16 20:00:00,7033.694
2019-11-16 20:30:00,6853.1245
2019-11-16 21:00:00,6845.4214
2019-11-16 21:30:00,7351.8228
2019-11-16 22:00:00,7254.9624
2019-11-16 22:30:00,7250.5454
2019-11-16 23:00:00,7031.6265
2019-11-16 23:30:00,6976.4116
2019-11-17 00:00:00,6647.1973
2019-11-17 00:30:00,6460.4395
2019-11-17 01:00:00,6335.606
2019-11-17 01:30:00,6014.278
2019-11-17 02:00:00,5933.2593
2019-11-17 02:30:00,5825.7886
2019-11-17 03:00:00,5711.991
2019-11-17 03:30:00,5711.991
2019-11-17 04:00:00,5734.892
2019-11-17 04:30:00,5819.796
2019-11-17 05:00:00,5840.887
2019-11-17 05:30:00,5960.2827
2019-11-17 06:00:00,5962.341
2019-11-17 06:30:00,6138.116
2019-11-17 07:00:00,6325.8706
2019-11-17 07:30:00,6342.026
2019-11-17 08:00:00,6576.4863
2019-11-17 08:30:00,6666.4077
2019-11-17 09:00:00,6770.9805
2019-11-17 09:30:00,6804.372
2019-11-17 10:00:00,6555.934
2019-11-17 10:30:00,6484.3164
2019-11-17 11:00:00,6557.639
2019-11-17 11:30:00,6519.101
2019-11-17 12:00:00,6586.2554
2019-11-17 12:30:00,6361.6133
2019-11-17 13:00:00,6415.6465
2019-11-17 13:30:00,6376.303
2019-11-17 14:00:00,6434.849
2019-11-17 14:30:00,6443.368
2019-11-17 15:00:00,6864.3257
2019-11-17 15:30:00,6840.568
2019-11-17 16:00:00,7033.9556
2019-11-17 16:30:00,7188.5127
2019-11-17 17:00:00,7438.1904
2019-11-17 17:30:00,7430.714
2019-11-17 18:00:00,7591.084
2019-11-17 18:30:00,7688.266
2019-11-17 19:00:00,7818.4326
2019-11-17 19:30:00,7833.705
2019-11-17 20:00:00,7720.389
2019-11-17 20:30:00,7596.2812
2019-11-17 21:00:00,7421.1016
2019-11-17 21:30:00,7321.4404
2019-11-17 22:00:00,7044.163
2019-11-17 22:30:00,7044.163
2019-11-17 23:00:00,6886.87
2019-11-17 23:30:00,6707.234
2019-11-18 00:00:00,6840.97
2019-11-18 00:30:00,6749.5186
2019-11-18 01:00:00,6671.7
2019-11-18 01:30:00,6369.7744
2019-11-18 02:00:00,6240.6973
2019-11-18 02:30:00,6080.063
2019-11-18 03:00:00,6027.1133
2019-11-18 03:30:00,6054.283
2019-11-18 04:00:00,6209.576
2019-11-18 04:30:00,6231.8003
2019-11-18 05:00:00,6855.025
2019-11-18 05:30:00,6944.0444
2019-11-18 06:00:00,7652.227
2019-11-18 06:30:00,7652.4443
2019-11-18 07:00:00,8135.0957
2019-11-18 07:30:00,8454.776
2019-11-18 08:00:00,8002.7837
2019-11-18 08:30:00,8298.671
2019-11-18 09:00:00,7834.2183
2019-11-18 09:30:00,7896.194
2019-11-18 10:00:00,7757.3984
2019-11-18 10:30:00,7593.6997
2019-11-18 11:00:00,7450.1123
2019-11-18 11:30:00,7450.1123
2019-11-18 12:00:00,7560.969
2019-11-18 12:30:00,7377.9146
2019-11-18 13:00:00,7425.1465
2019-11-18 13:30:00,7359.6343
2019-11-18 14:00:00,7583.9814
2019-11-18 14:30:00,7663.9736
2019-11-18 15:00:00,7901.126
2019-11-18 15:30:00,8087.7295
2019-11-18 16:00:00,8367.552
2019-11-18 16:30:00,8408.155
2019-11-18 17:00:00,8538.682
2019-11-18 17:30:00,8627.411
2019-11-18 18:00:00,8545.065
2019-11-18 18:30:00,8619.747
2019-11-18 19:00:00,8602.384
2019-11-18 19:30:00,8602.872
2019-11-18 20:00:00,8503.009
2019-11-18 20:30:00,8383.516
2019-11-18 21:00:00,8050.813
2019-11-18 21:30:00,8037.0903
2019-11-18 22:00:00,7885.799
2019-11-18 22:30:00,7855.891
2019-11-18 23:00:00,7725.1675
2019-11-18 23:30:00,7545.775
2019-11-19 00:00:00,7277.9
2019-11-19 00:30:00,7161.4067
2019-11-19 01:00:00,6873.8735
2019-11-19 01:30:00,6626.998
2019-11-19 02:00:00,6360.9014
2019-11-19 02:30:00,6324.24
2019-11-19 03:00:00,6295.926
2019-11-19 03:30:00,6292.9253
2019-11-19 04:00:00,6360.8096
2019-11-19 04:30:00,6579.2236
2019-11-19 05:00:00,6740.8755
2019-11-19 05:30:00,7074.7505
2019-11-19 06:00:00,7593.899
2019-11-19 06:30:00,7704.868
2019-11-19 07:00:00,7839.6094
2019-11-19 07:30:00,7853.0
2019-11-19 08:00:00,7862.522
2019-11-19 08:30:00,7837.1836
2019-11-19 09:00:00,7814.979
2019-11-19 09:30:00,7829.634
2019-11-19 10:00:00,7862.994
2019-11-19 10:30:00,7910.4766
2019-11-19 11:00:00,7985.282
2019-11-19 11:30:00,7966.869
2019-11-19 12:00:00,7847.5796
2019-11-19 12:30:00,7853.3345
2019-11-19 13:00:00,8022.3257
2019-11-19 13:30:00,8009.37
2019-11-19 14:00:00,8117.133
2019-11-19 14:30:00,8101.8477
2019-11-19 15:00:00,8174.49
2019-11-19 15:30:00,8298.238
2019-11-19 16:00:00,8547.539
2019-11-19 16:30:00,8642.424
2019-11-19 17:00:00,8849.279
2019-11-19 17:30:00,8841.847
2019-11-19 18:00:00,8852.09
2019-11-19 18:30:00,8688.084
2019-11-19 19:00:00,8582.763
2019-11-19 19:30:00,8532.683
2019-11-19 20:00:00,8387.822
2019-11-19 20:30:00,8242.943
2019-11-19 21:00:00,7992.368
2019-11-19 21:30:00,7874.1084
2019-11-19 22:00:00,7733.1685
2019-11-19 22:30:00,7712.8804
2019-11-19 23:00:00,7516.8857
2019-11-19 23:30:00,7394.9233
2019-11-20 00:00:00,7369.8247
2019-11-20 00:30:00,7155.688
2019-11-20 01:00:00,6992.037
2019-11-20 01:30:00,6740.153
2019-11-20 02:00:00,6516.5635
2019-11-20 02:30:00,6412.8193
2019-11-20 03:00:00,6341.6504
2019-11-20 03:30:00,6341.6504
2019-11-20 04:00:00,6381.937
2019-11-20 04:30:00,6596.445
2019-11-20 05:00:00,6747.075
2019-11-20 05:30:00,7143.946
2019-11-20 06:00:00,7476.6797
2019-11-20 06:30:00,7634.1367
2019-11-20 07:00:00,7849.9604
2019-11-20 07:30:00,7857.035
2019-11-20 08:00:00,8045.0903
2019-11-20 08:30:00,7970.5356
2019-11-20 09:00:00,7899.7314
2019-11-20 09:30:00,7964.403
2019-11-20 10:00:00,7891.8657
2019-11-20 10:30:00,7827.164
2019-11-20 11:00:00,7831.388
2019-11-20 11:30:00,8105.655
2019-11-20 12:00:00,8339.136
2019-11-20 12:30:00,8447.644
2019-11-20 13:00:00,8459.697
2019-11-20 13:30:00,8901.387
2019-11-20 14:00:00,9160.239
2019-11-20 14:30:00,9326.858
2019-11-20 15:00:00,9553.526
2019-11-20 15:30:00,9754.051
2019-11-20 16:00:00,9790.131
2019-11-20 16:30:00,10050.462
2019-11-20 17:00:00,9910.385
2019-11-20 17:30:00,9809.132
2019-11-20 18:00:00,9826.516
2019-11-20 18:30:00,9619.864
2019-11-20 19:00:00,9406.8
2019-11-20 19:30:00,9226.373
2019-11-20 20:00:00,9059.75
2019-11-20 20:30:00,8752.146
2019-11-20 21:00:00,8378.851
2019-11-20 21:30:00,8263.088
2019-11-20 22:00:00,7991.8906
2019-11-20 22:30:00,7871.011
2019-11-20 23:00:00,7785.4307
2019-11-20 23:30:00,7548.175
2019-11-21 00:00:00,7442.7715
2019-11-21 00:30:00,7227.2075
2019-11-21 01:00:00,7073.4116
2019-11-21 01:30:00,6816.219
2019-11-21 02:00:00,6586.883
2019-11-21 02:30:00,6462.5923
2019-11-21 03:00:00,6384.2373
2019-11-21 03:30:00,6384.2373
2019-11-21 04:00:00,6467.798
2019-11-21 04:30:00,6649.1104
2019-11-21 05:00:00,6945.096
2019-11-21 05:30:00,7287.7495
2019-11-21 06:00:00,7710.447
2019-11-21 06:30:00,7961.581
2019-11-21 07:00:00,8082.213
2019-11-21 07:30:00,8082.4478
2019-11-21 08:00:00,8125.04
2019-11-21 08:30:00,8148.0005
2019-11-21 09:00:00,8140.62
2019-11-21 09:30:00,8120.607
2019-11-21 10:00:00,8182.351
2019-11-21 10:30:00,8122.255
2019-11-21 11:00:00,8043.3765
2019-11-21 11:30:00,7957.348
2019-11-21 12:00:00,7962.261
2019-11-21 12:30:00,7888.8364
2019-11-21 13:00:00,7929.8057
2019-11-21 13:30:00,8019.7974
2019-11-21 14:00:00,8177.7188
2019-11-21 14:30:00,8252.157
2019-11-21 15:00:00,8524.479
2019-11-21 15:30:00,8789.8
2019-11-21 16:00:00,9053.655
2019-11-21 16:30:00,9243.378
2019-11-21 17:00:00,9393.461
2019-11-21 17:30:00,9293.756
2019-11-21 18:00:00,9368.27
2019-11-21 18:30:00,9115.692
2019-11-21 19:00:00,8995.997
2019-11-21 19:30:00,8991.08
2019-11-21 20:00:00,8820.536
2019-11-21 20:30:00,8566.471
2019-11-21 21:00:00,8275.687
2019-11-21 21:30:00,8117.1924
2019-11-21 22:00:00,7950.458
2019-11-21 22:30:00,7866.7363
2019-11-21 23:00:00,7765.4966
2019-11-21 23:30:00,7569.9883
2019-11-22 00:00:00,7392.546
2019-11-22 00:30:00,7242.1094
2019-11-22 01:00:00,7050.395
2019-11-22 01:30:00,6779.8193
2019-11-22 02:00:00,6560.6265
2019-11-22 02:30:00,6423.8726
2019-11-22 03:00:00,6401.289
2019-11-22 03:30:00,6401.289
2019-11-22 04:00:00,6515.4805
2019-11-22 04:30:00,6694.8555
2019-11-22 05:00:00,6945.038
2019-11-22 05:30:00,7348.5146
2019-11-22 06:00:00,7603.477
2019-11-22 06:30:00,7926.6104
2019-11-22 07:00:00,8125.8384
2019-11-22 07:30:00,8182.0146
2019-11-22 08:00:00,8238.385
2019-11-22 08:30:00,8334.074
2019-11-22 09:00:00,8372.274
2019-11-22 09:30:00,8453.023
2019-11-22 10:00:00,8706.916
2019-11-22 10:30:00,8735.657
2019-11-22 11:00:00,8840.062
2019-11-22 11:30:00,9010.551
2019-11-22 12:00:00,9091.648
2019-11-22 12:30:00,9203.322
2019-11-22 13:00:00,9332.516
2019-11-22 13:30:00,9521.436
2019-11-22 14:00:00,9691.469
2019-11-22 14:30:00,9848.72
2019-11-22 15:00:00,10117.356
2019-11-22 15:30:00,10203.421
2019-11-22 16:00:00,10413.321
2019-11-22 16:30:00,10424.082
2019-11-22 17:00:00,10336.233
2019-11-22 17:30:00,10036.205
2019-11-22 18:00:00,9938.37
2019-11-22 18:30:00,9841.762
2019-11-22 19:00:00,9671.687
2019-11-22 19:30:00,9634.303
2019-11-22 20:00:00,9397.186
2019-11-22 20:30:00,9060.347
2019-11-22 21:00:00,8764.204
2019-11-22 21:30:00,8625.205
2019-11-22 22:00:00,8341.164
2019-11-22 22:30:00,8181.0015
2019-11-22 23:00:00,7978.8003
2019-11-22 23:30:00,7770.7817
2019-11-23 00:00:00,7435.2754
2019-11-23 00:30:00,7257.7607
2019-11-23 01:00:00,7080.323
2019-11-23 01:30:00,6867.4614
2019-11-23 02:00:00,6681.4673
2019-11-23 02:30:00,6519.205
2019-11-23 03:00:00,6439.8267
2019-11-23 03:30:00,6466.209
2019-11-23 04:00:00,6316.691
2019-11-23 04:30:00,6635.7437
2019-11-23 05:00:00,6281.553
2019-11-23 05:30:00,6590.017
2019-11-23 06:00:00,6793.8105
2019-11-23 06:30:00,7041.4497
2019-11-23 07:00:00,7774.0977
2019-11-23 07:30:00,7825.8994
2019-11-23 08:00:00,8345.093
2019-11-23 08:30:00,8446.524
2019-11-23 09:00:00,8467.086
2019-11-23 09:30:00,8504.291
2019-11-23 10:00:00,8436.289
2019-11-23 10:30:00,8436.289
2019-11-23 11:00:00,8462.037
2019-11-23 11:30:00,8470.847
2019-11-23 12:00:00,8389.577
2019-11-23 12:30:00,8433.744
2019-11-23 13:00:00,8508.812
2019-11-23 13:30:00,8155.071
2019-11-23 14:00:00,8221.643
2019-11-23 14:30:00,8165.038
2019-11-23 15:00:00,8285.771
2019-11-23 15:30:00,8392.383
2019-11-23 16:00:00,8346.596
2019-11-23 16:30:00,8316.23
2019-11-23 17:00:00,8427.805
2019-11-23 17:30:00,8280.445
2019-11-23 18:00:00,8325.344
2019-11-23 18:30:00,8129.613
2019-11-23 19:00:00,8058.333
2019-11-23 19:30:00,7972.4014
2019-11-23 20:00:00,7896.4565
2019-11-23 20:30:00,7814.311
2019-11-23 21:00:00,7594.246
2019-11-23 21:30:00,7529.126
2019-11-23 22:00:00,7408.9946
2019-11-23 22:30:00,7416.41
2019-11-23 23:00:00,7267.7725
2019-11-23 23:30:00,7180.195
2019-11-24 00:00:00,6838.5195
2019-11-24 00:30:00,6715.9927
2019-11-24 01:00:00,6567.3755
2019-11-24 01:30:00,6353.982
2019-11-24 02:00:00,6105.9604
2019-11-24 02:30:00,5952.7007
2019-11-24 03:00:00,5896.456
2019-11-24 03:30:00,5891.6694
2019-11-24 04:00:00,5914.0264
2019-11-24 04:30:00,5985.7397
2019-11-24 05:00:00,6000.69
2019-11-24 05:30:00,6135.8677
2019-11-24 06:00:00,6252.4023
2019-11-24 06:30:00,6450.366
2019-11-24 07:00:00,6520.6406
2019-11-24 07:30:00,6641.214
2019-11-24 08:00:00,6924.9116
2019-11-24 08:30:00,7026.6543
2019-11-24 09:00:00,7064.0005
2019-11-24 09:30:00,7030.606
2019-11-24 10:00:00,7092.8237
2019-11-24 10:30:00,7017.385
2019-11-24 11:00:00,7054.073
2019-11-24 11:30:00,6836.617
2019-11-24 12:00:00,6742.921
2019-11-24 12:30:00,6703.4956
2019-11-24 13:00:00,6712.765
2019-11-24 13:30:00,6747.4253
2019-11-24 14:00:00,6866.4414
2019-11-24 14:30:00,6959.5312
2019-11-24 15:00:00,7146.3906
2019-11-24 15:30:00,7309.911
2019-11-24 16:00:00,7490.317
2019-11-24 16:30:00,7529.459
2019-11-24 17:00:00,7815.4917
2019-11-24 17:30:00,7842.3228
2019-11-24 18:00:00,7976.676
2019-11-24 18:30:00,7962.228
2019-11-24 19:00:00,7935.906
2019-11-24 19:30:00,7970.023
2019-11-24 20:00:00,7788.006
2019-11-24 20:30:00,7779.7666
2019-11-24 21:00:00,7467.835
2019-11-24 21:30:00,7439.1323
2019-11-24 22:00:00,7170.9272
2019-11-24 22:30:00,7097.274
2019-11-24 23:00:00,6757.5396
2019-11-24 23:30:00,6659.3354
2019-11-25 00:00:00,6820.4897
2019-11-25 00:30:00,6674.446
2019-11-25 01:00:00,6492.585
2019-11-25 01:30:00,6354.5117
2019-11-25 02:00:00,6160.605
2019-11-25 02:30:00,6026.335
2019-11-25 03:00:00,5958.372
2019-11-25 03:30:00,5962.059
2019-11-25 04:00:00,6113.0244
2019-11-25 04:30:00,6225.0737
2019-11-25 05:00:00,6766.482
2019-11-25 05:30:00,6873.206
2019-11-25 06:00:00,7533.1914
2019-11-25 06:30:00,7715.9834
2019-11-25 07:00:00,8257.36
2019-11-25 07:30:00,8317.405
2019-11-25 08:00:00,8074.9897
2019-11-25 08:30:00,8334.499
2019-11-25 09:00:00,8157.1694
2019-11-25 09:30:00,8157.1694
2019-11-25 10:00:00,8011.431
2019-11-25 10:30:00,7999.192
2019-11-25 11:00:00,7894.7134
2019-11-25 11:30:00,7717.4966
2019-11-25 12:00:00,7821.99
2019-11-25 12:30:00,7838.647
2019-11-25 13:00:00,7819.19
2019-11-25 13:30:00,7840.317
2019-11-25 14:00:00,8180.684
2019-11-25 14:30:00,8385.344
2019-11-25 15:00:00,8355.695
2019-11-25 15:30:00,8463.723
2019-11-25 16:00:00,8615.156
2019-11-25 16:30:00,8779.115
2019-11-25 17:00:00,8853.1455
2019-11-25 17:30:00,9029.392
2019-11-25 18:00:00,9091.969
2019-11-25 18:30:00,9025.609
2019-11-25 19:00:00,8912.857
2019-11-25 19:30:00,8926.745
2019-11-25 20:00:00,8622.757
2019-11-25 20:30:00,8518.761
2019-11-25 21:00:00,8227.012
2019-11-25 21:30:00,8149.3335
2019-11-25 22:00:00,8041.209
2019-11-25 22:30:00,7971.55
2019-11-25 23:00:00,7851.0557
2019-11-25 23:30:00,7718.13
2019-11-26 00:00:00,7423.666
2019-11-26 00:30:00,7344.642
2019-11-26 01:00:00,7018.81
2019-11-26 01:30:00,6780.0464
2019-11-26 02:00:00,6464.0312
2019-11-26 02:30:00,6484.144
2019-11-26 03:00:00,6372.6914
2019-11-26 03:30:00,6322.1963
2019-11-26 04:00:00,6365.285
2019-11-26 04:30:00,6608.1343
2019-11-26 05:00:00,6784.8525
2019-11-26 05:30:00,7077.595
2019-11-26 06:00:00,7556.3535
2019-11-26 06:30:00,7691.8213
2019-11-26 07:00:00,7849.2583
2019-11-26 07:30:00,7970.458
2019-11-26 08:00:00,8036.801
2019-11-26 08:30:00,8029.9414
2019-11-26 09:00:00,7970.725
2019-11-26 09:30:00,8028.6562
2019-11-26 10:00:00,7967.291
2019-11-26 10:30:00,7907.255
2019-11-26 11:00:00,7954.426
2019-11-26 11:30:00,7940.2437
2019-11-26 12:00:00,8088.2744
2019-11-26 12:30:00,8201.138
2019-11-26 13:00:00,8326.103
2019-11-26 13:30:00,8540.947
2019-11-26 14:00:00,8890.848
2019-11-26 14:30:00,9006.659
2019-11-26 15:00:00,9188.535
2019-11-26 15:30:00,9259.499
2019-11-26 16:00:00,9205.999
2019-11-26 16:30:00,9204.874
2019-11-26 17:00:00,9241.5625
2019-11-26 17:30:00,9083.469
2019-11-26 18:00:00,8933.912
2019-11-26 18:30:00,8913.689
2019-11-26 19:00:00,8814.891
2019-11-26 19:30:00,8792.237
2019-11-26 20:00:00,8554.885
2019-11-26 20:30:00,8399.766
2019-11-26 21:00:00,8165.015
2019-11-26 21:30:00,8118.6836
2019-11-26 22:00:00,7971.871
2019-11-26 22:30:00,7888.5195
2019-11-26 23:00:00,7636.168
2019-11-26 23:30:00,7520.9766
2019-11-27 00:00:00,7324.526
2019-11-27 00:30:00,7137.3657
2019-11-27 01:00:00,6906.007
2019-11-27 01:30:00,6633.3784
2019-11-27 02:00:00,6368.0347
2019-11-27 02:30:00,6259.486
2019-11-27 03:00:00,6180.468
2019-11-27 03:30:00,6180.468
2019-11-27 04:00:00,6208.1772
2019-11-27 04:30:00,6433.1616
2019-11-27 05:00:00,6632.2925
2019-11-27 05:30:00,7058.646
2019-11-27 06:00:00,7343.518
2019-11-27 06:30:00,7738.468
2019-11-27 07:00:00,7969.7607
2019-11-27 07:30:00,8043.364
2019-11-27 08:00:00,8102.444
2019-11-27 08:30:00,8116.5977
2019-11-27 09:00:00,8082.804
2019-11-27 09:30:00,8030.854
2019-11-27 10:00:00,7860.598
2019-11-27 10:30:00,7852.006
2019-11-27 11:00:00,7943.4272
2019-11-27 11:30:00,8011.6953
2019-11-27 12:00:00,8666.071
2019-11-27 12:30:00,8528.857
2019-11-27 13:00:00,8183.031
2019-11-27 13:30:00,8416.568
2019-11-27 14:00:00,8222.751
2019-11-27 14:30:00,8311.128
2019-11-27 15:00:00,8208.11
2019-11-27 15:30:00,8427.761
2019-11-27 16:00:00,8850.048
2019-11-27 16:30:00,8939.56
2019-11-27 17:00:00,8880.686
2019-11-27 17:30:00,8745.068
2019-11-27 18:00:00,8789.019
2019-11-27 18:30:00,8752.63
2019-11-27 19:00:00,8562.575
2019-11-27 19:30:00,8554.222
2019-11-27 20:00:00,8370.854
2019-11-27 20:30:00,8189.774
2019-11-27 21:00:00,7880.08
2019-11-27 21:30:00,7759.127
2019-11-27 22:00:00,7550.2607
2019-11-27 22:30:00,7457.6865
2019-11-27 23:00:00,7253.5034
2019-11-27 23:30:00,7119.6006
2019-11-28 00:00:00,7070.0063
2019-11-28 00:30:00,7033.1196
2019-11-28 01:00:00,6811.912
2019-11-28 01:30:00,6574.0684
2019-11-28 02:00:00,6340.4653
2019-11-28 02:30:00,6250.7207
2019-11-28 03:00:00,6234.7603
2019-11-28 03:30:00,6256.018
2019-11-28 04:00:00,6276.7383
2019-11-28 04:30:00,6501.5244
2019-11-28 05:00:00,6678.9194
2019-11-28 05:30:00,7207.567
2019-11-28 06:00:00,7478.8086
2019-11-28 06:30:00,7649.292
2019-11-28 07:00:00,7761.4893
2019-11-28 07:30:00,7760.46
2019-11-28 08:00:00,7634.1665
2019-11-28 08:30:00,7525.268
2019-11-28 09:00:00,7457.7163
2019-11-28 09:30:00,7409.699
2019-11-28 10:00:00,7369.1855
2019-11-28 10:30:00,7436.1323
2019-11-28 11:00:00,7261.1333
2019-11-28 11:30:00,7303.9136
2019-11-28 12:00:00,7338.3145
2019-11-28 12:30:00,7338.3145
2019-11-28 13:00:00,7487.693
2019-11-28 13:30:00,7529.4824
2019-11-28 14:00:00,7651.8477
2019-11-28 14:30:00,7660.41
2019-11-28 15:00:00,7786.4805
2019-11-28 15:30:00,7954.2173
2019-11-28 16:00:00,8192.217
2019-11-28 16:30:00,8373.011
2019-11-28 17:00:00,8493.986
2019-11-28 17:30:00,8588.953
2019-11-28 18:00:00,8647.4795
2019-11-28 18:30:00,8564.687
2019-11-28 19:00:00,8517.636
2019-11-28 19:30:00,8559.997
2019-11-28 20:00:00,8400.949
2019-11-28 20:30:00,8269.439
2019-11-28 21:00:00,7938.8325
2019-11-28 21:30:00,7836.4473
2019-11-28 22:00:00,7602.9053
2019-11-28 22:30:00,7509.66
2019-11-28 23:00:00,7388.312
2019-11-28 23:30:00,7370.0938
2019-11-29 00:00:00,7163.4824
2019-11-29 00:30:00,7012.767
2019-11-29 01:00:00,6813.082
2019-11-29 01:30:00,6507.9243
2019-11-29 02:00:00,6299.31
2019-11-29 02:30:00,6188.95
2019-11-29 03:00:00,6111.611
2019-11-29 03:30:00,6111.611
2019-11-29 04:00:00,6157.833
2019-11-29 04:30:00,6390.1465
2019-11-29 05:00:00,6555.4517
2019-11-29 05:30:00,6964.0586
2019-11-29 06:00:00,7237.9106
2019-11-29 06:30:00,7519.1567
2019-11-29 07:00:00,7630.994
2019-11-29 07:30:00,7602.1304
2019-11-29 08:00:00,7661.9033
2019-11-29 08:30:00,7702.8022
2019-11-29 09:00:00,7646.411
2019-11-29 09:30:00,7756.8564
2019-11-29 10:00:00,7848.422
2019-11-29 10:30:00,7820.1104
2019-11-29 11:00:00,7813.951
2019-11-29 11:30:00,7806.1636
2019-11-29 12:00:00,7864.2686
2019-11-29 12:30:00,7916.027
2019-11-29 13:00:00,8049.832
2019-11-29 13:30:00,8143.533
2019-11-29 14:00:00,8305.9375
2019-11-29 14:30:00,8407.687
2019-11-29 15:00:00,8632.388
2019-11-29 15:30:00,8750.056
2019-11-29 16:00:00,8935.4375
2019-11-29 16:30:00,9027.956
2019-11-29 17:00:00,8998.6875
2019-11-29 17:30:00,9002.918
2019-11-29 18:00:00,8836.612
2019-11-29 18:30:00,8751.85
2019-11-29 19:00:00,8731.2
2019-11-29 19:30:00,8723.635
2019-11-29 20:00:00,8483.328
2019-11-29 20:30:00,8291.639
2019-11-29 21:00:00,8045.9277
2019-11-29 21:30:00,7969.543
2019-11-29 22:00:00,7845.061
2019-11-29 22:30:00,7724.461
2019-11-29 23:00:00,7553.5947
2019-11-29 23:30:00,7447.785
2019-11-30 00:00:00,7221.5957
2019-11-30 00:30:00,7067.862
2019-11-30 01:00:00,6785.1357
2019-11-30 01:30:00,6621.358
2019-11-30 02:00:00,6423.375
2019-11-30 02:30:00,6274.623
2019-11-30 03:00:00,6149.114
2019-11-30 03:30:00,6223.426
2019-11-30 04:00:00,6189.871
2019-11-30 04:30:00,6402.2534
2019-11-30 05:00:00,6172.5327
2019-11-30 05:30:00,6450.2627
2019-11-30 06:00:00,6572.3223
2019-11-30 06:30:00,6650.878
2019-11-30 07:00:00,7072.662
2019-11-30 07:30:00,7079.765
2019-11-30 08:00:00,7517.608
2019-11-30 08:30:00,7605.068
2019-11-30 09:00:00,7581.441
2019-11-30 09:30:00,7520.257
2019-11-30 10:00:00,7465.0195
2019-11-30 10:30:00,7444.3296
2019-11-30 11:00:00,7370.8975
2019-11-30 11:30:00,7361.3467
2019-11-30 12:00:00,7286.5913
2019-11-30 12:30:00,7378.5283
2019-11-30 13:00:00,7543.7437
2019-11-30 13:30:00,7549.08
2019-11-30 14:00:00,7774.7354
2019-11-30 14:30:00,7851.146
2019-11-30 15:00:00,7807.468
2019-11-30 15:30:00,7992.517
2019-11-30 16:00:00,8192.179
2019-11-30 16:30:00,8492.705
2019-11-30 17:00:00,8599.179
2019-11-30 17:30:00,8429.839
2019-11-30 18:00:00,8434.441
2019-11-30 18:30:00,8275.533
2019-11-30 19:00:00,8071.197
2019-11-30 19:30:00,8055.812
2019-11-30 20:00:00,7981.262
2019-11-30 20:30:00,8004.0405
2019-11-30 21:00:00,7744.4297
2019-11-30 21:30:00,7697.6616
2019-11-30 22:00:00,7497.2563
2019-11-30 22:30:00,7445.3433
2019-11-30 23:00:00,7215.9546
2019-11-30 23:30:00,7126.219
2019-12-01 00:00:00,7030.9355
2019-12-01 00:30:00,6792.509
2019-12-01 01:00:00,6606.3926
2019-12-01 01:30:00,6343.977
2019-12-01 02:00:00,6090.823
2019-12-01 02:30:00,5979.654
2019-12-01 03:00:00,5945.1987
2019-12-01 03:30:00,5826.4365
2019-12-01 04:00:00,5918.1816
2019-12-01 04:30:00,5875.3364
2019-12-01 05:00:00,5965.7637
2019-12-01 05:30:00,6035.023
2019-12-01 06:00:00,6318.383
2019-12-01 06:30:00,6449.505
2019-12-01 07:00:00,6589.8467
2019-12-01 07:30:00,6796.128
2019-12-01 08:00:00,7065.1445
2019-12-01 08:30:00,7203.8335
2019-12-01 09:00:00,7255.829
2019-12-01 09:30:00,7121.901
2019-12-01 10:00:00,7084.264
2019-12-01 10:30:00,7339.6055
2019-12-01 11:00:00,7234.0728
2019-12-01 11:30:00,7130.897
2019-12-01 12:00:00,7106.4126
2019-12-01 12:30:00,7089.584
2019-12-01 13:00:00,7092.9233
2019-12-01 13:30:00,7053.734
2019-12-01 14:00:00,6899.7466
2019-12-01 14:30:00,6831.1694
2019-12-01 15:00:00,6981.46
2019-12-01 15:30:00,7023.6787
2019-12-01 16:00:00,7396.631
2019-12-01 16:30:00,7381.7334
2019-12-01 17:00:00,7553.4326
2019-12-01 17:30:00,7616.367
2019-12-01 18:00:00,7728.216
2019-12-01 18:30:00,7712.219
2019-12-01 19:00:00,7753.0537
2019-12-01 19:30:00,7894.0596
2019-12-01 20:00:00,7898.027
2019-12-01 20:30:00,7831.377
2019-12-01 21:00:00,7545.183
2019-12-01 21:30:00,7519.313
2019-12-01 22:00:00,7206.8403
2019-12-01 22:30:00,7109.5435
2019-12-01 23:00:00,6832.6084
2019-12-01 23:30:00,6756.1606
2019-12-02 00:00:00,6782.5986
2019-12-02 00:30:00,6697.9043
2019-12-02 01:00:00,6537.7817
2019-12-02 01:30:00,6272.865
2019-12-02 02:00:00,6047.4175
2019-12-02 02:30:00,5969.1978
2019-12-02 03:00:00,5946.6074
2019-12-02 03:30:00,5946.6074
2019-12-02 04:00:00,6130.098
2019-12-02 04:30:00,6197.118
2019-12-02 05:00:00,6767.44
2019-12-02 05:30:00,6852.547
2019-12-02 06:00:00,7529.6387
2019-12-02 06:30:00,7555.7065
2019-12-02 07:00:00,8032.486
2019-12-02 07:30:00,8411.309
2019-12-02 08:00:00,7761.7964
2019-12-02 08:30:00,7882.3647
2019-12-02 09:00:00,7690.769
2019-12-02 09:30:00,7577.893
2019-12-02 10:00:00,7535.2993
2019-12-02 10:30:00,7358.6406
2019-12-02 11:00:00,7261.4985
2019-12-02 11:30:00,7294.662
2019-12-02 12:00:00,7326.4536
2019-12-02 12:30:00,7174.1587
2019-12-02 13:00:00,7061.5356
2019-12-02 13:30:00,7121.433
2019-12-02 14:00:00,7275.1025
2019-12-02 14:30:00,7402.1694
2019-12-02 15:00:00,7746.276
2019-12-02 15:30:00,8058.282
2019-12-02 16:00:00,8565.481
2019-12-02 16:30:00,8812.484
2019-12-02 17:00:00,8826.6045
2019-12-02 17:30:00,8986.824
2019-12-02 18:00:00,8834.975
2019-12-02 18:30:00,8828.946
2019-12-02 19:00:00,8698.609
2019-12-02 19:30:00,8760.345
2019-12-02 20:00:00,8546.462
2019-12-02 20:30:00,8486.009
2019-12-02 21:00:00,8081.291
2019-12-02 21:30:00,8030.6743
2019-12-02 22:00:00,7868.107
2019-12-02 22:30:00,7815.8403
2019-12-02 23:00:00,7499.3413
2019-12-02 23:30:00,7275.6387
2019-12-03 00:00:00,7099.4478
2019-12-03 00:30:00,6963.084
2019-12-03 01:00:00,6735.5293
2019-12-03 01:30:00,6382.987
2019-12-03 02:00:00,6147.7603
2019-12-03 02:30:00,6181.75
2019-12-03 03:00:00,6043.533
2019-12-03 03:30:00,6044.5625
2019-12-03 04:00:00,6079.4517
2019-12-03 04:30:00,6278.3877
2019-12-03 05:00:00,6609.4224
2019-12-03 05:30:00,6951.41
2019-12-03 06:00:00,7503.487
2019-12-03 06:30:00,7728.7974
2019-12-03 07:00:00,7880.1484
2019-12-03 07:30:00,7860.9233
2019-12-03 08:00:00,7954.041
2019-12-03 08:30:00,8006.998
2019-12-03 09:00:00,7900.0244
2019-12-03 09:30:00,7911.9697
2019-12-03 10:00:00,7979.1562
2019-12-03 10:30:00,7951.8784
2019-12-03 11:00:00,7978.2715
2019-12-03 11:30:00,7987.7095
2019-12-03 12:00:00,7852.1274
2019-12-03 12:30:00,7761.2812
2019-12-03 13:00:00,7877.6685
2019-12-03 13:30:00,7896.0815
2019-12-03 14:00:00,7937.31
2019-12-03 14:30:00,7937.31
2019-12-03 15:00:00,7917.611
2019-12-03 15:30:00,7970.6406
2019-12-03 16:00:00,8155.054
2019-12-03 16:30:00,8178.3213
2019-12-03 17:00:00,8333.939
2019-12-03 17:30:00,8286.496
2019-12-03 18:00:00,8304.39
2019-12-03 18:30:00,8304.39
2019-12-03 19:00:00,8321.434
2019-12-03 19:30:00,8308.391
2019-12-03 20:00:00,8207.035
2019-12-03 20:30:00,8016.4595
2019-12-03 21:00:00,7821.6987
2019-12-03 21:30:00,7810.3325
2019-12-03 22:00:00,7753.4683
2019-12-03 22:30:00,7704.2285
2019-12-03 23:00:00,7437.4834
2019-12-03 23:30:00,7382.5547
2019-12-04 00:00:00,7133.288
2019-12-04 00:30:00,6984.1074
2019-12-04 01:00:00,6768.299
2019-12-04 01:30:00,6469.686
2019-12-04 02:00:00,6321.9478
2019-12-04 02:30:00,6192.027
2019-12-04 03:00:00,6043.9243
2019-12-04 03:30:00,6061.54
2019-12-04 04:00:00,6148.0703
2019-12-04 04:30:00,6309.122
2019-12-04 05:00:00,6505.383
2019-12-04 05:30:00,6935.7124
2019-12-04 06:00:00,7254.2793
2019-12-04 06:30:00,7510.726
2019-12-04 07:00:00,7664.514
2019-12-04 07:30:00,7605.0967
2019-12-04 08:00:00,7701.813
2019-12-04 08:30:00,7736.4795
2019-12-04 09:00:00,7420.4014
2019-12-04 09:30:00,7480.3716
2019-12-04 10:00:00,7498.177
2019-12-04 10:30:00,7402.9204
2019-12-04 11:00:00,7331.972
2019-12-04 11:30:00,7395.2285
2019-12-04 12:00:00,7558.0586
2019-12-04 12:30:00,7614.5405
2019-12-04 13:00:00,7745.589
2019-12-04 13:30:00,7862.781
2019-12-04 14:00:00,7998.983
2019-12-04 14:30:00,8097.726
2019-12-04 15:00:00,8164.5176
2019-12-04 15:30:00,8379.288
2019-12-04 16:00:00,8473.643
2019-12-04 16:30:00,8616.635
2019-12-04 17:00:00,8804.352
2019-12-04 17:30:00,8857.96
2019-12-04 18:00:00,8656.176
2019-12-04 18:30:00,8639.293
2019-12-04 19:00:00,8442.03
2019-12-04 19:30:00,8591.6455
2019-12-04 20:00:00,8424.391
2019-12-04 20:30:00,8314.678
2019-12-04 21:00:00,8063.1826
2019-12-04 21:30:00,7884.3438
2019-12-04 22:00:00,7733.4893
2019-12-04 22:30:00,7607.64
2019-12-04 23:00:00,7438.777
2019-12-04 23:30:00,7292.9434
2019-12-05 00:00:00,7158.8247
2019-12-05 00:30:00,6976.0435
2019-12-05 01:00:00,6720.399
2019-12-05 01:30:00,6452.3022
2019-12-05 02:00:00,6283.309
2019-12-05 02:30:00,6170.633
2019-12-05 03:00:00,6104.6914
2019-12-05 03:30:00,6102.8745
2019-12-05 04:00:00,6192.5195
2019-12-05 04:30:00,6353.5723
2019-12-05 05:00:00,6539.9307
2019-12-05 05:30:00,6887.594
2019-12-05 06:00:00,7235.0293
2019-12-05 06:30:00,7454.279
2019-12-05 07:00:00,7730.848
2019-12-05 07:30:00,7661.6465
2019-12-05 08:00:00,7706.714
2019-12-05 08:30:00,7783.0396
2019-12-05 09:00:00,7713.1025
2019-12-05 09:30:00,7709.5107
2019-12-05 10:00:00,8159.686
2019-12-05 10:30:00,8062.2275
2019-12-05 11:00:00,8126.5474
2019-12-05 11:30:00,8138.12
2019-12-05 12:00:00,8181.8916
2019-12-05 12:30:00,8343.602
2019-12-05 13:00:00,8058.6675
2019-12-05 13:30:00,8121.9277
2019-12-05 14:00:00,8194.836
2019-12-05 14:30:00,8285.378
2019-12-05 15:00:00,8426.734
2019-12-05 15:30:00,8602.892
2019-12-05 16:00:00,8898.327
2019-12-05 16:30:00,8977.074
2019-12-05 17:00:00,9098.29
2019-12-05 17:30:00,9024.629
2019-12-05 18:00:00,8906.637
2019-12-05 18:30:00,8820.987
2019-12-05 19:00:00,8720.713
2019-12-05 19:30:00,8665.581
2019-12-05 20:00:00,8530.218
2019-12-05 20:30:00,8368.03
2019-12-05 21:00:00,8081.1416
2019-12-05 21:30:00,7934.719
2019-12-05 22:00:00,7661.9224
2019-12-05 22:30:00,7568.7573
2019-12-05 23:00:00,7459.9814
2019-12-05 23:30:00,7202.8467
2019-12-06 00:00:00,7138.4707
2019-12-06 00:30:00,7048.272
2019-12-06 01:00:00,6856.06
2019-12-06 01:30:00,6551.5615
2019-12-06 02:00:00,6368.232
2019-12-06 02:30:00,6309.132
2019-12-06 03:00:00,6216.588
2019-12-06 03:30:00,6209.1865
2019-12-06 04:00:00,6278.0234
2019-12-06 04:30:00,6459.683
2019-12-06 05:00:00,6543.2666
2019-12-06 05:30:00,6905.5596
2019-12-06 06:00:00,7165.599
2019-12-06 06:30:00,7372.681
2019-12-06 07:00:00,7615.1665
2019-12-06 07:30:00,7682.3584
2019-12-06 08:00:00,7832.838
2019-12-06 08:30:00,7782.823
2019-12-06 09:00:00,7857.935
2019-12-06 09:30:00,7876.583
2019-12-06 10:00:00,8066.193
2019-12-06 10:30:00,8165.9175
2019-12-06 11:00:00,8147.0566
2019-12-06 11:30:00,8149.995
2019-12-06 12:00:00,7657.4756
2019-12-06 12:30:00,7664.5566
2019-12-06 13:00:00,7767.108
2019-12-06 13:30:00,8005.5933
2019-12-06 14:00:00,8064.064
2019-12-06 14:30:00,8340.796
2019-12-06 15:00:00,8465.267
2019-12-06 15:30:00,8666.173
2019-12-06 16:00:00,8733.467
2019-12-06 16:30:00,8843.648
2019-12-06 17:00:00,9033.604
2019-12-06 17:30:00,9071.625
2019-12-06 18:00:00,8975.479
2019-12-06 18:30:00,9123.653
2019-12-06 19:00:00,8785.697
2019-12-06 19:30:00,8859.913
2019-12-06 20:00:00,8611.911
2019-12-06 20:30:00,8607.933
2019-12-06 21:00:00,8222.423
2019-12-06 21:30:00,8127.7163
2019-12-06 22:00:00,8211.22
2019-12-06 22:30:00,8012.6836
2019-12-06 23:00:00,7763.471
2019-12-06 23:30:00,7561.897
2019-12-07 00:00:00,7265.802
2019-12-07 00:30:00,7066.8877
2019-12-07 01:00:00,6867.951
2019-12-07 01:30:00,6603.119
2019-12-07 02:00:00,6362.4023
2019-12-07 02:30:00,6218.68
2019-12-07 03:00:00,6098.6753
2019-12-07 03:30:00,6167.317
2019-12-07 04:00:00,6084.085
2019-12-07 04:30:00,6278.469
2019-12-07 05:00:00,6161.0825
2019-12-07 05:30:00,6370.07
2019-12-07 06:00:00,6555.8257
2019-12-07 06:30:00,6620.253
2019-12-07 07:00:00,7106.2676
2019-12-07 07:30:00,7066.95
2019-12-07 08:00:00,7383.668
2019-12-07 08:30:00,7357.7925
2019-12-07 09:00:00,7460.0986
2019-12-07 09:30:00,7515.2207
2019-12-07 10:00:00,7577.509
2019-12-07 10:30:00,7576.1704
2019-12-07 11:00:00,7609.776
2019-12-07 11:30:00,7601.864
2019-12-07 12:00:00,7590.336
2019-12-07 12:30:00,7630.7554
2019-12-07 13:00:00,7695.767
2019-12-07 13:30:00,7649.209
2019-12-07 14:00:00,7757.567
2019-12-07 14:30:00,7862.2275
2019-12-07 15:00:00,8020.267
2019-12-07 15:30:00,8162.241
2019-12-07 16:00:00,8307.827
2019-12-07 16:30:00,8510.044
2019-12-07 17:00:00,8639.153
2019-12-07 17:30:00,8494.159
2019-12-07 18:00:00,8519.627
2019-12-07 18:30:00,8405.549
2019-12-07 19:00:00,8208.334
2019-12-07 19:30:00,8108.4146
2019-12-07 20:00:00,7973.58
2019-12-07 20:30:00,7777.082
2019-12-07 21:00:00,7593.759
2019-12-07 21:30:00,7496.7334
2019-12-07 22:00:00,7407.895
2019-12-07 22:30:00,7394.1455
2019-12-07 23:00:00,7262.9727
2019-12-07 23:30:00,7118.044
2019-12-08 00:00:00,6894.174
2019-12-08 00:30:00,6639.8394
2019-12-08 01:00:00,6497.247
2019-12-08 01:30:00,6231.9824
2019-12-08 02:00:00,6029.6797
2019-12-08 02:30:00,5954.3027
2019-12-08 03:00:00,5919.1753
2019-12-08 03:30:00,5868.0864
2019-12-08 04:00:00,5861.321
2019-12-08 04:30:00,5943.1934
2019-12-08 05:00:00,5936.1753
2019-12-08 05:30:00,6062.7534
2019-12-08 06:00:00,6145.0547
2019-12-08 06:30:00,6277.391
2019-12-08 07:00:00,6431.3975
2019-12-08 07:30:00,6579.9746
2019-12-08 08:00:00,6760.454
2019-12-08 08:30:00,6719.6978
2019-12-08 09:00:00,6957.6265
2019-12-08 09:30:00,6905.5645
2019-12-08 10:00:00,6955.921
2019-12-08 10:30:00,6979.223
2019-12-08 11:00:00,7066.719
2019-12-08 11:30:00,7134.0005
2019-12-08 12:00:00,7328.741
2019-12-08 12:30:00,7419.11
2019-12-08 13:00:00,7411.96
2019-12-08 13:30:00,7471.938
2019-12-08 14:00:00,7530.472
2019-12-08 14:30:00,7597.911
2019-12-08 15:00:00,7731.7866
2019-12-08 15:30:00,7806.812
2019-12-08 16:00:00,7908.983
2019-12-08 16:30:00,8039.246
2019-12-08 17:00:00,8192.7705
2019-12-08 17:30:00,8283.61
2019-12-08 18:00:00,8330.852
2019-12-08 18:30:00,8253.806
2019-12-08 19:00:00,8206.772
2019-12-08 19:30:00,8215.543
2019-12-08 20:00:00,8145.152
2019-12-08 20:30:00,8056.848
2019-12-08 21:00:00,7760.665
2019-12-08 21:30:00,7673.788
2019-12-08 22:00:00,7348.8857
2019-12-08 22:30:00,7309.283
2019-12-08 23:00:00,7050.3896
2019-12-08 23:30:00,6860.3784
2019-12-09 00:00:00,6897.4014
2019-12-09 00:30:00,6788.3936
2019-12-09 01:00:00,6561.69
2019-12-09 01:30:00,6423.6167
2019-12-09 02:00:00,6120.7466
2019-12-09 02:30:00,6037.8193
2019-12-09 03:00:00,6045.189
2019-12-09 03:30:00,6021.108
2019-12-09 04:00:00,6135.6978
2019-12-09 04:30:00,6186.2974
2019-12-09 05:00:00,6780.4453
2019-12-09 05:30:00,6845.52
2019-12-09 06:00:00,7549.5757
2019-12-09 06:30:00,7628.8574
2019-12-09 07:00:00,8060.434
2019-12-09 07:30:00,8400.578
2019-12-09 08:00:00,7928.164
2019-12-09 08:30:00,8118.686
2019-12-09 09:00:00,7845.2427
2019-12-09 09:30:00,8009.8174
2019-12-09 10:00:00,7852.439
2019-12-09 10:30:00,7896.7764
2019-12-09 11:00:00,7660.7393
2019-12-09 11:30:00,7724.01
2019-12-09 12:00:00,7703.2686
2019-12-09 12:30:00,7874.5767
2019-12-09 13:00:00,8037.828
2019-12-09 13:30:00,8141.5483
2019-12-09 14:00:00,8390.909
2019-12-09 14:30:00,8570.527
2019-12-09 15:00:00,8794.501
2019-12-09 15:30:00,8890.027
2019-12-09 16:00:00,9250.063
2019-12-09 16:30:00,9122.731
2019-12-09 17:00:00,9208.625
2019-12-09 17:30:00,9295.213
2019-12-09 18:00:00,9233.784
2019-12-09 18:30:00,9224.412
2019-12-09 19:00:00,8980.712
2019-12-09 19:30:00,8996.901
2019-12-09 20:00:00,8702.92
2019-12-09 20:30:00,8585.849
2019-12-09 21:00:00,8278.393
2019-12-09 21:30:00,8066.506
2019-12-09 22:00:00,7938.922
2019-12-09 22:30:00,7857.4424
2019-12-09 23:00:00,7777.5083
2019-12-09 23:30:00,7480.914
2019-12-10 00:00:00,7434.2573
2019-12-10 00:30:00,7216.203
2019-12-10 01:00:00,6926.2676
2019-12-10 01:30:00,6740.2026
2019-12-10 02:00:00,6526.495
2019-12-10 02:30:00,6433.422
2019-12-10 03:00:00,6296.3706
2019-12-10 03:30:00,6360.686
2019-12-10 04:00:00,6436.5503
2019-12-10 04:30:00,6737.642
2019-12-10 05:00:00,6860.377
2019-12-10 05:30:00,7311.96
2019-12-10 06:00:00,7773.668
2019-12-10 06:30:00,8035.317
2019-12-10 07:00:00,8303.31
2019-12-10 07:30:00,8378.016
2019-12-10 08:00:00,8360.553
2019-12-10 08:30:00,8454.497
2019-12-10 09:00:00,8502.992
2019-12-10 09:30:00,8510.637
2019-12-10 10:00:00,8478.319
2019-12-10 10:30:00,8421.587
2019-12-10 11:00:00,8523.279
2019-12-10 11:30:00,8512.422
2019-12-10 12:00:00,8616.749
2019-12-10 12:30:00,8666.686
2019-12-10 13:00:00,8878.425
2019-12-10 13:30:00,9004.579
2019-12-10 14:00:00,9143.539
2019-12-10 14:30:00,9285.0205
2019-12-10 15:00:00,9493.0205
2019-12-10 15:30:00,9704.781
2019-12-10 16:00:00,9894.922
2019-12-10 16:30:00,9884.925
2019-12-10 17:00:00,9884.32
2019-12-10 17:30:00,9764.689
2019-12-10 18:00:00,9864.6455
2019-12-10 18:30:00,9683.473
2019-12-10 19:00:00,9449.577
2019-12-10 19:30:00,9365.697
2019-12-10 20:00:00,9216.548
2019-12-10 20:30:00,8974.044
2019-12-10 21:00:00,8673.552
2019-12-10 21:30:00,8533.355
2019-12-10 22:00:00,8280.713
2019-12-10 22:30:00,8165.6094
2019-12-10 23:00:00,7963.187
2019-12-10 23:30:00,7801.577
2019-12-11 00:00:00,7613.419
2019-12-11 00:30:00,7415.331
2019-12-11 01:00:00,7141.332
2019-12-11 01:30:00,6890.618
2019-12-11 02:00:00,6605.3096
2019-12-11 02:30:00,6510.092
2019-12-11 03:00:00,6492.674
2019-12-11 03:30:00,6441.1504
2019-12-11 04:00:00,6542.542
2019-12-11 04:30:00,6682.808
2019-12-11 05:00:00,6893.662
2019-12-11 05:30:00,7329.6807
2019-12-11 06:00:00,7678.7524
2019-12-11 06:30:00,8019.456
2019-12-11 07:00:00,8203.22
2019-12-11 07:30:00,8392.101
2019-12-11 08:00:00,8469.378
2019-12-11 08:30:00,8597.618
2019-12-11 09:00:00,8769.637
2019-12-11 09:30:00,8786.283
2019-12-11 10:00:00,8864.141
2019-12-11 10:30:00,8569.94
2019-12-11 11:00:00,8712.729
2019-12-11 11:30:00,8761.84
2019-12-11 12:00:00,9093.761
2019-12-11 12:30:00,10072.34
2019-12-11 13:00:00,9961.589
2019-12-11 13:30:00,9951.592
2019-12-11 14:00:00,9951.082
2019-12-11 14:30:00,9946.266
2019-12-11 15:00:00,10207.491
2019-12-11 15:30:00,10221.138
2019-12-11 16:00:00,10138.111
2019-12-11 16:30:00,10195.497
2019-12-11 17:00:00,9947.055
2019-12-11 17:30:00,9958.407
2019-12-11 18:00:00,9864.892
2019-12-11 18:30:00,9679.829
2019-12-11 19:00:00,9402.197
2019-12-11 19:30:00,9209.157
2019-12-11 20:00:00,9007.894
2019-12-11 20:30:00,8748.181
2019-12-11 21:00:00,8419.627
2019-12-11 21:30:00,8226.466
2019-12-11 22:00:00,7954.43
2019-12-11 22:30:00,7787.544
2019-12-11 23:00:00,7656.005
2019-12-11 23:30:00,7431.771
2019-12-12 00:00:00,7202.1157
2019-12-12 00:30:00,7086.89
2019-12-12 01:00:00,6917.9385
2019-12-12 01:30:00,6647.917
2019-12-12 02:00:00,6386.1504
2019-12-12 02:30:00,6279.0654
2019-12-12 03:00:00,6249.4136
2019-12-12 03:30:00,6249.4136
2019-12-12 04:00:00,6321.059
2019-12-12 04:30:00,6510.504
2019-12-12 05:00:00,6685.2114
2019-12-12 05:30:00,7071.7065
2019-12-12 06:00:00,7548.3584
2019-12-12 06:30:00,7765.775
2019-12-12 07:00:00,8111.1694
2019-12-12 07:30:00,8146.66
2019-12-12 08:00:00,8175.0435
2019-12-12 08:30:00,8194.416
2019-12-12 09:00:00,8160.8843
2019-12-12 09:30:00,8130.195
2019-12-12 10:00:00,8136.2803
2019-12-12 10:30:00,8072.5063
2019-12-12 11:00:00,8090.097
2019-12-12 11:30:00,8031.9595
2019-12-12 12:00:00,7986.9287
2019-12-12 12:30:00,7982.6484
2019-12-12 13:00:00,8058.975
2019-12-12 13:30:00,8127.988
2019-12-12 14:00:00,8308.015
2019-12-12 14:30:00,8371.186
2019-12-12 15:00:00,8582.602
2019-12-12 15:30:00,8683.377
2019-12-12 16:00:00,8871.572
2019-12-12 16:30:00,8871.572
2019-12-12 17:00:00,8939.602
2019-12-12 17:30:00,8900.493
2019-12-12 18:00:00,8952.197
2019-12-12 18:30:00,8823.018
2019-12-12 19:00:00,8673.598
2019-12-12 19:30:00,8673.598
2019-12-12 20:00:00,8509.943
2019-12-12 20:30:00,8349.505
2019-12-12 21:00:00,8023.6113
2019-12-12 21:30:00,7991.51
2019-12-12 22:00:00,7759.9424
2019-12-12 22:30:00,7665.521
2019-12-12 23:00:00,7461.934
2019-12-12 23:30:00,7304.655
2019-12-13 00:00:00,7214.802
2019-12-13 00:30:00,7021.158
2019-12-13 01:00:00,6819.0054
2019-12-13 01:30:00,6557.346
2019-12-13 02:00:00,6320.615
2019-12-13 02:30:00,6261.515
2019-12-13 03:00:00,6164.4043
2019-12-13 03:30:00,6214.8413
2019-12-13 04:00:00,6253.4937
2019-12-13 04:30:00,6478.279
2019-12-13 05:00:00,6628.144
2019-12-13 05:30:00,7028.2314
2019-12-13 06:00:00,7450.381
2019-12-13 06:30:00,7731.157
2019-12-13 07:00:00,7986.174
2019-12-13 07:30:00,8022.5903
2019-12-13 08:00:00,8099.229
2019-12-13 08:30:00,8058.833
2019-12-13 09:00:00,8062.3784
2019-12-13 09:30:00,8030.277
2019-12-13 10:00:00,8057.93
2019-12-13 10:30:00,7979.5073
2019-12-13 11:00:00,7955.389
2019-12-13 11:30:00,7838.836
2019-12-13 12:00:00,7834.1587
2019-12-13 12:30:00,7937.7583
2019-12-13 13:00:00,7978.3555
2019-12-13 13:30:00,8039.0737
2019-12-13 14:00:00,8081.231
2019-12-13 14:30:00,8111.819
2019-12-13 15:00:00,8232.839
2019-12-13 15:30:00,8303.608
2019-12-13 16:00:00,8469.1455
2019-12-13 16:30:00,8535.183
2019-12-13 17:00:00,8534.79
2019-12-13 17:30:00,8571.632
2019-12-13 18:00:00,8378.191
2019-12-13 18:30:00,8345.98
2019-12-13 19:00:00,8277.621
2019-12-13 19:30:00,8277.621
2019-12-13 20:00:00,8197.352
2019-12-13 20:30:00,8034.9297
2019-12-13 21:00:00,7897.1025
2019-12-13 21:30:00,7801.999
2019-12-13 22:00:00,7628.3467
2019-12-13 22:30:00,7538.5933
2019-12-13 23:00:00,7402.8706
2019-12-13 23:30:00,7180.023
2019-12-14 00:00:00,7024.244
2019-12-14 00:30:00,6951.7476
2019-12-14 01:00:00,6673.8096
2019-12-14 01:30:00,6405.6206
2019-12-14 02:00:00,6175.0728
2019-12-14 02:30:00,6044.9663
2019-12-14 03:00:00,5934.682
2019-12-14 03:30:00,5961.4424
2019-12-14 04:00:00,5930.635
2019-12-14 04:30:00,6124.553
2019-12-14 05:00:00,6106.031
2019-12-14 05:30:00,6324.4106
2019-12-14 06:00:00,6508.157
2019-12-14 06:30:00,6642.076
2019-12-14 07:00:00,7085.99
2019-12-14 07:30:00,7025.2407
2019-12-14 08:00:00,7311.9336
2019-12-14 08:30:00,7320.364
2019-12-14 09:00:00,7422.1206
2019-12-14 09:30:00,7421.9355
2019-12-14 10:00:00,7351.505
2019-12-14 10:30:00,7350.504
2019-12-14 11:00:00,7286.1187
2019-12-14 11:30:00,7250.667
2019-12-14 12:00:00,7216.3594
2019-12-14 12:30:00,7207.9067
2019-12-14 13:00:00,7209.8325
2019-12-14 13:30:00,7209.607
2019-12-14 14:00:00,7201.5547
2019-12-14 14:30:00,7271.401
2019-12-14 15:00:00,7369.764
2019-12-14 15:30:00,7447.146
2019-12-14 16:00:00,7498.0767
2019-12-14 16:30:00,7556.267
2019-12-14 17:00:00,7663.966
2019-12-14 17:30:00,7630.562
2019-12-14 18:00:00,7672.902
2019-12-14 18:30:00,7639.5366
2019-12-14 19:00:00,7579.5874
2019-12-14 19:30:00,7589.4736
2019-12-14 20:00:00,7519.6196
2019-12-14 20:30:00,7407.3926
2019-12-14 21:00:00,7355.78
2019-12-14 21:30:00,7356.713
2019-12-14 22:00:00,7317.96
2019-12-14 22:30:00,7279.208
2019-12-14 23:00:00,7107.952
2019-12-14 23:30:00,6995.545
2019-12-15 00:00:00,6828.1914
2019-12-15 00:30:00,6610.209
2019-12-15 01:00:00,6504.984
2019-12-15 01:30:00,6245.981
2019-12-15 02:00:00,6074.7817
2019-12-15 02:30:00,5971.7075
2019-12-15 03:00:00,5971.9487
2019-12-15 03:30:00,5931.7417
2019-12-15 04:00:00,5948.5874
2019-12-15 04:30:00,6050.186
2019-12-15 05:00:00,6013.336
2019-12-15 05:30:00,6147.5967
2019-12-15 06:00:00,6284.155
2019-12-15 06:30:00,6365.3584
2019-12-15 07:00:00,6501.3433
2019-12-15 07:30:00,6658.5156
2019-12-15 08:00:00,6722.2197
2019-12-15 08:30:00,6827.0415
2019-12-15 09:00:00,6946.608
2019-12-15 09:30:00,6910.65
2019-12-15 10:00:00,6930.095
2019-12-15 10:30:00,6997.689
2019-12-15 11:00:00,7063.377
2019-12-15 11:30:00,7061.765
2019-12-15 12:00:00,7238.027
2019-12-15 12:30:00,7220.8315
2019-12-15 13:00:00,7427.3774
2019-12-15 13:30:00,7571.3184
2019-12-15 14:00:00,7610.825
2019-12-15 14:30:00,7787.354
2019-12-15 15:00:00,7978.757
2019-12-15 15:30:00,8079.3955
2019-12-15 16:00:00,8302.687
2019-12-15 16:30:00,8302.687
2019-12-15 17:00:00,8502.911
2019-12-15 17:30:00,8497.136
2019-12-15 18:00:00,8581.658
2019-12-15 18:30:00,8461.713
2019-12-15 19:00:00,8384.861
2019-12-15 19:30:00,8451.759
2019-12-15 20:00:00,8382.331
2019-12-15 20:30:00,8179.273
2019-12-15 21:00:00,7942.372
2019-12-15 21:30:00,7836.9126
2019-12-15 22:00:00,7565.5034
2019-12-15 22:30:00,7420.065
2019-12-15 23:00:00,7097.6514
2019-12-15 23:30:00,6870.181
2019-12-16 00:00:00,7045.609
2019-12-16 00:30:00,6834.0522
2019-12-16 01:00:00,6776.0605
2019-12-16 01:30:00,6553.2856
2019-12-16 02:00:00,6338.6963
2019-12-16 02:30:00,6270.585
2019-12-16 03:00:00,6346.837
2019-12-16 03:30:00,6277.623
2019-12-16 04:00:00,6398.8003
2019-12-16 04:30:00,6408.5977
2019-12-16 05:00:00,7042.4497
2019-12-16 05:30:00,7094.6323
2019-12-16 06:00:00,7648.4395
2019-12-16 06:30:00,7814.8955
2019-12-16 07:00:00,8479.621
2019-12-16 07:30:00,8440.85
2019-12-16 08:00:00,8161.274
2019-12-16 08:30:00,8527.714
2019-12-16 09:00:00,8371.387
2019-12-16 09:30:00,8302.243
2019-12-16 10:00:00,8498.473
2019-12-16 10:30:00,8429.911
2019-12-16 11:00:00,8627.924
2019-12-16 11:30:00,8726.027
2019-12-16 12:00:00,9028.456
2019-12-16 12:30:00,9096.001
2019-12-16 13:00:00,9345.186
2019-12-16 13:30:00,9341.038
2019-12-16 14:00:00,9485.653
2019-12-16 14:30:00,9724.266
2019-12-16 15:00:00,9893.53
2019-12-16 15:30:00,10009.868
2019-12-16 16:00:00,10080.612
2019-12-16 16:30:00,10061.464
2019-12-16 17:00:00,10074.295
2019-12-16 17:30:00,10203.17
2019-12-16 18:00:00,9884.298
2019-12-16 18:30:00,9717.667
2019-12-16 19:00:00,9445.469
2019-12-16 19:30:00,9445.469
2019-12-16 20:00:00,9171.459
2019-12-16 20:30:00,9175.047
2019-12-16 21:00:00,8939.737
2019-12-16 21:30:00,8665.104
2019-12-16 22:00:00,8301.949
2019-12-16 22:30:00,8233.959
2019-12-16 23:00:00,8100.355
2019-12-16 23:30:00,7948.104
2019-12-17 00:00:00,7642.9844
2019-12-17 00:30:00,7473.8584
2019-12-17 01:00:00,7215.653
2019-12-17 01:30:00,6885.1094
2019-12-17 02:00:00,6715.4404
2019-12-17 02:30:00,6551.3955
2019-12-17 03:00:00,6461.443
2019-12-17 03:30:00,6461.443
2019-12-17 04:00:00,6561.8057
2019-12-17 04:30:00,6757.3584
2019-12-17 05:00:00,6847.106
2019-12-17 05:30:00,7257.48
2019-12-17 06:00:00,7686.717
2019-12-17 06:30:00,7853.3047
2019-12-17 07:00:00,8115.6587
2019-12-17 07:30:00,8135.41
2019-12-17 08:00:00,8199.094
2019-12-17 08:30:00,8199.094
2019-12-17 09:00:00,8210.119
2019-12-17 09:30:00,8204.514
2019-12-17 10:00:00,8216.205
2019-12-17 10:30:00,8209.429
2019-12-17 11:00:00,8223.737
2019-12-17 11:30:00,8223.737
2019-12-17 12:00:00,8220.88
2019-12-17 12:30:00,8220.88
2019-12-17 13:00:00,8275.213
2019-12-17 13:30:00,8302.073
2019-12-17 14:00:00,8350.139
2019-12-17 14:30:00,8350.139
2019-12-17 15:00:00,8402.267
2019-12-17 15:30:00,8482.578
2019-12-17 16:00:00,8597.892
2019-12-17 16:30:00,8679.158
2019-12-17 17:00:00,8811.541
2019-12-17 17:30:00,8799.878
2019-12-17 18:00:00,8677.781
2019-12-17 18:30:00,8598.505
2019-12-17 19:00:00,8512.705
2019-12-17 19:30:00,8471.924
2019-12-17 20:00:00,8391.273
2019-12-17 20:30:00,8281.962
2019-12-17 21:00:00,8058.4766
2019-12-17 21:30:00,7981.8154
2019-12-17 22:00:00,7860.273
2019-12-17 22:30:00,7780.236
2019-12-17 23:00:00,7589.739
2019-12-17 23:30:00,7478.375
2019-12-18 00:00:00,7206.078
2019-12-18 00:30:00,7071.808
2019-12-18 01:00:00,6860.1816
2019-12-18 01:30:00,6583.9585
2019-12-18 02:00:00,6397.6836
2019-12-18 02:30:00,6295.8823
2019-12-18 03:00:00,6178.72
2019-12-18 03:30:00,6299.4404
2019-12-18 04:00:00,6302.393
2019-12-18 04:30:00,6544.419
2019-12-18 05:00:00,6686.9917
2019-12-18 05:30:00,7054.646
2019-12-18 06:00:00,7297.0044
2019-12-18 06:30:00,7641.5034
2019-12-18 07:00:00,7844.9707
2019-12-18 07:30:00,7942.865
2019-12-18 08:00:00,8027.0205
2019-12-18 08:30:00,8057.939
2019-12-18 09:00:00,7989.789
2019-12-18 09:30:00,7910.4937
2019-12-18 10:00:00,7796.2583
2019-12-18 10:30:00,7839.633
2019-12-18 11:00:00,7898.426
2019-12-18 11:30:00,7904.0127
2019-12-18 12:00:00,7999.6323
2019-12-18 12:30:00,8139.164
2019-12-18 13:00:00,8116.4233
2019-12-18 13:30:00,8225.495
2019-12-18 14:00:00,8264.446
2019-12-18 14:30:00,8387.534
2019-12-18 15:00:00,8609.42
2019-12-18 15:30:00,8782.22
2019-12-18 16:00:00,9130.109
2019-12-18 16:30:00,9258.766
2019-12-18 17:00:00,9261.623
2019-12-18 17:30:00,9160.711
2019-12-18 18:00:00,9092.27
2019-12-18 18:30:00,9016.802
2019-12-18 19:00:00,8797.396
2019-12-18 19:30:00,8738.692
2019-12-18 20:00:00,8667.0205
2019-12-18 20:30:00,8448.909
2019-12-18 21:00:00,8187.8413
2019-12-18 21:30:00,8065.4014
2019-12-18 22:00:00,7877.665
2019-12-18 22:30:00,7800.2544
2019-12-18 23:00:00,7632.364
2019-12-18 23:30:00,7441.707
2019-12-19 00:00:00,7378.2246
2019-12-19 00:30:00,7125.2954
2019-12-19 01:00:00,6927.6753
2019-12-19 01:30:00,6627.34
2019-12-19 02:00:00,6467.2036
2019-12-19 02:30:00,6342.352
2019-12-19 03:00:00,6309.8335
2019-12-19 03:30:00,6332.7817
2019-12-19 04:00:00,6329.086
2019-12-19 04:30:00,6562.715
2019-12-19 05:00:00,6689.4185
2019-12-19 05:30:00,7054.866
2019-12-19 06:00:00,7349.255
2019-12-19 06:30:00,7646.3926
2019-12-19 07:00:00,7915.7017
2019-12-19 07:30:00,7915.7017
2019-12-19 08:00:00,7956.1943
2019-12-19 08:30:00,8102.6904
2019-12-19 09:00:00,8142.8022
2019-12-19 09:30:00,8177.3306
2019-12-19 10:00:00,8157.2056
2019-12-19 10:30:00,8229.911
2019-12-19 11:00:00,8461.147
2019-12-19 11:30:00,8478.21
2019-12-19 12:00:00,8528.607
2019-12-19 12:30:00,8475.951
2019-12-19 13:00:00,8634.028
2019-12-19 13:30:00,8816.004
2019-12-19 14:00:00,8981.513
2019-12-19 14:30:00,9188.147
2019-12-19 15:00:00,9462.438
2019-12-19 15:30:00,9701.554
2019-12-19 16:00:00,9975.28
2019-12-19 16:30:00,10002.998
2019-12-19 17:00:00,10075.351
2019-12-19 17:30:00,10025.968
2019-12-19 18:00:00,9916.44
2019-12-19 18:30:00,9708.161
2019-12-19 19:00:00,9522.076
2019-12-19 19:30:00,9419.464
2019-12-19 20:00:00,9305.297
2019-12-19 20:30:00,9070.424
2019-12-19 21:00:00,8762.279
2019-12-19 21:30:00,8547.957
2019-12-19 22:00:00,8359.515
2019-12-19 22:30:00,8183.03
2019-12-19 23:00:00,7990.8213
2019-12-19 23:30:00,7742.4497
2019-12-20 00:00:00,7600.71
2019-12-20 00:30:00,7390.3477
2019-12-20 01:00:00,7185.581
2019-12-20 01:30:00,6887.6455
2019-12-20 02:00:00,6670.5273
2019-12-20 02:30:00,6504.583
2019-12-20 03:00:00,6465.4014
2019-12-20 03:30:00,6465.4014
2019-12-20 04:00:00,6477.8296
2019-12-20 04:30:00,6674.19
2019-12-20 05:00:00,6811.155
2019-12-20 05:30:00,7156.3384
2019-12-20 06:00:00,7425.591
2019-12-20 06:30:00,7719.4214
2019-12-20 07:00:00,7981.3076
2019-12-20 07:30:00,8151.8643
2019-12-20 08:00:00,8309.19
2019-12-20 08:30:00,8530.237
2019-12-20 09:00:00,8660.153
2019-12-20 09:30:00,8296.61
2019-12-20 10:00:00,8260.507
2019-12-20 10:30:00,8248.91
2019-12-20 11:00:00,8677.649
2019-12-20 11:30:00,9034.708
2019-12-20 12:00:00,9289.583
2019-12-20 12:30:00,9365.717
2019-12-20 13:00:00,9411.038
2019-12-20 13:30:00,9476.81
2019-12-20 14:00:00,9481.776
2019-12-20 14:30:00,10055.977
2019-12-20 15:00:00,10595.926
2019-12-20 15:30:00,10518.6455
2019-12-20 16:00:00,10413.427
2019-12-20 16:30:00,10464.205
2019-12-20 17:00:00,10199.396
2019-12-20 17:30:00,9898.314
2019-12-20 18:00:00,9777.645
2019-12-20 18:30:00,9612.042
2019-12-20 19:00:00,9396.6045
2019-12-20 19:30:00,9246.723
2019-12-20 20:00:00,9092.642
2019-12-20 20:30:00,8896.18
2019-12-20 21:00:00,8658.903
2019-12-20 21:30:00,8464.878
2019-12-20 22:00:00,8234.325
2019-12-20 22:30:00,8112.0767
2019-12-20 23:00:00,7921.163
2019-12-20 23:30:00,7660.0645
2019-12-21 00:00:00,7393.1113
2019-12-21 00:30:00,7176.133
2019-12-21 01:00:00,6883.8174
2019-12-21 01:30:00,6675.5303
2019-12-21 02:00:00,6501.0674
2019-12-21 02:30:00,6377.637
2019-12-21 03:00:00,6215.8735
2019-12-21 03:30:00,6230.659
2019-12-21 04:00:00,6145.4805
2019-12-21 04:30:00,6306.1924
2019-12-21 05:00:00,6198.741
2019-12-21 05:30:00,6492.2725
2019-12-21 06:00:00,6512.824
2019-12-21 06:30:00,6632.437
2019-12-21 07:00:00,6986.3594
2019-12-21 07:30:00,6950.6875
2019-12-21 08:00:00,7348.389
2019-12-21 08:30:00,7411.625
2019-12-21 09:00:00,7545.283
2019-12-21 09:30:00,7582.929
2019-12-21 10:00:00,7566.6953
2019-12-21 10:30:00,7558.2876
2019-12-21 11:00:00,7577.6304
2019-12-21 11:30:00,7617.4956
2019-12-21 12:00:00,7729.49
2019-12-21 12:30:00,7814.683
2019-12-21 13:00:00,7934.9565
2019-12-21 13:30:00,8084.874
2019-12-21 14:00:00,8207.117
2019-12-21 14:30:00,8317.3
2019-12-21 15:00:00,8435.926
2019-12-21 15:30:00,8601.094
2019-12-21 16:00:00,8888.469
2019-12-21 16:30:00,8870.636
2019-12-21 17:00:00,8800.679
2019-12-21 17:30:00,8689.65
2019-12-21 18:00:00,8681.075
2019-12-21 18:30:00,8589.418
2019-12-21 19:00:00,8435.447
2019-12-21 19:30:00,8337.255
2019-12-21 20:00:00,8257.571
2019-12-21 20:30:00,8099.5635
2019-12-21 21:00:00,7783.8467
2019-12-21 21:30:00,7725.5083
2019-12-21 22:00:00,7557.211
2019-12-21 22:30:00,7534.863
2019-12-21 23:00:00,7317.424
2019-12-21 23:30:00,7206.095
2019-12-22 00:00:00,7144.5093
2019-12-22 00:30:00,6946.3687
2019-12-22 01:00:00,6828.279
2019-12-22 01:30:00,6534.336
2019-12-22 02:00:00,6368.949
2019-12-22 02:30:00,6234.719
2019-12-22 03:00:00,6206.7017
2019-12-22 03:30:00,6170.1895
2019-12-22 04:00:00,6081.4873
2019-12-22 04:30:00,6097.981
2019-12-22 05:00:00,6161.934
2019-12-22 05:30:00,6265.3784
2019-12-22 06:00:00,6369.892
2019-12-22 06:30:00,6501.89
2019-12-22 07:00:00,6575.7275
2019-12-22 07:30:00,6805.6665
2019-12-22 08:00:00,7024.9907
2019-12-22 08:30:00,7270.4272
2019-12-22 09:00:00,7506.894
2019-12-22 09:30:00,7672.019
2019-12-22 10:00:00,7741.7793
2019-12-22 10:30:00,7735.469
2019-12-22 11:00:00,7531.809
2019-12-22 11:30:00,7528.3896
2019-12-22 12:00:00,7705.2383
2019-12-22 12:30:00,8109.199
2019-12-22 13:00:00,8589.727
2019-12-22 13:30:00,9240.201
2019-12-22 14:00:00,9259.699
2019-12-22 14:30:00,9646.357
2019-12-22 15:00:00,9674.326
2019-12-22 15:30:00,9664.381
2019-12-22 16:00:00,9469.063
2019-12-22 16:30:00,9807.805
2019-12-22 17:00:00,9551.163
2019-12-22 17:30:00,9465.023
2019-12-22 18:00:00,9908.902
2019-12-22 18:30:00,9819.433
2019-12-22 19:00:00,9481.374
2019-12-22 19:30:00,9186.386
2019-12-22 20:00:00,8948.919
2019-12-22 20:30:00,8703.272
2019-12-22 21:00:00,8298.438
2019-12-22 21:30:00,8142.236
2019-12-22 22:00:00,7797.3057
2019-12-22 22:30:00,7570.472
2019-12-22 23:00:00,7245.8696
2019-12-22 23:30:00,7001.3813
2019-12-23 00:00:00,7080.183
2019-12-23 00:30:00,6850.013
2019-12-23 01:00:00,6670.603
2019-12-23 01:30:00,6511.787
2019-12-23 02:00:00,6325.298
2019-12-23 02:30:00,6192.7783
2019-12-23 03:00:00,6146.7505
2019-12-23 03:30:00,6107.0513
2019-12-23 04:00:00,6227.7075
2019-12-23 04:30:00,6252.798
2019-12-23 05:00:00,6712.8276
2019-12-23 05:30:00,6823.5957
2019-12-23 06:00:00,7605.4326
2019-12-23 06:30:00,7637.8066
2019-12-23 07:00:00,8179.6284
2019-12-23 07:30:00,8456.095
2019-12-23 08:00:00,8206.491
2019-12-23 08:30:00,8454.338
2019-12-23 09:00:00,8230.229
2019-12-23 09:30:00,8216.7295
2019-12-23 10:00:00,8166.543
2019-12-23 10:30:00,8090.267
2019-12-23 11:00:00,7760.702
2019-12-23 11:30:00,7758.515
2019-12-23 12:00:00,7733.57
2019-12-23 12:30:00,7699.495
2019-12-23 13:00:00,7777.6997
2019-12-23 13:30:00,7816.182
2019-12-23 14:00:00,7868.2144
2019-12-23 14:30:00,8061.089
2019-12-23 15:00:00,8328.815
2019-12-23 15:30:00,8447.117
2019-12-23 16:00:00,8587.813
2019-12-23 16:30:00,8806.394
2019-12-23 17:00:00,8713.61
2019-12-23 17:30:00,8740.769
2019-12-23 18:00:00,8650.504
2019-12-23 18:30:00,8695.954
2019-12-23 19:00:00,8590.425
2019-12-23 19:30:00,8677.109
2019-12-23 20:00:00,8579.727
2019-12-23 20:30:00,8493.042
2019-12-23 21:00:00,8241.485
2019-12-23 21:30:00,8164.0586
2019-12-23 22:00:00,7988.88
2019-12-23 22:30:00,7907.6006
2019-12-23 23:00:00,7700.8975
2019-12-23 23:30:00,7534.4033
2019-12-24 00:00:00,7145.797
2019-12-24 00:30:00,6955.4707
2019-12-24 01:00:00,6620.4917
2019-12-24 01:30:00,6421.7915
2019-12-24 02:00:00,6155.674
2019-12-24 02:30:00,6069.5767
2019-12-24 03:00:00,5909.24
2019-12-24 03:30:00,5957.1987
2019-12-24 04:00:00,5999.337
2019-12-24 04:30:00,6084.43
2019-12-24 05:00:00,6252.5435
2019-12-24 05:30:00,6530.202
2019-12-24 06:00:00,6974.4824
2019-12-24 06:30:00,7153.4937
2019-12-24 07:00:00,7562.3203
2019-12-24 07:30:00,7681.901
2019-12-24 08:00:00,7802.782
2019-12-24 08:30:00,7832.9404
2019-12-24 09:00:00,7807.0176
2019-12-24 09:30:00,7831.072
2019-12-24 10:00:00,7934.6465
2019-12-24 10:30:00,7909.284
2019-12-24 11:00:00,7904.097
2019-12-24 11:30:00,7913.979
2019-12-24 12:00:00,7933.755
2019-12-24 12:30:00,7880.096
2019-12-24 13:00:00,7929.877
2019-12-24 13:30:00,7906.3765
2019-12-24 14:00:00,7971.3745
2019-12-24 14:30:00,7953.6626
2019-12-24 15:00:00,8033.7046
2019-12-24 15:30:00,8118.2075
2019-12-24 16:00:00,8265.75
2019-12-24 16:30:00,8432.271
2019-12-24 17:00:00,8572.735
2019-12-24 17:30:00,8598.236
2019-12-24 18:00:00,8584.061
2019-12-24 18:30:00,8467.3
2019-12-24 19:00:00,8340.017
2019-12-24 19:30:00,8340.017
2019-12-24 20:00:00,8299.018
2019-12-24 20:30:00,8205.976
2019-12-24 21:00:00,8005.5723
2019-12-24 21:30:00,7995.894
2019-12-24 22:00:00,7879.0757
2019-12-24 22:30:00,7837.4136
2019-12-24 23:00:00,7600.805
2019-12-24 23:30:00,7541.8716
2019-12-25 00:00:00,6859.0415
2019-12-25 00:30:00,6689.7383
2019-12-25 01:00:00,6447.079
2019-12-25 01:30:00,6245.0117
2019-12-25 02:00:00,5939.054
2019-12-25 02:30:00,5811.9316
2019-12-25 03:00:00,5626.446
2019-12-25 03:30:00,5626.446
2019-12-25 04:00:00,5667.4287
2019-12-25 04:30:00,5835.091
2019-12-25 05:00:00,5569.376
2019-12-25 05:30:00,5848.8174
2019-12-25 06:00:00,6378.7354
2019-12-25 06:30:00,6291.4463
2019-12-25 07:00:00,6652.083
2019-12-25 07:30:00,6751.7476
2019-12-25 08:00:00,6968.2344
2019-12-25 08:30:00,6976.816
2019-12-25 09:00:00,7111.0464
2019-12-25 09:30:00,7089.5967
2019-12-25 10:00:00,7136.655
2019-12-25 10:30:00,7076.236
2019-12-25 11:00:00,7160.6094
2019-12-25 11:30:00,7142.291
2019-12-25 12:00:00,7119.5483
2019-12-25 12:30:00,7139.129
2019-12-25 13:00:00,7247.336
2019-12-25 13:30:00,7100.669
2019-12-25 14:00:00,7144.954
2019-12-25 14:30:00,7117.5684
2019-12-25 15:00:00,7291.4434
2019-12-25 15:30:00,7159.3374
2019-12-25 16:00:00,7477.196
2019-12-25 16:30:00,7504.6636
2019-12-25 17:00:00,7542.585
2019-12-25 17:30:00,7416.5615
2019-12-25 18:00:00,7423.76
2019-12-25 18:30:00,7365.8438
2019-12-25 19:00:00,7348.1836
2019-12-25 19:30:00,7291.3804
2019-12-25 20:00:00,7202.839
2019-12-25 20:30:00,7232.732
2019-12-25 21:00:00,7130.575
2019-12-25 21:30:00,7142.6074
2019-12-25 22:00:00,7067.475
2019-12-25 22:30:00,7041.3774
2019-12-25 23:00:00,6995.6494
2019-12-25 23:30:00,6788.123
2019-12-26 00:00:00,6637.1343
2019-12-26 00:30:00,6418.954
2019-12-26 01:00:00,6243.812
2019-12-26 01:30:00,5954.6943
2019-12-26 02:00:00,5699.8125
2019-12-26 02:30:00,5622.295
2019-12-26 03:00:00,5513.0884
2019-12-26 03:30:00,5513.0884
2019-12-26 04:00:00,5458.738
2019-12-26 04:30:00,5521.7173
2019-12-26 05:00:00,5494.0376
2019-12-26 05:30:00,5476.1675
2019-12-26 06:00:00,5665.712
2019-12-26 06:30:00,5705.5894
2019-12-26 07:00:00,6166.551
2019-12-26 07:30:00,6052.4536
2019-12-26 08:00:00,6165.854
2019-12-26 08:30:00,6272.2114
2019-12-26 09:00:00,6609.6733
2019-12-26 09:30:00,6781.9707
2019-12-26 10:00:00,6767.0547
2019-12-26 10:30:00,7078.34
2019-12-26 11:00:00,7263.8657
2019-12-26 11:30:00,7214.537
2019-12-26 12:00:00,7048.417
2019-12-26 12:30:00,7009.2017
2019-12-26 13:00:00,7000.306
2019-12-26 13:30:00,7073.8906
2019-12-26 14:00:00,6980.526
2019-12-26 14:30:00,7252.845
2019-12-26 15:00:00,7351.86
2019-12-26 15:30:00,7485.392
2019-12-26 16:00:00,7144.0654
2019-12-26 16:30:00,7289.518
2019-12-26 17:00:00,7502.355
2019-12-26 17:30:00,7515.404
2019-12-26 18:00:00,7490.7954
2019-12-26 18:30:00,7388.1274
2019-12-26 19:00:00,7403.3457
2019-12-26 19:30:00,7444.8374
2019-12-26 20:00:00,7214.1562
2019-12-26 20:30:00,7173.706
2019-12-26 21:00:00,6974.437
2019-12-26 21:30:00,6925.591
2019-12-26 22:00:00,6795.081
2019-12-26 22:30:00,6722.773
2019-12-26 23:00:00,6631.726
2019-12-26 23:30:00,6457.781
2019-12-27 00:00:00,6952.196
2019-12-27 00:30:00,6794.1304
2019-12-27 01:00:00,6551.6074
2019-12-27 01:30:00,6263.669
2019-12-27 02:00:00,6137.695
2019-12-27 02:30:00,6025.0615
2019-12-27 03:00:00,5961.0444
2019-12-27 03:30:00,5903.3657
2019-12-27 04:00:00,5909.14
2019-12-27 04:30:00,5915.798
2019-12-27 05:00:00,6042.383
2019-12-27 05:30:00,6098.8726
2019-12-27 06:00:00,6537.91
2019-12-27 06:30:00,6740.4775
2019-12-27 07:00:00,7134.9614
2019-12-27 07:30:00,7247.7407
2019-12-27 08:00:00,7279.638
2019-12-27 08:30:00,7398.8276
2019-12-27 09:00:00,7516.4575
2019-12-27 09:30:00,7569.8115
2019-12-27 10:00:00,7667.867
2019-12-27 10:30:00,7681.3877
2019-12-27 11:00:00,7555.857
2019-12-27 11:30:00,7707.673
2019-12-27 12:00:00,7839.5674
2019-12-27 12:30:00,7857.7285
2019-12-27 13:00:00,7976.6353
2019-12-27 13:30:00,8122.7183
2019-12-27 14:00:00,8141.7256
2019-12-27 14:30:00,8295.131
2019-12-27 15:00:00,8433.515
2019-12-27 15:30:00,8585.025
2019-12-27 16:00:00,8797.477
2019-12-27 16:30:00,8946.127
2019-12-27 17:00:00,8845.189
2019-12-27 17:30:00,8893.475
2019-12-27 18:00:00,8868.609
2019-12-27 18:30:00,8627.044
2019-12-27 19:00:00,8527.441
2019-12-27 19:30:00,8487.59
2019-12-27 20:00:00,8440.142
2019-12-27 20:30:00,8272.878
2019-12-27 21:00:00,8082.626
2019-12-27 21:30:00,7872.9644
2019-12-27 22:00:00,7711.6504
2019-12-27 22:30:00,7645.605
2019-12-27 23:00:00,7391.763
2019-12-27 23:30:00,7231.651
2019-12-28 00:00:00,7057.998
2019-12-28 00:30:00,6884.885
2019-12-28 01:00:00,6499.6074
2019-12-28 01:30:00,6275.174
2019-12-28 02:00:00,5994.4775
2019-12-28 02:30:00,5962.0244
2019-12-28 03:00:00,5781.364
2019-12-28 03:30:00,5781.364
2019-12-28 04:00:00,5725.809
2019-12-28 04:30:00,5832.106
2019-12-28 05:00:00,5793.4023
2019-12-28 05:30:00,5914.6514
2019-12-28 06:00:00,6008.7095
2019-12-28 06:30:00,6299.7666
2019-12-28 07:00:00,6697.5137
2019-12-28 07:30:00,6749.467
2019-12-28 08:00:00,7235.8765
2019-12-28 08:30:00,7211.73
2019-12-28 09:00:00,7275.8184
2019-12-28 09:30:00,7289.675
2019-12-28 10:00:00,7379.5527
2019-12-28 10:30:00,7409.4414
2019-12-28 11:00:00,7403.062
2019-12-28 11:30:00,7406.0776
2019-12-28 12:00:00,7378.5425
2019-12-28 12:30:00,7378.1484
2019-12-28 13:00:00,7430.549
2019-12-28 13:30:00,7521.425
2019-12-28 14:00:00,7689.1763
2019-12-28 14:30:00,7846.303
2019-12-28 15:00:00,7992.682
2019-12-28 15:30:00,8195.992
2019-12-28 16:00:00,8422.822
2019-12-28 16:30:00,8543.382
2019-12-28 17:00:00,8581.114
2019-12-28 17:30:00,8467.322
2019-12-28 18:00:00,8444.697
2019-12-28 18:30:00,8332.571
2019-12-28 19:00:00,8130.0273
2019-12-28 19:30:00,7963.0176
2019-12-28 20:00:00,7912.516
2019-12-28 20:30:00,7817.28
2019-12-28 21:00:00,7559.324
2019-12-28 21:30:00,7496.5537
2019-12-28 22:00:00,7335.533
2019-12-28 22:30:00,7331.4146
2019-12-28 23:00:00,7121.627
2019-12-28 23:30:00,7059.1406
2019-12-29 00:00:00,6841.9717
2019-12-29 00:30:00,6571.0625
2019-12-29 01:00:00,6432.94
2019-12-29 01:30:00,6195.1294
2019-12-29 02:00:00,6009.2705
2019-12-29 02:30:00,5969.7686
2019-12-29 03:00:00,5914.1655
2019-12-29 03:30:00,5850.8833
2019-12-29 04:00:00,5800.332
2019-12-29 04:30:00,5870.3184
2019-12-29 05:00:00,5820.5625
2019-12-29 05:30:00,5923.555
2019-12-29 06:00:00,5918.432
2019-12-29 06:30:00,6059.7695
2019-12-29 07:00:00,6097.844
2019-12-29 07:30:00,6250.1865
2019-12-29 08:00:00,6574.9683
2019-12-29 08:30:00,6711.836
2019-12-29 09:00:00,6940.152
2019-12-29 09:30:00,6958.7114
2019-12-29 10:00:00,6949.9165
2019-12-29 10:30:00,7102.111
2019-12-29 11:00:00,7413.103
2019-12-29 11:30:00,7619.497
2019-12-29 12:00:00,7873.806
2019-12-29 12:30:00,8121.072
2019-12-29 13:00:00,8241.309
2019-12-29 13:30:00,8353.61
2019-12-29 14:00:00,8644.891
2019-12-29 14:30:00,8883.963
2019-12-29 15:00:00,9178.565
2019-12-29 15:30:00,9429.287
2019-12-29 16:00:00,9563.599
2019-12-29 16:30:00,9626.857
2019-12-29 17:00:00,9344.565
2019-12-29 17:30:00,9732.924
2019-12-29 18:00:00,9540.806
2019-12-29 18:30:00,9288.849
2019-12-29 19:00:00,9096.231
2019-12-29 19:30:00,9035.46
2019-12-29 20:00:00,8903.076
2019-12-29 20:30:00,8654.753
2019-12-29 21:00:00,8405.979
2019-12-29 21:30:00,8248.653
2019-12-29 22:00:00,7761.581
2019-12-29 22:30:00,7603.4707
2019-12-29 23:00:00,7285.6626
2019-12-29 23:30:00,7022.184
2019-12-30 00:00:00,7188.5273
2019-12-30 00:30:00,6946.66
2019-12-30 01:00:00,6737.843
2019-12-30 01:30:00,6502.3857
2019-12-30 02:00:00,6371.1353
2019-12-30 02:30:00,6196.3267
2019-12-30 03:00:00,6233.1245
2019-12-30 03:30:00,6163.9106
2019-12-30 04:00:00,6319.435
2019-12-30 04:30:00,6379.7305
2019-12-30 05:00:00,6817.228
2019-12-30 05:30:00,6886.442
2019-12-30 06:00:00,7447.222
2019-12-30 06:30:00,7630.014
2019-12-30 07:00:00,8051.178
2019-12-30 07:30:00,8216.346
2019-12-30 08:00:00,8066.873
2019-12-30 08:30:00,8309.11
2019-12-30 09:00:00,8401.157
2019-12-30 09:30:00,8588.184
2019-12-30 10:00:00,8550.563
2019-12-30 10:30:00,8758.56
2019-12-30 11:00:00,8828.572
2019-12-30 11:30:00,8974.432
2019-12-30 12:00:00,9099.591
2019-12-30 12:30:00,9400.987
2019-12-30 13:00:00,9684.746
2019-12-30 13:30:00,9786.58
2019-12-30 14:00:00,9820.138
2019-12-30 14:30:00,9890.2
2019-12-30 15:00:00,9925.5205
2019-12-30 15:30:00,9827.051
2019-12-30 16:00:00,9993.722
2019-12-30 16:30:00,9892.774
2019-12-30 17:00:00,9382.925
2019-12-30 17:30:00,9339.024
2019-12-30 18:00:00,9565.984
2019-12-30 18:30:00,9616.123
2019-12-30 19:00:00,9729.014
2019-12-30 19:30:00,9663.639
2019-12-30 20:00:00,9513.847
2019-12-30 20:30:00,9481.633
2019-12-30 21:00:00,9050.485
2019-12-30 21:30:00,8824.295
2019-12-30 22:00:00,8454.646
2019-12-30 22:30:00,8367.152
2019-12-30 23:00:00,8200.392
2019-12-30 23:30:00,7887.057
2019-12-31 00:00:00,7688.027
2019-12-31 00:30:00,7462.4365
2019-12-31 01:00:00,7162.41
2019-12-31 01:30:00,6861.0137
2019-12-31 02:00:00,6673.5435
2019-12-31 02:30:00,6482.0967
2019-12-31 03:00:00,6378.012
2019-12-31 03:30:00,6364.936
2019-12-31 04:00:00,6329.8315
2019-12-31 04:30:00,6427.399
2019-12-31 05:00:00,6567.2393
2019-12-31 05:30:00,6707.0913
2019-12-31 06:00:00,7053.3345
2019-12-31 06:30:00,7321.371
2019-12-31 07:00:00,7646.3
2019-12-31 07:30:00,7733.818
2019-12-31 08:00:00,7936.6235
2019-12-31 08:30:00,8012.701
2019-12-31 09:00:00,8075.622
2019-12-31 09:30:00,8153.1396
2019-12-31 10:00:00,8281.104
2019-12-31 10:30:00,8354.514
2019-12-31 11:00:00,8498.282
2019-12-31 11:30:00,8645.181
2019-12-31 12:00:00,8841.341
2019-12-31 12:30:00,9091.089
2019-12-31 13:00:00,9261.7295
2019-12-31 13:30:00,9177.621
2019-12-31 14:00:00,9342.417
2019-12-31 14:30:00,9838.792
2019-12-31 15:00:00,9925.226
2019-12-31 15:30:00,9874.342
2019-12-31 16:00:00,10014.076
2019-12-31 16:30:00,10103.754
2019-12-31 17:00:00,9724.877
2019-12-31 17:30:00,9844.057
2019-12-31 18:00:00,9974.706
2019-12-31 18:30:00,9913.22
2019-12-31 19:00:00,9699.245
2019-12-31 19:30:00,9710.351
2019-12-31 20:00:00,9437.696
2019-12-31 20:30:00,9303.878
2019-12-31 21:00:00,9046.451
2019-12-31 21:30:00,8834.019
2019-12-31 22:00:00,8456.645
2019-12-31 22:30:00,8344.928
2019-12-31 23:00:00,8045.454
2019-12-31 23:30:00,7802.451
